#---------- Tue Nov 29 16:11:12 PST 2022 ----------
#Format: Task Counter Number,Did Simulation Succeed,Last Step Size Used,Number of Simulations Attempted
2,true,0.01,1
5,true,0.01,1
8,true,0.01,1
11,true,0.01,1
15,true,0.01,1
21,true,0.01,1
26,true,0.01,1
33,true,0.01,1
40,true,0.01,1
46,true,0.01,1
56,true,0.01,1
68,true,0.01,1
74,true,0.01,1
85,true,0.01,1
93,true,0.01,1
100,true,0.01,1
110,true,0.01,1
117,true,0.01,1
122,true,0.01,1
130,true,0.01,1
139,true,0.01,1
147,true,0.01,1
155,true,0.01,1
166,true,0.01,1
176,true,0.01,1
186,true,0.01,1
195,true,0.01,1
204,true,0.01,1
213,true,0.01,1
225,true,0.01,1
232,true,0.01,1
245,true,0.01,1
255,true,0.01,1
263,true,0.01,1
275,true,0.01,1
282,true,0.01,1
292,true,0.01,1
301,true,0.01,1
309,true,0.01,1
318,true,0.01,1
326,true,0.01,1
336,true,0.01,1
348,false,0.01,1
358,true,0.01,1
369,true,0.01,1
376,true,0.01,1
387,true,0.01,1
394,true,0.01,1
408,true,0.01,1
416,true,0.01,1
426,true,0.01,1
441,true,0.01,1
449,true,0.01,1
459,true,0.01,1
464,true,0.01,1
475,true,0.01,1
487,true,0.01,1
497,true,0.01,1
510,true,0.01,1
519,true,0.01,1
528,true,0.01,1
537,true,0.01,1
549,true,0.01,1
559,true,0.01,1
569,true,0.01,1
579,true,0.01,1
589,true,0.01,1
599,true,0.01,1
609,false,0.01,1
619,true,0.01,1
629,true,0.01,1
638,true,0.01,1
649,false,0.01,1
660,false,0.01,1
673,false,0.01,1
681,false,0.01,1
687,true,0.01,1
699,false,0.01,1
707,true,0.01,1
717,false,0.01,1
727,false,0.01,1
737,true,0.01,1
747,true,0.01,1
757,true,0.01,1
768,true,0.01,1
776,true,0.01,1
788,true,0.01,1
797,true,0.01,1
806,true,0.01,1
816,false,0.01,1
827,true,0.01,1
840,true,0.01,1
842,true,0.01,1
851,true,0.01,1
861,true,0.01,1
871,true,0.01,1
881,true,0.01,1
891,true,0.01,1
901,true,0.01,1
911,true,0.01,1
921,true,0.01,1
931,true,0.01,1
941,true,0.01,1
952,true,0.01,1
966,true,0.01,1
974,true,0.01,1
983,true,0.01,1
992,true,0.01,1
1002,true,0.01,1
1014,true,0.01,1
1024,true,0.01,1
1034,true,0.01,1
1043,true,0.01,1
1052,true,0.01,1
1061,false,0.01,1
1070,false,0.01,1
1079,false,0.01,1
1093,true,0.01,1
1102,true,0.01,1
1111,true,0.01,1
1119,true,0.01,1
1127,true,0.01,1
1140,false,0.01,1
1145,true,0.01,1
1157,true,0.01,1
1170,true,0.01,1
1178,false,0.01,1
1189,true,0.01,1
1193,true,0.01,1
1202,true,0.01,1
1211,true,0.01,1
1219,true,0.01,1
1228,true,0.01,1
1237,true,0.01,1
1246,true,0.01,1
1255,true,0.01,1
1263,true,0.01,1
1269,true,0.01,1
1276,true,0.01,1
1289,true,0.01,1
1300,false,0.01,1
1306,true,0.01,1
1316,true,0.01,1
1323,true,0.01,1
1333,true,0.01,1
1342,true,0.01,1
1351,true,0.01,1
1357,false,0.01,1
1365,false,0.01,1
1375,false,0.01,1
1384,false,0.01,1
1393,false,0.01,1
1402,false,0.01,1
1410,false,0.01,1
1416,false,0.01,1
1429,false,0.01,1
1438,false,0.01,1
1448,false,0.01,1
1459,false,0.01,1
1466,false,0.01,1
1475,false,0.01,1
1484,false,0.01,1
1493,false,0.01,1
1501,false,0.01,1
1511,false,0.01,1
1517,false,0.01,1
1528,false,0.01,1
1538,false,0.01,1
1540,false,0.01,1
1553,false,0.01,1
1560,false,0.01,1
1573,false,0.01,1
1582,false,0.01,1
1591,false,0.01,1
1599,false,0.01,1
1604,true,0.01,1
1613,false,0.01,1
1627,false,0.01,1
1634,false,0.01,1
1640,true,0.01,1
1648,true,0.01,1
1657,true,0.01,1
1665,true,0.01,1
1674,true,0.01,1
1682,false,0.01,1
1690,false,0.01,1
1698,false,0.01,1
1707,false,0.01,1
1716,false,0.01,1
1725,false,0.01,1
1734,false,0.01,1
1743,false,0.01,1
1747,false,0.01,1
1762,false,0.01,1
1766,false,0.01,1
1781,false,0.01,1
1788,false,0.01,1
1796,false,0.01,1
1806,false,0.01,1
1812,false,0.01,1
1823,false,0.01,1
1827,true,0.01,1
1838,false,0.01,1
1853,false,0.01,1
1861,false,0.01,1
1866,false,0.01,1
1871,false,0.01,1
1879,false,0.01,1
1887,false,0.01,1
1895,false,0.01,1
1903,false,0.01,1
1911,false,0.01,1
1919,true,0.01,1
1927,true,0.01,1
1935,true,0.01,1
1943,false,0.01,1
1951,false,0.01,1
1959,false,0.01,1
1967,false,0.01,1
1975,false,0.01,1
1979,false,0.01,1
1987,false,0.01,1
1994,false,0.01,1
2003,false,0.01,1
2010,false,0.01,1
2016,true,0.01,1
2023,false,0.01,1
2030,false,0.01,1
2037,false,0.01,1
2044,false,0.01,1
2051,false,0.01,1
2058,false,0.01,1
2065,false,0.01,1
2072,false,0.01,1
2081,false,0.01,1
2089,false,0.01,1
2098,true,0.01,1
2105,false,0.01,1
2112,false,0.01,1
2118,false,0.01,1
2124,true,0.01,1
2131,false,0.01,1
2138,false,0.01,1
2144,false,0.01,1
2150,false,0.01,1
2157,false,0.01,1
2165,false,0.01,1
2172,false,0.01,1
2178,true,0.01,1
2185,false,0.01,1
2192,true,0.01,1
2200,true,0.01,1
2206,true,0.01,1
2212,true,0.01,1
2219,true,0.01,1
2227,true,0.01,1
2233,true,0.01,1
2239,true,0.01,1
2246,true,0.01,1
2254,true,0.01,1
2260,true,0.01,1
2267,true,0.01,1
2274,true,0.01,1
2281,true,0.01,1
2288,true,0.01,1
2295,true,0.01,1
2302,true,0.01,1
2309,true,0.01,1
2316,true,0.01,1
2321,true,0.01,1
2328,true,0.01,1
2335,true,0.01,1
2343,true,0.01,1
2348,true,0.01,1
2355,false,0.01,1
2362,true,0.01,1
2369,true,0.01,1
2376,true,0.01,1
2383,true,0.01,1
2390,true,0.01,1
2397,true,0.01,1
2403,true,0.01,1
2407,true,0.01,1
2414,true,0.01,1
2421,true,0.01,1
2428,true,0.01,1
2435,true,0.01,1
2442,true,0.01,1
2448,true,0.01,1
2456,true,0.01,1
2463,true,0.01,1
2470,true,0.01,1
2475,true,0.01,1
2484,true,0.01,1
2492,true,0.01,1
2499,true,0.01,1
2503,true,0.01,1
2510,true,0.01,1
2516,true,0.01,1
2524,true,0.01,1
2531,true,0.01,1
2540,true,0.01,1
2547,true,0.01,1
2553,false,0.01,1
2561,true,0.01,1
2568,true,0.01,1
2572,true,0.01,1
2579,true,0.01,1
2586,true,0.01,1
2592,false,0.01,1
2599,false,0.01,1
2606,false,0.01,1
2614,true,0.01,1
2623,true,0.01,1
2630,true,0.01,1
2635,false,0.01,1
2642,true,0.01,1
2650,true,0.01,1
2657,true,0.01,1
2664,true,0.01,1
2671,true,0.01,1
2678,true,0.01,1
2685,true,0.01,1
2690,true,0.01,1
2698,true,0.01,1
2705,true,0.01,1
2712,true,0.01,1
2718,true,0.01,1
2725,true,0.01,1
2733,true,0.01,1
2739,true,0.01,1
2746,true,0.01,1
2753,true,0.01,1
2760,false,0.01,1
2766,true,0.01,1
2772,true,0.01,1
2779,false,0.01,1
2786,true,0.01,1
2793,true,0.01,1
2800,true,0.01,1
2809,true,0.01,1
2817,true,0.01,1
2824,true,0.01,1
2831,true,0.01,1
2838,false,0.01,1
#---------- Tue Nov 29 18:56:37 PST 2022 ----------
#Format: Task Counter Number,Did Simulation Succeed,Last Step Size Used,Number of Simulations Attempted
4479,true,0.01,1
4488,true,0.01,1
4497,true,0.01,1
4507,true,0.01,1
4517,true,0.01,1
4526,true,0.01,1
4536,true,0.01,1
4546,true,0.01,1
4557,true,0.01,1
4567,true,0.01,1
4577,true,0.01,1
4586,true,0.01,1
4596,true,0.01,1
4607,true,0.01,1
4617,false,0.01,1
4627,true,0.01,1
4638,true,0.01,1
4648,true,0.01,1
4659,true,0.01,1
4668,true,0.01,1
4676,true,0.01,1
4683,true,0.01,1
4694,true,0.01,1
4703,false,0.01,1
4713,true,0.01,1
4723,true,0.01,1
4733,true,0.01,1
4744,true,0.01,1
4753,true,0.01,1
4763,true,0.01,1
4773,true,0.01,1
4783,true,0.01,1
4793,true,0.01,1
4804,true,0.01,1
4814,true,0.01,1
4824,true,0.01,1
4834,true,0.01,1
4844,true,0.01,1
4854,true,0.01,1
4864,true,0.01,1
4874,true,0.01,1
4886,true,0.01,1
4898,true,0.01,1
4908,true,0.01,1
4917,true,0.01,1
4928,true,0.01,1
4939,true,0.01,1
4949,false,0.01,1
4959,true,0.01,1
4969,true,0.01,1
4979,true,0.01,1
4989,true,0.01,1
4999,true,0.01,1
5008,true,0.01,1
5017,true,0.01,1
5027,false,0.01,1
5040,false,0.01,1
5050,true,0.01,1
5058,true,0.01,1
5066,false,0.01,1
5074,false,0.01,1
5082,false,0.01,1
5090,true,0.01,1
5098,true,0.01,1
5106,true,0.01,1
5114,false,0.01,1
5121,true,0.01,1
5130,true,0.01,1
5139,true,0.01,1
5148,true,0.01,1
5157,true,0.01,1
5167,false,0.01,1
5175,true,0.01,1
5185,true,0.01,1
5193,true,0.01,1
5202,true,0.01,1
5210,true,0.01,1
5218,true,0.01,1
5226,true,0.01,1
5233,true,0.01,1
5241,true,0.01,1
5246,true,0.01,1
5254,true,0.01,1
5262,true,0.01,1
5270,false,0.01,1
5278,true,0.01,1
5286,true,0.01,1
5293,true,0.01,1
5301,true,0.01,1
5309,true,0.01,1
5317,true,0.01,1
5325,true,0.01,1
5333,true,0.01,1
5341,true,0.01,1
5349,true,0.01,1
5356,false,0.01,1
5362,true,0.01,1
5369,true,0.01,1
5380,true,0.01,1
5389,true,0.01,1
5397,true,0.01,1
5403,true,0.01,1
5411,false,0.01,1
5418,true,0.01,1
5428,true,0.01,1
5438,true,0.01,1
5448,true,0.01,1
5454,true,0.01,1
5463,true,0.01,1
5471,true,0.01,1
5479,true,0.01,1
5487,true,0.01,1
5495,true,0.01,1
5503,true,0.01,1
5509,true,0.01,1
5517,true,0.01,1
5525,false,0.01,1
5533,false,0.01,1
5541,false,0.01,1
5549,true,0.01,1
5557,true,0.01,1
5564,true,0.01,1
5573,true,0.01,1
5584,true,0.01,1
5592,true,0.01,1
5599,false,0.01,1
5606,true,0.01,1
5614,true,0.01,1
5622,true,0.01,1
5630,true,0.01,1
5639,true,0.01,1
5648,true,0.01,1
5656,true,0.01,1
5664,true,0.01,1
5671,true,0.01,1
5680,true,0.01,1
5692,true,0.01,1
5699,true,0.01,1
5708,true,0.01,1
5718,true,0.01,1
5724,true,0.01,1
5733,true,0.01,1
5743,true,0.01,1
5753,true,0.01,1
5762,true,0.01,1
5773,true,0.01,1
5781,true,0.01,1
5789,true,0.01,1
5798,true,0.01,1
5805,true,0.01,1
5815,true,0.01,1
5824,true,0.01,1
5834,false,0.01,1
5842,true,0.01,1
5852,false,0.01,1
5863,true,0.01,1
5869,false,0.01,1
5877,false,0.01,1
5885,false,0.01,1
5894,false,0.01,1
5900,true,0.01,1
5909,true,0.01,1
5917,false,0.01,1
5925,true,0.01,1
5932,true,0.01,1
5942,true,0.01,1
5952,true,0.01,1
5957,false,0.01,1
5965,true,0.01,1
5973,true,0.01,1
5981,true,0.01,1
5986,true,0.01,1
5999,false,0.01,1
6005,false,0.01,1
6016,true,0.01,1
6022,true,0.01,1
6031,true,0.01,1
6040,true,0.01,1
6048,true,0.01,1
6054,true,0.01,1
6063,false,0.01,1
6073,true,0.01,1
6082,false,0.01,1
6090,false,0.01,1
6101,false,0.01,1
6106,true,0.01,1
6112,true,0.01,1
6123,true,0.01,1
6130,true,0.01,1
6144,false,0.01,1
6148,false,0.01,1
6156,true,0.01,1
6165,true,0.01,1
6174,true,0.01,1
6185,true,0.01,1
6193,true,0.01,1
6203,true,0.01,1
6215,true,0.01,1
6222,true,0.01,1
6229,true,0.01,1
6241,false,0.01,1
6247,true,0.01,1
6258,true,0.01,1
6265,true,0.01,1
6273,true,0.01,1
6281,false,0.01,1
6288,false,0.01,1
6293,true,0.01,1
6302,true,0.01,1
6311,true,0.01,1
6321,true,0.01,1
6328,true,0.01,1
6337,true,0.01,1
6350,false,0.01,1
6356,true,0.01,1
6368,false,0.01,1
6373,true,0.01,1
6386,false,0.01,1
6393,true,0.01,1
6398,false,0.01,1
6406,false,0.01,1
6414,false,0.01,1
6422,false,0.01,1
6426,true,0.01,1
6436,true,0.01,1
6445,true,0.01,1
6455,true,0.01,1
6463,true,0.01,1
6471,true,0.01,1
6479,false,0.01,1
6487,false,0.01,1
6495,false,0.01,1
6502,false,0.01,1
6507,true,0.01,1
6516,true,0.01,1
6524,false,0.01,1
6532,false,0.01,1
6540,false,0.01,1
6548,false,0.01,1
6556,false,0.01,1
6563,true,0.01,1
6574,true,0.01,1
6581,true,0.01,1
6591,true,0.01,1
6596,true,0.01,1
6604,true,0.01,1
6612,true,0.01,1
6620,true,0.01,1
6627,true,0.01,1
6633,true,0.01,1
6642,true,0.01,1
6650,true,0.01,1
6658,true,0.01,1
6666,true,0.01,1
6674,true,0.01,1
6682,true,0.01,1
6691,true,0.01,1
6699,true,0.01,1
6707,true,0.01,1
6718,true,0.01,1
6726,true,0.01,1
6733,true,0.01,1
6742,true,0.01,1
6749,true,0.01,1
6757,true,0.01,1
6767,true,0.01,1
6775,true,0.01,1
6786,true,0.01,1
6788,true,0.01,1
6796,true,0.01,1
6804,true,0.01,1
6812,true,0.01,1
6820,true,0.01,1
6828,true,0.01,1
6836,true,0.01,1
6844,true,0.01,1
6851,true,0.01,1
6861,true,0.01,1
6868,true,0.01,1
6877,true,0.01,1
6885,true,0.01,1
6893,true,0.01,1
6901,true,0.01,1
6909,true,0.01,1
6918,true,0.01,1
6928,true,0.01,1
6938,true,0.01,1
6947,true,0.01,1
6954,true,0.01,1
6963,true,0.01,1
6971,true,0.01,1
6979,true,0.01,1
6987,true,0.01,1
6995,true,0.01,1
7003,true,0.01,1
7011,true,0.01,1
7020,true,0.01,1
7027,true,0.01,1
7036,true,0.01,1
7046,true,0.01,1
7053,true,0.01,1
7060,true,0.01,1
7067,false,0.01,1
7078,true,0.01,1
7084,true,0.01,1
7093,true,0.01,1
7100,true,0.01,1
7108,true,0.01,1
7116,true,0.01,1
7123,true,0.01,1
7130,true,0.01,1
7138,true,0.01,1
7146,true,0.01,1
7154,true,0.01,1
7163,true,0.01,1
7173,true,0.01,1
7178,true,0.01,1
7188,true,0.01,1
7197,true,0.01,1
7205,true,0.01,1
7213,true,0.01,1
7221,true,0.01,1
7228,false,0.01,1
7239,true,0.01,1
7244,false,0.01,1
7254,true,0.01,1
7264,true,0.01,1
7271,true,0.01,1
7281,true,0.01,1
7287,true,0.01,1
7295,true,0.01,1
7303,true,0.01,1
7311,true,0.01,1
7319,true,0.01,1
7327,true,0.01,1
7338,true,0.01,1
7343,true,0.01,1
7351,true,0.01,1
7358,true,0.01,1
7366,true,0.01,1
7372,true,0.01,1
7383,true,0.01,1
7391,true,0.01,1
7397,true,0.01,1
7409,true,0.01,1
7415,true,0.01,1
7425,true,0.01,1
7430,true,0.01,1
7438,true,0.01,1
7446,true,0.01,1
7453,true,0.01,1
7461,true,0.01,1
7470,true,0.01,1
7478,true,0.01,1
7487,true,0.01,1
7494,true,0.01,1
7502,true,0.01,1
7514,true,0.01,1
7523,true,0.01,1
7534,true,0.01,1
7540,true,0.01,1
7548,true,0.01,1
7558,true,0.01,1
7565,true,0.01,1
7573,true,0.01,1
7580,true,0.01,1
7588,true,0.01,1
7598,true,0.01,1
7607,true,0.01,1
7616,true,0.01,1
7624,true,0.01,1
7631,false,0.01,1
7641,true,0.01,1
7646,true,0.01,1
7654,true,0.01,1
7662,true,0.01,1
7670,true,0.01,1
7678,true,0.01,1
7686,true,0.01,1
7693,true,0.01,1
7702,false,0.01,1
7709,true,0.01,1
7718,true,0.01,1
7726,true,0.01,1
7734,true,0.01,1
7742,true,0.01,1
7749,true,0.01,1
7752,true,0.01,1
7761,true,0.01,1
7768,true,0.01,1
7776,true,0.01,1
7785,true,0.01,1
7790,true,0.01,1
7800,true,0.01,1
7809,true,0.01,1
7819,true,0.01,1
7826,true,0.01,1
7834,true,0.01,1
7842,true,0.01,1
7850,true,0.01,1
7859,true,0.01,1
7867,true,0.01,1
7875,true,0.01,1
7883,false,0.01,1
7896,true,0.01,1
7904,true,0.01,1
7911,true,0.01,1
7916,true,0.01,1
7924,true,0.01,1
7932,true,0.01,1
7939,true,0.01,1
7947,true,0.01,1
7955,false,0.01,1
7963,false,0.01,1
7971,false,0.01,1
7979,true,0.01,1
7987,true,0.01,1
7996,true,0.01,1
8004,true,0.01,1
8011,true,0.01,1
8017,false,0.01,1
8026,false,0.01,1
8034,false,0.01,1
8042,false,0.01,1
8050,false,0.01,1
8056,false,0.01,1
8067,false,0.01,1
8073,true,0.01,1
8081,false,0.01,1
8089,false,0.01,1
8097,false,0.01,1
8105,false,0.01,1
8113,false,0.01,1
8121,false,0.01,1
8132,false,0.01,1
8139,false,0.01,1
8149,true,0.01,1
8155,true,0.01,1
8163,true,0.01,1
8171,false,0.01,1
8179,false,0.01,1
8187,false,0.01,1
8195,false,0.01,1
8204,true,0.01,1
8213,true,0.01,1
8219,true,0.01,1
8227,true,0.01,1
8235,true,0.01,1
8242,false,0.01,1
8250,false,0.01,1
8258,true,0.01,1
8266,false,0.01,1
8274,false,0.01,1
8281,false,0.01,1
8290,false,0.01,1
8299,false,0.01,1
8307,true,0.01,1
8315,false,0.01,1
8323,false,0.01,1
8331,false,0.01,1
8340,false,0.01,1
8347,false,0.01,1
8355,false,0.01,1
8365,false,0.01,1
8374,false,0.01,1
8381,false,0.01,1
8392,false,0.01,1
8400,false,0.01,1
8408,true,0.01,1
8416,true,0.01,1
8424,true,0.01,1
8432,false,0.01,1
8439,false,0.01,1
8446,false,0.01,1
8453,false,0.01,1
8460,true,0.01,1
8467,false,0.01,1
8474,false,0.01,1
8481,false,0.01,1
8488,true,0.01,1
8495,false,0.01,1
8502,false,0.01,1
8509,false,0.01,1
8516,false,0.01,1
8524,false,0.01,1
8530,false,0.01,1
8537,false,0.01,1
8545,false,0.01,1
8552,false,0.01,1
8559,true,0.01,1
8566,false,0.01,1
8573,false,0.01,1
8580,false,0.01,1
8587,false,0.01,1
8593,false,0.01,1
8600,false,0.01,1
8608,false,0.01,1
8615,false,0.01,1
8621,false,0.01,1
8628,false,0.01,1
8635,false,0.01,1
8642,false,0.01,1
8650,false,0.01,1
8659,true,0.01,1
8666,false,0.01,1
8673,false,0.01,1
8680,false,0.01,1
8683,false,0.01,1
8691,false,0.01,1
8698,false,0.01,1
8705,false,0.01,1
8712,true,0.01,1
8719,false,0.01,1
8726,false,0.01,1
8733,false,0.01,1
8739,true,0.01,1
8746,false,0.01,1
8753,true,0.01,1
8761,true,0.01,1
8768,false,0.01,1
8775,false,0.01,1
8782,true,0.01,1
8789,true,0.01,1
8796,true,0.01,1
8804,true,0.01,1
8811,true,0.01,1
8819,true,0.01,1
8826,true,0.01,1
8833,true,0.01,1
8840,true,0.01,1
8847,true,0.01,1
8854,true,0.01,1
8861,true,0.01,1
8868,true,0.01,1
8874,true,0.01,1
8881,true,0.01,1
8888,true,0.01,1
8895,true,0.01,1
8900,true,0.01,1
8907,true,0.01,1
8914,true,0.01,1
8921,true,0.01,1
8927,true,0.01,1
8934,true,0.01,1
8941,true,0.01,1
8947,true,0.01,1
8956,true,0.01,1
8963,true,0.01,1
8972,true,0.01,1
8980,true,0.01,1
8987,true,0.01,1
8992,true,0.01,1
8998,true,0.01,1
9006,true,0.01,1
9013,true,0.01,1
9017,true,0.01,1
9024,true,0.01,1
9031,true,0.01,1
9038,true,0.01,1
9045,true,0.01,1
9054,true,0.01,1
9063,true,0.01,1
9070,true,0.01,1
9077,true,0.01,1
9084,true,0.01,1
9091,true,0.01,1
9098,true,0.01,1
9105,true,0.01,1
9112,true,0.01,1
9119,true,0.01,1
9126,true,0.01,1
9133,true,0.01,1
9140,true,0.01,1
9147,true,0.01,1
9154,false,0.01,1
9161,false,0.01,1
9168,false,0.01,1
9175,true,0.01,1
9182,true,0.01,1
9188,false,0.01,1
9196,false,0.01,1
9203,true,0.01,1
9211,true,0.01,1
9218,true,0.01,1
9225,true,0.01,1
9232,true,0.01,1
9239,true,0.01,1
9246,true,0.01,1
9254,true,0.01,1
9260,true,0.01,1
9267,true,0.01,1
9274,true,0.01,1
9284,true,0.01,1
9289,true,0.01,1
9295,true,0.01,1
9302,true,0.01,1
9310,true,0.01,1
9317,true,0.01,1
9325,true,0.01,1
9332,false,0.01,1
9339,true,0.01,1
9346,true,0.01,1
9354,true,0.01,1
9360,true,0.01,1
9367,true,0.01,1
9374,true,0.01,1
9381,true,0.01,1
9386,true,0.01,1
9393,true,0.01,1
9400,false,0.01,1
9408,true,0.01,1
9413,false,0.01,1
9420,false,0.01,1
9428,true,0.01,1
9438,false,0.01,1
9444,true,0.01,1
9453,true,0.01,1
9463,true,0.01,1
9474,false,0.01,1
9482,true,0.01,1
9491,true,0.01,1
9500,true,0.01,1
9514,true,0.01,1
9526,true,0.01,1
9536,true,0.01,1
9546,true,0.01,1
9553,true,0.01,1
9565,true,0.01,1
9575,true,0.01,1
9585,true,0.01,1
9595,true,0.01,1
9605,true,0.01,1
9615,true,0.01,1
9623,true,0.01,1
9636,true,0.01,1
9646,false,0.01,1
9656,true,0.01,1
9665,true,0.01,1
9675,true,0.01,1
9684,true,0.01,1
9691,true,0.01,1
9705,true,0.01,1
9717,true,0.01,1
9727,false,0.01,1
9737,true,0.01,1
9747,true,0.01,1
9757,true,0.01,1
9768,true,0.01,1
9776,true,0.01,1
9792,true,0.01,1
9802,true,0.01,1
9812,true,0.01,1
9827,false,0.01,1
9838,true,0.01,1
9847,true,0.01,1
9858,true,0.01,1
9867,true,0.01,1
9874,true,0.01,1
9886,false,0.01,1
9898,false,0.01,1
9907,false,0.01,1
9913,true,0.01,1
9929,true,0.01,1
9938,true,0.01,1
9945,true,0.01,1
9953,true,0.01,1
9966,true,0.01,1
9973,true,0.01,1
9986,true,0.01,1
9997,true,0.01,1
10005,true,0.01,1
10015,true,0.01,1
10026,true,0.01,1
10036,true,0.01,1
10052,false,0.01,1
10061,false,0.01,1
10069,false,0.01,1
10077,false,0.01,1
10087,false,0.01,1
10096,false,0.01,1
10107,true,0.01,1
10117,true,0.01,1
10130,false,0.01,1
10139,false,0.01,1
10151,false,0.01,1
10156,false,0.01,1
10169,false,0.01,1
10177,false,0.01,1
10185,false,0.01,1
10195,false,0.01,1
10207,false,0.01,1
10218,false,0.01,1
10227,false,0.01,1
10234,true,0.01,1
10248,false,0.01,1
10254,false,0.01,1
10269,true,0.01,1
10279,true,0.01,1
10290,false,0.01,1
10305,true,0.01,1
10315,true,0.01,1
10326,true,0.01,1
10334,true,0.01,1
10345,false,0.01,1
10355,true,0.01,1
10367,false,0.01,1
10376,false,0.01,1
10383,false,0.01,1
10389,true,0.01,1
10403,false,0.01,1
10412,false,0.01,1
10421,false,0.01,1
10435,true,0.01,1
10445,true,0.01,1
10454,false,0.01,1
10457,false,0.01,1
10467,true,0.01,1
10483,false,0.01,1
10488,false,0.01,1
10498,false,0.01,1
10509,false,0.01,1
10517,false,0.01,1
10528,false,0.01,1
10538,false,0.01,1
10548,true,0.01,1
10558,true,0.01,1
10567,true,0.01,1
10576,true,0.01,1
10585,true,0.01,1
10594,true,0.01,1
10603,true,0.01,1
10612,true,0.01,1
10628,false,0.01,1
10635,false,0.01,1
10639,true,0.01,1
10647,true,0.01,1
10656,true,0.01,1
10666,true,0.01,1
10674,true,0.01,1
10682,false,0.01,1
10690,false,0.01,1
10698,false,0.01,1
10706,false,0.01,1
10711,false,0.01,1
10723,false,0.01,1
10732,false,0.01,1
10736,false,0.01,1
10744,false,0.01,1
10752,false,0.01,1
10760,false,0.01,1
10768,false,0.01,1
10776,false,0.01,1
10784,false,0.01,1
10791,true,0.01,1
10799,false,0.01,1
10807,false,0.01,1
10815,false,0.01,1
10823,false,0.01,1
10830,false,0.01,1
10838,true,0.01,1
10848,false,0.01,1
10853,false,0.01,1
10861,false,0.01,1
10869,false,0.01,1
10876,false,0.01,1
10883,false,0.01,1
10891,true,0.01,1
10899,true,0.01,1
10907,false,0.01,1
10915,false,0.01,1
10923,false,0.01,1
10931,false,0.01,1
10939,true,0.01,1
10946,true,0.01,1
10954,false,0.01,1
10965,true,0.01,1
10972,true,0.01,1
10981,false,0.01,1
10990,false,0.01,1
10997,true,0.01,1
11005,true,0.01,1
11014,true,0.01,1
11025,true,0.01,1
11032,true,0.01,1
11041,true,0.01,1
11049,true,0.01,1
11057,true,0.01,1
11065,true,0.01,1
11073,true,0.01,1
11082,true,0.01,1
11088,true,0.01,1
11096,true,0.01,1
11104,true,0.01,1
11112,true,0.01,1
11120,true,0.01,1
11128,true,0.01,1
11136,true,0.01,1
11144,true,0.01,1
11155,true,0.01,1
11164,true,0.01,1
11176,true,0.01,1
11187,true,0.01,1
11199,true,0.01,1
11209,true,0.01,1
11218,true,0.01,1
11230,true,0.01,1
11242,true,0.01,1
11253,true,0.01,1
11263,true,0.01,1
11273,true,0.01,1
11285,true,0.01,1
11295,true,0.01,1
11306,true,0.01,1
11316,true,0.01,1
11326,true,0.01,1
11337,true,0.01,1
11346,true,0.01,1
11356,true,0.01,1
11366,true,0.01,1
11375,true,0.01,1
11385,true,0.01,1
11396,true,0.01,1
11406,true,0.01,1
11416,true,0.01,1
11426,true,0.01,1
11436,true,0.01,1
11446,true,0.01,1
11457,true,0.01,1
11468,false,0.01,1
11478,true,0.01,1
11488,true,0.01,1
11498,true,0.01,1
11508,true,0.01,1
11518,true,0.01,1
11528,true,0.01,1
11538,true,0.01,1
11548,true,0.01,1
11558,true,0.01,1
11568,true,0.01,1
11579,true,0.01,1
11589,false,0.01,1
11598,false,0.01,1
11605,true,0.01,1
11615,true,0.01,1
11626,true,0.01,1
11635,true,0.01,1
11644,true,0.01,1
11653,true,0.01,1
11661,true,0.01,1
11664,false,0.01,1
11675,false,0.01,1
11682,true,0.01,1
11693,false,0.01,1
11700,true,0.01,1
11711,false,0.01,1
11718,true,0.01,1
11726,true,0.01,1
11734,true,0.01,1
11740,true,0.01,1
11751,true,0.01,1
11760,true,0.01,1
11767,true,0.01,1
11776,true,0.01,1
11787,true,0.01,1
11792,true,0.01,1
11807,true,0.01,1
11815,true,0.01,1
11824,true,0.01,1
11831,false,0.01,1
11840,true,0.01,1
11850,true,0.01,1
11860,true,0.01,1
11868,true,0.01,1
11874,true,0.01,1
11884,true,0.01,1
11891,true,0.01,1
11904,true,0.01,1
11912,false,0.01,1
11922,true,0.01,1
11930,true,0.01,1
11942,true,0.01,1
11951,true,0.01,1
11960,true,0.01,1
11970,true,0.01,1
11981,false,0.01,1
11990,true,0.01,1
12004,true,0.01,1
12009,true,0.01,1
12018,true,0.01,1
12024,true,0.01,1
12035,true,0.01,1
12049,true,0.01,1
12056,true,0.01,1
12063,true,0.01,1
12069,true,0.01,1
12078,true,0.01,1
12087,true,0.01,1
12096,true,0.01,1
12105,true,0.01,1
12118,true,0.01,1
12124,true,0.01,1
12138,true,0.01,1
12147,true,0.01,1
12153,true,0.01,1
12163,true,0.01,1
12174,true,0.01,1
12180,true,0.01,1
12192,true,0.01,1
12198,true,0.01,1
12208,true,0.01,1
12220,true,0.01,1
12225,true,0.01,1
12238,false,0.01,1
12243,true,0.01,1
12255,true,0.01,1
12262,true,0.01,1
12269,true,0.01,1
12282,true,0.01,1
12290,true,0.01,1
12296,true,0.01,1
12309,true,0.01,1
12316,true,0.01,1
12329,false,0.01,1
12336,false,0.01,1
12339,true,0.01,1
12350,true,0.01,1
12358,true,0.01,1
12368,true,0.01,1
12376,true,0.01,1
12385,true,0.01,1
12393,false,0.01,1
12399,false,0.01,1
12408,true,0.01,1
12415,true,0.01,1
12423,true,0.01,1
12429,false,0.01,1
12437,false,0.01,1
12444,true,0.01,1
12448,false,0.01,1
12454,true,0.01,1
12460,true,0.01,1
12467,false,0.01,1
12475,true,0.01,1
12485,false,0.01,1
12494,true,0.01,1
12501,true,0.01,1
12508,true,0.01,1
12516,true,0.01,1
12523,true,0.01,1
12530,true,0.01,1
12538,true,0.01,1
12548,true,0.01,1
12558,true,0.01,1
12564,true,0.01,1
12571,true,0.01,1
12578,true,0.01,1
12585,true,0.01,1
12592,true,0.01,1
12599,true,0.01,1
12606,true,0.01,1
12613,true,0.01,1
12620,true,0.01,1
12628,true,0.01,1
12636,false,0.01,1
12641,false,0.01,1
12648,true,0.01,1
12655,false,0.01,1
12662,false,0.01,1
12669,false,0.01,1
12675,true,0.01,1
12681,false,0.01,1
12689,false,0.01,1
12694,true,0.01,1
12699,false,0.01,1
12706,false,0.01,1
12713,true,0.01,1
12719,false,0.01,1
12724,false,0.01,1
12732,false,0.01,1
12738,true,0.01,1
12745,true,0.01,1
12754,true,0.01,1
12764,true,0.01,1
12773,true,0.01,1
12779,false,0.01,1
12786,false,0.01,1
12793,true,0.01,1
12798,true,0.01,1
12805,false,0.01,1
12812,false,0.01,1
12820,true,0.01,1
12826,true,0.01,1
12834,true,0.01,1
12841,false,0.01,1
12848,true,0.01,1
12856,true,0.01,1
12863,true,0.01,1
12870,true,0.01,1
12876,false,0.01,1
12883,false,0.01,1
12891,true,0.01,1
12897,false,0.01,1
12904,false,0.01,1
12911,false,0.01,1
12918,true,0.01,1
12925,false,0.01,1
12931,false,0.01,1
12938,true,0.01,1
12944,true,0.01,1
12951,false,0.01,1
12958,false,0.01,1
12965,false,0.01,1
12972,true,0.01,1
12979,true,0.01,1
12986,false,0.01,1
12993,false,0.01,1
12999,true,0.01,1
13007,true,0.01,1
13016,true,0.01,1
13023,true,0.01,1
13030,false,0.01,1
13037,true,0.01,1
13044,false,0.01,1
13054,false,0.01,1
13061,true,0.01,1
13070,true,0.01,1
13077,true,0.01,1
13084,false,0.01,1
13088,true,0.01,1
13095,true,0.01,1
13102,false,0.01,1
13109,false,0.01,1
13116,true,0.01,1
13123,true,0.01,1
13130,true,0.01,1
13137,true,0.01,1
13144,true,0.01,1
13151,true,0.01,1
13161,true,0.01,1
13168,true,0.01,1
13174,true,0.01,1
13181,true,0.01,1
13187,true,0.01,1
13196,true,0.01,1
13204,true,0.01,1
13213,true,0.01,1
13220,true,0.01,1
13227,true,0.01,1
13234,true,0.01,1
13241,true,0.01,1
13250,true,0.01,1
13260,true,0.01,1
13266,true,0.01,1
13272,true,0.01,1
13279,true,0.01,1
13286,true,0.01,1
13294,true,0.01,1
13300,true,0.01,1
13307,true,0.01,1
13314,true,0.01,1
13321,true,0.01,1
13328,true,0.01,1
13335,true,0.01,1
13342,true,0.01,1
13352,true,0.01,1
13359,true,0.01,1
13366,true,0.01,1
13373,true,0.01,1
13380,true,0.01,1
13388,true,0.01,1
13396,true,0.01,1
13402,true,0.01,1
13408,true,0.01,1
13415,true,0.01,1
13422,true,0.01,1
13428,true,0.01,1
13436,true,0.01,1
13443,true,0.01,1
13450,true,0.01,1
13457,true,0.01,1
13464,true,0.01,1
13471,true,0.01,1
13478,true,0.01,1
13485,true,0.01,1
13492,true,0.01,1
13500,true,0.01,1
13505,true,0.01,1
13512,true,0.01,1
13519,true,0.01,1
13527,false,0.01,1
13535,true,0.01,1
13541,true,0.01,1
13548,true,0.01,1
13556,true,0.01,1
13563,true,0.01,1
13570,true,0.01,1
13577,true,0.01,1
13584,true,0.01,1
13593,true,0.01,1
13601,true,0.01,1
13608,true,0.01,1
13616,true,0.01,1
13623,true,0.01,1
13630,true,0.01,1
13637,true,0.01,1
13645,true,0.01,1
13651,true,0.01,1
13658,true,0.01,1
13665,true,0.01,1
13672,true,0.01,1
13678,true,0.01,1
13685,true,0.01,1
13693,true,0.01,1
13700,true,0.01,1
13709,true,0.01,1
13716,true,0.01,1
13724,true,0.01,1
13732,true,0.01,1
13739,true,0.01,1
13746,true,0.01,1
13753,true,0.01,1
13760,true,0.01,1
13767,true,0.01,1
13774,true,0.01,1
13780,false,0.01,1
13786,false,0.01,1
13792,true,0.01,1
13798,true,0.01,1
13804,true,0.01,1
13809,true,0.01,1
13816,false,0.01,1
13823,true,0.01,1
13830,true,0.01,1
13836,true,0.01,1
13842,false,0.01,1
13848,true,0.01,1
13854,true,0.01,1
13860,true,0.01,1
13866,true,0.01,1
13872,true,0.01,1
13878,true,0.01,1
13884,true,0.01,1
13890,true,0.01,1
13896,true,0.01,1
13902,true,0.01,1
13908,true,0.01,1
13913,true,0.01,1
13919,true,0.01,1
13925,true,0.01,1
13933,true,0.01,1
13940,true,0.01,1
13946,true,0.01,1
13952,true,0.01,1
13958,true,0.01,1
13964,true,0.01,1
13968,true,0.01,1
13974,true,0.01,1
13981,true,0.01,1
13988,true,0.01,1
13994,true,0.01,1
13998,true,0.01,1
14004,true,0.01,1
14010,true,0.01,1
14016,true,0.01,1
14022,true,0.01,1
14029,true,0.01,1
14036,true,0.01,1
14042,true,0.01,1
14048,true,0.01,1
14054,true,0.01,1
14060,true,0.01,1
14066,true,0.01,1
14072,true,0.01,1
14078,true,0.01,1
14084,true,0.01,1
14090,true,0.01,1
14095,true,0.01,1
14102,true,0.01,1
14108,true,0.01,1
14114,true,0.01,1
14119,true,0.01,1
14126,true,0.01,1
14132,true,0.01,1
14137,true,0.01,1
14144,true,0.01,1
14150,true,0.01,1
14156,true,0.01,1
14161,true,0.01,1
14167,true,0.01,1
14173,true,0.01,1
14178,true,0.01,1
14185,true,0.01,1
14191,true,0.01,1
14196,true,0.01,1
14202,true,0.01,1
14208,true,0.01,1
14215,true,0.01,1
14221,true,0.01,1
14228,true,0.01,1
14234,true,0.01,1
14240,true,0.01,1
14246,true,0.01,1
14251,true,0.01,1
14257,true,0.01,1
14263,false,0.01,1
14269,true,0.01,1
14275,true,0.01,1
14281,false,0.01,1
14287,true,0.01,1
14294,true,0.01,1
14300,true,0.01,1
14306,true,0.01,1
14312,true,0.01,1
14318,true,0.01,1
14326,true,0.01,1
14332,true,0.01,1
14338,true,0.01,1
14343,true,0.01,1
14350,true,0.01,1
14357,true,0.01,1
14362,true,0.01,1
14368,true,0.01,1
14374,true,0.01,1
14380,true,0.01,1
14387,true,0.01,1
14393,true,0.01,1
14399,true,0.01,1
14404,true,0.01,1
14410,true,0.01,1
14417,true,0.01,1
14423,false,0.01,1
14429,true,0.01,1
14435,false,0.01,1
14441,true,0.01,1
14447,true,0.01,1
14453,false,0.01,1
14460,false,0.01,1
14468,true,0.01,1
14475,true,0.01,1
14480,true,0.01,1
14486,true,0.01,1
14492,true,0.01,1
14498,true,0.01,1
14504,false,0.01,1
14509,true,0.01,1
14515,false,0.01,1
14522,true,0.01,1
14528,true,0.01,1
14534,false,0.01,1
14540,true,0.01,1
14546,true,0.01,1
14550,false,0.01,1
14556,true,0.01,1
14563,true,0.01,1
14569,true,0.01,1
14575,true,0.01,1
14581,false,0.01,1
14587,false,0.01,1
14593,false,0.01,1
14599,false,0.01,1
14605,false,0.01,1
14611,false,0.01,1
14620,false,0.01,1
14625,false,0.01,1
14632,false,0.01,1
14638,false,0.01,1
14644,false,0.01,1
14650,false,0.01,1
14656,false,0.01,1
14662,true,0.01,1
14668,false,0.01,1
14674,false,0.01,1
14680,true,0.01,1
14686,false,0.01,1
14692,false,0.01,1
14699,false,0.01,1
14705,false,0.01,1
14712,false,0.01,1
14718,false,0.01,1
14724,true,0.01,1
14730,false,0.01,1
14736,false,0.01,1
14743,true,0.01,1
14749,false,0.01,1
14755,true,0.01,1
14761,true,0.01,1
14767,false,0.01,1
14773,true,0.01,1
14781,true,0.01,1
14787,true,0.01,1
14792,true,0.01,1
14797,true,0.01,1
14803,true,0.01,1
14811,false,0.01,1
14819,true,0.01,1
14825,false,0.01,1
14831,false,0.01,1
14836,false,0.01,1
14843,false,0.01,1
14848,false,0.01,1
14855,false,0.01,1
14861,false,0.01,1
14866,false,0.01,1
14872,false,0.01,1
14878,false,0.01,1
14885,false,0.01,1
14891,false,0.01,1
14897,false,0.01,1
14903,false,0.01,1
14909,false,0.01,1
14915,false,0.01,1
#---------- Wed Nov 30 00:21:40 PST 2022 ----------
#Format: Task Counter Number,Did Simulation Succeed,Last Step Size Used,Number of Simulations Attempted
16230,true,0.01,1
16240,true,0.01,1
16251,true,0.01,1
16261,true,0.01,1
16273,true,0.01,1
16283,true,0.01,1
16296,true,0.01,1
16303,true,0.01,1
16314,true,0.01,1
16324,true,0.01,1
16334,true,0.01,1
16345,true,0.01,1
16359,true,0.01,1
16365,true,0.01,1
16376,true,0.01,1
16384,true,0.01,1
16396,true,0.01,1
16405,true,0.01,1
16414,true,0.01,1
16424,true,0.01,1
16433,true,0.01,1
16443,true,0.01,1
16453,true,0.01,1
16463,true,0.01,1
16472,true,0.01,1
16482,true,0.01,1
16492,true,0.01,1
16502,true,0.01,1
16511,true,0.01,1
16521,true,0.01,1
16531,true,0.01,1
16541,true,0.01,1
16551,true,0.01,1
16561,true,0.01,1
16573,true,0.01,1
16582,true,0.01,1
16590,true,0.01,1
16598,true,0.01,1
16614,true,0.01,1
16624,true,0.01,1
16634,true,0.01,1
16644,true,0.01,1
16653,true,0.01,1
16663,true,0.01,1
16672,true,0.01,1
16679,true,0.01,1
16692,false,0.01,1
16698,true,0.01,1
16710,false,0.01,1
16719,false,0.01,1
16727,true,0.01,1
16739,false,0.01,1
16751,true,0.01,1
16759,true,0.01,1
16767,true,0.01,1
16777,true,0.01,1
16789,false,0.01,1
16798,false,0.01,1
16809,false,0.01,1
16813,true,0.01,1
16828,false,0.01,1
16836,false,0.01,1
16842,true,0.01,1
16848,true,0.01,1
16859,true,0.01,1
16868,true,0.01,1
16882,false,0.01,1
16891,false,0.01,1
16898,true,0.01,1
16905,true,0.01,1
16913,true,0.01,1
16924,true,0.01,1
16930,true,0.01,1
16940,true,0.01,1
16948,true,0.01,1
16963,false,0.01,1
16972,false,0.01,1
16984,true,0.01,1
16989,true,0.01,1
17001,true,0.01,1
17007,true,0.01,1
17016,false,0.01,1
17026,false,0.01,1
17035,false,0.01,1
17045,false,0.01,1
17053,false,0.01,1
17056,true,0.01,1
17071,false,0.01,1
17080,false,0.01,1
17085,true,0.01,1
17092,false,0.01,1
17102,true,0.01,1
17111,true,0.01,1
17118,true,0.01,1
17127,true,0.01,1
17136,true,0.01,1
17145,true,0.01,1
17154,true,0.01,1
17163,true,0.01,1
17172,true,0.01,1
17181,true,0.01,1
17192,true,0.01,1
17206,false,0.01,1
17211,false,0.01,1
17224,false,0.01,1
17230,true,0.01,1
17240,true,0.01,1
17249,true,0.01,1
17258,false,0.01,1
17267,false,0.01,1
17273,false,0.01,1
17281,false,0.01,1
17292,false,0.01,1
17298,true,0.01,1
17314,false,0.01,1
17317,true,0.01,1
17332,false,0.01,1
17336,false,0.01,1
17344,true,0.01,1
17353,true,0.01,1
17362,true,0.01,1
17373,false,0.01,1
17382,false,0.01,1
17389,true,0.01,1
17399,true,0.01,1
17412,false,0.01,1
17416,false,0.01,1
17431,false,0.01,1
17439,false,0.01,1
17442,true,0.01,1
17449,false,0.01,1
17457,false,0.01,1
17465,false,0.01,1
17475,false,0.01,1
17483,false,0.01,1
17491,false,0.01,1
17500,true,0.01,1
17507,false,0.01,1
17513,true,0.01,1
17521,true,0.01,1
17529,true,0.01,1
17537,true,0.01,1
17545,true,0.01,1
17554,true,0.01,1
17563,true,0.01,1
17572,true,0.01,1
17580,true,0.01,1
17588,true,0.01,1
17597,true,0.01,1
17605,true,0.01,1
17613,true,0.01,1
17620,true,0.01,1
17628,true,0.01,1
17636,true,0.01,1
17645,true,0.01,1
17653,true,0.01,1
17659,true,0.01,1
17666,true,0.01,1
17674,true,0.01,1
17682,true,0.01,1
17690,true,0.01,1
17698,true,0.01,1
17706,true,0.01,1
17714,true,0.01,1
17722,true,0.01,1
17730,true,0.01,1
17738,true,0.01,1
17746,true,0.01,1
17754,true,0.01,1
17762,true,0.01,1
17769,true,0.01,1
17777,false,0.01,1
17783,true,0.01,1
17791,true,0.01,1
17800,true,0.01,1
17805,true,0.01,1
17813,false,0.01,1
17821,true,0.01,1
17828,true,0.01,1
17836,true,0.01,1
17844,true,0.01,1
17851,true,0.01,1
17859,true,0.01,1
17867,true,0.01,1
17876,true,0.01,1
17884,true,0.01,1
17892,true,0.01,1
17900,true,0.01,1
17908,true,0.01,1
17916,true,0.01,1
17923,true,0.01,1
17930,true,0.01,1
17937,false,0.01,1
17944,true,0.01,1
17951,true,0.01,1
17958,true,0.01,1
17965,true,0.01,1
17972,true,0.01,1
17979,true,0.01,1
17986,true,0.01,1
17993,true,0.01,1
17999,true,0.01,1
18006,true,0.01,1
18013,true,0.01,1
18024,true,0.01,1
18031,true,0.01,1
18038,true,0.01,1
18044,true,0.01,1
18053,true,0.01,1
18057,true,0.01,1
18065,true,0.01,1
18072,true,0.01,1
18080,true,0.01,1
18087,true,0.01,1
18094,true,0.01,1
18099,true,0.01,1
18105,true,0.01,1
18112,true,0.01,1
18120,true,0.01,1
18127,true,0.01,1
18133,true,0.01,1
18140,true,0.01,1
18148,true,0.01,1
18155,true,0.01,1
18162,false,0.01,1
18168,true,0.01,1
18176,true,0.01,1
18182,true,0.01,1
18189,false,0.01,1
18196,true,0.01,1
18203,true,0.01,1
18210,true,0.01,1
18216,false,0.01,1
18224,true,0.01,1
18233,true,0.01,1
18240,true,0.01,1
18247,true,0.01,1
18254,false,0.01,1
18259,true,0.01,1
18266,true,0.01,1
18272,false,0.01,1
18277,true,0.01,1
18285,true,0.01,1
18289,false,0.01,1
18296,true,0.01,1
18303,true,0.01,1
18309,true,0.01,1
18316,true,0.01,1
18323,true,0.01,1
18330,true,0.01,1
18336,true,0.01,1
18341,true,0.01,1
18348,true,0.01,1
18354,true,0.01,1
18360,true,0.01,1
18367,true,0.01,1
18374,true,0.01,1
18382,true,0.01,1
18389,true,0.01,1
18398,true,0.01,1
18406,true,0.01,1
18413,true,0.01,1
18420,true,0.01,1
18427,true,0.01,1
18432,true,0.01,1
18439,true,0.01,1
18446,true,0.01,1
18453,true,0.01,1
18460,true,0.01,1
18466,true,0.01,1
18474,true,0.01,1
18480,true,0.01,1
18487,false,0.01,1
18494,true,0.01,1
18502,true,0.01,1
18508,true,0.01,1
18515,false,0.01,1
18520,true,0.01,1
18527,true,0.01,1
18537,true,0.01,1
18540,true,0.01,1
18551,false,0.01,1
18559,true,0.01,1
18565,true,0.01,1
18571,true,0.01,1
18577,true,0.01,1
18583,true,0.01,1
18589,true,0.01,1
18595,true,0.01,1
18601,true,0.01,1
18607,true,0.01,1
18612,true,0.01,1
18618,true,0.01,1
18624,true,0.01,1
18628,true,0.01,1
18634,true,0.01,1
18640,true,0.01,1
18646,true,0.01,1
18652,true,0.01,1
18658,true,0.01,1
18663,true,0.01,1
18669,true,0.01,1
18673,true,0.01,1
18679,true,0.01,1
18685,true,0.01,1
18692,true,0.01,1
18698,true,0.01,1
18704,true,0.01,1
18710,true,0.01,1
18716,false,0.01,1
18724,true,0.01,1
18730,false,0.01,1
18737,true,0.01,1
18743,true,0.01,1
18751,true,0.01,1
18757,true,0.01,1
18765,true,0.01,1
18771,true,0.01,1
18776,false,0.01,1
18780,true,0.01,1
18785,false,0.01,1
18791,true,0.01,1
18797,false,0.01,1
18803,false,0.01,1
18810,true,0.01,1
18816,true,0.01,1
18822,true,0.01,1
18827,true,0.01,1
18833,true,0.01,1
18839,false,0.01,1
18846,true,0.01,1
18853,true,0.01,1
18859,true,0.01,1
18864,true,0.01,1
18870,true,0.01,1
18876,true,0.01,1
18882,true,0.01,1
18888,false,0.01,1
18894,true,0.01,1
18899,false,0.01,1
18904,true,0.01,1
18909,true,0.01,1
18914,true,0.01,1
18919,true,0.01,1
18924,true,0.01,1
18929,true,0.01,1
18934,true,0.01,1
18939,true,0.01,1
18946,true,0.01,1
18950,true,0.01,1
18955,false,0.01,1
18960,true,0.01,1
18965,false,0.01,1
18969,true,0.01,1
18974,false,0.01,1
18980,true,0.01,1
18985,true,0.01,1
18989,true,0.01,1
18995,true,0.01,1
18999,false,0.01,1
19005,true,0.01,1
19007,true,0.01,1
19014,true,0.01,1
19017,false,0.01,1
19023,true,0.01,1
19026,false,0.01,1
19032,true,0.01,1
19035,true,0.01,1
19041,true,0.01,1
19047,true,0.01,1
19050,true,0.01,1
19055,true,0.01,1
19061,true,0.01,1
19066,true,0.01,1
19071,true,0.01,1
19076,true,0.01,1
19081,true,0.01,1
19086,true,0.01,1
19091,true,0.01,1
19098,true,0.01,1
19105,true,0.01,1
19109,true,0.01,1
19116,true,0.01,1
19122,true,0.01,1
19127,true,0.01,1
19133,true,0.01,1
19138,true,0.01,1
19141,true,0.01,1
19146,true,0.01,1
19151,true,0.01,1
19156,true,0.01,1
19161,true,0.01,1
19166,true,0.01,1
19171,true,0.01,1
19176,true,0.01,1
19181,true,0.01,1
19189,true,0.01,1
19194,true,0.01,1
19199,false,0.01,1
19206,false,0.01,1
19209,true,0.01,1
19214,false,0.01,1
19220,false,0.01,1
19224,false,0.01,1
19227,true,0.01,1
19231,false,0.01,1
19235,false,0.01,1
19240,true,0.01,1
19244,false,0.01,1
19248,true,0.01,1
19252,false,0.01,1
19256,true,0.01,1
19259,false,0.01,1
19264,true,0.01,1
19268,true,0.01,1
19272,true,0.01,1
19275,true,0.01,1
19277,true,0.01,1
19280,false,0.01,1
19283,false,0.01,1
19286,false,0.01,1
19289,true,0.01,1
19292,false,0.01,1
19295,false,0.01,1
19298,true,0.01,1
19301,true,0.01,1
19304,false,0.01,1
19307,true,0.01,1
19310,true,0.01,1
19313,false,0.01,1
19316,true,0.01,1
19320,true,0.01,1
19323,true,0.01,1
19326,true,0.01,1
19328,true,0.01,1
19331,true,0.01,1
19334,true,0.01,1
19338,true,0.01,1
19340,false,0.01,1
19343,true,0.01,1
19348,true,0.01,1
19351,true,0.01,1
19354,true,0.01,1
19357,true,0.01,1
19360,true,0.01,1
19363,false,0.01,1
19365,false,0.01,1
19368,true,0.01,1
19371,true,0.01,1
19376,false,0.01,1
19379,true,0.01,1
19382,false,0.01,1
19385,false,0.01,1
19387,true,0.01,1
19390,true,0.01,1
19393,false,0.01,1
19396,true,0.01,1
19399,true,0.01,1
19402,false,0.01,1
19404,true,0.01,1
19407,true,0.01,1
19410,true,0.01,1
19413,true,0.01,1
19416,true,0.01,1
19419,false,0.01,1
19422,true,0.01,1
19425,true,0.01,1
19428,true,0.01,1
19432,true,0.01,1
19435,true,0.01,1
19438,true,0.01,1
19441,false,0.01,1
19444,false,0.01,1
19447,false,0.01,1
19450,false,0.01,1
19453,false,0.01,1
19456,false,0.01,1
19458,false,0.01,1
19461,true,0.01,1
19464,true,0.01,1
19467,false,0.01,1
19470,true,0.01,1
19472,true,0.01,1
19475,false,0.01,1
19478,true,0.01,1
19483,false,0.01,1
19486,false,0.01,1
19489,true,0.01,1
19491,true,0.01,1
19494,false,0.01,1
19497,true,0.01,1
19499,true,0.01,1
19502,false,0.01,1
19505,true,0.01,1
19510,false,0.01,1
19513,false,0.01,1
19516,true,0.01,1
19519,true,0.01,1
19522,true,0.01,1
19525,false,0.01,1
19527,false,0.01,1
19530,true,0.01,1
19533,true,0.01,1
19536,false,0.01,1
19539,true,0.01,1
19542,true,0.01,1
19545,false,0.01,1
19549,true,0.01,1
19551,true,0.01,1
19555,false,0.01,1
19558,true,0.01,1
19561,true,0.01,1
19564,false,0.01,1
19567,true,0.01,1
19570,true,0.01,1
19573,false,0.01,1
19576,true,0.01,1
19580,true,0.01,1
19583,false,0.01,1
19586,true,0.01,1
19589,true,0.01,1
19592,false,0.01,1
19595,true,0.01,1
19598,true,0.01,1
19601,false,0.01,1
19604,false,0.01,1
19607,false,0.01,1
19610,false,0.01,1
19613,false,0.01,1
19616,false,0.01,1
19619,false,0.01,1
19622,true,0.01,1
19625,true,0.01,1
19628,false,0.01,1
19631,true,0.01,1
19634,true,0.01,1
19637,false,0.01,1
19640,true,0.01,1
19643,true,0.01,1
19647,true,0.01,1
19650,true,0.01,1
19653,false,0.01,1
19656,true,0.01,1
19659,true,0.01,1
19662,false,0.01,1
19665,true,0.01,1
19668,true,0.01,1
19671,false,0.01,1
19674,true,0.01,1
19677,true,0.01,1
19680,false,0.01,1
19683,true,0.01,1
19686,true,0.01,1
19689,true,0.01,1
19692,true,0.01,1
19695,true,0.01,1
19698,true,0.01,1
19701,true,0.01,1
19704,true,0.01,1
19707,true,0.01,1
19710,true,0.01,1
19713,true,0.01,1
19715,true,0.01,1
19718,true,0.01,1
19721,true,0.01,1
19725,true,0.01,1
19728,true,0.01,1
19731,true,0.01,1
19734,true,0.01,1
19737,true,0.01,1
19741,true,0.01,1
19743,true,0.01,1
19746,true,0.01,1
19750,true,0.01,1
19752,true,0.01,1
19755,true,0.01,1
19759,true,0.01,1
19762,true,0.01,1
19765,true,0.01,1
19768,true,0.01,1
19771,true,0.01,1
19774,true,0.01,1
19777,true,0.01,1
19779,true,0.01,1
19782,true,0.01,1
19785,true,0.01,1
19788,true,0.01,1
19791,true,0.01,1
19795,true,0.01,1
19798,true,0.01,1
19800,true,0.01,1
19803,true,0.01,1
19806,true,0.01,1
19809,true,0.01,1
19812,true,0.01,1
19815,true,0.01,1
19818,true,0.01,1
19821,true,0.01,1
19824,true,0.01,1
19827,true,0.01,1
19830,true,0.01,1
19833,true,0.01,1
19836,true,0.01,1
19839,true,0.01,1
19842,true,0.01,1
19845,true,0.01,1
19848,true,0.01,1
19851,true,0.01,1
19854,true,0.01,1
19857,true,0.01,1
19860,true,0.01,1
19863,true,0.01,1
19866,true,0.01,1
19869,true,0.01,1
19872,true,0.01,1
19875,true,0.01,1
19879,true,0.01,1
19881,true,0.01,1
19884,true,0.01,1
19887,true,0.01,1
19890,true,0.01,1
19893,true,0.01,1
19896,true,0.01,1
19899,true,0.01,1
19903,true,0.01,1
19906,true,0.01,1
19909,true,0.01,1
19912,true,0.01,1
19914,true,0.01,1
19917,true,0.01,1
19920,true,0.01,1
19923,true,0.01,1
19926,true,0.01,1
19929,true,0.01,1
19932,true,0.01,1
19935,true,0.01,1
19938,true,0.01,1
19941,true,0.01,1
19944,true,0.01,1
19947,true,0.01,1
19950,true,0.01,1
19953,true,0.01,1
19956,true,0.01,1
19959,true,0.01,1
19963,true,0.01,1
19965,true,0.01,1
19969,true,0.01,1
19971,true,0.01,1
19975,true,0.01,1
19978,true,0.01,1
19981,true,0.01,1
19983,true,0.01,1
19986,true,0.01,1
19989,true,0.01,1
19993,true,0.01,1
19996,true,0.01,1
19997,true,0.01,1
20000,true,0.01,1
20004,true,0.01,1
20007,true,0.01,1
20010,true,0.01,1
20013,true,0.01,1
20016,true,0.01,1
20020,true,0.01,1
20023,true,0.01,1
20026,true,0.01,1
20029,true,0.01,1
20032,true,0.01,1
20035,true,0.01,1
20038,true,0.01,1
20041,true,0.01,1
20044,true,0.01,1
20047,true,0.01,1
20050,true,0.01,1
20053,true,0.01,1
20056,true,0.01,1
20059,true,0.01,1
20062,true,0.01,1
20065,true,0.01,1
20068,true,0.01,1
20071,true,0.01,1
20074,true,0.01,1
20077,true,0.01,1
20080,true,0.01,1
20083,true,0.01,1
20086,true,0.01,1
20089,true,0.01,1
20092,true,0.01,1
20095,false,0.01,1
20098,true,0.01,1
20101,true,0.01,1
20104,false,0.01,1
20107,true,0.01,1
20110,true,0.01,1
20113,true,0.01,1
20116,true,0.01,1
20119,true,0.01,1
20122,false,0.01,1
20125,true,0.01,1
20128,true,0.01,1
20132,true,0.01,1
20135,true,0.01,1
20139,false,0.01,1
20142,true,0.01,1
20143,true,0.01,1
20146,true,0.01,1
20149,true,0.01,1
20152,true,0.01,1
20155,true,0.01,1
20158,true,0.01,1
20161,true,0.01,1
20164,true,0.01,1
20167,true,0.01,1
20170,true,0.01,1
20173,true,0.01,1
20176,true,0.01,1
20179,true,0.01,1
20182,true,0.01,1
20185,true,0.01,1
20188,true,0.01,1
20191,true,0.01,1
20194,true,0.01,1
20197,true,0.01,1
20200,true,0.01,1
20203,true,0.01,1
20206,true,0.01,1
20208,true,0.01,1
20211,true,0.01,1
20214,true,0.01,1
20218,true,0.01,1
20221,true,0.01,1
20224,true,0.01,1
20226,true,0.01,1
20228,true,0.01,1
20231,true,0.01,1
20234,true,0.01,1
20237,true,0.01,1
20240,true,0.01,1
20243,true,0.01,1
20247,true,0.01,1
20250,true,0.01,1
20253,true,0.01,1
20256,false,0.01,1
20259,true,0.01,1
20262,true,0.01,1
20265,false,0.01,1
20268,true,0.01,1
20271,true,0.01,1
20274,true,0.01,1
20277,true,0.01,1
20280,true,0.01,1
20283,false,0.01,1
20286,true,0.01,1
20289,true,0.01,1
20292,false,0.01,1
20296,true,0.01,1
20299,true,0.01,1
20302,true,0.01,1
20305,true,0.01,1
20308,true,0.01,1
20311,true,0.01,1
20313,true,0.01,1
20316,true,0.01,1
20319,true,0.01,1
20322,true,0.01,1
20325,true,0.01,1
20328,true,0.01,1
20331,false,0.01,1
20334,true,0.01,1
20337,false,0.01,1
20339,false,0.01,1
20342,true,0.01,1
20345,true,0.01,1
20348,false,0.01,1
20351,true,0.01,1
20354,true,0.01,1
20357,false,0.01,1
20360,true,0.01,1
20363,true,0.01,1
20368,true,0.01,1
20370,true,0.01,1
20373,false,0.01,1
20376,true,0.01,1
20378,true,0.01,1
20383,false,0.01,1
20386,true,0.01,1
20388,true,0.01,1
20391,false,0.01,1
20394,true,0.01,1
20397,true,0.01,1
20400,false,0.01,1
20403,true,0.01,1
20406,true,0.01,1
20409,false,0.01,1
20412,true,0.01,1
20415,true,0.01,1
20418,true,0.01,1
20423,true,0.01,1
20424,true,0.01,1
20427,true,0.01,1
20430,true,0.01,1
20435,true,0.01,1
20438,true,0.01,1
20439,true,0.01,1
20442,true,0.01,1
20445,true,0.01,1
20449,true,0.01,1
20453,true,0.01,1
20456,true,0.01,1
20459,true,0.01,1
20462,true,0.01,1
20465,true,0.01,1
20468,true,0.01,1
20471,true,0.01,1
20474,true,0.01,1
20477,true,0.01,1
20480,true,0.01,1
20483,true,0.01,1
20485,true,0.01,1
20488,true,0.01,1
20491,true,0.01,1
20493,true,0.01,1
20496,true,0.01,1
20499,true,0.01,1
20503,true,0.01,1
20506,true,0.01,1
20509,true,0.01,1
20512,true,0.01,1
20515,true,0.01,1
20518,true,0.01,1
20521,true,0.01,1
20524,true,0.01,1
20527,true,0.01,1
20530,true,0.01,1
20533,true,0.01,1
20536,true,0.01,1
20539,true,0.01,1
20542,true,0.01,1
20545,true,0.01,1
20548,true,0.01,1
20551,true,0.01,1
20554,true,0.01,1
20558,true,0.01,1
20561,true,0.01,1
20564,true,0.01,1
20566,true,0.01,1
20569,true,0.01,1
20572,true,0.01,1
20575,true,0.01,1
20578,true,0.01,1
20581,true,0.01,1
20584,true,0.01,1
20587,true,0.01,1
20590,true,0.01,1
20593,true,0.01,1
20596,true,0.01,1
20599,true,0.01,1
20602,true,0.01,1
20605,true,0.01,1
20608,true,0.01,1
20611,true,0.01,1
20614,true,0.01,1
20617,true,0.01,1
20620,true,0.01,1
20623,true,0.01,1
20626,true,0.01,1
20629,true,0.01,1
20632,true,0.01,1
20635,true,0.01,1
20639,true,0.01,1
20642,true,0.01,1
20645,true,0.01,1
20648,true,0.01,1
20651,true,0.01,1
20653,true,0.01,1
20656,true,0.01,1
20658,true,0.01,1
20661,true,0.01,1
20666,true,0.01,1
20669,true,0.01,1
20671,true,0.01,1
20675,true,0.01,1
20676,true,0.01,1
20679,true,0.01,1
20684,true,0.01,1
20687,true,0.01,1
20690,true,0.01,1
20691,true,0.01,1
20694,true,0.01,1
20697,true,0.01,1
20701,true,0.01,1
20704,true,0.01,1
20707,true,0.01,1
20711,true,0.01,1
20714,true,0.01,1
20717,true,0.01,1
20720,true,0.01,1
20722,true,0.01,1
20725,true,0.01,1
20728,true,0.01,1
20731,true,0.01,1
20734,true,0.01,1
20738,true,0.01,1
20741,true,0.01,1
20743,false,0.01,1
20746,true,0.01,1
20749,true,0.01,1
20752,false,0.01,1
20755,true,0.01,1
20758,true,0.01,1
20761,true,0.01,1
20764,true,0.01,1
20767,true,0.01,1
20771,true,0.01,1
20774,true,0.01,1
20777,true,0.01,1
20779,false,0.01,1
20783,true,0.01,1
20786,true,0.01,1
20789,true,0.01,1
20791,true,0.01,1
20795,true,0.01,1
20798,true,0.01,1
20800,true,0.01,1
20803,true,0.01,1
20806,true,0.01,1
20809,true,0.01,1
20813,true,0.01,1
20816,true,0.01,1
20817,true,0.01,1
20820,true,0.01,1
20823,false,0.01,1
20826,true,0.01,1
20829,true,0.01,1
20832,false,0.01,1
20835,true,0.01,1
20839,true,0.01,1
20842,false,0.01,1
20845,true,0.01,1
20848,true,0.01,1
20851,false,0.01,1
20854,true,0.01,1
20857,true,0.01,1
20860,false,0.01,1
20863,true,0.01,1
20866,true,0.01,1
20869,false,0.01,1
20874,true,0.01,1
20877,false,0.01,1
20880,true,0.01,1
20883,true,0.01,1
20886,false,0.01,1
20889,true,0.01,1
20892,true,0.01,1
20897,true,0.01,1
20900,true,0.01,1
20903,true,0.01,1
20906,false,0.01,1
20908,true,0.01,1
20911,true,0.01,1
20915,true,0.01,1
20916,true,0.01,1
20921,true,0.01,1
20924,true,0.01,1
20927,true,0.01,1
20928,true,0.01,1
20933,true,0.01,1
20934,true,0.01,1
20937,true,0.01,1
20940,true,0.01,1
20945,true,0.01,1
20948,true,0.01,1
20951,true,0.01,1
20953,true,0.01,1
20957,true,0.01,1
20960,true,0.01,1
20963,true,0.01,1
20966,true,0.01,1
20969,true,0.01,1
20971,true,0.01,1
20975,true,0.01,1
20978,true,0.01,1
20979,true,0.01,1
20982,true,0.01,1
20986,false,0.01,1
20989,true,0.01,1
20992,true,0.01,1
20995,false,0.01,1
20998,true,0.01,1
21001,true,0.01,1
21004,false,0.01,1
21007,true,0.01,1
21010,true,0.01,1
21013,false,0.01,1
21016,true,0.01,1
21019,true,0.01,1
21022,false,0.01,1
21025,true,0.01,1
21028,true,0.01,1
21031,false,0.01,1
21034,true,0.01,1
21037,true,0.01,1
21040,false,0.01,1
21044,true,0.01,1
21047,true,0.01,1
21050,true,0.01,1
21052,true,0.01,1
21055,true,0.01,1
21058,true,0.01,1
21061,true,0.01,1
21064,false,0.01,1
21067,false,0.01,1
21071,true,0.01,1
21074,false,0.01,1
21076,false,0.01,1
21079,true,0.01,1
21082,true,0.01,1
21085,false,0.01,1
21088,true,0.01,1
21091,true,0.01,1
21094,false,0.01,1
21097,true,0.01,1
21100,true,0.01,1
21103,false,0.01,1
21106,true,0.01,1
21109,true,0.01,1
21112,false,0.01,1
21115,true,0.01,1
21118,true,0.01,1
21120,false,0.01,1
21123,true,0.01,1
21126,true,0.01,1
21130,false,0.01,1
21133,true,0.01,1
21136,true,0.01,1
21140,true,0.01,1
21142,false,0.01,1
21146,false,0.01,1
21149,false,0.01,1
21152,false,0.01,1
21155,false,0.01,1
21158,false,0.01,1
21161,false,0.01,1
21164,false,0.01,1
21167,false,0.01,1
21170,true,0.01,1
21173,false,0.01,1
21176,false,0.01,1
21179,false,0.01,1
21182,false,0.01,1
21185,false,0.01,1
21188,false,0.01,1
21192,false,0.01,1
21195,true,0.01,1
21198,true,0.01,1
21201,false,0.01,1
21204,true,0.01,1
21207,true,0.01,1
21210,false,0.01,1
21213,true,0.01,1
21216,false,0.01,1
21219,false,0.01,1
21222,true,0.01,1
21225,true,0.01,1
21228,false,0.01,1
21231,true,0.01,1
21234,true,0.01,1
21237,false,0.01,1
21240,true,0.01,1
21243,false,0.01,1
21246,false,0.01,1
21249,true,0.01,1
21252,true,0.01,1
21255,false,0.01,1
21258,true,0.01,1
21261,true,0.01,1
21264,false,0.01,1
21267,true,0.01,1
21271,false,0.01,1
21274,false,0.01,1
21277,true,0.01,1
21280,true,0.01,1
21283,false,0.01,1
21286,true,0.01,1
21289,true,0.01,1
21292,false,0.01,1
21295,true,0.01,1
21298,true,0.01,1
21301,false,0.01,1
21304,true,0.01,1
21307,false,0.01,1
21310,false,0.01,1
21313,true,0.01,1
21316,true,0.01,1
21319,false,0.01,1
21323,true,0.01,1
21326,true,0.01,1
21328,false,0.01,1
21331,true,0.01,1
21334,true,0.01,1
21337,false,0.01,1
21340,true,0.01,1
21342,true,0.01,1
21347,false,0.01,1
21349,true,0.01,1
21353,true,0.01,1
21356,false,0.01,1
21359,true,0.01,1
21362,true,0.01,1
21365,false,0.01,1
21368,true,0.01,1
21371,true,0.01,1
21374,true,0.01,1
21377,true,0.01,1
21380,true,0.01,1
21383,false,0.01,1
21386,false,0.01,1
21389,false,0.01,1
21392,false,0.01,1
21395,false,0.01,1
21398,false,0.01,1
21401,false,0.01,1
21404,false,0.01,1
21407,false,0.01,1
21410,false,0.01,1
21413,false,0.01,1
21416,false,0.01,1
21419,false,0.01,1
21422,true,0.01,1
21425,false,0.01,1
21428,false,0.01,1
21431,true,0.01,1
21434,false,0.01,1
21437,false,0.01,1
21440,true,0.01,1
21443,false,0.01,1
21446,false,0.01,1
21449,false,0.01,1
21452,true,0.01,1
21455,false,0.01,1
21458,true,0.01,1
21461,true,0.01,1
21463,false,0.01,1
21467,false,0.01,1
21469,false,0.01,1
21473,false,0.01,1
21476,false,0.01,1
21479,false,0.01,1
21481,false,0.01,1
21485,true,0.01,1
21488,false,0.01,1
21489,false,0.01,1
21492,true,0.01,1
21496,false,0.01,1
21498,false,0.01,1
21502,true,0.01,1
21504,false,0.01,1
21508,false,0.01,1
21511,true,0.01,1
21514,true,0.01,1
21517,false,0.01,1
21521,true,0.01,1
21524,true,0.01,1
21527,false,0.01,1
21530,true,0.01,1
21533,true,0.01,1
21536,false,0.01,1
21539,true,0.01,1
21542,true,0.01,1
21545,false,0.01,1
21548,false,0.01,1
21550,false,0.01,1
21553,false,0.01,1
21556,true,0.01,1
21559,false,0.01,1
21562,false,0.01,1
21565,true,0.01,1
21568,false,0.01,1
21573,true,0.01,1
21575,true,0.01,1
21577,false,0.01,1
21579,false,0.01,1
21580,false,0.01,1
21582,true,0.01,1
21584,true,0.01,1
21586,true,0.01,1
21588,false,0.01,1
21590,false,0.01,1
21592,true,0.01,1
21594,true,0.01,1
21596,true,0.01,1
21598,false,0.01,1
21600,true,0.01,1
21602,true,0.01,1
21604,true,0.01,1
21606,false,0.01,1
21608,false,0.01,1
21610,true,0.01,1
21612,true,0.01,1
21614,true,0.01,1
21616,false,0.01,1
21618,true,0.01,1
21619,true,0.01,1
21621,true,0.01,1
21623,true,0.01,1
21625,false,0.01,1
21627,false,0.01,1
21630,false,0.01,1
21632,false,0.01,1
21634,false,0.01,1
21636,true,0.01,1
21638,false,0.01,1
21640,false,0.01,1
21642,false,0.01,1
21644,false,0.01,1
21646,false,0.01,1
21648,false,0.01,1
21650,false,0.01,1
21652,false,0.01,1
21654,true,0.01,1
21656,false,0.01,1
21658,false,0.01,1
21660,false,0.01,1
21662,false,0.01,1
21664,true,0.01,1
21666,true,0.01,1
21668,false,0.01,1
21670,false,0.01,1
21672,true,0.01,1
21674,true,0.01,1
21676,false,0.01,1
21678,false,0.01,1
21680,false,0.01,1
21682,false,0.01,1
21684,true,0.01,1
21686,false,0.01,1
21688,false,0.01,1
21690,true,0.01,1
21692,true,0.01,1
21694,true,0.01,1
21696,false,0.01,1
21698,false,0.01,1
21700,true,0.01,1
21702,true,0.01,1
21704,true,0.01,1
21706,false,0.01,1
21708,false,0.01,1
21710,false,0.01,1
21712,false,0.01,1
21714,false,0.01,1
21716,false,0.01,1
21718,false,0.01,1
21720,false,0.01,1
21722,false,0.01,1
21724,false,0.01,1
21726,true,0.01,1
21728,false,0.01,1
21730,false,0.01,1
21732,false,0.01,1
21734,false,0.01,1
21736,false,0.01,1
21738,false,0.01,1
21740,false,0.01,1
21742,false,0.01,1
21744,true,0.01,1
21746,false,0.01,1
21748,false,0.01,1
21750,false,0.01,1
21752,false,0.01,1
21754,true,0.01,1
21756,true,0.01,1
21758,false,0.01,1
21760,false,0.01,1
21762,true,0.01,1
21764,true,0.01,1
21766,false,0.01,1
21768,false,0.01,1
21770,false,0.01,1
21772,true,0.01,1
21774,true,0.01,1
21776,false,0.01,1
21778,false,0.01,1
21780,true,0.01,1
21782,true,0.01,1
21784,true,0.01,1
21786,false,0.01,1
21788,false,0.01,1
21790,false,0.01,1
21792,false,0.01,1
21794,false,0.01,1
21796,false,0.01,1
21798,true,0.01,1
21800,false,0.01,1
21802,false,0.01,1
21804,false,0.01,1
21806,false,0.01,1
21808,true,0.01,1
21810,false,0.01,1
21812,false,0.01,1
21813,false,0.01,1
21814,false,0.01,1
21815,false,0.01,1
21816,true,0.01,1
21817,true,0.01,1
21818,false,0.01,1
21819,false,0.01,1
21820,false,0.01,1
21821,false,0.01,1
21822,false,0.01,1
21823,false,0.01,1
21824,false,0.01,1
21825,true,0.01,1
21826,true,0.01,1
21827,false,0.01,1
21828,false,0.01,1
21829,false,0.01,1
21830,false,0.01,1
21831,false,0.01,1
21832,false,0.01,1
21833,false,0.01,1
21834,true,0.01,1
21835,true,0.01,1
21836,true,0.01,1
21837,false,0.01,1
21838,false,0.01,1
21839,false,0.01,1
21840,false,0.01,1
21841,false,0.01,1
21842,false,0.01,1
21843,true,0.01,1
21844,true,0.01,1
21845,true,0.01,1
21846,false,0.01,1
21847,false,0.01,1
21848,false,0.01,1
21849,false,0.01,1
21850,false,0.01,1
21851,false,0.01,1
21852,true,0.01,1
21853,true,0.01,1
21854,true,0.01,1
21855,false,0.01,1
21856,false,0.01,1
21857,false,0.01,1
21858,false,0.01,1
21859,false,0.01,1
21860,false,0.01,1
21861,true,0.01,1
21862,true,0.01,1
21863,true,0.01,1
21864,false,0.01,1
21865,false,0.01,1
21866,false,0.01,1
21867,false,0.01,1
21868,false,0.01,1
21869,false,0.01,1
21870,true,0.01,1
21871,true,0.01,1
21872,false,0.01,1
21873,true,0.01,1
21874,true,0.01,1
21875,true,0.01,1
21876,true,0.01,1
21877,true,0.01,1
21878,true,0.01,1
21879,false,0.01,1
21880,true,0.01,1
21881,false,0.01,1
21882,true,0.01,1
21883,true,0.01,1
21884,true,0.01,1
21885,true,0.01,1
21886,true,0.01,1
21887,true,0.01,1
21888,true,0.01,1
21889,true,0.01,1
21890,false,0.01,1
21891,true,0.01,1
21892,true,0.01,1
21893,true,0.01,1
21894,true,0.01,1
21895,true,0.01,1
21896,true,0.01,1
21897,true,0.01,1
21898,true,0.01,1
21899,false,0.01,1
21900,true,0.01,1
21901,true,0.01,1
21902,true,0.01,1
21903,true,0.01,1
21904,true,0.01,1
21905,true,0.01,1
21906,false,0.01,1
21907,true,0.01,1
21908,false,0.01,1
21909,true,0.01,1
21910,true,0.01,1
21911,true,0.01,1
21912,true,0.01,1
21913,true,0.01,1
21914,true,0.01,1
21915,false,0.01,1
21916,true,0.01,1
21917,false,0.01,1
21918,true,0.01,1
21919,true,0.01,1
21920,true,0.01,1
21921,true,0.01,1
21922,true,0.01,1
21923,true,0.01,1
21924,false,0.01,1
21925,true,0.01,1
21926,false,0.01,1
21927,true,0.01,1
21928,true,0.01,1
21929,true,0.01,1
21930,true,0.01,1
21931,true,0.01,1
21932,true,0.01,1
21933,false,0.01,1
21934,true,0.01,1
21935,false,0.01,1
21936,true,0.01,1
21937,true,0.01,1
21938,true,0.01,1
21939,true,0.01,1
21940,true,0.01,1
21941,true,0.01,1
21942,true,0.01,1
21943,true,0.01,1
21944,false,0.01,1
21945,true,0.01,1
21946,true,0.01,1
21947,true,0.01,1
21948,true,0.01,1
21949,true,0.01,1
21950,true,0.01,1
21951,true,0.01,1
21952,true,0.01,1
21953,true,0.01,1
21954,true,0.01,1
21955,true,0.01,1
21956,true,0.01,1
21957,true,0.01,1
21958,true,0.01,1
21959,true,0.01,1
21960,true,0.01,1
21961,true,0.01,1
21962,true,0.01,1
21963,true,0.01,1
21964,true,0.01,1
21965,true,0.01,1
21966,true,0.01,1
21967,true,0.01,1
21968,true,0.01,1
21969,true,0.01,1
21970,true,0.01,1
21971,true,0.01,1
21972,true,0.01,1
21973,true,0.01,1
21974,true,0.01,1
21975,true,0.01,1
21976,true,0.01,1
21977,true,0.01,1
21978,true,0.01,1
21979,true,0.01,1
21980,true,0.01,1
21981,true,0.01,1
21982,true,0.01,1
21983,true,0.01,1
21984,true,0.01,1
21985,true,0.01,1
21986,true,0.01,1
21987,true,0.01,1
21988,true,0.01,1
21989,true,0.01,1
21990,true,0.01,1
21991,true,0.01,1
21992,true,0.01,1
21993,true,0.01,1
21994,true,0.01,1
21995,true,0.01,1
21996,true,0.01,1
21997,true,0.01,1
21998,true,0.01,1
21999,true,0.01,1
22000,true,0.01,1
22001,true,0.01,1
22002,true,0.01,1
22003,true,0.01,1
22004,true,0.01,1
22005,true,0.01,1
22006,true,0.01,1
22007,true,0.01,1
22008,true,0.01,1
22009,true,0.01,1
22010,true,0.01,1
22011,true,0.01,1
22012,true,0.01,1
22013,true,0.01,1
22014,true,0.01,1
22015,true,0.01,1
22016,true,0.01,1
22017,true,0.01,1
22018,true,0.01,1
22019,true,0.01,1
22020,true,0.01,1
22021,true,0.01,1
22022,true,0.01,1
22023,true,0.01,1
22024,true,0.01,1
22025,true,0.01,1
22026,true,0.01,1
22027,true,0.01,1
22028,true,0.01,1
22029,true,0.01,1
22030,true,0.01,1
22031,true,0.01,1
22032,false,0.01,1
22033,true,0.01,1
22034,true,0.01,1
22035,true,0.01,1
22036,true,0.01,1
22037,true,0.01,1
22038,false,0.01,1
22039,false,0.01,1
22040,true,0.01,1
22041,true,0.01,1
22042,true,0.01,1
22043,true,0.01,1
22044,true,0.01,1
22045,true,0.01,1
22046,true,0.01,1
22047,true,0.01,1
22048,true,0.01,1
22049,true,0.01,1
22050,false,0.01,1
22051,true,0.01,1
22052,true,0.01,1
22053,true,0.01,1
22054,true,0.01,1
22055,true,0.01,1
22056,true,0.01,1
22057,true,0.01,1
22058,true,0.01,1
22059,true,0.01,1
22060,true,0.01,1
22061,true,0.01,1
22062,true,0.01,1
22063,true,0.01,1
22064,true,0.01,1
22065,true,0.01,1
22066,true,0.01,1
22067,true,0.01,1
22068,true,0.01,1
22069,true,0.01,1
22070,true,0.01,1
22071,true,0.01,1
22072,true,0.01,1
22073,true,0.01,1
22074,true,0.01,1
22075,true,0.01,1
22076,true,0.01,1
22077,true,0.01,1
22078,true,0.01,1
22079,true,0.01,1
22080,true,0.01,1
22081,true,0.01,1
22082,true,0.01,1
22083,true,0.01,1
22084,true,0.01,1
22085,true,0.01,1
22086,true,0.01,1
22087,true,0.01,1
22088,true,0.01,1
22089,true,0.01,1
22090,true,0.01,1
22091,true,0.01,1
22092,true,0.01,1
22093,true,0.01,1
22094,true,0.01,1
22095,true,0.01,1
22096,true,0.01,1
22097,true,0.01,1
22098,true,0.01,1
22099,true,0.01,1
22100,true,0.01,1
22101,true,0.01,1
22102,true,0.01,1
22103,true,0.01,1
22104,true,0.01,1
22105,true,0.01,1
22106,true,0.01,1
22107,true,0.01,1
22108,true,0.01,1
22109,true,0.01,1
22110,true,0.01,1
22111,true,0.01,1
22112,true,0.01,1
22113,false,0.01,1
22114,true,0.01,1
22115,false,0.01,1
22116,true,0.01,1
22117,true,0.01,1
22118,true,0.01,1
22119,true,0.01,1
22120,true,0.01,1
22121,true,0.01,1
22122,false,0.01,1
22123,true,0.01,1
22124,false,0.01,1
22125,true,0.01,1
22126,true,0.01,1
22127,true,0.01,1
22128,true,0.01,1
22129,true,0.01,1
22130,true,0.01,1
22131,true,0.01,1
22132,true,0.01,1
22133,false,0.01,1
22134,true,0.01,1
22135,true,0.01,1
22136,true,0.01,1
22137,true,0.01,1
22138,true,0.01,1
22139,true,0.01,1
22140,true,0.01,1
22141,true,0.01,1
22142,true,0.01,1
22143,true,0.01,1
22144,true,0.01,1
22145,true,0.01,1
22146,true,0.01,1
22147,true,0.01,1
22148,true,0.01,1
22149,false,0.01,1
22150,true,0.01,1
22151,false,0.01,1
22152,true,0.01,1
22153,true,0.01,1
22154,true,0.01,1
22155,true,0.01,1
22156,true,0.01,1
22157,true,0.01,1
22158,true,0.01,1
22159,true,0.01,1
22160,false,0.01,1
22161,true,0.01,1
22162,true,0.01,1
22163,true,0.01,1
22164,true,0.01,1
22165,true,0.01,1
22166,true,0.01,1
22167,true,0.01,1
22168,true,0.01,1
22169,true,0.01,1
22170,true,0.01,1
22171,true,0.01,1
22172,true,0.01,1
22173,true,0.01,1
22174,true,0.01,1
22175,true,0.01,1
22176,true,0.01,1
22177,true,0.01,1
22178,false,0.01,1
22179,true,0.01,1
22180,true,0.01,1
22181,true,0.01,1
22182,true,0.01,1
22183,true,0.01,1
22184,true,0.01,1
22185,true,0.01,1
22186,true,0.01,1
22187,true,0.01,1
22188,true,0.01,1
22189,true,0.01,1
22190,true,0.01,1
22191,true,0.01,1
22192,true,0.01,1
22193,true,0.01,1
22194,true,0.01,1
22195,true,0.01,1
22196,true,0.01,1
22197,true,0.01,1
22198,true,0.01,1
22199,true,0.01,1
22200,false,0.01,1
22201,false,0.01,1
22202,false,0.01,1
22203,true,0.01,1
22204,true,0.01,1
22205,true,0.01,1
22206,true,0.01,1
22207,true,0.01,1
22208,true,0.01,1
22209,true,0.01,1
22210,true,0.01,1
22211,true,0.01,1
22212,true,0.01,1
22213,true,0.01,1
22214,true,0.01,1
22215,true,0.01,1
22216,true,0.01,1
22217,true,0.01,1
22218,true,0.01,1
22219,true,0.01,1
22220,true,0.01,1
22221,true,0.01,1
22222,true,0.01,1
22223,true,0.01,1
22224,true,0.01,1
22225,true,0.01,1
22226,true,0.01,1
22227,true,0.01,1
22228,true,0.01,1
22229,true,0.01,1
22230,true,0.01,1
22231,true,0.01,1
22232,true,0.01,1
22233,true,0.01,1
22234,true,0.01,1
22235,true,0.01,1
22236,true,0.01,1
22237,true,0.01,1
22238,true,0.01,1
22239,true,0.01,1
22240,true,0.01,1
22241,true,0.01,1
22242,true,0.01,1
22243,true,0.01,1
22244,true,0.01,1
22245,true,0.01,1
22246,true,0.01,1
22247,true,0.01,1
22248,true,0.01,1
22249,true,0.01,1
22250,true,0.01,1
22251,true,0.01,1
22252,true,0.01,1
22253,true,0.01,1
22254,true,0.01,1
22255,true,0.01,1
22256,true,0.01,1
22257,true,0.01,1
22258,true,0.01,1
22259,true,0.01,1
22260,true,0.01,1
22261,true,0.01,1
22262,true,0.01,1
22263,true,0.01,1
22264,true,0.01,1
22265,true,0.01,1
22266,true,0.01,1
22267,true,0.01,1
22268,true,0.01,1
22269,true,0.01,1
22270,true,0.01,1
22271,true,0.01,1
22272,true,0.01,1
22273,true,0.01,1
22274,true,0.01,1
22275,false,0.01,1
22276,true,0.01,1
22277,true,0.01,1
22278,true,0.01,1
22279,true,0.01,1
22280,true,0.01,1
22281,false,0.01,1
22282,false,0.01,1
22283,false,0.01,1
22284,true,0.01,1
22285,true,0.01,1
22286,true,0.01,1
22287,true,0.01,1
22288,true,0.01,1
22289,true,0.01,1
22290,false,0.01,1
22291,false,0.01,1
22292,false,0.01,1
22293,false,0.01,1
22294,true,0.01,1
22295,true,0.01,1
22296,true,0.01,1
22297,true,0.01,1
22298,true,0.01,1
22299,false,0.01,1
22300,false,0.01,1
22301,false,0.01,1
22302,true,0.01,1
22303,true,0.01,1
22304,true,0.01,1
22305,true,0.01,1
22306,true,0.01,1
22307,true,0.01,1
22308,false,0.01,1
22309,false,0.01,1
22310,false,0.01,1
22311,true,0.01,1
22312,true,0.01,1
22313,true,0.01,1
22314,true,0.01,1
22315,true,0.01,1
22316,true,0.01,1
22317,false,0.01,1
22318,false,0.01,1
22319,false,0.01,1
22320,true,0.01,1
22321,true,0.01,1
22322,true,0.01,1
22323,true,0.01,1
22324,true,0.01,1
22325,true,0.01,1
22326,false,0.01,1
22327,false,0.01,1
22328,true,0.01,1
22329,true,0.01,1
22330,true,0.01,1
22331,true,0.01,1
22332,true,0.01,1
22333,true,0.01,1
22334,true,0.01,1
22335,false,0.01,1
22336,true,0.01,1
22337,true,0.01,1
22338,true,0.01,1
22339,true,0.01,1
22340,true,0.01,1
22341,true,0.01,1
22342,true,0.01,1
22343,true,0.01,1
22344,false,0.01,1
22345,true,0.01,1
22346,true,0.01,1
22347,true,0.01,1
22348,true,0.01,1
22349,true,0.01,1
22350,true,0.01,1
22351,true,0.01,1
22352,true,0.01,1
22353,true,0.01,1
22354,true,0.01,1
22355,true,0.01,1
22356,false,0.01,1
22357,true,0.01,1
22358,true,0.01,1
22359,true,0.01,1
22360,true,0.01,1
22361,true,0.01,1
22362,false,0.01,1
22363,true,0.01,1
22364,true,0.01,1
22365,true,0.01,1
22366,true,0.01,1
22367,false,0.01,1
22368,true,0.01,1
22369,true,0.01,1
22370,true,0.01,1
22371,true,0.01,1
22372,true,0.01,1
22373,true,0.01,1
22374,false,0.01,1
22375,true,0.01,1
22376,false,0.01,1
22377,true,0.01,1
22378,true,0.01,1
22379,true,0.01,1
22380,true,0.01,1
22381,true,0.01,1
22382,true,0.01,1
22383,true,0.01,1
22384,false,0.01,1
22385,true,0.01,1
22386,true,0.01,1
22387,true,0.01,1
22388,true,0.01,1
22389,true,0.01,1
22390,true,0.01,1
22391,true,0.01,1
22392,true,0.01,1
22393,true,0.01,1
22394,true,0.01,1
22395,true,0.01,1
22396,true,0.01,1
22397,true,0.01,1
22398,true,0.01,1
22399,true,0.01,1
22400,true,0.01,1
22401,false,0.01,1
22402,true,0.01,1
22403,true,0.01,1
22404,true,0.01,1
22405,true,0.01,1
22406,true,0.01,1
22407,true,0.01,1
22408,true,0.01,1
22409,true,0.01,1
22410,true,0.01,1
22411,true,0.01,1
22412,true,0.01,1
22413,true,0.01,1
22414,true,0.01,1
22415,true,0.01,1
22416,true,0.01,1
22417,true,0.01,1
22418,true,0.01,1
22419,false,0.01,1
22420,true,0.01,1
22421,false,0.01,1
22422,true,0.01,1
22423,true,0.01,1
22424,true,0.01,1
22425,true,0.01,1
22426,true,0.01,1
22427,true,0.01,1
22428,true,0.01,1
22429,true,0.01,1
22430,false,0.01,1
22431,true,0.01,1
22432,true,0.01,1
22433,true,0.01,1
22434,true,0.01,1
22435,true,0.01,1
22436,true,0.01,1
22437,true,0.01,1
22438,true,0.01,1
22439,true,0.01,1
22440,true,0.01,1
22441,true,0.01,1
22442,true,0.01,1
22443,false,0.01,1
22444,false,0.01,1
22445,false,0.01,1
22446,true,0.01,1
22447,true,0.01,1
22448,true,0.01,1
22449,true,0.01,1
22450,true,0.01,1
22451,true,0.01,1
22452,false,0.01,1
22453,false,0.01,1
22454,false,0.01,1
22455,true,0.01,1
22456,true,0.01,1
22457,true,0.01,1
22458,true,0.01,1
22459,true,0.01,1
22460,true,0.01,1
22461,false,0.01,1
22462,true,0.01,1
22463,true,0.01,1
22464,true,0.01,1
22465,true,0.01,1
22466,true,0.01,1
22467,true,0.01,1
22468,true,0.01,1
22469,true,0.01,1
22470,false,0.01,1
22471,false,0.01,1
22472,false,0.01,1
22473,true,0.01,1
22474,true,0.01,1
22475,true,0.01,1
22476,true,0.01,1
22477,true,0.01,1
22478,true,0.01,1
22479,true,0.01,1
22480,true,0.01,1
22481,true,0.01,1
22482,true,0.01,1
22483,true,0.01,1
22484,true,0.01,1
22485,true,0.01,1
22486,true,0.01,1
22487,true,0.01,1
22488,true,0.01,1
22489,true,0.01,1
22490,true,0.01,1
22491,true,0.01,1
22492,true,0.01,1
22493,true,0.01,1
22494,true,0.01,1
22495,true,0.01,1
22496,true,0.01,1
22497,true,0.01,1
22498,true,0.01,1
22499,true,0.01,1
22500,true,0.01,1
22501,true,0.01,1
22502,true,0.01,1
22503,true,0.01,1
22504,true,0.01,1
22505,true,0.01,1
22506,true,0.01,1
22507,true,0.01,1
22508,true,0.01,1
22509,true,0.01,1
22510,true,0.01,1
22511,true,0.01,1
22512,true,0.01,1
22513,true,0.01,1
22514,true,0.01,1
22515,true,0.01,1
22516,true,0.01,1
22517,true,0.01,1
22518,false,0.01,1
22519,false,0.01,1
22520,true,0.01,1
22521,false,0.01,1
22522,false,0.01,1
22523,false,0.01,1
22524,false,0.01,1
22525,false,0.01,1
22526,false,0.01,1
22527,false,0.01,1
22528,true,0.01,1
22529,true,0.01,1
22530,false,0.01,1
22531,false,0.01,1
22532,false,0.01,1
22533,false,0.01,1
22534,false,0.01,1
22535,false,0.01,1
22536,false,0.01,1
22537,true,0.01,1
22538,true,0.01,1
22539,true,0.01,1
22540,true,0.01,1
22541,true,0.01,1
22542,false,0.01,1
22543,false,0.01,1
#---------- Wed Nov 30 06:12:22 PST 2022 ----------
#Format: Task Counter Number,Did Simulation Succeed,Last Step Size Used,Number of Simulations Attempted
22546,true,0.01,1
22556,true,0.01,1
22567,true,0.01,1
22577,true,0.01,1
22588,false,0.01,1
22597,false,0.01,1
22607,true,0.01,1
22619,false,0.01,1
22623,true,0.01,1
22633,true,0.01,1
22646,false,0.01,1
22651,true,0.01,1
22661,true,0.01,1
22671,false,0.01,1
22681,true,0.01,1
22692,true,0.01,1
22701,true,0.01,1
22710,true,0.01,1
22720,true,0.01,1
22730,true,0.01,1
22740,true,0.01,1
22750,true,0.01,1
22760,true,0.01,1
22770,true,0.01,1
22780,true,0.01,1
22790,true,0.01,1
22800,true,0.01,1
22810,true,0.01,1
22820,true,0.01,1
22830,true,0.01,1
22841,true,0.01,1
22852,false,0.01,1
22860,true,0.01,1
22872,true,0.01,1
22879,false,0.01,1
22889,false,0.01,1
22897,true,0.01,1
22909,true,0.01,1
22919,true,0.01,1
22929,false,0.01,1
22934,true,0.01,1
22950,true,0.01,1
22955,true,0.01,1
22969,true,0.01,1
22981,true,0.01,1
22989,true,0.01,1
22995,true,0.01,1
23005,true,0.01,1
23018,false,0.01,1
23031,true,0.01,1
23041,true,0.01,1
23051,true,0.01,1
23061,true,0.01,1
23071,true,0.01,1
23086,false,0.01,1
23092,false,0.01,1
23102,false,0.01,1
23113,true,0.01,1
23125,true,0.01,1
23132,true,0.01,1
23146,true,0.01,1
23154,true,0.01,1
23161,true,0.01,1
23169,true,0.01,1
23181,false,0.01,1
23187,true,0.01,1
23198,true,0.01,1
23211,true,0.01,1
23221,true,0.01,1
23231,true,0.01,1
23242,true,0.01,1
23250,false,0.01,1
23260,false,0.01,1
23270,false,0.01,1
23282,false,0.01,1
23288,false,0.01,1
23299,false,0.01,1
23308,false,0.01,1
23320,true,0.01,1
23326,false,0.01,1
23335,false,0.01,1
23344,false,0.01,1
23354,false,0.01,1
23362,false,0.01,1
23371,false,0.01,1
23378,false,0.01,1
23388,false,0.01,1
23396,false,0.01,1
23404,true,0.01,1
23417,false,0.01,1
23422,false,0.01,1
23433,false,0.01,1
23441,false,0.01,1
23450,false,0.01,1
23460,false,0.01,1
23470,false,0.01,1
23480,false,0.01,1
23489,false,0.01,1
23499,true,0.01,1
23509,true,0.01,1
23519,true,0.01,1
23528,true,0.01,1
23537,true,0.01,1
23545,true,0.01,1
23555,true,0.01,1
23564,true,0.01,1
23574,false,0.01,1
23580,false,0.01,1
23598,true,0.01,1
23608,false,0.01,1
23618,true,0.01,1
23631,false,0.01,1
23638,false,0.01,1
23650,false,0.01,1
23653,false,0.01,1
23669,false,0.01,1
23678,false,0.01,1
23685,false,0.01,1
23695,false,0.01,1
23703,false,0.01,1
23712,false,0.01,1
23718,false,0.01,1
23725,true,0.01,1
23738,false,0.01,1
23745,false,0.01,1
23758,false,0.01,1
23766,false,0.01,1
23773,false,0.01,1
23786,false,0.01,1
23793,false,0.01,1
23805,true,0.01,1
23815,false,0.01,1
23827,false,0.01,1
23838,false,0.01,1
23847,false,0.01,1
23852,false,0.01,1
23868,true,0.01,1
23878,false,0.01,1
23888,true,0.01,1
23901,false,0.01,1
23907,false,0.01,1
23921,false,0.01,1
23930,false,0.01,1
23939,false,0.01,1
23949,true,0.01,1
23959,true,0.01,1
23969,true,0.01,1
23981,false,0.01,1
23990,false,0.01,1
24002,false,0.01,1
24006,false,0.01,1
24021,true,0.01,1
24031,true,0.01,1
24041,true,0.01,1
24052,false,0.01,1
24062,true,0.01,1
24074,true,0.01,1
24084,false,0.01,1
24093,false,0.01,1
24099,true,0.01,1
24111,false,0.01,1
24121,false,0.01,1
24132,true,0.01,1
24142,true,0.01,1
24152,true,0.01,1
24162,true,0.01,1
24172,true,0.01,1
24182,true,0.01,1
24190,true,0.01,1
24199,true,0.01,1
24207,true,0.01,1
24217,true,0.01,1
24225,true,0.01,1
24238,true,0.01,1
24247,true,0.01,1
24257,true,0.01,1
24268,true,0.01,1
24278,true,0.01,1
24285,true,0.01,1
24295,true,0.01,1
24304,true,0.01,1
24316,true,0.01,1
24327,false,0.01,1
24333,true,0.01,1
24345,false,0.01,1
24353,true,0.01,1
24364,true,0.01,1
24375,true,0.01,1
24386,false,0.01,1
24397,true,0.01,1
24406,true,0.01,1
24416,true,0.01,1
24427,true,0.01,1
24436,true,0.01,1
24446,true,0.01,1
24456,true,0.01,1
24466,true,0.01,1
24476,true,0.01,1
24484,true,0.01,1
24492,true,0.01,1
24501,true,0.01,1
24510,true,0.01,1
24520,true,0.01,1
24530,true,0.01,1
24539,true,0.01,1
24549,true,0.01,1
24559,true,0.01,1
24567,true,0.01,1
24579,false,0.01,1
24589,true,0.01,1
24599,false,0.01,1
24608,false,0.01,1
24617,false,0.01,1
24627,true,0.01,1
24636,true,0.01,1
24646,true,0.01,1
24655,true,0.01,1
24663,true,0.01,1
24671,true,0.01,1
24681,true,0.01,1
24691,true,0.01,1
24701,true,0.01,1
24709,true,0.01,1
24722,false,0.01,1
24730,false,0.01,1
24736,true,0.01,1
24749,true,0.01,1
24756,true,0.01,1
24766,true,0.01,1
24775,true,0.01,1
24784,true,0.01,1
24794,true,0.01,1
24804,false,0.01,1
24816,true,0.01,1
24825,true,0.01,1
24835,true,0.01,1
24845,true,0.01,1
24860,false,0.01,1
24865,true,0.01,1
24874,true,0.01,1
24883,true,0.01,1
24892,true,0.01,1
24901,true,0.01,1
24910,true,0.01,1
24920,true,0.01,1
24929,true,0.01,1
24939,true,0.01,1
24949,true,0.01,1
24959,true,0.01,1
24969,true,0.01,1
24978,true,0.01,1
24988,true,0.01,1
24998,true,0.01,1
25006,true,0.01,1
25016,true,0.01,1
25025,true,0.01,1
25037,true,0.01,1
25048,false,0.01,1
25053,true,0.01,1
25063,true,0.01,1
25075,false,0.01,1
25081,true,0.01,1
25092,true,0.01,1
25104,true,0.01,1
25117,true,0.01,1
25127,true,0.01,1
25134,true,0.01,1
25139,true,0.01,1
25155,true,0.01,1
25166,true,0.01,1
25176,true,0.01,1
25183,true,0.01,1
25194,true,0.01,1
25203,true,0.01,1
25217,false,0.01,1
25226,false,0.01,1
25236,true,0.01,1
25246,true,0.01,1
25255,true,0.01,1
25265,true,0.01,1
25276,true,0.01,1
25290,true,0.01,1
25302,true,0.01,1
25312,true,0.01,1
25322,true,0.01,1
25336,false,0.01,1
25346,false,0.01,1
25354,false,0.01,1
25364,true,0.01,1
25377,true,0.01,1
25384,true,0.01,1
25393,true,0.01,1
25403,true,0.01,1
25414,true,0.01,1
25424,true,0.01,1
25433,true,0.01,1
25442,false,0.01,1
25451,false,0.01,1
25457,true,0.01,1
25470,true,0.01,1
25480,true,0.01,1
25490,true,0.01,1
25500,true,0.01,1
25510,true,0.01,1
25520,false,0.01,1
25528,true,0.01,1
25541,true,0.01,1
25553,false,0.01,1
25560,false,0.01,1
25565,true,0.01,1
25579,false,0.01,1
25583,true,0.01,1
25597,false,0.01,1
25607,true,0.01,1
25618,true,0.01,1
25626,true,0.01,1
25635,true,0.01,1
25642,true,0.01,1
25655,true,0.01,1
25663,true,0.01,1
25670,true,0.01,1
25686,true,0.01,1
25696,true,0.01,1
25706,true,0.01,1
25716,true,0.01,1
25726,true,0.01,1
25736,true,0.01,1
25745,true,0.01,1
25751,true,0.01,1
25765,false,0.01,1
25776,false,0.01,1
25781,true,0.01,1
25792,false,0.01,1
25800,true,0.01,1
25811,false,0.01,1
25821,false,0.01,1
25826,true,0.01,1
25839,true,0.01,1
25850,false,0.01,1
25859,true,0.01,1
25875,true,0.01,1
25885,true,0.01,1
25898,true,0.01,1
25907,true,0.01,1
25917,true,0.01,1
25924,false,0.01,1
25935,false,0.01,1
25942,true,0.01,1
25952,true,0.01,1
25965,true,0.01,1
25975,true,0.01,1
25985,true,0.01,1
25995,true,0.01,1
26005,false,0.01,1
26015,false,0.01,1
26027,false,0.01,1
26038,true,0.01,1
26048,true,0.01,1
26065,true,0.01,1
26080,false,0.01,1
26086,false,0.01,1
26100,true,0.01,1
26110,true,0.01,1
26127,true,0.01,1
26137,true,0.01,1
26146,true,0.01,1
26161,false,0.01,1
26166,true,0.01,1
26181,true,0.01,1
26191,true,0.01,1
26201,true,0.01,1
26212,false,0.01,1
26227,true,0.01,1
26237,true,0.01,1
26247,true,0.01,1
26256,true,0.01,1
26264,false,0.01,1
26274,true,0.01,1
26283,true,0.01,1
26292,true,0.01,1
26302,true,0.01,1
26311,true,0.01,1
26320,true,0.01,1
26330,true,0.01,1
26340,true,0.01,1
26350,true,0.01,1
26360,true,0.01,1
26370,true,0.01,1
26380,true,0.01,1
26386,true,0.01,1
26396,true,0.01,1
26406,true,0.01,1
26416,true,0.01,1
26425,true,0.01,1
26434,true,0.01,1
26446,true,0.01,1
26456,true,0.01,1
26466,true,0.01,1
26476,true,0.01,1
26488,true,0.01,1
26498,true,0.01,1
26511,true,0.01,1
26518,true,0.01,1
26527,true,0.01,1
26536,true,0.01,1
26546,true,0.01,1
26557,true,0.01,1
26565,true,0.01,1
26577,true,0.01,1
26587,true,0.01,1
26597,true,0.01,1
26609,true,0.01,1
26619,true,0.01,1
26629,true,0.01,1
26639,true,0.01,1
26648,true,0.01,1
26658,false,0.01,1
26668,true,0.01,1
26678,true,0.01,1
26690,true,0.01,1
26700,true,0.01,1
26710,true,0.01,1
26720,true,0.01,1
26733,true,0.01,1
26740,true,0.01,1
26751,true,0.01,1
26760,true,0.01,1
26769,true,0.01,1
26778,true,0.01,1
26788,true,0.01,1
26798,true,0.01,1
26808,true,0.01,1
26820,true,0.01,1
26830,true,0.01,1
26840,true,0.01,1
26850,true,0.01,1
26860,true,0.01,1
26870,true,0.01,1
26880,true,0.01,1
26890,true,0.01,1
26900,false,0.01,1
26910,false,0.01,1
26918,true,0.01,1
26926,true,0.01,1
26934,false,0.01,1
26944,true,0.01,1
26951,true,0.01,1
26959,true,0.01,1
26967,true,0.01,1
26974,true,0.01,1
26983,true,0.01,1
26990,true,0.01,1
26998,true,0.01,1
27006,true,0.01,1
27014,true,0.01,1
27019,true,0.01,1
27028,true,0.01,1
27040,true,0.01,1
27046,true,0.01,1
27057,true,0.01,1
27063,true,0.01,1
27070,true,0.01,1
27078,true,0.01,1
27087,true,0.01,1
27094,true,0.01,1
27102,true,0.01,1
27110,true,0.01,1
27119,true,0.01,1
27128,true,0.01,1
27136,true,0.01,1
27143,true,0.01,1
27151,true,0.01,1
27159,true,0.01,1
27167,true,0.01,1
27174,true,0.01,1
27181,true,0.01,1
27188,true,0.01,1
27199,true,0.01,1
27204,true,0.01,1
27212,true,0.01,1
27219,true,0.01,1
27227,true,0.01,1
27234,true,0.01,1
27242,true,0.01,1
27250,true,0.01,1
27258,true,0.01,1
27268,true,0.01,1
27275,true,0.01,1
27283,true,0.01,1
27288,true,0.01,1
27298,true,0.01,1
27305,true,0.01,1
27313,true,0.01,1
27321,true,0.01,1
27329,true,0.01,1
27337,true,0.01,1
27345,true,0.01,1
27353,true,0.01,1
27361,true,0.01,1
27370,true,0.01,1
27381,true,0.01,1
27391,true,0.01,1
27401,true,0.01,1
27409,true,0.01,1
27419,true,0.01,1
27426,true,0.01,1
27435,true,0.01,1
27445,true,0.01,1
27458,true,0.01,1
27466,true,0.01,1
27476,true,0.01,1
27485,true,0.01,1
27494,true,0.01,1
27503,true,0.01,1
27512,true,0.01,1
27522,true,0.01,1
27532,true,0.01,1
27544,true,0.01,1
27554,true,0.01,1
27562,true,0.01,1
27572,true,0.01,1
27582,true,0.01,1
27592,true,0.01,1
27603,true,0.01,1
27612,true,0.01,1
27620,true,0.01,1
27630,true,0.01,1
27640,true,0.01,1
27650,true,0.01,1
27660,true,0.01,1
27670,true,0.01,1
27680,true,0.01,1
27690,false,0.01,1
27701,true,0.01,1
27710,false,0.01,1
27720,true,0.01,1
27731,false,0.01,1
27742,true,0.01,1
27752,true,0.01,1
27762,false,0.01,1
27774,true,0.01,1
27784,true,0.01,1
27793,true,0.01,1
27804,true,0.01,1
27814,true,0.01,1
27824,true,0.01,1
27833,true,0.01,1
27842,true,0.01,1
27852,false,0.01,1
27858,true,0.01,1
27866,true,0.01,1
27876,true,0.01,1
27886,true,0.01,1
27896,true,0.01,1
27904,true,0.01,1
27916,false,0.01,1
27932,true,0.01,1
27937,true,0.01,1
27945,true,0.01,1
27957,false,0.01,1
27970,false,0.01,1
27975,false,0.01,1
27991,true,0.01,1
28001,false,0.01,1
28011,true,0.01,1
28021,true,0.01,1
28031,false,0.01,1
28038,true,0.01,1
28051,false,0.01,1
28058,true,0.01,1
28068,false,0.01,1
28078,false,0.01,1
28088,false,0.01,1
28098,true,0.01,1
28108,true,0.01,1
28120,true,0.01,1
28134,true,0.01,1
28143,true,0.01,1
28151,false,0.01,1
28159,false,0.01,1
28174,true,0.01,1
28184,true,0.01,1
28192,false,0.01,1
28199,false,0.01,1
28209,false,0.01,1
28221,false,0.01,1
28229,false,0.01,1
28240,false,0.01,1
28245,true,0.01,1
28255,false,0.01,1
28266,false,0.01,1
28276,false,0.01,1
28286,false,0.01,1
28296,true,0.01,1
28306,true,0.01,1
28315,true,0.01,1
28325,true,0.01,1
28335,true,0.01,1
28344,true,0.01,1
28354,false,0.01,1
28364,false,0.01,1
28372,false,0.01,1
28385,false,0.01,1
28392,false,0.01,1
28400,false,0.01,1
28411,false,0.01,1
28425,true,0.01,1
28433,false,0.01,1
28443,true,0.01,1
28455,true,0.01,1
28460,false,0.01,1
28476,true,0.01,1
28488,true,0.01,1
28498,true,0.01,1
28507,true,0.01,1
28518,true,0.01,1
28527,true,0.01,1
28536,true,0.01,1
28544,true,0.01,1
28552,true,0.01,1
28561,true,0.01,1
28571,true,0.01,1
28579,true,0.01,1
28588,true,0.01,1
28598,true,0.01,1
28607,true,0.01,1
28617,true,0.01,1
28625,true,0.01,1
28634,true,0.01,1
28642,true,0.01,1
28649,true,0.01,1
28658,true,0.01,1
28670,true,0.01,1
28677,true,0.01,1
28683,false,0.01,1
28692,true,0.01,1
28702,true,0.01,1
28711,true,0.01,1
28719,true,0.01,1
28728,true,0.01,1
28742,true,0.01,1
28746,true,0.01,1
28760,true,0.01,1
28765,true,0.01,1
28779,true,0.01,1
28788,true,0.01,1
28794,true,0.01,1
28801,true,0.01,1
28810,true,0.01,1
28819,true,0.01,1
28828,true,0.01,1
28837,false,0.01,1
28846,true,0.01,1
28854,false,0.01,1
28863,true,0.01,1
28872,true,0.01,1
28882,true,0.01,1
28891,true,0.01,1
28900,true,0.01,1
28911,true,0.01,1
28917,false,0.01,1
28927,false,0.01,1
28935,true,0.01,1
28947,true,0.01,1
28957,true,0.01,1
28968,true,0.01,1
28975,true,0.01,1
28985,true,0.01,1
28991,false,0.01,1
28999,true,0.01,1
29008,true,0.01,1
29017,true,0.01,1
29025,true,0.01,1
29035,true,0.01,1
29045,true,0.01,1
29055,true,0.01,1
29063,true,0.01,1
29074,true,0.01,1
29083,true,0.01,1
29097,false,0.01,1
29107,true,0.01,1
29116,true,0.01,1
29125,true,0.01,1
29135,true,0.01,1
29145,true,0.01,1
29154,true,0.01,1
29162,false,0.01,1
29172,true,0.01,1
29181,true,0.01,1
29191,true,0.01,1
29201,true,0.01,1
29211,true,0.01,1
29221,true,0.01,1
29229,true,0.01,1
29236,true,0.01,1
29248,true,0.01,1
29255,true,0.01,1
29266,true,0.01,1
29274,true,0.01,1
29281,true,0.01,1
29290,true,0.01,1
29300,true,0.01,1
29307,true,0.01,1
29315,true,0.01,1
29328,true,0.01,1
29337,true,0.01,1
29346,true,0.01,1
29355,true,0.01,1
29364,true,0.01,1
29373,true,0.01,1
29384,true,0.01,1
29393,true,0.01,1
29401,true,0.01,1
29413,true,0.01,1
29424,true,0.01,1
29434,true,0.01,1
29443,true,0.01,1
29452,true,0.01,1
29462,true,0.01,1
29470,true,0.01,1
29478,true,0.01,1
29486,true,0.01,1
29497,true,0.01,1
29506,true,0.01,1
29515,true,0.01,1
29524,true,0.01,1
29532,true,0.01,1
29541,true,0.01,1
29550,true,0.01,1
29559,true,0.01,1
29565,true,0.01,1
29575,true,0.01,1
29585,true,0.01,1
29594,true,0.01,1
29609,false,0.01,1
29618,true,0.01,1
29628,true,0.01,1
29634,true,0.01,1
29644,true,0.01,1
29654,true,0.01,1
29665,false,0.01,1
29672,true,0.01,1
29679,true,0.01,1
29689,true,0.01,1
29698,true,0.01,1
29708,true,0.01,1
29717,true,0.01,1
29724,true,0.01,1
29730,true,0.01,1
29739,true,0.01,1
29752,false,0.01,1
29760,false,0.01,1
29766,true,0.01,1
29776,true,0.01,1
29786,true,0.01,1
29795,true,0.01,1
29803,true,0.01,1
29808,true,0.01,1
29818,true,0.01,1
29828,true,0.01,1
29842,false,0.01,1
29847,true,0.01,1
29858,true,0.01,1
29871,true,0.01,1
29878,false,0.01,1
29886,false,0.01,1
29896,false,0.01,1
29907,true,0.01,1
29917,true,0.01,1
29934,false,0.01,1
29937,true,0.01,1
29946,true,0.01,1
29956,true,0.01,1
29968,false,0.01,1
29974,false,0.01,1
29982,true,0.01,1
29994,false,0.01,1
30000,true,0.01,1
30010,true,0.01,1
30020,true,0.01,1
30029,true,0.01,1
30039,false,0.01,1
30047,true,0.01,1
30058,false,0.01,1
30063,true,0.01,1
30076,false,0.01,1
30082,true,0.01,1
30092,true,0.01,1
30102,false,0.01,1
30112,false,0.01,1
30126,true,0.01,1
30136,false,0.01,1
30144,true,0.01,1
30151,true,0.01,1
30168,true,0.01,1
30178,true,0.01,1
30192,false,0.01,1
30197,true,0.01,1
30213,true,0.01,1
30223,true,0.01,1
30233,true,0.01,1
30241,true,0.01,1
30251,true,0.01,1
30261,true,0.01,1
30271,true,0.01,1
30281,true,0.01,1
30292,false,0.01,1
30297,true,0.01,1
30311,false,0.01,1
30318,false,0.01,1
30324,false,0.01,1
30335,false,0.01,1
30348,true,0.01,1
30356,false,0.01,1
30366,true,0.01,1
30375,true,0.01,1
30390,false,0.01,1
30398,false,0.01,1
30404,true,0.01,1
30419,false,0.01,1
30425,false,0.01,1
30434,false,0.01,1
30445,false,0.01,1
30453,false,0.01,1
30460,false,0.01,1
30472,false,0.01,1
30477,false,0.01,1
30493,true,0.01,1
30503,true,0.01,1
30514,false,0.01,1
30523,false,0.01,1
30536,false,0.01,1
30545,false,0.01,1
30552,false,0.01,1
30557,true,0.01,1
30573,true,0.01,1
30583,true,0.01,1
30593,true,0.01,1
30603,false,0.01,1
30613,false,0.01,1
30623,true,0.01,1
30633,true,0.01,1
30644,true,0.01,1
30653,true,0.01,1
30662,true,0.01,1
30670,true,0.01,1
30679,true,0.01,1
30691,false,0.01,1
30700,true,0.01,1
30709,true,0.01,1
30718,true,0.01,1
30727,true,0.01,1
30736,true,0.01,1
30746,true,0.01,1
30758,true,0.01,1
30767,true,0.01,1
30777,true,0.01,1
30784,true,0.01,1
30794,true,0.01,1
30804,true,0.01,1
30813,true,0.01,1
30823,true,0.01,1
30832,true,0.01,1
30839,true,0.01,1
30848,true,0.01,1
30856,true,0.01,1
30864,true,0.01,1
30874,true,0.01,1
30886,true,0.01,1
30895,true,0.01,1
30907,false,0.01,1
30915,false,0.01,1
30922,true,0.01,1
30932,true,0.01,1
30939,true,0.01,1
30949,true,0.01,1
30959,true,0.01,1
30968,true,0.01,1
30977,true,0.01,1
30988,true,0.01,1
30997,true,0.01,1
31007,true,0.01,1
31017,true,0.01,1
31026,true,0.01,1
31036,true,0.01,1
31044,true,0.01,1
31052,true,0.01,1
31061,true,0.01,1
31071,true,0.01,1
31079,true,0.01,1
31089,true,0.01,1
31098,true,0.01,1
31108,true,0.01,1
31116,true,0.01,1
31126,true,0.01,1
31136,true,0.01,1
31146,true,0.01,1
31157,true,0.01,1
31167,false,0.01,1
31173,true,0.01,1
31184,true,0.01,1
31191,true,0.01,1
31200,true,0.01,1
31210,true,0.01,1
31220,true,0.01,1
31230,false,0.01,1
31241,true,0.01,1
31251,true,0.01,1
31261,true,0.01,1
31270,true,0.01,1
31278,true,0.01,1
31288,true,0.01,1
31297,true,0.01,1
31305,true,0.01,1
31315,true,0.01,1
31325,true,0.01,1
31333,true,0.01,1
31343,true,0.01,1
31353,true,0.01,1
31360,true,0.01,1
31371,true,0.01,1
31381,true,0.01,1
31393,false,0.01,1
31403,false,0.01,1
31408,true,0.01,1
31417,true,0.01,1
31423,true,0.01,1
31434,true,0.01,1
31443,true,0.01,1
31449,true,0.01,1
31459,true,0.01,1
31468,true,0.01,1
31478,true,0.01,1
31489,true,0.01,1
31498,true,0.01,1
31508,true,0.01,1
31516,true,0.01,1
31525,true,0.01,1
31535,true,0.01,1
31543,true,0.01,1
31552,true,0.01,1
31561,true,0.01,1
31571,true,0.01,1
31580,true,0.01,1
31586,true,0.01,1
31596,true,0.01,1
31609,true,0.01,1
31619,false,0.01,1
31623,true,0.01,1
31633,true,0.01,1
31643,true,0.01,1
31653,true,0.01,1
31666,true,0.01,1
31678,true,0.01,1
31688,true,0.01,1
31694,true,0.01,1
31707,true,0.01,1
31718,true,0.01,1
31728,true,0.01,1
31736,true,0.01,1
31746,true,0.01,1
31755,true,0.01,1
31762,true,0.01,1
31771,true,0.01,1
31782,true,0.01,1
31788,true,0.01,1
31797,true,0.01,1
31806,true,0.01,1
31817,true,0.01,1
31830,true,0.01,1
31833,true,0.01,1
31848,true,0.01,1
31854,true,0.01,1
31863,true,0.01,1
31872,true,0.01,1
31881,true,0.01,1
31889,false,0.01,1
31897,false,0.01,1
31906,false,0.01,1
31914,true,0.01,1
31923,true,0.01,1
31932,true,0.01,1
31941,true,0.01,1
31950,true,0.01,1
31959,true,0.01,1
31968,true,0.01,1
31977,true,0.01,1
31986,true,0.01,1
31995,true,0.01,1
32004,true,0.01,1
32013,true,0.01,1
32022,true,0.01,1
32031,true,0.01,1
32040,true,0.01,1
32049,true,0.01,1
32058,true,0.01,1
32067,true,0.01,1
32076,false,0.01,1
32085,false,0.01,1
32091,true,0.01,1
32102,true,0.01,1
32110,true,0.01,1
32118,true,0.01,1
32125,true,0.01,1
32139,false,0.01,1
32141,false,0.01,1
32150,false,0.01,1
32159,false,0.01,1
32168,true,0.01,1
32178,true,0.01,1
32188,true,0.01,1
32194,true,0.01,1
32205,true,0.01,1
32214,true,0.01,1
32220,false,0.01,1
32229,true,0.01,1
32238,true,0.01,1
32252,false,0.01,1
32256,true,0.01,1
32265,true,0.01,1
32276,true,0.01,1
32287,true,0.01,1
32292,true,0.01,1
32303,true,0.01,1
32315,true,0.01,1
32320,false,0.01,1
32330,false,0.01,1
32344,false,0.01,1
32352,true,0.01,1
32362,true,0.01,1
32367,true,0.01,1
32381,true,0.01,1
32387,true,0.01,1
32398,true,0.01,1
32403,true,0.01,1
32412,true,0.01,1
32421,true,0.01,1
32427,true,0.01,1
32439,true,0.01,1
32445,true,0.01,1
32457,true,0.01,1
32463,true,0.01,1
32476,true,0.01,1
32481,true,0.01,1
32495,false,0.01,1
32501,true,0.01,1
32509,true,0.01,1
32524,false,0.01,1
32526,true,0.01,1
32538,true,0.01,1
32551,true,0.01,1
32558,true,0.01,1
32565,true,0.01,1
32573,false,0.01,1
32588,false,0.01,1
32597,false,0.01,1
32607,false,0.01,1
32609,true,0.01,1
32626,false,0.01,1
32634,false,0.01,1
32641,false,0.01,1
32645,false,0.01,1
32659,false,0.01,1
32662,true,0.01,1
32678,false,0.01,1
32682,true,0.01,1
32688,true,0.01,1
32700,true,0.01,1
32707,true,0.01,1
32722,false,0.01,1
32726,false,0.01,1
32733,true,0.01,1
32746,true,0.01,1
32755,true,0.01,1
32765,true,0.01,1
32775,false,0.01,1
32777,false,0.01,1
32785,false,0.01,1
32793,false,0.01,1
32801,true,0.01,1
32809,true,0.01,1
32817,true,0.01,1
32825,false,0.01,1
32832,true,0.01,1
32841,true,0.01,1
32850,true,0.01,1
32859,true,0.01,1
32868,true,0.01,1
32876,true,0.01,1
32884,true,0.01,1
32892,true,0.01,1
32900,true,0.01,1
32907,true,0.01,1
32913,true,0.01,1
32921,true,0.01,1
32929,true,0.01,1
32936,true,0.01,1
32942,true,0.01,1
32953,true,0.01,1
32959,true,0.01,1
32967,false,0.01,1
32975,true,0.01,1
32983,true,0.01,1
32991,true,0.01,1
32999,true,0.01,1
33007,true,0.01,1
33011,true,0.01,1
33019,true,0.01,1
33027,true,0.01,1
33035,true,0.01,1
33043,true,0.01,1
33050,false,0.01,1
33059,true,0.01,1
33070,true,0.01,1
33077,true,0.01,1
33086,false,0.01,1
33094,true,0.01,1
33101,true,0.01,1
33109,true,0.01,1
33117,true,0.01,1
33125,true,0.01,1
33130,true,0.01,1
33138,true,0.01,1
33146,true,0.01,1
33154,true,0.01,1
33161,true,0.01,1
33169,true,0.01,1
33176,true,0.01,1
33185,true,0.01,1
33193,true,0.01,1
33201,true,0.01,1
33209,true,0.01,1
33217,true,0.01,1
33225,true,0.01,1
33231,true,0.01,1
33237,false,0.01,1
33246,false,0.01,1
33255,false,0.01,1
33263,true,0.01,1
33270,true,0.01,1
33278,true,0.01,1
33286,true,0.01,1
33293,true,0.01,1
33301,true,0.01,1
33308,true,0.01,1
33316,true,0.01,1
33324,true,0.01,1
33332,true,0.01,1
33340,true,0.01,1
33347,true,0.01,1
33354,true,0.01,1
33364,true,0.01,1
33371,true,0.01,1
33379,true,0.01,1
33387,true,0.01,1
33395,true,0.01,1
33402,true,0.01,1
33408,true,0.01,1
33416,true,0.01,1
33424,true,0.01,1
33432,true,0.01,1
33440,true,0.01,1
33448,true,0.01,1
33452,true,0.01,1
33460,true,0.01,1
33468,true,0.01,1
33476,true,0.01,1
33485,true,0.01,1
33493,true,0.01,1
33499,false,0.01,1
33509,true,0.01,1
33515,true,0.01,1
33522,true,0.01,1
33530,true,0.01,1
33537,true,0.01,1
33542,true,0.01,1
33548,true,0.01,1
33555,true,0.01,1
33562,true,0.01,1
33570,true,0.01,1
33578,true,0.01,1
33585,true,0.01,1
33592,true,0.01,1
33596,true,0.01,1
33603,true,0.01,1
33608,true,0.01,1
33619,true,0.01,1
33624,true,0.01,1
33632,true,0.01,1
33638,true,0.01,1
33645,true,0.01,1
33652,true,0.01,1
33660,true,0.01,1
33667,true,0.01,1
33673,true,0.01,1
33680,true,0.01,1
33688,true,0.01,1
33697,true,0.01,1
33704,true,0.01,1
33711,true,0.01,1
33718,true,0.01,1
33724,true,0.01,1
33731,true,0.01,1
33738,true,0.01,1
33745,true,0.01,1
33752,true,0.01,1
33758,true,0.01,1
33766,true,0.01,1
33770,true,0.01,1
33777,true,0.01,1
33784,true,0.01,1
33791,true,0.01,1
33798,true,0.01,1
33805,true,0.01,1
33813,true,0.01,1
33821,true,0.01,1
33827,true,0.01,1
33834,true,0.01,1
33838,true,0.01,1
33845,true,0.01,1
33851,true,0.01,1
33861,true,0.01,1
33868,true,0.01,1
33874,true,0.01,1
33882,true,0.01,1
33888,true,0.01,1
33895,true,0.01,1
33902,true,0.01,1
33909,true,0.01,1
33916,true,0.01,1
33923,true,0.01,1
33931,true,0.01,1
33936,true,0.01,1
33944,true,0.01,1
33951,true,0.01,1
33957,true,0.01,1
33964,true,0.01,1
33972,true,0.01,1
33979,true,0.01,1
33986,true,0.01,1
33993,true,0.01,1
33999,true,0.01,1
34005,true,0.01,1
34012,true,0.01,1
34019,true,0.01,1
34026,true,0.01,1
34033,true,0.01,1
34040,true,0.01,1
34046,true,0.01,1
34053,true,0.01,1
34060,true,0.01,1
34066,true,0.01,1
34074,true,0.01,1
34082,true,0.01,1
34089,true,0.01,1
34096,true,0.01,1
34100,true,0.01,1
34106,true,0.01,1
34113,true,0.01,1
34120,true,0.01,1
34127,true,0.01,1
34134,true,0.01,1
34141,true,0.01,1
34147,true,0.01,1
34155,true,0.01,1
34160,true,0.01,1
34167,true,0.01,1
34173,true,0.01,1
34180,true,0.01,1
34186,true,0.01,1
34193,true,0.01,1
34200,true,0.01,1
34207,true,0.01,1
34215,true,0.01,1
34222,true,0.01,1
34228,true,0.01,1
34235,true,0.01,1
34244,true,0.01,1
34252,true,0.01,1
34257,true,0.01,1
34264,false,0.01,1
34273,false,0.01,1
34279,false,0.01,1
34286,false,0.01,1
34293,false,0.01,1
34300,false,0.01,1
34307,false,0.01,1
34314,false,0.01,1
34321,false,0.01,1
34328,true,0.01,1
34335,true,0.01,1
34342,false,0.01,1
34349,true,0.01,1
34356,true,0.01,1
34362,true,0.01,1
34368,false,0.01,1
34376,true,0.01,1
34382,true,0.01,1
34389,true,0.01,1
34394,true,0.01,1
34401,true,0.01,1
34408,true,0.01,1
34415,false,0.01,1
34422,true,0.01,1
34429,true,0.01,1
34436,true,0.01,1
34443,true,0.01,1
34449,false,0.01,1
34457,true,0.01,1
34461,true,0.01,1
34468,true,0.01,1
34474,true,0.01,1
34481,true,0.01,1
34488,true,0.01,1
34494,true,0.01,1
34502,true,0.01,1
34508,false,0.01,1
34516,false,0.01,1
34523,false,0.01,1
34530,false,0.01,1
34537,false,0.01,1
34544,true,0.01,1
34551,true,0.01,1
34558,false,0.01,1
34565,false,0.01,1
34572,false,0.01,1
34579,true,0.01,1
34586,false,0.01,1
34593,false,0.01,1
34600,false,0.01,1
34607,true,0.01,1
34613,false,0.01,1
34621,false,0.01,1
34628,true,0.01,1
34635,true,0.01,1
34642,true,0.01,1
34648,false,0.01,1
34656,false,0.01,1
34662,true,0.01,1
34670,true,0.01,1
34675,false,0.01,1
34683,false,0.01,1
34689,true,0.01,1
34696,true,0.01,1
34704,true,0.01,1
34711,false,0.01,1
34717,true,0.01,1
34724,true,0.01,1
34731,true,0.01,1
34736,true,0.01,1
34743,true,0.01,1
34750,false,0.01,1
34755,false,0.01,1
34763,false,0.01,1
34770,false,0.01,1
34775,false,0.01,1
34781,false,0.01,1
34789,false,0.01,1
34798,false,0.01,1
34801,false,0.01,1
34809,false,0.01,1
34817,true,0.01,1
34822,true,0.01,1
#---------- Wed Nov 30 17:30:54 PST 2022 ----------
#Format: Task Counter Number,Did Simulation Succeed,Last Step Size Used,Number of Simulations Attempted
43779,true,0.01,1
43790,true,0.01,1
43800,true,0.01,1
43813,false,0.01,1
43818,true,0.01,1
43827,true,0.01,1
43837,true,0.01,1
43848,true,0.01,1
43858,true,0.01,1
43868,true,0.01,1
43880,true,0.01,1
43891,true,0.01,1
43901,true,0.01,1
43911,false,0.01,1
43921,false,0.01,1
43931,true,0.01,1
43941,true,0.01,1
43950,true,0.01,1
43959,true,0.01,1
43968,true,0.01,1
43977,true,0.01,1
43987,true,0.01,1
44002,false,0.01,1
44007,true,0.01,1
44019,false,0.01,1
44025,true,0.01,1
44040,true,0.01,1
44050,true,0.01,1
44060,true,0.01,1
44070,true,0.01,1
44080,true,0.01,1
44090,true,0.01,1
44100,true,0.01,1
44110,true,0.01,1
44121,true,0.01,1
44131,true,0.01,1
44141,true,0.01,1
44151,true,0.01,1
44160,true,0.01,1
44170,true,0.01,1
44178,true,0.01,1
44188,true,0.01,1
44196,true,0.01,1
44205,true,0.01,1
44215,true,0.01,1
44224,true,0.01,1
44230,true,0.01,1
44240,true,0.01,1
44248,true,0.01,1
44259,true,0.01,1
44271,false,0.01,1
44275,true,0.01,1
44290,false,0.01,1
44293,true,0.01,1
44304,true,0.01,1
44312,true,0.01,1
44325,true,0.01,1
44335,true,0.01,1
44343,true,0.01,1
44353,true,0.01,1
44362,true,0.01,1
44370,true,0.01,1
44380,true,0.01,1
44388,false,0.01,1
44397,false,0.01,1
44406,false,0.01,1
44414,true,0.01,1
44423,true,0.01,1
44432,true,0.01,1
44441,true,0.01,1
44450,true,0.01,1
44458,true,0.01,1
44467,true,0.01,1
44476,true,0.01,1
44485,true,0.01,1
44496,true,0.01,1
44507,false,0.01,1
44511,true,0.01,1
44520,true,0.01,1
44529,true,0.01,1
44536,true,0.01,1
44545,true,0.01,1
44552,false,0.01,1
44559,true,0.01,1
44568,true,0.01,1
44577,true,0.01,1
44586,true,0.01,1
44594,true,0.01,1
44602,true,0.01,1
44608,true,0.01,1
44617,true,0.01,1
44626,true,0.01,1
44632,true,0.01,1
44641,true,0.01,1
44650,true,0.01,1
44659,true,0.01,1
44668,true,0.01,1
44678,true,0.01,1
44686,true,0.01,1
44695,true,0.01,1
44704,true,0.01,1
44712,true,0.01,1
44722,false,0.01,1
44731,false,0.01,1
44738,true,0.01,1
44746,true,0.01,1
44751,true,0.01,1
44759,false,0.01,1
44765,true,0.01,1
44773,true,0.01,1
44781,true,0.01,1
44787,true,0.01,1
44797,true,0.01,1
44807,true,0.01,1
44816,true,0.01,1
44825,true,0.01,1
44832,true,0.01,1
44839,false,0.01,1
44846,true,0.01,1
44854,true,0.01,1
44862,true,0.01,1
44870,true,0.01,1
44878,true,0.01,1
44885,true,0.01,1
44896,true,0.01,1
44901,true,0.01,1
44911,true,0.01,1
44921,true,0.01,1
44931,true,0.01,1
44937,true,0.01,1
44945,true,0.01,1
44953,true,0.01,1
44962,true,0.01,1
44970,true,0.01,1
44977,true,0.01,1
44986,true,0.01,1
44998,true,0.01,1
45005,true,0.01,1
45013,true,0.01,1
45022,true,0.01,1
45030,true,0.01,1
45038,false,0.01,1
45046,false,0.01,1
45054,true,0.01,1
45063,true,0.01,1
45072,true,0.01,1
45081,true,0.01,1
45092,true,0.01,1
45105,true,0.01,1
45110,false,0.01,1
45116,true,0.01,1
45124,false,0.01,1
45132,true,0.01,1
45139,true,0.01,1
45145,true,0.01,1
45156,true,0.01,1
45161,true,0.01,1
45169,true,0.01,1
45177,true,0.01,1
45185,true,0.01,1
45193,true,0.01,1
45200,false,0.01,1
45206,true,0.01,1
45216,false,0.01,1
45220,true,0.01,1
45234,false,0.01,1
45237,true,0.01,1
45250,false,0.01,1
45256,false,0.01,1
45267,false,0.01,1
45272,false,0.01,1
45280,true,0.01,1
45288,false,0.01,1
45296,true,0.01,1
45305,true,0.01,1
45311,true,0.01,1
45319,false,0.01,1
45328,true,0.01,1
45335,false,0.01,1
45348,true,0.01,1
45355,true,0.01,1
45361,true,0.01,1
45372,true,0.01,1
45377,false,0.01,1
45385,false,0.01,1
45394,true,0.01,1
45402,true,0.01,1
45411,true,0.01,1
45419,true,0.01,1
45427,true,0.01,1
45434,true,0.01,1
45442,false,0.01,1
45448,false,0.01,1
45457,true,0.01,1
45466,true,0.01,1
45472,true,0.01,1
45483,true,0.01,1
45488,false,0.01,1
45496,false,0.01,1
45503,false,0.01,1
45510,true,0.01,1
45514,false,0.01,1
45522,false,0.01,1
45529,false,0.01,1
45538,false,0.01,1
45545,true,0.01,1
45551,true,0.01,1
45562,true,0.01,1
45568,true,0.01,1
45579,true,0.01,1
45583,true,0.01,1
45591,true,0.01,1
45597,true,0.01,1
45602,true,0.01,1
45610,false,0.01,1
45618,false,0.01,1
45626,false,0.01,1
45635,true,0.01,1
45643,true,0.01,1
45648,true,0.01,1
45656,false,0.01,1
45664,false,0.01,1
45672,true,0.01,1
45680,true,0.01,1
45688,false,0.01,1
45697,true,0.01,1
45704,false,0.01,1
45712,false,0.01,1
45718,false,0.01,1
45722,true,0.01,1
45737,true,0.01,1
45741,true,0.01,1
45749,false,0.01,1
45757,false,0.01,1
45765,true,0.01,1
45773,false,0.01,1
45781,false,0.01,1
45789,false,0.01,1
45797,true,0.01,1
45801,true,0.01,1
45810,true,0.01,1
45820,true,0.01,1
45831,true,0.01,1
45836,false,0.01,1
45844,true,0.01,1
45852,false,0.01,1
45855,true,0.01,1
45863,false,0.01,1
45871,false,0.01,1
45879,false,0.01,1
45886,true,0.01,1
45895,true,0.01,1
45902,true,0.01,1
45908,false,0.01,1
45915,false,0.01,1
45923,true,0.01,1
45932,true,0.01,1
45940,true,0.01,1
45948,true,0.01,1
45957,true,0.01,1
45964,true,0.01,1
45972,true,0.01,1
45981,true,0.01,1
45990,true,0.01,1
45999,true,0.01,1
46011,true,0.01,1
46017,true,0.01,1
46026,true,0.01,1
46033,true,0.01,1
46041,true,0.01,1
46049,true,0.01,1
46057,true,0.01,1
46063,true,0.01,1
46073,true,0.01,1
46083,true,0.01,1
46089,false,0.01,1
#---------- Wed Nov 30 20:15:53 PST 2022 ----------
#Format: Task Counter Number,Did Simulation Succeed,Last Step Size Used,Number of Simulations Attempted
49598,true,0.01,1
49609,true,0.01,1
49627,true,0.01,1
49637,true,0.01,1
49655,false,0.01,1
49664,true,0.01,1
49675,true,0.01,1
49683,true,0.01,1
49691,true,0.01,1
49705,true,0.01,1
49714,true,0.01,1
49723,true,0.01,1
49733,true,0.01,1
49741,false,0.01,1
49749,true,0.01,1
49759,true,0.01,1
49769,false,0.01,1
49779,true,0.01,1
49789,true,0.01,1
49800,true,0.01,1
49810,true,0.01,1
49820,false,0.01,1
49829,true,0.01,1
49836,false,0.01,1
49847,true,0.01,1
49857,false,0.01,1
49864,false,0.01,1
49876,false,0.01,1
49886,true,0.01,1
49894,true,0.01,1
49900,true,0.01,1
49913,false,0.01,1
49921,false,0.01,1
49929,false,0.01,1
49939,false,0.01,1
49949,false,0.01,1
49959,true,0.01,1
49969,true,0.01,1
49984,false,0.01,1
49989,true,0.01,1
50002,false,0.01,1
50008,true,0.01,1
50021,false,0.01,1
50029,false,0.01,1
50040,true,0.01,1
50051,true,0.01,1
50060,false,0.01,1
50070,true,0.01,1
50078,true,0.01,1
50094,true,0.01,1
50104,true,0.01,1
50115,true,0.01,1
50124,true,0.01,1
50136,false,0.01,1
50142,true,0.01,1
50155,false,0.01,1
50162,true,0.01,1
50176,true,0.01,1
50185,true,0.01,1
50194,true,0.01,1
50204,true,0.01,1
50215,true,0.01,1
50225,false,0.01,1
50237,false,0.01,1
50243,true,0.01,1
50256,true,0.01,1
50266,true,0.01,1
50276,true,0.01,1
50285,true,0.01,1
50295,true,0.01,1
50305,true,0.01,1
50318,true,0.01,1
50331,true,0.01,1
50341,true,0.01,1
50351,true,0.01,1
50362,true,0.01,1
50374,false,0.01,1
50381,true,0.01,1
50393,false,0.01,1
50399,true,0.01,1
50409,true,0.01,1
50419,true,0.01,1
50429,true,0.01,1
50439,true,0.01,1
50451,true,0.01,1
50460,true,0.01,1
50470,true,0.01,1
50481,false,0.01,1
50491,false,0.01,1
50501,true,0.01,1
50514,true,0.01,1
50522,true,0.01,1
50532,true,0.01,1
50543,true,0.01,1
50553,false,0.01,1
50557,true,0.01,1
50568,true,0.01,1
50580,false,0.01,1
50586,true,0.01,1
50601,true,0.01,1
50611,true,0.01,1
50621,true,0.01,1
50636,false,0.01,1
50640,true,0.01,1
50651,true,0.01,1
50661,true,0.01,1
50676,true,0.01,1
50686,true,0.01,1
50696,true,0.01,1
50706,false,0.01,1
50716,false,0.01,1
50726,false,0.01,1
50737,true,0.01,1
50747,true,0.01,1
50760,false,0.01,1
50771,true,0.01,1
50780,true,0.01,1
50790,false,0.01,1
50800,true,0.01,1
50810,true,0.01,1
50823,false,0.01,1
50829,true,0.01,1
50842,false,0.01,1
50850,false,0.01,1
50857,true,0.01,1
50865,true,0.01,1
50877,true,0.01,1
50889,true,0.01,1
50898,true,0.01,1
50907,true,0.01,1
50916,true,0.01,1
50926,true,0.01,1
50937,true,0.01,1
50946,true,0.01,1
50956,true,0.01,1
50966,true,0.01,1
#---------- Wed Nov 30 23:18:47 PST 2022 ----------
#Format: Task Counter Number,Did Simulation Succeed,Last Step Size Used,Number of Simulations Attempted
55820,true,0.01,1
55830,true,0.01,1
55839,true,0.01,1
55849,true,0.01,1
55860,true,0.01,1
55872,true,0.01,1
55882,true,0.01,1
55892,false,0.01,1
55899,false,0.01,1
55909,false,0.01,1
55918,false,0.01,1
55923,true,0.01,1
55935,true,0.01,1
55947,true,0.01,1
55957,true,0.01,1
55969,true,0.01,1
55978,true,0.01,1
55988,true,0.01,1
55995,true,0.01,1
56002,true,0.01,1
56012,true,0.01,1
56023,true,0.01,1
56031,true,0.01,1
56040,true,0.01,1
56050,true,0.01,1
56059,true,0.01,1
56069,true,0.01,1
56079,true,0.01,1
56089,true,0.01,1
56100,true,0.01,1
56108,true,0.01,1
56122,true,0.01,1
56132,true,0.01,1
56143,false,0.01,1
56147,true,0.01,1
56158,true,0.01,1
56170,false,0.01,1
56175,true,0.01,1
56186,true,0.01,1
56196,false,0.01,1
56200,false,0.01,1
56215,true,0.01,1
56226,true,0.01,1
56233,true,0.01,1
56243,true,0.01,1
56255,true,0.01,1
56265,true,0.01,1
56273,true,0.01,1
56282,true,0.01,1
56289,true,0.01,1
56297,false,0.01,1
56307,true,0.01,1
56319,true,0.01,1
56329,true,0.01,1
56338,true,0.01,1
56347,true,0.01,1
56357,true,0.01,1
56367,true,0.01,1
56377,false,0.01,1
56395,false,0.01,1
56402,true,0.01,1
56412,false,0.01,1
56418,true,0.01,1
56427,true,0.01,1
56434,true,0.01,1
56448,false,0.01,1
56452,true,0.01,1
56464,true,0.01,1
56472,true,0.01,1
56483,true,0.01,1
56492,true,0.01,1
56501,false,0.01,1
56511,true,0.01,1
56521,true,0.01,1
56533,true,0.01,1
56542,true,0.01,1
56552,true,0.01,1
56560,true,0.01,1
56569,true,0.01,1
56579,true,0.01,1
56588,true,0.01,1
56598,true,0.01,1
56608,true,0.01,1
56619,false,0.01,1
56626,false,0.01,1
56636,false,0.01,1
56646,false,0.01,1
56652,false,0.01,1
56664,false,0.01,1
56668,true,0.01,1
56680,false,0.01,1
56692,true,0.01,1
56702,false,0.01,1
56712,true,0.01,1
56722,true,0.01,1
56732,true,0.01,1
56739,true,0.01,1
56748,true,0.01,1
56757,true,0.01,1
56766,true,0.01,1
56773,true,0.01,1
56791,true,0.01,1
56801,true,0.01,1
56810,true,0.01,1
56820,true,0.01,1
56830,true,0.01,1
56840,true,0.01,1
56854,true,0.01,1
56860,false,0.01,1
56872,false,0.01,1
56880,false,0.01,1
56884,true,0.01,1
56898,false,0.01,1
56906,true,0.01,1
56915,false,0.01,1
56928,true,0.01,1
56938,true,0.01,1
56949,true,0.01,1
56959,true,0.01,1
56969,true,0.01,1
56980,true,0.01,1
56990,true,0.01,1
56999,false,0.01,1
57008,true,0.01,1
57018,true,0.01,1
57028,true,0.01,1
57038,true,0.01,1
57048,true,0.01,1
57059,true,0.01,1
57069,false,0.01,1
57079,true,0.01,1
57088,true,0.01,1
57098,true,0.01,1
57111,true,0.01,1
57121,true,0.01,1
57133,false,0.01,1
57138,false,0.01,1
57152,false,0.01,1
57162,true,0.01,1
57172,true,0.01,1
57183,true,0.01,1
57194,true,0.01,1
57205,true,0.01,1
57215,true,0.01,1
57225,true,0.01,1
57234,true,0.01,1
57245,true,0.01,1
57255,true,0.01,1
57265,true,0.01,1
57275,true,0.01,1
57285,false,0.01,1
57295,false,0.01,1
57305,true,0.01,1
57315,true,0.01,1
57324,true,0.01,1
57333,true,0.01,1
57342,true,0.01,1
57350,false,0.01,1
57358,false,0.01,1
57367,false,0.01,1
57377,true,0.01,1
57386,false,0.01,1
57394,false,0.01,1
57399,true,0.01,1
57411,false,0.01,1
57414,true,0.01,1
57423,true,0.01,1
57432,true,0.01,1
57442,true,0.01,1
57454,true,0.01,1
57465,false,0.01,1
57476,true,0.01,1
57485,true,0.01,1
57494,true,0.01,1
57502,true,0.01,1
57512,false,0.01,1
57521,false,0.01,1
57530,false,0.01,1
57539,false,0.01,1
57548,false,0.01,1
57558,true,0.01,1
57566,true,0.01,1
57573,false,0.01,1
57583,true,0.01,1
57590,true,0.01,1
57600,false,0.01,1
57610,false,0.01,1
57619,false,0.01,1
57627,true,0.01,1
57633,true,0.01,1
57640,true,0.01,1
57650,true,0.01,1
57658,true,0.01,1
57665,false,0.01,1
57672,true,0.01,1
57681,true,0.01,1
57690,true,0.01,1
57700,false,0.01,1
57709,true,0.01,1
57718,true,0.01,1
57726,true,0.01,1
57734,true,0.01,1
57742,true,0.01,1
57750,true,0.01,1
57756,true,0.01,1
57763,false,0.01,1
57771,true,0.01,1
57779,true,0.01,1
57787,true,0.01,1
57795,true,0.01,1
57803,true,0.01,1
57811,true,0.01,1
57817,true,0.01,1
57826,true,0.01,1
57834,false,0.01,1
57843,true,0.01,1
57853,false,0.01,1
57858,true,0.01,1
57866,true,0.01,1
57876,false,0.01,1
57885,true,0.01,1
57894,true,0.01,1
57903,true,0.01,1
57912,true,0.01,1
57922,true,0.01,1
57927,true,0.01,1
57935,false,0.01,1
57943,false,0.01,1
57950,true,0.01,1
57958,true,0.01,1
57966,true,0.01,1
57972,true,0.01,1
57980,false,0.01,1
57987,true,0.01,1
57995,true,0.01,1
58002,true,0.01,1
58010,true,0.01,1
58014,true,0.01,1
58025,true,0.01,1
58034,true,0.01,1
58042,true,0.01,1
58049,true,0.01,1
58057,true,0.01,1
58065,true,0.01,1
58074,true,0.01,1
58083,true,0.01,1
58090,true,0.01,1
58102,true,0.01,1
58108,true,0.01,1
58117,true,0.01,1
58125,true,0.01,1
58133,false,0.01,1
58141,true,0.01,1
58150,false,0.01,1
58156,true,0.01,1
58165,true,0.01,1
58173,true,0.01,1
58179,true,0.01,1
58187,false,0.01,1
58195,true,0.01,1
58204,true,0.01,1
58212,true,0.01,1
58221,true,0.01,1
58229,true,0.01,1
58237,true,0.01,1
58244,true,0.01,1
58252,true,0.01,1
58256,true,0.01,1
58264,true,0.01,1
58272,true,0.01,1
58280,true,0.01,1
58287,true,0.01,1
58293,true,0.01,1
58302,true,0.01,1
58311,true,0.01,1
58320,false,0.01,1
58327,false,0.01,1
58338,false,0.01,1
58341,true,0.01,1
58352,true,0.01,1
58366,false,0.01,1
58371,true,0.01,1
58378,true,0.01,1
58391,true,0.01,1
58396,false,0.01,1
58403,false,0.01,1
58411,false,0.01,1
58414,true,0.01,1
58426,false,0.01,1
58435,true,0.01,1
58439,true,0.01,1
58452,true,0.01,1
58457,false,0.01,1
58470,true,0.01,1
58475,false,0.01,1
58483,false,0.01,1
58491,true,0.01,1
58499,false,0.01,1
58507,true,0.01,1
58515,true,0.01,1
58523,true,0.01,1
58530,true,0.01,1
58535,true,0.01,1
58543,true,0.01,1
58551,true,0.01,1
58559,true,0.01,1
58566,true,0.01,1
58575,true,0.01,1
58587,true,0.01,1
58597,true,0.01,1
58601,false,0.01,1
58609,false,0.01,1
58612,true,0.01,1
58625,true,0.01,1
58631,false,0.01,1
58644,false,0.01,1
58646,false,0.01,1
58658,true,0.01,1
58665,true,0.01,1
58676,true,0.01,1
58683,true,0.01,1
58692,true,0.01,1
58700,true,0.01,1
58714,true,0.01,1
58722,true,0.01,1
58726,true,0.01,1
58737,true,0.01,1
58744,true,0.01,1
58754,true,0.01,1
58765,true,0.01,1
58769,true,0.01,1
58777,true,0.01,1
58785,true,0.01,1
58793,true,0.01,1
58801,true,0.01,1
58809,true,0.01,1
58817,false,0.01,1
58825,false,0.01,1
58826,false,0.01,1
58834,false,0.01,1
58835,false,0.01,1
58843,false,0.01,1
58850,true,0.01,1
58857,true,0.01,1
58862,false,0.01,1
58870,false,0.01,1
58874,true,0.01,1
58885,true,0.01,1
58892,false,0.01,1
58897,false,0.01,1
58905,false,0.01,1
58910,true,0.01,1
58921,true,0.01,1
58927,true,0.01,1
58934,true,0.01,1
58947,true,0.01,1
58952,false,0.01,1
58965,true,0.01,1
58972,false,0.01,1
58978,true,0.01,1
58986,true,0.01,1
58994,false,0.01,1
59001,true,0.01,1
59010,true,0.01,1
59019,true,0.01,1
59027,true,0.01,1
59035,true,0.01,1
59043,true,0.01,1
59048,true,0.01,1
