#---------- Tue Nov 29 16:12:00 PST 2022 ----------
#Format: Task Counter Number,Did Simulation Succeed,Last Step Size Used,Number of Simulations Attempted
19,true,0.01,1
28,true,0.01,1
36,true,0.01,1
44,true,0.01,1
52,true,0.01,1
59,true,0.01,1
66,true,0.01,1
71,true,0.01,1
79,true,0.01,1
87,true,0.01,1
94,true,0.01,1
101,true,0.01,1
109,true,0.01,1
116,true,0.01,1
126,true,0.01,1
131,true,0.01,1
140,true,0.01,1
148,true,0.01,1
153,true,0.01,1
161,true,0.01,1
171,true,0.01,1
181,true,0.01,1
191,true,0.01,1
201,true,0.01,1
211,true,0.01,1
221,true,0.01,1
229,true,0.01,1
241,true,0.01,1
251,true,0.01,1
261,true,0.01,1
271,true,0.01,1
284,true,0.01,1
290,true,0.01,1
303,true,0.01,1
313,true,0.01,1
323,true,0.01,1
333,true,0.01,1
341,true,0.01,1
352,true,0.01,1
362,true,0.01,1
371,true,0.01,1
379,true,0.01,1
386,true,0.01,1
402,true,0.01,1
412,false,0.01,1
422,false,0.01,1
432,true,0.01,1
442,true,0.01,1
452,true,0.01,1
462,true,0.01,1
472,true,0.01,1
480,true,0.01,1
492,true,0.01,1
502,true,0.01,1
511,true,0.01,1
521,true,0.01,1
531,true,0.01,1
541,true,0.01,1
551,true,0.01,1
561,true,0.01,1
571,true,0.01,1
582,false,0.01,1
590,true,0.01,1
601,false,0.01,1
611,true,0.01,1
624,true,0.01,1
634,true,0.01,1
644,true,0.01,1
652,false,0.01,1
663,false,0.01,1
669,true,0.01,1
679,true,0.01,1
691,false,0.01,1
698,true,0.01,1
708,false,0.01,1
718,false,0.01,1
730,true,0.01,1
740,true,0.01,1
750,true,0.01,1
758,true,0.01,1
769,true,0.01,1
777,true,0.01,1
785,true,0.01,1
798,true,0.01,1
808,true,0.01,1
818,true,0.01,1
828,true,0.01,1
834,false,0.01,1
848,true,0.01,1
855,true,0.01,1
862,true,0.01,1
878,true,0.01,1
888,true,0.01,1
899,true,0.01,1
908,true,0.01,1
918,true,0.01,1
927,true,0.01,1
937,true,0.01,1
943,true,0.01,1
957,true,0.01,1
964,true,0.01,1
973,true,0.01,1
981,true,0.01,1
991,true,0.01,1
1001,true,0.01,1
1013,true,0.01,1
1023,true,0.01,1
1033,true,0.01,1
1044,true,0.01,1
1054,true,0.01,1
1064,true,0.01,1
1074,true,0.01,1
1084,true,0.01,1
1094,true,0.01,1
1104,false,0.01,1
1114,false,0.01,1
1124,true,0.01,1
1134,true,0.01,1
1143,true,0.01,1
1153,true,0.01,1
1164,true,0.01,1
1175,true,0.01,1
1185,false,0.01,1
1194,false,0.01,1
1207,true,0.01,1
1214,true,0.01,1
1224,true,0.01,1
1232,false,0.01,1
1241,false,0.01,1
1253,true,0.01,1
1264,true,0.01,1
1270,true,0.01,1
1281,true,0.01,1
1286,true,0.01,1
1293,true,0.01,1
1303,false,0.01,1
1312,false,0.01,1
1321,false,0.01,1
1330,false,0.01,1
1339,false,0.01,1
1348,false,0.01,1
1361,true,0.01,1
1370,true,0.01,1
1380,false,0.01,1
1388,true,0.01,1
1400,false,0.01,1
1412,false,0.01,1
1421,false,0.01,1
1427,true,0.01,1
1437,false,0.01,1
1449,true,0.01,1
1455,false,0.01,1
1464,false,0.01,1
1474,false,0.01,1
1483,false,0.01,1
1492,false,0.01,1
1502,false,0.01,1
1510,false,0.01,1
1512,true,0.01,1
1524,false,0.01,1
1535,false,0.01,1
1547,false,0.01,1
1556,false,0.01,1
1561,false,0.01,1
1572,false,0.01,1
1579,false,0.01,1
1586,true,0.01,1
1595,false,0.01,1
1606,false,0.01,1
1619,false,0.01,1
1628,false,0.01,1
1631,true,0.01,1
1644,false,0.01,1
1649,true,0.01,1
1658,true,0.01,1
1667,true,0.01,1
1676,true,0.01,1
1685,true,0.01,1
1694,true,0.01,1
1703,false,0.01,1
1711,false,0.01,1
1721,false,0.01,1
1733,false,0.01,1
1741,false,0.01,1
1751,false,0.01,1
1761,false,0.01,1
1764,true,0.01,1
1776,false,0.01,1
1785,false,0.01,1
1799,false,0.01,1
1807,false,0.01,1
1816,false,0.01,1
1824,false,0.01,1
1829,true,0.01,1
1841,false,0.01,1
1845,true,0.01,1
1855,true,0.01,1
1865,false,0.01,1
1874,false,0.01,1
1884,false,0.01,1
1894,false,0.01,1
1900,true,0.01,1
1908,true,0.01,1
1916,false,0.01,1
1924,false,0.01,1
1931,false,0.01,1
1939,false,0.01,1
1948,false,0.01,1
1954,false,0.01,1
1965,false,0.01,1
1972,false,0.01,1
1983,false,0.01,1
1988,false,0.01,1
1996,false,0.01,1
2004,false,0.01,1
2012,false,0.01,1
2017,true,0.01,1
2024,false,0.01,1
2031,false,0.01,1
2038,false,0.01,1
2045,false,0.01,1
2052,false,0.01,1
2062,false,0.01,1
2069,false,0.01,1
2076,false,0.01,1
2083,false,0.01,1
2090,false,0.01,1
2097,true,0.01,1
2104,false,0.01,1
2111,false,0.01,1
2119,false,0.01,1
2122,false,0.01,1
2129,false,0.01,1
2137,false,0.01,1
2143,false,0.01,1
2152,true,0.01,1
2159,false,0.01,1
2166,false,0.01,1
2173,false,0.01,1
2180,true,0.01,1
2187,true,0.01,1
2194,true,0.01,1
2203,true,0.01,1
2208,true,0.01,1
2216,true,0.01,1
2225,false,0.01,1
2231,true,0.01,1
2238,true,0.01,1
2245,true,0.01,1
2250,true,0.01,1
2259,true,0.01,1
2266,true,0.01,1
2273,true,0.01,1
2280,true,0.01,1
2286,true,0.01,1
2293,true,0.01,1
2300,true,0.01,1
2306,true,0.01,1
2314,true,0.01,1
2322,true,0.01,1
2329,true,0.01,1
2336,true,0.01,1
2342,true,0.01,1
2350,false,0.01,1
2360,true,0.01,1
2368,true,0.01,1
2375,true,0.01,1
2382,true,0.01,1
2389,true,0.01,1
2396,true,0.01,1
2402,true,0.01,1
2411,true,0.01,1
2418,true,0.01,1
2424,true,0.01,1
2430,true,0.01,1
2439,true,0.01,1
2447,true,0.01,1
2454,true,0.01,1
2462,true,0.01,1
2469,true,0.01,1
2474,true,0.01,1
2481,true,0.01,1
2488,true,0.01,1
2494,true,0.01,1
2500,true,0.01,1
2507,true,0.01,1
2515,true,0.01,1
2521,true,0.01,1
2528,false,0.01,1
2535,false,0.01,1
2542,true,0.01,1
2550,true,0.01,1
2556,true,0.01,1
2563,true,0.01,1
2570,true,0.01,1
2577,true,0.01,1
2584,true,0.01,1
2591,true,0.01,1
2598,false,0.01,1
2603,true,0.01,1
2610,false,0.01,1
2619,true,0.01,1
2626,false,0.01,1
2633,true,0.01,1
2641,true,0.01,1
2647,true,0.01,1
2654,false,0.01,1
2662,false,0.01,1
2669,true,0.01,1
2676,true,0.01,1
2683,true,0.01,1
2689,true,0.01,1
2696,true,0.01,1
2703,true,0.01,1
2710,true,0.01,1
2716,true,0.01,1
2723,true,0.01,1
2730,true,0.01,1
2736,true,0.01,1
2744,true,0.01,1
2751,true,0.01,1
2758,false,0.01,1
2765,true,0.01,1
2773,true,0.01,1
2780,false,0.01,1
2787,false,0.01,1
2794,true,0.01,1
2801,true,0.01,1
2810,true,0.01,1
2818,true,0.01,1
2825,true,0.01,1
2832,true,0.01,1
2839,false,0.01,1
2845,true,0.01,1
2853,false,0.01,1
2859,false,0.01,1
2866,false,0.01,1
2871,true,0.01,1
2877,false,0.01,1
2883,true,0.01,1
2889,true,0.01,1
2895,false,0.01,1
2899,true,0.01,1
2905,false,0.01,1
2911,true,0.01,1
2917,true,0.01,1
2925,true,0.01,1
2932,true,0.01,1
2938,true,0.01,1
2943,true,0.01,1
2950,true,0.01,1
2957,true,0.01,1
2963,true,0.01,1
2969,true,0.01,1
2975,true,0.01,1
2982,false,0.01,1
2987,true,0.01,1
2993,true,0.01,1
2998,true,0.01,1
3003,false,0.01,1
3009,true,0.01,1
3016,true,0.01,1
3022,true,0.01,1
3027,true,0.01,1
3034,true,0.01,1
3040,true,0.01,1
3046,true,0.01,1
3053,true,0.01,1
3059,true,0.01,1
3063,true,0.01,1
3069,true,0.01,1
3075,true,0.01,1
3081,true,0.01,1
3087,true,0.01,1
3093,false,0.01,1
3099,true,0.01,1
3105,true,0.01,1
3111,false,0.01,1
3117,true,0.01,1
3124,true,0.01,1
3130,false,0.01,1
3136,true,0.01,1
3143,true,0.01,1
3148,true,0.01,1
3153,true,0.01,1
3160,true,0.01,1
3166,false,0.01,1
3173,true,0.01,1
3178,false,0.01,1
3184,false,0.01,1
3190,true,0.01,1
3196,true,0.01,1
3204,true,0.01,1
3210,true,0.01,1
3217,true,0.01,1
3223,true,0.01,1
3229,true,0.01,1
3234,true,0.01,1
3239,true,0.01,1
3245,false,0.01,1
3251,true,0.01,1
3257,false,0.01,1
3263,true,0.01,1
3269,true,0.01,1
3273,false,0.01,1
3278,true,0.01,1
3282,false,0.01,1
3286,true,0.01,1
3290,true,0.01,1
3294,true,0.01,1
3298,true,0.01,1
3302,false,0.01,1
3306,true,0.01,1
3310,false,0.01,1
3314,true,0.01,1
3318,false,0.01,1
3322,true,0.01,1
3326,false,0.01,1
3332,true,0.01,1
3336,false,0.01,1
3338,false,0.01,1
3342,true,0.01,1
3346,false,0.01,1
3350,true,0.01,1
3354,false,0.01,1
3358,true,0.01,1
3362,true,0.01,1
3366,true,0.01,1
3369,true,0.01,1
3372,false,0.01,1
3375,true,0.01,1
3378,true,0.01,1
3381,false,0.01,1
3384,true,0.01,1
3387,true,0.01,1
3390,false,0.01,1
3393,true,0.01,1
3396,true,0.01,1
3400,false,0.01,1
3402,true,0.01,1
3405,true,0.01,1
3408,false,0.01,1
3411,true,0.01,1
3414,true,0.01,1
3417,false,0.01,1
3420,true,0.01,1
3423,true,0.01,1
3426,false,0.01,1
3429,true,0.01,1
3432,true,0.01,1
3435,false,0.01,1
3438,true,0.01,1
3441,true,0.01,1
3444,false,0.01,1
3447,true,0.01,1
3450,true,0.01,1
3453,false,0.01,1
3456,true,0.01,1
3459,true,0.01,1
3462,false,0.01,1
3465,true,0.01,1
3468,true,0.01,1
3471,false,0.01,1
3474,true,0.01,1
3477,true,0.01,1
3480,false,0.01,1
3483,true,0.01,1
3486,false,0.01,1
#---------- Tue Nov 29 18:56:49 PST 2022 ----------
#Format: Task Counter Number,Did Simulation Succeed,Last Step Size Used,Number of Simulations Attempted
4484,true,0.01,1
4492,true,0.01,1
4502,true,0.01,1
4516,true,0.01,1
4528,true,0.01,1
4537,true,0.01,1
4548,true,0.01,1
4556,true,0.01,1
4566,true,0.01,1
4576,true,0.01,1
4585,true,0.01,1
4598,true,0.01,1
4608,true,0.01,1
4618,true,0.01,1
4628,false,0.01,1
4637,true,0.01,1
4646,true,0.01,1
4654,false,0.01,1
4663,false,0.01,1
4673,false,0.01,1
4685,true,0.01,1
4693,true,0.01,1
4709,true,0.01,1
4719,true,0.01,1
4728,true,0.01,1
4737,true,0.01,1
4746,true,0.01,1
4757,true,0.01,1
4767,true,0.01,1
4778,true,0.01,1
4788,true,0.01,1
4798,true,0.01,1
4807,true,0.01,1
4817,true,0.01,1
4829,true,0.01,1
4839,true,0.01,1
4850,true,0.01,1
4860,false,0.01,1
4870,true,0.01,1
4881,true,0.01,1
4891,true,0.01,1
4901,true,0.01,1
4910,true,0.01,1
4922,true,0.01,1
4932,true,0.01,1
4942,true,0.01,1
4952,true,0.01,1
4963,true,0.01,1
4973,true,0.01,1
4985,true,0.01,1
4995,true,0.01,1
5005,true,0.01,1
5015,true,0.01,1
5025,true,0.01,1
5034,true,0.01,1
5043,true,0.01,1
5053,true,0.01,1
5063,true,0.01,1
5071,true,0.01,1
5076,true,0.01,1
5083,false,0.01,1
5091,false,0.01,1
5100,true,0.01,1
5109,true,0.01,1
5115,true,0.01,1
5123,false,0.01,1
5131,false,0.01,1
5138,true,0.01,1
5147,true,0.01,1
5154,true,0.01,1
5161,true,0.01,1
5170,true,0.01,1
5180,true,0.01,1
5190,true,0.01,1
5197,true,0.01,1
5205,true,0.01,1
5211,true,0.01,1
5220,true,0.01,1
5229,true,0.01,1
5237,true,0.01,1
5245,true,0.01,1
5253,true,0.01,1
5261,true,0.01,1
5269,true,0.01,1
5276,true,0.01,1
5284,true,0.01,1
5295,true,0.01,1
5302,true,0.01,1
5310,true,0.01,1
5320,true,0.01,1
5330,true,0.01,1
5340,true,0.01,1
5347,true,0.01,1
5357,false,0.01,1
5365,false,0.01,1
5373,true,0.01,1
5382,true,0.01,1
5391,true,0.01,1
5400,true,0.01,1
5408,true,0.01,1
5416,true,0.01,1
5422,true,0.01,1
5432,false,0.01,1
5439,true,0.01,1
5445,true,0.01,1
5453,true,0.01,1
5461,true,0.01,1
5469,true,0.01,1
5477,true,0.01,1
5485,true,0.01,1
5491,true,0.01,1
5501,true,0.01,1
5512,true,0.01,1
5520,true,0.01,1
5526,true,0.01,1
5534,false,0.01,1
5542,false,0.01,1
5550,false,0.01,1
5558,true,0.01,1
5566,true,0.01,1
5574,true,0.01,1
5581,true,0.01,1
5589,true,0.01,1
5598,true,0.01,1
5607,true,0.01,1
5617,false,0.01,1
5624,true,0.01,1
5632,true,0.01,1
5640,true,0.01,1
5647,true,0.01,1
5654,true,0.01,1
5667,true,0.01,1
5670,true,0.01,1
5679,true,0.01,1
5689,true,0.01,1
5698,true,0.01,1
5709,true,0.01,1
5715,true,0.01,1
5723,true,0.01,1
5731,false,0.01,1
5739,true,0.01,1
5747,true,0.01,1
5755,false,0.01,1
5764,true,0.01,1
5772,true,0.01,1
5778,true,0.01,1
5786,false,0.01,1
5794,false,0.01,1
5802,false,0.01,1
5810,true,0.01,1
5817,true,0.01,1
5823,true,0.01,1
5833,false,0.01,1
5845,true,0.01,1
5851,false,0.01,1
5858,false,0.01,1
5867,false,0.01,1
5873,true,0.01,1
5882,false,0.01,1
5889,true,0.01,1
5895,false,0.01,1
5903,false,0.01,1
5911,true,0.01,1
5918,false,0.01,1
5923,true,0.01,1
5935,true,0.01,1
5941,true,0.01,1
5953,true,0.01,1
5958,true,0.01,1
5967,true,0.01,1
5977,true,0.01,1
5988,true,0.01,1
5993,true,0.01,1
6001,false,0.01,1
6009,false,0.01,1
6017,true,0.01,1
6024,true,0.01,1
6032,true,0.01,1
6038,false,0.01,1
6046,true,0.01,1
6055,true,0.01,1
6062,true,0.01,1
6070,true,0.01,1
6078,true,0.01,1
6084,false,0.01,1
6089,false,0.01,1
6098,false,0.01,1
6103,true,0.01,1
6116,false,0.01,1
6124,true,0.01,1
6129,true,0.01,1
6142,false,0.01,1
6150,true,0.01,1
6157,false,0.01,1
6171,false,0.01,1
6173,false,0.01,1
6181,false,0.01,1
6189,false,0.01,1
6196,false,0.01,1
6204,true,0.01,1
6209,false,0.01,1
6217,false,0.01,1
6225,false,0.01,1
6233,false,0.01,1
6242,false,0.01,1
6246,true,0.01,1
6259,false,0.01,1
6268,false,0.01,1
6278,false,0.01,1
6289,false,0.01,1
6294,false,0.01,1
6301,true,0.01,1
6309,true,0.01,1
6317,false,0.01,1
6326,false,0.01,1
6333,false,0.01,1
6343,false,0.01,1
6349,false,0.01,1
6357,false,0.01,1
6367,true,0.01,1
6372,true,0.01,1
6385,true,0.01,1
6390,true,0.01,1
6402,false,0.01,1
6413,false,0.01,1
6417,true,0.01,1
6431,false,0.01,1
6434,false,0.01,1
6442,false,0.01,1
6450,false,0.01,1
6458,false,0.01,1
6468,false,0.01,1
6473,true,0.01,1
6482,false,0.01,1
6489,true,0.01,1
6501,false,0.01,1
6508,true,0.01,1
6517,true,0.01,1
6525,true,0.01,1
6533,false,0.01,1
6541,false,0.01,1
6549,false,0.01,1
6557,false,0.01,1
6564,true,0.01,1
6570,true,0.01,1
6580,true,0.01,1
6590,true,0.01,1
6600,true,0.01,1
6607,true,0.01,1
6614,true,0.01,1
6622,true,0.01,1
6630,true,0.01,1
6638,true,0.01,1
6647,true,0.01,1
6655,true,0.01,1
6663,true,0.01,1
6670,true,0.01,1
6678,true,0.01,1
6685,true,0.01,1
6694,true,0.01,1
6701,true,0.01,1
6708,true,0.01,1
6715,true,0.01,1
6724,true,0.01,1
6731,true,0.01,1
6739,true,0.01,1
6747,true,0.01,1
6756,true,0.01,1
6764,true,0.01,1
6772,true,0.01,1
6782,true,0.01,1
6791,true,0.01,1
6797,true,0.01,1
6805,true,0.01,1
6814,true,0.01,1
6827,true,0.01,1
6834,true,0.01,1
6839,true,0.01,1
6847,true,0.01,1
6854,true,0.01,1
6862,true,0.01,1
6870,true,0.01,1
6875,true,0.01,1
6883,true,0.01,1
6891,true,0.01,1
6899,true,0.01,1
6907,true,0.01,1
6915,true,0.01,1
6923,true,0.01,1
6931,true,0.01,1
6939,true,0.01,1
6946,true,0.01,1
6953,true,0.01,1
6961,true,0.01,1
6968,false,0.01,1
6977,true,0.01,1
6986,true,0.01,1
6994,true,0.01,1
7001,true,0.01,1
7007,true,0.01,1
7015,true,0.01,1
7024,true,0.01,1
7034,true,0.01,1
7041,true,0.01,1
7049,true,0.01,1
7061,true,0.01,1
7066,true,0.01,1
7075,true,0.01,1
7083,true,0.01,1
7094,true,0.01,1
7104,true,0.01,1
7110,true,0.01,1
7120,true,0.01,1
7127,true,0.01,1
7135,true,0.01,1
7143,true,0.01,1
7151,true,0.01,1
7159,true,0.01,1
7167,true,0.01,1
7175,true,0.01,1
7183,true,0.01,1
7191,true,0.01,1
7199,true,0.01,1
7207,true,0.01,1
7215,false,0.01,1
7222,true,0.01,1
7231,true,0.01,1
7237,true,0.01,1
7246,true,0.01,1
7255,true,0.01,1
7262,true,0.01,1
7273,true,0.01,1
7279,true,0.01,1
7286,true,0.01,1
7296,true,0.01,1
7305,true,0.01,1
7313,true,0.01,1
7317,true,0.01,1
7329,true,0.01,1
7334,true,0.01,1
7340,true,0.01,1
7348,true,0.01,1
7356,true,0.01,1
7361,true,0.01,1
7369,true,0.01,1
7377,true,0.01,1
7385,true,0.01,1
7393,true,0.01,1
7400,true,0.01,1
7405,true,0.01,1
7416,true,0.01,1
7421,true,0.01,1
7429,true,0.01,1
7437,true,0.01,1
7444,true,0.01,1
7452,true,0.01,1
7460,true,0.01,1
7468,true,0.01,1
7476,true,0.01,1
7484,true,0.01,1
7492,true,0.01,1
7500,true,0.01,1
7508,true,0.01,1
7516,true,0.01,1
7524,true,0.01,1
7529,true,0.01,1
7537,true,0.01,1
7545,true,0.01,1
7553,true,0.01,1
7561,true,0.01,1
7569,true,0.01,1
7577,true,0.01,1
7585,true,0.01,1
7592,true,0.01,1
7600,true,0.01,1
7608,true,0.01,1
7615,true,0.01,1
7623,true,0.01,1
7632,true,0.01,1
7640,true,0.01,1
7650,true,0.01,1
7655,true,0.01,1
7663,true,0.01,1
7671,true,0.01,1
7679,true,0.01,1
7687,true,0.01,1
7695,true,0.01,1
7703,false,0.01,1
7711,false,0.01,1
7719,false,0.01,1
7727,true,0.01,1
7735,true,0.01,1
7743,true,0.01,1
7751,true,0.01,1
7759,true,0.01,1
7764,true,0.01,1
7773,true,0.01,1
7782,false,0.01,1
7794,true,0.01,1
7801,true,0.01,1
7810,true,0.01,1
7818,true,0.01,1
7827,true,0.01,1
7836,true,0.01,1
7846,true,0.01,1
7854,true,0.01,1
7863,false,0.01,1
7870,true,0.01,1
7878,true,0.01,1
7885,true,0.01,1
7893,true,0.01,1
7898,true,0.01,1
7906,true,0.01,1
7915,true,0.01,1
7923,true,0.01,1
7930,true,0.01,1
7938,true,0.01,1
7946,false,0.01,1
7954,false,0.01,1
7962,false,0.01,1
7970,true,0.01,1
7977,true,0.01,1
7985,true,0.01,1
7993,true,0.01,1
8000,false,0.01,1
8013,true,0.01,1
8019,false,0.01,1
8027,false,0.01,1
8035,false,0.01,1
8043,false,0.01,1
8051,false,0.01,1
8059,false,0.01,1
8068,false,0.01,1
8076,false,0.01,1
8084,true,0.01,1
8092,true,0.01,1
8100,true,0.01,1
8108,false,0.01,1
8116,false,0.01,1
8124,false,0.01,1
8130,false,0.01,1
8140,false,0.01,1
8148,false,0.01,1
8156,true,0.01,1
8165,true,0.01,1
8174,true,0.01,1
8183,true,0.01,1
8189,false,0.01,1
8197,false,0.01,1
8205,false,0.01,1
8212,false,0.01,1
8223,false,0.01,1
8231,true,0.01,1
8238,true,0.01,1
8245,true,0.01,1
8253,true,0.01,1
8260,false,0.01,1
8269,false,0.01,1
8278,false,0.01,1
8285,false,0.01,1
8292,false,0.01,1
8300,false,0.01,1
8309,false,0.01,1
8316,true,0.01,1
8324,false,0.01,1
8332,false,0.01,1
8339,false,0.01,1
8349,false,0.01,1
8356,false,0.01,1
8364,false,0.01,1
8372,false,0.01,1
8384,false,0.01,1
8390,true,0.01,1
8398,true,0.01,1
8405,false,0.01,1
8413,false,0.01,1
8421,false,0.01,1
8427,false,0.01,1
8434,false,0.01,1
8444,false,0.01,1
8450,false,0.01,1
8457,false,0.01,1
8464,false,0.01,1
8472,true,0.01,1
8479,true,0.01,1
8486,false,0.01,1
8492,true,0.01,1
8498,true,0.01,1
8505,false,0.01,1
8512,false,0.01,1
8520,false,0.01,1
8528,false,0.01,1
8535,false,0.01,1
8542,false,0.01,1
8548,false,0.01,1
8556,false,0.01,1
8562,false,0.01,1
8570,false,0.01,1
8577,true,0.01,1
8584,false,0.01,1
8591,false,0.01,1
8598,false,0.01,1
8605,false,0.01,1
8612,false,0.01,1
8619,false,0.01,1
8626,false,0.01,1
8633,false,0.01,1
8640,true,0.01,1
8647,false,0.01,1
8654,false,0.01,1
8661,false,0.01,1
8668,false,0.01,1
8674,false,0.01,1
8681,false,0.01,1
8688,false,0.01,1
8695,false,0.01,1
8702,false,0.01,1
8709,false,0.01,1
8717,false,0.01,1
8723,true,0.01,1
8730,true,0.01,1
8737,false,0.01,1
8744,false,0.01,1
8751,true,0.01,1
8757,true,0.01,1
8767,true,0.01,1
8773,true,0.01,1
8780,true,0.01,1
8788,true,0.01,1
8794,true,0.01,1
8800,true,0.01,1
8807,true,0.01,1
8815,true,0.01,1
8823,true,0.01,1
8829,true,0.01,1
8838,true,0.01,1
8845,true,0.01,1
8853,true,0.01,1
8860,true,0.01,1
8866,true,0.01,1
8873,true,0.01,1
8880,true,0.01,1
8887,true,0.01,1
8892,true,0.01,1
8899,true,0.01,1
8906,true,0.01,1
8913,true,0.01,1
8919,true,0.01,1
8928,true,0.01,1
8936,true,0.01,1
8943,true,0.01,1
8950,true,0.01,1
8957,true,0.01,1
8965,true,0.01,1
8971,true,0.01,1
8977,true,0.01,1
8984,true,0.01,1
8994,true,0.01,1
8999,true,0.01,1
9005,true,0.01,1
9014,true,0.01,1
9020,true,0.01,1
9027,true,0.01,1
9035,true,0.01,1
9042,true,0.01,1
9049,true,0.01,1
9056,true,0.01,1
9062,true,0.01,1
9069,true,0.01,1
9075,true,0.01,1
9082,true,0.01,1
9089,true,0.01,1
9096,true,0.01,1
9103,true,0.01,1
9110,true,0.01,1
9118,true,0.01,1
9125,true,0.01,1
9132,true,0.01,1
9139,true,0.01,1
9145,true,0.01,1
9152,true,0.01,1
9159,false,0.01,1
9165,true,0.01,1
9172,true,0.01,1
9178,false,0.01,1
9185,true,0.01,1
9193,true,0.01,1
9199,true,0.01,1
9207,true,0.01,1
9210,true,0.01,1
9217,true,0.01,1
9224,true,0.01,1
9231,true,0.01,1
9238,true,0.01,1
9245,true,0.01,1
9253,true,0.01,1
9259,true,0.01,1
9266,true,0.01,1
9273,true,0.01,1
9280,true,0.01,1
9286,true,0.01,1
9293,true,0.01,1
9301,true,0.01,1
9307,true,0.01,1
9313,true,0.01,1
9320,true,0.01,1
9327,true,0.01,1
9334,true,0.01,1
9341,true,0.01,1
9348,false,0.01,1
9355,true,0.01,1
9362,true,0.01,1
9369,true,0.01,1
9376,true,0.01,1
9383,true,0.01,1
9391,true,0.01,1
9397,false,0.01,1
9406,false,0.01,1
#---------- Tue Nov 29 20:55:49 PST 2022 ----------
#Format: Task Counter Number,Did Simulation Succeed,Last Step Size Used,Number of Simulations Attempted
9426,true,0.01,1
9437,true,0.01,1
9446,true,0.01,1
9457,false,0.01,1
9464,true,0.01,1
9476,true,0.01,1
9485,true,0.01,1
9494,true,0.01,1
9503,true,0.01,1
9513,false,0.01,1
9524,false,0.01,1
9534,true,0.01,1
9541,true,0.01,1
9557,true,0.01,1
9564,true,0.01,1
9572,true,0.01,1
9580,true,0.01,1
9590,true,0.01,1
9597,true,0.01,1
9607,true,0.01,1
9619,true,0.01,1
9630,true,0.01,1
9640,true,0.01,1
9650,true,0.01,1
9660,true,0.01,1
9670,true,0.01,1
9679,true,0.01,1
9689,true,0.01,1
9699,true,0.01,1
9709,true,0.01,1
9722,true,0.01,1
9735,true,0.01,1
9742,true,0.01,1
9750,true,0.01,1
9758,true,0.01,1
9774,true,0.01,1
9784,true,0.01,1
9794,true,0.01,1
9810,true,0.01,1
9820,true,0.01,1
9831,true,0.01,1
9841,true,0.01,1
9851,true,0.01,1
9860,true,0.01,1
9870,true,0.01,1
9881,true,0.01,1
9890,false,0.01,1
9899,false,0.01,1
9909,true,0.01,1
9919,true,0.01,1
9926,false,0.01,1
9935,false,0.01,1
9948,true,0.01,1
9958,true,0.01,1
9968,true,0.01,1
9978,true,0.01,1
9983,true,0.01,1
9999,true,0.01,1
10009,true,0.01,1
10022,true,0.01,1
10030,true,0.01,1
10037,true,0.01,1
10053,true,0.01,1
10063,true,0.01,1
10073,true,0.01,1
10083,true,0.01,1
10093,true,0.01,1
10103,true,0.01,1
10113,false,0.01,1
10123,false,0.01,1
10133,false,0.01,1
10143,true,0.01,1
10153,true,0.01,1
10163,true,0.01,1
10173,true,0.01,1
10183,true,0.01,1
10193,true,0.01,1
10203,false,0.01,1
10213,false,0.01,1
10223,false,0.01,1
10230,false,0.01,1
10237,false,0.01,1
10246,false,0.01,1
10258,false,0.01,1
10265,false,0.01,1
10278,false,0.01,1
10288,true,0.01,1
10298,true,0.01,1
10308,true,0.01,1
10318,true,0.01,1
10328,true,0.01,1
10338,false,0.01,1
10348,false,0.01,1
10358,false,0.01,1
10368,true,0.01,1
10378,true,0.01,1
10388,true,0.01,1
10398,true,0.01,1
10408,true,0.01,1
10425,true,0.01,1
10433,true,0.01,1
10443,true,0.01,1
10448,false,0.01,1
10461,false,0.01,1
10468,false,0.01,1
10486,true,0.01,1
10496,false,0.01,1
10506,false,0.01,1
10515,false,0.01,1
10526,false,0.01,1
10539,true,0.01,1
10549,true,0.01,1
10559,true,0.01,1
10568,true,0.01,1
10577,true,0.01,1
10586,true,0.01,1
10595,true,0.01,1
10607,false,0.01,1
10619,false,0.01,1
10625,false,0.01,1
10634,false,0.01,1
10638,true,0.01,1
10649,true,0.01,1
10658,true,0.01,1
10667,true,0.01,1
10675,true,0.01,1
10683,true,0.01,1
10691,false,0.01,1
10699,false,0.01,1
10707,false,0.01,1
10716,false,0.01,1
10724,false,0.01,1
10731,false,0.01,1
10737,true,0.01,1
10749,false,0.01,1
10754,false,0.01,1
10762,false,0.01,1
10770,false,0.01,1
10777,false,0.01,1
10785,false,0.01,1
10794,false,0.01,1
10802,false,0.01,1
10813,false,0.01,1
10820,false,0.01,1
10832,false,0.01,1
10841,false,0.01,1
10849,false,0.01,1
10854,true,0.01,1
10868,false,0.01,1
10873,true,0.01,1
10885,false,0.01,1
10893,false,0.01,1
10900,true,0.01,1
10908,true,0.01,1
10916,false,0.01,1
10924,false,0.01,1
10933,false,0.01,1
10940,true,0.01,1
10949,true,0.01,1
10958,true,0.01,1
10966,true,0.01,1
10974,true,0.01,1
10982,true,0.01,1
10989,true,0.01,1
11002,true,0.01,1
11010,true,0.01,1
11018,true,0.01,1
11026,true,0.01,1
11034,true,0.01,1
11042,true,0.01,1
11050,true,0.01,1
11058,true,0.01,1
11066,true,0.01,1
11074,true,0.01,1
11079,true,0.01,1
11086,true,0.01,1
11095,true,0.01,1
11103,true,0.01,1
11110,true,0.01,1
11118,true,0.01,1
11127,true,0.01,1
11132,true,0.01,1
11142,true,0.01,1
11152,true,0.01,1
11162,true,0.01,1
11172,true,0.01,1
11183,true,0.01,1
11194,true,0.01,1
11204,true,0.01,1
11213,true,0.01,1
11223,false,0.01,1
11233,true,0.01,1
11243,true,0.01,1
11251,false,0.01,1
11262,true,0.01,1
11271,true,0.01,1
11279,true,0.01,1
11289,true,0.01,1
11299,true,0.01,1
11309,true,0.01,1
11319,true,0.01,1
11328,true,0.01,1
11338,true,0.01,1
11348,false,0.01,1
11358,false,0.01,1
11368,true,0.01,1
11380,true,0.01,1
11393,true,0.01,1
11403,true,0.01,1
11413,true,0.01,1
11423,true,0.01,1
11435,true,0.01,1
11445,true,0.01,1
11454,true,0.01,1
11466,true,0.01,1
11477,false,0.01,1
11487,true,0.01,1
11497,true,0.01,1
11507,false,0.01,1
11517,true,0.01,1
11527,true,0.01,1
11537,true,0.01,1
11547,true,0.01,1
11557,true,0.01,1
11567,true,0.01,1
11577,true,0.01,1
11587,true,0.01,1
11596,true,0.01,1
11607,false,0.01,1
11614,true,0.01,1
11621,true,0.01,1
11634,true,0.01,1
11642,true,0.01,1
11649,true,0.01,1
11658,true,0.01,1
11666,false,0.01,1
11674,false,0.01,1
11684,false,0.01,1
11691,true,0.01,1
11702,false,0.01,1
11710,false,0.01,1
11719,false,0.01,1
11728,false,0.01,1
11735,true,0.01,1
11741,true,0.01,1
11752,true,0.01,1
11761,true,0.01,1
11768,true,0.01,1
11777,true,0.01,1
11783,true,0.01,1
11798,true,0.01,1
11804,true,0.01,1
11810,true,0.01,1
11823,true,0.01,1
11829,true,0.01,1
11836,true,0.01,1
11849,true,0.01,1
11858,true,0.01,1
11864,true,0.01,1
11877,true,0.01,1
11881,true,0.01,1
11897,true,0.01,1
11906,true,0.01,1
11915,true,0.01,1
11919,true,0.01,1
11929,true,0.01,1
11938,true,0.01,1
11948,true,0.01,1
11962,false,0.01,1
11965,true,0.01,1
11978,true,0.01,1
11984,true,0.01,1
11996,true,0.01,1
12005,true,0.01,1
12013,true,0.01,1
12017,true,0.01,1
12031,true,0.01,1
12037,true,0.01,1
12044,true,0.01,1
12058,true,0.01,1
12065,true,0.01,1
12072,true,0.01,1
12079,true,0.01,1
12090,true,0.01,1
12097,true,0.01,1
12111,true,0.01,1
12115,true,0.01,1
12131,true,0.01,1
12139,true,0.01,1
12146,true,0.01,1
12150,true,0.01,1
12162,true,0.01,1
12173,true,0.01,1
12185,true,0.01,1
12191,true,0.01,1
12203,true,0.01,1
12211,true,0.01,1
12217,true,0.01,1
12226,true,0.01,1
12236,false,0.01,1
12242,true,0.01,1
12257,true,0.01,1
12261,true,0.01,1
12267,true,0.01,1
12277,true,0.01,1
12289,true,0.01,1
12295,true,0.01,1
12307,true,0.01,1
12313,true,0.01,1
12322,true,0.01,1
12333,true,0.01,1
12343,true,0.01,1
12352,true,0.01,1
12357,true,0.01,1
12365,false,0.01,1
12373,false,0.01,1
12382,false,0.01,1
12389,true,0.01,1
12397,false,0.01,1
12407,false,0.01,1
12414,true,0.01,1
12421,false,0.01,1
12428,true,0.01,1
12434,true,0.01,1
12441,true,0.01,1
12449,true,0.01,1
12461,true,0.01,1
12468,true,0.01,1
12476,false,0.01,1
12482,false,0.01,1
12488,false,0.01,1
12495,true,0.01,1
12502,true,0.01,1
12510,true,0.01,1
12518,false,0.01,1
12525,true,0.01,1
12532,true,0.01,1
12539,true,0.01,1
12550,true,0.01,1
12554,true,0.01,1
12561,true,0.01,1
12568,true,0.01,1
12575,true,0.01,1
12582,true,0.01,1
12588,true,0.01,1
12595,true,0.01,1
12602,true,0.01,1
12609,true,0.01,1
12615,true,0.01,1
12622,true,0.01,1
12629,true,0.01,1
12638,false,0.01,1
12644,false,0.01,1
12652,false,0.01,1
12659,true,0.01,1
12666,true,0.01,1
12671,false,0.01,1
12678,false,0.01,1
12683,true,0.01,1
12695,true,0.01,1
12700,true,0.01,1
12709,false,0.01,1
12715,true,0.01,1
12722,false,0.01,1
12726,true,0.01,1
12734,false,0.01,1
12741,false,0.01,1
12747,true,0.01,1
12752,false,0.01,1
12759,false,0.01,1
12766,true,0.01,1
12771,true,0.01,1
12780,true,0.01,1
12789,true,0.01,1
12797,false,0.01,1
12804,false,0.01,1
12811,true,0.01,1
12819,true,0.01,1
12824,false,0.01,1
12831,false,0.01,1
12837,true,0.01,1
12844,true,0.01,1
12851,false,0.01,1
12859,false,0.01,1
12868,false,0.01,1
12875,true,0.01,1
12882,true,0.01,1
12888,false,0.01,1
12895,false,0.01,1
12902,true,0.01,1
12908,true,0.01,1
12917,true,0.01,1
12928,true,0.01,1
12934,true,0.01,1
12946,true,0.01,1
12950,false,0.01,1
12957,false,0.01,1
12964,false,0.01,1
12969,true,0.01,1
12976,false,0.01,1
12983,false,0.01,1
12991,false,0.01,1
12998,true,0.01,1
13004,false,0.01,1
13011,false,0.01,1
13018,true,0.01,1
13025,true,0.01,1
13033,true,0.01,1
13040,false,0.01,1
13046,false,0.01,1
13053,true,0.01,1
13060,true,0.01,1
13066,false,0.01,1
13073,false,0.01,1
13082,false,0.01,1
13090,true,0.01,1
13097,true,0.01,1
13105,true,0.01,1
13112,false,0.01,1
13119,false,0.01,1
13126,true,0.01,1
13132,true,0.01,1
13139,true,0.01,1
13146,true,0.01,1
13152,true,0.01,1
13158,true,0.01,1
13166,true,0.01,1
13173,true,0.01,1
13180,true,0.01,1
13185,true,0.01,1
13193,true,0.01,1
13200,true,0.01,1
13206,true,0.01,1
13211,true,0.01,1
13218,true,0.01,1
13225,true,0.01,1
13231,true,0.01,1
13238,true,0.01,1
13246,true,0.01,1
13253,true,0.01,1
13257,true,0.01,1
13262,true,0.01,1
13269,true,0.01,1
13274,true,0.01,1
13281,true,0.01,1
13288,true,0.01,1
13295,true,0.01,1
13301,true,0.01,1
13308,true,0.01,1
13315,true,0.01,1
13322,true,0.01,1
13329,true,0.01,1
13336,true,0.01,1
13343,true,0.01,1
13350,true,0.01,1
13357,true,0.01,1
13364,true,0.01,1
13371,true,0.01,1
13378,true,0.01,1
13384,true,0.01,1
13390,true,0.01,1
13397,true,0.01,1
13403,true,0.01,1
13412,true,0.01,1
13419,true,0.01,1
13427,true,0.01,1
13434,true,0.01,1
13441,true,0.01,1
13448,true,0.01,1
13455,true,0.01,1
13462,true,0.01,1
13469,true,0.01,1
13476,true,0.01,1
13483,true,0.01,1
13489,true,0.01,1
13496,true,0.01,1
13502,true,0.01,1
13510,true,0.01,1
13517,true,0.01,1
13524,true,0.01,1
13531,true,0.01,1
13538,true,0.01,1
13544,true,0.01,1
13549,true,0.01,1
13555,true,0.01,1
13562,true,0.01,1
13569,true,0.01,1
13576,true,0.01,1
13583,true,0.01,1
13590,true,0.01,1
13595,true,0.01,1
13602,true,0.01,1
13609,true,0.01,1
13615,true,0.01,1
13622,true,0.01,1
13629,true,0.01,1
13636,true,0.01,1
13642,true,0.01,1
13649,true,0.01,1
13656,true,0.01,1
13662,true,0.01,1
13669,true,0.01,1
13676,true,0.01,1
13683,true,0.01,1
13688,true,0.01,1
13695,true,0.01,1
13701,true,0.01,1
13706,true,0.01,1
13713,true,0.01,1
13720,true,0.01,1
13727,true,0.01,1
13734,true,0.01,1
13741,true,0.01,1
13748,true,0.01,1
13755,true,0.01,1
13761,true,0.01,1
13768,true,0.01,1
13775,true,0.01,1
13781,false,0.01,1
13787,false,0.01,1
13793,true,0.01,1
13799,true,0.01,1
13806,false,0.01,1
13812,true,0.01,1
13818,true,0.01,1
13824,false,0.01,1
13829,true,0.01,1
13835,true,0.01,1
13841,true,0.01,1
13847,true,0.01,1
13853,true,0.01,1
13857,true,0.01,1
13863,true,0.01,1
13868,true,0.01,1
13874,true,0.01,1
13880,true,0.01,1
13887,true,0.01,1
13893,true,0.01,1
13899,true,0.01,1
13904,true,0.01,1
13910,true,0.01,1
13915,true,0.01,1
13923,true,0.01,1
13929,true,0.01,1
13935,true,0.01,1
13941,true,0.01,1
13947,true,0.01,1
13953,true,0.01,1
13959,true,0.01,1
13965,true,0.01,1
13971,true,0.01,1
13977,true,0.01,1
13983,true,0.01,1
13989,true,0.01,1
13995,true,0.01,1
14000,true,0.01,1
14006,true,0.01,1
14012,true,0.01,1
14018,true,0.01,1
14024,true,0.01,1
14030,true,0.01,1
14035,true,0.01,1
14041,true,0.01,1
14046,true,0.01,1
14052,true,0.01,1
14058,true,0.01,1
14063,true,0.01,1
14068,true,0.01,1
14074,true,0.01,1
14082,true,0.01,1
14088,true,0.01,1
14096,true,0.01,1
14101,true,0.01,1
14107,true,0.01,1
14112,true,0.01,1
14118,true,0.01,1
14124,true,0.01,1
14130,true,0.01,1
14136,true,0.01,1
14143,true,0.01,1
14149,true,0.01,1
14155,true,0.01,1
14162,true,0.01,1
14168,true,0.01,1
14174,true,0.01,1
14179,true,0.01,1
14184,true,0.01,1
14190,false,0.01,1
14197,true,0.01,1
14203,true,0.01,1
14209,true,0.01,1
14214,true,0.01,1
14222,true,0.01,1
14227,true,0.01,1
14233,true,0.01,1
14239,true,0.01,1
14245,true,0.01,1
14250,true,0.01,1
14256,true,0.01,1
14262,false,0.01,1
14268,true,0.01,1
14274,true,0.01,1
14280,false,0.01,1
14286,true,0.01,1
14293,true,0.01,1
14298,true,0.01,1
14304,true,0.01,1
14310,true,0.01,1
14315,true,0.01,1
14321,true,0.01,1
14327,true,0.01,1
14333,true,0.01,1
14337,true,0.01,1
14344,true,0.01,1
14349,true,0.01,1
14355,true,0.01,1
14361,true,0.01,1
14367,true,0.01,1
14373,true,0.01,1
14379,true,0.01,1
14385,true,0.01,1
14391,true,0.01,1
14397,true,0.01,1
14403,true,0.01,1
14407,true,0.01,1
14414,true,0.01,1
14420,true,0.01,1
14426,false,0.01,1
14432,true,0.01,1
14437,true,0.01,1
14443,false,0.01,1
14449,true,0.01,1
14455,true,0.01,1
14461,true,0.01,1
14465,true,0.01,1
14471,true,0.01,1
14477,true,0.01,1
14483,true,0.01,1
14489,true,0.01,1
14495,true,0.01,1
14501,true,0.01,1
14507,false,0.01,1
14512,false,0.01,1
14517,true,0.01,1
14523,false,0.01,1
14529,true,0.01,1
14536,true,0.01,1
14543,false,0.01,1
14549,true,0.01,1
14555,true,0.01,1
14561,true,0.01,1
14566,true,0.01,1
14572,true,0.01,1
14578,true,0.01,1
14584,false,0.01,1
14591,false,0.01,1
14596,false,0.01,1
14603,false,0.01,1
14608,false,0.01,1
14614,false,0.01,1
14618,false,0.01,1
14624,false,0.01,1
14628,false,0.01,1
14635,false,0.01,1
14640,false,0.01,1
14646,false,0.01,1
14652,false,0.01,1
14658,false,0.01,1
14664,false,0.01,1
14670,true,0.01,1
14676,false,0.01,1
14682,false,0.01,1
14688,false,0.01,1
14694,false,0.01,1
14701,false,0.01,1
14708,true,0.01,1
14714,false,0.01,1
14720,true,0.01,1
14726,true,0.01,1
14732,false,0.01,1
14738,true,0.01,1
14744,true,0.01,1
14750,false,0.01,1
14756,false,0.01,1
14762,true,0.01,1
14768,false,0.01,1
14774,true,0.01,1
14780,true,0.01,1
14786,true,0.01,1
14793,false,0.01,1
14799,true,0.01,1
14805,true,0.01,1
14810,true,0.01,1
14815,true,0.01,1
14821,true,0.01,1
14826,false,0.01,1
14833,false,0.01,1
14840,false,0.01,1
14846,false,0.01,1
14852,false,0.01,1
14858,false,0.01,1
14864,false,0.01,1
14870,false,0.01,1
14876,false,0.01,1
14881,false,0.01,1
14887,false,0.01,1
14893,false,0.01,1
14899,false,0.01,1
14905,false,0.01,1
14911,false,0.01,1
14916,false,0.01,1
14923,false,0.01,1
14928,false,0.01,1
14932,false,0.01,1
14938,false,0.01,1
14943,false,0.01,1
14948,false,0.01,1
14953,false,0.01,1
14958,false,0.01,1
14963,false,0.01,1
14967,true,0.01,1
14973,false,0.01,1
14977,false,0.01,1
14982,false,0.01,1
14989,false,0.01,1
14992,false,0.01,1
14998,false,0.01,1
15001,false,0.01,1
15006,false,0.01,1
15011,false,0.01,1
15017,false,0.01,1
15020,false,0.01,1
15026,false,0.01,1
15032,true,0.01,1
15037,false,0.01,1
15041,true,0.01,1
15046,false,0.01,1
15050,true,0.01,1
15055,false,0.01,1
15060,true,0.01,1
15065,false,0.01,1
15069,false,0.01,1
15074,false,0.01,1
15079,false,0.01,1
15084,false,0.01,1
15090,false,0.01,1
15095,false,0.01,1
15098,false,0.01,1
15104,false,0.01,1
15109,false,0.01,1
15113,false,0.01,1
15119,false,0.01,1
15124,false,0.01,1
15129,false,0.01,1
15134,false,0.01,1
15139,false,0.01,1
15144,false,0.01,1
15149,false,0.01,1
15154,false,0.01,1
15159,false,0.01,1
15164,false,0.01,1
15169,false,0.01,1
15173,false,0.01,1
15177,false,0.01,1
15181,false,0.01,1
15185,false,0.01,1
15189,false,0.01,1
15193,false,0.01,1
15197,false,0.01,1
15201,false,0.01,1
15205,false,0.01,1
15209,false,0.01,1
15212,false,0.01,1
15215,false,0.01,1
15218,false,0.01,1
15221,false,0.01,1
15224,false,0.01,1
15227,false,0.01,1
15230,false,0.01,1
15233,false,0.01,1
15236,false,0.01,1
15239,false,0.01,1
15242,false,0.01,1
15245,false,0.01,1
15248,false,0.01,1
15251,false,0.01,1
15254,false,0.01,1
15257,false,0.01,1
15260,false,0.01,1
15263,false,0.01,1
15266,false,0.01,1
15269,false,0.01,1
15272,false,0.01,1
15275,false,0.01,1
15278,false,0.01,1
15281,false,0.01,1
15284,false,0.01,1
#---------- Wed Nov 30 00:21:53 PST 2022 ----------
#Format: Task Counter Number,Did Simulation Succeed,Last Step Size Used,Number of Simulations Attempted
16234,true,0.01,1
16244,true,0.01,1
16254,true,0.01,1
16263,true,0.01,1
16270,true,0.01,1
16281,false,0.01,1
16291,false,0.01,1
16300,false,0.01,1
16309,true,0.01,1
16320,true,0.01,1
16329,true,0.01,1
16337,true,0.01,1
16351,true,0.01,1
16356,true,0.01,1
16364,true,0.01,1
16375,true,0.01,1
16385,true,0.01,1
16398,true,0.01,1
16408,true,0.01,1
16418,true,0.01,1
16429,true,0.01,1
16438,true,0.01,1
16447,true,0.01,1
16458,false,0.01,1
16466,true,0.01,1
16475,true,0.01,1
16484,true,0.01,1
16494,true,0.01,1
16504,true,0.01,1
16514,true,0.01,1
16527,true,0.01,1
16535,true,0.01,1
16546,true,0.01,1
16554,true,0.01,1
16562,true,0.01,1
16578,true,0.01,1
16588,true,0.01,1
16599,true,0.01,1
16607,true,0.01,1
16620,false,0.01,1
16628,true,0.01,1
16637,true,0.01,1
16647,false,0.01,1
16657,true,0.01,1
16667,true,0.01,1
16677,true,0.01,1
16688,true,0.01,1
16699,true,0.01,1
16709,true,0.01,1
16720,false,0.01,1
16726,true,0.01,1
16737,false,0.01,1
16748,false,0.01,1
16760,true,0.01,1
16769,false,0.01,1
16778,true,0.01,1
16791,false,0.01,1
16797,true,0.01,1
16804,true,0.01,1
16819,false,0.01,1
16826,true,0.01,1
16834,true,0.01,1
16840,true,0.01,1
16854,false,0.01,1
16861,true,0.01,1
16870,true,0.01,1
16877,true,0.01,1
16885,true,0.01,1
16896,true,0.01,1
16902,true,0.01,1
16911,true,0.01,1
16920,true,0.01,1
16929,true,0.01,1
16939,true,0.01,1
16949,true,0.01,1
16957,true,0.01,1
16966,true,0.01,1
16975,true,0.01,1
16982,true,0.01,1
16993,true,0.01,1
16999,true,0.01,1
17011,false,0.01,1
17023,false,0.01,1
17030,false,0.01,1
17043,false,0.01,1
17050,false,0.01,1
17059,false,0.01,1
17066,false,0.01,1
17077,true,0.01,1
17084,true,0.01,1
17096,false,0.01,1
17106,false,0.01,1
17112,false,0.01,1
17126,false,0.01,1
17135,false,0.01,1
17144,false,0.01,1
17153,false,0.01,1
17162,false,0.01,1
17171,false,0.01,1
17180,false,0.01,1
17186,false,0.01,1
17197,false,0.01,1
17199,true,0.01,1
17208,true,0.01,1
17217,true,0.01,1
17226,true,0.01,1
17231,true,0.01,1
17239,true,0.01,1
17248,true,0.01,1
17257,false,0.01,1
17264,false,0.01,1
17274,false,0.01,1
17280,true,0.01,1
17291,false,0.01,1
17304,false,0.01,1
17308,true,0.01,1
17319,false,0.01,1
17328,false,0.01,1
17340,false,0.01,1
17345,false,0.01,1
17360,false,0.01,1
17365,false,0.01,1
17374,false,0.01,1
17380,true,0.01,1
17390,true,0.01,1
17400,false,0.01,1
17409,false,0.01,1
17418,false,0.01,1
17427,false,0.01,1
17433,true,0.01,1
17443,true,0.01,1
17451,true,0.01,1
17458,false,0.01,1
17464,false,0.01,1
17476,false,0.01,1
17485,false,0.01,1
17492,false,0.01,1
17499,true,0.01,1
17508,true,0.01,1
17517,true,0.01,1
17524,false,0.01,1
17533,false,0.01,1
17541,false,0.01,1
17548,true,0.01,1
17557,true,0.01,1
17565,true,0.01,1
17574,true,0.01,1
17582,false,0.01,1
17591,true,0.01,1
17600,true,0.01,1
17608,true,0.01,1
17615,true,0.01,1
17623,true,0.01,1
17631,true,0.01,1
17639,true,0.01,1
17647,true,0.01,1
17655,true,0.01,1
17663,false,0.01,1
17671,true,0.01,1
17679,true,0.01,1
17686,true,0.01,1
17697,true,0.01,1
17705,true,0.01,1
17712,true,0.01,1
17721,true,0.01,1
17729,true,0.01,1
17737,true,0.01,1
17745,true,0.01,1
17753,true,0.01,1
17760,true,0.01,1
17768,false,0.01,1
17774,true,0.01,1
17782,true,0.01,1
17790,true,0.01,1
17798,true,0.01,1
17807,true,0.01,1
17815,true,0.01,1
17825,false,0.01,1
17834,true,0.01,1
17842,true,0.01,1
17850,true,0.01,1
17858,true,0.01,1
17865,true,0.01,1
17874,true,0.01,1
17882,true,0.01,1
17890,true,0.01,1
17898,true,0.01,1
17906,false,0.01,1
17914,true,0.01,1
17921,true,0.01,1
17928,false,0.01,1
17936,true,0.01,1
17943,true,0.01,1
17949,true,0.01,1
17956,true,0.01,1
17963,true,0.01,1
17970,true,0.01,1
17977,true,0.01,1
17983,true,0.01,1
17991,false,0.01,1
17995,true,0.01,1
18000,true,0.01,1
18009,true,0.01,1
18019,false,0.01,1
18022,true,0.01,1
18028,false,0.01,1
18035,true,0.01,1
18042,true,0.01,1
18051,true,0.01,1
18058,true,0.01,1
18067,true,0.01,1
18074,true,0.01,1
18081,true,0.01,1
18088,true,0.01,1
18095,true,0.01,1
18102,true,0.01,1
18109,true,0.01,1
18115,true,0.01,1
18122,true,0.01,1
18129,true,0.01,1
18137,true,0.01,1
18144,false,0.01,1
18151,false,0.01,1
18158,true,0.01,1
18165,true,0.01,1
18171,false,0.01,1
18178,true,0.01,1
18185,true,0.01,1
18192,true,0.01,1
18199,true,0.01,1
18206,true,0.01,1
18213,true,0.01,1
18219,true,0.01,1
18226,false,0.01,1
18232,true,0.01,1
18239,true,0.01,1
18246,true,0.01,1
18252,true,0.01,1
18260,true,0.01,1
18267,true,0.01,1
18273,true,0.01,1
18279,true,0.01,1
18287,true,0.01,1
18294,true,0.01,1
18298,false,0.01,1
18305,true,0.01,1
18312,true,0.01,1
18319,true,0.01,1
18326,true,0.01,1
18334,true,0.01,1
18344,false,0.01,1
18350,true,0.01,1
18357,true,0.01,1
18363,true,0.01,1
18368,true,0.01,1
18375,true,0.01,1
18381,true,0.01,1
18388,true,0.01,1
18395,true,0.01,1
18402,true,0.01,1
18408,true,0.01,1
18415,true,0.01,1
18422,true,0.01,1
18429,true,0.01,1
18436,true,0.01,1
18443,true,0.01,1
18451,true,0.01,1
18457,true,0.01,1
18464,true,0.01,1
18472,true,0.01,1
18479,false,0.01,1
18485,true,0.01,1
18492,true,0.01,1
18498,true,0.01,1
18506,false,0.01,1
18512,true,0.01,1
18519,true,0.01,1
18526,true,0.01,1
18533,false,0.01,1
18538,true,0.01,1
18545,true,0.01,1
#---------- Wed Nov 30 06:12:37 PST 2022 ----------
#Format: Task Counter Number,Did Simulation Succeed,Last Step Size Used,Number of Simulations Attempted
22550,false,0.01,1
22563,true,0.01,1
22574,true,0.01,1
22583,true,0.01,1
22594,true,0.01,1
22604,true,0.01,1
22613,true,0.01,1
22626,false,0.01,1
22631,true,0.01,1
22642,true,0.01,1
22656,true,0.01,1
22662,false,0.01,1
22674,true,0.01,1
22685,true,0.01,1
22694,true,0.01,1
22705,true,0.01,1
22715,true,0.01,1
22725,true,0.01,1
22735,true,0.01,1
22745,true,0.01,1
22759,true,0.01,1
22769,false,0.01,1
22779,true,0.01,1
22789,true,0.01,1
22799,true,0.01,1
22809,true,0.01,1
22819,true,0.01,1
22829,true,0.01,1
22839,true,0.01,1
22849,true,0.01,1
22861,false,0.01,1
22868,true,0.01,1
22878,false,0.01,1
22888,false,0.01,1
22895,true,0.01,1
22906,true,0.01,1
22922,true,0.01,1
22930,false,0.01,1
22936,true,0.01,1
22949,false,0.01,1
22960,true,0.01,1
22970,true,0.01,1
22980,true,0.01,1
22988,true,0.01,1
23001,true,0.01,1
23011,false,0.01,1
23016,true,0.01,1
23029,false,0.01,1
23034,true,0.01,1
23049,true,0.01,1
23058,true,0.01,1
23068,true,0.01,1
23074,false,0.01,1
23084,false,0.01,1
23096,true,0.01,1
23107,true,0.01,1
23117,true,0.01,1
23126,true,0.01,1
23133,true,0.01,1
23140,true,0.01,1
23155,true,0.01,1
23162,true,0.01,1
23171,false,0.01,1
23182,false,0.01,1
23188,true,0.01,1
23202,true,0.01,1
23212,true,0.01,1
23223,true,0.01,1
23232,true,0.01,1
23241,true,0.01,1
23249,true,0.01,1
23263,false,0.01,1
23272,false,0.01,1
23277,false,0.01,1
23290,false,0.01,1
23297,true,0.01,1
23310,true,0.01,1
23316,false,0.01,1
23324,true,0.01,1
23337,true,0.01,1
23352,false,0.01,1
23358,false,0.01,1
23366,false,0.01,1
23382,true,0.01,1
23392,true,0.01,1
23402,true,0.01,1
23412,false,0.01,1
23427,true,0.01,1
23437,true,0.01,1
23447,true,0.01,1
23457,true,0.01,1
23467,true,0.01,1
23478,false,0.01,1
23485,false,0.01,1
23498,false,0.01,1
23504,false,0.01,1
23515,false,0.01,1
23523,false,0.01,1
23531,true,0.01,1
23544,true,0.01,1
23551,false,0.01,1
23560,false,0.01,1
23570,false,0.01,1
23581,true,0.01,1
23595,false,0.01,1
23600,false,0.01,1
23616,true,0.01,1
23626,true,0.01,1
23636,true,0.01,1
23648,false,0.01,1
23658,false,0.01,1
23668,false,0.01,1
23672,true,0.01,1
23680,true,0.01,1
23690,true,0.01,1
23699,true,0.01,1
23709,false,0.01,1
23715,true,0.01,1
23728,false,0.01,1
23739,false,0.01,1
23743,true,0.01,1
23759,false,0.01,1
23767,false,0.01,1
23776,false,0.01,1
23783,false,0.01,1
23794,false,0.01,1
23803,false,0.01,1
23812,false,0.01,1
23823,true,0.01,1
23833,true,0.01,1
23846,false,0.01,1
23856,false,0.01,1
23863,false,0.01,1
23871,false,0.01,1
23884,false,0.01,1
23893,false,0.01,1
23899,false,0.01,1
23913,true,0.01,1
23923,false,0.01,1
23933,false,0.01,1
23944,false,0.01,1
23954,false,0.01,1
23967,true,0.01,1
23977,true,0.01,1
23987,false,0.01,1
24003,true,0.01,1
24013,true,0.01,1
24024,false,0.01,1
24034,false,0.01,1
24044,false,0.01,1
24054,false,0.01,1
24064,true,0.01,1
24073,true,0.01,1
24081,true,0.01,1
24091,true,0.01,1
24102,false,0.01,1
24109,true,0.01,1
24118,true,0.01,1
24130,false,0.01,1
24140,true,0.01,1
24151,true,0.01,1
24161,true,0.01,1
24170,true,0.01,1
24181,true,0.01,1
24192,true,0.01,1
24202,true,0.01,1
24212,true,0.01,1
24222,true,0.01,1
24232,true,0.01,1
24241,true,0.01,1
24252,true,0.01,1
24262,true,0.01,1
24272,true,0.01,1
24281,true,0.01,1
24291,true,0.01,1
24301,true,0.01,1
24312,true,0.01,1
24322,true,0.01,1
24332,true,0.01,1
24342,true,0.01,1
24354,false,0.01,1
24361,true,0.01,1
24371,true,0.01,1
24381,true,0.01,1
24389,true,0.01,1
24400,true,0.01,1
24412,true,0.01,1
24422,true,0.01,1
24432,true,0.01,1
24441,true,0.01,1
24451,true,0.01,1
24461,true,0.01,1
24471,false,0.01,1
24485,true,0.01,1
24495,true,0.01,1
24506,true,0.01,1
24516,true,0.01,1
24526,true,0.01,1
24536,true,0.01,1
24545,false,0.01,1
24555,true,0.01,1
24565,true,0.01,1
24577,true,0.01,1
24588,false,0.01,1
24600,true,0.01,1
24610,true,0.01,1
24620,true,0.01,1
24633,true,0.01,1
24641,true,0.01,1
24654,true,0.01,1
24662,true,0.01,1
24674,true,0.01,1
24683,true,0.01,1
24695,true,0.01,1
24704,true,0.01,1
24714,false,0.01,1
24724,false,0.01,1
24741,true,0.01,1
24751,true,0.01,1
24761,true,0.01,1
24771,true,0.01,1
24780,true,0.01,1
24788,false,0.01,1
24798,true,0.01,1
24808,true,0.01,1
24819,true,0.01,1
24829,true,0.01,1
24840,true,0.01,1
24852,true,0.01,1
24862,true,0.01,1
24875,true,0.01,1
24885,true,0.01,1
24895,true,0.01,1
24906,true,0.01,1
24915,true,0.01,1
24925,true,0.01,1
24933,true,0.01,1
24943,true,0.01,1
24955,true,0.01,1
24966,true,0.01,1
24976,true,0.01,1
24986,true,0.01,1
24997,true,0.01,1
25007,true,0.01,1
25019,true,0.01,1
25029,true,0.01,1
25041,true,0.01,1
25051,true,0.01,1
25065,false,0.01,1
25079,true,0.01,1
25091,true,0.01,1
25101,false,0.01,1
25113,true,0.01,1
25123,true,0.01,1
25135,true,0.01,1
25144,true,0.01,1
25154,true,0.01,1
25164,true,0.01,1
25174,true,0.01,1
25187,true,0.01,1
25196,false,0.01,1
25208,false,0.01,1
25213,true,0.01,1
25225,false,0.01,1
25235,true,0.01,1
25245,true,0.01,1
25256,true,0.01,1
25267,true,0.01,1
25277,false,0.01,1
25292,false,0.01,1
25295,true,0.01,1
25311,true,0.01,1
25321,true,0.01,1
25331,true,0.01,1
25345,false,0.01,1
25356,true,0.01,1
25365,true,0.01,1
25374,true,0.01,1
25383,true,0.01,1
25392,true,0.01,1
25402,true,0.01,1
25412,true,0.01,1
25421,true,0.01,1
25430,true,0.01,1
25441,false,0.01,1
25448,true,0.01,1
25461,true,0.01,1
25471,true,0.01,1
25481,true,0.01,1
25493,true,0.01,1
25505,false,0.01,1
25515,false,0.01,1
25522,false,0.01,1
25536,true,0.01,1
25548,true,0.01,1
25558,true,0.01,1
25569,false,0.01,1
25575,true,0.01,1
25584,true,0.01,1
25595,true,0.01,1
25602,true,0.01,1
25613,false,0.01,1
25623,true,0.01,1
25634,true,0.01,1
25647,false,0.01,1
25657,true,0.01,1
25668,true,0.01,1
25678,true,0.01,1
25691,false,0.01,1
25701,true,0.01,1
25712,false,0.01,1
25722,true,0.01,1
25732,true,0.01,1
25744,true,0.01,1
25753,true,0.01,1
25763,false,0.01,1
25771,true,0.01,1
25785,false,0.01,1
25790,false,0.01,1
25804,false,0.01,1
25808,true,0.01,1
25820,false,0.01,1
25830,false,0.01,1
25834,true,0.01,1
25847,false,0.01,1
25855,false,0.01,1
25863,false,0.01,1
25872,false,0.01,1
25883,false,0.01,1
25892,false,0.01,1
25900,false,0.01,1
25911,true,0.01,1
25921,false,0.01,1
25933,true,0.01,1
25947,true,0.01,1
25958,true,0.01,1
25968,true,0.01,1
25982,false,0.01,1
25991,false,0.01,1
26001,false,0.01,1
26008,false,0.01,1
26019,false,0.01,1
26025,false,0.01,1
26036,false,0.01,1
26045,false,0.01,1
26052,false,0.01,1
26061,false,0.01,1
26069,true,0.01,1
26083,false,0.01,1
26094,true,0.01,1
26106,false,0.01,1
26113,true,0.01,1
26125,false,0.01,1
26134,false,0.01,1
26141,false,0.01,1
26154,true,0.01,1
26164,false,0.01,1
26179,false,0.01,1
26185,true,0.01,1
26199,true,0.01,1
26209,true,0.01,1
26221,false,0.01,1
26235,true,0.01,1
26245,true,0.01,1
26257,true,0.01,1
26266,true,0.01,1
26278,true,0.01,1
26287,true,0.01,1
26296,true,0.01,1
26305,true,0.01,1
26313,true,0.01,1
26325,true,0.01,1
26335,true,0.01,1
26345,true,0.01,1
26355,true,0.01,1
26366,true,0.01,1
26376,true,0.01,1
26390,true,0.01,1
26400,true,0.01,1
26409,true,0.01,1
26421,true,0.01,1
26431,true,0.01,1
26442,true,0.01,1
26453,true,0.01,1
26463,true,0.01,1
26473,true,0.01,1
26483,true,0.01,1
26493,true,0.01,1
26503,true,0.01,1
26513,true,0.01,1
26523,true,0.01,1
26533,true,0.01,1
26543,true,0.01,1
26559,true,0.01,1
26570,true,0.01,1
26580,true,0.01,1
26590,true,0.01,1
26600,true,0.01,1
26610,true,0.01,1
26620,true,0.01,1
26631,true,0.01,1
26638,true,0.01,1
26649,false,0.01,1
26661,true,0.01,1
26671,true,0.01,1
26681,true,0.01,1
26691,true,0.01,1
26701,true,0.01,1
26711,true,0.01,1
26724,true,0.01,1
26734,true,0.01,1
26742,true,0.01,1
26753,true,0.01,1
26765,true,0.01,1
26774,true,0.01,1
26783,true,0.01,1
26793,true,0.01,1
26804,true,0.01,1
26814,true,0.01,1
26824,true,0.01,1
26834,true,0.01,1
26844,true,0.01,1
26854,true,0.01,1
26865,true,0.01,1
26874,true,0.01,1
26884,true,0.01,1
26894,false,0.01,1
26909,true,0.01,1
26917,true,0.01,1
26927,true,0.01,1
26936,true,0.01,1
26945,true,0.01,1
26953,true,0.01,1
26963,true,0.01,1
26970,true,0.01,1
26978,true,0.01,1
26987,true,0.01,1
26995,true,0.01,1
27001,true,0.01,1
27013,true,0.01,1
27018,true,0.01,1
27029,true,0.01,1
27041,true,0.01,1
27047,true,0.01,1
27060,true,0.01,1
27068,true,0.01,1
27076,true,0.01,1
27084,true,0.01,1
27092,true,0.01,1
27100,true,0.01,1
27108,true,0.01,1
27113,true,0.01,1
27121,true,0.01,1
27129,true,0.01,1
27137,true,0.01,1
27145,true,0.01,1
27153,true,0.01,1
27162,true,0.01,1
27170,true,0.01,1
27178,true,0.01,1
27186,true,0.01,1
27194,true,0.01,1
27202,true,0.01,1
27213,true,0.01,1
27222,true,0.01,1
27231,true,0.01,1
27239,true,0.01,1
27245,true,0.01,1
27256,true,0.01,1
27261,true,0.01,1
27271,true,0.01,1
27280,true,0.01,1
27290,true,0.01,1
27301,true,0.01,1
27310,true,0.01,1
27319,true,0.01,1
27327,true,0.01,1
27335,true,0.01,1
27343,true,0.01,1
27351,true,0.01,1
27355,true,0.01,1
27364,true,0.01,1
27371,true,0.01,1
27383,true,0.01,1
27394,true,0.01,1
27404,true,0.01,1
27414,true,0.01,1
27424,true,0.01,1
27434,true,0.01,1
27444,true,0.01,1
27454,true,0.01,1
27465,true,0.01,1
27475,true,0.01,1
27486,true,0.01,1
27499,true,0.01,1
27508,true,0.01,1
27515,true,0.01,1
27528,true,0.01,1
27539,true,0.01,1
27548,false,0.01,1
27559,true,0.01,1
27569,true,0.01,1
27578,true,0.01,1
27586,true,0.01,1
27595,true,0.01,1
27608,true,0.01,1
27615,true,0.01,1
27622,true,0.01,1
27635,true,0.01,1
27645,false,0.01,1
27655,false,0.01,1
27665,false,0.01,1
27679,true,0.01,1
27688,true,0.01,1
27699,true,0.01,1
27709,false,0.01,1
27719,false,0.01,1
27729,true,0.01,1
27740,true,0.01,1
27754,false,0.01,1
27763,false,0.01,1
27773,true,0.01,1
27783,true,0.01,1
27794,true,0.01,1
27803,true,0.01,1
27813,true,0.01,1
27823,true,0.01,1
27834,false,0.01,1
27844,false,0.01,1
27854,true,0.01,1
27864,true,0.01,1
27874,true,0.01,1
27884,true,0.01,1
27895,true,0.01,1
27907,true,0.01,1
27918,true,0.01,1
27926,true,0.01,1
27942,true,0.01,1
27952,false,0.01,1
27962,false,0.01,1
27972,true,0.01,1
27982,true,0.01,1
27993,true,0.01,1
28002,true,0.01,1
28013,true,0.01,1
28023,false,0.01,1
28033,false,0.01,1
28042,false,0.01,1
28050,false,0.01,1
28060,false,0.01,1
28075,true,0.01,1
28085,true,0.01,1
28094,true,0.01,1
28104,false,0.01,1
28115,false,0.01,1
28122,false,0.01,1
28128,true,0.01,1
28144,true,0.01,1
28155,true,0.01,1
28165,true,0.01,1
28175,true,0.01,1
28185,false,0.01,1
28195,false,0.01,1
28205,false,0.01,1
28215,false,0.01,1
28225,false,0.01,1
28235,true,0.01,1
28250,false,0.01,1
28257,false,0.01,1
28273,false,0.01,1
28282,false,0.01,1
28292,false,0.01,1
28301,false,0.01,1
28312,false,0.01,1
28323,true,0.01,1
28333,true,0.01,1
28343,true,0.01,1
28353,false,0.01,1
28366,false,0.01,1
28375,false,0.01,1
28380,false,0.01,1
28397,true,0.01,1
28405,true,0.01,1
28416,true,0.01,1
28426,true,0.01,1
28437,true,0.01,1
28445,true,0.01,1
28456,true,0.01,1
28465,true,0.01,1
28471,true,0.01,1
28480,true,0.01,1
28493,true,0.01,1
28501,true,0.01,1
28512,true,0.01,1
28522,true,0.01,1
28532,true,0.01,1
28546,true,0.01,1
28556,true,0.01,1
28566,true,0.01,1
28576,true,0.01,1
28586,true,0.01,1
28596,true,0.01,1
28606,true,0.01,1
28616,true,0.01,1
28626,true,0.01,1
28635,true,0.01,1
28645,true,0.01,1
28654,true,0.01,1
28662,true,0.01,1
28673,true,0.01,1
28682,true,0.01,1
28689,true,0.01,1
28699,true,0.01,1
28706,true,0.01,1
28712,false,0.01,1
28727,true,0.01,1
28736,true,0.01,1
28743,true,0.01,1
28748,false,0.01,1
28755,true,0.01,1
28764,true,0.01,1
28773,true,0.01,1
28782,true,0.01,1
28791,true,0.01,1
28800,true,0.01,1
28809,true,0.01,1
28818,true,0.01,1
28827,true,0.01,1
28836,false,0.01,1
28845,false,0.01,1
28859,true,0.01,1
28868,true,0.01,1
28875,true,0.01,1
28881,true,0.01,1
28892,true,0.01,1
28904,true,0.01,1
28912,true,0.01,1
28919,true,0.01,1
28929,true,0.01,1
28936,true,0.01,1
28945,false,0.01,1
28954,false,0.01,1
28965,true,0.01,1
28974,true,0.01,1
28988,true,0.01,1
28996,true,0.01,1
29006,true,0.01,1
29014,true,0.01,1
29023,true,0.01,1
29032,true,0.01,1
29040,true,0.01,1
29049,true,0.01,1
29061,true,0.01,1
29072,true,0.01,1
29082,true,0.01,1
29092,true,0.01,1
29104,false,0.01,1
29112,false,0.01,1
29119,true,0.01,1
29130,false,0.01,1
29140,false,0.01,1
29152,true,0.01,1
29163,true,0.01,1
29173,true,0.01,1
29183,true,0.01,1
29199,true,0.01,1
29208,true,0.01,1
29217,true,0.01,1
29225,true,0.01,1
29240,true,0.01,1
29249,true,0.01,1
29258,true,0.01,1
29268,true,0.01,1
29278,true,0.01,1
29288,true,0.01,1
29298,true,0.01,1
29309,true,0.01,1
29318,true,0.01,1
29325,true,0.01,1
29336,true,0.01,1
29347,true,0.01,1
29357,true,0.01,1
29367,true,0.01,1
29377,true,0.01,1
29387,true,0.01,1
29397,true,0.01,1
29407,true,0.01,1
29416,true,0.01,1
29427,true,0.01,1
29436,false,0.01,1
29447,true,0.01,1
29458,true,0.01,1
29471,true,0.01,1
29482,true,0.01,1
29489,true,0.01,1
29502,true,0.01,1
29512,true,0.01,1
29522,true,0.01,1
29534,true,0.01,1
29545,true,0.01,1
29556,true,0.01,1
29567,true,0.01,1
29580,false,0.01,1
29587,true,0.01,1
29600,false,0.01,1
29610,true,0.01,1
29619,true,0.01,1
29626,true,0.01,1
29639,true,0.01,1
29648,true,0.01,1
29660,true,0.01,1
29670,true,0.01,1
29678,true,0.01,1
29688,true,0.01,1
29699,true,0.01,1
29709,true,0.01,1
29720,true,0.01,1
29736,true,0.01,1
29746,true,0.01,1
29758,true,0.01,1
29768,true,0.01,1
29779,true,0.01,1
29789,true,0.01,1
29798,true,0.01,1
29810,true,0.01,1
29819,true,0.01,1
29833,false,0.01,1
29839,true,0.01,1
29852,false,0.01,1
29862,true,0.01,1
29868,false,0.01,1
29877,false,0.01,1
29887,false,0.01,1
29897,false,0.01,1
29908,true,0.01,1
29919,true,0.01,1
29928,true,0.01,1
29939,true,0.01,1
29950,false,0.01,1
29958,false,0.01,1
29965,true,0.01,1
29976,false,0.01,1
29984,false,0.01,1
29993,true,0.01,1
30007,true,0.01,1
30017,true,0.01,1
30025,true,0.01,1
30038,true,0.01,1
30048,false,0.01,1
30054,true,0.01,1
30069,true,0.01,1
30078,true,0.01,1
30088,true,0.01,1
30099,true,0.01,1
30109,true,0.01,1
30118,true,0.01,1
30128,true,0.01,1
30138,false,0.01,1
30147,false,0.01,1
30156,false,0.01,1
30163,false,0.01,1
30177,true,0.01,1
30187,true,0.01,1
30198,false,0.01,1
30211,false,0.01,1
30220,false,0.01,1
30227,false,0.01,1
30237,false,0.01,1
30247,false,0.01,1
30258,true,0.01,1
30268,true,0.01,1
30280,true,0.01,1
30291,false,0.01,1
30298,false,0.01,1
30312,true,0.01,1
30322,true,0.01,1
30333,true,0.01,1
30343,true,0.01,1
30357,true,0.01,1
30367,true,0.01,1
30377,false,0.01,1
30385,true,0.01,1
30401,false,0.01,1
30409,false,0.01,1
30418,false,0.01,1
30426,false,0.01,1
30432,true,0.01,1
30444,false,0.01,1
30450,true,0.01,1
30462,false,0.01,1
30468,false,0.01,1
30482,false,0.01,1
30491,false,0.01,1
30501,true,0.01,1
30512,true,0.01,1
30522,false,0.01,1
30535,false,0.01,1
30543,false,0.01,1
30553,false,0.01,1
30559,false,0.01,1
30572,false,0.01,1
30582,true,0.01,1
30592,true,0.01,1
30602,true,0.01,1
30612,false,0.01,1
30622,true,0.01,1
30636,false,0.01,1
30643,true,0.01,1
30654,false,0.01,1
30659,true,0.01,1
30668,true,0.01,1
30682,false,0.01,1
30690,false,0.01,1
30698,true,0.01,1
30708,true,0.01,1
30720,true,0.01,1
30730,true,0.01,1
30739,true,0.01,1
30748,true,0.01,1
30757,true,0.01,1
30765,true,0.01,1
30780,false,0.01,1
30791,false,0.01,1
30803,true,0.01,1
30814,true,0.01,1
30824,true,0.01,1
30834,true,0.01,1
30844,true,0.01,1
30854,true,0.01,1
30863,false,0.01,1
30872,false,0.01,1
30882,true,0.01,1
30892,true,0.01,1
30903,true,0.01,1
30914,true,0.01,1
30925,false,0.01,1
30935,false,0.01,1
30945,true,0.01,1
30954,true,0.01,1
30964,true,0.01,1
30975,true,0.01,1
30985,true,0.01,1
30995,true,0.01,1
31005,true,0.01,1
31016,true,0.01,1
31027,true,0.01,1
31037,true,0.01,1
31045,true,0.01,1
31054,true,0.01,1
31064,true,0.01,1
31076,true,0.01,1
31084,true,0.01,1
31094,true,0.01,1
31104,false,0.01,1
31114,false,0.01,1
31124,false,0.01,1
31132,false,0.01,1
31143,true,0.01,1
31153,true,0.01,1
31164,true,0.01,1
31172,true,0.01,1
31182,true,0.01,1
31194,true,0.01,1
31208,true,0.01,1
31217,true,0.01,1
31228,true,0.01,1
31238,true,0.01,1
31248,true,0.01,1
31259,true,0.01,1
31269,true,0.01,1
31279,true,0.01,1
31289,true,0.01,1
31300,true,0.01,1
31310,true,0.01,1
31320,true,0.01,1
31330,true,0.01,1
31340,true,0.01,1
31349,false,0.01,1
31356,true,0.01,1
31368,true,0.01,1
31378,true,0.01,1
31388,true,0.01,1
31401,false,0.01,1
31412,false,0.01,1
31419,false,0.01,1
31431,true,0.01,1
31440,true,0.01,1
31450,true,0.01,1
31462,true,0.01,1
31472,true,0.01,1
31481,true,0.01,1
31491,true,0.01,1
31502,true,0.01,1
31512,true,0.01,1
31522,true,0.01,1
31532,true,0.01,1
31542,true,0.01,1
31553,true,0.01,1
31563,true,0.01,1
31573,true,0.01,1
31583,true,0.01,1
31595,true,0.01,1
31608,false,0.01,1
31620,true,0.01,1
31630,true,0.01,1
31640,true,0.01,1
31655,false,0.01,1
31662,false,0.01,1
31673,true,0.01,1
31687,true,0.01,1
31695,true,0.01,1
31704,true,0.01,1
31714,true,0.01,1
31724,true,0.01,1
31732,true,0.01,1
31742,true,0.01,1
31752,true,0.01,1
31763,true,0.01,1
31774,true,0.01,1
31781,true,0.01,1
31793,true,0.01,1
31801,true,0.01,1
31809,true,0.01,1
31815,true,0.01,1
31832,true,0.01,1
31841,true,0.01,1
31849,true,0.01,1
31856,true,0.01,1
31867,true,0.01,1
31875,true,0.01,1
31882,true,0.01,1
31894,true,0.01,1
31901,true,0.01,1
31915,false,0.01,1
31925,true,0.01,1
31939,true,0.01,1
31948,true,0.01,1
31954,true,0.01,1
31962,true,0.01,1
31975,true,0.01,1
31982,true,0.01,1
31993,true,0.01,1
31998,true,0.01,1
32008,true,0.01,1
32017,true,0.01,1
32024,true,0.01,1
32039,false,0.01,1
32048,true,0.01,1
32056,true,0.01,1
32065,true,0.01,1
32072,true,0.01,1
32080,false,0.01,1
32089,true,0.01,1
32105,false,0.01,1
32117,false,0.01,1
32130,false,0.01,1
32134,false,0.01,1
32149,false,0.01,1
32155,false,0.01,1
32161,false,0.01,1
32171,false,0.01,1
32179,true,0.01,1
32186,true,0.01,1
32199,true,0.01,1
32208,true,0.01,1
32216,true,0.01,1
32224,true,0.01,1
32233,true,0.01,1
32239,true,0.01,1
32253,true,0.01,1
32261,true,0.01,1
32269,true,0.01,1
32277,true,0.01,1
32284,true,0.01,1
32297,true,0.01,1
32304,true,0.01,1
32318,true,0.01,1
32327,false,0.01,1
32334,true,0.01,1
32346,false,0.01,1
32350,true,0.01,1
32361,true,0.01,1
32368,true,0.01,1
32380,true,0.01,1
32389,true,0.01,1
32395,true,0.01,1
32408,false,0.01,1
32415,true,0.01,1
32424,true,0.01,1
32434,false,0.01,1
32444,false,0.01,1
32453,true,0.01,1
32462,true,0.01,1
32471,true,0.01,1
32478,true,0.01,1
32483,false,0.01,1
32490,true,0.01,1
32506,false,0.01,1
32516,false,0.01,1
32523,false,0.01,1
32534,false,0.01,1
32541,false,0.01,1
32550,true,0.01,1
32559,true,0.01,1
32568,false,0.01,1
32579,false,0.01,1
32587,false,0.01,1
32599,false,0.01,1
32606,false,0.01,1
32612,true,0.01,1
32624,false,0.01,1
32633,false,0.01,1
32643,true,0.01,1
32652,true,0.01,1
32661,true,0.01,1
32670,true,0.01,1
32686,false,0.01,1
32693,true,0.01,1
32699,true,0.01,1
32714,false,0.01,1
32720,true,0.01,1
32727,true,0.01,1
32741,false,0.01,1
32750,false,0.01,1
32752,true,0.01,1
32768,false,0.01,1
32770,true,0.01,1
32784,false,0.01,1
32792,true,0.01,1
32800,true,0.01,1
32808,true,0.01,1
32815,true,0.01,1
32823,true,0.01,1
32833,true,0.01,1
32840,true,0.01,1
32848,true,0.01,1
32856,true,0.01,1
32865,true,0.01,1
32872,true,0.01,1
32879,false,0.01,1
32885,true,0.01,1
32893,true,0.01,1
32901,true,0.01,1
32909,true,0.01,1
32917,true,0.01,1
32925,true,0.01,1
32931,true,0.01,1
32939,true,0.01,1
32947,true,0.01,1
32955,true,0.01,1
32963,true,0.01,1
32970,true,0.01,1
32977,false,0.01,1
32988,true,0.01,1
32996,true,0.01,1
33004,true,0.01,1
33013,true,0.01,1
33022,true,0.01,1
33030,true,0.01,1
33039,true,0.01,1
33048,true,0.01,1
33056,true,0.01,1
33064,true,0.01,1
33072,true,0.01,1
33080,true,0.01,1
33088,true,0.01,1
33097,true,0.01,1
33104,true,0.01,1
33113,true,0.01,1
33120,true,0.01,1
33131,true,0.01,1
33141,true,0.01,1
33147,true,0.01,1
33155,true,0.01,1
33163,true,0.01,1
33171,true,0.01,1
33179,true,0.01,1
33187,true,0.01,1
33195,true,0.01,1
33203,true,0.01,1
33212,false,0.01,1
33221,false,0.01,1
33233,true,0.01,1
33240,true,0.01,1
33247,true,0.01,1
33254,true,0.01,1
33262,true,0.01,1
33272,true,0.01,1
33280,true,0.01,1
33289,true,0.01,1
33297,false,0.01,1
33302,true,0.01,1
33313,true,0.01,1
33321,true,0.01,1
33327,true,0.01,1
33338,true,0.01,1
33345,true,0.01,1
33357,true,0.01,1
33365,false,0.01,1
33373,true,0.01,1
33381,true,0.01,1
33390,true,0.01,1
33398,true,0.01,1
33406,true,0.01,1
33414,true,0.01,1
33423,true,0.01,1
33431,true,0.01,1
33439,true,0.01,1
33446,true,0.01,1
33456,true,0.01,1
33463,false,0.01,1
33471,false,0.01,1
33479,true,0.01,1
33487,true,0.01,1
33495,true,0.01,1
33503,true,0.01,1
33511,true,0.01,1
33519,true,0.01,1
33527,true,0.01,1
33534,true,0.01,1
33541,true,0.01,1
33549,true,0.01,1
33556,true,0.01,1
33563,true,0.01,1
33572,true,0.01,1
33582,true,0.01,1
33586,true,0.01,1
33593,true,0.01,1
33600,true,0.01,1
33604,true,0.01,1
33611,true,0.01,1
33617,true,0.01,1
33625,true,0.01,1
33631,true,0.01,1
33639,true,0.01,1
33646,true,0.01,1
33653,true,0.01,1
33659,true,0.01,1
33666,true,0.01,1
33674,true,0.01,1
33681,true,0.01,1
33687,true,0.01,1
33695,true,0.01,1
33702,true,0.01,1
33709,true,0.01,1
33716,true,0.01,1
33723,true,0.01,1
33729,true,0.01,1
33736,true,0.01,1
33742,true,0.01,1
33749,true,0.01,1
33759,true,0.01,1
33763,true,0.01,1
33773,true,0.01,1
33781,true,0.01,1
33786,true,0.01,1
33797,true,0.01,1
33802,true,0.01,1
33809,true,0.01,1
33816,true,0.01,1
33820,true,0.01,1
33828,true,0.01,1
33835,true,0.01,1
33841,true,0.01,1
33850,true,0.01,1
33859,true,0.01,1
33867,true,0.01,1
33875,true,0.01,1
33881,true,0.01,1
33889,true,0.01,1
33896,true,0.01,1
33903,true,0.01,1
33910,true,0.01,1
33917,true,0.01,1
33924,true,0.01,1
33928,true,0.01,1
33937,true,0.01,1
33943,true,0.01,1
33950,true,0.01,1
33959,true,0.01,1
33966,true,0.01,1
33973,true,0.01,1
33981,true,0.01,1
33988,true,0.01,1
33995,true,0.01,1
34001,true,0.01,1
34009,true,0.01,1
34016,true,0.01,1
34023,true,0.01,1
34029,true,0.01,1
34038,true,0.01,1
34045,true,0.01,1
34052,true,0.01,1
34059,true,0.01,1
34063,true,0.01,1
34070,true,0.01,1
34077,true,0.01,1
34081,true,0.01,1
34088,true,0.01,1
34094,true,0.01,1
34104,true,0.01,1
34111,true,0.01,1
34118,true,0.01,1
34125,true,0.01,1
34132,true,0.01,1
34139,true,0.01,1
34146,true,0.01,1
34153,true,0.01,1
34161,true,0.01,1
34170,true,0.01,1
34178,true,0.01,1
34185,true,0.01,1
34192,true,0.01,1
34199,false,0.01,1
34206,true,0.01,1
34213,true,0.01,1
34220,true,0.01,1
34227,true,0.01,1
34234,true,0.01,1
34243,true,0.01,1
34251,true,0.01,1
34259,true,0.01,1
34266,false,0.01,1
34272,false,0.01,1
34280,false,0.01,1
34287,false,0.01,1
34294,false,0.01,1
34301,false,0.01,1
34308,true,0.01,1
34319,true,0.01,1
34324,false,0.01,1
34332,false,0.01,1
34339,true,0.01,1
34346,true,0.01,1
34354,true,0.01,1
34361,false,0.01,1
34370,true,0.01,1
34377,false,0.01,1
34385,false,0.01,1
34392,true,0.01,1
34399,true,0.01,1
34406,true,0.01,1
34413,true,0.01,1
34420,true,0.01,1
34427,true,0.01,1
34434,true,0.01,1
34442,false,0.01,1
34450,true,0.01,1
34456,true,0.01,1
34464,true,0.01,1
34471,true,0.01,1
34478,true,0.01,1
34487,true,0.01,1
34495,true,0.01,1
34503,true,0.01,1
34510,false,0.01,1
34517,false,0.01,1
34524,false,0.01,1
34531,false,0.01,1
34538,false,0.01,1
34548,false,0.01,1
34554,false,0.01,1
34559,false,0.01,1
34566,false,0.01,1
34573,true,0.01,1
34580,true,0.01,1
34589,true,0.01,1
34596,true,0.01,1
34603,false,0.01,1
34609,false,0.01,1
34615,true,0.01,1
34622,false,0.01,1
34632,false,0.01,1
34639,false,0.01,1
34647,false,0.01,1
34655,true,0.01,1
34661,true,0.01,1
34668,true,0.01,1
34676,false,0.01,1
34682,true,0.01,1
34690,true,0.01,1
34697,true,0.01,1
34703,false,0.01,1
34710,false,0.01,1
34718,true,0.01,1
34725,true,0.01,1
34732,true,0.01,1
34738,true,0.01,1
34746,true,0.01,1
34753,false,0.01,1
34760,false,0.01,1
34767,false,0.01,1
34774,false,0.01,1
34782,false,0.01,1
34791,false,0.01,1
34795,true,0.01,1
34804,true,0.01,1
34811,false,0.01,1
34816,false,0.01,1
34825,true,0.01,1
34831,false,0.01,1
34837,false,0.01,1
34843,false,0.01,1
34849,true,0.01,1
34855,false,0.01,1
34861,false,0.01,1
34867,true,0.01,1
34872,false,0.01,1
34878,false,0.01,1
34884,true,0.01,1
34889,true,0.01,1
34895,true,0.01,1
34901,false,0.01,1
34907,true,0.01,1
34913,false,0.01,1
34921,true,0.01,1
34927,false,0.01,1
34934,false,0.01,1
34940,true,0.01,1
34946,false,0.01,1
34952,false,0.01,1
34958,true,0.01,1
34964,false,0.01,1
34971,false,0.01,1
34978,true,0.01,1
34985,true,0.01,1
34991,false,0.01,1
34997,true,0.01,1
35003,false,0.01,1
35007,true,0.01,1
35013,true,0.01,1
35020,false,0.01,1
35027,true,0.01,1
35033,true,0.01,1
35038,false,0.01,1
35045,true,0.01,1
35051,true,0.01,1
35055,true,0.01,1
35063,true,0.01,1
35068,true,0.01,1
35075,true,0.01,1
35081,true,0.01,1
35087,true,0.01,1
35093,true,0.01,1
35100,true,0.01,1
35106,true,0.01,1
35112,true,0.01,1
35117,true,0.01,1
35123,true,0.01,1
35129,true,0.01,1
35135,true,0.01,1
35141,true,0.01,1
35147,true,0.01,1
35155,false,0.01,1
35161,true,0.01,1
35167,true,0.01,1
35173,false,0.01,1
35179,true,0.01,1
35185,true,0.01,1
35191,true,0.01,1
35197,true,0.01,1
35203,true,0.01,1
35209,true,0.01,1
35215,true,0.01,1
35221,true,0.01,1
35227,true,0.01,1
35233,true,0.01,1
35239,true,0.01,1
35245,false,0.01,1
35252,true,0.01,1
35258,true,0.01,1
35263,true,0.01,1
35269,true,0.01,1
35276,true,0.01,1
35280,true,0.01,1
35287,true,0.01,1
35293,true,0.01,1
35300,false,0.01,1
35304,true,0.01,1
35309,false,0.01,1
35314,true,0.01,1
35320,true,0.01,1
35326,true,0.01,1
35332,true,0.01,1
35339,true,0.01,1
35345,true,0.01,1
35352,true,0.01,1
35359,true,0.01,1
35365,true,0.01,1
35371,true,0.01,1
35377,true,0.01,1
35382,true,0.01,1
35388,true,0.01,1
35395,true,0.01,1
35401,true,0.01,1
35407,false,0.01,1
35413,true,0.01,1
35419,true,0.01,1
35425,true,0.01,1
35431,true,0.01,1
35437,true,0.01,1
35442,false,0.01,1
35449,true,0.01,1
35455,true,0.01,1
35461,true,0.01,1
35466,true,0.01,1
35472,true,0.01,1
35478,false,0.01,1
35484,false,0.01,1
35490,true,0.01,1
35495,true,0.01,1
35501,true,0.01,1
35508,true,0.01,1
35514,true,0.01,1
35522,true,0.01,1
35527,true,0.01,1
35534,false,0.01,1
35539,true,0.01,1
35545,true,0.01,1
35551,true,0.01,1
35557,true,0.01,1
35564,true,0.01,1
35570,true,0.01,1
35576,true,0.01,1
35582,true,0.01,1
35588,true,0.01,1
35595,true,0.01,1
35601,true,0.01,1
35607,true,0.01,1
35612,true,0.01,1
35619,true,0.01,1
35625,true,0.01,1
35630,true,0.01,1
35636,true,0.01,1
35642,false,0.01,1
35649,false,0.01,1
35655,false,0.01,1
35661,true,0.01,1
35666,true,0.01,1
35672,true,0.01,1
35678,true,0.01,1
35685,false,0.01,1
35691,true,0.01,1
35697,true,0.01,1
35703,false,0.01,1
35709,true,0.01,1
35715,true,0.01,1
35721,false,0.01,1
35728,true,0.01,1
35734,true,0.01,1
35741,false,0.01,1
35746,true,0.01,1
35752,true,0.01,1
35758,false,0.01,1
35764,true,0.01,1
35769,true,0.01,1
35775,true,0.01,1
35782,true,0.01,1
35787,true,0.01,1
35790,true,0.01,1
35796,true,0.01,1
35802,true,0.01,1
35808,true,0.01,1
35815,true,0.01,1
35820,true,0.01,1
35828,true,0.01,1
35834,true,0.01,1
35840,true,0.01,1
35847,true,0.01,1
35853,true,0.01,1
35859,true,0.01,1
35862,true,0.01,1
35868,true,0.01,1
35875,true,0.01,1
35881,true,0.01,1
35887,true,0.01,1
35893,true,0.01,1
35900,true,0.01,1
35906,true,0.01,1
35912,true,0.01,1
35918,true,0.01,1
35924,true,0.01,1
35931,true,0.01,1
35935,true,0.01,1
35944,true,0.01,1
35948,true,0.01,1
35955,true,0.01,1
35961,true,0.01,1
35967,true,0.01,1
35973,true,0.01,1
35982,true,0.01,1
35988,true,0.01,1
35994,true,0.01,1
35999,true,0.01,1
36005,true,0.01,1
36012,true,0.01,1
36017,true,0.01,1
36023,true,0.01,1
36030,true,0.01,1
36035,true,0.01,1
36041,true,0.01,1
36046,true,0.01,1
36055,true,0.01,1
36061,true,0.01,1
36067,true,0.01,1
36072,true,0.01,1
36078,true,0.01,1
36084,true,0.01,1
36090,true,0.01,1
36097,true,0.01,1
36103,true,0.01,1
36108,true,0.01,1
36114,true,0.01,1
36120,true,0.01,1
36125,true,0.01,1
36131,true,0.01,1
36137,true,0.01,1
36144,true,0.01,1
36150,true,0.01,1
36156,true,0.01,1
36162,true,0.01,1
36169,true,0.01,1
36175,true,0.01,1
36181,true,0.01,1
36187,true,0.01,1
36193,true,0.01,1
36199,true,0.01,1
36205,true,0.01,1
36211,true,0.01,1
36217,false,0.01,1
36221,true,0.01,1
36228,true,0.01,1
36233,true,0.01,1
36240,true,0.01,1
36246,true,0.01,1
36251,true,0.01,1
36257,true,0.01,1
36264,true,0.01,1
36268,true,0.01,1
36274,true,0.01,1
36279,true,0.01,1
36286,true,0.01,1
36292,true,0.01,1
36297,true,0.01,1
36303,true,0.01,1
36309,true,0.01,1
36315,true,0.01,1
36321,true,0.01,1
36327,true,0.01,1
36333,true,0.01,1
36339,true,0.01,1
36345,true,0.01,1
36349,true,0.01,1
36355,true,0.01,1
36360,true,0.01,1
36366,true,0.01,1
36372,true,0.01,1
36378,true,0.01,1
36384,false,0.01,1
36390,true,0.01,1
36397,true,0.01,1
36403,false,0.01,1
36409,true,0.01,1
36415,true,0.01,1
36421,true,0.01,1
36427,true,0.01,1
36433,true,0.01,1
36439,true,0.01,1
36445,true,0.01,1
36451,true,0.01,1
36460,false,0.01,1
36467,false,0.01,1
36475,false,0.01,1
36481,true,0.01,1
36485,false,0.01,1
36492,true,0.01,1
36496,false,0.01,1
36502,true,0.01,1
36508,true,0.01,1
36512,true,0.01,1
36518,true,0.01,1
36524,true,0.01,1
36531,true,0.01,1
36538,false,0.01,1
36544,true,0.01,1
36550,true,0.01,1
36559,true,0.01,1
36565,false,0.01,1
36571,true,0.01,1
36577,true,0.01,1
36583,true,0.01,1
36589,true,0.01,1
36595,true,0.01,1
36605,true,0.01,1
36611,false,0.01,1
36617,true,0.01,1
36623,true,0.01,1
36629,true,0.01,1
36635,true,0.01,1
36641,true,0.01,1
36646,true,0.01,1
36652,true,0.01,1
36658,true,0.01,1
36664,true,0.01,1
36670,true,0.01,1
36677,true,0.01,1
36683,true,0.01,1
36689,true,0.01,1
36694,false,0.01,1
36704,true,0.01,1
36713,true,0.01,1
36720,true,0.01,1
36727,false,0.01,1
36733,true,0.01,1
36739,true,0.01,1
36746,false,0.01,1
36752,true,0.01,1
36758,true,0.01,1
36766,true,0.01,1
36772,true,0.01,1
36778,true,0.01,1
36784,true,0.01,1
36791,false,0.01,1
36796,true,0.01,1
36802,true,0.01,1
36808,false,0.01,1
36814,true,0.01,1
36820,true,0.01,1
36825,false,0.01,1
36831,true,0.01,1
36837,true,0.01,1
36844,false,0.01,1
36849,true,0.01,1
36855,true,0.01,1
36863,false,0.01,1
36869,true,0.01,1
36877,true,0.01,1
36883,true,0.01,1
36889,false,0.01,1
36895,true,0.01,1
36901,true,0.01,1
36907,false,0.01,1
36913,true,0.01,1
36918,true,0.01,1
36923,true,0.01,1
36929,true,0.01,1
36935,false,0.01,1
36941,false,0.01,1
36947,false,0.01,1
36956,true,0.01,1
36962,false,0.01,1
36968,true,0.01,1
36975,true,0.01,1
36978,false,0.01,1
36984,true,0.01,1
36988,false,0.01,1
36994,false,0.01,1
37000,true,0.01,1
37009,true,0.01,1
37016,false,0.01,1
37022,false,0.01,1
37028,true,0.01,1
37033,false,0.01,1
37040,false,0.01,1
37046,true,0.01,1
37052,false,0.01,1
37058,false,0.01,1
37064,true,0.01,1
37071,true,0.01,1
37076,true,0.01,1
37083,true,0.01,1
37087,false,0.01,1
37094,true,0.01,1
37100,false,0.01,1
37104,false,0.01,1
37110,true,0.01,1
37114,false,0.01,1
37119,false,0.01,1
37125,true,0.01,1
37130,false,0.01,1
37135,true,0.01,1
37140,false,0.01,1
37144,true,0.01,1
37149,false,0.01,1
37154,true,0.01,1
37159,false,0.01,1
37165,true,0.01,1
37170,true,0.01,1
37174,true,0.01,1
37179,false,0.01,1
37184,true,0.01,1
37190,false,0.01,1
37194,true,0.01,1
37199,false,0.01,1
37204,true,0.01,1
37209,true,0.01,1
37214,true,0.01,1
37220,true,0.01,1
37225,false,0.01,1
37230,true,0.01,1
37234,true,0.01,1
37240,true,0.01,1
37244,false,0.01,1
37249,true,0.01,1
37255,true,0.01,1
37260,true,0.01,1
37266,true,0.01,1
37270,true,0.01,1
37275,true,0.01,1
37280,true,0.01,1
37286,true,0.01,1
37291,true,0.01,1
37295,true,0.01,1
37300,true,0.01,1
37305,true,0.01,1
37310,true,0.01,1
37315,true,0.01,1
37322,true,0.01,1
37327,true,0.01,1
37329,true,0.01,1
37334,false,0.01,1
37342,false,0.01,1
37347,true,0.01,1
37351,false,0.01,1
37356,true,0.01,1
37361,true,0.01,1
37367,true,0.01,1
37372,true,0.01,1
37377,false,0.01,1
37382,true,0.01,1
37387,true,0.01,1
37392,true,0.01,1
37397,true,0.01,1
37403,true,0.01,1
37407,true,0.01,1
37412,true,0.01,1
37417,true,0.01,1
37422,false,0.01,1
37426,true,0.01,1
37432,false,0.01,1
37437,false,0.01,1
37442,false,0.01,1
37447,true,0.01,1
37452,true,0.01,1
37456,true,0.01,1
37461,true,0.01,1
37466,true,0.01,1
37471,true,0.01,1
37476,false,0.01,1
37480,true,0.01,1
37485,false,0.01,1
37489,true,0.01,1
37494,false,0.01,1
37499,true,0.01,1
37503,false,0.01,1
37509,true,0.01,1
37514,true,0.01,1
37519,true,0.01,1
37524,true,0.01,1
37529,true,0.01,1
37534,true,0.01,1
37539,true,0.01,1
37545,true,0.01,1
37550,true,0.01,1
37555,true,0.01,1
37560,true,0.01,1
37566,true,0.01,1
37572,true,0.01,1
37577,true,0.01,1
37581,true,0.01,1
37586,false,0.01,1
37592,true,0.01,1
37597,true,0.01,1
37602,false,0.01,1
37607,true,0.01,1
37612,false,0.01,1
37617,true,0.01,1
37622,true,0.01,1
37628,true,0.01,1
37633,true,0.01,1
37638,false,0.01,1
37643,true,0.01,1
37648,true,0.01,1
37653,true,0.01,1
37658,true,0.01,1
37663,true,0.01,1
37668,true,0.01,1
37674,false,0.01,1
37678,true,0.01,1
37685,false,0.01,1
37688,true,0.01,1
37692,false,0.01,1
37697,true,0.01,1
37702,false,0.01,1
37707,true,0.01,1
37712,false,0.01,1
37717,true,0.01,1
37722,true,0.01,1
37727,true,0.01,1
37732,true,0.01,1
37737,true,0.01,1
37742,true,0.01,1
37747,true,0.01,1
37752,true,0.01,1
37757,true,0.01,1
37763,true,0.01,1
37767,true,0.01,1
37773,false,0.01,1
37779,true,0.01,1
37783,true,0.01,1
37787,true,0.01,1
37793,true,0.01,1
37797,true,0.01,1
37803,true,0.01,1
37808,true,0.01,1
37812,true,0.01,1
37817,true,0.01,1
37822,true,0.01,1
37827,false,0.01,1
37832,true,0.01,1
37837,false,0.01,1
37842,true,0.01,1
37847,false,0.01,1
37852,true,0.01,1
37857,true,0.01,1
37863,false,0.01,1
37868,true,0.01,1
37873,true,0.01,1
37878,true,0.01,1
37883,true,0.01,1
37888,true,0.01,1
37893,true,0.01,1
37897,true,0.01,1
37902,true,0.01,1
37906,true,0.01,1
37911,true,0.01,1
37918,false,0.01,1
37924,true,0.01,1
37927,false,0.01,1
37932,true,0.01,1
37936,false,0.01,1
37942,true,0.01,1
37947,true,0.01,1
37952,true,0.01,1
37957,true,0.01,1
37962,false,0.01,1
37967,true,0.01,1
37972,false,0.01,1
37978,true,0.01,1
37983,true,0.01,1
37987,true,0.01,1
37992,true,0.01,1
37996,true,0.01,1
38001,true,0.01,1
38006,true,0.01,1
38012,true,0.01,1
38018,true,0.01,1
38024,true,0.01,1
38029,true,0.01,1
38034,true,0.01,1
38039,true,0.01,1
38045,false,0.01,1
38050,true,0.01,1
38055,true,0.01,1
38060,true,0.01,1
38065,true,0.01,1
38070,true,0.01,1
38075,false,0.01,1
38080,true,0.01,1
38085,true,0.01,1
38090,true,0.01,1
38094,true,0.01,1
38099,true,0.01,1
38105,true,0.01,1
38110,true,0.01,1
38114,true,0.01,1
38118,true,0.01,1
38123,true,0.01,1
38128,true,0.01,1
38133,true,0.01,1
38138,true,0.01,1
38143,true,0.01,1
38148,true,0.01,1
38153,false,0.01,1
38154,true,0.01,1
38161,false,0.01,1
38165,true,0.01,1
38172,true,0.01,1
38177,true,0.01,1
38183,true,0.01,1
38188,false,0.01,1
38193,true,0.01,1
38197,false,0.01,1
38203,true,0.01,1
38209,true,0.01,1
38214,false,0.01,1
38219,true,0.01,1
38226,true,0.01,1
38231,true,0.01,1
38236,true,0.01,1
38241,true,0.01,1
38247,true,0.01,1
38252,false,0.01,1
38256,true,0.01,1
38260,false,0.01,1
38265,true,0.01,1
38270,false,0.01,1
38274,true,0.01,1
38278,true,0.01,1
38285,true,0.01,1
38290,true,0.01,1
38294,true,0.01,1
38299,true,0.01,1
38304,true,0.01,1
38309,true,0.01,1
38314,true,0.01,1
38319,true,0.01,1
38323,true,0.01,1
38327,false,0.01,1
38334,true,0.01,1
38335,true,0.01,1
38339,true,0.01,1
38343,true,0.01,1
38347,true,0.01,1
38351,true,0.01,1
38355,true,0.01,1
38359,true,0.01,1
38363,true,0.01,1
38368,true,0.01,1
38371,true,0.01,1
38375,true,0.01,1
38379,true,0.01,1
38384,true,0.01,1
38388,true,0.01,1
38391,true,0.01,1
38395,false,0.01,1
38400,true,0.01,1
38403,true,0.01,1
38408,true,0.01,1
38412,true,0.01,1
38417,true,0.01,1
38421,false,0.01,1
38425,true,0.01,1
38430,true,0.01,1
38436,true,0.01,1
38439,false,0.01,1
38444,true,0.01,1
38448,true,0.01,1
38452,true,0.01,1
38457,false,0.01,1
38461,true,0.01,1
38466,false,0.01,1
38472,true,0.01,1
38474,true,0.01,1
38478,true,0.01,1
38482,true,0.01,1
38486,true,0.01,1
38491,true,0.01,1
38495,false,0.01,1
38499,true,0.01,1
38503,true,0.01,1
38507,true,0.01,1
38511,true,0.01,1
38515,true,0.01,1
38519,true,0.01,1
38523,true,0.01,1
38527,true,0.01,1
38531,false,0.01,1
38534,true,0.01,1
38539,true,0.01,1
38543,true,0.01,1
38548,true,0.01,1
38552,true,0.01,1
38557,false,0.01,1
38562,true,0.01,1
38566,false,0.01,1
38570,true,0.01,1
38574,true,0.01,1
38578,true,0.01,1
38582,true,0.01,1
38586,true,0.01,1
38590,true,0.01,1
38594,true,0.01,1
38598,true,0.01,1
38602,true,0.01,1
38606,true,0.01,1
38610,true,0.01,1
38614,true,0.01,1
38618,true,0.01,1
38622,true,0.01,1
38624,true,0.01,1
38628,true,0.01,1
38632,true,0.01,1
38636,true,0.01,1
38640,true,0.01,1
38645,false,0.01,1
38651,true,0.01,1
38655,false,0.01,1
38657,false,0.01,1
38661,true,0.01,1
38665,false,0.01,1
38668,true,0.01,1
38672,true,0.01,1
38676,true,0.01,1
38681,true,0.01,1
38685,true,0.01,1
38689,true,0.01,1
38693,false,0.01,1
38697,true,0.01,1
38701,false,0.01,1
38705,true,0.01,1
38708,true,0.01,1
38712,false,0.01,1
38718,false,0.01,1
38720,false,0.01,1
38726,false,0.01,1
38731,true,0.01,1
38734,true,0.01,1
38738,true,0.01,1
38743,true,0.01,1
38747,false,0.01,1
38750,true,0.01,1
38754,false,0.01,1
38758,true,0.01,1
38762,true,0.01,1
38766,true,0.01,1
38769,true,0.01,1
38773,true,0.01,1
38778,true,0.01,1
38782,true,0.01,1
38789,true,0.01,1
38791,false,0.01,1
38795,true,0.01,1
38799,true,0.01,1
38803,false,0.01,1
38807,false,0.01,1
38811,true,0.01,1
38815,true,0.01,1
38818,false,0.01,1
38822,false,0.01,1
38827,true,0.01,1
38831,true,0.01,1
38835,true,0.01,1
38839,true,0.01,1
38843,true,0.01,1
38847,true,0.01,1
38851,true,0.01,1
38855,true,0.01,1
38859,true,0.01,1
38863,true,0.01,1
38867,true,0.01,1
38871,true,0.01,1
38877,true,0.01,1
38880,false,0.01,1
38884,false,0.01,1
38888,false,0.01,1
38894,false,0.01,1
38897,true,0.01,1
38903,true,0.01,1
38907,false,0.01,1
38909,false,0.01,1
38913,true,0.01,1
38917,false,0.01,1
38921,true,0.01,1
38925,false,0.01,1
38930,true,0.01,1
38934,false,0.01,1
38937,true,0.01,1
38943,false,0.01,1
38947,true,0.01,1
38952,false,0.01,1
38957,true,0.01,1
38961,false,0.01,1
38965,false,0.01,1
38968,true,0.01,1
38972,true,0.01,1
38975,false,0.01,1
38979,false,0.01,1
38983,true,0.01,1
38987,true,0.01,1
38991,true,0.01,1
38994,true,0.01,1
38998,true,0.01,1
39005,true,0.01,1
39009,true,0.01,1
39011,true,0.01,1
39015,true,0.01,1
39019,true,0.01,1
39023,true,0.01,1
39027,true,0.01,1
39030,true,0.01,1
39032,true,0.01,1
39036,true,0.01,1
39039,true,0.01,1
39043,true,0.01,1
39048,false,0.01,1
39052,true,0.01,1
39056,false,0.01,1
39059,false,0.01,1
39063,true,0.01,1
39067,true,0.01,1
39071,true,0.01,1
39075,true,0.01,1
39079,true,0.01,1
39083,true,0.01,1
39087,true,0.01,1
39091,true,0.01,1
39095,true,0.01,1
39099,true,0.01,1
39103,true,0.01,1
39107,true,0.01,1
39111,true,0.01,1
39115,true,0.01,1
39118,true,0.01,1
39122,true,0.01,1
39128,false,0.01,1
39129,true,0.01,1
39135,true,0.01,1
39140,true,0.01,1
39144,true,0.01,1
39147,true,0.01,1
39152,false,0.01,1
39156,true,0.01,1
39160,false,0.01,1
39164,true,0.01,1
39168,false,0.01,1
39172,true,0.01,1
39177,false,0.01,1
39181,true,0.01,1
39184,true,0.01,1
39189,true,0.01,1
39193,true,0.01,1
39197,true,0.01,1
39202,true,0.01,1
39206,false,0.01,1
39210,false,0.01,1
39214,true,0.01,1
39218,false,0.01,1
39221,false,0.01,1
39225,true,0.01,1
39229,true,0.01,1
39233,true,0.01,1
39238,false,0.01,1
39242,true,0.01,1
39248,false,0.01,1
39251,true,0.01,1
39256,true,0.01,1
39260,true,0.01,1
39265,true,0.01,1
39269,true,0.01,1
39274,true,0.01,1
39278,true,0.01,1
39282,true,0.01,1
39286,true,0.01,1
39289,false,0.01,1
39294,true,0.01,1
39299,false,0.01,1
39303,true,0.01,1
39307,true,0.01,1
39311,false,0.01,1
39315,true,0.01,1
39319,false,0.01,1
39323,true,0.01,1
39328,false,0.01,1
39332,true,0.01,1
39336,false,0.01,1
39340,true,0.01,1
39343,true,0.01,1
39348,true,0.01,1
39352,true,0.01,1
39356,false,0.01,1
39360,true,0.01,1
39362,true,0.01,1
39366,true,0.01,1
39370,true,0.01,1
39374,true,0.01,1
39378,true,0.01,1
39382,true,0.01,1
39386,true,0.01,1
39389,true,0.01,1
39394,true,0.01,1
39397,true,0.01,1
39401,true,0.01,1
39405,true,0.01,1
39409,true,0.01,1
39412,true,0.01,1
39415,true,0.01,1
39419,true,0.01,1
39423,true,0.01,1
39426,true,0.01,1
39430,true,0.01,1
39433,true,0.01,1
39437,true,0.01,1
39441,true,0.01,1
39445,true,0.01,1
39449,true,0.01,1
39454,true,0.01,1
39458,true,0.01,1
39463,true,0.01,1
39467,true,0.01,1
39471,true,0.01,1
39474,true,0.01,1
39478,true,0.01,1
39483,true,0.01,1
39487,true,0.01,1
39491,true,0.01,1
39495,true,0.01,1
39497,true,0.01,1
39501,true,0.01,1
39505,true,0.01,1
39509,true,0.01,1
39513,true,0.01,1
39517,true,0.01,1
39521,true,0.01,1
39525,true,0.01,1
39529,true,0.01,1
39533,true,0.01,1
39538,true,0.01,1
39541,true,0.01,1
39545,true,0.01,1
39549,true,0.01,1
39553,true,0.01,1
39557,true,0.01,1
39561,true,0.01,1
39565,true,0.01,1
39569,true,0.01,1
39573,true,0.01,1
39577,true,0.01,1
39581,true,0.01,1
39585,true,0.01,1
39589,true,0.01,1
39593,true,0.01,1
39597,true,0.01,1
39601,true,0.01,1
39605,true,0.01,1
39609,true,0.01,1
39613,true,0.01,1
39617,true,0.01,1
39621,true,0.01,1
39625,true,0.01,1
39629,true,0.01,1
39633,true,0.01,1
39638,false,0.01,1
39642,true,0.01,1
39647,true,0.01,1
39651,true,0.01,1
39655,true,0.01,1
39658,true,0.01,1
39662,true,0.01,1
39666,true,0.01,1
39670,true,0.01,1
39673,true,0.01,1
39678,true,0.01,1
39682,true,0.01,1
39685,true,0.01,1
39689,true,0.01,1
39693,true,0.01,1
39697,true,0.01,1
39701,true,0.01,1
39706,true,0.01,1
39710,true,0.01,1
39713,true,0.01,1
39718,true,0.01,1
39722,true,0.01,1
39726,true,0.01,1
39730,true,0.01,1
39734,true,0.01,1
39738,true,0.01,1
39741,true,0.01,1
39744,true,0.01,1
39748,true,0.01,1
39752,true,0.01,1
39756,true,0.01,1
39759,true,0.01,1
39763,true,0.01,1
39767,true,0.01,1
39771,true,0.01,1
39775,true,0.01,1
39779,true,0.01,1
39783,true,0.01,1
39787,true,0.01,1
39791,true,0.01,1
39795,true,0.01,1
39799,true,0.01,1
39803,true,0.01,1
39807,true,0.01,1
39811,true,0.01,1
39815,true,0.01,1
39819,true,0.01,1
39823,true,0.01,1
39826,true,0.01,1
39830,true,0.01,1
39834,true,0.01,1
39838,true,0.01,1
39842,true,0.01,1
39846,true,0.01,1
39850,true,0.01,1
39853,true,0.01,1
39857,true,0.01,1
39861,true,0.01,1
39866,true,0.01,1
39870,true,0.01,1
39874,true,0.01,1
39878,true,0.01,1
39882,true,0.01,1
39885,true,0.01,1
39889,true,0.01,1
39892,true,0.01,1
39897,true,0.01,1
39902,true,0.01,1
39906,true,0.01,1
39910,true,0.01,1
39914,true,0.01,1
39918,true,0.01,1
39922,true,0.01,1
39926,true,0.01,1
39930,true,0.01,1
39934,true,0.01,1
39938,true,0.01,1
39942,true,0.01,1
39946,true,0.01,1
39950,true,0.01,1
39954,true,0.01,1
39956,true,0.01,1
39960,true,0.01,1
39963,true,0.01,1
39968,true,0.01,1
39972,true,0.01,1
39975,true,0.01,1
39979,true,0.01,1
39983,true,0.01,1
39987,true,0.01,1
39991,true,0.01,1
39995,true,0.01,1
39999,true,0.01,1
40002,true,0.01,1
40007,true,0.01,1
40011,true,0.01,1
40016,true,0.01,1
40019,true,0.01,1
40023,false,0.01,1
40027,true,0.01,1
40030,true,0.01,1
40033,false,0.01,1
40036,true,0.01,1
40039,true,0.01,1
40042,true,0.01,1
40045,true,0.01,1
40048,true,0.01,1
40051,true,0.01,1
40053,true,0.01,1
40056,false,0.01,1
40059,false,0.01,1
40063,true,0.01,1
40066,true,0.01,1
40069,true,0.01,1
40072,true,0.01,1
40075,true,0.01,1
40077,true,0.01,1
40080,true,0.01,1
40083,false,0.01,1
40086,true,0.01,1
40089,true,0.01,1
40092,true,0.01,1
40095,true,0.01,1
40098,true,0.01,1
40101,true,0.01,1
40104,true,0.01,1
40107,true,0.01,1
40110,true,0.01,1
40113,false,0.01,1
40116,true,0.01,1
40119,true,0.01,1
40122,true,0.01,1
40125,true,0.01,1
40127,true,0.01,1
40130,true,0.01,1
40133,true,0.01,1
40136,true,0.01,1
40139,true,0.01,1
40142,true,0.01,1
40145,true,0.01,1
40148,true,0.01,1
40151,true,0.01,1
40155,true,0.01,1
40158,true,0.01,1
40161,true,0.01,1
40163,true,0.01,1
40166,true,0.01,1
40169,true,0.01,1
40173,true,0.01,1
40176,true,0.01,1
40179,true,0.01,1
40182,true,0.01,1
40185,true,0.01,1
40188,true,0.01,1
40191,true,0.01,1
40194,true,0.01,1
40197,true,0.01,1
40200,true,0.01,1
40203,true,0.01,1
40206,true,0.01,1
40209,true,0.01,1
40212,true,0.01,1
40215,true,0.01,1
40218,true,0.01,1
40221,true,0.01,1
40224,true,0.01,1
40227,true,0.01,1
40230,true,0.01,1
40233,true,0.01,1
40236,true,0.01,1
40239,true,0.01,1
40242,true,0.01,1
40246,true,0.01,1
40249,true,0.01,1
40252,true,0.01,1
40255,true,0.01,1
40258,true,0.01,1
40261,true,0.01,1
40264,true,0.01,1
40267,true,0.01,1
40270,true,0.01,1
40272,true,0.01,1
40275,true,0.01,1
40278,true,0.01,1
40282,true,0.01,1
40285,true,0.01,1
40288,true,0.01,1
40290,true,0.01,1
40293,true,0.01,1
40296,true,0.01,1
40299,true,0.01,1
40301,true,0.01,1
40304,true,0.01,1
40307,true,0.01,1
40310,true,0.01,1
40315,true,0.01,1
40318,true,0.01,1
40321,true,0.01,1
40323,true,0.01,1
40326,true,0.01,1
40329,true,0.01,1
40333,true,0.01,1
40336,true,0.01,1
40339,true,0.01,1
40341,true,0.01,1
40344,true,0.01,1
40347,true,0.01,1
40350,true,0.01,1
40353,true,0.01,1
40356,false,0.01,1
40359,true,0.01,1
40362,true,0.01,1
40365,true,0.01,1
40368,true,0.01,1
40371,true,0.01,1
40374,true,0.01,1
40377,true,0.01,1
40379,true,0.01,1
40382,true,0.01,1
40385,true,0.01,1
40388,true,0.01,1
40391,true,0.01,1
40393,true,0.01,1
40397,true,0.01,1
40400,true,0.01,1
40402,true,0.01,1
40405,true,0.01,1
40408,true,0.01,1
40411,true,0.01,1
40414,true,0.01,1
40417,true,0.01,1
40420,true,0.01,1
40423,true,0.01,1
40426,true,0.01,1
40429,true,0.01,1
40432,true,0.01,1
40435,true,0.01,1
40438,true,0.01,1
40441,true,0.01,1
40444,true,0.01,1
40447,true,0.01,1
40450,true,0.01,1
40453,true,0.01,1
40456,true,0.01,1
40458,true,0.01,1
40461,true,0.01,1
40464,true,0.01,1
40467,true,0.01,1
40470,true,0.01,1
40473,true,0.01,1
40476,true,0.01,1
40479,true,0.01,1
40482,true,0.01,1
40485,true,0.01,1
40488,true,0.01,1
40491,true,0.01,1
40494,true,0.01,1
40497,true,0.01,1
40500,true,0.01,1
40503,true,0.01,1
40506,true,0.01,1
40509,true,0.01,1
40512,true,0.01,1
40515,true,0.01,1
40518,true,0.01,1
40521,true,0.01,1
40524,true,0.01,1
40527,true,0.01,1
40530,true,0.01,1
40533,false,0.01,1
40536,true,0.01,1
40539,true,0.01,1
40542,true,0.01,1
40545,true,0.01,1
40548,true,0.01,1
40552,true,0.01,1
40555,true,0.01,1
40557,true,0.01,1
40560,true,0.01,1
40563,true,0.01,1
40568,true,0.01,1
40571,true,0.01,1
40573,true,0.01,1
40576,true,0.01,1
40579,true,0.01,1
40582,true,0.01,1
40586,true,0.01,1
40589,true,0.01,1
40590,true,0.01,1
40593,true,0.01,1
40596,true,0.01,1
40599,true,0.01,1
40602,true,0.01,1
40605,true,0.01,1
40608,true,0.01,1
40611,true,0.01,1
40614,true,0.01,1
40617,true,0.01,1
40620,true,0.01,1
40623,true,0.01,1
40626,true,0.01,1
40629,true,0.01,1
40632,true,0.01,1
40635,true,0.01,1
40638,true,0.01,1
40641,true,0.01,1
40644,true,0.01,1
40647,true,0.01,1
40650,true,0.01,1
40653,true,0.01,1
40656,true,0.01,1
40659,true,0.01,1
40662,true,0.01,1
40665,true,0.01,1
40668,true,0.01,1
40671,true,0.01,1
40674,true,0.01,1
40677,true,0.01,1
40680,true,0.01,1
40683,true,0.01,1
40686,true,0.01,1
40689,true,0.01,1
40692,true,0.01,1
40695,false,0.01,1
40698,true,0.01,1
40701,true,0.01,1
40704,true,0.01,1
40707,true,0.01,1
40710,true,0.01,1
40713,true,0.01,1
40716,true,0.01,1
40719,true,0.01,1
40722,true,0.01,1
40725,true,0.01,1
40728,true,0.01,1
40730,true,0.01,1
40733,true,0.01,1
40736,true,0.01,1
40739,true,0.01,1
40742,true,0.01,1
40745,true,0.01,1
40748,true,0.01,1
40751,false,0.01,1
40754,true,0.01,1
40757,true,0.01,1
40760,true,0.01,1
40763,true,0.01,1
40766,true,0.01,1
40769,true,0.01,1
40772,true,0.01,1
40775,true,0.01,1
40778,true,0.01,1
40781,true,0.01,1
40784,true,0.01,1
40787,true,0.01,1
40790,true,0.01,1
40793,true,0.01,1
40795,true,0.01,1
40797,true,0.01,1
40801,true,0.01,1
40804,false,0.01,1
40808,true,0.01,1
40809,true,0.01,1
40812,false,0.01,1
40816,true,0.01,1
40819,true,0.01,1
40822,true,0.01,1
40825,true,0.01,1
40828,false,0.01,1
40832,false,0.01,1
40833,true,0.01,1
40836,true,0.01,1
40839,false,0.01,1
40842,false,0.01,1
40845,true,0.01,1
40848,false,0.01,1
40851,true,0.01,1
40854,true,0.01,1
40857,false,0.01,1
40860,true,0.01,1
40863,true,0.01,1
40866,false,0.01,1
40870,false,0.01,1
40873,true,0.01,1
40876,true,0.01,1
40878,true,0.01,1
40881,true,0.01,1
40884,false,0.01,1
40888,true,0.01,1
40891,true,0.01,1
40894,false,0.01,1
40898,false,0.01,1
40901,false,0.01,1
40904,true,0.01,1
40907,false,0.01,1
40910,true,0.01,1
40913,false,0.01,1
40916,true,0.01,1
40919,false,0.01,1
40922,true,0.01,1
40925,true,0.01,1
40928,true,0.01,1
40931,true,0.01,1
40934,true,0.01,1
40937,false,0.01,1
40940,true,0.01,1
40943,true,0.01,1
40946,true,0.01,1
40948,true,0.01,1
40951,true,0.01,1
40954,true,0.01,1
40957,true,0.01,1
40960,true,0.01,1
40963,true,0.01,1
40966,false,0.01,1
40969,true,0.01,1
40972,true,0.01,1
40975,true,0.01,1
40978,true,0.01,1
40981,true,0.01,1
40984,true,0.01,1
40986,true,0.01,1
40988,true,0.01,1
40990,true,0.01,1
40992,true,0.01,1
40994,true,0.01,1
40996,true,0.01,1
40998,true,0.01,1
41000,true,0.01,1
41002,true,0.01,1
41004,true,0.01,1
41006,true,0.01,1
41008,true,0.01,1
41010,true,0.01,1
41013,true,0.01,1
41015,true,0.01,1
41017,true,0.01,1
41018,true,0.01,1
41020,true,0.01,1
41022,true,0.01,1
41024,true,0.01,1
41026,true,0.01,1
41028,true,0.01,1
41030,false,0.01,1
41032,true,0.01,1
41034,true,0.01,1
41036,true,0.01,1
41038,true,0.01,1
41040,true,0.01,1
41042,true,0.01,1
41044,true,0.01,1
41046,false,0.01,1
41048,true,0.01,1
41051,true,0.01,1
41053,true,0.01,1
41055,true,0.01,1
41057,true,0.01,1
41059,true,0.01,1
41061,true,0.01,1
41063,true,0.01,1
41065,false,0.01,1
41067,true,0.01,1
41069,true,0.01,1
41071,true,0.01,1
41073,true,0.01,1
41075,false,0.01,1
41077,true,0.01,1
41079,true,0.01,1
41081,true,0.01,1
41083,true,0.01,1
41085,true,0.01,1
41087,false,0.01,1
41089,true,0.01,1
41091,true,0.01,1
41093,false,0.01,1
41095,true,0.01,1
41097,true,0.01,1
41099,false,0.01,1
41101,false,0.01,1
41103,true,0.01,1
41105,true,0.01,1
41107,true,0.01,1
41109,false,0.01,1
41111,true,0.01,1
41113,true,0.01,1
41115,true,0.01,1
41116,false,0.01,1
41119,false,0.01,1
41121,true,0.01,1
41123,true,0.01,1
41125,true,0.01,1
41127,false,0.01,1
41129,true,0.01,1
41131,true,0.01,1
41133,true,0.01,1
41135,true,0.01,1
41137,false,0.01,1
41139,true,0.01,1
41141,true,0.01,1
41143,true,0.01,1
41145,true,0.01,1
41147,true,0.01,1
41149,true,0.01,1
41151,false,0.01,1
41153,true,0.01,1
41155,false,0.01,1
41156,false,0.01,1
41158,true,0.01,1
41160,true,0.01,1
41162,false,0.01,1
41165,false,0.01,1
41167,true,0.01,1
41169,true,0.01,1
41171,true,0.01,1
41173,false,0.01,1
41175,true,0.01,1
41176,true,0.01,1
41178,true,0.01,1
41180,true,0.01,1
41182,false,0.01,1
41184,true,0.01,1
41186,true,0.01,1
41188,true,0.01,1
41190,false,0.01,1
41192,false,0.01,1
41194,true,0.01,1
41196,true,0.01,1
41198,true,0.01,1
41200,true,0.01,1
41202,true,0.01,1
41204,true,0.01,1
41206,true,0.01,1
41208,false,0.01,1
41210,true,0.01,1
41212,true,0.01,1
41214,true,0.01,1
41216,true,0.01,1
41218,false,0.01,1
41220,true,0.01,1
41222,true,0.01,1
41224,true,0.01,1
41226,false,0.01,1
41229,true,0.01,1
41231,true,0.01,1
41233,true,0.01,1
41235,false,0.01,1
41237,false,0.01,1
41239,true,0.01,1
41241,true,0.01,1
41243,true,0.01,1
41245,false,0.01,1
41247,true,0.01,1
41249,true,0.01,1
41251,true,0.01,1
41253,false,0.01,1
41255,true,0.01,1
41257,true,0.01,1
41259,true,0.01,1
41261,true,0.01,1
41263,false,0.01,1
41265,true,0.01,1
41267,true,0.01,1
41269,true,0.01,1
41271,false,0.01,1
41273,true,0.01,1
41275,true,0.01,1
41277,true,0.01,1
41279,true,0.01,1
41281,false,0.01,1
41283,true,0.01,1
41285,true,0.01,1
41287,true,0.01,1
41288,true,0.01,1
41290,false,0.01,1
41292,true,0.01,1
41294,true,0.01,1
41296,true,0.01,1
41298,false,0.01,1
41300,true,0.01,1
41302,true,0.01,1
41304,true,0.01,1
41306,true,0.01,1
41308,true,0.01,1
41310,true,0.01,1
41312,true,0.01,1
41314,true,0.01,1
41316,true,0.01,1
41318,false,0.01,1
41320,true,0.01,1
41322,true,0.01,1
41324,true,0.01,1
41326,true,0.01,1
41328,true,0.01,1
41330,false,0.01,1
41332,true,0.01,1
41334,true,0.01,1
41336,false,0.01,1
41338,true,0.01,1
41340,true,0.01,1
41342,false,0.01,1
41344,true,0.01,1
41346,true,0.01,1
41348,true,0.01,1
41350,true,0.01,1
41352,false,0.01,1
41354,true,0.01,1
41356,true,0.01,1
41358,true,0.01,1
41360,true,0.01,1
41362,true,0.01,1
41364,true,0.01,1
41366,true,0.01,1
41368,true,0.01,1
41370,true,0.01,1
41372,true,0.01,1
41374,true,0.01,1
41375,true,0.01,1
41377,true,0.01,1
41379,true,0.01,1
41381,true,0.01,1
41383,true,0.01,1
41385,true,0.01,1
41387,true,0.01,1
41389,true,0.01,1
41391,true,0.01,1
41394,true,0.01,1
41395,false,0.01,1
41397,false,0.01,1
41399,false,0.01,1
41401,true,0.01,1
41403,true,0.01,1
41405,true,0.01,1
41407,false,0.01,1
41409,true,0.01,1
41412,true,0.01,1
41413,true,0.01,1
41415,false,0.01,1
41417,false,0.01,1
41420,true,0.01,1
41422,true,0.01,1
41424,false,0.01,1
41426,false,0.01,1
41428,true,0.01,1
41430,true,0.01,1
41432,true,0.01,1
41434,false,0.01,1
41436,true,0.01,1
41438,true,0.01,1
41440,true,0.01,1
41442,false,0.01,1
41444,false,0.01,1
41446,true,0.01,1
41448,true,0.01,1
41450,true,0.01,1
41452,false,0.01,1
41454,true,0.01,1
41456,true,0.01,1
41458,true,0.01,1
41460,false,0.01,1
41462,true,0.01,1
41464,true,0.01,1
41466,true,0.01,1
41468,true,0.01,1
41470,true,0.01,1
41472,true,0.01,1
41474,true,0.01,1
41476,true,0.01,1
41478,false,0.01,1
41481,true,0.01,1
41483,true,0.01,1
41485,true,0.01,1
41486,true,0.01,1
41488,false,0.01,1
41490,true,0.01,1
41492,true,0.01,1
41494,true,0.01,1
41496,false,0.01,1
41498,false,0.01,1
41500,true,0.01,1
41502,true,0.01,1
41504,true,0.01,1
41506,false,0.01,1
41508,true,0.01,1
41510,true,0.01,1
41513,true,0.01,1
41514,false,0.01,1
41516,false,0.01,1
41518,true,0.01,1
41520,true,0.01,1
41522,true,0.01,1
41524,false,0.01,1
41526,true,0.01,1
41528,true,0.01,1
41530,true,0.01,1
41532,false,0.01,1
41534,false,0.01,1
41537,true,0.01,1
41539,true,0.01,1
41541,false,0.01,1
41543,false,0.01,1
41545,true,0.01,1
41547,true,0.01,1
41550,false,0.01,1
41552,true,0.01,1
41554,true,0.01,1
41556,true,0.01,1
41558,true,0.01,1
41560,true,0.01,1
41562,true,0.01,1
41564,false,0.01,1
41566,true,0.01,1
41568,true,0.01,1
41570,true,0.01,1
41572,true,0.01,1
41574,true,0.01,1
41576,true,0.01,1
41578,false,0.01,1
41580,false,0.01,1
41582,false,0.01,1
41584,true,0.01,1
41586,true,0.01,1
41588,true,0.01,1
41590,false,0.01,1
41591,false,0.01,1
41593,true,0.01,1
41595,true,0.01,1
41597,true,0.01,1
41599,false,0.01,1
41601,true,0.01,1
41603,true,0.01,1
41605,true,0.01,1
41607,false,0.01,1
41609,false,0.01,1
41611,true,0.01,1
41613,true,0.01,1
41615,true,0.01,1
41617,true,0.01,1
41619,true,0.01,1
41621,true,0.01,1
41623,true,0.01,1
41625,false,0.01,1
41627,false,0.01,1
41629,true,0.01,1
41631,true,0.01,1
41633,true,0.01,1
41635,true,0.01,1
41637,true,0.01,1
41639,true,0.01,1
41641,true,0.01,1
41643,true,0.01,1
41645,true,0.01,1
41647,true,0.01,1
41649,true,0.01,1
41651,true,0.01,1
41653,true,0.01,1
41655,true,0.01,1
41657,true,0.01,1
41659,true,0.01,1
41661,true,0.01,1
41663,true,0.01,1
41666,true,0.01,1
41668,true,0.01,1
41670,true,0.01,1
41672,true,0.01,1
41674,true,0.01,1
41676,true,0.01,1
41678,true,0.01,1
41680,true,0.01,1
41682,true,0.01,1
41684,true,0.01,1
41686,true,0.01,1
41688,true,0.01,1
41690,true,0.01,1
41693,true,0.01,1
41695,true,0.01,1
41697,true,0.01,1
41699,true,0.01,1
41701,true,0.01,1
41703,true,0.01,1
41705,true,0.01,1
41707,true,0.01,1
41709,true,0.01,1
41711,true,0.01,1
41713,true,0.01,1
41715,false,0.01,1
41717,false,0.01,1
41719,true,0.01,1
41721,true,0.01,1
41723,true,0.01,1
41725,false,0.01,1
41727,true,0.01,1
41729,true,0.01,1
41731,true,0.01,1
41733,false,0.01,1
41735,false,0.01,1
41737,true,0.01,1
41739,true,0.01,1
41741,true,0.01,1
41743,true,0.01,1
41745,true,0.01,1
41747,true,0.01,1
41749,true,0.01,1
41751,true,0.01,1
41753,true,0.01,1
41755,true,0.01,1
41757,true,0.01,1
41759,true,0.01,1
41761,true,0.01,1
41763,true,0.01,1
41765,true,0.01,1
41767,true,0.01,1
41769,true,0.01,1
41771,true,0.01,1
41773,true,0.01,1
41775,true,0.01,1
41777,true,0.01,1
41779,true,0.01,1
41781,true,0.01,1
41783,true,0.01,1
41785,true,0.01,1
41787,true,0.01,1
41789,true,0.01,1
41791,true,0.01,1
41793,true,0.01,1
41795,true,0.01,1
41797,true,0.01,1
41799,true,0.01,1
41801,true,0.01,1
41803,true,0.01,1
41805,false,0.01,1
41807,false,0.01,1
41808,true,0.01,1
41810,true,0.01,1
41812,true,0.01,1
41814,true,0.01,1
41816,false,0.01,1
41818,true,0.01,1
41820,true,0.01,1
41822,true,0.01,1
41824,true,0.01,1
41826,true,0.01,1
41828,true,0.01,1
41830,true,0.01,1
41831,true,0.01,1
41834,false,0.01,1
41835,true,0.01,1
41837,true,0.01,1
41839,true,0.01,1
41841,false,0.01,1
41842,true,0.01,1
41845,true,0.01,1
41847,true,0.01,1
41849,true,0.01,1
41851,true,0.01,1
41853,true,0.01,1
41855,true,0.01,1
41857,true,0.01,1
41859,true,0.01,1
41861,false,0.01,1
41863,true,0.01,1
41865,true,0.01,1
41867,true,0.01,1
41869,true,0.01,1
41871,true,0.01,1
41873,true,0.01,1
41875,true,0.01,1
41877,true,0.01,1
41879,true,0.01,1
41881,true,0.01,1
41883,true,0.01,1
41885,true,0.01,1
41888,true,0.01,1
41890,true,0.01,1
41892,true,0.01,1
41894,true,0.01,1
41896,true,0.01,1
41898,true,0.01,1
41900,true,0.01,1
41902,false,0.01,1
41904,true,0.01,1
41905,true,0.01,1
41907,true,0.01,1
41909,true,0.01,1
41911,true,0.01,1
41913,true,0.01,1
41915,true,0.01,1
41917,true,0.01,1
41919,true,0.01,1
41921,true,0.01,1
41923,true,0.01,1
41925,true,0.01,1
41927,true,0.01,1
41929,true,0.01,1
41931,true,0.01,1
41933,true,0.01,1
41935,true,0.01,1
41937,true,0.01,1
41939,true,0.01,1
41941,true,0.01,1
41943,true,0.01,1
41945,true,0.01,1
41947,true,0.01,1
41949,true,0.01,1
41951,true,0.01,1
41953,true,0.01,1
41955,true,0.01,1
41957,true,0.01,1
41959,false,0.01,1
41961,true,0.01,1
41963,true,0.01,1
41965,false,0.01,1
41967,false,0.01,1
41969,false,0.01,1
41971,true,0.01,1
41973,true,0.01,1
41975,true,0.01,1
41977,false,0.01,1
41979,true,0.01,1
41981,true,0.01,1
41983,true,0.01,1
41985,true,0.01,1
41987,true,0.01,1
41989,true,0.01,1
41991,true,0.01,1
41993,true,0.01,1
41995,true,0.01,1
41997,true,0.01,1
41999,true,0.01,1
42001,true,0.01,1
42003,false,0.01,1
42005,true,0.01,1
42007,true,0.01,1
42009,true,0.01,1
42011,true,0.01,1
42013,true,0.01,1
42015,true,0.01,1
42017,true,0.01,1
42019,true,0.01,1
42021,true,0.01,1
42023,true,0.01,1
42025,true,0.01,1
42027,true,0.01,1
42029,true,0.01,1
42031,true,0.01,1
42033,true,0.01,1
42035,true,0.01,1
42037,true,0.01,1
42039,false,0.01,1
42041,true,0.01,1
42043,true,0.01,1
42045,true,0.01,1
42046,true,0.01,1
42048,true,0.01,1
42050,false,0.01,1
42052,true,0.01,1
42054,false,0.01,1
42056,true,0.01,1
42058,true,0.01,1
42060,true,0.01,1
42062,true,0.01,1
42064,true,0.01,1
42066,false,0.01,1
42068,true,0.01,1
42070,true,0.01,1
42072,true,0.01,1
42074,true,0.01,1
42076,true,0.01,1
42078,true,0.01,1
42080,true,0.01,1
42082,true,0.01,1
42084,false,0.01,1
42086,false,0.01,1
42087,true,0.01,1
42089,true,0.01,1
42091,true,0.01,1
42093,true,0.01,1
42096,true,0.01,1
42098,true,0.01,1
42100,true,0.01,1
42102,true,0.01,1
42104,false,0.01,1
42106,true,0.01,1
42108,true,0.01,1
42110,true,0.01,1
42112,true,0.01,1
42114,true,0.01,1
42116,true,0.01,1
42118,true,0.01,1
42120,true,0.01,1
42122,false,0.01,1
42124,true,0.01,1
42126,true,0.01,1
42128,true,0.01,1
42130,true,0.01,1
42132,true,0.01,1
42134,true,0.01,1
42136,true,0.01,1
42138,true,0.01,1
42140,false,0.01,1
42142,true,0.01,1
42144,true,0.01,1
42146,true,0.01,1
42148,true,0.01,1
42150,true,0.01,1
42152,true,0.01,1
42154,true,0.01,1
42156,true,0.01,1
42158,true,0.01,1
42160,true,0.01,1
42162,true,0.01,1
42164,true,0.01,1
42166,true,0.01,1
42168,true,0.01,1
42170,true,0.01,1
42172,true,0.01,1
42174,true,0.01,1
42176,true,0.01,1
42178,true,0.01,1
42180,true,0.01,1
42182,true,0.01,1
42184,true,0.01,1
42186,true,0.01,1
42188,true,0.01,1
42190,true,0.01,1
42192,true,0.01,1
42194,true,0.01,1
42196,true,0.01,1
42198,true,0.01,1
42200,true,0.01,1
42202,false,0.01,1
42204,true,0.01,1
42206,true,0.01,1
42208,false,0.01,1
42210,false,0.01,1
42212,false,0.01,1
42214,true,0.01,1
42216,false,0.01,1
42218,false,0.01,1
42220,false,0.01,1
42222,true,0.01,1
42224,true,0.01,1
42226,false,0.01,1
42228,false,0.01,1
42230,true,0.01,1
42232,true,0.01,1
42234,false,0.01,1
42236,false,0.01,1
42238,true,0.01,1
42240,true,0.01,1
42242,true,0.01,1
42244,false,0.01,1
42246,false,0.01,1
42248,true,0.01,1
42251,true,0.01,1
42253,true,0.01,1
42255,true,0.01,1
42257,true,0.01,1
42259,true,0.01,1
42261,false,0.01,1
42263,true,0.01,1
42265,true,0.01,1
42267,true,0.01,1
42269,true,0.01,1
42271,true,0.01,1
42273,true,0.01,1
42275,true,0.01,1
42277,true,0.01,1
42279,true,0.01,1
42281,true,0.01,1
42283,false,0.01,1
42285,true,0.01,1
42287,true,0.01,1
42289,true,0.01,1
42291,false,0.01,1
42294,true,0.01,1
42296,true,0.01,1
42298,true,0.01,1
42300,false,0.01,1
42302,false,0.01,1
42304,true,0.01,1
42306,true,0.01,1
42308,true,0.01,1
42310,false,0.01,1
42312,true,0.01,1
42313,true,0.01,1
42315,true,0.01,1
42317,true,0.01,1
42319,false,0.01,1
42321,true,0.01,1
42323,true,0.01,1
42325,true,0.01,1
42327,false,0.01,1
42329,false,0.01,1
42331,true,0.01,1
42333,true,0.01,1
42335,true,0.01,1
42337,false,0.01,1
42339,true,0.01,1
42340,true,0.01,1
42342,true,0.01,1
42344,true,0.01,1
42346,false,0.01,1
42348,true,0.01,1
42349,true,0.01,1
42351,true,0.01,1
42353,true,0.01,1
42355,false,0.01,1
42357,true,0.01,1
42359,true,0.01,1
42361,true,0.01,1
42363,true,0.01,1
42365,true,0.01,1
42367,true,0.01,1
42369,false,0.01,1
42371,true,0.01,1
42373,true,0.01,1
42375,true,0.01,1
42376,true,0.01,1
42378,true,0.01,1
42380,true,0.01,1
42382,true,0.01,1
42384,true,0.01,1
42386,true,0.01,1
42388,true,0.01,1
42390,true,0.01,1
42392,true,0.01,1
42395,true,0.01,1
42397,true,0.01,1
42399,true,0.01,1
42401,true,0.01,1
42403,true,0.01,1
42405,true,0.01,1
42407,true,0.01,1
42409,true,0.01,1
42411,true,0.01,1
42412,true,0.01,1
42414,true,0.01,1
42417,true,0.01,1
42419,true,0.01,1
42421,true,0.01,1
42423,true,0.01,1
42425,true,0.01,1
42427,true,0.01,1
42429,true,0.01,1
42431,true,0.01,1
42433,true,0.01,1
42435,true,0.01,1
42437,true,0.01,1
42439,true,0.01,1
42441,true,0.01,1
42443,true,0.01,1
42445,true,0.01,1
42447,true,0.01,1
42449,true,0.01,1
42451,true,0.01,1
42453,true,0.01,1
42455,true,0.01,1
42457,true,0.01,1
42459,true,0.01,1
42461,true,0.01,1
42463,true,0.01,1
42465,true,0.01,1
42467,true,0.01,1
42469,true,0.01,1
42471,true,0.01,1
42473,true,0.01,1
42475,true,0.01,1
42477,true,0.01,1
42479,true,0.01,1
42481,true,0.01,1
42483,true,0.01,1
42485,true,0.01,1
42487,true,0.01,1
42489,true,0.01,1
42491,true,0.01,1
42493,true,0.01,1
42495,true,0.01,1
42497,true,0.01,1
42499,true,0.01,1
42501,true,0.01,1
42503,true,0.01,1
42505,true,0.01,1
42507,true,0.01,1
42509,true,0.01,1
42511,true,0.01,1
42513,true,0.01,1
42515,true,0.01,1
42517,true,0.01,1
42519,true,0.01,1
42520,true,0.01,1
42522,true,0.01,1
42525,false,0.01,1
42527,false,0.01,1
42529,true,0.01,1
42531,true,0.01,1
42533,true,0.01,1
42535,false,0.01,1
42537,true,0.01,1
42539,true,0.01,1
42541,true,0.01,1
42543,false,0.01,1
42545,false,0.01,1
42547,true,0.01,1
42549,true,0.01,1
42551,true,0.01,1
42553,false,0.01,1
42554,false,0.01,1
42556,true,0.01,1
42558,true,0.01,1
42560,true,0.01,1
42562,false,0.01,1
42564,true,0.01,1
42565,true,0.01,1
42567,true,0.01,1
42569,true,0.01,1
42571,false,0.01,1
42573,true,0.01,1
42575,true,0.01,1
42577,true,0.01,1
42579,true,0.01,1
42581,true,0.01,1
42584,true,0.01,1
42586,true,0.01,1
42588,true,0.01,1
42591,true,0.01,1
42592,true,0.01,1
42594,true,0.01,1
42596,true,0.01,1
42598,false,0.01,1
42600,true,0.01,1
42602,true,0.01,1
42604,true,0.01,1
42606,true,0.01,1
42608,true,0.01,1
42610,true,0.01,1
42612,false,0.01,1
42614,false,0.01,1
42616,true,0.01,1
42618,true,0.01,1
42620,true,0.01,1
42622,false,0.01,1
42624,true,0.01,1
42626,true,0.01,1
42628,true,0.01,1
42630,true,0.01,1
42632,true,0.01,1
42634,true,0.01,1
42636,true,0.01,1
42638,true,0.01,1
42640,true,0.01,1
42642,true,0.01,1
42644,true,0.01,1
42646,true,0.01,1
42648,true,0.01,1
42650,true,0.01,1
42652,true,0.01,1
42654,true,0.01,1
42656,true,0.01,1
42658,true,0.01,1
42660,true,0.01,1
42662,true,0.01,1
42665,true,0.01,1
42667,true,0.01,1
42669,true,0.01,1
42671,true,0.01,1
42673,true,0.01,1
42675,true,0.01,1
42677,true,0.01,1
42679,true,0.01,1
42681,true,0.01,1
42683,true,0.01,1
42685,true,0.01,1
42687,true,0.01,1
42689,true,0.01,1
42690,true,0.01,1
42692,true,0.01,1
42695,false,0.01,1
42697,true,0.01,1
42699,true,0.01,1
42701,true,0.01,1
42703,false,0.01,1
42705,true,0.01,1
42707,true,0.01,1
42709,true,0.01,1
42711,false,0.01,1
42713,false,0.01,1
42715,true,0.01,1
42717,true,0.01,1
42719,true,0.01,1
42721,false,0.01,1
42723,true,0.01,1
42725,true,0.01,1
42727,true,0.01,1
42729,false,0.01,1
42731,false,0.01,1
42733,true,0.01,1
42735,true,0.01,1
42737,true,0.01,1
42739,false,0.01,1
42741,true,0.01,1
42743,true,0.01,1
42745,true,0.01,1
42747,false,0.01,1
42749,true,0.01,1
42751,true,0.01,1
42753,true,0.01,1
42755,true,0.01,1
42757,true,0.01,1
42759,true,0.01,1
42761,true,0.01,1
42763,true,0.01,1
42765,true,0.01,1
42767,true,0.01,1
42769,true,0.01,1
42771,true,0.01,1
42773,true,0.01,1
42775,true,0.01,1
42777,false,0.01,1
42779,false,0.01,1
42781,true,0.01,1
42783,true,0.01,1
42785,true,0.01,1
42787,false,0.01,1
42789,true,0.01,1
42791,true,0.01,1
42793,true,0.01,1
42795,false,0.01,1
42797,true,0.01,1
42799,true,0.01,1
42801,true,0.01,1
42803,true,0.01,1
42805,false,0.01,1
42807,true,0.01,1
42809,true,0.01,1
42811,true,0.01,1
42813,false,0.01,1
42815,false,0.01,1
42818,true,0.01,1
42820,true,0.01,1
42822,true,0.01,1
42824,true,0.01,1
42826,true,0.01,1
42828,true,0.01,1
42830,true,0.01,1
42832,false,0.01,1
42834,true,0.01,1
42835,true,0.01,1
42837,true,0.01,1
42839,true,0.01,1
42841,false,0.01,1
42842,true,0.01,1
42845,true,0.01,1
42847,true,0.01,1
42849,false,0.01,1
42851,true,0.01,1
42854,true,0.01,1
42856,false,0.01,1
42858,true,0.01,1
42860,true,0.01,1
42862,true,0.01,1
42864,false,0.01,1
42866,false,0.01,1
42868,true,0.01,1
42870,true,0.01,1
42872,true,0.01,1
42874,true,0.01,1
42876,true,0.01,1
42878,true,0.01,1
42880,true,0.01,1
42882,false,0.01,1
42884,false,0.01,1
42886,true,0.01,1
42888,true,0.01,1
42890,true,0.01,1
42892,true,0.01,1
42894,true,0.01,1
42896,true,0.01,1
42898,true,0.01,1
42900,true,0.01,1
42902,true,0.01,1
42904,true,0.01,1
42906,true,0.01,1
42908,true,0.01,1
42910,true,0.01,1
42912,true,0.01,1
42914,true,0.01,1
42916,true,0.01,1
42918,true,0.01,1
42920,true,0.01,1
42922,true,0.01,1
42924,true,0.01,1
42926,true,0.01,1
42928,true,0.01,1
42930,true,0.01,1
42932,true,0.01,1
42934,true,0.01,1
42936,false,0.01,1
42938,false,0.01,1
42940,true,0.01,1
42942,true,0.01,1
42944,true,0.01,1
42946,false,0.01,1
42948,true,0.01,1
42950,true,0.01,1
42952,true,0.01,1
42954,false,0.01,1
42956,false,0.01,1
42958,true,0.01,1
42960,true,0.01,1
42962,true,0.01,1
42964,false,0.01,1
42966,true,0.01,1
42968,true,0.01,1
42970,true,0.01,1
42972,false,0.01,1
42974,false,0.01,1
42976,true,0.01,1
42978,true,0.01,1
42980,true,0.01,1
42982,false,0.01,1
42984,true,0.01,1
42986,true,0.01,1
42988,true,0.01,1
42990,false,0.01,1
42992,false,0.01,1
42994,true,0.01,1
42996,true,0.01,1
42998,true,0.01,1
43000,false,0.01,1
43002,true,0.01,1
43004,true,0.01,1
43006,true,0.01,1
43008,false,0.01,1
43010,false,0.01,1
43012,false,0.01,1
43014,true,0.01,1
43016,false,0.01,1
43018,false,0.01,1
43020,false,0.01,1
43022,true,0.01,1
43024,true,0.01,1
43026,false,0.01,1
43028,false,0.01,1
43030,false,0.01,1
43032,true,0.01,1
43034,false,0.01,1
43036,false,0.01,1
43038,false,0.01,1
43040,false,0.01,1
43042,true,0.01,1
43044,false,0.01,1
43046,false,0.01,1
43048,true,0.01,1
43050,true,0.01,1
43052,false,0.01,1
43054,false,0.01,1
43056,false,0.01,1
43058,true,0.01,1
43060,true,0.01,1
43062,false,0.01,1
43064,false,0.01,1
43066,true,0.01,1
43068,true,0.01,1
43069,true,0.01,1
43071,false,0.01,1
43073,false,0.01,1
43075,true,0.01,1
43077,true,0.01,1
43079,true,0.01,1
43081,false,0.01,1
43083,false,0.01,1
43085,true,0.01,1
43086,true,0.01,1
43088,true,0.01,1
43090,false,0.01,1
43092,true,0.01,1
43094,false,0.01,1
43096,true,0.01,1
43098,false,0.01,1
43100,false,0.01,1
43102,true,0.01,1
43104,false,0.01,1
43106,true,0.01,1
43108,false,0.01,1
43110,true,0.01,1
43112,true,0.01,1
43114,true,0.01,1
43116,false,0.01,1
43118,false,0.01,1
43120,true,0.01,1
43122,true,0.01,1
43124,true,0.01,1
43126,false,0.01,1
43128,true,0.01,1
43130,true,0.01,1
43132,false,0.01,1
43134,false,0.01,1
43136,false,0.01,1
43138,true,0.01,1
43140,true,0.01,1
43142,true,0.01,1
43144,false,0.01,1
43146,true,0.01,1
43148,false,0.01,1
43150,false,0.01,1
43152,false,0.01,1
43154,false,0.01,1
43156,true,0.01,1
43158,true,0.01,1
43160,true,0.01,1
43162,false,0.01,1
43164,true,0.01,1
43166,true,0.01,1
43168,true,0.01,1
43170,false,0.01,1
43172,false,0.01,1
43174,true,0.01,1
43176,true,0.01,1
43178,true,0.01,1
43180,false,0.01,1
43182,true,0.01,1
43184,true,0.01,1
43186,true,0.01,1
43188,false,0.01,1
43190,false,0.01,1
43192,true,0.01,1
43194,true,0.01,1
43196,true,0.01,1
43198,false,0.01,1
43200,true,0.01,1
43202,true,0.01,1
43204,true,0.01,1
43206,false,0.01,1
43208,false,0.01,1
43210,true,0.01,1
43212,true,0.01,1
43214,true,0.01,1
43216,false,0.01,1
43218,true,0.01,1
43220,true,0.01,1
43222,true,0.01,1
43224,false,0.01,1
43226,false,0.01,1
43228,true,0.01,1
43230,true,0.01,1
43232,true,0.01,1
43234,false,0.01,1
43236,true,0.01,1
43239,true,0.01,1
43241,true,0.01,1
43243,false,0.01,1
43245,true,0.01,1
43247,true,0.01,1
43249,true,0.01,1
43251,false,0.01,1
43253,true,0.01,1
43255,false,0.01,1
43257,true,0.01,1
43259,false,0.01,1
43261,false,0.01,1
43263,true,0.01,1
43265,true,0.01,1
43267,true,0.01,1
43269,false,0.01,1
43271,false,0.01,1
43274,true,0.01,1
43276,true,0.01,1
43278,false,0.01,1
43280,false,0.01,1
43282,true,0.01,1
43284,true,0.01,1
43285,false,0.01,1
43287,false,0.01,1
43289,false,0.01,1
43291,true,0.01,1
43294,true,0.01,1
43296,false,0.01,1
43298,false,0.01,1
43300,true,0.01,1
43302,true,0.01,1
43304,true,0.01,1
43306,false,0.01,1
43308,true,0.01,1
43310,true,0.01,1
43312,true,0.01,1
43314,false,0.01,1
43316,false,0.01,1
43318,true,0.01,1
43320,true,0.01,1
43321,true,0.01,1
43323,false,0.01,1
43325,false,0.01,1
43327,true,0.01,1
43329,true,0.01,1
43331,true,0.01,1
43333,false,0.01,1
43335,true,0.01,1
43337,false,0.01,1
43339,true,0.01,1
43341,false,0.01,1
43343,false,0.01,1
43345,true,0.01,1
43347,true,0.01,1
43349,false,0.01,1
43351,false,0.01,1
43353,true,0.01,1
43355,true,0.01,1
43358,true,0.01,1
43360,false,0.01,1
43362,true,0.01,1
43364,true,0.01,1
43366,true,0.01,1
43368,false,0.01,1
43370,false,0.01,1
43372,true,0.01,1
43374,true,0.01,1
43376,true,0.01,1
43378,false,0.01,1
43380,true,0.01,1
43382,true,0.01,1
43384,true,0.01,1
43386,false,0.01,1
43388,false,0.01,1
43390,true,0.01,1
43392,true,0.01,1
43394,true,0.01,1
43396,false,0.01,1
43398,true,0.01,1
43400,true,0.01,1
43402,true,0.01,1
43404,false,0.01,1
43406,false,0.01,1
43408,true,0.01,1
43410,true,0.01,1
43412,true,0.01,1
43414,false,0.01,1
43416,true,0.01,1
43418,false,0.01,1
43420,true,0.01,1
43422,false,0.01,1
43424,false,0.01,1
43426,true,0.01,1
43428,true,0.01,1
43430,false,0.01,1
43432,false,0.01,1
43434,true,0.01,1
43436,true,0.01,1
43438,true,0.01,1
43440,false,0.01,1
43442,false,0.01,1
43444,true,0.01,1
43446,true,0.01,1
43448,false,0.01,1
43450,false,0.01,1
43452,true,0.01,1
43454,true,0.01,1
43456,true,0.01,1
43458,false,0.01,1
43460,false,0.01,1
43462,true,0.01,1
43464,true,0.01,1
43466,true,0.01,1
43468,false,0.01,1
43470,true,0.01,1
43472,true,0.01,1
43474,true,0.01,1
43475,true,0.01,1
43478,false,0.01,1
43480,true,0.01,1
43482,true,0.01,1
43484,true,0.01,1
43486,false,0.01,1
43488,true,0.01,1
43490,true,0.01,1
43492,true,0.01,1
43494,false,0.01,1
43496,false,0.01,1
43498,false,0.01,1
43500,true,0.01,1
43502,false,0.01,1
43504,false,0.01,1
43506,true,0.01,1
43508,true,0.01,1
43510,false,0.01,1
43512,false,0.01,1
43514,false,0.01,1
43516,true,0.01,1
43518,true,0.01,1
43519,true,0.01,1
43521,false,0.01,1
43523,false,0.01,1
43525,true,0.01,1
43527,true,0.01,1
43529,false,0.01,1
43531,false,0.01,1
43533,true,0.01,1
43535,true,0.01,1
43538,false,0.01,1
43540,false,0.01,1
43542,true,0.01,1
43544,true,0.01,1
43546,true,0.01,1
43548,false,0.01,1
43550,false,0.01,1
43552,true,0.01,1
43554,true,0.01,1
43556,false,0.01,1
43558,false,0.01,1
43560,true,0.01,1
43562,true,0.01,1
43565,true,0.01,1
43567,false,0.01,1
43569,true,0.01,1
43571,true,0.01,1
43573,true,0.01,1
43575,false,0.01,1
43577,false,0.01,1
43579,false,0.01,1
43581,false,0.01,1
43583,false,0.01,1
43585,false,0.01,1
43587,true,0.01,1
43589,true,0.01,1
43591,false,0.01,1
43593,false,0.01,1
43595,false,0.01,1
43597,true,0.01,1
43599,true,0.01,1
43601,false,0.01,1
43603,false,0.01,1
43605,true,0.01,1
43607,true,0.01,1
43609,false,0.01,1
43611,false,0.01,1
43613,false,0.01,1
43615,true,0.01,1
43617,true,0.01,1
43619,false,0.01,1
43621,false,0.01,1
43623,true,0.01,1
43625,true,0.01,1
43627,true,0.01,1
43629,false,0.01,1
43631,false,0.01,1
43633,true,0.01,1
43635,true,0.01,1
43637,false,0.01,1
43639,false,0.01,1
43641,true,0.01,1
43643,true,0.01,1
43645,true,0.01,1
43647,false,0.01,1
43649,false,0.01,1
43651,true,0.01,1
43653,true,0.01,1
43655,true,0.01,1
43657,false,0.01,1
43659,true,0.01,1
43661,false,0.01,1
43663,false,0.01,1
43665,false,0.01,1
43667,false,0.01,1
43669,true,0.01,1
43671,false,0.01,1
43673,false,0.01,1
43675,false,0.01,1
43677,true,0.01,1
43679,true,0.01,1
43681,false,0.01,1
43683,false,0.01,1
43685,false,0.01,1
43687,true,0.01,1
43689,false,0.01,1
43691,false,0.01,1
43693,false,0.01,1
43695,true,0.01,1
43697,true,0.01,1
43699,false,0.01,1
43701,false,0.01,1
43703,false,0.01,1
43705,true,0.01,1
43707,false,0.01,1
43709,false,0.01,1
43711,false,0.01,1
43713,true,0.01,1
43715,true,0.01,1
43717,false,0.01,1
43719,false,0.01,1
43721,false,0.01,1
43723,true,0.01,1
43725,true,0.01,1
43727,false,0.01,1
43729,false,0.01,1
43731,true,0.01,1
43733,true,0.01,1
43735,false,0.01,1
43737,false,0.01,1
43739,false,0.01,1
43741,true,0.01,1
43743,true,0.01,1
43745,true,0.01,1
43747,true,0.01,1
43749,false,0.01,1
43751,false,0.01,1
43753,true,0.01,1
43755,true,0.01,1
43757,false,0.01,1
43759,false,0.01,1
43761,true,0.01,1
43763,true,0.01,1
43765,true,0.01,1
43767,false,0.01,1
43769,false,0.01,1
43770,true,0.01,1
43772,true,0.01,1
43774,true,0.01,1
43776,false,0.01,1
43785,false,0.01,1
43789,false,0.01,1
43803,true,0.01,1
43816,true,0.01,1
43826,true,0.01,1
43836,true,0.01,1
43847,true,0.01,1
43857,false,0.01,1
43873,true,0.01,1
43882,true,0.01,1
43892,true,0.01,1
43902,false,0.01,1
43912,false,0.01,1
43922,false,0.01,1
43933,true,0.01,1
43947,false,0.01,1
43957,true,0.01,1
43971,true,0.01,1
43979,true,0.01,1
43993,false,0.01,1
44004,true,0.01,1
44014,true,0.01,1
44024,true,0.01,1
44034,true,0.01,1
44046,false,0.01,1
44053,true,0.01,1
44066,true,0.01,1
44077,true,0.01,1
44087,true,0.01,1
44098,true,0.01,1
44108,true,0.01,1
44119,true,0.01,1
44129,true,0.01,1
44139,true,0.01,1
44150,false,0.01,1
44161,true,0.01,1
44172,false,0.01,1
44181,false,0.01,1
44193,true,0.01,1
44200,true,0.01,1
44211,true,0.01,1
44223,true,0.01,1
44231,true,0.01,1
44242,true,0.01,1
44249,true,0.01,1
44257,true,0.01,1
44272,false,0.01,1
44279,true,0.01,1
44288,true,0.01,1
44297,true,0.01,1
44309,false,0.01,1
44318,true,0.01,1
44327,true,0.01,1
44336,true,0.01,1
44345,true,0.01,1
44354,true,0.01,1
44363,true,0.01,1
44372,true,0.01,1
44383,true,0.01,1
44394,false,0.01,1
44403,true,0.01,1
44412,true,0.01,1
44422,true,0.01,1
44431,true,0.01,1
44440,true,0.01,1
44449,true,0.01,1
44459,true,0.01,1
44468,true,0.01,1
44478,true,0.01,1
44488,false,0.01,1
44495,true,0.01,1
44506,false,0.01,1
44515,false,0.01,1
44522,true,0.01,1
44533,false,0.01,1
44542,false,0.01,1
44551,false,0.01,1
44558,true,0.01,1
44567,true,0.01,1
44575,true,0.01,1
44585,true,0.01,1
44593,true,0.01,1
44598,true,0.01,1
44605,false,0.01,1
44615,false,0.01,1
44622,true,0.01,1
44630,true,0.01,1
44638,true,0.01,1
44646,true,0.01,1
44654,true,0.01,1
44662,true,0.01,1
44669,true,0.01,1
44677,false,0.01,1
44688,true,0.01,1
44693,true,0.01,1
44701,true,0.01,1
44709,true,0.01,1
44717,false,0.01,1
44730,true,0.01,1
44740,false,0.01,1
44742,true,0.01,1
44754,true,0.01,1
44760,true,0.01,1
44768,false,0.01,1
44776,false,0.01,1
44785,false,0.01,1
44794,false,0.01,1
44801,true,0.01,1
44809,true,0.01,1
44817,true,0.01,1
44824,true,0.01,1
44833,true,0.01,1
44841,true,0.01,1
44848,true,0.01,1
44858,false,0.01,1
44865,true,0.01,1
44874,true,0.01,1
44882,true,0.01,1
44890,true,0.01,1
44898,true,0.01,1
44906,true,0.01,1
44913,true,0.01,1
44920,true,0.01,1
44930,true,0.01,1
44939,true,0.01,1
44949,true,0.01,1
44955,true,0.01,1
44965,false,0.01,1
44971,true,0.01,1
44980,true,0.01,1
44987,true,0.01,1
44996,true,0.01,1
45006,true,0.01,1
45014,true,0.01,1
45024,true,0.01,1
45031,true,0.01,1
45041,false,0.01,1
45050,true,0.01,1
45057,true,0.01,1
45065,false,0.01,1
45073,false,0.01,1
45080,true,0.01,1
45088,true,0.01,1
45096,true,0.01,1
45104,true,0.01,1
45112,true,0.01,1
45121,true,0.01,1
45128,true,0.01,1
45140,true,0.01,1
45148,true,0.01,1
45154,true,0.01,1
45162,true,0.01,1
45170,true,0.01,1
45178,true,0.01,1
45186,true,0.01,1
45194,true,0.01,1
45202,false,0.01,1
45211,true,0.01,1
45225,false,0.01,1
45227,false,0.01,1
45235,false,0.01,1
45240,true,0.01,1
45246,true,0.01,1
45258,true,0.01,1
45264,true,0.01,1
45277,true,0.01,1
45283,false,0.01,1
45290,false,0.01,1
45302,false,0.01,1
45312,true,0.01,1
45317,false,0.01,1
45329,true,0.01,1
45337,false,0.01,1
45344,false,0.01,1
45357,false,0.01,1
45365,false,0.01,1
45373,true,0.01,1
45383,false,0.01,1
45390,true,0.01,1
45399,true,0.01,1
45404,true,0.01,1
45412,true,0.01,1
45420,true,0.01,1
45428,true,0.01,1
45436,true,0.01,1
45444,true,0.01,1
45453,true,0.01,1
45461,false,0.01,1
45469,false,0.01,1
45475,true,0.01,1
45482,true,0.01,1
45492,false,0.01,1
45498,true,0.01,1
45509,true,0.01,1
45519,false,0.01,1
45525,true,0.01,1
45535,true,0.01,1
45541,true,0.01,1
45553,true,0.01,1
45558,false,0.01,1
45565,true,0.01,1
45574,true,0.01,1
45582,true,0.01,1
45590,true,0.01,1
45596,true,0.01,1
45608,false,0.01,1
45615,true,0.01,1
45622,true,0.01,1
45629,false,0.01,1
45637,false,0.01,1
45645,false,0.01,1
45653,true,0.01,1
45661,true,0.01,1
45669,true,0.01,1
45677,true,0.01,1
45687,false,0.01,1
45696,true,0.01,1
45706,true,0.01,1
45719,false,0.01,1
45727,true,0.01,1
45731,true,0.01,1
45746,true,0.01,1
45753,true,0.01,1
45758,false,0.01,1
45766,true,0.01,1
45774,true,0.01,1
45787,true,0.01,1
45794,true,0.01,1
45805,true,0.01,1
45811,true,0.01,1
45822,true,0.01,1
45826,false,0.01,1
45835,false,0.01,1
45843,true,0.01,1
45849,false,0.01,1
45861,false,0.01,1
45865,true,0.01,1
45876,true,0.01,1
45884,true,0.01,1
45891,true,0.01,1
45904,true,0.01,1
45912,true,0.01,1
45920,true,0.01,1
45930,true,0.01,1
45936,true,0.01,1
45947,false,0.01,1
45953,true,0.01,1
45962,true,0.01,1
45970,true,0.01,1
45978,true,0.01,1
45987,true,0.01,1
45994,true,0.01,1
46003,true,0.01,1
46009,true,0.01,1
46019,true,0.01,1
46029,true,0.01,1
46036,true,0.01,1
46047,true,0.01,1
46053,true,0.01,1
46061,true,0.01,1
46069,true,0.01,1
46077,true,0.01,1
46085,true,0.01,1
46093,true,0.01,1
46102,true,0.01,1
46109,false,0.01,1
46117,true,0.01,1
46123,true,0.01,1
46130,true,0.01,1
46138,true,0.01,1
46145,true,0.01,1
46152,true,0.01,1
46159,true,0.01,1
46165,true,0.01,1
46172,true,0.01,1
46181,false,0.01,1
46186,true,0.01,1
46194,true,0.01,1
46202,true,0.01,1
46209,true,0.01,1
46217,false,0.01,1
46224,true,0.01,1
46232,true,0.01,1
46239,true,0.01,1
46246,true,0.01,1
46253,true,0.01,1
46262,true,0.01,1
46269,true,0.01,1
46276,true,0.01,1
46283,true,0.01,1
46291,true,0.01,1
46297,true,0.01,1
46305,true,0.01,1
46312,true,0.01,1
46319,true,0.01,1
46326,true,0.01,1
46332,false,0.01,1
46339,true,0.01,1
46346,true,0.01,1
46354,true,0.01,1
46361,true,0.01,1
46367,true,0.01,1
46374,true,0.01,1
46381,true,0.01,1
46389,true,0.01,1
46396,true,0.01,1
46403,true,0.01,1
46411,true,0.01,1
46417,true,0.01,1
46426,true,0.01,1
46433,false,0.01,1
46438,true,0.01,1
46444,true,0.01,1
46452,true,0.01,1
46459,true,0.01,1
46465,true,0.01,1
46472,true,0.01,1
46481,true,0.01,1
46489,true,0.01,1
46495,true,0.01,1
46505,true,0.01,1
46512,true,0.01,1
46519,true,0.01,1
46526,true,0.01,1
46533,true,0.01,1
46540,true,0.01,1
46546,true,0.01,1
46554,true,0.01,1
46561,true,0.01,1
46568,true,0.01,1
46576,false,0.01,1
#---------- Wed Nov 30 20:15:56 PST 2022 ----------
#Format: Task Counter Number,Did Simulation Succeed,Last Step Size Used,Number of Simulations Attempted
49600,true,0.01,1
49615,true,0.01,1
49626,false,0.01,1
49630,true,0.01,1
49642,true,0.01,1
49649,true,0.01,1
49660,false,0.01,1
49668,true,0.01,1
49678,false,0.01,1
49687,true,0.01,1
49696,true,0.01,1
49706,false,0.01,1
49716,true,0.01,1
49726,false,0.01,1
49743,true,0.01,1
49753,true,0.01,1
49763,true,0.01,1
49773,true,0.01,1
49782,true,0.01,1
49792,true,0.01,1
49801,true,0.01,1
49811,true,0.01,1
49821,false,0.01,1
49830,false,0.01,1
49840,false,0.01,1
49849,false,0.01,1
49858,false,0.01,1
49868,false,0.01,1
49874,true,0.01,1
49885,false,0.01,1
49890,true,0.01,1
49901,true,0.01,1
49914,true,0.01,1
49924,true,0.01,1
49934,true,0.01,1
49943,true,0.01,1
49954,true,0.01,1
49964,true,0.01,1
49975,true,0.01,1
49981,true,0.01,1
49995,true,0.01,1
50005,true,0.01,1
50015,true,0.01,1
50025,true,0.01,1
50035,true,0.01,1
50045,true,0.01,1
50055,false,0.01,1
50063,true,0.01,1
50074,false,0.01,1
50084,false,0.01,1
50089,true,0.01,1
50100,false,0.01,1
50105,true,0.01,1
50121,true,0.01,1
50131,true,0.01,1
50147,false,0.01,1
50153,true,0.01,1
50164,false,0.01,1
50172,false,0.01,1
50181,false,0.01,1
50191,false,0.01,1
50201,false,0.01,1
50211,true,0.01,1
50221,false,0.01,1
50231,true,0.01,1
50244,false,0.01,1
50250,true,0.01,1
50263,false,0.01,1
50271,false,0.01,1
50279,true,0.01,1
50290,false,0.01,1
50297,true,0.01,1
50310,false,0.01,1
50316,false,0.01,1
50327,true,0.01,1
50339,false,0.01,1
50344,true,0.01,1
50356,true,0.01,1
50367,true,0.01,1
50377,true,0.01,1
50387,true,0.01,1
50397,true,0.01,1
50407,true,0.01,1
50416,true,0.01,1
50426,true,0.01,1
50436,true,0.01,1
50446,true,0.01,1
50456,true,0.01,1
50464,false,0.01,1
50474,false,0.01,1
50484,true,0.01,1
50493,true,0.01,1
50502,true,0.01,1
50511,true,0.01,1
50519,true,0.01,1
50530,true,0.01,1
50539,true,0.01,1
50549,true,0.01,1
50562,false,0.01,1
50567,true,0.01,1
50576,true,0.01,1
50590,false,0.01,1
50594,true,0.01,1
50605,true,0.01,1
50616,false,0.01,1
50622,true,0.01,1
50633,true,0.01,1
50643,true,0.01,1
50654,false,0.01,1
50666,true,0.01,1
50674,true,0.01,1
50681,true,0.01,1
50692,true,0.01,1
50702,true,0.01,1
50710,true,0.01,1
50720,true,0.01,1
50728,true,0.01,1
50736,true,0.01,1
50746,true,0.01,1
50756,true,0.01,1
50764,true,0.01,1
50774,true,0.01,1
50783,true,0.01,1
50792,true,0.01,1
50803,true,0.01,1
50815,false,0.01,1
50822,true,0.01,1
50830,true,0.01,1
50841,false,0.01,1
50847,true,0.01,1
50856,true,0.01,1
50866,true,0.01,1
50874,true,0.01,1
50884,true,0.01,1
50894,true,0.01,1
50904,false,0.01,1
50914,true,0.01,1
50924,false,0.01,1
50934,true,0.01,1
50944,true,0.01,1
50952,true,0.01,1
50962,true,0.01,1
50972,true,0.01,1
50980,true,0.01,1
50987,true,0.01,1
50995,true,0.01,1
51004,true,0.01,1
51012,true,0.01,1
51021,true,0.01,1
51030,true,0.01,1
51041,false,0.01,1
51047,true,0.01,1
51056,true,0.01,1
51064,true,0.01,1
51072,true,0.01,1
51080,false,0.01,1
51091,true,0.01,1
51097,true,0.01,1
51105,true,0.01,1
51116,false,0.01,1
51129,true,0.01,1
51140,false,0.01,1
51141,true,0.01,1
51150,true,0.01,1
51159,true,0.01,1
51168,true,0.01,1
51177,true,0.01,1
51186,true,0.01,1
51195,true,0.01,1
51202,true,0.01,1
51211,true,0.01,1
51219,true,0.01,1
51228,true,0.01,1
51237,true,0.01,1
51246,true,0.01,1
51255,true,0.01,1
51264,true,0.01,1
51273,true,0.01,1
51282,true,0.01,1
51293,false,0.01,1
51295,true,0.01,1
51306,true,0.01,1
51314,true,0.01,1
51326,true,0.01,1
51332,true,0.01,1
51346,false,0.01,1
51355,false,0.01,1
51359,false,0.01,1
51367,true,0.01,1
51376,true,0.01,1
51388,true,0.01,1
51394,true,0.01,1
51405,true,0.01,1
51411,true,0.01,1
51420,true,0.01,1
51429,true,0.01,1
51436,true,0.01,1
51445,true,0.01,1
51454,false,0.01,1
51467,true,0.01,1
51471,true,0.01,1
51487,true,0.01,1
51489,true,0.01,1
51498,true,0.01,1
51509,true,0.01,1
51524,true,0.01,1
51530,false,0.01,1
51537,true,0.01,1
51551,true,0.01,1
51556,true,0.01,1
51566,true,0.01,1
51578,true,0.01,1
51584,true,0.01,1
51595,true,0.01,1
51603,true,0.01,1
51609,true,0.01,1
51618,true,0.01,1
51627,true,0.01,1
51636,true,0.01,1
51645,true,0.01,1
51654,true,0.01,1
51662,true,0.01,1
51675,true,0.01,1
51679,true,0.01,1
51692,true,0.01,1
51699,true,0.01,1
51710,true,0.01,1
51718,true,0.01,1
51726,true,0.01,1
51732,true,0.01,1
51742,true,0.01,1
51752,true,0.01,1
51765,true,0.01,1
51772,true,0.01,1
51787,false,0.01,1
51789,true,0.01,1
51803,true,0.01,1
51812,true,0.01,1
51819,false,0.01,1
51825,false,0.01,1
51834,true,0.01,1
51849,false,0.01,1
51853,true,0.01,1
51867,false,0.01,1
51870,false,0.01,1
51880,true,0.01,1
51890,true,0.01,1
51902,true,0.01,1
51907,true,0.01,1
51918,true,0.01,1
51923,false,0.01,1
51934,false,0.01,1
51945,true,0.01,1
51952,true,0.01,1
51959,true,0.01,1
51970,true,0.01,1
51976,true,0.01,1
51989,true,0.01,1
51995,true,0.01,1
52006,false,0.01,1
52021,false,0.01,1
52022,false,0.01,1
52030,false,0.01,1
52032,true,0.01,1
52044,true,0.01,1
52052,true,0.01,1
52065,false,0.01,1
52071,false,0.01,1
52081,true,0.01,1
52087,false,0.01,1
52095,true,0.01,1
52103,false,0.01,1
52111,true,0.01,1
52120,true,0.01,1
52131,true,0.01,1
52142,true,0.01,1
52148,true,0.01,1
52164,true,0.01,1
52173,true,0.01,1
52182,true,0.01,1
52191,true,0.01,1
52200,true,0.01,1
52209,true,0.01,1
52218,true,0.01,1
52227,true,0.01,1
52236,true,0.01,1
52246,false,0.01,1
52254,false,0.01,1
52261,true,0.01,1
52269,true,0.01,1
52279,true,0.01,1
52289,true,0.01,1
52297,true,0.01,1
52303,true,0.01,1
52317,false,0.01,1
52321,true,0.01,1
52334,false,0.01,1
52341,true,0.01,1
52351,false,0.01,1
52361,false,0.01,1
52371,true,0.01,1
52380,true,0.01,1
52389,true,0.01,1
52398,false,0.01,1
52407,true,0.01,1
52416,true,0.01,1
52425,true,0.01,1
52435,true,0.01,1
52444,true,0.01,1
52457,true,0.01,1
52463,true,0.01,1
52472,true,0.01,1
52480,true,0.01,1
52494,true,0.01,1
52498,true,0.01,1
52508,false,0.01,1
52518,true,0.01,1
52527,true,0.01,1
52539,true,0.01,1
52543,true,0.01,1
52552,true,0.01,1
52560,true,0.01,1
52573,true,0.01,1
52579,true,0.01,1
52589,true,0.01,1
52601,true,0.01,1
52608,true,0.01,1
52615,true,0.01,1
52624,true,0.01,1
52634,true,0.01,1
52649,true,0.01,1
52653,true,0.01,1
52664,true,0.01,1
52668,false,0.01,1
52677,false,0.01,1
52686,false,0.01,1
52695,false,0.01,1
52704,false,0.01,1
52713,false,0.01,1
52722,false,0.01,1
52731,true,0.01,1
52740,true,0.01,1
52749,true,0.01,1
52759,true,0.01,1
52767,true,0.01,1
52777,true,0.01,1
52787,false,0.01,1
52794,true,0.01,1
52803,true,0.01,1
52814,true,0.01,1
52823,true,0.01,1
52833,true,0.01,1
52840,true,0.01,1
52849,true,0.01,1
52858,true,0.01,1
52866,true,0.01,1
52876,true,0.01,1
52884,true,0.01,1
52894,false,0.01,1
52903,false,0.01,1
52912,false,0.01,1
52921,false,0.01,1
52930,false,0.01,1
52939,false,0.01,1
52948,false,0.01,1
52961,true,0.01,1
52973,true,0.01,1
52978,true,0.01,1
52987,true,0.01,1
52992,true,0.01,1
53005,true,0.01,1
53011,true,0.01,1
53019,true,0.01,1
53032,true,0.01,1
53040,true,0.01,1
53053,true,0.01,1
53058,true,0.01,1
53064,true,0.01,1
53073,true,0.01,1
53082,true,0.01,1
53091,true,0.01,1
53100,true,0.01,1
53110,true,0.01,1
53118,true,0.01,1
53127,true,0.01,1
53139,true,0.01,1
53145,false,0.01,1
53153,true,0.01,1
53161,true,0.01,1
53170,true,0.01,1
53179,true,0.01,1
53186,true,0.01,1
53192,false,0.01,1
53198,true,0.01,1
53204,true,0.01,1
53210,true,0.01,1
53215,true,0.01,1
53221,true,0.01,1
53227,false,0.01,1
53231,true,0.01,1
53236,false,0.01,1
53243,true,0.01,1
53249,true,0.01,1
53253,true,0.01,1
53261,true,0.01,1
53267,true,0.01,1
53273,true,0.01,1
53282,true,0.01,1
53289,true,0.01,1
53295,true,0.01,1
53301,true,0.01,1
53307,true,0.01,1
53313,true,0.01,1
53319,true,0.01,1
53324,true,0.01,1
53329,true,0.01,1
53336,true,0.01,1
53341,true,0.01,1
53348,true,0.01,1
53352,true,0.01,1
53360,true,0.01,1
53366,true,0.01,1
53370,true,0.01,1
53376,true,0.01,1
53382,true,0.01,1
53388,false,0.01,1
53394,true,0.01,1
53400,true,0.01,1
53406,true,0.01,1
53412,true,0.01,1
53418,true,0.01,1
53424,true,0.01,1
53428,true,0.01,1
53434,true,0.01,1
53440,true,0.01,1
53447,true,0.01,1
53451,true,0.01,1
53456,true,0.01,1
53462,true,0.01,1
53469,false,0.01,1
53474,true,0.01,1
53480,true,0.01,1
53488,true,0.01,1
53494,true,0.01,1
53500,true,0.01,1
53506,false,0.01,1
53512,true,0.01,1
53518,true,0.01,1
53522,true,0.01,1
53528,true,0.01,1
53534,true,0.01,1
53541,true,0.01,1
53547,true,0.01,1
53553,true,0.01,1
53560,true,0.01,1
53565,true,0.01,1
53571,true,0.01,1
53577,true,0.01,1
53583,true,0.01,1
53589,true,0.01,1
53595,true,0.01,1
53601,true,0.01,1
53607,true,0.01,1
53611,true,0.01,1
53617,true,0.01,1
53623,true,0.01,1
53630,true,0.01,1
53634,true,0.01,1
53640,true,0.01,1
53647,true,0.01,1
53653,true,0.01,1
53658,true,0.01,1
53665,true,0.01,1
53671,true,0.01,1
53676,true,0.01,1
53682,true,0.01,1
53690,true,0.01,1
53694,true,0.01,1
53700,true,0.01,1
53706,true,0.01,1
53712,true,0.01,1
53718,true,0.01,1
53723,true,0.01,1
53731,true,0.01,1
53738,true,0.01,1
53744,true,0.01,1
53750,true,0.01,1
53757,true,0.01,1
53763,true,0.01,1
53769,true,0.01,1
53772,true,0.01,1
53778,true,0.01,1
53782,true,0.01,1
53788,true,0.01,1
53793,true,0.01,1
53800,true,0.01,1
53806,true,0.01,1
53811,true,0.01,1
53817,true,0.01,1
53823,true,0.01,1
53829,true,0.01,1
53835,true,0.01,1
53841,true,0.01,1
53845,true,0.01,1
53851,true,0.01,1
53857,true,0.01,1
53863,true,0.01,1
53868,true,0.01,1
53873,true,0.01,1
53879,true,0.01,1
53885,true,0.01,1
53890,true,0.01,1
53896,true,0.01,1
53901,true,0.01,1
53908,true,0.01,1
53913,true,0.01,1
53919,true,0.01,1
53925,true,0.01,1
53931,true,0.01,1
53937,true,0.01,1
53943,true,0.01,1
53949,false,0.01,1
53955,true,0.01,1
53961,true,0.01,1
53967,true,0.01,1
53973,true,0.01,1
53979,false,0.01,1
53986,true,0.01,1
53990,true,0.01,1
53996,true,0.01,1
54001,true,0.01,1
54007,false,0.01,1
54014,true,0.01,1
54020,true,0.01,1
54025,true,0.01,1
54031,true,0.01,1
54037,true,0.01,1
54042,true,0.01,1
54048,true,0.01,1
54052,true,0.01,1
54062,true,0.01,1
54068,true,0.01,1
54072,true,0.01,1
54079,false,0.01,1
54086,true,0.01,1
54092,true,0.01,1
54098,true,0.01,1
54102,true,0.01,1
54108,true,0.01,1
54114,true,0.01,1
54120,true,0.01,1
54126,true,0.01,1
54131,true,0.01,1
54137,true,0.01,1
54143,true,0.01,1
54150,true,0.01,1
54156,true,0.01,1
54162,true,0.01,1
54167,true,0.01,1
54171,true,0.01,1
54178,true,0.01,1
54184,true,0.01,1
54190,true,0.01,1
54195,true,0.01,1
54202,true,0.01,1
54208,true,0.01,1
54217,true,0.01,1
54221,true,0.01,1
54226,true,0.01,1
54233,true,0.01,1
54237,true,0.01,1
54243,true,0.01,1
54249,true,0.01,1
54255,true,0.01,1
54260,true,0.01,1
54266,true,0.01,1
54272,true,0.01,1
54277,false,0.01,1
54283,true,0.01,1
54289,true,0.01,1
54295,false,0.01,1
54303,true,0.01,1
54309,true,0.01,1
54317,true,0.01,1
54321,true,0.01,1
54327,true,0.01,1
54333,true,0.01,1
54339,false,0.01,1
54347,true,0.01,1
54353,true,0.01,1
54359,true,0.01,1
54364,true,0.01,1
54371,true,0.01,1
54377,true,0.01,1
54382,true,0.01,1
54388,true,0.01,1
54394,true,0.01,1
54401,true,0.01,1
54405,true,0.01,1
54413,true,0.01,1
54419,true,0.01,1
54425,true,0.01,1
54431,true,0.01,1
54437,false,0.01,1
54442,false,0.01,1
54449,true,0.01,1
54454,true,0.01,1
54460,true,0.01,1
54462,true,0.01,1
54468,true,0.01,1
54474,true,0.01,1
54480,true,0.01,1
54486,true,0.01,1
54492,true,0.01,1
54498,true,0.01,1
54504,true,0.01,1
54510,true,0.01,1
54517,true,0.01,1
54522,true,0.01,1
54528,false,0.01,1
54534,true,0.01,1
54540,true,0.01,1
54544,true,0.01,1
54550,true,0.01,1
54556,true,0.01,1
54562,true,0.01,1
54567,true,0.01,1
54571,true,0.01,1
54577,true,0.01,1
54583,true,0.01,1
54589,true,0.01,1
54595,true,0.01,1
54601,false,0.01,1
54609,false,0.01,1
54615,true,0.01,1
54622,true,0.01,1
54627,false,0.01,1
54633,true,0.01,1
54639,true,0.01,1
54645,true,0.01,1
54649,true,0.01,1
54655,true,0.01,1
54661,true,0.01,1
54668,true,0.01,1
54674,true,0.01,1
54680,true,0.01,1
54686,false,0.01,1
54692,true,0.01,1
54698,true,0.01,1
54704,false,0.01,1
54709,true,0.01,1
54715,true,0.01,1
54721,false,0.01,1
54727,true,0.01,1
54732,true,0.01,1
54738,false,0.01,1
54743,true,0.01,1
54749,true,0.01,1
54755,true,0.01,1
54761,true,0.01,1
54767,true,0.01,1
54773,true,0.01,1
54779,true,0.01,1
54785,false,0.01,1
54793,true,0.01,1
54799,true,0.01,1
54805,true,0.01,1
54811,true,0.01,1
54815,true,0.01,1
54821,true,0.01,1
54829,true,0.01,1
54834,true,0.01,1
54840,true,0.01,1
54844,true,0.01,1
54850,true,0.01,1
54856,false,0.01,1
54861,true,0.01,1
54868,true,0.01,1
54873,false,0.01,1
54879,true,0.01,1
54885,true,0.01,1
54890,true,0.01,1
54896,true,0.01,1
54901,true,0.01,1
54906,true,0.01,1
54911,true,0.01,1
54916,true,0.01,1
54921,true,0.01,1
54926,true,0.01,1
54930,true,0.01,1
54936,true,0.01,1
54942,false,0.01,1
54947,false,0.01,1
54950,true,0.01,1
54955,false,0.01,1
54960,true,0.01,1
54965,false,0.01,1
54968,true,0.01,1
54973,true,0.01,1
54977,true,0.01,1
54981,true,0.01,1
54986,true,0.01,1
54991,false,0.01,1
54996,true,0.01,1
55001,true,0.01,1
55006,true,0.01,1
55011,true,0.01,1
55016,true,0.01,1
55021,true,0.01,1
55026,true,0.01,1
55031,true,0.01,1
55036,true,0.01,1
55040,true,0.01,1
55045,true,0.01,1
55049,true,0.01,1
55054,true,0.01,1
55059,true,0.01,1
55064,true,0.01,1
55069,true,0.01,1
55074,true,0.01,1
55079,true,0.01,1
55084,true,0.01,1
55089,false,0.01,1
55094,true,0.01,1
55098,false,0.01,1
55102,true,0.01,1
55106,true,0.01,1
55110,true,0.01,1
55114,true,0.01,1
55118,false,0.01,1
55122,true,0.01,1
55126,false,0.01,1
55130,true,0.01,1
55134,false,0.01,1
55138,true,0.01,1
55142,true,0.01,1
55146,true,0.01,1
55150,true,0.01,1
55154,true,0.01,1
55157,true,0.01,1
55162,false,0.01,1
55167,false,0.01,1
55170,false,0.01,1
55174,false,0.01,1
55178,true,0.01,1
55182,true,0.01,1
55186,false,0.01,1
55190,false,0.01,1
55194,true,0.01,1
55197,true,0.01,1
55201,true,0.01,1
55205,true,0.01,1
55209,true,0.01,1
55214,true,0.01,1
55217,false,0.01,1
55221,true,0.01,1
55225,false,0.01,1
55228,true,0.01,1
55233,true,0.01,1
55237,true,0.01,1
55241,true,0.01,1
55245,true,0.01,1
55249,true,0.01,1
55253,true,0.01,1
55257,false,0.01,1
55260,true,0.01,1
55265,true,0.01,1
55269,true,0.01,1
55273,true,0.01,1
55277,true,0.01,1
55281,true,0.01,1
55285,true,0.01,1
55289,true,0.01,1
55293,true,0.01,1
55297,true,0.01,1
55300,true,0.01,1
55304,true,0.01,1
55308,true,0.01,1
55312,true,0.01,1
55316,false,0.01,1
55320,true,0.01,1
55324,false,0.01,1
55328,true,0.01,1
55332,false,0.01,1
55336,true,0.01,1
55340,true,0.01,1
55343,false,0.01,1
55348,true,0.01,1
55352,false,0.01,1
55356,true,0.01,1
55360,false,0.01,1
55364,true,0.01,1
55368,false,0.01,1
55372,true,0.01,1
55376,true,0.01,1
55380,true,0.01,1
55383,true,0.01,1
55387,false,0.01,1
55392,true,0.01,1
55396,false,0.01,1
55400,true,0.01,1
55403,true,0.01,1
55406,false,0.01,1
55408,true,0.01,1
55411,true,0.01,1
55415,false,0.01,1
55417,true,0.01,1
55420,true,0.01,1
55423,false,0.01,1
55427,true,0.01,1
55430,true,0.01,1
55433,false,0.01,1
55435,true,0.01,1
55438,true,0.01,1
55441,false,0.01,1
55444,true,0.01,1
55447,true,0.01,1
55449,true,0.01,1
55454,true,0.01,1
55457,true,0.01,1
55460,false,0.01,1
55463,true,0.01,1
55466,true,0.01,1
55469,false,0.01,1
55472,true,0.01,1
55477,false,0.01,1
55479,true,0.01,1
55482,true,0.01,1
55485,false,0.01,1
55488,true,0.01,1
55490,true,0.01,1
55493,true,0.01,1
55496,true,0.01,1
55499,true,0.01,1
55502,true,0.01,1
55505,true,0.01,1
55508,true,0.01,1
55511,true,0.01,1
55514,true,0.01,1
55518,true,0.01,1
55521,true,0.01,1
55524,true,0.01,1
55527,true,0.01,1
55530,true,0.01,1
55533,true,0.01,1
55536,true,0.01,1
55539,true,0.01,1
55542,true,0.01,1
55544,true,0.01,1
55547,true,0.01,1
55550,true,0.01,1
55553,true,0.01,1
55557,true,0.01,1
55559,true,0.01,1
55563,true,0.01,1
55566,true,0.01,1
55569,true,0.01,1
55572,true,0.01,1
55575,true,0.01,1
55578,true,0.01,1
55581,true,0.01,1
55583,true,0.01,1
55586,true,0.01,1
55589,true,0.01,1
55592,true,0.01,1
55595,true,0.01,1
55598,true,0.01,1
55601,true,0.01,1
55604,true,0.01,1
55607,true,0.01,1
55610,true,0.01,1
55613,true,0.01,1
55616,true,0.01,1
55619,true,0.01,1
55622,true,0.01,1
55625,true,0.01,1
55628,true,0.01,1
55631,true,0.01,1
55634,true,0.01,1
55637,true,0.01,1
55640,true,0.01,1
55643,true,0.01,1
55646,true,0.01,1
55649,false,0.01,1
55652,true,0.01,1
55655,true,0.01,1
55658,false,0.01,1
55660,true,0.01,1
55663,true,0.01,1
55666,false,0.01,1
55670,true,0.01,1
55673,true,0.01,1
55676,false,0.01,1
55678,true,0.01,1
55681,true,0.01,1
55684,false,0.01,1
55687,true,0.01,1
55690,true,0.01,1
55693,false,0.01,1
55695,true,0.01,1
55698,true,0.01,1
55701,true,0.01,1
55704,true,0.01,1
55707,true,0.01,1
55710,true,0.01,1
55713,true,0.01,1
55716,true,0.01,1
55718,true,0.01,1
55721,false,0.01,1
55724,true,0.01,1
55727,true,0.01,1
55730,true,0.01,1
55733,true,0.01,1
55736,true,0.01,1
55739,true,0.01,1
55742,true,0.01,1
55745,true,0.01,1
55748,true,0.01,1
55751,true,0.01,1
55754,true,0.01,1
55757,true,0.01,1
55761,true,0.01,1
55764,true,0.01,1
55767,true,0.01,1
55769,true,0.01,1
55772,true,0.01,1
55775,false,0.01,1
55778,true,0.01,1
55781,true,0.01,1
55784,true,0.01,1
55787,true,0.01,1
55789,true,0.01,1
55792,true,0.01,1
55795,true,0.01,1
55799,true,0.01,1
55802,true,0.01,1
55806,true,0.01,1
55809,true,0.01,1
55812,true,0.01,1
55815,true,0.01,1
55818,true,0.01,1
55828,true,0.01,1
55838,true,0.01,1
55848,true,0.01,1
55856,true,0.01,1
55866,true,0.01,1
55876,true,0.01,1
55886,true,0.01,1
55896,true,0.01,1
55904,true,0.01,1
55916,true,0.01,1
55925,true,0.01,1
55933,true,0.01,1
55943,true,0.01,1
55954,false,0.01,1
55966,true,0.01,1
55975,true,0.01,1
55984,true,0.01,1
55991,true,0.01,1
56005,true,0.01,1
56013,true,0.01,1
56020,true,0.01,1
56029,true,0.01,1
56037,true,0.01,1
56046,true,0.01,1
56055,true,0.01,1
56064,true,0.01,1
56073,true,0.01,1
56082,true,0.01,1
56091,true,0.01,1
56099,true,0.01,1
56109,true,0.01,1
56118,true,0.01,1
56127,true,0.01,1
56137,true,0.01,1
56149,true,0.01,1
56159,true,0.01,1
56169,false,0.01,1
56174,false,0.01,1
56189,true,0.01,1
56199,false,0.01,1
56211,false,0.01,1
56217,true,0.01,1
56227,true,0.01,1
56235,false,0.01,1
56244,true,0.01,1
56253,true,0.01,1
56263,false,0.01,1
56274,true,0.01,1
56286,true,0.01,1
56296,true,0.01,1
56305,true,0.01,1
56315,true,0.01,1
56325,true,0.01,1
56336,true,0.01,1
56346,true,0.01,1
56355,true,0.01,1
56364,true,0.01,1
56374,true,0.01,1
56384,true,0.01,1
56396,true,0.01,1
56407,true,0.01,1
56415,true,0.01,1
56426,true,0.01,1
56437,true,0.01,1
56446,true,0.01,1
56453,true,0.01,1
56466,true,0.01,1
56476,true,0.01,1
56485,true,0.01,1
56495,true,0.01,1
56505,true,0.01,1
56514,true,0.01,1
56522,true,0.01,1
56534,true,0.01,1
56541,true,0.01,1
56551,true,0.01,1
56563,true,0.01,1
56573,true,0.01,1
56582,true,0.01,1
56590,true,0.01,1
56602,true,0.01,1
56613,true,0.01,1
56622,true,0.01,1
56630,true,0.01,1
56644,true,0.01,1
56653,false,0.01,1
56662,true,0.01,1
56671,true,0.01,1
56676,true,0.01,1
56686,true,0.01,1
56696,true,0.01,1
56708,false,0.01,1
56715,false,0.01,1
56723,true,0.01,1
56734,false,0.01,1
56743,false,0.01,1
56754,true,0.01,1
56765,true,0.01,1
56774,true,0.01,1
56789,false,0.01,1
56795,true,0.01,1
56808,true,0.01,1
56818,true,0.01,1
56827,true,0.01,1
56837,true,0.01,1
56844,true,0.01,1
56855,true,0.01,1
56861,true,0.01,1
56871,false,0.01,1
56876,true,0.01,1
56888,true,0.01,1
56899,false,0.01,1
56905,true,0.01,1
56917,false,0.01,1
56925,false,0.01,1
56930,true,0.01,1
56943,false,0.01,1
56950,true,0.01,1
56958,true,0.01,1
56967,true,0.01,1
56977,true,0.01,1
56987,true,0.01,1
56997,true,0.01,1
57006,true,0.01,1
57017,true,0.01,1
57027,true,0.01,1
57037,true,0.01,1
57045,true,0.01,1
57055,true,0.01,1
57065,true,0.01,1
57075,true,0.01,1
57084,true,0.01,1
57093,true,0.01,1
57103,true,0.01,1
57110,true,0.01,1
57120,true,0.01,1
57132,false,0.01,1
57137,true,0.01,1
57147,true,0.01,1
57159,false,0.01,1
57166,true,0.01,1
57178,false,0.01,1
57185,true,0.01,1
57197,false,0.01,1
57201,false,0.01,1
57209,false,0.01,1
57221,true,0.01,1
57229,true,0.01,1
57239,true,0.01,1
57249,false,0.01,1
57261,true,0.01,1
57273,true,0.01,1
57281,true,0.01,1
57291,true,0.01,1
57300,true,0.01,1
57310,true,0.01,1
57317,true,0.01,1
57327,true,0.01,1
57336,true,0.01,1
57345,true,0.01,1
57354,true,0.01,1
57361,true,0.01,1
57373,false,0.01,1
57380,true,0.01,1
57389,true,0.01,1
57398,true,0.01,1
57405,true,0.01,1
57415,true,0.01,1
57426,true,0.01,1
57439,true,0.01,1
57443,true,0.01,1
57453,true,0.01,1
57460,true,0.01,1
57468,true,0.01,1
57477,true,0.01,1
57487,true,0.01,1
57495,true,0.01,1
57504,true,0.01,1
57513,true,0.01,1
57522,true,0.01,1
57531,true,0.01,1
57540,true,0.01,1
57547,false,0.01,1
57555,false,0.01,1
57563,true,0.01,1
57571,true,0.01,1
57579,true,0.01,1
57587,true,0.01,1
57595,true,0.01,1
57603,true,0.01,1
57611,false,0.01,1
57615,true,0.01,1
57623,true,0.01,1
57630,true,0.01,1
57638,false,0.01,1
57644,true,0.01,1
57651,true,0.01,1
57659,true,0.01,1
57666,true,0.01,1
57678,true,0.01,1
57684,true,0.01,1
57692,false,0.01,1
57698,true,0.01,1
57706,true,0.01,1
57713,true,0.01,1
57721,true,0.01,1
57728,false,0.01,1
57735,true,0.01,1
57744,true,0.01,1
57754,true,0.01,1
57762,true,0.01,1
57770,false,0.01,1
57778,true,0.01,1
57786,true,0.01,1
57793,true,0.01,1
57800,false,0.01,1
57809,true,0.01,1
57819,true,0.01,1
57825,true,0.01,1
57833,true,0.01,1
57842,true,0.01,1
57850,true,0.01,1
57860,true,0.01,1
57869,true,0.01,1
57875,true,0.01,1
57884,false,0.01,1
57891,true,0.01,1
57899,false,0.01,1
57906,false,0.01,1
57913,true,0.01,1
57923,false,0.01,1
57930,true,0.01,1
57937,true,0.01,1
57946,true,0.01,1
57954,true,0.01,1
57961,false,0.01,1
57970,true,0.01,1
57979,false,0.01,1
57986,true,0.01,1
57993,true,0.01,1
57999,true,0.01,1
58006,false,0.01,1
58018,true,0.01,1
58022,true,0.01,1
58030,true,0.01,1
58038,true,0.01,1
58045,true,0.01,1
58050,true,0.01,1
58058,true,0.01,1
58066,true,0.01,1
58073,true,0.01,1
58081,true,0.01,1
58089,true,0.01,1
58098,true,0.01,1
58107,true,0.01,1
58115,false,0.01,1
58121,true,0.01,1
58129,true,0.01,1
58137,true,0.01,1
58144,true,0.01,1
58151,false,0.01,1
58158,true,0.01,1
58167,true,0.01,1
58175,true,0.01,1
58183,true,0.01,1
58191,true,0.01,1
58197,true,0.01,1
58205,false,0.01,1
58211,true,0.01,1
58219,true,0.01,1
58225,true,0.01,1
58233,true,0.01,1
58240,true,0.01,1
58250,true,0.01,1
58260,true,0.01,1
58266,true,0.01,1
58274,true,0.01,1
58282,true,0.01,1
58289,true,0.01,1
58296,true,0.01,1
58301,true,0.01,1
58309,true,0.01,1
58316,true,0.01,1
58325,false,0.01,1
58339,false,0.01,1
58340,false,0.01,1
58348,false,0.01,1
58351,false,0.01,1
58358,false,0.01,1
58365,false,0.01,1
58372,true,0.01,1
58379,true,0.01,1
58392,false,0.01,1
58397,false,0.01,1
58405,true,0.01,1
58416,true,0.01,1
58422,false,0.01,1
58433,true,0.01,1
58444,true,0.01,1
58447,false,0.01,1
58455,false,0.01,1
58464,false,0.01,1
58465,false,0.01,1
58473,false,0.01,1
58474,false,0.01,1
58482,false,0.01,1
58490,false,0.01,1
58498,true,0.01,1
58505,true,0.01,1
58513,true,0.01,1
58517,true,0.01,1
58524,true,0.01,1
58532,true,0.01,1
58540,true,0.01,1
58548,true,0.01,1
58553,true,0.01,1
58561,true,0.01,1
58569,false,0.01,1
58574,false,0.01,1
58582,false,0.01,1
58585,false,0.01,1
58592,false,0.01,1
58600,false,0.01,1
58605,true,0.01,1
58611,true,0.01,1
58624,false,0.01,1
58630,true,0.01,1
58642,true,0.01,1
58648,false,0.01,1
58657,true,0.01,1
58670,true,0.01,1
58674,true,0.01,1
58681,false,0.01,1
58689,false,0.01,1
58694,true,0.01,1
58702,true,0.01,1
58708,false,0.01,1
58715,true,0.01,1
58724,true,0.01,1
58732,false,0.01,1
58740,true,0.01,1
58747,true,0.01,1
58755,true,0.01,1
58759,true,0.01,1
58767,true,0.01,1
58774,true,0.01,1
58782,true,0.01,1
58790,true,0.01,1
58799,true,0.01,1
58805,true,0.01,1
58816,false,0.01,1
58819,true,0.01,1
58828,true,0.01,1
58840,true,0.01,1
58845,true,0.01,1
58858,true,0.01,1
58863,true,0.01,1
58872,true,0.01,1
58884,true,0.01,1
58889,false,0.01,1
58899,true,0.01,1
58909,true,0.01,1
58918,true,0.01,1
58924,false,0.01,1
58932,false,0.01,1
58936,true,0.01,1
58946,true,0.01,1
58951,true,0.01,1
58962,true,0.01,1
58969,true,0.01,1
58981,false,0.01,1
58990,false,0.01,1
58998,true,0.01,1
59006,true,0.01,1
59012,false,0.01,1
59017,true,0.01,1
59025,true,0.01,1
59033,true,0.01,1
59041,true,0.01,1
