0.05069021454942186 -1.3078045735795016E-5 0.0883610560120438
0.05228461774482433 -0.003929961636866507 0.08765253320240939
0.05415298188717004 -0.009027994295134565 0.09034447833220664
0.055072442855697096 -0.01063079842324792 0.09124169012907617
0.0567303831136759 -0.01237520830461094 0.09242960353649567
0.05939740858254724 -0.01347931285489585 0.09352789353162781
0.05262929530142817 -0.01805503646214217 0.10034568511572708
0.05143337128521015 -0.016497501107853182 0.10057706004978371
0.05008190936244396 -0.014979195140340297 0.10075646716549658
0.047335362152575826 -0.012915444799170405 0.10074308067705394
0.045917975531726975 -0.011369389311082723 0.10026248476694492
0.04469384455519793 -0.009477218941907626 0.09991548204801694
0.04370960170995432 -0.007386061463246679 0.09988286532111858
0.0466264065406882 -1.2813886225450109E-5 0.08669237282475656
0.04645029352340689 -0.0039757141823005635 0.08621343091528384
0.04890473120773841 -0.010384225094144838 0.08751902559924153
0.05010245340878404 -0.012084109604054592 0.08896474398930877
0.05195417690199943 -0.014006903957950304 0.09096016990706098
0.053318532581286056 -0.016441858457207702 0.09265670934491728
0.051614303637344996 -0.022124703663673275 0.0969843592142685
0.05053462997530573 -0.0206365633328967 0.09765524754052522
0.04879225519091153 -0.018260893852877335 0.09779214682062767
0.046690840353023275 -0.01681460440922382 0.09799427342454842
0.043703201443526116 -0.013426235338348332 0.09863002369536478
0.04239227336764284 -0.011737753171656356 0.09877958546397947
0.04082899205623865 -0.009507707602224094 0.09977145217243677
0.040009304562443254 -0.007564716097863009 0.10057198529560413
0.03847227953334467 -0.002817799729676034 0.09918965315716291
0.03806934258265125 -0.00125285714093613 0.09883961446866296
0.07009463123195848 -0.04759448975758479 0.11194411668349817
0.06430587777879604 -0.04097725873818004 0.10581229894628046
0.05828463822272277 -0.03551887381663658 0.11558240227968258
0.05549826247266447 -0.0259275595971696 0.10072481667158338
0.03680663254819276 -0.007852740388169972 0.10094938798185586
0.03792084360757947 -0.009752372081210808 0.100973860519495
0.04074125398729579 -0.013568992352392416 0.09880009653452843
0.05751967407563306 -0.027856380678159657 0.0925139916611032
0.0741005511 -0.0184239307 0.0644662637
0.0833605688 -0.0498330076 0.134529553
0.0881633365 -0.0515319506 0.145840133
0.0594782808 -0.0242664428 0.186620047
0.0645405845 -0.0334433485 0.188956875
0.1067699 -0.0128589002 0.0552951285
0.0745415519 -0.0186604745 0.0727823945
0.069548064 -0.0141958782 0.0664034152
0.104002745 -0.0178321839 0.0611064798
0.054464063023505045 -0.012381382361132344 0.11369588304461666
0.05121378265441883 -0.005511268800179946 0.11143602750732658
0.0639535387 -0.0122507381 0.15620666
0.0580191594 -1.2368587E-8 0.177383591
0.0586074088 -0.0053882582 0.176987801
0.0590875412 -0.0125653747 0.17865928
0.0602299124 -0.0170461831 0.181788289
0.0576221678 -0.00388490091 0.180056104
0.0580581357 -0.0119428264 0.180051381
0.0710016782 -0.0470840362 0.178159332
0.082370543 -0.0497892629 0.165739849
0.0790806768 -0.0495420113 0.157027011
0.0749741725 -0.0396006095 0.13682053
0.07747997938937727 -0.05746473424019622 0.13538559411468795
0.0809926607705575 -0.05766921181147495 0.14218949850102836
0.054554100560454975 -0.02692833836551063 0.1826134002399814
0.05915799099436633 -0.03601104710065626 0.18497661196922296
0.0781148084 -0.0480980113 0.165274507
0.0706800095 -0.046877862 0.176708003
0.0595459505 -0.00752354932 0.173554042
0.10629755228926925 -0.04761686713071054 0.06264867596752116
0.07545806823084152 -0.03617377389032801 0.07451613303882007
0.09743916103608834 -0.0157229112053986 0.04049917816702048
0.0647049284264132 -0.03267258726885927 0.08236171569208696
0.06396736976847842 -0.024249263204232596 0.06825495911310467
0.06100051916618613 -0.02098290092948988 0.06402765393092735
0.05960094513116186 -0.016270998972429427 0.061154200876729285
0.09612626200810245 -0.021018438455329632 0.045083504984805116
0.06847220533041586 -0.05053683623704638 0.12889879236792048
0.04544026702238144 -0.017784089671406884 0.1158594530588134
0.04436599482566429 -0.016561986360869984 0.11198199832441373
0.05422594604768105 -0.029320681419149435 0.10162876515219793
0.04019580747997435 -0.005510926621466405 0.11330721140037686
0.03574056026616135 -0.014983663126074952 0.1358843628060333
0.028297813410968112 -0.008654804089343316 0.14238780898525313
0.03964898463755539 -0.017589099294390585 0.1324059268704161
0.04288284176526133 -0.01847100552180412 0.12894627665479316
0.044948755962742684 -0.019130269996658785 0.12686290538079922
0.04808722913007321 -0.018081570308490905 0.1228047381362024
0.037083519878530515 -0.014799028113898096 0.14128762321808647
0.03724130683420746 -0.01213144316290712 0.14466366907595324
0.04411629725944623 -0.017312302741282495 0.1350446753406397
0.05504219456843921 -0.013836039127739019 0.15115020341731986
0.05114707538016148 -4.784387434087172E-9 0.17283268086038042
0.052532793661658514 -0.0068999136101237785 0.17242616733805796
0.05450195559083397 -0.012243953910974058 0.1741681001821002
0.05505573180260878 -0.017711665412794966 0.1764256340973792
0.05074544668602206 -0.004202108972041334 0.1760116380807762
0.05259848223762057 -0.011435004548485046 0.17595029484526536
0.06869224991779295 -0.04937983570469355 0.1709304246997397
0.06294828530212881 -0.04285028185059359 0.17472748438589114
0.0665864733292351 -0.048282620053039474 0.17454286979139988
0.0780771872488734 -0.05423661228306479 0.16119310208818782
0.07328374776183684 -0.051951560771958276 0.1490449506094641
0.06767313722719275 -0.04934288473084824 0.1345117060065294
0.07429969859731271 -0.049504200091122795 0.1627726478654698
0.06832736561629423 -0.04775492914003676 0.16916132958221913
0.052209985505147376 -0.008804305772729993 0.16927516351914407
0.05699571536926148 -0.022366754950324884 0.09430404181884726
0.06617144713573082 -0.022151810520664082 0.057301330060109804
0.05356615755047351 -0.0024064034087383536 0.08653373225025184
0.05473508176603229 -0.005664739233262802 0.08678437489076095
0.05599177380825463 -0.009601215382746218 0.08922692669194503
0.05852282892580578 -0.01277966032829303 0.09133848925619566
0.049811102193761704 -0.015839858371510668 0.101315149666651
0.046680022131603764 -0.012060937334526607 0.1015189645302923
0.04489248668378817 -0.009934368333662152 0.10111670259919502
0.04322135342607535 -0.00447179020008769 0.10099567717687184
0.048879268635470055 -0.002016890597031232 0.08431494671223119
0.04931241480762466 -0.005749447561287436 0.08417040587925344
0.05106332989197409 -0.010894279606143071 0.08598351610396295
0.053012544118598334 -0.015185650923442935 0.08916013264930477
0.04670053818203053 -0.017890055430587037 0.09886191951744036
0.0425937809949097 -0.01281455295818623 0.10004969287142046
0.04089380609372368 -0.010221444816945468 0.10117537858656256
0.03910449011818912 -0.005608068040897001 0.10195998083606157
0.038686420092339684 -0.0031762701940097533 0.10053799630340489
0.0380133966792333 -3.345926401770954E-5 0.1001875428744388
0.06881314209327967 -0.04412722921998159 0.10455980630775563
0.05947182408726357 -0.03538722117649657 0.10887419164532808
0.03826841973751385 -0.010473241935352654 0.10231224795098755
0.03935135950955878 -0.012754544158559809 0.10116949404402051
0.043796184776044564 -0.016550659933607853 0.09883617544899964
0.0717862952 -0.0161762987 0.0650768494
0.0595202965 -0.0245136202 0.19028767
0.07594029264313573 -0.022408864087946814 0.08432731910783282
0.0696906062 -0.0142639172 0.0706563829
0.066759079 -0.0108081132 0.0650343949
0.05325102828813771 -0.010666950371811442 0.11337690176315182
0.0646187805 -0.0112697441 0.160742806
0.0569508905 -0.00966170294 0.182186846
0.0575001169 -0.0145189197 0.182842843
0.0658821733 -0.0374124275 0.183536897
0.076419861 -0.0469668342 0.139553184
0.05410854529153738 -0.026215555002577738 0.18774261716147295
0.060334758 -0.0315837557 0.194444804
0.078212998 -0.0477528048 0.165022286
0.070606341 -0.0466063688 0.175701344
0.0601971757 -0.0104950811 0.175691855
0.08080745830451441 -0.0386585151854091 0.07320178448315917
0.10118649374103726 -0.046585634213282684 0.06461259625228687
0.06306887480488395 -0.024189978177940982 0.07420987097319318
0.05997926916758275 -0.02001516059902271 0.06727161692908228
0.05767086326729538 -0.01668368774432855 0.0636797168076802
0.05638353883503654 -0.013522033852532237 0.060613899940380044
0.0964479425400166 -0.027191937408748663 0.050609347970741805
0.06012329311645523 -0.03926750341959756 0.12586735793949794
0.07227539277119595 -0.05377845405205577 0.1382458804943271
0.04216504310588669 -0.012173734789270618 0.11272333608801122
0.04977429831948261 -0.022065388667194756 0.11837674594716806
0.0564564031315321 -0.03227157239771847 0.11123824866803234
0.043500396965993275 -0.014198574892373448 0.12081926398116008
0.02552508986386339 -0.007607596573523208 0.1364129859308431
0.026538545334575007 -0.008173162131565487 0.13944637376632205
0.03366748938200507 -0.012799214192152346 0.1432963133404425
0.05156621094023195 -0.01718606880128801 0.13930486277825566
0.05517810556332452 -0.013156323991094798 0.15400252634921724
0.05123654706372769 -0.009044054030259565 0.17837667023297718
0.05199781196832361 -0.014256144760152033 0.17905532861834997
0.06155567497008637 -0.04105245328187888 0.17712898495066143
0.06813719975967278 -0.04996069760095878 0.17736548060480858
0.08013221854031104 -0.056176730732951444 0.16029567907420397
0.058600685277657744 -0.03234539030979838 0.09609245769215233
0.07205062975853344 -0.046751911189662446 0.1608796278483696
0.06843059367966718 -0.0463406487439158 0.16790771032385787
0.05653863942703865 -0.011502458912581913 0.16957214456170544
0.057996069918704915 -0.022665961863265468 0.09343190340149321
0.06287872927913102 -0.01845773590120622 0.059965739238391956
0.051729143659961514 -0.002368005662581208 0.08864479037395144
0.05286215957828593 -0.0054376769101593305 0.0883352284806398
0.04297210604056006 -0.00434303295643829 0.09944770547680802
0.04669630428534824 -0.0020413377316244917 0.08667510484341853
0.04682942478850627 -0.0057842368289918195 0.0859766850771128
0.03899173848293817 -0.00510666415490756 0.10047393437821849
0.038014814654528044 -2.9393640132741317E-5 0.09900968609652121
0.06408580684637254 -0.044727666372489164 0.12697736822556627
0.07365787202756867 -0.05452724783944861 0.12669593147880823
0.05136808333496356 -0.028146973003880915 0.1034836552724881
0.03611567749121489 -0.006390269016673624 0.10260348113731524
0.06053437192579431 -0.024752795681795735 0.09094951723444643
0.06844587950638654 -0.019337606644831005 0.09855094577052075
0.0703931539 -0.0146187569 0.0628757668
0.0575369432 -0.0194337104 0.186387783
0.0670891925 -0.0109951905 0.0622113341
0.0928560686 -0.0167800894 0.0620468007
0.0624985659 -0.0157272406 0.134938803
0.0579071098 -0.00303360293 0.177179116
0.0590427217 -0.00889711603 0.176313487
0.0569080259 -0.00444335525 0.182517194
0.0681738502 -0.0430073683 0.180537085
0.0653246639 -0.0358345825 0.182618237
0.081330212 -0.0475154248 0.169132993
0.081340983 -0.0512202873 0.160548291
0.05230586688165728 -0.02126954528552694 0.18326208034148375
0.0837584206 -0.0434684985 0.130468167
0.0789383134 -0.0480271355 0.163366623
0.075149243 -0.0482306925 0.172729275
0.11101481674925148 -0.047489570386656285 0.06077877344134978
0.09012652279175566 -0.054772943043669094 0.09502109584820813
0.09229836518144321 -0.015018723448443242 0.04085416072802829
0.05934033317270092 -0.012535128485084904 0.057113020933148545
0.08579371577230026 -0.019820822299671765 0.04593325209075977
0.05295040556969057 -0.028018092862024016 0.11940961918637927
0.03978826499679919 -0.003784685682191031 0.1178456685253048
0.026212138506538894 -0.007385711351197642 0.13407676459734758
0.030949828011603727 -0.009216373700533171 0.14477072121781145
0.053450454203172286 -0.02257767258838337 0.13254723527474938
0.044299370760807553 -0.013951750540503693 0.14314146172752076
0.051429144559080646 -0.012802934466444949 0.14961880770239025
0.05135268615193568 -0.004237582574451934 0.1727183406495823
0.05382746172464336 -0.009284423469717426 0.17187209270337167
0.05049924840772456 -0.0041598531218193105 0.17862766512258513
0.06562538863867334 -0.04623796951580729 0.17274423111783652
0.060472243489598454 -0.03894219088697941 0.17596938222188166
0.07655573558826048 -0.053361022495404885 0.16522347479701707
0.07661109589072872 -0.05410059769512755 0.15518953901090402
0.07381333527038017 -0.04957821053577675 0.16004669990448633
0.07165652432275384 -0.04961620313453666 0.16711076547154172
0.06251612573788873 -0.01555193376809027 0.057362663944687635
0.039920725445920374 -1.0477265132064484E-5 0.08534939793992355
0.04087967953649229 -0.0042872936707734205 0.08482119458749929
0.0451610109285252 -0.01188807640154953 0.08581778543215163
0.04649539179869997 -0.014088208974099839 0.08794583474989412
0.0487796161908567 -0.016244794371099856 0.09040857344922823
0.05089333669509624 -0.018005752321723256 0.09247443422351079
0.05048158442430556 -0.02187217770707585 0.09609562544819887
0.04959160197423973 -0.01977585587169063 0.09592807920772609
0.04645998735836649 -0.01883084997351892 0.0963552385455684
0.04322976884095044 -0.015401997935132524 0.09751954481632392
0.03912586017225231 -0.011774877546199042 0.09995916248403579
0.03490133162321615 -0.0028980032017192152 0.09989407160963984
0.034413550212505195 -0.001385075790916717 0.09954684037488162
0.06362466807609847 -0.04209291228104332 0.10575054057408029
0.057848249867865624 -0.03567194622396421 0.11544610802144402
0.05251190743548208 -0.02771268522967407 0.09705508967034836
0.055897153508503605 -0.02946785376573405 0.09057641674453275
0.07598178618453869 -0.05934709077644897 0.13428107749262747
0.07957658481645734 -0.060782094444426074 0.14162068524252788
0.05338152378470289 -0.027754759225818076 0.18275771440375727
0.05804374976306346 -0.03720409284908833 0.18534394220241562
0.10589675803356306 -0.04983707408967453 0.06160588655193132
0.07364787057094203 -0.03724629786609985 0.07276978966238164
0.09522486905837717 -0.016398454456126962 0.03717416329253467
0.06388343283654749 -0.03300441799498784 0.08138324878403087
0.06284734706818616 -0.02508736889893365 0.06786879163995753
0.061264123675414756 -0.02229635074262547 0.06344969985970308
0.05768522666128525 -0.017630471849496714 0.06004731709430486
0.09427928255132248 -0.02382349756871196 0.04017815998426638
0.06796124971151059 -0.051548536209059644 0.12863803726602857
0.04472106771817778 -0.017703510593399127 0.11522392895695036
0.0431517921335001 -0.016557551208554903 0.11126696788759859
0.052972296685265846 -0.029434667638276037 0.10063382232436416
0.037644620643817205 -0.005864644368692065 0.11448734118271602
0.03358748099314104 -0.016365015439339478 0.1351328179800457
0.026258785802921895 -0.009549756412413384 0.1426366033939013
0.038314200199728254 -0.01864256673302977 0.13227972516398126
0.04220165074210083 -0.019798361857983213 0.1286842546100474
0.04466794115971841 -0.019984956876709103 0.12625457425306502
0.047628652063147064 -0.018622475455115504 0.12209329998408287
0.03575442144553668 -0.016080086203216246 0.1413786413465872
0.03633241119664088 -0.012879207261510728 0.14491234016965648
0.04355846728367061 -0.018716985379083624 0.13574768857405567
0.0527153382122021 -0.015106315585911422 0.14995347573284845
0.04919538483584232 -4.184942721716342E-10 0.1729240606881052
0.05091705590557935 -0.0072380690709716415 0.17268417873894248
0.053475942984763485 -0.012669994607083715 0.17451003164923226
0.05405038889424684 -0.01823615194646638 0.1766804721967565
0.04933881647235331 -0.004496166334129912 0.17616314640837072
0.051464307260155946 -0.011870522182689426 0.17620528755333123
0.06785977194641224 -0.05071782709236864 0.17080825961376628
0.06162480080091979 -0.04541704584334798 0.17459902672274022
0.06533020900701306 -0.048558186631721276 0.17462818769103164
0.07725315155940791 -0.05503457069253113 0.1610792735262077
0.07239804032613453 -0.05258079680444471 0.14908206358351722
0.06702349452137178 -0.05049981719462166 0.13364755217315388
0.07343980841346544 -0.050477847255988854 0.16266959111703772
0.06757654593159818 -0.048985894619711826 0.16905351400247015
0.05083021538423311 -0.009204466349688196 0.16939318080604382
0.05430641890779177 -0.023904225727246875 0.0940173776709879
0.06476928757943606 -0.023041523601458353 0.056230218758927
0.04402055110760247 -0.0021747098272241585 0.08259601302088564
0.044950993308029916 -0.006360430267341828 0.0819279194022657
0.04723825348400083 -0.012334479406986783 0.08383065118906549
0.04993460755850553 -0.01717276088653574 0.08864758956830662
0.034997524498877323 -0.003224336191496992 0.10130297272802612
0.034342769066935286 -2.2931303902541005E-5 0.10116682500883208
0.068304857228736 -0.045086872129644864 0.1041427834653543
0.05854992486910823 -0.03574716269328942 0.10893471963656093
0.05291068977869859 -0.02703600447267381 0.1880017172732848
0.0592383492 -0.0325187781 0.195027259
0.07835416635616092 -0.040042368140166255 0.07119190785396573
0.1001838618242282 -0.04923645809733909 0.06282714208756969
0.06112817656113699 -0.02484067951256934 0.07340240776097723
0.05946806809621437 -0.020947648610576828 0.0671345894603588
0.0564581512906158 -0.017687713804901587 0.06303773121719367
0.05395452702756577 -0.014273253698759343 0.05921742017827507
0.09433467051183884 -0.029663037709439073 0.04599270827676114
0.05946287807457502 -0.03971379124240855 0.1251839999271633
0.0718495263478912 -0.05520697880698345 0.1377533001824553
0.04099855998446302 -0.01279990731964056 0.11239560455981447
0.048570067737498224 -0.02216090838603821 0.11742732528424701
0.05532942014334612 -0.03265866954824411 0.11077369459083625
0.0432164016387641 -0.014596755702831473 0.11996152192360957
0.02267224027055656 -0.008499846002697061 0.13655156961332093
0.02390978718087467 -0.008987315420391176 0.13961545075017456
0.03245858491459677 -0.013387768488366395 0.14360921364563495
0.050127994413087136 -0.018621030716087023 0.13935318304640526
0.0533792013301965 -0.013426920159148818 0.1534189689573164
0.04990825726380649 -0.009439523060668874 0.17854843428317851
0.050802439492535406 -0.014756272317602655 0.17925914474510388
0.06026500110963821 -0.04122168465218126 0.17715991281650523
0.06666990253283898 -0.049961161730627965 0.1769576029065681
0.07907608186603414 -0.05710797065433597 0.15997339485665657
0.057996018328034256 -0.03281810001457933 0.09501150399653499
0.07172582754280339 -0.047807833652186736 0.16108505929940745
0.06755029880233515 -0.04761584054905958 0.16777693707455765
0.05546546808646757 -0.011904570887065992 0.1698420795089539
0.05605938319842725 -0.023590448758269895 0.09288611885891448
0.06136231750128378 -0.02033723418906196 0.058273683524111
0.040243738222331335 -0.002235745994420535 0.08507837662417601
0.042103007577664144 -0.0062829872405526874 0.084082920838546
0.03575995205933566 -0.005459192900893986 0.10042597662571089
0.03431760072109231 -1.5490901422594106E-5 0.09943713982150401
0.06375479874312627 -0.04565224753810114 0.12628113637563212
0.07328092131727047 -0.05594659834129399 0.12662113443854592
0.05048766153601727 -0.02844174835366561 0.10314374391511688
0.05837836498024294 -0.026162966327568486 0.08942338836687239
0.05107358359761673 -0.021925835371579952 0.18346639070658033
0.1107236613901614 -0.04973535300740018 0.05951554990099394
0.08941752783412771 -0.05666195238182022 0.09426445566256943
0.09114145102578952 -0.016590832089947945 0.03707928310981657
0.05674943533389726 -0.013731274820061078 0.0547457055451614
0.08386407316094945 -0.022772800329434278 0.040753051150208795
0.05230357723464851 -0.02807240581429483 0.11843760161588783
0.03707334505028481 -0.003649821147537765 0.11827962105680578
0.02299049637632283 -0.008432189663571033 0.13339753964992243
0.029461265030694062 -0.010133379931441722 0.14524368484243527
0.05327143194316275 -0.02289681176959891 0.1327219468966725
0.0435690440321879 -0.014845719226989944 0.14319157133688296
0.04894869714863746 -0.014557279247182368 0.14865807375159654
0.04962843514881717 -0.00454222273308883 0.1728684471409986
0.0526109653865582 -0.009728628404137084 0.17216707731357184
0.04898834615981362 -0.004441859094909929 0.17888209961663565
0.06456008973649945 -0.0470852950621673 0.17289636553600168
0.05932607646735632 -0.03998711001000101 0.1758093086448921
0.07579964124060962 -0.05437158661449778 0.16494306994221142
0.07586395342477467 -0.05453527087885967 0.15511479912595474
0.07303989130019826 -0.05034713783319228 0.15984214266677693
0.07083043968177227 -0.05082134739815521 0.16714550122527563
0.06037968018039229 -0.017621528440686117 0.05507877711120293
0.04272247399348015 -0.004270507697613395 0.09838541057541716
0.043529459724749996 -0.00701245931332055 0.09825375618513772
0.044542787410273975 -0.00871180515686843 0.09870989814486546
0.04559277967882366 -0.010716583574682121 0.09933309677582465
0.04697923732600682 -0.012168823430207422 0.1000386614247676
0.05029908364177753 -0.014284340651172121 0.10035060508383335
0.05185054951752469 -0.015758817332811075 0.10028766949129939
0.053160432428097947 -0.017555111893361362 0.09998409112732759
0.05718910952667198 -0.013543366099747815 0.09483124547708664
0.0558372055705766 -0.011970486486681703 0.09405784309222218
0.05453928553098773 -0.009905264785707376 0.09308901522120495
0.05314204573777487 -0.008582324487203271 0.09196383122621352
0.05210269397649752 -0.007563804688807776 0.09118234880958309
0.05144294285386405 -0.006680381280187033 0.09046610481209377
0.05088555799012061 -0.005253214723996608 0.09007247041776999
0.05060214519482458 -0.003663094985549019 0.08986113540872612
0.04978697394533774 -0.002258152232800025 0.09029040951990464
0.04892327086114751 -1.5027539114288966E-5 0.09045619892985264
0.042521916024911545 -0.004054929847270672 0.09687930419450655
0.04341792560454325 -0.0065061798843522 0.09670073419102854
0.044528082030803065 -0.007974584722033143 0.0973678382518107
0.04570860886065257 -0.009756850225698596 0.09815402167364548
0.046791714846091084 -0.011377906238198997 0.09907207775301557
0.05048879591979766 -0.013316858849468458 0.09981648560828273
0.05232094961737567 -0.014888641149164694 0.0998479135277377
0.05344064645262648 -0.016926567012852514 0.09945571795529688
0.05423476341110207 -0.018903598735478058 0.0987837214292961
0.05495265544200213 -0.014822826096696055 0.0976369002638664
0.05444966397724571 -0.012749724307021624 0.09760724380122399
0.05267498092231884 -0.010619780677122718 0.096701817883902
0.05030085379812934 -0.008919239975006613 0.09519464498662651
0.04941152559104925 -0.007667362315300102 0.09464082779574683
0.04885606937571482 -0.006477138323202253 0.09402362432945416
0.048680320248662715 -0.0050078099093063795 0.09342196215632766
0.04903050095774596 -0.0034168804328525556 0.09298558675513596
0.04839894328545795 -0.0022354798484543787 0.09314726996008686
0.046527744695643386 -1.7663336734184895E-5 0.0928736049459751
0.04153570678825128 -0.003531636262513148 0.09565969746446575
0.042952467656601684 -0.00547586740302452 0.09554685522932534
0.0445617170913466 -0.007010939297502015 0.09611496101295498
0.045729489305563045 -0.008765024540829761 0.09683559620986824
0.04669307452173734 -0.01052063718084909 0.09758351244949566
0.049454931466831165 -0.012330975913563092 0.09906104486987462
0.052264926242304686 -0.014401688301881089 0.09895925722431356
0.05314213162203113 -0.016352636307201376 0.09841269861141744
0.053867781702015394 -0.01869994833222707 0.09779031187226633
0.05339689526508662 -0.015510846063764629 0.09900610401424163
0.05216624122022938 -0.013731756907451516 0.09923956018899455
0.04921252812155618 -0.012101162140928821 0.09895027909198946
0.0466839709629335 -0.010673350018290161 0.09754322547911673
0.04620917444866394 -0.008982709229769202 0.09717732072713259
0.04585964358471791 -0.00735457878257575 0.09693649940554097
0.04517658913938115 -0.005390362911738474 0.09584579643378581
0.04517486661711025 -0.003646810831470543 0.09535107018417456
0.04567386167645143 -0.0018880261363923827 0.09518389939087815
0.04544702957468713 -1.9202907430681245E-5 0.09491258063288968
0.0532989381766624 -0.006770921010978493 0.08917233070874846
0.05342677669930222 -0.007808224951022037 0.0895758008362928
0.03810962929832591 -2.650813129526011E-5 0.09788617459362595
0.038383594944222395 -0.0012528483888524249 0.09790714141343607
0.03859787796287012 -0.0025606172799095897 0.09796899524953785
0.039046824447419304 -0.004567301664774038 0.09882561902892037
0.03988087215654507 -0.007039409593345604 0.09902675725480127
0.04085858503150163 -0.008884931717584692 0.09850665699552266
0.04250651612409768 -0.010855825552100521 0.0976488357215339
0.04366162331758054 -0.012494838731190366 0.09761664816792184
0.046448210086164544 -0.015617159416417063 0.09744474071830127
0.04929646319314179 -0.01797035895411879 0.09715472460093048
0.05113384189539143 -0.020502119458266778 0.09708051774923415
0.05388204533999075 -0.018422451697500807 0.09483478952479975
0.05271978545942263 -0.01647830448301103 0.09387953246497219
0.05120719170628722 -0.013509846579954942 0.09264423705367301
0.04927115828800808 -0.011702760837975794 0.09098496230951675
0.04766057097518422 -0.010185033854301973 0.08946944471871615
0.04646267935140535 -0.008759246936800046 0.08846497184861028
0.045570035929573136 -0.007339334502023326 0.08795167341240544
0.04481959123539448 -0.005702689109307855 0.08803885585693977
0.04446221078685043 -0.003880491968103181 0.08853551346393916
0.04488729992742982 -0.0019991238050173503 0.08923048104941667
0.044814690030954576 -1.5467540940465143E-5 0.08938517188104099
0.038379230843259865 -2.4512138237732654E-5 0.09701849172596042
0.038683177080877255 -0.001260943184691121 0.0970660377377968
0.039145701001468754 -0.0025507364826679348 0.09728440013842843
0.039469685803199775 -0.004131694728131348 0.0972099409616348
0.04012819613336486 -0.006331903354562026 0.09727949850620798
0.041186932355008435 -0.00787371755752612 0.09673175344195452
0.042626557807040326 -0.009908044734733003 0.0964336028774256
0.04396023650339606 -0.011615439116472882 0.09662459559936475
0.04581831049512938 -0.014044871551160493 0.09697409582566884
0.04940761321218201 -0.01662888266116274 0.09689590461940066
0.051395288796859874 -0.019468304681838612 0.0969038737005846
0.05370228887891593 -0.018327545035322062 0.09631767239554331
0.05274968956468878 -0.017181870860315886 0.09591460602316483
0.05094724714627276 -0.013589249126017007 0.09593828978428406
0.04836443954250041 -0.01178165750941036 0.09453061514854427
0.046700756118624356 -0.010178468606473158 0.09297218819647078
0.04524347800268998 -0.008768521143192225 0.09197247923673446
0.044356538057363545 -0.007278237936183733 0.09154937911191567
0.043776349721357084 -0.0055959488942709575 0.09146479506575243
0.04377971447630291 -0.003790737632418277 0.09189209085808181
0.04300037936716763 -0.0020014170052213022 0.09179178356204218
0.04330020128174712 -1.5085853513154554E-5 0.0920979896913821
0.03891908318325391 -2.2413346711477545E-5 0.09577251196477207
0.03920132584561692 -0.0012951839461393003 0.09591446610176921
0.039389398419535884 -0.00248261676909957 0.09598681606833509
0.03961291998281776 -0.0038370531053930463 0.09597662442733682
0.04018808650702275 -0.005745728102347292 0.09575464751264913
0.041059997144018034 -0.007060692526418595 0.09558443190767714
0.0428927980173366 -0.008975947831054855 0.0955365364950879
0.04452758868909365 -0.010872237820698825 0.0959843527245476
0.045871775710414536 -0.012811251320408532 0.0962734172141449
0.04941672795011767 -0.01550717658906548 0.09681842292408162
0.051369931998882776 -0.017629449262380296 0.09676635504242062
0.0528030303896642 -0.020163835263898134 0.09660315643814871
0.052301284800289866 -0.016401255485101393 0.09792769795899302
0.050303138210379815 -0.014361366358674497 0.09806979530210637
0.047572768435537115 -0.012590699604533113 0.09761706080060549
0.045433207062804855 -0.011312141985225108 0.09646476057043539
0.043894724072714046 -0.009328814751890792 0.09528777794916869
0.04333876278497615 -0.007841679201988642 0.09490631760486483
0.04240608811115443 -0.005860199758499589 0.09454043102771134
0.04148364816341836 -0.004026306863068997 0.0942117650417055
0.04163139631686042 -0.0021480131808994736 0.09421217559593421
0.04208120379452276 -1.657618932987778E-5 0.09452091805591561
0.047368373723095755 -0.007402773761547114 0.08606122663201546
0.04799334486490967 -0.008916580316297811 0.08654415334286139
0.062029902141421456 -0.02930457597047846 0.08684558286635602
0.06145556789687825 -0.02201381264543767 0.0798889315438875
0.059639857154219066 -0.017347537934065602 0.0766932107228667
0.05807170548177231 -0.014389525627033068 0.07533458426151562
0.055548836666406205 -0.011492971929616921 0.07433829790736242
0.05430286785559179 -0.00755593823011606 0.0737966730194351
0.05355239439234104 -0.002314992613833084 0.07329847630139871
0.04592442229505947 -0.020854883650829065 0.10435711260781623
0.042375124915466605 -0.015147593922718304 0.10808104185044086
0.0412497223680614 -0.012085744682518986 0.10895744818564689
0.03988310201622179 -0.00574194750837108 0.10983122831628817
0.039738512125663594 -0.003215453193214674 0.10970200136962367
0.03967131108931328 -5.6777368013329245E-5 0.10959326326961445
0.05530699086848824 -0.008266271235821626 0.08836222445132524
0.05504373417685711 -0.007126165050960511 0.08729252552005035
0.07418865141147431 -0.022656580600724945 0.09869521584008763
0.07209837119192997 -0.020602630022458778 0.08824285141742981
0.0687025837663178 -0.017535184324990932 0.084588009786761
0.06677386231422898 -0.01527959120880676 0.08248535336281902
0.06402729268673382 -0.011590815274987246 0.08045150210423764
0.06303878994022166 -0.0079113137350485 0.07893524565737986
0.06184213228304239 -0.002618000997670977 0.07839071607055648
0.06615794364029363 -0.017079965991198442 0.08932345597061661
0.06541338474152933 -0.015106362229788027 0.08578453991193674
0.06409692304545472 -0.013450104868077623 0.08513538335332227
0.06245362528506491 -0.011330630993413427 0.08406359627975717
0.061051486154509595 -0.007817528848640428 0.08293941336075746
0.05998259434667386 -0.002728404270331188 0.08186045011617388
0.054465923153986226 -0.014133579399121932 0.10641069174357425
0.0524322189794988 -0.011204273762613539 0.10609056828616027
0.05093893224727108 -0.009112140968568999 0.10527005444410682
0.048375738117198475 -0.0052276648960611375 0.1034347491577911
0.04765394511507946 -0.003461252777653183 0.10272089640840687
0.05546296938473191 -0.015007210402016 0.11009455219331647
0.05302101217662622 -0.012247604815134969 0.10994415353978261
0.05181811210377642 -0.009643143138936067 0.10878770355297825
0.04967870032346143 -0.00536868704250794 0.10756433138908664
0.04941082551490539 -0.0036408144369047745 0.1074494903918297
0.049086642559842714 -5.81387023170796E-5 0.10719732303160921
0.0767987916 -0.0201238595 0.0704028453
0.0787600812 -0.021934682 0.0688762912
0.0993142277 -0.0453085022 0.12684709
0.102393792 -0.0445727608 0.125447065
0.122502504 -0.0492650472 0.114441965
0.127398783 -0.0486718243 0.111521436
0.133107188 -0.0492557595 0.107260342
0.10278255 -0.0486639215 0.134420206
0.104953091 -0.0492172687 0.133972922
0.10879151 -0.0504317639 0.130625182
0.119583614 -0.0534422084 0.128849443
0.125130566 -0.0532873453 0.126894567
0.130790801 -0.0525796937 0.12455181
0.135992211 -0.0537419711 0.120087811
0.103298033 -0.0467816863 0.148167699
0.121240681 -0.0533687275 0.141511516
0.128262942 -0.054015225 0.138338612
0.13226973 -0.054914528 0.135711404
0.140424732 -0.0552889269 0.13309316
0.0587908085 -0.0191568082 0.184480146
0.0606669286 -0.0244551365 0.18499872
0.0639487586 -0.031097326 0.183776916
0.0562597579 -0.00454951237 0.184942585
0.0558503097 -0.0113868734 0.185178511
0.0565040879 -0.0157671066 0.185552459
0.0633287541 -0.0307003123 0.185330792
0.0663743731 -0.0367669086 0.184909549
0.0569518432 -0.00393568422 0.19033437
0.0565676813 -0.012827296 0.190160433
0.0572514592 -0.0179056373 0.190332611
0.0669264105 -0.0367214177 0.189032937
0.0965009732 -0.0491753551 0.184030984
0.106622037 -0.0537448824 0.183841016
0.114865952 -0.0585064801 0.183088758
0.12956348 -0.0632461929 0.181781921
0.135179757 -0.0642849202 0.181274831
0.141560245 -0.0650765925 0.180746538
0.148093106 -0.0653013357 0.180121323
0.0580294746 -0.00386234008 0.198218992
0.058810291 -0.0124003345 0.197923663
0.0600692822 -0.0192488292 0.197663504
0.0977054109 -0.0510717655 0.197772664
0.107617996 -0.0559406642 0.198005278
0.116719632 -0.0601675336 0.197681055
0.131878561 -0.0662544914 0.198433505
0.138276526 -0.0674435517 0.199241694
0.144676166 -0.0679486501 0.199839471
0.150732159 -0.0683031325 0.200503504
0.102882084 -0.00307546784 0.054058483
0.10523389 -0.00899015405 0.0536212639
0.06262764688003258 -0.0025562436746987805 0.06949357820796173
0.06494124106139772 -0.007664335817719833 0.07034257945526382
0.0664294593578888 -0.010824574854903018 0.07169603242457251
0.06915785655775979 -0.014357987927097065 0.07323231684465589
0.06254408568968518 -0.002478880936739052 0.07403324871817253
0.06451727096335036 -0.007846155916046073 0.07501936601401564
0.06543877593925342 -0.010671680764930379 0.07587416057300932
0.06800823693803931 -0.015181673894282493 0.07790780932259744
0.07157768937425754 -0.018584760623046474 0.08024870758650868
0.0626914722 -0.00261926404 0.0670784575
0.0650200532 -0.00777570318 0.067851418
0.0666324782 -0.0109160186 0.0688509549
0.0626246349 -0.00250084993 0.0641988562
0.0650215508 -0.00769225029 0.0645758727
0.0628024872 -0.00258426014 0.0611650774
0.0650819538 -0.00789186294 0.0617395835
0.0714383547 -0.0149202277 0.0594835112
0.0675159476 -0.0111408856 0.0590118877
0.0842411077 -0.0267978008 0.0626373806
0.0813776771 -0.0211135027 0.05934459
0.0764293676 -0.0160934013 0.0575445542
0.0726867187 -0.011733016 0.0559524455
0.0706207011 -0.00808228829 0.0548735871
0.0679715349 -0.0030897317 0.0546205479
0.103193969 -0.0285543848 0.0668207466
0.090151191 -0.0130225009 0.0593883765
0.0887298214 -0.00912758529 0.0580406685
0.0869259914 -0.00236079186 0.0564570735
0.107539627 -0.0284735996 0.0662790735
0.060889383366902215 -0.020165628561594894 0.11496375882404128
0.05037772883380937 -4.810339376803709E-4 0.11053265299371433
0.050780051336646995 -0.0037866848867607124 0.1111260222028637
0.0478907245 -6.928062E-9 0.162736114
0.0478505751 -0.0028355114 0.162718435
0.0485863823 -0.00475584621 0.16195378
0.0504315436 -6.219593E-9 0.164562792
0.0500936693 -0.00274231937 0.164731753
0.0508457761 -0.00467962517 0.164049663
0.0540241205 -0.00609999595 0.162599509
0.0528700612 -2.994489E-9 0.166440073
0.0524848173 -0.00260717259 0.166613435
0.053603272 -0.00445387052 0.166019586
0.0562176482 -0.00575279888 0.164512403
0.0552999373 -1.434215E-9 0.168473478
0.0548404363 -0.00250890988 0.168546843
0.0559417353 -0.00433732745 0.167717697
0.0573186618 -0.00582983742 0.166238346
0.057597875 -1.025996E-9 0.170521221
0.056881735 -0.00258767843 0.170464696
0.0576307601 -0.00441259173 0.169166964
0.0581165814 -0.00525540254 0.168526452
0.0587171839 -1.1051E-9 0.172722264
0.0578564809 -0.00261329937 0.172367761
0.0585386404 -0.00437750196 0.171178194
0.0589703589 -0.00596612659 0.170476961
0.058755735 -3.46959E-9 0.174614241
0.0582127657 -0.00265939812 0.174385374
0.0590730346 -0.00460863928 0.173902382
0.0611260325 -0.0202423475 0.182363622
0.0628387917 -0.0245763249 0.182844387
0.0648246278 -0.0306527313 0.182524981
0.065202022 -0.0350206823 0.181926308
0.066799286 -0.0387014571 0.181312258
0.061966411 -0.024505427 0.183861614
0.0644351162 -0.0310454726 0.18302984
0.077163423 -0.0483162574 0.174168166
0.0675562799 -0.0208371206 0.133803532
0.0709662967 -0.0242666056 0.133454376
0.073123472 -0.0272189792 0.134905697
0.0743992656 -0.0327657375 0.136023563
0.08482927973707646 -0.0590398824419379 0.12230815368096962
0.09382412853031993 -0.06360188458046581 0.11764903997005186
0.11006845445704502 -0.06991797838556917 0.11045093563504589
0.11934083584279202 -0.06977481669397138 0.10712446437672704
0.12660827588215842 -0.06890552869550069 0.10404079477825026
0.13269237732280773 -0.0666772248850828 0.10105556525458884
0.08746393680462017 -0.061718803024635664 0.13160750112889608
0.09633878700375408 -0.0649726101447494 0.12854842594762797
0.11324101748672377 -0.07211225618241258 0.12215970722284111
0.12173893940046594 -0.07305299389736654 0.11913993895718382
0.1288980587234253 -0.07197131932653783 0.11693711191955228
0.13636752093200497 -0.06889293824271914 0.1153326014478378
0.09068970601440518 -0.06249810560189671 0.1401336234137243
0.09903704755126505 -0.06648333523768021 0.1382560381485954
0.11628854686794157 -0.07283404212199394 0.1330223004514848
0.12386446618556649 -0.07383873687729912 0.1302376190746215
0.13125717488872615 -0.07358185281544119 0.12797205955480764
0.13914317712801524 -0.07017333871948803 0.12750491137761583
0.05326558595288551 -0.020119687885860073 0.1805742573824944
0.05511502587585016 -0.026487365029100065 0.18047594634213715
0.05766655650225766 -0.0330382681749879 0.1786571043250564
0.0733927785513712 -0.0527018010856624 0.1703024144368495
0.049779898268778405 -0.0043190742629992855 0.1814694766332688
0.04982238544065062 -0.010435331636501935 0.18222674470889685
0.05076208178507442 -0.01579061083565461 0.18273908889573245
0.05778562569775044 -0.033422237122018104 0.18060359178567056
0.0616066515503127 -0.040843408239927916 0.1791086171295974
0.06857007208681994 -0.04991282780294805 0.1790667341074181
0.07635447416101955 -0.0550076309104891 0.17593391075083523
0.0849962822046552 -0.05807285284686872 0.17441843091362585
0.050536903940614566 -0.004044005704685282 0.18773064960176356
0.050591924330069926 -0.011340839234216775 0.1885006689649388
0.051872853353501024 -0.017831671104610862 0.1884641400139818
0.06259971024556822 -0.04069975166828664 0.1844208724880471
0.06952276595234021 -0.049659347550549265 0.18476599512764091
0.07818088351373752 -0.05384283317332626 0.18370503618224063
0.08616627849343796 -0.05729465026725864 0.1824602435719019
0.09526941771226448 -0.061526680734707094 0.18257134086261045
0.11131097165372945 -0.06937550791453023 0.18092832336969034
0.1279724802538265 -0.07339587668153845 0.17956058988178958
0.1348116171096826 -0.07532979790865836 0.1789011361428146
0.14249106856137306 -0.07702445623644782 0.17830443977567914
0.15013537224809434 -0.07715979387647043 0.17749334290165353
0.053275242 -0.0036998898 0.197158873
0.0537627258 -0.0116231039 0.197385241
0.0554283786 -0.0201546178 0.196581561
0.0651434812 -0.0402368027 0.193445683
0.071195714 -0.04838554 0.193864829
0.0790528505 -0.0534919632 0.193893341
0.0877029597 -0.056888557 0.19345729
0.0961337064 -0.062315663 0.194611038
0.11233492 -0.0696858574 0.193789094
0.130140665 -0.0747224551 0.194171589
0.138117635 -0.0765737474 0.195072705
0.14537543 -0.0779287991 0.195934332
0.152612405 -0.0789706774 0.196440358
0.0662601559 -0.0139950431 0.155927453
0.0666103934 -0.022751365 0.146606277
0.0680799771 -0.0260449603 0.14523643
0.0687548621 -0.0311864193 0.144311634
0.0701765363 -0.0366490879 0.1442939
0.0721761053 -0.0408580869 0.147826021
0.0754028734 -0.0454646505 0.154743249
0.0775832165 -0.0478368717 0.159788372
0.0768216937 -0.0477705288 0.169021413
0.0739744725 -0.0477515163 0.171933225
0.0715525234 -0.0465219165 0.175795146
0.0690715981 -0.0418798278 0.177483615
0.0679937837 -0.037502332 0.179202776
0.0672510109 -0.0346117587 0.180634594
0.0663102298 -0.0306518841 0.181456518
0.0660969672 -0.0254543088 0.181983438
0.0659927885 -0.0207081747 0.181183142
0.0659902211 -0.0166510916 0.178737458
0.0661728078 -0.0129642323 0.175831024
0.0660598276 -0.0107687047 0.171813102
0.0673310667 -0.0118105029 0.160148626
0.0645936064 -0.0133573809 0.156311272
0.0659276273 -0.022156971 0.144863733
0.0683612253 -0.0254988436 0.143446879
0.069507561 -0.030804012 0.142766026
0.0708037921 -0.036451525 0.142636576
0.0716060628 -0.0407350128 0.145566407
0.0750041828 -0.0448553638 0.151831364
0.0781605158 -0.0480868439 0.158672361
0.0799443603 -0.0489384179 0.162466644
0.0800810687 -0.0477952921 0.166529175
0.0780439667 -0.0474780847 0.169586594
0.068282695 -0.0424361254 0.178810635
0.0676190836 -0.0380459721 0.179818805
0.0663676661 -0.0347649342 0.181043259
0.0661230912 -0.0306577679 0.181968283
0.0656882802 -0.0254038818 0.182261628
0.0649554214 -0.0207663512 0.181529319
0.0643512899 -0.016795809 0.179662442
0.0631291461 -0.013718771 0.177045882
0.062558423 -0.0105127683 0.174887262
0.0682896639 -0.042116692 0.179803084
0.0667430815 -0.0384079691 0.180842433
0.065300998 -0.0348919173 0.181435387
0.0657422198 -0.0303789239 0.18226008
0.0643756524 -0.0249125492 0.182486409
0.0629941372 -0.020443166 0.181758297
0.0619726696 -0.0167254418 0.180449494
0.0606629032 -0.0138459937 0.178003938
0.06514607 -0.0100762439 0.164074577
0.0656640373 -0.0215870141 0.142554895
0.0690131727 -0.0252964624 0.142043192
0.0704591611 -0.0307488465 0.141747987
0.0715753246 -0.0366293692 0.141744754
0.0722318767 -0.0411914871 0.14455437
0.0756486315 -0.0453973437 0.150897571
0.07479389685594678 -0.046573256021225536 0.10204611017230848
0.08544336731609599 -0.051989803883397974 0.0981487968772882
0.08575340861799578 -0.040998458995935835 0.07153260063266197
0.09262241213292823 -0.002760931999131516 0.036871307926058985
0.09478362462068197 -0.010930407030104497 0.03797704532212225
0.0511782296250927 -0.0027550094461351897 0.06529648228419209
0.052219783725007525 -0.009435556971314131 0.0658888429110512
0.05414758750485318 -0.013766469957733306 0.06612104854402616
0.057215704697776086 -0.016819187746765937 0.06654434421790015
0.05973796805654081 -0.01868471103681548 0.07175689366651548
0.057742805980320756 -0.015981286872416546 0.07100000864775269
0.05520902436500672 -0.012912790412157394 0.07030575266750243
0.05325567859018503 -0.00857120361686192 0.06980317593110309
0.052141310270053615 -0.0023532146403242274 0.068798962674655
0.05104298678480668 -0.0028838900715785006 0.06323769254493568
0.05253834497678312 -0.00986290154556022 0.06325072363534733
0.054478565536756104 -0.013856368403827292 0.0632199117486247
0.052250556572264024 -0.003002084934403993 0.06149248714811293
0.054463833733242234 -0.009844781319581736 0.06066355288348012
0.05544247481997336 -0.0029459492395388885 0.057782024678957704
0.05753813589917889 -0.009340522194198987 0.057166369317773365
0.06582988923035021 -0.015847526756376497 0.05517748804316883
0.062238417383096024 -0.011891112222208908 0.05476051003343093
0.08192508842137165 -0.029017778110681947 0.05692015148610196
0.07628972286049196 -0.02242011306391827 0.05276693261699326
0.07161897500113419 -0.016811957212880882 0.05117334902071073
0.06813912894321297 -0.012216244500269093 0.0506249713448529
0.06644538773078201 -0.008986608695150937 0.05044868979135143
0.06383391530889203 -0.002716904294442641 0.050262593080935086
0.09995945856876694 -0.0341676452059313 0.053783053194971474
0.08195744013526501 -0.014296480655717354 0.041876470285909774
0.08002325186646295 -0.009676905472667143 0.04151475077285422
0.07760075430305405 -0.002699357015947622 0.04096160477493313
0.10412842518749883 -0.035626762890742875 0.051467500665720776
0.0510673135358356 -0.0267059678334832 0.11511823873974282
0.04845208459716105 -0.023412591265395997 0.10901224441872227
0.03997872097395148 -2.3459870447940418E-5 0.11351420906348653
0.040082488297764944 -0.003077125797111128 0.11348906708356923
0.0396571091145963 -8.814848150095296E-6 0.11775568274727916
0.039658706766674476 -0.0014843238463688542 0.11770517285794856
0.03712081188172111 -3.8169224407325835E-6 0.12222239919440941
0.03707120369039901 -0.0013663374034985649 0.12219795952777986
0.03775370549319962 -0.003143292077020819 0.12204787447929699
0.026725050216131085 -4.921598584636618E-8 0.12818274576480912
0.02736810707781642 -0.0012740730481897874 0.1286499155785063
0.027885728589408014 -0.002768482115303145 0.12889359378946522
0.02835440520604001 -0.004350174076872755 0.12962827080471961
0.03042153429494443 -0.006491920300235189 0.13055485334171413
0.036717456280196625 -0.01343997532030183 0.13311763851932162
0.03940977848255691 -0.014838221845829636 0.1307945801043673
0.041562214052004706 -0.01751818094280123 0.12790998940759155
0.024250632057733933 -1.6975864500084038E-7 0.13102303745773117
0.024799782318218076 -0.001051429941822237 0.13123028871676706
0.025586545754761072 -0.0028119488135868887 0.13145530661639318
0.02670692788492078 -0.0045933009971794465 0.13175356347195347
0.027765674158020087 -0.007071011625515733 0.13212858759228363
0.035660014889014484 -0.01452429376980803 0.1347884381734781
0.02248818113466044 6.573168347098569E-8 0.13499948524722377
0.023049094814555048 -0.0011265452712655238 0.1348713090688223
0.023856534389510835 -0.0028819391786682426 0.1348243280069287
0.025059063764126026 -0.00492164487371959 0.13448518794061762
0.022281569573975618 -0.0012681895969213534 0.13825717750349345
0.023132073957631814 -0.003059375908354657 0.13791673629875784
0.024282753067789337 -0.005067449041833423 0.13731486665366682
0.023737806171284286 9.637099667727105E-8 0.14289445809608836
0.023754485589410644 -0.0014614146792365176 0.14219835920429863
0.02423564732331833 -0.0032770670019848136 0.141447035240466
0.02518577980118319 -0.005650547514731574 0.14035967425002668
0.025988370282586628 6.295815082831511E-8 0.14595160867623483
0.025936058837751602 -0.0015312072179834275 0.14499323255892302
0.026001314543100004 -0.0035156107242377992 0.1443523924294162
0.026818682549852757 -0.005874650657749556 0.14342052330462507
0.027741758807061184 5.105610054789823E-8 0.14833879274398504
0.027711950072639657 -0.001691704980334099 0.14751340401373858
0.028070081704284097 -0.0038365728652772183 0.14709785872376754
0.029094835944861317 -0.006414473665907398 0.14593394616415548
0.029367580539208203 3.524795572080293E-8 0.15043374341498789
0.030108526737085146 -0.0018287693875542615 0.14974562572735411
0.030585234983094216 -0.004019841184129587 0.14958493328302921
0.031817920486736505 -0.007172457372475126 0.1483917703851277
0.03393747758961238 -0.00953357879732465 0.14649734386904267
0.03173895452054361 2.081174038667368E-8 0.15287748237120338
0.03226823841178813 -0.0020549199445153606 0.1519461160734684
0.033065646848957804 -0.004345259205559284 0.15161289768059247
0.034732950994660755 -0.007848297482814022 0.15017669866142386
0.03714881168593285 -0.009998179101151626 0.14793127090351177
0.033859604553423434 8.483907855299511E-9 0.1548626574119289
0.034360319064431995 -0.00219832775549788 0.15404298913693953
0.03540131384531549 -0.004634608018177111 0.15367728441198983
0.037161886238897136 -0.008093121204335741 0.15233491883933048
0.03980965355730373 -0.00982716989913207 0.1498637934626574
0.04960403832434781 -0.013036078524811383 0.1474935236218407
0.03646444650958929 1.183251751508914E-9 0.1570647312782852
0.03666999483018494 -0.0026747393464078926 0.15662677414337167
0.03747969965599557 -0.005041633684905155 0.15599722766300755
0.03943609639725419 -0.008357943047255 0.15459444897941693
0.042303607262674285 -0.009923353662505246 0.15235605528014107
0.03902323365449889 -2.322482882630876E-9 0.15906770281951094
0.03910716723753203 -0.0026906247265616645 0.15867335324779755
0.039978037328308104 -0.005255048006240673 0.1580453810164273
0.04132805907921431 -0.008358664463972735 0.15644075026875537
0.04492362299888349 -0.009794556040313533 0.15500557621436656
0.04145408014647151 -3.550323994994206E-9 0.1608654679067685
0.041481955451801666 -0.0029726388377344175 0.1605638252921043
0.042450478765121626 -0.005592927913890572 0.16025150309536532
0.044434587323268306 -0.007648962041287551 0.15909662209464795
0.04384001719697573 -4.046558391691784E-9 0.16293395992758877
0.044097110162143544 -0.0032182705460335396 0.16275575996233538
0.04534726786277185 -0.005806315209001447 0.16236632702469972
0.0468855913303979 -0.007669326500590449 0.16119034916713473
0.04629128070408535 -4.419844562268251E-9 0.1651654220748585
0.046787795569639565 -0.003471498485867211 0.1653273587251408
0.04740513704414576 -0.005812581743889865 0.16467805327027868
0.048201211806723626 -0.007617155860911348 0.1639370972777669
0.04833819606283114 -4.079540385209723E-9 0.16742425969666755
0.04846897268159612 -0.0035172828672902327 0.1677491911666837
0.04882108743293089 -0.005942888072064384 0.16728368925288564
0.04993453442281111 -0.008687196404069295 0.1666537904430367
0.058821388133835265 -0.011524679460280324 0.16572179851625968
0.049907603782791146 -4.086575380911115E-9 0.16968774712630322
0.0499751292073603 -0.003940105595494757 0.16984336046947218
0.0506128793701968 -0.00621058513968595 0.1696742221300145
0.055599607592587016 -0.021744163039102947 0.17683421697925755
0.056828167567186755 -0.026843956764064116 0.176516306104153
0.05861638856325113 -0.032562499447537065 0.17566535174262696
0.06053488591636024 -0.03784702552044127 0.1749445680228066
0.06272829038382291 -0.041672809285383694 0.17347405575124816
0.056075170259965466 -0.026723660824719664 0.1783945001421347
0.058239902161164044 -0.032954301939492565 0.1769906799499812
0.07258482220719549 -0.05165647951759165 0.16887940839293403
0.053763066729152646 -0.023363136916487788 0.1358657223476393
0.05551374701707096 -0.027823116633803276 0.1305838847371086
0.05776087355025553 -0.033970924942003 0.12987072720911136
0.06074768221488701 -0.03925966393693342 0.13073759304393404
0.0641704169430676 -0.044501382221459114 0.13226903079382574
0.05947124004631247 -0.018873126277599354 0.15336394363304562
0.060471845362943366 -0.029711677806616453 0.1449069028584144
0.06141175930693458 -0.032905155801681685 0.14395035129968153
0.062125725754209764 -0.03694508326063461 0.14393534965791238
0.06373075195073875 -0.04052106516759129 0.14464219532440367
0.06633025685538135 -0.04351224739786057 0.146409194668565
0.06944988069118233 -0.046258001487267664 0.1497050987114127
0.0727607074728891 -0.04818017538068216 0.1550040848991872
0.07354818299135543 -0.04882771875928811 0.16409234853080032
0.07110363199864113 -0.047480952720885115 0.16578456327675614
0.0685189061796946 -0.04488871095382345 0.16638232377942083
0.06549823979161898 -0.04155524450634031 0.16690019760843455
0.06343402490154473 -0.03827290235310156 0.16791433654565208
0.06276022069451309 -0.03497059688135 0.169121043806857
0.061986856835813835 -0.03121240289805327 0.17003789302157432
0.06158911917183559 -0.026791627478791383 0.17073592439355126
0.06209787199777929 -0.022546669604697242 0.170930261800416
0.06248933963830203 -0.019444834610652457 0.16939503172210635
0.06267971911096874 -0.017209638073226625 0.16775074848837007
0.06341666606858377 -0.015644724502416427 0.1664786564379712
0.06312188066970359 -0.014318862384386318 0.16500503049004978
0.059416284233785255 -0.016116949691403155 0.15572471553873823
0.05772690347101003 -0.01634696396955114 0.15201236546140576
0.05839077509048646 -0.029256290406033 0.14201855478923817
0.059835407032686604 -0.03361236902015373 0.14072088596496196
0.060897359748348145 -0.03822998772095029 0.1412594144075035
0.06298127678394164 -0.042025676695278597 0.14255683439294511
0.06593335522858519 -0.044850667236541054 0.14471874411680932
0.06912994743179647 -0.047503876492934555 0.14708377367704495
0.07346221645417546 -0.04983911742264814 0.15202359670462634
0.07524904121238461 -0.051714247851416435 0.15793245125024835
0.07636565566811714 -0.0521979288776296 0.162092899450978
0.07489636619805708 -0.05131145188987865 0.16484684954937603
0.06548105181917521 -0.042734254906802806 0.16899247177940815
0.06312737538277188 -0.03955323291995896 0.1702007501450515
0.061826280671654014 -0.03623883133128227 0.1710773286356152
0.06084073918643216 -0.03199954606542258 0.17195359820952477
0.059717278303142066 -0.027117224912417734 0.1727009341191268
0.05974511139480917 -0.022442552622878757 0.1730523989807889
0.05995001472015935 -0.01862898047984356 0.17176461391233802
0.05982122840078705 -0.01573739580311756 0.16963853250476427
0.060097047910235527 -0.013625249256771672 0.16794953169244972
0.06539236003747471 -0.04411716311897909 0.17107864542485104
0.06280416261932166 -0.04074677084034702 0.17233516274446808
0.06102942439589308 -0.03699653612394605 0.1733081550017987
0.05948835259631312 -0.03227284702428006 0.17402496754632746
0.05793371269680313 -0.026981483466856707 0.17458225999127686
0.057388429366604814 -0.021914733037039853 0.17492219976309797
0.0576066504485166 -0.017869150941932997 0.17370204985643983
0.057396099723839376 -0.014416704266452909 0.17181666603917448
0.06247754285132345 -0.013294816877040743 0.16317715937348412
0.058071491170765786 -0.013168852244008896 0.15867066239488012
0.05726912877146174 -0.028514476429635036 0.13949458931673964
0.05924220656823508 -0.03375998703560273 0.1385935510244322
0.0607154674980889 -0.03875568502702027 0.13939812951456235
0.06299262032003075 -0.04268141784171337 0.14084992760300866
0.06578508348826018 -0.04587539897281154 0.1428286085018907
0.06949325568474045 -0.04911075813691637 0.14516493389303406
0.057555811026812946 -0.01946029065431175 0.08301798697929405
0.056273131864662845 -0.01464255585767174 0.0798099588240574
0.0559808274777355 -0.012245571094887046 0.07899848901026335
0.05522725035488306 -0.009547110520970598 0.07835785258356252
0.054447529931541845 -0.006615379384733237 0.07808877135724451
0.053215001980631775 -0.0018528342657800534 0.07788452362519739
0.04614267826321142 -0.019372564350900234 0.10178539395418866
0.042616784404483035 -0.014264777385720054 0.10398420833005055
0.04117375076068198 -0.011539926278205248 0.10486992763199278
0.039596849247290566 -0.006042580574627714 0.10486561425580919
0.03897831204885028 -0.003512322876111314 0.10397195103115998
0.03882201216213121 -5.214963876628859E-5 0.10365723376710076
0.0503490096146061 -0.009355308412868859 0.08514720866469909
0.04977687065245778 -0.007795656875712894 0.08439678725079063
0.05993483466448978 -0.03205299200114324 0.08892738325548817
0.06965036791094795 -0.032580575626668974 0.07644700900115695
0.06949346832794515 -0.027729116368819348 0.06554673953583895
0.07092271170105933 -0.027660591684410245 0.059710926824029
0.06668030784515573 -0.025279836953444865 0.06143098359588386
0.06181746615164313 -0.014760668278974902 0.08975075257701462
0.05948942534853301 -0.011926926607250716 0.0877794910224595
0.05856924794179487 -0.009769142085194107 0.08686716236280305
0.0576029830471557 -0.008134268314509143 0.08555891042342718
0.05640414758326204 -0.005969359630052275 0.08499795021830835
0.05520154531650928 -0.002424212543994778 0.08433229728545458
0.0601124784 -0.0204973616 0.18366012
0.0699004461 -0.013754692 0.155665861
0.0692231915 -0.0239351656 0.150294734
0.0693713217 -0.027311059 0.14938706
0.0699687565 -0.0318175154 0.148447402
0.0720996049 -0.0369436066 0.14898256
0.0762214057 -0.0420916954 0.154262108
0.0777561005 -0.0451539438 0.159324527
0.0784376743 -0.0463253906 0.163127525
0.0756409591 -0.0470248931 0.165337675
0.0745446996 -0.0475149657 0.169873759
0.0725314006 -0.0462747515 0.173319002
0.0700250535 -0.041795951 0.174735622
0.067799159 -0.0375319572 0.176148132
0.0666542193 -0.0340524066 0.178795146
0.0664109853 -0.0296338209 0.179458601
0.0678526124 -0.0244443514 0.180283102
0.06892701 -0.020005988 0.17887117
0.0697497609 -0.0163024835 0.175945084
0.0698209492 -0.0134772489 0.172530793
0.0685052869 -0.0119789938 0.169434036
0.0672337894 -0.0131641454 0.157614698
0.0675649087 -0.010701638 0.162747423
0.05464465265602328 -0.02868305928294227 0.1266996156657599
0.03868956318008503 -0.016577627852557092 0.13158946390326504
0.053695678654251955 -0.009548443054917925 0.16581403588810328
0.054597030869572814 -0.021854872660092364 0.1789709813695383
0.06396498857841186 -0.019728370443023842 0.15359372723191797
0.06316237647645057 -0.029405178098475152 0.14955649864641785
0.06392178932969582 -0.0328299625076945 0.1488320177292352
0.0647737390348951 -0.036132453300369835 0.14859811071285475
0.06634590856266856 -0.03941975866441239 0.14909453224243768
0.0695576960106035 -0.04266601079208499 0.1511784849613284
0.07154943929026408 -0.04502426806473681 0.15513973593436495
0.07178579576275061 -0.04612171464360094 0.15936126794711067
0.07157311515884854 -0.046286515095309386 0.16186783525556325
0.06996186302638385 -0.04523350997996522 0.16334254834660566
0.06805459407888784 -0.04296816223314381 0.16378488742527034
0.06584156150883587 -0.03983511831000824 0.16405848480690202
0.06407639310360702 -0.03649078963686968 0.16492330283465798
0.06264633739030039 -0.03339867332770772 0.1660787201300191
0.06195796810006597 -0.029526000076888523 0.16720399064710317
0.06320630737168656 -0.026670894360832323 0.16732618602942026
0.06423741024757337 -0.023217473327873862 0.1672175058575653
0.06442546229561699 -0.020427246193693117 0.1665665244402493
0.06455715091852002 -0.018322578075537162 0.16555215871447404
0.0646264463753967 -0.016947794626107085 0.16453307950363058
0.06438216296922354 -0.0161570408091244 0.1634244667413906
0.060630123819392395 -0.0180780998276405 0.1547772134342624
0.06446645876034832 -0.01586651411041811 0.16151510571742184
0.06344458048150635 -0.016040638907613505 0.1601330756965177
0.0549979029267145 -0.017382782218585822 0.08659753189634574
0.0536698180215899 -0.012643933712963695 0.08339558355151167
0.05323600438581276 -0.010470470379445687 0.08264907716180137
0.052505734959638915 -0.008234281236997149 0.08191978402884369
0.05166578284095839 -0.005782283748362419 0.08147899974395396
0.05099957016166087 -0.001775571500038206 0.08163145474318825
0.0694763547 -0.0114192056 0.158681085
0.041884812180863415 -0.016163778317384886 0.12718009038247405
0.06452017403638383 -0.017786620306715073 0.15621551635002062
0.03484980475180847 -1.2146971010169628E-5 0.0980049723099469
0.03496651848405119 -0.0013402553459277344 0.0980530366375366
0.03554491288073583 -0.0031275293505626913 0.09832464262585308
0.036080646251125385 -0.004669677064298505 0.09846326837462677
0.03701544003826319 -0.006867318197556346 0.0988646617912016
0.038046193824670296 -0.008897826117907116 0.0988926285789048
0.03912446233092598 -0.01073665681913602 0.09850381933242856
0.04087000152992077 -0.012653898696455938 0.09752128547677555
0.043423697673985066 -0.01472894167971294 0.09642943977728671
0.0464610752360182 -0.018088156053944218 0.09570224057908153
0.04976985092197689 -0.01940893117199933 0.09545315212834385
0.05195562280816983 -0.019359174099267577 0.09498118857585285
0.050611696879561976 -0.01807760223936808 0.0939467050743304
0.047941478034623126 -0.015553768608710014 0.09257430431544106
0.045465501269267454 -0.01350707677240889 0.09026760654988875
0.04386567733962368 -0.011444009729647323 0.08858654216510713
0.04251550765538551 -0.009293534916098394 0.08745276310994692
0.04127930566123051 -0.0077411344525978275 0.08704902709434523
0.040636570608050857 -0.006087298219259389 0.08723181154335506
0.039730989924228834 -0.004114650994161905 0.08834878084039911
0.039346709535071245 -0.0020374501573675007 0.08848202964726065
0.03903606234554888 -8.597122782134526E-6 0.08854207779909166
0.03591874220833782 -1.2408175752142591E-5 0.09675163524488564
0.03626334676582599 -0.0013834402221772645 0.09685138959931779
0.03665310294692416 -0.0025796180597720863 0.09701609284989945
0.037299121233172125 -0.0043302382138845396 0.09722008772229557
0.037804837987315855 -0.006236459640853644 0.09718540649058012
0.03887772414797932 -0.008148852966360571 0.09697300020478632
0.04000252227007129 -0.009911308319177518 0.09681713128718929
0.041786563048158136 -0.011848500705733898 0.096081806683221
0.04391625188011751 -0.013952015243893284 0.09585175920950838
0.04702716335902009 -0.01743437065099829 0.09537381503213756
0.05023986915304223 -0.019134909259903216 0.09537416941766821
0.05229868971702247 -0.01943961122788319 0.09585467815582505
0.05060960769228069 -0.01857199093102867 0.09551978922289166
0.047776362008455184 -0.015402058293862654 0.09458142051694915
0.04551477363743221 -0.013142809457077603 0.09297911952152726
0.04347625027650057 -0.01138276707485621 0.09157479660195635
0.04168867748905564 -0.009510116604890933 0.09085565214342711
0.0405788084125594 -0.007750271231508906 0.09044164279605987
0.03995154463396071 -0.005952747826643508 0.09040937374638171
0.03967108283106429 -0.004074545258863301 0.09079079389862355
0.03974758745580234 -0.0020780867394017493 0.09120045917034741
0.039785028085510155 -1.2750215558665357E-5 0.09129473406457717
0.037130952045886054 -1.605724576070603E-5 0.0962818278870367
0.03776720761396589 -0.0013560198431590686 0.09629516564602529
0.038137885896736674 -0.0025389109466950077 0.09637592357950225
0.03851085506401396 -0.004062289568382779 0.09647506309274577
0.039156485388540344 -0.005974173732461091 0.09629114688569385
0.039918556188489274 -0.007305410320583802 0.09618349587219605
0.04125440521425661 -0.009274156045287115 0.09576549373285705
0.042851670371006054 -0.011210569549595362 0.09556964948846278
0.044735288718843996 -0.013282353662852409 0.0956576908991274
0.047913410409908035 -0.016518553551522087 0.09549516596522807
0.05093278872422998 -0.019107448605295792 0.09549924982512466
0.05152489284263481 -0.018512380995169914 0.0964152326281757
0.04861469988483482 -0.015511825392724022 0.09638051260573771
0.04621999173464455 -0.013060122532216157 0.09571794870077337
0.044386165471509885 -0.011415299291915265 0.09408408924539086
0.04278900310164687 -0.00953443045781658 0.09312461190824574
0.04162629218860306 -0.00783973940157023 0.09272153608995473
0.040903755524084644 -0.006059301545154698 0.09247053223493133
0.040314108602819206 -0.004153352667339709 0.09238396615423723
0.04030089809351016 -0.0020964753548474015 0.09267727901925586
0.040746851424343256 -1.3957057996020938E-5 0.09284249254588532
0.042936663002783586 -0.008111634795361632 0.08403468432425719
0.043965782340115216 -0.009939885422880664 0.08460212506825067
0.060474094308364604 -0.03011690327905146 0.08491077358167563
0.05886686575267174 -0.023233856552773508 0.07786709339064973
0.05565263651524099 -0.01813732851662837 0.07427948909313463
0.05459611787451609 -0.015398083767944626 0.07375551799431887
0.05369855931935884 -0.012195020907561771 0.0735830855699113
0.052156758550429644 -0.0085422075126353 0.0732146488903759
0.050908965471404694 -0.0026184331802511316 0.07273192347483484
0.04492456076154781 -0.020770530756378802 0.10462570084421688
0.0410370359858399 -0.015314100097965024 0.10743351139997824
0.03996069390541165 -0.012605074747061669 0.1087145991250273
0.03781591285031515 -0.006031384862373775 0.11084809980532316
0.03781989449077372 -0.003289053920014408 0.11027413415897085
0.03793608940031512 -5.9526378555682256E-5 0.10960114012553988
0.08381283861818982 -0.06097573852859579 0.12166788594528125
0.09218752412057071 -0.06528269985105233 0.11756227531440647
0.10929510188142043 -0.07379727943860462 0.10957452032370192
0.11970695578355056 -0.0723623009373404 0.1061053484170268
0.12673460382591573 -0.07204223839724189 0.10302976527142912
0.13314873455779846 -0.07109028281403218 0.0997219381342061
0.08656105146226824 -0.06358531761178643 0.13085205248321183
0.09560813472070279 -0.06657362150750229 0.1280452906865566
0.11296074879241536 -0.07478805725959123 0.12143955690229367
0.12225305789452322 -0.07486432224935469 0.11844531693895252
0.12914197655156262 -0.07316920755532601 0.11648340043095266
0.1367423539718665 -0.07240453912760218 0.11415945564092704
0.08925838949169697 -0.06490995331925956 0.13968101773966704
0.09864633240940825 -0.06852097871468499 0.13748030076207488
0.11594331182149144 -0.07511740117930274 0.1322832601183347
0.12443389283512163 -0.07588801030363307 0.12958060632829882
0.1317386666298926 -0.07560742876534572 0.12736484106997165
0.13926862774722285 -0.07294016061231233 0.1264243447577218
0.05208505466201028 -0.020744356007129164 0.18074287954756657
0.053987457339529865 -0.027330412669451975 0.18054423650069973
0.056599096098833256 -0.034053030422453036 0.17873813551403067
0.07249041666852658 -0.05413001763007354 0.17023503228462156
0.0481909759027594 -0.004605856730634192 0.18179960682583554
0.048433079785681246 -0.010896454611344279 0.18245720465635748
0.049481184368582974 -0.016367341848610245 0.18294154381077868
0.056671682349615046 -0.034452099604236786 0.1807738961176281
0.060227136874046565 -0.04168075896370995 0.1792513239364914
0.06775214352304426 -0.05111659334436548 0.17916215187680573
0.07577415080842612 -0.05650724433116414 0.17609634080826908
0.08434516078762054 -0.05988379382612525 0.1746953941654681
0.049083208187862465 -0.004395212545364282 0.18808187630630283
0.04927422295092262 -0.011851093947576857 0.18881264756780677
0.05061614730427715 -0.018462664351756603 0.1887647086576071
0.06143274272052245 -0.042180932178234376 0.18479341519744896
0.06865354750588062 -0.05095811872636073 0.1850192869669446
0.07761800992665692 -0.055217850693209725 0.1840061666663942
0.0857254706185622 -0.059138587605639455 0.18254036227331014
0.09422971249543402 -0.0639203565485478 0.1817342958989825
0.11075899085442414 -0.07173011451209278 0.1797460426004241
0.12767463226706802 -0.07501255655908141 0.17868975566388134
0.13506085390034553 -0.07773181758133894 0.1776980814062183
0.1431000877516144 -0.07906980002919108 0.17728090548155337
0.1502966397974115 -0.07955393867402794 0.17675490705717534
0.051926523 -0.004079976 0.197691758
0.0522793558 -0.012134156 0.19799392
0.0540634628 -0.020930676 0.197157282
0.0641022574 -0.041418844 0.194087519
0.070459564 -0.0495312842 0.194457703
0.0785189916 -0.0547149066 0.194561987
0.0873490641 -0.058282966 0.19408877
0.0953129297 -0.0630214032 0.1940467
0.112344988 -0.0714871608 0.193506073
0.13058766 -0.0766836433 0.193615266
0.138107232 -0.0788268369 0.194282679
0.14628789 -0.0792012942 0.195062391
0.152776474 -0.0811174429 0.195681735
0.07410320219324909 -0.047989758414024725 0.10189048912589987
0.08484679687791703 -0.05360734256839909 0.09749705647683567
0.08271749506062438 -0.043039234221068395 0.06926733147256671
0.09082524508669336 -0.0027075713245424244 0.034374521773144186
0.09290560129997578 -0.011616285155093 0.03507403699084085
0.04851792332905955 -0.002801117270726454 0.06491001209753175
0.05059075761332814 -0.009906171090153862 0.06551821493337297
0.05317283968558367 -0.014427849283620078 0.06582062607817317
0.055936307056431 -0.017520453255333114 0.0663729924001308
0.05735837137936272 -0.019589517977917557 0.07083221576601854
0.05545709351053907 -0.01655084497537185 0.07025773993373696
0.0536718255829197 -0.013577738633893064 0.06985199729050366
0.051588618986386406 -0.009305665550861344 0.06931573606475823
0.04910960160116681 -0.0025384246732895427 0.06773374161892114
0.04859748300356342 -0.002902435487585871 0.06256762952979819
0.05042078795387051 -0.010376089510921746 0.0625077487259953
0.0532472272536452 -0.01453330863761553 0.06256913687103793
0.04997854239018882 -0.0031127164438368563 0.05948156588744521
0.0515594030485508 -0.010485275132579543 0.05915017910374916
0.05243247824596301 -0.003252231521285107 0.05473787543480824
0.05465557875447372 -0.010408953071077342 0.054355883488746246
0.0878070806265189 -0.0029325239971636254 0.034996940973642386
0.0889950961368645 -0.011725659252166178 0.03516965811509248
0.07972592395964082 -0.03133124843674599 0.05417993939433069
0.07494761478053166 -0.0243758012730452 0.05048024832948361
0.0698316818857714 -0.01807455515711391 0.048902365346515625
0.06596576576285795 -0.013079255534889582 0.048779324631148174
0.06424874905601591 -0.009834853696170048 0.04822027078606899
0.06154076866530307 -0.0029373407210487494 0.04773508259462213
0.09786916705535237 -0.037311361940924645 0.04899252547872495
0.08094177197260558 -0.015287853730520872 0.03971355453687204
0.07905681905018047 -0.010363044359774354 0.03949165840566424
0.07702658467082177 -0.0027161056378983577 0.038792061625206646
0.1019394770988737 -0.038668513102116275 0.04635067147216279
0.050092686416288716 -0.027000020284735603 0.11469823153064788
0.04714334531150161 -0.023443284754315667 0.10859607410988709
0.03824593281618385 -1.602626280513411E-5 0.11452841131647472
0.03754517390503967 -0.0033162318256831844 0.11445989082100608
0.03789635769727141 -2.5758069113000204E-5 0.11775378661310085
0.03768594514903273 -0.0017807937145905607 0.11784956231448929
0.03572338242950584 -2.941411436896319E-6 0.12138132628088937
0.03589380748256573 -0.0012791047670361955 0.12143103100447099
0.03601572394596385 -0.003049110398602714 0.1218137571952833
0.026372058809787036 -3.9853161428631073E-7 0.12692976520151028
0.02653369094623368 -0.0013613558518212132 0.12717021638599416
0.026873670248966353 -0.002902204982493745 0.12745573236975213
0.027126177027602085 -0.004519709237524191 0.12800148215658202
0.028246066371101827 -0.007079947371662072 0.12896241223993213
0.03587407814458198 -0.013920692492712744 0.13209995618233975
0.03865020346115754 -0.015229551793593244 0.13005065979894453
0.04082615556803971 -0.018391392083723878 0.127622223509496
0.023406076461973974 -1.1761817282492964E-7 0.12996622564846
0.023457793167818406 -0.0014044455373331854 0.12991819027387197
0.023578451554210237 -0.0032349416327045084 0.1299561376837794
0.02380268231153653 -0.005649340452143144 0.12987706485460532
0.024920228459650605 -0.008276967079809766 0.13011421954814253
0.0340632488032365 -0.015259839582336475 0.1334126915444847
0.02131743156387878 3.640340862057803E-8 0.1342392459019519
0.021331718077384525 -0.001451770667311732 0.13424050008627356
0.02146499311840033 -0.00337865078060395 0.13416407664755095
0.021808723103590957 -0.005783148082383903 0.1339161210873992
0.020493832177079556 7.421048703103396E-8 0.13818174567083294
0.020535474748884945 -0.0016053544224312345 0.13840797986372583
0.020692359929673578 -0.003554850297570351 0.13823838956299017
0.021400191431936832 -0.0060268137831115025 0.13756179701230184
0.02213345077011545 1.1594969744266939E-7 0.14258870537623192
0.02235451306514474 -0.001674741505894978 0.14265357626943406
0.021995044700053493 -0.003819749940079598 0.14214075065202783
0.022376789744194884 -0.0063778981865175 0.14120363566079255
0.024645493897082225 7.843920286011656E-8 0.1456881392480314
0.02472656718684325 -0.0017440739943925753 0.14565890303137866
0.024576735544824514 -0.004112792318614802 0.1449746258518732
0.024663847092669323 -0.006672790425320159 0.14415944568423655
0.026767914096106942 6.159038072163444E-8 0.14853840257828338
0.026302795420714255 -0.0018262796157672413 0.14808835720864846
0.02655817891293802 -0.00438254138533026 0.1475775214974859
0.027697778143946427 -0.006882014722612126 0.14649285616649435
0.02814537403528535 4.604751208227159E-8 0.15050683215353475
0.028916005417213602 -0.0019757041087275344 0.15046142175950697
0.02936655547956942 -0.004598424445812685 0.15018908376414258
0.030603340854857466 -0.007555562012351733 0.14884589964452913
0.03315068271107883 -0.010226370972461964 0.1468038072990595
0.030411107171935584 2.8363439332930054E-8 0.15278884121187286
0.031152993536113345 -0.002232484113441123 0.15266291691640058
0.03177129637627471 -0.0049874043171785325 0.15218583115383263
0.03328514277676181 -0.008018794730701917 0.15051303319756576
0.03621636950817362 -0.01059446173399985 0.1480510007485289
0.032665131590662935 1.4406630608889087E-8 0.15490913234522544
0.033149315370074726 -0.002517842107304285 0.15475436778346463
0.03405044737233178 -0.005197556471234913 0.15397412536173855
0.03576607088134356 -0.008421434012773099 0.15230912873131508
0.03875919234915624 -0.010682414597597457 0.1499879432087662
0.04637875204937427 -0.01482678665197232 0.14563775523896424
0.03476115353534119 7.302564000208272E-9 0.1571233293801802
0.035265970722435154 -0.0029412571187588292 0.15714624179333364
0.03594450205262941 -0.005705394492391988 0.15615572177055032
0.03807460267517214 -0.008807830516316631 0.15433721852903834
0.041190905096820475 -0.010636218792332787 0.1523545097225327
0.0365354149858195 4.074243046559085E-9 0.15909771168749387
0.03739437591345046 -0.0033211860865417775 0.15928429877382197
0.038056171327012445 -0.0059969494694375874 0.1582611112820215
0.04048149567227877 -0.008815367501129724 0.15643837328301913
0.04390127986158501 -0.010439991793623107 0.1550019840287299
0.03842720398043239 2.1647419256905758E-9 0.16080455814350766
0.03954011070556452 -0.003672914330824631 0.16122546192475687
0.04029619766263587 -0.006322377587894511 0.16061721052867858
0.04284085496148807 -0.00879125321332425 0.15926050416925805
0.04059080669930523 7.491212003689696E-10 0.16269742111624158
0.0414674198099425 -0.003619071536938784 0.16276492997204164
0.042332297989670566 -0.006295777567541858 0.16226511915490582
0.04441078391207157 -0.008185445018137298 0.16117181835889902
0.04299830932629276 -2.802283467792039E-10 0.16491407272507358
0.044278094086672735 -0.0036409935243335136 0.1650456599617416
0.04511866728551217 -0.0061007566496739316 0.1644278532059279
0.047179304296591534 -0.007852420211334109 0.16371616536915545
0.04529160555848062 -9.104771928315753E-10 0.16720891080102007
0.04649298820745939 -0.0036560785852145137 0.16751090354558468
0.04701807458919303 -0.006154846516815514 0.1670065260285403
0.04856380331778292 -0.008518373629553481 0.16621182503173695
0.057430197644848704 -0.011551270908977201 0.16562525953140536
0.0477297984249718 -9.920052884626723E-10 0.16970643169263025
0.04858440394222559 -0.004159359340041253 0.1698945918647568
0.04924710738932856 -0.006709548001133289 0.16975412596422945
0.05456888579174022 -0.022418853675702444 0.17693778300024163
0.055855398594654534 -0.0277215280738337 0.1765112340422515
0.05759614359080547 -0.033576173153254056 0.1756363412305899
0.05948565190308141 -0.0389230277420427 0.17477902050889435
0.06179083050726276 -0.043508683991719935 0.17389894492147098
0.05500797777660991 -0.027584850780508215 0.1784107287788048
0.057194523099337355 -0.03396986963271266 0.17700957334037384
0.07151653935299399 -0.0530508477375563 0.16866593036904703
0.053423799233908095 -0.023676586866644114 0.13597907877665896
0.05509655141399675 -0.028250429121960803 0.13043899642862156
0.0571188543072735 -0.03448199660119621 0.12931256629656357
0.059938482040167974 -0.040018762703077235 0.12979084143567338
0.06365482218857468 -0.04575689240438586 0.13140517016780193
0.058645041306500965 -0.019293390103938133 0.152781604081086
0.05978076531261404 -0.030180335757663615 0.14441202089255076
0.0607584528296586 -0.033593995549822564 0.14348897131575383
0.06146499806744506 -0.03767975746396458 0.14358797902441614
0.06311993812324465 -0.04138360005399181 0.14440970346432794
0.0659913877398075 -0.04442963942653538 0.14642646069834844
0.06891091171518335 -0.04675645338228782 0.14995995296940073
0.0718607866288524 -0.04890012438425671 0.15503628845205028
0.07281387016311523 -0.050091690870818946 0.16407222367322755
0.07018188522496381 -0.04883809352930324 0.1656664358752123
0.06768953815801804 -0.046166644627803594 0.1662592844937435
0.06471376634268369 -0.04266064745525875 0.16684253603096663
0.06278894366131803 -0.03923507606336353 0.16794032973853582
0.06194899269737285 -0.03603439868082799 0.1690619356996082
0.06122981460345341 -0.03222587998853404 0.17000856292679728
0.06078212469151169 -0.02770235119180977 0.17071993649260753
0.06120880258663475 -0.0232824044835495 0.17099822289096842
0.061641092970505955 -0.019990718824457455 0.16956246024809826
0.061729713918908094 -0.0176842686898625 0.16784682208446172
0.06266033341987395 -0.016198866388711684 0.16653263916261238
0.06217785162960564 -0.014858654204619728 0.1650957323649501
0.05766210620591681 -0.01617468726913785 0.15454637142250774
0.05662690608642179 -0.016830932819707795 0.15115334494216304
0.05775285062893886 -0.029753381293509337 0.1414065118073281
0.059052187576291895 -0.034226718649525034 0.14013030023221593
0.060730057982887935 -0.03838907247938712 0.14094972266769665
0.0626884988723239 -0.0423252475354468 0.1423397401932688
0.06537140392861249 -0.04574258697531643 0.14446770296910375
0.06844403349105081 -0.04812673667606387 0.14731260970551507
0.07215685645107439 -0.05030316678823971 0.1514738268508637
0.07446582061458336 -0.052290475664245085 0.15771033529768225
0.07536869849893972 -0.05286625823433455 0.16220671609823045
0.07430864191533004 -0.052405916995431304 0.16470610522144657
0.06468129271457816 -0.043847836379369794 0.16890950252458395
0.06251630890676198 -0.04046149738575016 0.1701083616435957
0.06099823148876567 -0.03729294839480868 0.17100407534204956
0.059956477583562665 -0.03306202674181832 0.1719154090958372
0.05889082388345673 -0.02803959301354936 0.17269458010502237
0.05887280035295474 -0.023175992923900858 0.17315291535939134
0.05943029243971032 -0.019195100807989578 0.1717970936687481
0.05894894256045441 -0.016119349173904254 0.16989034774122352
0.059029335869263004 -0.013825219014488532 0.16811735398002547
0.06424040763535191 -0.045450570362562295 0.17102864792490527
0.06177684994208684 -0.04205469614889425 0.17219856623173385
0.06001592492433306 -0.038085454562074246 0.17319713925333963
0.05850739092656631 -0.03330715219298909 0.17396456783809186
0.0570564780140484 -0.02788462715619328 0.1745666042297071
0.056367793010464524 -0.022658616448632273 0.17495093226972114
0.05669105665189128 -0.018389107539646964 0.17399268116907807
0.05646320612534746 -0.014866393633689677 0.17217428851227237
0.06117009236451054 -0.013667701547558937 0.16294627319243138
0.05652292636201735 -0.01323468005372283 0.15813225660240046
0.05670227331154397 -0.02892040118837453 0.13900343272184018
0.058512123729061394 -0.034373425096089594 0.13799664141929688
0.06049975497163274 -0.03900537414217976 0.1390025873476504
0.0625888561188532 -0.04317508340535419 0.14051883485650454
0.06522778432219764 -0.046812278631932575 0.14249480362840533
0.06869417223132913 -0.050072786729142824 0.14501946909604008
0.05612533895668932 -0.02008826305773384 0.08131898355231752
0.052546394259677526 -0.015413714246726225 0.07766992594737851
0.051849517735935796 -0.013198351427609764 0.07697739518308001
0.051932958114495054 -0.010647136812425292 0.07683895479726331
0.05086434449383468 -0.007963249380312004 0.07634307996640105
0.05061847942103057 -0.0028320259668348693 0.07620492981244437
0.04438446288027206 -0.0191967630198938 0.1018401732575937
0.040426173933592685 -0.014319375191303448 0.10459333236854497
0.03922753624535937 -0.011643042850400635 0.10598090810253069
0.03724133031667996 -0.007028480353686441 0.1071294821725136
0.03622616733420697 -0.004249450535591295 0.10489526616202051
0.03615110121692204 -3.838574344872406E-5 0.10495414324542662
0.04664058988200051 -0.010287017176313164 0.08272958276471802
0.04542551775965032 -0.008513067807877153 0.08192866391480028
0.05888814401906392 -0.03298910576027903 0.08798689571807403
0.0681150358201537 -0.034095934779580346 0.07451383701849999
0.06723161453498812 -0.02902938939094477 0.06386626498769549
0.06923624800448921 -0.028948344054728497 0.058107249153764876
0.06484326328990843 -0.026344257980342588 0.0605380959595509
0.05420560603634144 -0.028926348583290306 0.1265305572552252
0.03770022785970952 -0.017474689577767807 0.13111248741238138
0.0519507690410325 -0.009865252412709297 0.16564900622212334
0.05348163501886255 -0.02252616195686537 0.1790961441604538
0.062257821274719585 -0.020675630071774278 0.15391765118972525
0.06315297088127768 -0.030040366569210802 0.14943693924089163
0.06360893256664726 -0.033531193620120366 0.14872490618348064
0.06431724777485213 -0.036964715733814775 0.14862928901893505
0.06604231249062228 -0.04029427702890004 0.14926911811374188
0.06927428004168554 -0.043597369146572786 0.15147584010298612
0.07092821023393196 -0.04579255902043817 0.155370975686645
0.07146592303021211 -0.047240032030129435 0.15956646100288
0.07122145349344794 -0.04735635046238623 0.16209221879464314
0.06926167422462133 -0.04647829200959142 0.1633326695409641
0.06727725338515438 -0.04422154453506122 0.16372813720482898
0.0651181570524263 -0.040978266396305044 0.16405244281868545
0.06328766373665067 -0.03760981074140949 0.16489192288378263
0.06200687376303676 -0.03439094915648912 0.1659894956493598
0.06130859864695795 -0.030274788380680772 0.1671845607521192
0.0624239800766973 -0.027556278444168095 0.16728291158713596
0.06325054241044756 -0.024044501309177443 0.1671689819849371
0.06378393260525311 -0.02105266199547239 0.16658298485956835
0.06398632564689712 -0.01893684197003387 0.1656076286681081
0.06408550288426947 -0.01759382381584709 0.16473005783357167
0.06382554877553309 -0.016799790750975138 0.1636763710241199
0.05935595045495079 -0.018609401026650898 0.1544065661899472
0.06377572530788174 -0.016661404875911792 0.16181195191100325
0.06222304949278469 -0.01647359400332906 0.15986027025606037
0.052274142910643875 -0.019074247345386215 0.08479739572601115
0.05003665080985344 -0.014010192880555335 0.08085860512744755
0.0492175338292061 -0.011703106975713367 0.07994112591432385
0.04857252884267429 -0.009619052542389836 0.07920999421380494
0.04847956018327063 -0.007059296165589286 0.07928656577599598
0.04716934737395028 -0.0022922890936233078 0.07956237728351573
0.04147109091872737 -0.016528833792495545 0.12664387719518766
0.0631331159533693 -0.01894663409458408 0.15670632372966592
0.098518558032394 -0.030760725664703722 0.04374194504876392
0.1011372705828626 -0.028398368780031213 0.04930101554099394
0.105709351 -0.0227247095 0.0641484429
0.1198371582693353 -0.053054756255661646 0.06401220873669143
0.11931187963079792 -0.05596650690125806 0.06285517140754929
0.09740252855456295 -0.02379271241959638 0.038852951553637174
0.10110266721371779 -0.030284311401298367 0.04218797703559604
0.11468968928698631 -0.050226281395983764 0.05623653353285463
0.10103691062633605 -0.021069742830671673 0.04381391496417682
0.10546744406963902 -0.028434828145218555 0.046949449707606235
0.1159155638784118 -0.047302567869266475 0.05786468649250468
0.10915940998263925 -0.03429884032769095 0.05042690805548339
0.10533249133761609 -0.03836404540669771 0.045186289290961676
0.109094856 -0.0177499979 0.0573265062
0.111284596 -0.0226131838 0.0599013136
0.1132167 -0.0271440924 0.0620525799
0.10412525426228306 -0.0027843548582050744 0.03155618475557523
0.10558135448380354 -0.010307746426653754 0.03227784060558408
0.10818829190871079 -0.014519420374721866 0.03222446294779763
0.10913582790383618 -0.02067799305026995 0.032111987396469484
0.1083666780233252 -0.029788822976925044 0.03385945316720745
0.11226026383130676 -0.037395846303710144 0.0373758882469504
0.12100264021923922 -0.05120286390497163 0.04666911752606236
0.1276030467584063 -0.05681649531674336 0.0543234836551559
0.10644859200241076 -0.0028708896786744553 0.033502859627227544
0.10719473285576378 -0.009687897687622368 0.03359853518153633
0.1094953685270447 -0.014497635920046876 0.034215860812506264
0.10940129163220827 -0.02069648909615444 0.03384558846696475
0.11070801921201741 -0.028851108801766803 0.03519964370072885
0.11474343824144208 -0.03626508937663757 0.03827443641071548
0.12332889287533888 -0.04937740457938599 0.04702315163563661
0.12875436187020173 -0.055711516970517 0.054073027476231716
0.112707803 -0.00345619488 0.0375315924
0.112731086 -0.0101689662 0.0380310287
0.114231206 -0.014356434 0.0385360905
0.11594587 -0.0192409865 0.0393644417
0.116974997 -0.0268172452 0.0413490399
0.119693886 -0.0334390198 0.0429918746
0.127291199 -0.04538714 0.0480401271
0.130691863 -0.0511600729 0.0548908598
0.08850360575402476 -0.002581541861693587 0.03754670224036769
0.0904062469680463 -0.010376205344320582 0.038693156486964454
0.08708099496267102 -0.014939561887649491 0.04005161323002276
0.10501665375015891 -0.0627886391598914 0.08445024352908297
0.10525056199108446 -0.060205782428322356 0.08507995201685951
0.09133893347370357 -0.02077746781820509 0.045235089022310326
0.0895521998029017 -0.023355521220660553 0.040754264018276434
0.08599030263430062 -0.016246733167036728 0.0368989520123227
0.08347764908644663 -0.0026260930237816814 0.038279661783695317
0.08339593458539081 -0.002702180535633637 0.03616235756219633
0.08548548272699755 -0.01008924450235435 0.039015004913637324
0.0841967808659818 -0.011065700066304288 0.03631413276840118
0.0949322350947293 -0.03245763061144024 0.055058961426798135
0.09275546885639027 -0.03568389673605876 0.05037383822302103
0.09087140652277335 -0.026397854057084915 0.051311913794555214
0.08812662501255243 -0.028977151202564444 0.044896232162755075
0.08652104482739607 -0.04537977176473303 0.06719139900053285
0.08933665645769868 -0.04300052283352049 0.06948041471616845
0.08350311738931078 -0.033312339247205336 0.05209138808163617
0.08799900712003705 -0.034502668485330935 0.050976306795779996
0.08561252699836684 -0.0304197537237218 0.05575673881551512
0.08977358643348363 -0.031537323085286145 0.05525860997456267
0.09093324219697066 -0.046807930712882445 0.06569888736895851
0.09519905328492514 -0.04821478459058958 0.06388965660057608
0.09320619076809393 -0.043944207545941714 0.06785285532125424
0.09702812593792057 -0.045105716142123824 0.06623885314187886
0.07930935685584216 -0.025718495892769932 0.04812830641430529
0.08348522220119778 -0.027640966247226454 0.04575651538806647
0.0815227827472627 -0.02342250261124974 0.05175179908167006
0.08598628763948335 -0.025158630704151502 0.05111051319985685
0.07470184537097707 -0.019070223743639796 0.046634933038017336
0.07937623362292442 -0.02076831867745235 0.04385374928596707
0.07649152866961206 -0.017589916612116188 0.04930534815494432
0.08138301609853905 -0.018753494575795202 0.0473667377477122
0.07049319242889336 -0.013362860738907629 0.04631330272867043
0.0754645171471577 -0.014137803273498662 0.04308254100591066
0.07250257383450887 -0.012768675172038816 0.047790707152594536
0.07703352866900506 -0.013363745567032098 0.04485718617957064
0.0687393072920814 -0.009830722427348693 0.045957307115760605
0.07351275747365638 -0.010097140551890895 0.042781909479798354
0.07072471794002741 -0.009243774228534951 0.04762655560609162
0.07510964200009834 -0.00950500802315978 0.044551645069433925
0.06704235508003248 -0.0027776696181514775 0.04561537486624222
0.07142213204296818 -0.002824409412810363 0.04263664660122394
0.06838130911244743 -0.002540760080181888 0.04726459022073656
0.07266717672428699 -0.0025112224586963518 0.044495414736117185
0.12454903630224923 -0.056065561219813494 0.0763856156001436
0.11957480423186587 -0.05838286342117379 0.07855204807473515
0.11258865996953778 -0.06028397621538229 0.08165192745807875
0.12416904784005185 -0.06313141852128017 0.07421213022953443
0.11914394631744583 -0.06273425198115377 0.07732563594269481
0.11257348036606103 -0.06328909484823989 0.0805961488905278
0.0861870312546394 -0.05931385693195892 0.14124029465319468
0.0822439392710297 -0.05942978603488072 0.13366338912795636
0.08437315677296484 -0.06267175317286924 0.14060140218859166
0.08111122505206174 -0.061874571552447084 0.13234426593121199
0.07925019736576559 -0.056454380073260355 0.12500273617781574
0.07823733351826677 -0.05851802876195322 0.12422137573515118
0.0915124998 -0.0530353094 0.145100049
0.090552442 -0.0513560447 0.13651442
0.088371441 -0.0446639562 0.129657007
0.07471978140161879 -0.053638560395624466 0.14716044640327397
0.07365128605059489 -0.05453876824989851 0.14694850179903352
0.07961022828279582 -0.057494071386206436 0.15151697176904988
0.0803395301864167 -0.056314925513791754 0.1518243549316827
0.07564660740512485 -0.05628328272486044 0.1453665528635704
0.07623743682654167 -0.05506295219779804 0.14561269706831265
0.08208164649701405 -0.05818392149370117 0.15934050960195761
0.08290289393529769 -0.05719256408218094 0.15933229823229356
0.07744041385382068 -0.05627271388375009 0.15306343719151316
0.0782780061410263 -0.05548960303119767 0.15324852256386232
0.09396637698395392 -0.05891465393939813 0.09147803125904218
0.09928348815865654 -0.06076387991462113 0.08836547185112956
0.09678096746085355 -0.06786932807842626 0.11519391738048723
0.10222240811230886 -0.07119183289340515 0.11249189562476929
0.10020993973554555 -0.06905452246381837 0.12617484096343712
0.10522825014909552 -0.07276000954854685 0.124150783920291
0.10323372717267924 -0.07070334564486143 0.136223558808498
0.10812271060637986 -0.07389987119131683 0.13469305106262672
0.09995882129464528 -0.058650502728288215 0.08857540545857447
0.09480045887227478 -0.05704010489632334 0.09185588465842304
0.10339416306924801 -0.06818820388347824 0.11322840723044302
0.09824859904301685 -0.06572127952125627 0.11557196338889737
0.1059403012922666 -0.07002235651699139 0.12511160932862458
0.10094082358394355 -0.06711118877829893 0.12698849883502197
0.10880132662477222 -0.07104842135614776 0.1354849505972067
0.1035660455131376 -0.06859176648613334 0.13697757241641717
0.11604268567652543 -0.07268243185561292 0.1794472832076097
0.12180315147794386 -0.07410294332749176 0.1790258540319222
0.11650708217071057 -0.07106625920451322 0.1803155254749573
0.12195562028698728 -0.07283428423898314 0.1798067551836753
0.09477270782721402 -0.06463857733090285 0.13931578624739774
0.09384642227990454 -0.06671425539502279 0.13866232893811137
0.09194306246362995 -0.06323940253639909 0.1300905985380287
0.09109167715864748 -0.06487118352363412 0.12951046601689586
0.08906425604825172 -0.061100676134399595 0.1202052999965905
0.08810149776335105 -0.06287686384075339 0.11965576046732068
0.08044075401964282 -0.04976337703383755 0.10021933390443329
0.08016780879155627 -0.05096276984451381 0.09976110634597286
0.0995737424640682 -0.06720630039160695 0.18079438038762247
0.10507212970086392 -0.07007539218093839 0.18013840125141456
0.100549515 -0.0661152164 0.193806999
0.106434941 -0.0687339325 0.193603114
0.117944037 -0.0731095366 0.193466301
0.124171245 -0.074578448 0.193308125
0.101319931 -0.0651860893 0.194173689
0.107107971 -0.0675507616 0.193902823
0.118330185 -0.0709492306 0.193944896
0.124408991 -0.0727700344 0.193885301
0.1004033658771429 -0.06459167046582454 0.18154531455441436
0.1057525073608842 -0.06721917612251495 0.18140476623382792
0.0904747050335905 -0.05899435449944098 0.18281851354059397
0.08968153629502465 -0.06157746782387246 0.1823980051566052
0.08230718918579231 -0.055279207852772225 0.1822087027132431
0.08071742479847915 -0.05576012861032245 0.17471522628172334
0.08184464158734517 -0.05699842487957132 0.18240390262194825
0.08012939055038978 -0.057259426217701366 0.17483274178956867
0.07832543543428488 -0.05541099238589403 0.16550914467628663
0.07743287009863876 -0.05641319111873939 0.1653065273911412
0.07233375014281475 -0.052507861576097284 0.17748442007028575
0.07087761335402651 -0.05175303583175437 0.17529514317896774
0.071651442233512 -0.053811721687223445 0.17762806545467277
0.06996493807024755 -0.05286230123134107 0.17490404644739124
0.0739054451142032 -0.051779130526481344 0.18409602601403394
0.07319088772212279 -0.05301689289022664 0.1843899624739649
0.06580100752462215 -0.0458249799893485 0.18455939179602707
0.06501598264481272 -0.04613050947684532 0.1804408068173866
0.06467790693243107 -0.047390633026668655 0.18492977817462425
0.06253154667968192 -0.048011442972407094 0.17914478096717448
0.06428685349825908 -0.0450127023987349 0.1779022737670724
0.06240601229228018 -0.04665399509065179 0.1769080131619407
0.055028596313082156 -0.03266651904892577 0.18673256105694278
0.056743398023526515 -0.031322457336638077 0.1863250175694077
0.0579074238 -0.0261303027 0.195433057
0.0567394266 -0.0269555816 0.195991766
0.0631089236 -0.0356515702 0.193717151
0.0618023248 -0.0368996185 0.194415476
0.0678369232 -0.0447339104 0.19365821
0.0668810604 -0.0459508885 0.194294179
0.0752830515 -0.0507657232 0.193762686
0.0746472989 -0.0519346249 0.194407402
0.0833377727 -0.0552134163 0.193714467
0.0829064075 -0.0565160704 0.194359518
0.0919173196 -0.0584684754 0.194614513
0.0912822442 -0.0598907437 0.194134543
0.04925228671429819 -0.02270768301143629 0.10016389998836285
0.05015505980930668 -0.020890119498862592 0.09822711240656921
0.048354468181303525 -0.023212430550205575 0.09966389668692499
0.049598617884413124 -0.020724152106449033 0.09710676587155377
0.05213523694275929 -0.020960714816973206 0.09571524114353748
0.0520442111916643 -0.021687473056677467 0.0965170532351673
0.05245278933689664 -0.019463967677691565 0.09409102050053746
0.05188670718977551 -0.018662190608081126 0.09084424253766367
0.05392182128867535 -0.01695759451479775 0.09080615344472859
0.054576068486895744 -0.018587165447655027 0.09408429040125903
0.056114523456060335 -0.0189467026882676 0.08827630873047732
0.054420066401433334 -0.020651520789973225 0.08766535389299179
0.057359500221438084 -0.020109806885288566 0.09007578288514774
0.05586242603952671 -0.01886304942820736 0.09312540731731596
0.055973919791743335 -0.021328079078251364 0.09052573968049545
0.05336833446019347 -0.01972268136406169 0.09329000104776844
0.04743649119649191 -0.021207370508473638 0.10086779956059218
0.04860781528194895 -0.018974907505768836 0.0985969369054544
0.04636075733464809 -0.02153120949025426 0.10036371753874322
0.046863536035828976 -0.01935465175496862 0.09735772057574342
0.050468565558914026 -0.02365110097829571 0.0998528817711055
0.05125662561790022 -0.02256770592851884 0.0976850907955008
0.04962731381866768 -0.02391662958310992 0.09930384713728507
0.05002664078846307 -0.022554138388407266 0.09702210415798425
0.05270205402257354 -0.019819777597020596 0.09668690131638506
0.053325073404450196 -0.018378704064815597 0.09765422261233851
0.05251739131060388 -0.020543993924051464 0.09557952325411144
0.052637181247733006 -0.0203017146899395 0.09566563140178122
0.05436896894159694 -0.020698690808493816 0.0958818357682991
0.05246240416545508 -0.021588565519890926 0.09587525393039037
0.0526705015503969 -0.021427102634052755 0.09675333929908143
0.05368786210695053 -0.02072998675180073 0.09683085260543507
0.05474839642210998 -0.020745494032298164 0.09518426413009384
0.05251227305981428 -0.021646991176564007 0.09536811017310903
0.05308517769455577 -0.021732280794295702 0.09482456220910772
0.055464441401030844 -0.02062420693714551 0.09472447871277438
0.04805022806577468 -0.014620247644131498 0.08684479824035983
0.05183658555044216 -0.012853513034768144 0.08728999405020552
0.056707698635737346 -0.011371651587040206 0.09022836229219455
0.06097056404627531 -0.01377681820974368 0.09234196836866793
0.05415583355938373 -0.0039817129472118845 0.08626123972960742
0.048865855322725596 -0.003971113280759051 0.08413449325164261
0.04436915579278816 -0.004331942609824638 0.0823442262015526
0.041078742895203996 -0.014560370746447452 0.10011647661089945
0.04396510424646193 -0.014523122385962626 0.09986990897008613
0.04786424343920359 -0.013867765007130538 0.10170774571306154
0.04444433628691862 -0.016405325098375688 0.10345763163539956
0.04193674948182428 -0.016605678995191123 0.10413629968761372
0.053361675500453155 -0.01275204305190415 0.10611902450938464
0.04329112221696775 -0.01806137923948829 0.10628633364604102
0.04438763773765341 -0.018058056194007365 0.10652359419370097
0.05429532836690638 -0.013811050431368994 0.10925097697928429
0.04258237962427489 -0.013466294411075656 0.10173305936561723
0.044161178802469045 -0.015470813922714167 0.10135186843339355
0.039846303866365625 -0.013479662181243034 0.10302172667989865
0.04130183033109259 -0.015630961066384653 0.10168614000500707
0.0470081832300371 -0.012480000272776936 0.10272585474713733
0.04819725017016585 -0.014315075775943141 0.10289257790422464
0.04643659978569023 -0.018388513341178702 0.10026552954870303
0.04400893470650515 -0.0179139221825925 0.10020858564971553
0.049846402801286493 -0.016373179520738048 0.10236511128632927
0.03724353281479933 -0.008727380374295816 0.1025281937616343
0.040113882757710516 -0.00818291113268789 0.1019447028822196
0.043885513455018246 -0.007677696791534754 0.10119357378923204
0.038378454317994054 -0.011075489904204391 0.10431711831333468
0.041066112314405 -0.010998811572647123 0.10296645557131383
0.045474217144976 -0.010198721544652461 0.10269600304968371
0.04514608547430057 -0.02007485159012608 0.11013028024971397
0.046408555564763476 -0.020278965415057464 0.11070324460689646
0.05642119979947686 -0.016166141891602568 0.11448977009849166
0.04036777441230317 -0.008782241290408544 0.10527254697556858
0.03791057845704099 -0.009448779361135438 0.10668431787268683
0.0496464269223655 -0.0073436936530935325 0.10461206008861268
0.044108733005484284 -0.007535752692230352 0.10236103088339762
0.040262743360964276 -0.008463382889784843 0.10363382780462853
0.04360223250738431 -0.004483494512677506 0.10206994548250811
0.03939073173517041 -0.00592960470281325 0.10342001173184492
0.037740986248936716 -0.009431767805320729 0.10486074896607889
0.03645969308819573 -0.007052770188198663 0.10494315608391955
0.04044381445820333 -0.00841290832398489 0.10953647799125198
0.0387172895221394 -0.009490322284113607 0.10965055962139536
0.05085876298453557 -0.007663747559530635 0.10810810420293797
0.04121604402565734 -0.008758353769689038 0.1129457264067987
0.03929234285751038 -0.009167756609385234 0.11338738515604593
0.0519993842395409 -0.007638654709296321 0.1117258867800008
0.04765912003018957 -0.00499323837605151 0.10212365441419688
0.047226807009499557 -0.004870044673513239 0.10096726718758539
0.04671931799684177 -0.0039375214308183205 0.0997134288051301
0.046443621025602684 -0.003495206587643952 0.09885204011512276
0.044561298067557605 -0.003748737870681533 0.09710952415337801
0.049080361879134525 -0.007075619158911391 0.10306655307239947
0.048625258658328036 -0.00689781159229281 0.10167714752659011
0.048208613343591916 -0.006715586967382502 0.10072038841922228
0.04755492359983919 -0.00627859512341282 0.099701609212191
0.04573532809317577 -0.005898259787390025 0.0977091638749269
0.047276716516112996 -0.0073734420496891296 0.09859190193634952
0.05052001132700971 -0.008817602561975842 0.10390913789378496
0.05001687725489105 -0.00859646878674774 0.10259171197216485
0.04940627927465611 -0.008378914838180512 0.10142077913602976
0.04899652922127126 -0.007992592802759319 0.100527538031915
0.04846205766756335 -0.008944304844189118 0.0990619154127261
0.051865725156064364 -0.011033965430162218 0.10468906046234275
0.05129904059583875 -0.010679972458717369 0.1034829435059378
0.05085254134808486 -0.010232006679606994 0.10233482323742961
0.05031948207670855 -0.009855682276084514 0.10128486637254695
0.050587907787343 -0.0106809021543036 0.10005638613114233
0.05320920500430536 -0.012601821067928709 0.10487974428715251
0.05287274177358536 -0.012244305670998571 0.10390223547044898
0.0522590378140609 -0.01177075613998503 0.10307548073945035
0.051783699134424974 -0.011377181462825452 0.10212830463342096
0.05254814225929409 -0.012664494250647662 0.10094200318419734
0.0542270222748558 -0.01404054154991579 0.10469650429054977
0.05392479891472836 -0.01379571593237904 0.10366297241518176
0.05378752476643573 -0.013461530891399892 0.10300384671851463
0.053530383294430314 -0.01304834875524574 0.102511319462661
0.054816397996869694 -0.014681985740771432 0.10752717198399422
0.05373245126537982 -0.013215189262002363 0.10733747926223332
0.05236747578141365 -0.011365395448705755 0.10760798700586559
0.05116611251347635 -0.009220307561141007 0.10633215694742582
0.04999700609016717 -0.007132989645960291 0.1057651069148336
0.04903036274511423 -0.005447746878365283 0.10487482030583267
0.04818964477141427 -0.0038778782418159414 0.10436102911313701
0.038978676434535425 -0.0034487107971636634 0.101923829126548
0.035555525840931294 -0.0037543081454400186 0.10311493015705164
0.038201309497328945 -4.426554983021757E-5 0.10200513207614516
0.03501903346857124 4.712071702676103E-5 0.10283999519016632
0.04221713206106048 -0.002319655562017064 0.10084811907340058
0.04178575380480706 -0.002407900103025773 0.0993101411087523
0.04151167311274133 -0.0024172219391551467 0.09810919159062537
0.04124924184364539 -0.002484264354156606 0.09683890938121903
0.040972698108764236 -0.002388071235985169 0.09554252054095327
0.04261820635615814 -0.002328950724819105 0.10202847353644783
0.04718487448457721 -1.631879236220796E-4 0.10232153898787955
0.047881932458038796 -1.1242557051001756E-4 0.10382440770952275
0.042612991929095484 -5.244989783060762E-5 0.10054032037957532
0.042230388008340045 -4.8973483263102116E-5 0.09917423837493658
0.041631507209406664 -4.1793174632533685E-5 0.0979465864228234
0.04124454044301047 -3.552318261249708E-5 0.09669590302365909
0.0404665520452855 -2.759956793359935E-5 0.09554165143194679
0.04300103832295229 -4.9235171366061734E-5 0.10181974343985924
0.03992250881537808 -0.001368913132744592 0.11351185075998073
0.039676138062685884 -0.0014459734893574328 0.10961008619541272
0.037787749752937215 -0.0015769334627100612 0.11465025096055714
0.037984713034371335 -0.001867275246221512 0.11001833845704447
0.050603746547855856 -0.0019876390516830314 0.11068607466214686
0.04947392361256254 -0.0016958824901277848 0.10702707119664127
0.038875036105316674 -0.0016165586639153057 0.10374975656411903
0.03602834558099714 -0.00208737782017143 0.10487739633641548
0.04828258447758595 -0.0018533523532840426 0.10396065604909635
0.047669245419784435 -0.0017366950565609325 0.10258017853274935
0.03856679909948534 -0.0014955613388334553 0.10113572827155141
0.03516186028993956 -0.0019461037698926896 0.10274023584934351
0.03828445128805982 -0.0013889772782929002 0.1002126763494019
0.03460901571176715 -0.0016440713156513807 0.10114145221542628
0.043011201786450445 -9.004531776066704E-4 0.10178918353787152
0.04258470525377612 -9.079519423185816E-4 0.10063799328148491
0.04206888653294799 -9.275608273395359E-4 0.09901771521111809
0.041768359956060756 -0.0010416971710501817 0.09781001694328412
0.04114420851033145 -0.0011155924631250315 0.09672406564797952
0.04048483299404264 -0.0011863194846627794 0.09555609896195873
0.04602055898252538 -0.002435042257737115 0.0979411584235291
0.04721255560457795 -0.0033590646302625207 0.10151941767714515
0.046704526328218324 -0.002688902560967361 0.10010844666423449
0.04640388053441608 -0.0025323125242611563 0.0991359477563672
0.043795016217995225 -0.0024106179225105353 0.0966062414699887
0.045567087311538884 -0.0013652989064904526 0.09722567990250763
0.04706161078157314 -0.0016720352480103296 0.10145423148719805
0.04638014081799005 -0.0015349831253224525 0.09976030257037255
0.046061233801157016 -0.0014373965906031142 0.09862759642258251
0.043140515898721 -0.0012628057830692742 0.09566718191913631
0.044665555279202684 -5.071637631188456E-5 0.09704506929202113
0.046516117805499226 -9.103634690473958E-5 0.10100612294424781
0.045967713283481336 -6.834831243706638E-5 0.09938095736707715
0.045365021498554745 -5.954814025374417E-5 0.09828057522536468
0.04325822317320394 -3.874280603613822E-5 0.09574670542878264
0.055437514548282725 -0.01649807855006715 0.09758123378060549
0.05828242968063788 -0.015552112827583228 0.09566611038890907
0.05416585526240541 -0.017219829279362792 0.09857231623833808
0.06101107675024793 -0.015389150810516549 0.09448516421777205
0.06247065041329185 -0.015891715169034894 0.0935424129639459
0.05410018892122181 -0.015320254132532195 0.08467750267335479
0.05089680034919105 -0.016579548060556736 0.08245486798851222
0.05118060936146375 -0.0037547728933145304 0.0813957236431123
0.048237925297714604 -0.004605579648507955 0.07954437072189158
0.060564134731595116 -0.013597958148614128 0.08874089928138995
0.06289510588218321 -0.016113825641360963 0.09071946610625216
0.0630778159060139 -0.017635325336773856 0.09193570305689662
0.05580995611839145 -0.004070316291184412 0.08460904822026356
0.05787274669181417 -0.02128412051728593 0.0918733741520244
0.0566350315227565 -0.020588382115504133 0.09391307498145916
0.056448844286735515 -0.022076737206447823 0.09212972711922832
0.05376446253823562 -0.02192337501002988 0.09413459081501305
0.054884570507471066 -0.019201405461053724 0.09811849497893968
0.05620677475081832 -0.017343715742850093 0.09787922007021778
0.058722457202402906 -0.01660709862244687 0.0966094954016838
0.060973206166356535 -0.01657084631250215 0.0955659274131566
0.06226349078532173 -0.01745233243072021 0.09444608408740385
0.06605232969928762 -0.016149373784928242 0.088057389718803
0.056870997416839104 -0.01710713752887348 0.08125630563294961
0.06303859869957192 -0.01877680503972972 0.09362062213343951
0.05379155817105222 -0.0238130488908675 0.09445535793550583
0.05631211511743471 -0.02231188438440586 0.09484958132409624
0.05364307890349466 -0.02371796714416961 0.09478257971665502
0.05556411838247382 -0.022497342170758702 0.09536696744578882
0.053664636703315644 -0.023520068663525143 0.09507324288718187
0.05575594501509722 -0.021713988804942342 0.0958577664346499
0.053909536508297926 -0.023194275578914694 0.09535468022113112
0.05449475460064775 -0.022505730771034474 0.09599609702791281
0.056147410629432445 -0.019513563345529266 0.0979125447957027
0.057339080780387755 -0.0175747895349959 0.09827520820515036
0.05809214651458303 -0.0172752728074191 0.09827912636275989
0.05925428708242261 -0.017674748519613582 0.09766255074330364
0.06166612106489454 -0.017621668890526777 0.0961654961034197
0.06266355519983838 -0.018690734519485313 0.09590785055663914
0.04797713167705446 -0.02012103998478706 0.09980498535981785
0.047004002885600256 -0.020380264887660406 0.09883147396467845
0.04950891683174323 -0.021546798077614688 0.09925248705871687
0.050857025554884076 -0.023219986725182475 0.09859653458695092
0.04895416939035655 -0.022009050331469007 0.09858753024654957
0.049971101351777916 -0.023334550061007764 0.09812829495111783
0.05379591885728065 -0.014188078167472298 0.10075070380512025
0.054211267580293744 -0.01445832729711608 0.10239322855530582
0.05420378472637012 -0.014531718388070288 0.1029582984795431
0.05424082755700743 -0.014767807176904702 0.10360202092890974
0.05449620096690217 -0.014996493116013436 0.10479969793934518
0.05484452601753431 -0.015248236262467279 0.10624135918592657
0.05106165728482193 -0.017240528866429496 0.10137993895843783
0.051084362678057264 -0.017780658877840125 0.10237487419529534
0.055226933776674224 -0.015952208868575353 0.10724514656407307
0.05444951462067986 -0.015613158940765523 0.10014728262175963
0.0546531336280822 -0.015328944032718587 0.10190770464485656
0.05475933716548727 -0.015615409597827217 0.10249421819834377
0.055083467408173346 -0.016262181787349984 0.10338991240141396
0.056026590864364054 -0.017375636423081573 0.10489023466465794
0.056610890234077664 -0.01768037188405529 0.10619781178177616
0.05253138088241873 -0.0187850168667954 0.10112822668890767
0.052341145744980284 -0.019288068096348036 0.10214978515798169
0.056897388443084236 -0.017975956061791504 0.10684272883192164
0.05466094815238367 -0.0170756115790404 0.09948952592804561
0.05522786494185929 -0.016122469778384742 0.10116015845105261
0.055562212902538474 -0.016670281797541056 0.10205445492171088
0.0572136879162462 -0.018281296844534188 0.10353619582766464
0.05871672249835607 -0.01952216262130504 0.10504496787796394
0.05874503665446352 -0.019692400377435925 0.10585345956609023
0.0538151065570502 -0.020531490657416662 0.10077829678828151
0.053806281614474614 -0.02065866133747504 0.10189223728318618
0.05880579764744796 -0.01983897845402297 0.10635016668942451
0.05396898243363486 -0.020199449865176054 0.09986402039026375
0.05422529685678034 -0.019573925772472026 0.0992212725512799
0.05235073116027324 -0.02113233087500942 0.09639358160751225
0.05392490475012189 -1.0824918195086175E-5 0.08889281383660178
0.05247471479225099 -1.3516388377767142E-5 0.09016584534204851
0.05059332492433504 -1.7505382590589332E-5 0.09330753883715336
0.04867530248662354 -1.7881286742001122E-5 0.0944247679224732
0.05776866920059002 -0.0024581713903696805 0.08587170053752352
0.056309640460262766 -0.002397567657254287 0.08792683250184345
0.055513541628145105 -0.0023726337945239703 0.08938701086400573
0.054222924072239706 -0.0024437020734772155 0.09088111739608656
0.051398403034342934 -0.0018177062309289286 0.09296966992204603
0.04878787477007605 -0.001644055791245218 0.09499766684737952
0.05843171951404723 -0.004986626689932821 0.0864823761133009
0.05718122230368929 -0.004653434769137995 0.08833679133277003
0.05587300507913659 -0.004315480126733561 0.08941713135728807
0.0540382357834215 -0.0036501474157216354 0.09107624273796482
0.05143089907728321 -0.003239272346776428 0.0938418137243302
0.04768147877942312 -0.0033369013253159085 0.0955586258700735
0.05894922529181541 -0.006950547460737856 0.08661546662974935
0.05778705449603597 -0.006095733150193907 0.08875049173249075
0.05633578801478113 -0.005572451399107051 0.09005576875768896
0.053891748475040836 -0.005045532984055597 0.09191696975281163
0.05122488244597411 -0.004693886972563081 0.09428660631435448
0.04739379740855195 -0.0049139967702585136 0.09631428344319963
0.059210330728574005 -0.00772457668784686 0.08672581138737703
0.05810390893861549 -0.0071039953481923 0.08861534384338758
0.056226034295057355 -0.00616682667812663 0.09114266228763582
0.054199148058755066 -0.006203524482616392 0.09258392116196855
0.051192674019125126 -0.006131436691626169 0.09500789661026109
0.04769705483515702 -0.006767280394513153 0.09743196390067312
0.06128350497440634 -0.011695615360042287 0.08732148605077338
0.05770863546036761 -0.007029510911222586 0.09006247667557397
0.05590407666560716 -0.007426080776313657 0.09153249458236515
0.05444629505585344 -0.006971197400154197 0.09314204489150506
0.051506686068424345 -0.007310534559853302 0.09558808416586914
0.0478726036997677 -0.008465981133445507 0.09803294670306514
0.061965129771813766 -0.01257091234890339 0.08818734639193275
0.05748111215900298 -0.009086528038194843 0.09040315351269392
0.056165104293035444 -0.00867169803816873 0.09172051116749373
0.054887172704086135 -0.007918493591765587 0.09353435741856408
0.052300243870473946 -0.008677911457408332 0.09649734944046125
0.04836012796100576 -0.010039448804792602 0.0981581855234968
0.06272525686561273 -0.013307382083637182 0.0891717790683618
0.05909285590486159 -0.011047431020007329 0.09153394339180516
0.05717471762105614 -0.010336513899920277 0.0925438352451122
0.055881238054578626 -0.009739329496533776 0.09407808038776451
0.054036688056087225 -0.010561008586851502 0.09761325714815727
0.0516274504064841 -0.011477234096150191 0.09959202597668386
0.06340441426473192 -0.014491587426464524 0.09003790778946946
0.060371320694385104 -0.012289099985878236 0.09194707487184264
0.05847366067250533 -0.011811062166406362 0.09327475593120595
0.057114840167221875 -0.01127235902880653 0.09484879458947894
0.05553745053404232 -0.01252144413656 0.09858431972119559
0.053901107664704406 -0.013276953029341546 0.09966474691261377
0.06420031899422218 -0.015810325028098034 0.09125691789042413
0.06230007656765905 -0.013236082986303476 0.0927195627416676
0.06066773798810521 -0.012711921936807095 0.09420215895041065
0.05837971088748187 -0.012188636907568282 0.09558374169958782
0.05582187639834088 -0.014309990607292695 0.0986548628133853
0.05465666449986591 -0.01512937836533796 0.099578018809087
0.06435225715662587 -0.0171696497584956 0.09245658770499428
0.0633305390379415 -0.01524107865185114 0.09402298072372849
0.06176533883637223 -0.014447286274805933 0.0952454338198612
0.058959757513607915 -0.013903522265364237 0.09660939102229457
0.05590005876370592 -0.0156405302841538 0.09866698027570638
0.0549880193839609 -0.016472095802305957 0.09935229721274318
0.06429943564659936 -0.017876683802480968 0.09420882548812384
0.06323380360120445 -0.016297521012800232 0.0949700257846533
0.06165619062119375 -0.015495288471000337 0.09626288302066022
0.059273449703434726 -0.015274536574164574 0.09771742149088934
0.05659306787460072 -0.01595471183722697 0.09904838475712219
0.05541894237293058 -0.016972477637793294 0.09966801872005558
0.06398180880575399 -0.017437512232663002 0.09678988292720157
0.06270192658747906 -0.016561824299086567 0.0971497647247581
0.06168963498286215 -0.0157660868847488 0.09807802684773179
0.05989870470262833 -0.015432966554516151 0.09930662004546097
0.05823781302841878 -0.01577735348471594 0.09969617649581629
0.05612960638669459 -0.017235795584932018 0.09988582465507348
0.05324699347108124 -0.017759444277819208 0.07868904018594519
0.06084462952388637 -0.019665924479105156 0.07835287649436772
0.05650139770492057 -0.020682350899915193 0.07550954318887151
0.06162253682929008 -0.02165942831846647 0.07248606127095797
0.05935042862428321 -0.02245673794164682 0.07208780160487145
0.062063349490634294 -0.025546441222681862 0.08307627896458794
0.06386712971886573 -0.028208038771475697 0.07703070657543429
0.06014537781816009 -0.026683435314000737 0.08113518145382408
0.06229066932777463 -0.028999326549878593 0.07672750291913993
0.05864185545616294 -0.022701140944866856 0.08623723306942278
0.05729887408612757 -0.02363719354359591 0.08486962270082794
0.05941835891070477 -0.023915084463158768 0.08808743517316561
0.06232070053969147 -0.02715364468765757 0.085133707401181
0.05782052658134926 -0.025083418623067552 0.08700851506399833
0.060702511442795114 -0.028193566034080575 0.08312691368771671
0.0645294280106487 -0.030433731914100155 0.07894449791321746
0.06279782851026239 -0.03107116554201182 0.07821548898197345
0.061665341153230475 -0.02384643796276604 0.08146816835557089
0.06381103258679272 -0.02694738133959275 0.07546007354298673
0.05942481554656064 -0.02515878632280421 0.07928001536031712
0.061629685590855354 -0.02713161231791466 0.07486267880683488
0.05800715142803038 -0.021278498199054568 0.08446085886578261
0.056563221438573334 -0.02219939601744814 0.08292289460051937
0.06727034994574631 -0.018232481309852926 0.0931407533794959
0.07402945486313042 -0.022574707303678877 0.09239778205065347
0.07893452387766826 -0.02486578392633863 0.09057906399867578
0.06741924720670826 -0.019099639225467376 0.09488437166389917
0.07454557770130975 -0.02229497022878413 0.0951613083427281
0.07947570453793788 -0.025137481675983203 0.09410907387386745
0.06684515154329917 -0.01769370320299843 0.09117909097573956
0.07316457519081664 -0.02170513042018646 0.09044852136870236
0.07768274435509885 -0.02394373131506132 0.08779265311295506
0.05290202238383985 -0.02143922896022134 0.0959370016444964
0.05461669374431491 -0.020107514773029363 0.09705859913534402
0.052801006264677625 -0.022271876095022593 0.0959177552745349
0.05480743377864759 -0.020312933955010017 0.09812727713618477
0.05584485294521543 -0.016692265477859895 0.1008761334993938
0.05488975217196407 -0.017447814237143797 0.09919895875765232
0.052559945975822704 -0.022023552809949633 0.09545369847898316
0.05270131424063977 -0.021723431035138935 0.09544243802988431
0.05248094287131772 -0.023015955455814856 0.09606175950072192
0.05481035187963089 -0.0207789426963936 0.09878486971555825
0.05224166904986777 -0.022571931886840275 0.09558779632865701
0.056248548149927156 -0.01716157592402125 0.10164427061075271
0.052182716487685014 -0.023640285272378485 0.0964242385975362
0.05474819200600526 -0.021194183572794238 0.09955709056956619
0.051586536626964025 -0.0233028125336753 0.0958945894863153
0.05800447922136449 -0.018732486487619434 0.10306709153529825
0.05198813578307965 -0.024220962086538646 0.09716998680264156
0.054900742432947514 -0.021359099079023416 0.10065124306755309
0.05106448136995162 -0.024031695608344394 0.09638273804045405
0.05966331867835734 -0.01986845620972775 0.1040839607324038
0.05184197883086756 -0.02468156656037057 0.0982019091046923
0.05514335675164904 -0.021517484057628412 0.1017101193323445
0.05093774123445227 -0.024735274182412684 0.09747509371102916
0.060047810639137444 -0.02019124254558885 0.10463533174782293
0.051608040672980915 -0.024825299856451873 0.09924375781181863
0.06034042025988523 -0.02031699299345948 0.10519486445205187
0.050891696493522806 -0.025192808949206568 0.09853708837609287
0.0539118005355615 -0.023532902244448792 0.09578383662416803
0.05611421294355493 -0.019948565207282127 0.09846983074458786
0.05322697304450621 -0.023999391721257805 0.09528070084770449
0.057123035858983026 -0.01731895417283795 0.10075180888357639
0.053487318633102535 -0.02432078007110444 0.0956960497574047
0.05607178874342595 -0.020300505960412753 0.09879717010247378
0.052887766934829626 -0.024407419230076242 0.09529834944267226
0.05768511758756726 -0.017917827492674836 0.10123429341269263
0.05325655825427894 -0.02480191257033986 0.09589683870977428
0.05631491932003325 -0.020334876414144873 0.09972163757580864
0.0524460993009127 -0.02479497153764349 0.09537872328737437
0.05909967213119187 -0.01913329468043879 0.10222939746789586
0.05331182026631727 -0.025252172199146137 0.09653436409283059
0.05689234766230409 -0.02096292340791252 0.10037499977037748
0.05236277868796723 -0.0252253652952724 0.09575294055766412
0.060747961541708424 -0.020091395496601733 0.10336765438250074
0.05312185967351441 -0.024769959718199886 0.09438388527593042
0.05483276551595144 -0.02425148138232017 0.09491927818893285
0.059023084039034626 -0.01854526865398011 0.0996428509058314
0.0614773258027975 -0.017526685792318204 0.10108053713210333
0.05377544642923543 -0.0256509903573469 0.09769642507352351
0.05816032007378929 -0.021153059127898072 0.10144789391350224
0.05240851851457645 -0.025963083713490702 0.09635944787286618
0.0614529931060325 -0.020156990256235283 0.103684073190136
0.053570800613169926 -0.025524033319304536 0.09366812356592875
0.05531343342835545 -0.025052297257536205 0.09452523780931094
0.05935034724486608 -0.018545786163458016 0.09982694028433997
0.0630485855951739 -0.019164771233382054 0.10186753231688309
0.05412539110585691 -0.025986991670426476 0.09883870706150942
0.06179410208262763 -0.02022321038982238 0.10425214955771012
0.05252620370948068 -0.026444892916472392 0.0970958628157911
0.05515469528318565 -0.02659311461902642 0.09265979100224536
0.056784349772257464 -0.025639155744754012 0.09416762600312219
0.06375742126534277 -0.019670590050148484 0.10180319953602518
0.04715705916469057 -0.022443064662063278 0.10308743399427944
0.046043187104969956 -0.022969712734255347 0.10297527571600947
0.049228652285374104 -0.02320092712977443 0.10242717651432187
0.04797904844553361 -0.0242686466925743 0.10165825956907096
0.05107830414028498 -0.023830769123178108 0.10232270471309728
0.04947232472063883 -0.024884584784542613 0.1011752020064513
0.052709793285144975 -0.024912862585685 0.10169413551061744
0.0510117957584363 -0.02632234245482638 0.09993647581112534
0.05628931182081553 -0.01717223259682479 0.10896061098159925
0.05769242596110455 -0.018782487515531514 0.1084189328024672
0.059761186359801946 -0.020198913989212433 0.10763959869157153
0.060869504854750865 -0.02032464279271556 0.10689259320885167
0.06281506954564514 -0.020524109850741663 0.10600774348566837
0.050872236828827355 -0.005501107096821525 0.07629652381810798
0.0511293760513778 -0.005392831405750799 0.07283889440073167
0.04981378199081215 -0.005285508631086025 0.06827255905697087
0.04887195882448371 -0.0056652200581452684 0.06507501065172405
0.049047579720769896 -0.0061309493938126935 0.06255220497231812
0.05036839753796661 -0.006359290102024051 0.059413452416651726
0.053077738090484716 -0.0064096343810699265 0.054513675967538776
0.06282365131367691 -0.006005090956115472 0.04799907676363472
0.0676624341756517 -0.005780807002479482 0.04597879261600802
0.07214408675061457 -0.006077473970579308 0.042630337437350084
0.07767483181492989 -0.006123322985214908 0.03924633103730505
0.08355609734096246 -0.006498191114596591 0.03611896165187552
0.08820799962951763 -0.006743136512714522 0.034896564730581385
0.09160368504812873 -0.006892986921651869 0.034399991283182996
0.10749829918572994 -0.006353776667010477 0.03360244804140208
0.05342916019740956 -0.004018963096545237 0.07816329016345604
0.053803156157387684 -0.004876863671273187 0.07363536381236266
0.052469683242742 -0.005088968882078764 0.06922537190226812
0.051224063643982895 -0.0053773869473376645 0.06544706950214206
0.05114197658356622 -0.005870965973955369 0.06318302576979097
0.052431549461633885 -0.006017130139947472 0.061274824827946585
0.05572310356394261 -0.005932805919153916 0.057524094075876844
0.06454987487103077 -0.005610195483752234 0.05024255673915973
0.06914876376017007 -0.005733981366236035 0.04742409500592256
0.07336436456367396 -0.00577121843101277 0.044196569370233856
0.07832802128093326 -0.005904376416144113 0.041104775119224043
0.08402213901068185 -0.005992910823034871 0.0384346388290834
0.0889699663638838 -0.006027394684982945 0.037663170334691055
0.09385679702986058 -0.006330761576751916 0.03764262400016963
0.060561792412882794 -0.005259191463474586 0.08241224687510214
0.06257428451488173 -0.005287793987129938 0.07847199905100301
0.06356739833426563 -0.005119926263791741 0.07425561802488147
0.06375407251728812 -0.005021328387509988 0.06978491352208058
0.0638349383 -0.00506651384 0.067130557
0.0637772542 -0.00496064089 0.0643099836
0.0636194431 -0.00467075976 0.061077004
0.0687089123 -0.00552398616 0.054571133
0.103647418 -0.0055243004 0.0522292859
0.0875512304 -0.00562569855 0.057146991
0.0744824568 -0.00278186308 0.0567282334
0.0817633029 -0.00246760719 0.0570743489
0.0918479291 -0.0023308376 0.0560342042
0.0965610321 -0.00231162843 0.0554299875
0.0748288749 -0.00532100669 0.0563278518
0.0811973294 -0.00574974923 0.0566875992
0.0943523083 -0.00557093151 0.0564846847
0.0992140047 -0.00553757993 0.0552947372
0.0757274163 -0.00842965351 0.0562794747
0.0819304192 -0.00844788648 0.0572072355
0.0953903872 -0.00905506033 0.0578352288
0.100454528 -0.00902170055 0.0565715127
0.07774715 -0.0120340015 0.0572022293
0.0836595137 -0.0120803683 0.0584294072
0.096965782 -0.0129824544 0.0597643363
0.101896341 -0.0128956478 0.0586676072
0.0814314809 -0.016100931 0.0587337729
0.0872858183 -0.01633731 0.0608764397
0.0988101698 -0.0165888757 0.0623096115
0.10517946996797034 -0.006300425689068932 0.03326727154923168
0.112715307 -0.00654408403 0.0377532574
0.05500703020098809 -0.003230164602259334 0.05121503155357829
0.05795617336302933 -0.0030260978562126903 0.049050467734971646
0.057937752759234476 -0.002841393247040885 0.05466726160631116
0.06034470403291307 -0.002778658042350504 0.05198709493980006
0.0635153591 -0.00230852009 0.0591456033
0.06491492 -0.00260489215 0.0569100145
0.05593957857406444 -0.006194832381900242 0.05142323237359571
0.0590406701438215 -0.006141617326617901 0.04910186826291743
0.05845196275985436 -0.005672140348677329 0.05445021855377109
0.06120656598930149 -0.005552127858564156 0.0519262623967913
0.0641665107 -0.00483045054 0.0590127507
0.0652671247 -0.00516894345 0.0568026068
0.05779763382128233 -0.010221767510511763 0.051571891445837056
0.06081253308967049 -0.010019862082739563 0.049495199615590825
0.0604976154042587 -0.009021641082133693 0.05471664404883205
0.063462141040977 -0.00904167130880081 0.05230196897482069
0.0652340502 -0.00777124236 0.0589135343
0.0666893883 -0.00811133313 0.0563003266
0.05962761009586207 -0.013166510528006187 0.05186442835981542
0.0626922621340312 -0.01300359164442925 0.05005600579605397
0.06515258556592357 -0.011964745351917612 0.0524405219778884
0.0695523759 -0.0114626265 0.0567485953
0.07364476176749872 -0.01893470370706716 0.07588507696617158
0.07083006421544494 -0.01953062137100516 0.08649008556292948
0.07446793262595729 -0.021103050596263457 0.08234642520794516
0.06334102082826991 -0.01741384206888985 0.05266738209039625
0.06628106461307975 -0.0176033981100981 0.05055715622961529
0.0685939799643181 -0.016279288896914684 0.05292045017915316
0.06760423163582618 -0.023737163766271538 0.053581589070197305
0.07108649150615381 -0.0240302210797366 0.051752106853067394
0.0692501953002809 -0.022791410908707534 0.055425320970078074
0.0729263418763606 -0.02261693854487614 0.053871686009723176
0.07330745417564657 -0.029535878789579372 0.05700688066533201
0.07666518436929214 -0.030198905584510178 0.05561218880408132
0.0751431596894046 -0.02760209316709727 0.059124052481440786
0.07892405963713382 -0.02803958091720613 0.05817411620752441
0.0732099259 -0.0154745617 0.0582496845
0.0752992163 -0.0197820439 0.0613269157
0.0781956075 -0.0206069358 0.0597924978
0.0804882119 -0.024120554 0.0673876028
0.0819629546 -0.0259741219 0.0653939565
0.100876244 -0.022886127 0.0651472197
0.0956873382 -0.0222390109 0.0644673153
0.0901515812 -0.0215665509 0.062875186
0.0860189399 -0.020949288 0.0601398425
0.0993714424 -0.028800145 0.0666810364
0.0935288787 -0.0281538632 0.0631825681
0.0883825585 -0.0277715491 0.0625228737
0.0762935239419138 -0.02162136136871897 0.078477786842601
0.0725498387847325 -0.03186870836305195 0.062504797823
0.07329769838359428 -0.03553058611249549 0.06696131407106154
0.07614844777379971 -0.03382937863566946 0.06104814032783483
0.07769767964345811 -0.037674586510208316 0.06570813306661064
0.07963927623775938 -0.03579836622954087 0.059608235127809675
0.08168274379849531 -0.040009774631746174 0.0640815207912618
0.08312947097956844 -0.03769644242858396 0.05786614548005449
0.08561947926181666 -0.04184460870804923 0.06232333826069851
0.08724616845571502 -0.03909727148496276 0.05607301444110781
0.0896019427083906 -0.04356710209879614 0.060299673560561456
0.09165286879039243 -0.040130633744006036 0.055007927054927894
0.09390834629157403 -0.04459209300202294 0.0591297459416235
0.09613605970071394 -0.04080866728372803 0.05393870934169692
0.09847922967642793 -0.04535785351536313 0.05793663737688455
0.10107547515424625 -0.04225722276335676 0.052044631037759796
0.10378860941708827 -0.04617034073614387 0.05680320853609412
0.10574875448656565 -0.04257115051255913 0.05045100179678558
0.10863705742956753 -0.04621377287263027 0.0550443796325596
0.10924994203435212 -0.042161070190548135 0.049338278545912814
0.1122011080859523 -0.046134599635878994 0.052789567033529765
0.06829262516320954 -0.03118528537818953 0.0690101025499277
0.07432650067190388 -0.03025187248035312 0.06434246773518879
0.07550322205609078 -0.03337180942004245 0.06906644322408889
0.0786649537388561 -0.031934745409962516 0.06353736777133473
0.08030846061775097 -0.03570771747754823 0.06791276742471705
0.08200185911080969 -0.03372934192013192 0.062204812801876265
0.08414946439156176 -0.03777933500481815 0.06654026331803739
0.08541790687316433 -0.03559602330986033 0.06066118478239739
0.08806148092918079 -0.03966698660862059 0.06472117324821872
0.08969017214835874 -0.03689548828750563 0.05955027700367224
0.0921215286802072 -0.04086943408995794 0.06321360240753751
0.0936611699803994 -0.03751541234357673 0.05865638267734755
0.09582639461920985 -0.041807331808001794 0.061930210469845696
0.09797598784034038 -0.038414999702893506 0.05703850559924827
0.09996559750156826 -0.042886419850610036 0.06014557359754993
0.10210499967696732 -0.03952108951092633 0.05557206120009279
0.10427493725871112 -0.04387379856172449 0.05870415946149398
0.10658792404965199 -0.040082742582161004 0.05379393740403822
0.10892907581438942 -0.04392737900397551 0.05697998249559488
0.11176698235411944 -0.03924737332503375 0.05282117922966395
0.11379352961095353 -0.04330932971127899 0.05515742662799017
0.07049637739865709 -0.029827651257462763 0.07064092325842466
0.06385040722895208 -0.027829500512303828 0.07029601696358904
0.06611262855858725 -0.026524458989701547 0.07213125801939167
0.06425759503246983 -0.03078699677949759 0.07589001141979414
0.06588140218422985 -0.030265766804096463 0.07724014500372237
0.07360415961217089 -0.03948307020662251 0.07860471035854301
0.0733614455177657 -0.04104345146397535 0.08393648868862426
0.07886646812362012 -0.04217000930432492 0.07665162419943174
0.07892227946590585 -0.04418594384802122 0.08206194152224634
0.08346488184873502 -0.045178184302828606 0.07456425584631876
0.08363830920718786 -0.04730025228255773 0.07985765901303837
0.08746726073185952 -0.04770473452130842 0.07269242076223854
0.0881294354660401 -0.05003267530393662 0.07800004340807884
0.09198394117617445 -0.04939754526058432 0.07114324023861776
0.09284897132977647 -0.05186008870232443 0.0763986134629163
0.09664403912644579 -0.050966083286566294 0.06946550260238894
0.09764695922309352 -0.05347480782783366 0.0743400901370154
0.10177623424580085 -0.05256158975328366 0.06739361210083106
0.10286358783394227 -0.05507737346991683 0.07159394296804805
0.10756138754540333 -0.05279319931078379 0.06538558758908863
0.10905242500334192 -0.05509125899607196 0.0690681633874241
0.1127440932808082 -0.05264247765106433 0.06300105296335526
0.114494077988299 -0.0551997100579658 0.06630429075062792
0.11711910425426376 -0.05342135435568864 0.05922689665320508
0.06795369223271538 -0.03623532681061527 0.08035965768595157
0.06701182627102246 -0.03799653042054857 0.08548701289411688
0.06266394768910465 -0.0351834944600997 0.08633530882136242
0.07522253249294486 -0.038550014746769445 0.0804062170144709
0.07458159710410539 -0.0402209254026917 0.08533579089441237
0.08105248489697747 -0.04109952478809745 0.07869023935580154
0.0806210235683487 -0.043168210011083376 0.08306621826578944
0.08601267380634728 -0.04386326092959852 0.07631532424495988
0.08566044585422672 -0.04613981161779559 0.08053039057359287
0.09005808146385592 -0.045922012543073744 0.07420428623215129
0.09017498206377744 -0.04822779110813157 0.07867145497004789
0.09393600721641555 -0.0469322223573745 0.07302045058634771
0.09420323854147263 -0.049133297664499385 0.07745595080677042
0.0981309422199068 -0.0480585407667617 0.07131451301124285
0.09869052307232251 -0.05049034212331241 0.0752738813716665
0.10250620060085153 -0.049628922846726826 0.06899114861643485
0.10355134606469214 -0.051545072681990746 0.07300831647516401
0.10805899637983413 -0.05043006640300248 0.06674186098075724
0.10940157659584047 -0.051796832588243455 0.07062450129728727
0.11332229247516029 -0.05038002725697291 0.06420271881332183
0.1150311080052122 -0.052295521038404624 0.06732930024692398
0.11792609294117073 -0.05057853143599069 0.06070278121416229
0.06855821362772013 -0.035077916047419756 0.08177546447591913
0.0676682637382914 -0.03709108979259804 0.08667641467207805
0.0630472562146537 -0.035002543404740835 0.08744022786364457
0.07969007634007322 -0.023532041285000017 0.07638361522028446
0.0832722062 -0.0257189221 0.0749014675
0.0856642078 -0.0279671885 0.071756785
0.0869672631 -0.0296056467 0.0682896273
0.0894773013 -0.031342428 0.0660799397
0.0924986664 -0.0325762192 0.06581398
0.0960866947 -0.033462438 0.0657625982
0.101342277 -0.0331732147 0.0671294557
0.105357127 -0.0329399382 0.0689495697
0.109732161 -0.0324607719 0.0670352421
0.115180965 -0.031327828 0.0647562848
0.07835561204751305 -0.02391284207444862 0.08456265440543943
0.08318073886490608 -0.026505560121372555 0.08358335430940919
0.08616210617351738 -0.02813207246687444 0.08060772934191418
0.0896648799 -0.0306886456 0.0771979505
0.0913376067 -0.0325022435 0.0740744696
0.0933721024 -0.0347582564 0.0708038701
0.0964540389 -0.0365192001 0.0696746046
0.10028931 -0.0363994531 0.0679885512
0.104434859 -0.0360372928 0.068438662
0.108163195 -0.0351939127 0.0699581191
0.111653737 -0.0356423545 0.0695362002
0.116166606 -0.0349925126 0.0667343185
0.08237668825068338 -0.026168032419191904 0.09330993363546944
0.08546319681471809 -0.027405084718926918 0.09276303387281731
0.08904890600462921 -0.029719627207868388 0.08858893209261982
0.09208870067913724 -0.0318011508203225 0.08488800042642651
0.0952553951 -0.0347543929 0.079829455
0.0971101073 -0.0369580436 0.0768201568
0.0988817597 -0.038411505 0.0728344905
0.10170111 -0.0395121751 0.0711188104
0.106008217 -0.0393893374 0.0708759116
0.110788088 -0.0392632019 0.0711250005
0.113667854 -0.0381138946 0.0712797119
0.117593265 -0.0383384094 0.0685691952
0.08131963672983876 -0.024821965213642917 0.0994637821237662
0.08557277183312702 -0.027245895610399237 0.09797492129812627
0.09015217865785366 -0.028499713772245392 0.09540723281194877
0.0939893565280694 -0.031253092219873504 0.09188161689966302
0.0979957525 -0.0349777726 0.0872895918
0.0999241642 -0.0378735688 0.0819990057
0.101551192 -0.0398811588 0.0788047422
0.104089729 -0.0404987751 0.0766074121
0.107576368 -0.0412435292 0.0749633277
0.11186935 -0.0418026588 0.0738215396
0.115045093 -0.041442484 0.0726710937
0.118527057 -0.0403682739 0.0716421613
0.07911520412490672 -0.024750412689771142 0.10411481988480861
0.08406033455444492 -0.027619918502954196 0.10193362544814559
0.08897568905979623 -0.029043552396173063 0.09911717021821051
0.09343732619512202 -0.030176627992174868 0.09540912121865613
0.0991193661 -0.0345195654 0.0914828524
0.100496543 -0.0390705644 0.0864092734
0.102693819 -0.0404661729 0.0836541559
0.105803505 -0.0409385058 0.0813349275
0.109102322 -0.0418594333 0.078926209
0.112796228 -0.0428011806 0.0772231931
0.116085734 -0.0432931433 0.0755022511
0.120595772 -0.0414193206 0.0728445893
0.07757896085809764 -0.028381053823962738 0.11637705833419475
0.08312045450231788 -0.030266336103778973 0.11546278662121827
0.0876737478619719 -0.031043236057429174 0.11423139377233453
0.09059000613461121 -0.0309277917265949 0.10877917261541831
0.0951626944148541 -0.03190457961469914 0.10589363762268647
0.103344094 -0.0379007401 0.101755143
0.106475393 -0.0400322718 0.0988867705
0.109319966 -0.0417092633 0.0950030125
0.112470108 -0.0426617723 0.0916157875
0.115745559 -0.0441334423 0.0880777728
0.11960357 -0.0447874457 0.0844080724
0.123984158 -0.0457901584 0.0810376364
0.08122660770688903 -0.03327197491213388 0.12001495077904174
0.105692269 -0.0456475945 0.123615607
0.109358124 -0.0471828599 0.121559323
0.114013054 -0.0474787606 0.119519151
0.117986512 -0.0485685033 0.117054091
0.106907609 -0.0494177569 0.13255388
0.113229119 -0.0520411853 0.129530377
0.113127274 -0.0457952727 0.151108621
0.115505199 -0.0469741008 0.149370143
0.117221943 -0.0487588751 0.147074823
0.119147527 -0.0509435644 0.144440254
0.119540853 -0.0606054458 0.18257083
0.124416701 -0.062126227 0.18198578
0.101957555 -0.0513285181 0.1842044
0.11092189 -0.0562450625 0.183520945
0.121809554 -0.0626747165 0.197961853
0.126861498 -0.0647049974 0.19822038
0.102733406 -0.0536381503 0.198004393
0.112366889 -0.0579494322 0.19786818
0.0537282753699588 -0.026757708111618934 0.09438888665750261
0.05524659325848605 -0.02629476096564721 0.09594649219804494
0.05636531162010376 -0.030597593371739423 0.09886507748393504
0.056597549832238095 -0.027230324149178232 0.09691730977615125
0.0554735602070293 -0.030758588928826467 0.09813111861175387
0.05432808338798351 -0.028309422406421737 0.09527951873127075
0.0619460138537716 -0.03800223634312157 0.10781743841725655
0.06124720030387236 -0.03895049921094636 0.10756512985786545
0.07128858251563644 -0.05252351922505271 0.12770511101674487
0.07059112395416986 -0.05384455496765079 0.12760763577572232
0.056337787483417556 -0.034559000482611985 0.12502634661665024
0.05705642046808665 -0.03437183348159935 0.125671625666486
0.07056122837484294 -0.05181716502033225 0.11971057465719995
0.06948851336409198 -0.048659927151337885 0.11156161669630392
0.07601037839061153 -0.0548427042574883 0.11717587053783993
0.07462080743919693 -0.05154921605580665 0.10952263104095829
0.08171676905886814 -0.057467337150826046 0.11444482493702049
0.08043780693381912 -0.054046462800956596 0.10698218323943652
0.08627545948533473 -0.05985524439453998 0.11184317064666728
0.08520804187437028 -0.056418469589085266 0.10432510950298376
0.09058273564154919 -0.06267422578079299 0.10920736991183808
0.08973886834172268 -0.05964316682216814 0.10131773342535727
0.09498977840816468 -0.06518654054492312 0.10673557054614147
0.09428251034667352 -0.06207441649079036 0.09860445824282404
0.10076113097802565 -0.06744500741243685 0.10361095191819938
0.09992667642655581 -0.06375177520333505 0.0953926924924391
0.10778908690877806 -0.06927915021601223 0.10002814012965235
0.10634171275277404 -0.06574955707018713 0.09137481142878053
0.11602713090628382 -0.07167701131029913 0.09499760689720098
0.11386885525950607 -0.06773160043285156 0.08659203986087308
0.12353135825911472 -0.07120457040768029 0.0914446286604415
0.12063613467559438 -0.06830387203977979 0.0825562254156881
0.12935998103231927 -0.07030695880249749 0.0888825582749556
0.12617736125777468 -0.06733555074798044 0.08011079737599373
0.07106275661139576 -0.050513917295146704 0.119595730282653
0.0767266555107556 -0.05315623533147856 0.11763032581201843
0.07529201097242533 -0.05035579689844881 0.10981305911642786
0.08258506082234857 -0.055941413564872526 0.1147685347803434
0.08080293637920831 -0.053026157255149434 0.10740293491555514
0.08710999376108722 -0.058157635431341885 0.1123819564729144
0.0858852961122878 -0.054863313429531775 0.10504780336611247
0.09186885269967567 -0.060747589488183776 0.10959721277684605
0.0907581315868004 -0.05760405319270496 0.10211475331109372
0.09653742439688075 -0.06271678954877791 0.10709926445781802
0.09542021619154109 -0.05990561094579369 0.09918771083077761
0.102086344577254 -0.06406993157020034 0.10430226564879348
0.1007977399037411 -0.06123237553601774 0.09594274612050725
0.10854287966441407 -0.06558988702137443 0.10106973014400213
0.10669926290966482 -0.06277615281669638 0.09232916090270463
0.11647419948051968 -0.06597914166500948 0.09717505119887117
0.11392493047215964 -0.0632590295843643 0.08819066680001425
0.12307203474866525 -0.06554041599167144 0.09326718273564423
0.12068317686988168 -0.061554188436842995 0.08453005036280507
0.1291794390183444 -0.0639292742732582 0.09045930261428516
0.12620139043197737 -0.06132909675006861 0.08196091820254509
0.0843073096 -0.038296135 0.127052285
0.0889561526 -0.0386391282 0.125247147
0.08873255041123808 -0.0332259935376184 0.12022732230099348
0.09346988092280553 -0.03906117310484206 0.12152679302193865
0.09164745392527965 -0.03353214441297417 0.11519754581947315
0.0985833415183381 -0.040093871453510295 0.11914254571385302
0.09559087081977924 -0.0329007487487654 0.11230552236782394
0.104794898 -0.0417459998 0.116165841
0.103245855 -0.0383747044 0.109032081
0.108098632 -0.0441104086 0.112875559
0.107039313 -0.0417749897 0.105710292
0.111892174 -0.0448669889 0.110185135
0.110490213 -0.0429617538 0.102200899
0.115657293 -0.0459363105 0.107129762
0.113977615 -0.0440985436 0.09864387
0.119787013 -0.0461258798 0.104378583
0.117613644 -0.0450097363 0.0952826467
0.12464724 -0.0469880661 0.100851657
0.121887904 -0.0459013035 0.0915860366
0.129488576 -0.0469852461 0.0971881752
0.126226807 -0.0460349939 0.0867915077
0.06763350179375573 -0.04723806424567531 0.11257507555823232
0.06768751169396632 -0.04952610600493206 0.12045324639886897
0.06428747814130456 -0.04463362444644831 0.11352004289494971
0.06508194934951286 -0.046922541677528865 0.12168785686016809
0.061782793425902795 -0.04104831937496734 0.11499261293384026
0.06810795890914352 -0.04635786430687313 0.11296938416040593
0.06843887848804311 -0.04879521025849296 0.12082417557462712
0.06498667731796792 -0.044108835036643486 0.11414914634419694
0.06538725169637935 -0.046227992280015624 0.12234111074759382
0.06199159622027596 -0.04030823974392096 0.11581129893231287
0.02179903037875843 6.803049397847485E-8 0.13879059625221568
0.04188790734213551 -0.013240394001750882 0.11645573106658172
0.042953831063589576 -0.012987928478533554 0.11695321493762498
0.03775104931198757 -0.006048416015029814 0.11818453378006054
0.03979943089799498 -0.00929016959300068 0.11767943017021812
0.03987007122542848 -0.006274363186401817 0.11804082886465016
0.040893869038678435 -0.009761898905002784 0.11809596756093681
0.037405333510165624 -0.006225256246536199 0.12281848848163585
0.040714185086481454 -0.010135604018393128 0.12213508077698633
0.03875257282782568 -0.006037986667007948 0.12369237974577373
0.04105081157130516 -0.010310927949740503 0.12245759693846203
0.034466709714975695 -0.0052974696759816135 0.1250519608509205
0.031009134915763147 -0.004848565602757718 0.12699257047434398
0.03489517907914634 -0.0049778872544371435 0.12677428802257185
0.031839634573977905 -0.00484311827356424 0.12883404857391226
0.03317604234745499 -0.002986718627495012 0.1241422690742917
0.029979664503474324 -0.0026626425825375093 0.12607965964951992
0.03373205215616237 -0.0030205541795711973 0.12572181222439605
0.030642448267865132 -0.0027408754353101285 0.12760185083683617
0.03276983291411565 -0.001399261252947081 0.12366698605960756
0.029608333044460908 -0.0012468057173999575 0.1255419159021379
0.033229711249427175 -0.0013520083536222307 0.12523638422348107
0.0301895120026791 -0.0012490103597565675 0.12706285104833284
0.046336328505052794 -0.009966843033449649 0.15788636318127852
0.050092073482221854 -0.011149360312548862 0.15715899813463072
0.04765271974008863 -0.009207915586042023 0.15775591786482013
0.05150136299707972 -0.010680064237038052 0.15727732077402753
0.048015306204139345 -0.011836382566193147 0.15382702649046254
0.049006357504249545 -0.011222581466204274 0.15389333976381758
0.04490706203704967 -0.011968441964529475 0.15054569642240673
0.04600312777723019 -0.011338074996285964 0.15054855000671732
0.04211832517155818 -0.011993910973812116 0.14777922177364028
0.04308394046882799 -0.011164552253985015 0.14769913518296812
0.039655523974938045 -0.012558434971143586 0.14607581418554616
0.04050693717421779 -0.011732361149829043 0.14597801634483104
0.02914844519345673 -0.013174942621515041 0.14122883688316445
0.031025862218177467 -0.012201621061930656 0.1414943143134004
0.02512007815542221 -0.011324612792390824 0.13534285067706509
0.027516362329639204 -0.01074088000066531 0.13595190832615053
0.02758526227910123 -0.010623521960295897 0.13176407510269278
0.030383236220245087 -0.012952068922180832 0.13317289659376016
0.030296214591977372 -0.00973968343973104 0.13362270717687105
0.03245346223060788 -0.01234395723335801 0.13472540296259422
0.030856201150067916 -0.009936813505770194 0.13030734234008134
0.03336829425190338 -0.01198762398614318 0.1320895618912258
0.032162119551282294 -0.009113509676670583 0.13221749547969855
0.034334789053436565 -0.011598776406188088 0.13345096596563563
0.026618027780801128 -0.011946434345338822 0.1380806198090687
0.025516590379693088 -0.010973601513418573 0.13347239614304757
0.028786468809730133 -0.011402039433183535 0.1386156433969527
0.028004123066065596 -0.010322555258971118 0.13459113205252896
0.03253154032582376 -0.015575986287513447 0.13972990529577703
0.029902004826656194 -0.014863173220437469 0.1374720587832104
0.028657945216838003 -0.01385379905763175 0.13537102150972113
0.028987141400089955 -0.013144985123391375 0.13440967802821913
0.03404807293391106 -0.014659936848794538 0.13996285322055518
0.031586203012602 -0.014204192623668071 0.13808754162577347
0.030544454730432057 -0.013258122191265253 0.13625852125607602
0.03082462190091449 -0.012845573580634618 0.13541384282219276
0.04028591646309793 -0.014875458169602312 0.142033906170582
0.04137377471808762 -0.013571738645069716 0.14162702007201797
0.04926282208118287 -0.01750534421420811 0.14394152542025052
0.05253270347596469 -0.013207588772864376 0.1482193479057928
0.036377656155598896 -0.01746462468311198 0.1374754366775177
0.03748546990418149 -0.01660479115709526 0.13748438323941242
0.039960047129725125 -0.017725376290342428 0.13873418356909392
0.040869111849553004 -0.016460792171520022 0.13830318511215461
0.03428138646881862 -0.017184318437704696 0.13613681255019294
0.03563668228228831 -0.016089357735656732 0.1364742128630056
0.04411907052859991 -0.016279236068851163 0.13893105136036787
0.045044042172693935 -0.014854284589206138 0.13844864406324564
0.0468514895248623 -0.016853056881347268 0.14099360092422464
0.04774024912532153 -0.01579317678196302 0.1407920318731811
0.04694695574395872 -0.0179291204791516 0.1369129404913944
0.04807937268978352 -0.01630350934326171 0.13652260949087688
0.04002653946419892 -0.01932403632411502 0.13386306953466368
0.04166272825146506 -0.01736297513837465 0.13385517509483805
0.05131899744832292 -0.019956626825534247 0.14204359735980016
0.05499195669899764 -0.016362809110144275 0.1439612461044603
0.043326411225316996 -0.018718343516821206 0.12564245692264184
0.04344210966722421 -0.017742573016595306 0.12633956025055046
0.044576693531709684 -0.018279333777179437 0.12389377200685942
0.04497299670534562 -0.01763735870737569 0.12462319074386677
0.0439881596792903 -0.019966080166611312 0.13053524001787137
0.04727223221338913 -0.01933425168378969 0.13252796456613566
0.04505235202854767 -0.018477902730893038 0.13073523380128935
0.047992766890654175 -0.01812141964969996 0.13252414343295799
0.04553478831676855 -0.01666029524643465 0.1197567121147385
0.0458636966605524 -0.01656666961547204 0.12022677728892922
0.04181434859632122 -0.01359481543863733 0.12249712597306789
0.0423514530177264 -0.013728264454194058 0.122660278166134
0.046588022734495305 -0.022026070727766186 0.11369904386893807
0.04764277160599021 -0.022127760408871298 0.11450423362761326
0.047916256336688216 -0.026109829988930567 0.11161818768712349
0.049029225973387935 -0.025748947377410045 0.11222063796479714
0.046846618582814505 -0.01854192565322337 0.11933925760771336
0.04728926976218075 -0.018536627716196286 0.119603538897396
0.045049888705586946 -0.01756380585799874 0.12186318033788435
0.04553594192337563 -0.016991369103470228 0.12241119164918082
0.042950711619812336 -0.015556385764342068 0.12197292509207315
0.043184043662712626 -0.014786043305991366 0.12258315701165971
0.05654780060556106 -0.03237062278720874 0.10500975359537429
0.04997354891109189 -0.0203531640082286 0.12223853588840798
0.050448771081419014 -0.02016051152295718 0.1227938970307119
0.05041033105999993 -0.019820015527388053 0.12555424775484325
0.050893420227107 -0.018964800772390482 0.12618784239295436
0.04810964235159313 -0.020162170609368105 0.1280743756973601
0.048313291770243794 -0.019161336327346658 0.12860655764707876
0.050615696407446786 -0.01967398055905038 0.1300365548820712
0.05109840145097018 -0.018490526604936882 0.13021822620733153
0.05210437003076234 -0.019761478051072187 0.1315681248520813
0.05268819965622612 -0.018490136877916032 0.13162028593997382
0.052354009738216474 -0.019692425789282528 0.12818689169048683
0.05270553000243813 -0.018608361646123072 0.1285675767687451
0.050963376070801904 -0.023204729857087932 0.12135941864537429
0.05174138110522089 -0.022563562535769882 0.12236648449446451
0.054687572074220175 -0.03223338240033383 0.11654498263628296
0.055309287919074385 -0.032224089564511636 0.1175595985476932
0.05878559785581457 -0.03875227348049288 0.12044299132117711
0.059215162179338914 -0.03833825430537911 0.12067735943883538
0.05557556196973513 -0.03411412858164845 0.1209492069801252
0.056240341183897646 -0.033941408432166205 0.12160045085915469
0.05333707152750435 -0.028941957810623396 0.12281498308504994
0.05379170005577412 -0.028742555077910483 0.12316639290191263
0.06277081756226023 -0.04398583001196406 0.12074707543860216
0.06310535404001126 -0.043276016413817245 0.12151901510026426
0.053396158251936825 -0.02315228830170094 0.12926326425618243
0.052486735660561654 -0.02353824959813948 0.12523555513546708
0.05361869340764456 -0.022581806216194433 0.12924220210905996
0.05323445818813513 -0.022874123810134626 0.12575857556427011
0.05430886814658192 -0.024614816697146148 0.13827479451758382
0.05471871921424703 -0.024280421084533262 0.13814023640984724
0.05173658007713428 -0.020686366748557294 0.13793072632289044
0.05373452634759484 -0.018626683347470776 0.1383053805601344
0.05271624259575939 -0.022114150317624634 0.14022283704704513
0.05305379541370836 -0.021917743012507603 0.13991864592158743
0.05807459734082379 -0.021255764927669816 0.14996836063726834
0.05818957829767096 -0.02392276071000048 0.14790151122376088
0.05594096310585065 -0.019376257118162456 0.148415827017264
0.0556766781560863 -0.0225904352007429 0.14623119716540814
0.052748397081702925 -0.01780513766673162 0.1471619669675492
0.053255424695258104 -0.021151172586685807 0.14445709910612406
0.05840029886496317 -0.025931380723385567 0.1466853925438058
0.058960782385587586 -0.027982500643194557 0.1455091825279023
0.0560676509318272 -0.024716895077200842 0.1445993597101594
0.0568484119115313 -0.026936413222416734 0.14297413794644864
0.054096459949997365 -0.023416400874909767 0.14249643589634595
0.05542017936514039 -0.025749086676057353 0.14068356065207815
0.05579760930466933 -0.02838557380600672 0.1363643686866701
0.055470902446679425 -0.02810137333798532 0.13372174617290522
0.05804935459505343 -0.03443178560057124 0.13517243238209778
0.05758764244864786 -0.03445820006352505 0.13229701925889426
0.059398900484110666 -0.03894995854885446 0.13633305398952777
0.05981324408632691 -0.039785566610189525 0.1330828968146617
0.06276087897621828 -0.0443252906607005 0.13782670739988398
0.06311714435958893 -0.04521067514398019 0.1348122484435688
0.06577760044279998 -0.0483063991755006 0.14008871876869836
0.06629398457123344 -0.049563944326657026 0.13719077538947422
0.06919456758536172 -0.05156492440216309 0.14273138404614347
0.0701099511954304 -0.05322867860975528 0.1402654537743679
0.058648288011521665 -0.020672649624924797 0.15062449066401828
0.058757686870345924 -0.023546930103417917 0.14840873840901248
0.0575378307861002 -0.018014057688056185 0.1494332473653449
0.056044067570662624 -0.02216389742379799 0.14654025419885736
0.05675083329609447 -0.014575028840902402 0.149546900139266
0.056836291192613256 -0.017200655257705776 0.1466302988049485
0.05905009444538615 -0.025663115889884253 0.1471308874800352
0.05963970635728585 -0.027688702936970466 0.14600046526473157
0.05631487807087145 -0.02442794767334847 0.1448524377759575
0.057269428873651475 -0.026720767889831545 0.14336288896963215
0.05438106388300095 -0.02303773743379153 0.14246753303598086
0.055861467409417054 -0.02539288590987785 0.14080648903456347
0.056320796288211766 -0.028064162328849396 0.1367491035346826
0.05578356884308805 -0.02785227094931187 0.13400846396025065
0.058687380253812656 -0.033807210386165874 0.13550031533724893
0.05817933123916941 -0.033910558252043824 0.1325540828740373
0.060352485231055464 -0.03853655399900852 0.13641854472909803
0.060585920818166876 -0.03889732293047995 0.13342406448146302
0.06339092736763036 -0.04347181772052389 0.1382543694752936
0.06382289391020221 -0.044171397050582414 0.13540818747472244
0.06656740015748314 -0.04726145376065995 0.14053380306821706
0.0670543726017386 -0.04835871028486306 0.13774394023528053
0.07005783170333428 -0.050583332660719765 0.1428875251965913
0.07085765575888611 -0.0520984890657677 0.1405398014754803
0.05236041200317949 -0.01755588257491519 0.13501431267467776
0.051110236510043275 -0.01890158823017211 0.13502322861363697
0.04703389943270674 -0.018472781785588244 0.1250178338666601
0.043177599137059715 -0.0158879834429493 0.12441489161429797
0.04660277935056652 -0.019421384637927742 0.12420990207714229
0.04266329965240313 -0.016213480826104163 0.12386176109742844
0.04888961146180674 -0.026529313649792535 0.10544264907401045
0.05370699985601087 -0.030057024919842613 0.1126162725090716
0.049608754613888716 -0.02619639001237148 0.1058877407272281
0.052478466718196205 -0.02992571453835636 0.11260385755028432
0.05361711450708568 -0.030294007524086296 0.1073321514448135
0.05169322675080869 -0.02793993990306595 0.10987425805047682
0.05234353388074785 -0.030933261482897528 0.10637383479377038
0.049984526205363984 -0.02869720767563353 0.10903840957412778
0.06185528740219891 -0.03694183654023998 0.09298561688293298
0.06336459621499427 -0.03850606745238735 0.09938649296700629
0.06688678397527639 -0.039582970286337456 0.09126013127248461
0.0676619384781227 -0.04170721572319214 0.09758655669575274
0.07340236613976053 -0.04287558961535209 0.08958206578255573
0.07417693204502145 -0.0446067342916105 0.09585688452847059
0.07908320584071481 -0.04604812644672581 0.08754098189405396
0.0801518118563062 -0.04802056213356336 0.09375640473818123
0.08405669843612176 -0.04863724243849307 0.08535762964245217
0.08452594793261711 -0.05101317210154471 0.09140038616073905
0.08865896208976921 -0.052049340193184815 0.08302666289631211
0.08911865276570237 -0.054183020520073795 0.08846378670982967
0.09337960046605974 -0.0540609375907881 0.08108501215583415
0.09375588604946626 -0.056336784247543445 0.08608308638764242
0.09845461126990086 -0.055375323623346975 0.07880340052741934
0.09879721656874926 -0.058284530154586484 0.08333457953397698
0.10367385214629705 -0.05699836312525526 0.07580017138014913
0.10424242171713877 -0.05984517412112484 0.08001070682112088
0.11025820526142328 -0.057148529997895624 0.07305786682047531
0.11165992845970285 -0.05956637976865364 0.07646117330659694
0.11616109920138828 -0.056672450703079226 0.06986545446704392
0.1176432608946831 -0.0595216129915357 0.0733391939105234
0.12108151415591203 -0.05821371302879899 0.0663605130808506
0.12256878125274821 -0.06049504492517886 0.070049827720155
0.062376973975479866 -0.036477629694305 0.09361765213164812
0.06348734554742057 -0.03845605586911831 0.09937925741253212
0.06771059806777682 -0.039076030573604814 0.09148005549143082
0.06863058606764964 -0.041253221731014277 0.098031567539544
0.07384018571769906 -0.04233888375016086 0.0901582453553591
0.07485277591173557 -0.044287797308062406 0.0966151268566408
0.07992896164182843 -0.04554444250696589 0.0877924133443759
0.08038233566762183 -0.047621545728963585 0.09382035355665977
0.08515061922541174 -0.04810833843342364 0.08554006452208521
0.08520351267434907 -0.05027769714892837 0.09162703771776942
0.09015299341017866 -0.050468071994497016 0.08369340164849243
0.09017139549827116 -0.052686729184726035 0.08919579526437946
0.09442366293737674 -0.051452410094744445 0.08216741279898303
0.094595394425855 -0.05410670922513103 0.08693228379180132
0.09950773421234353 -0.0523084391145345 0.07994993815337449
0.09980736301218189 -0.05525174470974816 0.08426389453181585
0.10450435609635107 -0.05330681082425228 0.07746827863249928
0.10500260287119845 -0.056345453529495625 0.08144153257775334
0.11088538284103355 -0.05364380972631141 0.0743574486706363
0.11196731159595576 -0.0562981670006483 0.0781534354398923
0.1165744924678889 -0.0540324398958626 0.0707761846860595
0.11819911137943241 -0.05579463949945845 0.07457906316780623
0.12154454112226876 -0.05417418081812726 0.06775412921823733
0.12311376963796229 -0.05499388816905884 0.07191627723533499
0.07575529254572731 -0.026273310504576528 0.10764538672104618
0.07587506844886613 -0.027772634043507775 0.11082105701200415
0.08000726693838302 -0.028624430129057504 0.10578896156341612
0.0826442615794918 -0.028812281327972887 0.11092918278144884
0.08790567443373101 -0.029947533233438222 0.10246399708792
0.08660191195487998 -0.029265932739518684 0.10937406550302395
0.09297124405933628 -0.030261823945688108 0.09890866984697602
0.09105070060972413 -0.03026164404883944 0.10398565353942447
0.09825375650149899 -0.03424690292180507 0.09490978246058024
0.0978250432541277 -0.03442294176823352 0.09953896899712077
0.101772303 -0.0385791462 0.0909017706
0.102835825 -0.0380108187 0.0959908491
0.103984948 -0.0404712963 0.0880407221
0.10570515 -0.0397186696 0.0931443258
0.106588026 -0.0418139357 0.0850644286
0.107987574 -0.0416153497 0.0897082213
0.110172805 -0.0423645579 0.0824086694
0.111296981 -0.0421313838 0.0866623908
0.113554369 -0.0431274129 0.0794907149
0.114437981 -0.0438114495 0.0833422884
0.117071072 -0.0440242506 0.0781700005
0.118179553 -0.0443245783 0.0804884452
0.122122606 -0.0428742273 0.0731420756
0.122572893 -0.0454781588 0.0770178011
0.061381326086034055 -0.036754659455191095 0.10081067973934814
0.060793869986293825 -0.037564707727654724 0.10004276439845278
0.0590902066223203 -0.03439279718376419 0.1032834945282503
0.05528376566669471 -0.03267975638664407 0.10428345972265268
0.058414222856044765 -0.0346062583952479 0.1021809745427303
0.07892669669065959 -0.05647151104769132 0.14378237707762467
0.07445835713340232 -0.056042040830531006 0.13593120097540592
0.0776905133582677 -0.05861279522097086 0.1433678395352591
0.07371809891460625 -0.057262751846851506 0.1357071424161313
0.08351809110356326 -0.06120003180357113 0.14929222142401266
0.08616914072102595 -0.06164007441992362 0.15803874230333162
0.08774955175139776 -0.0634177660744421 0.14864359913604588
0.0902009449578753 -0.06451731169428392 0.15743115313046013
0.09197267752569765 -0.06601573006066971 0.14786988848327648
0.09457714644960351 -0.06721331447718261 0.15652572311900603
0.09645023932713398 -0.06816196712111747 0.14705496481643096
0.09931002119857653 -0.06939516894427208 0.15574968668212974
0.10118041702131092 -0.06994698937155355 0.14605834301986564
0.10417573616819677 -0.07128189803602984 0.1549214123313893
0.10612308718568356 -0.07183902909750532 0.14487141303114878
0.10914025733744585 -0.07289907361282384 0.15409590326707065
0.11144259295309861 -0.07378058617858008 0.14337549832769608
0.11453964010695218 -0.07438217834782808 0.1531593022164557
0.11867556428524703 -0.07599607118165168 0.14152344965144226
0.12141794419107863 -0.07592777029600954 0.15192578747345148
0.126986258869048 -0.07728239800258893 0.14035561035201016
0.12951630524159494 -0.07714698984287094 0.15061053094402632
0.13367420257809476 -0.07619505844537384 0.13757903277158426
0.1363313544991789 -0.07643993796900214 0.14846104382346173
0.14126733681356227 -0.07433448441270947 0.13638234617032838
0.1436986554935344 -0.07501381672938752 0.14721617755771063
0.08527859396538968 -0.05810421991899373 0.15010769074708996
0.08778577766512947 -0.05882690162130528 0.15879831059914373
0.08948639488540833 -0.059887406008286924 0.14919049370370846
0.09200790184063343 -0.060757076761017964 0.1579446860634676
0.09362662178352546 -0.06324812380806154 0.14805876066501267
0.09636032839118897 -0.0639118664341458 0.15685734804323842
0.09760591292528835 -0.06540704718406423 0.14725743538130207
0.10041486553589991 -0.06598184711151595 0.15603261678865119
0.10186930198677309 -0.0675351768432766 0.1462775683449522
0.10490491831679996 -0.06817634127146005 0.1551943470379784
0.10638686891381113 -0.06951101496621846 0.14526948838969014
0.10938351225284378 -0.07022999007283029 0.15444340231706968
0.11151536870223629 -0.07128659618282926 0.14380191119163588
0.11447590700158558 -0.07277143735161293 0.1532072298509068
0.11868991003448327 -0.07385762370791539 0.14202413114480064
0.12137640769769598 -0.07472719117953609 0.15192295906721992
0.1269798449388493 -0.07486249397496124 0.1421139825665664
0.12861494871614007 -0.07558194148887527 0.1499927214999962
0.13308727981645707 -0.07424298497478485 0.13863854513093268
0.13575958249778908 -0.07427166300886434 0.149283240529119
0.14115989282191854 -0.07153753457009288 0.13774090062079683
0.1436274792773902 -0.07233604091615572 0.1483037492858443
0.0898672451 -0.0531815365 0.152730903
0.0908942884 -0.0530140821 0.16079802
0.0936624271 -0.0539651205 0.152216376
0.0961624507 -0.0540925131 0.160651761
0.109925876 -0.0458186451 0.157231384
0.109196192 -0.048352592 0.16402414
0.11511689 -0.0464055331 0.157330548
0.11378772 -0.0497188183 0.163555846
0.117327355 -0.0475047185 0.156235175
0.116438514 -0.0508705453 0.162698186
0.118874946 -0.0488798392 0.154503826
0.118757096 -0.0523542327 0.161478477
0.120632415 -0.0513479368 0.152594051
0.121415673 -0.0543559544 0.159845871
0.124578788 -0.0529623 0.150876092
0.125876947 -0.0562758997 0.158576438
0.129260966 -0.0545976387 0.148577287
0.131117031 -0.0571382943 0.156998444
0.134267434 -0.0563390992 0.14604261
0.136395588 -0.0579970511 0.155379141
0.13979392 -0.0573814594 0.143351668
0.142269271 -0.0588555037 0.153279757
0.08148660124346645 -0.05920683718681815 0.15034639831572755
0.08252519916385927 -0.05704912109590028 0.15099365645027338
0.08425452289175728 -0.0596766507563279 0.15864469209921556
0.08541739278647215 -0.05789641313911016 0.15895302846185885
0.06871777691501485 -0.051890361584808524 0.17260420123518694
0.07400564183052556 -0.05507096277694058 0.17281504162137537
0.06970866065660111 -0.05071380019268133 0.173020473805138
0.07479423642716966 -0.05366161280460534 0.1727186898559496
0.07800722365081435 -0.05500383451311808 0.17003758889596254
0.07742311676462697 -0.056350903381973134 0.17012950102021937
0.08119529623600466 -0.05656032855476903 0.16650602469860504
0.08046936773261255 -0.05783312765261026 0.16642746863578264
0.08705784831969518 -0.06273279181812333 0.1666823260548996
0.08818584168941032 -0.06271740681677333 0.17477687650414694
0.09125663612321833 -0.06523324361273361 0.16582728713773004
0.09247046154191149 -0.0650278453750427 0.17396771730840438
0.09640440997955536 -0.06770947080070444 0.16465408540351348
0.09792795765275457 -0.06780232484553726 0.17280972281174453
0.10171452781201237 -0.07019259003718979 0.16381152715461195
0.10351598857266983 -0.07061233682817451 0.17202151680191535
0.10692014811771013 -0.07202182380442258 0.1631563329963999
0.10904278124538574 -0.0723482115679555 0.17150252016894907
0.1117428206940412 -0.07339978590379438 0.16270480823737216
0.11398916767704617 -0.0733499128586517 0.17119763203524135
0.11724535088844562 -0.07455348919198707 0.16211826288600348
0.11963982978609425 -0.0742337717647183 0.17079684010579774
0.12377472290730925 -0.07543174110875496 0.1612881499070473
0.12588299200395692 -0.07485325839990396 0.17024114991187794
0.13241526812602944 -0.07598056094206639 0.15885792933897624
0.1335864279480124 -0.07623863259391632 0.1691331044504009
0.13885468992601543 -0.07766405863933626 0.15789209119378825
0.14109079092265245 -0.0785893427885526 0.16782463532420916
0.14585221347805816 -0.07573614694124453 0.15708584176390897
0.14814386232130317 -0.07751797870191958 0.16698122206615743
0.08835041805937353 -0.05964596739281711 0.16715157853233553
0.08926534408672193 -0.0594319579709622 0.17512003108975824
0.09297832980432626 -0.061513616108196834 0.1663937544585798
0.09393123055281896 -0.06177112940062787 0.17461318047743368
0.09796140601456178 -0.06428576545015267 0.1651782991786933
0.09910122612322356 -0.06473877427293598 0.17344410093104412
0.10234799335598667 -0.0666983148682844 0.1646688888731814
0.10396141137187973 -0.06731412626668554 0.17317623590631528
0.10742717750279356 -0.0684940794617449 0.16404396814602357
0.10945248008285745 -0.0690647847723873 0.1726565973665452
0.11198402290569284 -0.07050238187346487 0.16345211263379422
0.11431414132327304 -0.07088726085830008 0.17208350383448223
0.11724475797240783 -0.0727357433041055 0.16269514772974153
0.11971012933041472 -0.07218114304692202 0.17168279388017846
0.1237739500773438 -0.0737012913269965 0.1619034361491917
0.12604142926784406 -0.07324505304925627 0.17105015546503452
0.1313256335069861 -0.0750187642142964 0.16031324552351772
0.13326743486069187 -0.07416628749872313 0.1701972064011839
0.1383603520929308 -0.07490710611034954 0.15890166330413796
0.14073607415734904 -0.076325093879015 0.1687799252930177
0.14583576222171016 -0.07320972936761722 0.15803240745358882
0.14807826187775738 -0.07511094139130735 0.16774033086380583
0.09647986 -0.045061062 0.172253392
0.0958399919 -0.0479570705 0.177837987
0.102298483 -0.046188629 0.172483221
0.101337347 -0.0500794058 0.177934002
0.107735882 -0.0500427231 0.17082801
0.106376702 -0.0532091857 0.177124491
0.111024683 -0.0529185313 0.169564875
0.110335218 -0.0552000938 0.176606101
0.113899074 -0.0551262389 0.168652109
0.113869713 -0.0574439833 0.17589695
0.117369121 -0.0570437661 0.167693841
0.117915534 -0.0596575773 0.174996993
0.121742825 -0.0582256953 0.166724401
0.122636425 -0.0611204522 0.174105528
0.126640419 -0.0596961969 0.165678861
0.127848826 -0.0619541391 0.173522926
0.132222003 -0.0604476464 0.164478415
0.13351586 -0.0630236443 0.172536119
0.137972584 -0.06055971 0.16315479
0.139627761 -0.0629819465 0.171657954
0.144035179 -0.0609590351 0.1614189
0.146169071 -0.0631011289 0.170387832
0.08363582514124404 -0.06001251544609976 0.1673938225967113
0.08454821491841863 -0.05817342221279976 0.1674859951708018
0.07075050425833604 -0.04578154799794538 0.1626250155120462
0.0722868206125421 -0.04820158124770001 0.1649733818402576
0.07022322093217197 -0.046940626445381946 0.16274027127687002
0.0714710245775716 -0.04950749835289706 0.16491297439718136
0.0732229319306612 -0.05053931781727347 0.1660585720420141
0.07251553027312632 -0.05168896500724924 0.1660031967611377
0.07452194750852151 -0.05253769886681634 0.16713569566817335
0.07359467188499007 -0.05377391323956529 0.16688973426447754
0.07568411497485183 -0.053924242867745865 0.16836702405571707
0.0749654249541355 -0.05528280740783121 0.16807992413748044
0.049182266150484794 -0.009188392416608009 0.16061584461354794
0.05442336647916746 -0.010623431461829171 0.16114482842599465
0.0506930997902442 -0.008834748612894962 0.160907155285295
0.056480364882040314 -0.01049700530690978 0.16189239151011506
0.05026817049084634 -0.008356803829684682 0.1762628980151032
0.05154452138150746 -0.00796794064429598 0.17608193272041164
0.06401807344240053 -0.017080636341337146 0.16427003572946897
0.06366704254285466 -0.016699391396227833 0.16289829689669144
0.06248818462754791 -0.01557565044994644 0.1658227518184379
0.061746633968070584 -0.014177789281916816 0.16420311559567535
0.058356185111231036 -0.012531287366362439 0.16696923464692384
0.05610972592814145 -0.010912006477764555 0.1636941498592921
0.05393406891127466 -0.010537978297214914 0.16789218449615978
0.050258787940593144 -0.00939010897887178 0.16306548092216766
0.06454349126313312 -0.016464463910463873 0.16404496682652564
0.06429742215740665 -0.015983293739218304 0.16261745004265243
0.06333780242226013 -0.014956598071586554 0.16572556652702403
0.0628328296861131 -0.01375678820831357 0.16419234089155657
0.059524052019972136 -0.012432243745291671 0.16688957969093368
0.05786245308296431 -0.01074418802608132 0.1640396633482227
0.0553132500434246 -0.010239140973144139 0.16781682278407703
0.0519534128205637 -0.009130434185985645 0.1634110586279987
0.07929333003190485 -0.03187635417851845 0.12041600957944439
0.07240823180805804 -0.02205297886641229 0.10367546897918449
0.06306085752411467 -0.020043113355560183 0.10326084586554517
0.06542134266061526 -0.021549135979240505 0.10366677602769547
0.06491326389525566 -0.02135062270847385 0.104801425278957
0.07102596271673652 -0.024412902791588403 0.10862525901813246
0.06670909433814043 -0.02376555064974493 0.1089555495720009
0.0633038593860353 -0.02327792591402351 0.1096313732408432
0.06629755199113743 -0.02301377518577547 0.11409422037825544
0.06485019161255606 -0.022300282862619272 0.11458955393938258
0.07194974535295742 -0.02688484571294528 0.11148640897501227
0.07091435035905458 -0.025258386215878285 0.1142488648001205
0.06914461163463333 -0.024117328619644184 0.11579262914233185
0.06803309386609174 -0.0236178852686179 0.11630962886004037
0.06651424879287156 -0.022916236545709574 0.11651200657231003
0.06334243854126068 -0.02079174648286467 0.11718560781698871
0.05922743927400362 -0.01790578261852869 0.11764701557321368
0.057628214887942425 -0.014623037123698304 0.1181136973304968
0.055021019701894186 -0.010753695810530952 0.11802089883286938
0.05439381239904504 -0.00774840886877159 0.11790262297709021
0.05363327323634608 -0.005206572042417062 0.11734711820059554
0.05326126713424649 -0.0035411219646558864 0.11700323384284353
0.053059804256620505 -0.0016356886991903865 0.11699363707418277
0.07324556521858758 -0.02637628242777708 0.1179487352363362
0.07085135053087442 -0.02553205829188776 0.11907341075387708
0.07026453586473054 -0.02452893849309796 0.12001987224538446
0.06855349359578376 -0.023240173068480918 0.12059113348285838
0.06387892357407629 -0.021264939398947517 0.12163274170448354
0.0602903781904871 -0.018872338506365924 0.12205380247643251
0.05824947938603918 -0.015018696541449715 0.12158325457425938
0.0768548246044607 -0.028775992002006215 0.12185795082458632
0.080500278 -0.0346209166 0.126940615
0.0799046217 -0.0423729635 0.13146034
0.0796704331 -0.0492162803 0.137738792
0.0864722015 -0.0493015984 0.147686544
0.0872464108 -0.0521212499 0.153371272
0.0892663844 -0.052645479 0.161356116
0.07443339230025794 -0.025700787246557933 0.12324336419556822
0.0772635055 -0.0312043168 0.128079794
0.0774389992 -0.0388620053 0.133050337
0.076043878 -0.0290348053 0.127631406
0.0754423572 -0.0318059845 0.131731266
0.07299139463611692 -0.024564452928640908 0.1232608379392294
0.0735545187 -0.0248621702 0.127313561
0.074061323 -0.0259733786 0.131336772
0.07052161916497746 -0.02278694092370936 0.12416169463110521
0.0712961419 -0.0235283033 0.127351267
0.0720808776 -0.0235725466 0.131009115
0.06669004563194286 -0.02118470786382356 0.12497072928254696
0.0675748263 -0.0214123434 0.127613532
0.0677095292 -0.0213146722 0.13048367
0.06103927590139708 -0.017933324072937195 0.12531613609971887
0.062464632 -0.0174651462 0.128010301
0.0627953388 -0.0162533089 0.131638038
0.0531722424 -1.623353E-9 0.197169467
0.0517552831 0.0 0.197731162
0.05040577819179235 -9.37175230976953E-10 0.18783265376371455
0.0486092887060538 1.407223162299433E-9 0.18818458245726896
0.049898519632981274 -4.0276634132662705E-9 0.18136193765139927
0.04764035583839038 1.4217250496705183E-9 0.18167180901239108
0.0507477574445426 -3.951160649824501E-9 0.17831955089632293
0.04840003387574259 1.1417228653936196E-9 0.17878232938427047
0.05107051069118926 -3.0587273724730325E-9 0.17548290521245408
0.049416874012441235 3.6962347705557327E-10 0.17556027014065415
0.0586477532 -5.6097E-11 0.198088062
0.0572356465 -7.577126E-9 0.190599904
0.056204812 -5.933962E-9 0.185014214
0.0570190512 -6.589894E-9 0.182646502
0.0579517604 -1.7287042E-8 0.18030242
0.032608381516639535 -2.2239689450320777E-6 0.12326043582389426
0.029520765439857453 -8.932835292924275E-7 0.12519609332094978
0.0330740125056356 -1.1530746324576092E-6 0.12482951381104977
0.029795190077316784 -1.0120449420220567E-6 0.126764883990201
0.0578381025 -0.00792131916 0.180084189
0.052838513890399605 -3.916105273550573E-5 0.11692273773931623
0.05100046523464673 -1.9593439133463894E-6 0.08165598997002833
0.048792922165050094 -9.815197098357868E-6 0.08456511827206366
0.04801981698739466 -5.650955643667186E-5 0.079835047875966
0.04316424226349802 9.10352079716522E-7 0.08277812596107666
0.053155352615138644 -6.836948179394392E-6 0.07780291126302381
0.051043706928013056 -2.9033831384761672E-6 0.07624094873470455
0.05338777899456251 -7.508500721259344E-6 0.07332851048853775
0.05080898006756744 3.054220061104685E-5 0.07266455451542159
0.05208314151225614 -1.2073014348069202E-6 0.06871362476737722
0.04873239973988214 -1.1915689732139476E-5 0.06761633645198933
0.050992975661091094 -4.186927391918261E-6 0.06519001853455833
0.04829522429704997 -1.1172724653883496E-6 0.06485836359306388
0.05113915979463802 -2.925849107545707E-6 0.06319503786614637
0.04823079153979366 -2.019250676022029E-6 0.06253829391098688
0.051943041712219674 -3.1716665561371053E-6 0.06157855485050075
0.04957909064402838 -1.2993152230654228E-6 0.05956596197048786
0.10630028707868844 3.7032247186821606E-8 0.03354741825085918
0.10417024138772826 3.886782354923168E-8 0.03134769909919456
0.09223138163724966 1.9565789635313294E-7 0.03663328364352959
0.09053997630323585 -4.520614162565631E-7 0.03425048567420455
0.08854451202814813 -6.193130127650319E-6 0.03742586983661851
0.0874707246331205 2.4947160018239954E-8 0.0348431612575644
0.08347288988582684 1.705880818647634E-8 0.03837594652979775
0.08228352616633605 1.024663157839528E-7 0.035807025840148256
0.07723546775866756 -3.337778206819322E-8 0.04109055602019219
0.07648149877462472 9.724781277141005E-8 0.03891396192926475
0.07238236102731854 -3.9268719796307503E-7 0.04476047304956995
0.07079901914627112 1.0629776219058196E-7 0.042780346846219
0.0680351716068893 -7.303168342853914E-7 0.04728143537541698
0.06606363499244573 7.966016059576613E-8 0.04577059530187287
0.062801528440887 -1.7393961929372896E-6 0.05014247246774256
0.060486712927211195 1.655493083112238E-8 0.04767918417598472
0.05982207736080454 -2.4246399659296242E-6 0.05213591346288044
0.05718806402685235 -1.29793936401508E-7 0.04916127267112374
0.05763147266641573 -3.340001146131722E-6 0.054854591065614945
0.054460652043478275 -3.295770167194939E-7 0.05158841176951298
0.05511693094949685 -3.6132531870833526E-6 0.058007080489053356
0.05188146127093993 -7.524079144254525E-7 0.055157444262905427
0.05691458546983948 -7.23193334462766E-6 0.0857199859762286
0.0554125879505847 -8.952984395168498E-6 0.08738472724203555
0.05524817323847256 -1.1530873935650174E-5 0.08434860615568306
0.052669590107064575 -1.148809266774981E-5 0.08632125539263415
0.05968041197643057 -6.311708994961908E-6 0.08139147976269745
0.06156298312790722 -7.026452504449248E-6 0.0786269580571018
0.06252823291720488 -5.310457410418309E-6 0.07370851535018262
0.06203750970640901 -5.534993498388901E-6 0.06911535591898688
0.0617025608 -4.68462592E-6 0.0668684849
0.0616575562 -5.05620528E-6 0.0640134185
0.0619446963 -5.08794924E-6 0.0612566432
0.0625025299 -4.80930132E-6 0.0593009251
0.0645970467 -4.12965982E-6 0.0574517725
0.0672416984 -3.03147505E-6 0.054858997
0.0733044472 -1.6117856E-6 0.0556015284
0.0834666812 -7.39692758E-7 0.0570383795
0.0870970342 -4.4330674E-7 0.0570526755
0.0912001434 -2.88723847E-7 0.0566109755
0.0954233415 -1.72989524E-7 0.0563655928
0.102054806 -1.16999231E-7 0.0555171937
0.112652911 2.5513513E-8 0.0375692056
0.11525829204632115 -0.04253683088081008 0.040427760683760985
0.11821010452054713 -0.046971925970312856 0.043485310784073715
0.1175748366407741 -0.041419184180804605 0.04101100644873325
0.12055934765547838 -0.04547229273459724 0.04391671129914282
0.122886892 -0.0386534398 0.0448943084
0.12426687 -0.0423677781 0.0459908709
0.12429592933528527 -0.05396035356832382 0.050651652363109756
0.12606011221692234 -0.05256616182385404 0.05046054062919339
0.128852453 -0.0487250629 0.0513156212
0.0935058674083477 5.2659190381568354E-8 0.033495500976763196
0.0989937097151033 6.322407413730412E-8 0.03239967331952218
0.09397419999549969 -0.0027780801598309606 0.03322721267656158
0.09921920062459788 -0.0027762536403195723 0.03226169837098294
0.09437893167148952 -0.006350996453463252 0.03397818700364861
0.09959323319221162 -0.006296633560918165 0.0336059506665601
0.09566542678242018 -0.01077389664589538 0.034638342031758106
0.10034216049311594 -0.010305144891886431 0.03355996367767211
0.09705155190778113 -0.0163324170072003 0.03440507587102632
0.09976034616536394 -0.01527395985466815 0.033084802324527776
0.09968808209226147 -0.023900990603236513 0.03612606024934898
0.10230450177132609 -0.022859066532798032 0.03373383864680462
0.1026292091528555 -0.030214444155532493 0.03877453844915001
0.10566470110765255 -0.030822329593129073 0.03583678292001925
0.1080836625003103 -0.038054647220655796 0.04321262497154658
0.11052898041569699 -0.037454468700849425 0.04089983431843981
0.11172332727871617 -0.04214770024244648 0.047316436950825484
0.11379762573093062 -0.042154378628944084 0.04445788949988566
0.11448524346579701 -0.04638090567344808 0.05051388994584038
0.11655888782123801 -0.04655876660991451 0.04747837199329261
0.11672732382563064 -0.05064385666084405 0.05346868250278652
0.11891811993251974 -0.050934327983117846 0.05044545507602382
0.11917283006720243 -0.05397660766855237 0.056681914522446496
0.12180436898942254 -0.05377722996842424 0.0540536576494092
0.12205022402061529 -0.05640623338703063 0.06034126004695679
0.12471775250767933 -0.056714369719784205 0.057556028499922654
0.0962242683243525 7.214892059835875E-8 0.03582918358490655
0.09951281538960105 -1.0559580240861827E-7 0.03460610061556661
0.09625295330085247 -0.0026359678045654385 0.03564020848773751
0.09964403680391318 -0.002768447332207716 0.03471105731265241
0.0972080680231481 -0.006670929484418435 0.036328589237821354
0.09992153580005098 -0.006348632898764453 0.03530032765118127
0.0980242890431805 -0.010953696328728372 0.03663579658276104
0.10077547357299492 -0.010108131088345764 0.03505422839062715
0.10045142916898366 -0.015768615274841667 0.03861228664707129
0.10267848035976192 -0.0159332993301706 0.035054058608413624
0.10354391341344095 -0.021125641492274663 0.040942807041591964
0.10476938927589557 -0.022042792076343833 0.036380514102331896
0.10744763609902257 -0.029336699887065002 0.0438231985592569
0.10845737474641395 -0.029480017888148243 0.03933138058377599
0.11145139359090213 -0.03525905797689603 0.04757674644730747
0.11336714076066923 -0.0357562112688151 0.043702232848917014
0.11406123689098097 -0.04004666679116072 0.05038616118996448
0.11602756864150404 -0.04069944683378841 0.046539083624032064
0.11611968256760201 -0.0442579323333156 0.052800886019727565
0.11839284738404683 -0.044946568421701194 0.04910238123626412
0.1181475110097015 -0.04829274050982562 0.05545232687876931
0.12057619576930378 -0.049064243564704686 0.05185426864273652
0.12036053199958287 -0.05148483689605621 0.05842390874125982
0.12296646028195796 -0.0522966033230732 0.05506514202494366
0.12261029565839773 -0.053877151017366655 0.06149776201757974
0.12560469618864076 -0.054728360265640125 0.05822957559620272
0.105958335 5.9579175E-8 0.0470844145
0.109191123 4.1301489E-8 0.0405487362
0.105743235 -0.00230689407 0.0470253232
0.10897305 -0.0026727774 0.040560533
0.107073206 -0.00552777813 0.0479575538
0.109432423 -0.00597031345 0.0409335209
0.108174672 -0.00899258091 0.0491962784
0.110170105 -0.00971409422 0.0415570099
0.110128785 -0.0128519974 0.0507351912
0.111525167 -0.0137235618 0.0426103334
0.112389094 -0.0177496814 0.0522907639
0.114108545 -0.0192325711 0.0446056453
0.1148907 -0.0226104901 0.0545562737
0.116460468 -0.0251922813 0.0463775886
0.11747231 -0.0284927044 0.0568402497
0.11900673 -0.0310244666 0.048930683
0.118802752 -0.0325646585 0.0584059092
0.120477965 -0.0359322245 0.0505507018
0.120122151 -0.0359566497 0.0605788107
0.12218819 -0.0395478705 0.0527726702
0.121235802 -0.0392553947 0.0625546032
0.123754912 -0.0432152983 0.054813946
0.122780034 -0.0410589455 0.0657720854
0.125689298 -0.0455282141 0.0579198214
0.124424494 -0.0426204985 0.0685306247
0.127595428 -0.0470215265 0.0614489692
0.118363712 2.5936935E-8 0.0345277809
0.119367331 -0.00300727299 0.0346781832
0.115944571 -0.00317995443 0.0315857036
0.115489031 1.7134496E-8 0.0314039498
0.119370503 -0.00610101569 0.0350615752
0.116207019 -0.00632586016 0.0317838769
0.119384012 -0.0100559729 0.0354468482
0.116605776 -0.00986384949 0.0321663879
0.119411135 -0.0140286987 0.0353548588
0.117367682 -0.0142348289 0.03192039
0.119428281 -0.0188711312 0.0356959019
0.115354423 -0.0205152101 0.0329031074
0.119435723 -0.025353727 0.0367543099
0.115882927 -0.0268485443 0.0334074397
0.122172361 -0.0340496179 0.03599897
0.11974781 -0.0342289902 0.0328576414
0.123966366 -0.0403809577 0.0371003673
0.120042458 -0.0422244641 0.0351293862
0.126248052 -0.0445287206 0.037730719
0.122686261 -0.0468957623 0.037149299
0.129705224 -0.0480970779 0.0411620682
0.126152429 -0.0508137001 0.0407821855
0.132395629 -0.0509558764 0.044764165
0.129707148 -0.0534278832 0.0443949106
0.134496714 -0.0545350602 0.0483928336
0.132405266 -0.0571974627 0.0485128745
0.113597152 -0.00278265134 0.0293792436
0.112611352 0.0 0.0293758826
0.113959612 -0.00637593903 0.0300384986
0.113734384 -0.0101419696 0.0307844
0.115552552 -0.0145419531 0.0304086012
0.114587398 -0.0207058653 0.0314680527
0.114581105 -0.0276070737 0.0319095583
0.118782467 -0.0346697955 0.0316534231
0.118687907 -0.043441148 0.0340610432
0.120615186 -0.048200758 0.0370789055
0.124093416 -0.0522756072 0.0406944559
0.128193455 -0.0548779758 0.0445161117
0.13134025 -0.0582227805 0.0487778548
0.1249275603594035 -0.055931577810900815 0.06472095697951459
0.1242738488395492 -0.058680315563517174 0.06398931014997203
0.12827541732407696 -0.05664884116719497 0.06176923173944412
0.12757161085570398 -0.05850650023060624 0.06148756999398823
0.1316050571728041 -0.05757358190600029 0.05832505278900007
0.1307171944913498 -0.058906222490756076 0.058720819324917004
0.135075785 -0.0602551454 0.0530319006
0.134291051 -0.0612488223 0.0534814972
0.125575698 -0.0435445408 0.0713319697
0.129333375 -0.0482885699 0.0640944146
0.132967594 -0.0527895833 0.0584334074
0.136551319 -0.0567555478 0.0525654802
0.12644028113473654 -0.057510156726345955 0.06894897455840701
0.12614776271787184 -0.06100293828079811 0.0679675588135112
0.13029944352817346 -0.058724614090054 0.06560545613201241
0.12996903978027746 -0.06130286880670973 0.06551715934952343
0.13433453845666374 -0.05977769903743001 0.06221416746836984
0.1333025076010388 -0.06178073896589303 0.06295620543102583
0.138415191 -0.0621111072 0.0577418616
0.137559537 -0.0634949234 0.0583125408
0.127080587 -0.043633102 0.0730549753
0.131417539 -0.0481590133 0.0680562954
0.135113429 -0.0532522594 0.0629423673
0.139353328 -0.0578543733 0.0577399528
0.1282558106575586 -0.05920689698568975 0.07326720208546533
0.12792786541836534 -0.06322974757943917 0.07234421314213482
0.13247722887046526 -0.06040774502667063 0.07033205026769218
0.13196563452822965 -0.06363488193709971 0.06987865782440233
0.1367137811717563 -0.0613990243461683 0.06721715943443766
0.1358452732842309 -0.06392071989982588 0.06747058031094688
0.141393529 -0.0631586869 0.0631771163
0.140614368 -0.065099051 0.0637024813
0.129141306 -0.044276707 0.0743452524
0.133103614 -0.0475693921 0.0723629978
0.137448853 -0.051707834 0.0679543951
0.141904364 -0.057015525 0.0636346337
0.1308211671058237 -0.06166898744938634 0.07992472775453012
0.13068563898497637 -0.06638292173583474 0.0784931386699951
0.13547528733856026 -0.06176046657946176 0.07781556658493355
0.13534571657558953 -0.06575608098713916 0.0770067738207453
0.14009154676426394 -0.062313839930061905 0.07580633983475342
0.14016259243920426 -0.06547309471761606 0.07498485763036912
0.145866625 -0.0638057365 0.073194897
0.145309818 -0.0660948299 0.0727077122
0.13096995 -0.0472845994 0.0840662325
0.135319048 -0.0477572413 0.0805634771
0.13944258 -0.0500971347 0.0791176299
0.145854128 -0.0541980621 0.0749891556
0.13400151625762238 -0.06313768290680145 0.08833938900530504
0.1342131146086346 -0.06874049706796445 0.08725820875528151
0.133953182 -0.0475937446 0.0931283373
0.138067336 -0.0491039583 0.102944686
0.13783948878890318 -0.064349183783383 0.09890491112779928
0.1380225155414903 -0.06944850421059853 0.09783334325801049
0.1416107726042695 -0.06595991408472282 0.1139170817381561
0.14174719607421316 -0.07103157708239807 0.11334600727871733
0.142336836 -0.0524789519 0.117017493
0.14452571965750027 -0.06790512995842832 0.12706568200596907
0.14475193658929497 -0.07081586079004275 0.1257637453411712
0.146324115 -0.0550318547 0.129942463
0.13904869750269963 -0.0621886781762589 0.08628242491614495
0.1391981357214319 -0.06721666493632016 0.08561055181115888
0.138508596 -0.0477145175 0.0896890896
0.142100985 -0.0487768488 0.0995484621
0.1429805028459257 -0.06358410609307376 0.09625718434327678
0.1430289114795439 -0.0687844043585092 0.09580242339194994
0.14729710301928622 -0.06512059643131653 0.11219525969421011
0.14829524257484095 -0.07022737509324956 0.11023056092423783
0.147061814 -0.0523186606 0.115695086
0.15030875283455788 -0.06739011212942737 0.12548199410808014
0.15004496276259516 -0.07094102613533772 0.12461214838939892
0.150390177 -0.0543588682 0.129401966
0.14400752605661216 -0.06335094655567221 0.0840008450676269
0.1443157744753877 -0.06728476253577564 0.08339625937107138
0.1426223 -0.0484723594 0.0879947144
0.14775498706742718 -0.06470861542881394 0.09366982554285852
0.14823751841444965 -0.06915082459074655 0.09351524030483623
0.144842576 -0.049582187 0.0968319918
0.15234760886106072 -0.06684302803708264 0.11038936958710524
0.15230428507883287 -0.07098852285512369 0.1096095936770126
0.151569572 -0.0519004459 0.112464648
0.15559403064018332 -0.0679752256944548 0.12383998473567608
0.15537185648489 -0.07259232278358065 0.12319341470093609
0.155738023 -0.0537560827 0.127390303
0.149514103 -0.0650704864 0.0815510668
0.149415567 -0.0671983758 0.0810527882
0.147854028 -0.0523678271 0.0843606642
0.153295283 -0.0660555234 0.0909935322
0.153530337 -0.0691773376 0.0912930045
0.151071187 -0.0509107582 0.0936363179
0.157968489 -0.0681337526 0.108524893
0.157657691 -0.0715452191 0.107954502
0.156186745 -0.0529612252 0.109673727
0.161023721 -0.0690967878 0.122198343
0.161102904 -0.0731653287 0.121797161
0.160533125 -0.0540367542 0.125418774
0.14670667844354046 -0.06627478483823701 0.1382346702482739
0.14696412112677032 -0.06906224166265096 0.1372689137014232
0.146758431 -0.0563564699 0.141649332
0.1527391337892726 -0.06855865383967893 0.13690829626663117
0.1517680556738838 -0.07222361794372562 0.1355393987691255
0.153380024 -0.0558241234 0.140446244
0.15864422991529764 -0.07125599035702322 0.13556813413820806
0.15822550961290452 -0.07474214890841217 0.13462594016757323
0.158572444 -0.0554410982 0.13938176
0.164213779 -0.0710959846 0.134409827
0.164141724 -0.0751769919 0.133451624
0.164398469 -0.0552610815 0.138183793
0.1493372229326989 -0.06700905549207528 0.14842212506718022
0.1485922520168772 -0.07150693097220219 0.14828166579508223
0.149227604 -0.0580235448 0.151546417
0.15531326434580678 -0.07040447194325951 0.1479298808785534
0.15522417239269626 -0.07523208627734239 0.14653725132498596
0.156301816 -0.0573594191 0.151377572
0.1613621986393665 -0.07512052793558162 0.14683512800079235
0.16104104148106288 -0.07777466760623276 0.14553234912545607
0.161777357 -0.056828307 0.151224044
0.167029919 -0.072105553 0.146297155
0.166983625 -0.076192436 0.144963
0.166945292 -0.0563791423 0.150839566
0.15206400278401958 -0.06827787696426522 0.15883996586767735
0.15207990310042016 -0.07155257133977673 0.15824166519192484
0.152005184 -0.0592101318 0.161591775
0.15739394684336752 -0.07316066214361594 0.15799870928568524
0.15675199770981682 -0.07805865983334187 0.1567885871898376
0.158990715 -0.0585202036 0.161615767
0.16328677581277898 -0.07630828465862351 0.15727614084281752
0.16285409453135014 -0.07936583786031416 0.15620199468753243
0.164465317 -0.0578331636 0.16180955
0.169433824 -0.0731795381 0.156953383
0.169398203 -0.077747869 0.155696205
0.169530764 -0.0570048046 0.161876285
0.15460487607084608 -0.06990055196608268 0.16869955475855766
0.15434888936843988 -0.07284054578162175 0.16809840523209024
0.154475439 -0.0620288123 0.170744026
0.1595057895425941 -0.07222780403706681 0.16783356313356287
0.15924218715979066 -0.07541185950754212 0.16720823228116588
0.160953167 -0.0625799714 0.171118851
0.165460546563837 -0.07539248026366183 0.16698263629829158
0.16510164148669734 -0.0794509475164445 0.16580449235119016
0.167248951 -0.0632056288 0.171013546
0.171923135 -0.0748817387 0.167197172
0.171873162 -0.0791049772 0.166195767
0.172582466 -0.0627730172 0.17148351
0.1559785919259507 -0.07331756982353664 0.17789828045487244
0.1559612764840708 -0.07571608605638883 0.177294268706261
0.156402928 -0.0648116736 0.180506646
0.16055617629136934 -0.07518572808425913 0.17715332634634628
0.16029285540150148 -0.07757225624828547 0.1765046907604401
0.162383056 -0.0654263032 0.18064119
0.16738156423954037 -0.07665586956251202 0.17683111493697443
0.16829565836668223 -0.08021234099440053 0.1754431962869905
0.169958904 -0.0655076217 0.181180063
0.174210479 -0.0769171907 0.177251119
0.174290842 -0.0821237617 0.175987814
0.174840213 -0.0653027549 0.181062613
0.159782765 -0.0731698338 0.198132315
0.160024334 -0.0747306973 0.197874008
0.159212265 -0.0655791238 0.202316158
0.164813598 -0.0737497979 0.19811897
0.165350997 -0.0771607376 0.198033262
0.164593166 -0.0650324045 0.202659013
0.170782222 -0.0772224816 0.197570728
0.170485807 -0.0819940233 0.196069175
0.171298707 -0.0655027858 0.202278932
0.176859304 -0.079008421 0.196889321
0.176909034 -0.0843347337 0.195442794
0.176636295 -0.0648666077 0.201737672
0.057256809900251886 -0.00993463983265139 0.12147299086180932
0.0556694251930311 -0.007091042517301641 0.12181320509605541
0.05566257078529405 -0.004601574072422325 0.12137742536427445
0.0547558749112008 -0.0030457526884306845 0.12070295877517469
0.05478179900890965 -0.0013938268868349 0.12107430330330025
0.05447548062857208 -3.922780399826532E-5 0.1213327312692531
0.05811513954423604 -0.012698659597170286 0.12166422541452154
0.06003962351992885 -0.015510982435517719 0.12556608204570394
0.058851663300019785 -0.014104739773884208 0.1255187966536105
0.0581694903541893 -0.012161574416337598 0.12492269253063269
0.05739509704138667 -0.011206131645896386 0.12456917558534758
0.05570288429050792 -0.009544900682240847 0.12414842308983606
0.0625079682 -0.0251313994 0.19658412
0.0619342832 -0.0287933189 0.190036476
0.0649316206 -0.0305371398 0.195860644
0.0678279432 -0.0344490857 0.195304827
0.0698470185 -0.0388706162 0.195147991
0.0667084347 -0.0397965932 0.181576611
0.06701887 -0.040748668 0.183228157
0.0681646236 -0.0410045037 0.184816174
0.0701916446 -0.0413027814 0.189139072
0.068523219 -0.0433513214 0.181288761
0.0737545617 -0.045258505 0.189368598
0.071946315 -0.0452499021 0.185146683
0.0698514325 -0.0445438419 0.182798836
0.0719830665 -0.0468339872 0.18100988
0.0719794034 -0.042446511 0.195344322
0.0755606459 -0.0446918626 0.195591171
0.079660419 -0.0464276367 0.196019957
0.0839070617 -0.0478763691 0.196599053
0.0885076402 -0.0488356865 0.197099373
0.0932478583 -0.0496731656 0.197471542
0.07753716 -0.0477965993 0.188770685
0.081496161 -0.0482220959 0.187376637
0.0858040939 -0.0473082052 0.185891721
0.0908343674 -0.0473462078 0.184569643
0.0756537788 -0.0480062604 0.184463471
0.0806118697 -0.0483651347 0.182209083
0.084799525 -0.0476887938 0.179927915
0.0897618148 -0.0473034235 0.17809862
0.0738897878 -0.0474723869 0.182449173
0.0792681894 -0.0488812204 0.176724642
0.0801478421 -0.0486911121 0.17951483
0.0759599756 -0.0475571981 0.16842579
0.0754524653 -0.0479440698 0.170528729
0.0767072563 -0.0479192946 0.171348248
0.079523399 -0.0471331007 0.172054637
0.0887956078 -0.0490362628 0.170235895
0.0824839249 -0.0481327408 0.174202163
0.0841503108 -0.0483518206 0.177108942
0.0844784424 -0.0493449928 0.169213207
0.0869884633 -0.0506916181 0.169451504
0.0846294751 -0.0513376906 0.164188585
0.0869536262 -0.0522744579 0.162450399
0.0827924074 -0.052255559 0.157675147
0.0847175092 -0.0520075962 0.154907411
0.0809881488 -0.0498760729 0.153136937
0.0835614469 -0.0488488728 0.149904102
0.0764564593 -0.046463778 0.147730852
0.0769990288 -0.0475379147 0.144285472
0.0659386976 -0.0208616816 0.139854056
0.0668385886 -0.0204647357 0.136964523
0.0697064105 -0.0250326839 0.139415803
0.070593257 -0.024744853 0.13677078
0.0719164373 -0.0311174256 0.136847187
0.0719143353 -0.0382213672 0.137609526
0.0728818192 -0.0442594045 0.139938373
0.0720684656 -0.0308622247 0.139244182
0.0722247738 -0.0375419651 0.139660008
0.0731408504 -0.0429508756 0.142519624
0.0506057252 -0.00658007439 0.160309292
0.0542589179 -0.00857758568 0.159326479
0.0590209585 -0.0102749312 0.158992104
0.0612228562 -0.01123916 0.156370961
0.0586666694 -0.00814871792 0.162595248
0.0622858191 -0.0103719457 0.161180478
0.0596308304 -0.00731083387 0.164836689
0.0627736379 -0.00876261589 0.164610618
0.0674682976 -0.0105082665 0.164097923
0.0674833352 -0.0105408877 0.165347617
0.0676464496 -0.0107920002 0.1665943
0.0679842105 -0.0112654313 0.167932769
0.0647352217 -0.00911425074 0.165407973
0.0647900248 -0.00881994171 0.166665511
0.0650885513 -0.0091189229 0.168006295
0.0655519546 -0.00980246674 0.169656911
0.0621740809 -0.0071774801 0.166180099
0.06165846 -0.00654377847 0.167945642
0.0615129995 -0.00695848144 0.170061864
0.0621159048 -0.00811841171 0.172690366
0.0598340579 -0.00625221082 0.166709058
0.0597373373 -0.00610069968 0.168716527
0.0597911287 -0.00673398804 0.171026325
0.0601673244 -0.00796588532 0.17361576
0.06192414253977202 -0.027537486929034138 0.15006732850249413
0.06248767580470519 -0.025471740031952617 0.15068267701260912
0.06260234099817778 -0.02345822820822693 0.15137250265683747
0.06325353584531268 -0.02143996084948728 0.15233069090412896
0.061714258362720396 -0.028116242902506573 0.14998484696033906
0.061611382587705 -0.026355621392215416 0.1506219142428121
0.061608074830180035 -0.02434235423231824 0.15144167162701722
0.06176163726123853 -0.02222911510878372 0.15258572378801694
0.0701048858 -0.0154461416 0.154218054
0.0700069939 -0.0173858559 0.152981764
0.0696837954 -0.0194042137 0.151897314
0.0693276153 -0.0214781755 0.150998528
0.0665810724 -0.0157584315 0.154147045
0.0658755628 -0.0169735286 0.151771342
0.0656932715 -0.0185349734 0.149601268
0.0659470091 -0.0205588983 0.147839661
0.0647786641 -0.0149836827 0.154519157
0.0635225864 -0.0159959388 0.15119156
0.0638572229 -0.0173303735 0.148391735
0.0645910339 -0.0197274408 0.146347148
0.0622820552 -0.0119795606 0.152327116
0.0606045702 -0.0136104358 0.148799848
0.0611066436 -0.0156890632 0.146118266
0.0624013311 -0.0178903813 0.143883922
0.0624209505 -0.0162901118 0.141174201
0.0622005588 -0.0158287416 0.138175723
0.0604358523 -0.0138981499 0.128384269
0.0616699134 -0.0116722217 0.133415638
0.0611935787 -0.0132274284 0.130508464
0.0570089117 -0.0112575551 0.149625886
0.0605084854 -0.0111219263 0.137728874
0.0607881409 -0.0135130364 0.143450654
0.0605748443 -0.0118933336 0.140234545
0.0588674285 -0.0116684034 0.142828988
0.0593112663 -0.0125549104 0.146193521
0.0550883122 -0.0106929951 0.150559541
0.0497990413 -0.00916210318 0.151989979
0.046423575 -0.00766351656 0.153983029
0.0440626883 -0.00623734098 0.155983906
0.0420781988 -0.00323123723 0.157430727
0.0412334655 -0.00142250714 0.157727022
0.0412282639 -4.744024E-9 0.157721288
0.0541373872 -0.0111581113 0.143589603
0.0373274108 -5.79568189E-4 0.154023384
0.0496260919 -0.0103060234 0.145300714
0.0456919971 -0.00828431288 0.147647842
0.0421857508 -0.00696978792 0.150009759
0.039674654 -0.00524209299 0.152307206
0.0380464062 -0.00178409042 0.153534925
0.0373253034 -6.393954E-9 0.154025219
0.0566075316 -0.0112647177 0.138812052
0.0507541859 -0.0112065998 0.140112954
0.0460578315 -0.00952709949 0.142192145
0.0419692223 -0.00825051501 0.145360674
0.0385694689 -0.00656463611 0.147969354
0.0366714122 -0.00448508541 0.150099954
0.0354905986 -0.00135164777 0.15121283
0.0351759411 -3.20725484E-4 0.151486069
0.0351755152 -7.23912E-9 0.151485884
0.0601540356 -0.011554677 0.131992502
0.0557291719 -0.0121016936 0.13537282
0.0492688364 -0.0136985931 0.136903935
0.0454221612 -0.0122826128 0.138336928
0.0420447861 -0.0109187254 0.141327048
0.0386712746 -0.00941549483 0.144002876
0.0359307854 -0.00626472581 0.145904107
0.034140248 -0.00377069343 0.147340105
0.0331600221 -0.00123931526 0.148497647
0.0329160488 -5.38240946E-4 0.148604846
0.0329186597 -7.360644E-9 0.148602139
0.0577127247 -0.0128592829 0.130561891
0.0513775612 -0.0144479783 0.133651006
0.0420655838 -0.0135406462 0.138438574
0.03764975 -0.0111786817 0.141039772
0.0458200404 -0.0136893856 0.135221102
0.0355011776 -0.00899579538 0.143286746
0.0330902261 -0.00606012695 0.14411449
0.0315719187 -0.00339134592 0.145088792
0.0306234811 -0.00130184297 0.145736757
0.0304198165 -5.5483891E-4 0.145913917
0.0304212391 -3.269929E-9 0.145909253
0.0560659458 -0.0147804778 0.12756124
0.0502958719 -0.0167648817 0.128558128
0.0480552332 -0.0158500909 0.131670138
0.0437298724 -0.0149256631 0.134426073
0.0402226089 -0.0139867017 0.138367089
0.0352435222 -0.0120097483 0.140247233
0.0401265214 -0.0128304235 0.137378642
0.0334836228 -0.00950774607 0.141738496
0.035224667 -0.011849493 0.139965086
0.0355032367 -0.0114544437 0.13900975
0.0312130608 -0.00593550037 0.141855166
0.0298093143 -0.00323707059 0.142285381
0.0288559702 -0.00125160354 0.142846266
0.0284723782 -5.69622967E-4 0.143156992
0.0284732757 -2.9013E-10 0.143153702
0.03219135 -0.00913675287 0.139618759
0.0301011804 -0.00547113111 0.139170704
0.0293753999 -0.00402966823 0.139245874
0.0300858314 -0.00385150321 0.136666358
0.0314103421 -0.00639643853 0.137263966
0.033383838 -0.00942410783 0.138389316
0.0283948599 -0.002021217 0.139474553
0.029041505 -0.00183467846 0.136623513
0.0276208671 -5.57861654E-4 0.13981451
0.0276207161 1.4037762E-8 0.139809252
0.0281928812 -3.73026457E-4 0.136836315
0.0281919644 3.640996E-8 0.136832215
0.0309832158 1.55059214E-7 0.133799109
0.03574193 3.44376472E-7 0.131459481
0.0452267669 3.40548746E-7 0.127844603
0.05048129605513833 -2.8943638431408604E-5 0.1253959522965906
0.0309850558 -3.3772853E-4 0.133805098
0.0357484424 -4.92826775E-4 0.131472381
0.0454334683 -9.0306936E-4 0.127944049
0.05070323550104527 -0.0012377231594116285 0.1256707457456536
0.0318464708 -0.00185623036 0.133700129
0.0366138324 -0.00208965091 0.131478977
0.0461715671 -0.00283497894 0.128009428
0.05154033836596232 -0.002723378247336785 0.12586256184479597
0.0328559253 -0.00383930018 0.133943529
0.0374234579 -0.00396426412 0.131553882
0.0465693427 -0.00505989214 0.12786795
0.05236368708710421 -0.004073792160397947 0.1256099064627599
0.0499809333 -0.014541473 0.126896674
0.0478336918 -0.0158547972 0.128518781
0.052344262 -0.0154424482 0.127005089
0.0501839575 -0.0165252018 0.128350647
0.0466184348 -0.01648009 0.129723935
0.0395280389 -0.0124428941 0.136864917
0.0426207395 -0.0144599525 0.133685479
0.0402852873 -0.0114260523 0.134567281
0.043146797 -0.0126482402 0.132315517
0.0343512961 -0.00641179925 0.135028097
0.0360578239 -0.00886618458 0.136603475
0.0377466007 -0.0109746835 0.13752135
0.038111175 -0.00599828484 0.132217003
0.0385731289 -0.00810249901 0.133493247
0.0391566422 -0.0101231933 0.134687079
0.04391280633804499 -3.6238437067460106E-5 0.10385767266049928
0.04393351508283584 -0.0011247098319137707 0.10381604813486546
0.04557408046020929 -0.0011787323924502715 0.10735235287962445
0.04560375689749348 -1.0328547807848871E-4 0.10741087937921616
0.044125647910497695 -0.0022421346719039992 0.10389211456866423
0.04566982787769511 -0.002759167784869471 0.1072442082256866
0.04455736634351812 -0.004677367293212249 0.10387977194895462
0.04591303000015896 -0.004817397458620956 0.10705609748278305
0.044955709566181945 -0.007144275910593265 0.10407529913953585
0.04625759378690887 -0.007471746652553529 0.10696878264383804
0.0459093625720063 -0.010269421999485545 0.10419947481630287
0.047318155908118824 -0.010840906088792476 0.10716245864706041
0.04788131158863309 -0.01297279897433507 0.10472957859446387
0.04855487332717072 -0.013568615093809444 0.10701282942643492
0.048770047794646165 -0.015696682269048055 0.10418021369568717
0.050006366706518014 -0.017004443510532694 0.10630873698144892
0.05040635540680304 -0.01770588541187638 0.10400457083775626
0.051646639970018914 -0.018648459675221555 0.10611190425788058
0.051782322630387415 -0.018982002742620692 0.10377117486581965
0.05251542036866167 -0.019722510806229103 0.10572286481899959
0.05305665376554801 -0.020293917080276443 0.10325516990511961
0.05408780901631225 -0.020746163656231716 0.10518112176880832
0.05414919549764558 -0.021006344069478506 0.10264596809623373
0.05510179662378854 -0.021535870848581253 0.10454015800425491
0.0548706090789148 -0.02216686467268991 0.10179271948236836
0.05647099125414067 -0.02239909933592437 0.10376954132636222
0.058102142398966494 -0.021929071160024568 0.101797185465313
0.05878354185975458 -0.022519630007050966 0.10359509318938982
0.0606934397462403 -0.021963288996570948 0.10215084491905675
0.05852497853990272 -0.021285887364854768 0.10005709581153845
0.06230180332770782 -0.02128792773010523 0.09978042085327446
0.060156281226367965 -0.01989641932726613 0.09907836414166446
0.068117968182256 -0.02429191342038122 0.09426769702230227
0.06461692752053885 -0.02132921056060109 0.09533334246527246
0.06325227358588272 -0.021844357821210362 0.0918380426938356
0.06758760067453716 -0.024585502856353716 0.09073406680128798
0.06238920692861838 -0.021404492272149536 0.08989472457080926
0.06719221734188058 -0.02375338515872956 0.08802409967486637
0.06185046950277603 -0.020279760424860176 0.08808811109392696
0.06664459701482447 -0.02243113305957176 0.08600688194056885
0.06142848525984064 -0.018611794692265322 0.08638613921192542
0.06605181319742102 -0.021117705412455494 0.08394580782069924
0.060977953364143425 -0.01666781974480703 0.08484388487265633
0.06532146783839819 -0.01924023513430749 0.08219839785592117
0.06074157345145378 -0.014452509922111582 0.08337456523592081
0.06462311783687631 -0.01688851377925293 0.08042685146779029
0.060561872337669506 -0.012194648869285958 0.08214836794084453
0.06341046508460964 -0.014085001376339378 0.07878655492578976
0.06044680773849802 -0.00947819471117787 0.08141288272927771
0.06200377342014493 -0.010746720422930353 0.07754670598945006
0.058898428834026836 -0.006946645570922043 0.08130602732677489
0.060158744833081056 -0.007379624638130873 0.0774362054139439
0.057705410032848 -0.004035283351016409 0.08085382774865989
0.05917621169322819 -0.003924685879238546 0.076464299546431
0.05776752759457773 -0.002290308510870022 0.08061195201004648
0.059060495243449605 -0.0022757531411689903 0.0762988361152719
0.05773905447607761 -7.61703029516846E-6 0.08065695195704681
0.05907295224119281 -4.94688372243013E-6 0.07624492612553697
0.06586528239530816 -0.0240744841352226 0.09903055873319604
0.05847683767780905 -0.0023564592563194574 0.07162865396354678
0.05846176991057267 -6.069291030027083E-6 0.07164507596080973
0.059198015970083645 -0.004018129415027616 0.07262970596492596
0.06057755162250317 -0.008110779999996787 0.07293061352318592
0.0627631496654438 -0.011796989187773855 0.07297792223011723
0.06459622490938592 -0.014967818703218574 0.07386505390818196
0.06614105627907509 -0.017970935853234955 0.07492460014972331
0.06752751277641954 -0.020880506340701415 0.07599165586492708
0.06858473615338409 -0.023225150938311356 0.07801283858504914
0.0692530246353095 -0.025434623711514254 0.08041046477492782
0.06968688149148328 -0.026663911014304195 0.08285101995592328
0.07033367938414198 -0.02827830601542173 0.08599442117723227
0.07160545048656496 -0.02927513794615668 0.09153525107628534
0.06999698518938277 -0.028368773243457945 0.09725380562937257
0.06858460892500963 -0.028646313198180513 0.10258114553560813
0.06338951030460972 -0.02610963291255194 0.10417256093900346
0.06013552726936303 -0.0264375345470446 0.10445659077765157
0.058117689986348677 -0.026003123537474228 0.1053531869500899
0.05848074649293038 -0.02340758647984558 0.10848350139717898
0.05632696556921072 -0.021767435816144737 0.11019137924909755
0.05398592837076421 -0.020046834196832387 0.11148131158173197
0.051580010222490945 -0.018203773568356087 0.11157626703733975
0.05004604553793789 -0.015339085061753521 0.11193378566140744
0.048443752413471604 -0.011336331793639527 0.11148523155195925
0.04751232985318558 -0.008820772614013303 0.1114258986770798
0.047200099112932506 -0.005239401749720621 0.11089095630527376
0.04690830116845462 -0.0032512404721097617 0.11077745231778184
0.04688402864073161 -0.0015049978074030063 0.11100280777685408
0.04682581855127378 -2.025134368757643E-4 0.11102787912639367
0.057611613049438376 -0.0024545900025873006 0.06771396908214922
0.057214418898205596 -5.208642355201391E-6 0.06784786005671495
0.05903792627044331 -0.005223429314983479 0.06758249710158992
0.0608840201584581 -0.008383641944815837 0.06821278633846632
0.06288289259690487 -0.011830730275011402 0.06879449681949029
0.06516583899955895 -0.015159091363710799 0.06952039082625232
0.06673748974064306 -0.018489355048103166 0.07029736980326158
0.06976169972715777 -0.02239951503216279 0.07183177163421511
0.07149850288135548 -0.024833106959792912 0.0768270658592836
0.07286617502179853 -0.028373614129120067 0.08428299774587723
0.06802904732738885 -0.03277992780269801 0.10586574384629019
0.0654633760678765 -0.031446973199341186 0.1065357640982534
0.0635694593701785 -0.02864487933197432 0.10862987521460069
0.06165519459533007 -0.026532505929261804 0.11080266302783506
0.059979694465653315 -0.02534904864576443 0.11271657860839039
0.05795822724389553 -0.024407468750643098 0.11421666407145876
0.055464552603955296 -0.02283020781586862 0.1155203445509557
0.05284457576007973 -0.020225159704931685 0.11640849563491963
0.05103236801586229 -0.01676089811864296 0.11708725578829635
0.05024809120348118 -0.012901242936313567 0.11710023499880988
0.04871621907571008 -0.009484877581166678 0.11724304393935678
0.047886854781582076 -0.0069540191076205805 0.11696818266823887
0.04744979921604629 -0.003515043160681734 0.1162878402836794
0.047349985765036295 -0.0014723832886860328 0.11650591971804865
0.047362068427596785 1.9366883026867078E-5 0.11663780928728977
0.05759713660815671 -0.002615503746512703 0.06442974533009764
0.05682450891764875 -5.7433540984011515E-6 0.0646706067291073
0.05817541139502993 -0.005349951621905568 0.06453186322200531
0.060610508978159734 -0.008361172116427883 0.06517550920254377
0.06313558757861724 -0.011266378752225564 0.06589277844630219
0.06546219110566223 -0.014605310209139565 0.06648862019407349
0.06783658514965125 -0.018798040028528536 0.06697329576097724
0.05839155104466047 -0.002706689433453884 0.06241655071339137
0.057230193718751404 -5.7740795340381665E-6 0.06270187079013963
0.05841508402474656 -0.00536788266950974 0.06216037346589046
0.06102687333254032 -0.008059688757016967 0.06239613670191776
0.0630926961088102 -0.010890727716432598 0.0627376085252083
0.06575869081939162 -0.014247753499032123 0.06331799525549917
0.059322224370933034 -0.002547907575502732 0.059159181154450485
0.058165836633606194 -5.141751715691724E-6 0.059065563416369614
0.05952457475815586 -0.005166048241247508 0.058990852467679517
0.06160386382108379 -0.007892677304306915 0.05915889456681995
0.06379223050948266 -0.010819016458248053 0.05933711963759972
0.06062281536276157 -0.002483353932093643 0.05662367161173271
0.0598191295336944 -4.468459248305138E-6 0.0563375017444117
0.06112430226800238 -0.005061101705274347 0.05637445739650837
0.06311585341138616 -0.008096617735878648 0.05642448221417941
0.06529527222265237 -0.010921460370519899 0.056389288739176306
0.06862574784213968 -0.015273938996179428 0.0569606628686126
0.0669452622145499 -0.014466867496654231 0.05971785550208764
0.06291521438046833 -0.002608368764098346 0.05435607760661479
0.061642117230748306 -3.507027488868654E-6 0.05386440737594103
0.06349097415658683 -0.005105097880767316 0.054089424367235316
0.0656908736102346 -0.008341126471300746 0.05419361918981933
0.06773176817124724 -0.0111453683950784 0.054313971455374706
0.07080771278661757 -0.015807158151610805 0.054948137482107064
0.06778628149071911 -0.016872339321020245 0.061896608101782324
0.06639758092507082 -0.002669158572219966 0.05243029453554316
0.06464875942035907 -2.7127511017347236E-6 0.051806027685229315
0.06704720509485596 -0.005364498510177708 0.05239845139882088
0.06848975627622639 -0.008569471686230323 0.052409316005968654
0.07068676386082587 -0.011467555604553727 0.05294958836680293
0.0740542038988525 -0.016120636066025033 0.053813090847569564
0.07123413048852634 -0.0026478705543456793 0.05059321784788314
0.07120481719688157 -1.4323681082457998E-6 0.050194307958756415
0.07202848582661171 -0.005407365653722433 0.05072761703092808
0.07333028012378064 -0.008675870412671078 0.05113036298557216
0.07521543033300777 -0.01212786360759961 0.05166851446586326
0.07886415546388326 -0.016591699962137985 0.05333365785956098
0.07576925460997778 -0.0026414949214040723 0.049331650995553804
0.07644050107520572 -7.084083654888723E-7 0.04911621350058159
0.07684054676445977 -0.005468815556938605 0.049798943285220124
0.07811108664116614 -0.008854900621335784 0.050146165014723514
0.07993712942505317 -0.01254180216401022 0.05078727240980135
0.08421988430860353 -0.01706289379883068 0.05375704463215968
0.08121680701569196 -0.002656761709938699 0.04709686811650188
0.08168122484629967 -3.5878148357239243E-7 0.04687096162863711
0.08212837632010736 -0.005379840720912245 0.04818887785726459
0.08554793243189344 -0.012854242253857359 0.05030051995794884
0.08350691782031246 -0.008905451131916802 0.048940669390712156
0.0879577356199642 -0.0026616957894457336 0.04610224816127277
0.08675655353805935 -6.971210351389716E-8 0.045081612670174874
0.08918084100759893 -0.0058398834819213645 0.04837111278907588
0.10118803304657999 -0.019609173894571005 0.054592883697314167
0.09590522306695101 -0.017899028272086673 0.05574167173208706
0.0929358346092287 -0.014258987920738824 0.05233590863312216
0.09798415495617217 -0.014293601299811536 0.051713101767999425
0.10396641702994665 -0.006274434115864016 0.03629564851795528
0.10507409360081438 -0.010299281515061313 0.03717488111246679
0.10312726055086643 -0.009522322628497988 0.04429908624545754
0.10117129086234629 -0.005917860768214417 0.04197097676827202
0.10332068881119874 -0.00272157353461512 0.035732378145205544
0.09968831159040892 -0.0027015715934364617 0.04040097883310523
0.09846477253700207 1.0880458528479347E-7 0.03894474308294982
0.09654704533142203 -0.0026910214339492793 0.04284567083723899
0.09542286524950995 -1.3847845886537417E-7 0.04148389393760141
0.09810506658370702 -0.005891900844800149 0.044655614716977036
0.1103074414617449 4.1771618542170135E-8 0.03441891108454263
0.11117667278357016 -0.0029207824255818 0.03402715068494373
0.10306823774448216 5.118625765872293E-8 0.036215995851282226
0.09337403458367446 -0.005862931690233102 0.046820570059014986
0.09230388957879715 -0.002677717077436449 0.04440034671821424
0.09129749657098814 -7.245765472925085E-9 0.04276742344353753
0.10330382715066563 -0.014326443922603266 0.049270443423817666
0.09542671865408558 -0.009453277137436546 0.04883835598097342
0.10037011264545427 -0.009488057481388939 0.04663486046651552
0.117112155 2.2791581E-8 0.0327078568
0.117262113 -0.00313950412 0.0329364761
0.11781744 -0.00636226183 0.0332114254
0.11201701222215694 -0.006362302073957913 0.034062758843748965
0.10604815797568591 -0.014366353514751249 0.04640550173821913
0.09058172560140078 -0.009419497274232599 0.050049117559962025
0.08953065985057655 -0.017456307155582156 0.05479224156959813
0.09976825262353996 -0.024479581472738446 0.05895623743960361
0.09389151878731775 -0.0241589806359901 0.058568339616059964
0.10619199798380557 -0.019630663365712637 0.051947708252506386
0.08837011376906159 -0.022683144559454554 0.05715920567948927
0.1041847709052987 -0.024429143173686475 0.057150085684110556
0.10887671650286931 -0.024442432249726472 0.05427775422805414
0.10681552459167423 -0.015104306154196922 0.038525101146450254
0.11002965271888668 -0.009839283275235984 0.0342500435414645
0.118037238 -0.0094789674 0.0333615651
0.116924396 -0.0139895499 0.033385437
0.11052221649917685 -0.0141893937374897 0.03579335650210951
0.116388586 -0.0194646016 0.0338764241
0.1111762236980796 -0.021037925063320695 0.036293373901630295
0.10969184328710736 -0.021025228589506968 0.04066169319660753
0.10856710388455708 -0.019685439220578367 0.04793870036878683
0.117618564 -0.0262600934 0.0343369966
0.11396496460926825 -0.028024910215685536 0.03725495592803562
0.11295920280704187 -0.027134881772791 0.043329893897734985
0.11124877542000583 -0.024492088273440696 0.049595254088352414
0.08386394600823577 -0.02179616500645064 0.056207062999192925
0.0788562983090866 -0.021423378222145004 0.05620973141611316
0.07562914227826863 -0.02139896647629533 0.05692293644742228
0.07253479235226842 -0.021150366080202456 0.057862582938668444
0.07059840892918336 -0.020105432319015324 0.05993209858070787
0.1067668272817831 -0.030419527960919714 0.05941595747478151
0.10258679766584734 -0.030477370333266706 0.060772078995894645
0.09737989680583911 -0.029765183445835734 0.0609400115948136
0.0717856539501654 -0.02205204547146982 0.06510378595814299
0.09138414519889018 -0.029598378434640683 0.059801912644982684
0.08700301004041075 -0.02905771011382664 0.05914273790967731
0.08337005426749942 -0.027584749127438114 0.05957717495219082
0.08086233597277137 -0.02643113776886982 0.061230902009645115
0.07789217407162277 -0.025232453613315154 0.06310260072928355
0.07490099502826249 -0.02392728602967389 0.063925995514955
0.121054602 -0.0347964487 0.0350105088
0.11704654705193929 -0.034973893093578956 0.03910466193097094
0.11627476506787138 -0.033199696834171046 0.04642752905388465
0.11403513336968359 -0.03047634061308705 0.05207847819303983
0.11157565762299824 -0.030426255729092556 0.056588288448056474
0.121763611 -0.0412088016 0.0359232361
0.11978184372616377 -0.039955752599109086 0.04165236894029858
0.11815456615432943 -0.03843561763490075 0.04841575431840945
0.11638518201076944 -0.0362478614253715 0.05420594029389281
0.11357858238765196 -0.03480543158518138 0.058335581255795035
0.1083683954133457 -0.03519448972242386 0.060288831444911935
0.10393780066803116 -0.03505741143808932 0.06209591223833821
0.09938099801226588 -0.03527316730537633 0.06230245984487411
0.09467268132016932 -0.03520651322087228 0.06231517653478734
0.09084072049355227 -0.03464336114150149 0.06260875744693213
0.08733310341750866 -0.03336262578871952 0.06322401209292558
0.0844241947175712 -0.0315127095750153 0.06525163071641182
0.0819205925546336 -0.029780132600575954 0.06731734042741566
0.07852853250577285 -0.027097316337102533 0.06890761762724726
0.07460975318176134 -0.024703528132918696 0.07004403786910249
0.0765035817005712 -0.027872376487511546 0.07576117232695759
0.08082894494545009 -0.03077106608936696 0.07391546871252697
0.08469513806909926 -0.03290161645688083 0.07219888716739928
0.08769995559405502 -0.03474992511390349 0.07012733265102658
0.09032371217943735 -0.03724181276858655 0.0675870348647135
0.09450895076711247 -0.03793803631076311 0.06659366907340147
0.09773156204110814 -0.03901439928224665 0.06520769221814564
0.10164316153891888 -0.03909720715769736 0.06460579918546154
0.10579875171836192 -0.038954511423999284 0.06368405513635254
0.11023089291098351 -0.038787552272546905 0.06254558699384082
0.11505906875115936 -0.03882069872976991 0.059953655249107264
0.118025973216997 -0.040205887888353026 0.05619230695643046
0.1201920581709092 -0.04237499821334691 0.050792766291242346
0.12260263421917991 -0.043831602255901145 0.04449805780199364
0.124471977 -0.0457085851 0.0374105511
0.12795796 -0.0494295883 0.0409455861
0.12541083369017267 -0.04728597282420525 0.04747412545151566
0.12209731916111774 -0.046225363169333455 0.05320228230724549
0.11968440936241026 -0.04382345210639241 0.058360103395509864
0.1166939406860983 -0.042458845258493354 0.06242627181383116
0.11188447916673719 -0.04236618680297124 0.06524272657957209
0.10773558708565277 -0.0423985793598052 0.06684319261514671
0.10277346944915329 -0.042757483537959516 0.06788537406966298
0.09894761096815494 -0.04232086613159636 0.06871940701589037
0.09576069964382004 -0.04137542581718683 0.070333509905818
0.09336658146451743 -0.03943082679065479 0.07310757379853676
0.0901020713754472 -0.037634485947940534 0.07565582585147868
0.08659143273432507 -0.03555271301349692 0.07838711165168617
0.08229019700851023 -0.033824171449313364 0.08071681198938635
0.0769482579797037 -0.03106382284201645 0.08342407895041534
0.08705650054969342 -0.039223533613852064 0.08896728809956099
0.08172189264282531 -0.036906741120738336 0.09206047761625047
0.08269141722327578 -0.03572216876377836 0.08755442029948367
0.08747736206451451 -0.03758865314507508 0.0846547568034304
0.08671555966600909 -0.04056674070151657 0.0928862214725711
0.08095490156063126 -0.03823398049998562 0.09597335495350565
0.09453852167296938 -0.044157951962258815 0.08206543575437368
0.09126116741739008 -0.04172980836074555 0.08539987107959982
0.0915440780688668 -0.03981355270731481 0.0812467293814116
0.09439827953786083 -0.04237972492674863 0.0779591670452891
0.11170608851726936 -0.054389419638328516 0.1044379170140948
0.10661165710584966 -0.0533355555061592 0.10732935239675422
0.10511955702055974 -0.05112718025518327 0.09916864275289214
0.10995069796237902 -0.05195379434512827 0.09597567047251843
0.10286958630250481 -0.04862936979313292 0.08687986108183518
0.10370818325276487 -0.04983455068155351 0.09185427306843469
0.09928614501224241 -0.04894244960334894 0.09490098779149893
0.09869184751354482 -0.04773897426812033 0.08959286701066332
0.1004388270593973 -0.04439036973005326 0.07393951495065369
0.09728304739771056 -0.04347433840868713 0.07584228754700438
0.07453163387662116 -0.034206355291091055 0.10474475278296233
0.07483660401928648 -0.037641619082592656 0.11042142487845111
0.06964596786997561 -0.03420149515332839 0.11155340995003453
0.07336385529726762 -0.03410400459177157 0.09882034413035183
0.07511281251595976 -0.033526490680789854 0.09452571462000604
0.07621184122459593 -0.03291719620355255 0.08986343170792255
0.1102860761747886 -0.04717557252005268 0.07395144134408181
0.10532710185240439 -0.046572111919355605 0.07609790307331937
0.10399689324616274 -0.04541397693240585 0.07182919354781399
0.10899152899686526 -0.045535229468650226 0.07021018535804645
0.10133112024829942 -0.04591058356704232 0.0780765374206998
0.10212115804831465 -0.047179022136711525 0.0822929319556823
0.09805055144193203 -0.04661956126466462 0.08461637664149164
0.131087441 -0.0521670063 0.0445500886
0.12742891568771877 -0.05073578377408824 0.05075875248088288
0.12407415056919399 -0.04926661823386706 0.05624298861288822
0.1215695524291328 -0.0463978076144038 0.061248945321908554
0.11839121963284362 -0.045254076930053545 0.06484516734349983
0.11365379156357637 -0.045122242855653145 0.06847900720152375
0.11517032694680467 -0.046905188964323115 0.07146638364797622
0.11645594958884 -0.04813623312044651 0.07432075466188463
0.11141689044974216 -0.048462409499854406 0.07737783073791149
0.12341142101332164 -0.048484425814913454 0.0641876024222218
0.12524042300416044 -0.04979060856470434 0.06714542525678273
0.12143305027924553 -0.04813650068403552 0.07125874461771776
0.12005212926029876 -0.04728114202029551 0.06770233884418175
0.12969492991418957 -0.053507602573709276 0.054406635309206426
0.12634754818419258 -0.051290529315487624 0.059560115523758436
0.13345326 -0.0558747461 0.0484194298
0.135803271 -0.0585255485 0.0527693731
0.13225602167552727 -0.05524352095972211 0.05830770692482102
0.10755224825584624 -0.048698160692105745 0.08439328487885596
0.10839688084020593 -0.05023898147369029 0.08894302716747356
0.10657861523813665 -0.04743306640453952 0.08011978521408705
0.09470057942680289 -0.0466640202348402 0.09199919997934551
0.09497787842709962 -0.04764585329019402 0.09778843567781986
0.09057200571912645 -0.0453238774610832 0.10109909169191364
0.09075171306710038 -0.04430883697754791 0.09484386294996333
0.09773180861707678 -0.04506787507340561 0.08024989834686908
0.09449277752002615 -0.045660201740165676 0.08673948506343176
0.09089469138957208 -0.04324685402703979 0.08964970867478661
0.08639187592127798 -0.042094773109490995 0.09795551391097117
0.1154651153584423 -0.05198648089721492 0.09257467843664835
0.1137968315139076 -0.050826488514806034 0.08563052313222573
0.08566454244124692 -0.04347780370744276 0.10365395600250657
0.08072008563638318 -0.04075946592337264 0.10806479682328396
0.08208105635238791 -0.037261664177076916 0.10242274478923251
0.0812397194990176 -0.04318700110515825 0.11471227666458977
0.07520782413521793 -0.04074483549657461 0.11629158562845791
0.09078924022239543 -0.04786146317375963 0.10779897567964877
0.08563308206976958 -0.04642146540943756 0.11059186036844507
0.07313725735043007 -0.03942342641955846 0.11713284597402863
0.09606072080229665 -0.048999911992940244 0.10497992739584544
0.10058234199252583 -0.05023006836759412 0.1021596991267476
0.11270068984291845 -0.04918866301994202 0.08137721610489591
0.1177314819644616 -0.049223711984679154 0.07813780521226049
0.11911712145112521 -0.050774671010455595 0.08230332781446813
0.12859174550880423 -0.0528678211377832 0.06267889074309443
0.138869634 -0.060020131 0.0577142288
0.13470035480516443 -0.056544018678943535 0.0624896056105299
0.13068953635405303 -0.05362443247955653 0.06665206367290807
0.1269279389393086 -0.05027607940581263 0.07114742766763596
0.141620613 -0.0601190937 0.0633617262
0.13704670791150092 -0.05656994615590171 0.06746060532306312
0.132763202155922 -0.05370882922132312 0.07118489745930245
0.145855656 -0.0590448974 0.0739914815
0.13972278470948593 -0.056111124357625455 0.07727512342222757
0.148687907 -0.0583868624 0.0827127864
0.14046174380717874 -0.05511119675077258 0.08594885830626249
0.12305354039522137 -0.04861191187107352 0.07448350945561252
0.14186757535753558 -0.055387290134902484 0.09547556268923134
0.15185463560141696 -0.059314364435456506 0.11124404521314504
0.14670052361422692 -0.05846530881654733 0.11360817315761643
0.13886819368663475 -0.055254353851702354 0.0984841621852583
0.151629685 -0.0587085008 0.0917263284
0.156981185 -0.0605193545 0.108970694
0.160723344 -0.0615663143 0.123671338
0.15562462562251697 -0.060871430435177766 0.12544927679079862
0.163848917 -0.0627397208 0.136288304
0.1584485844047392 -0.062364172417909314 0.13734231692312965
0.1503519766913725 -0.060879229101124616 0.12725419172684352
0.1353677063314337 -0.053857421965095985 0.08883425279770527
0.14118788751915032 -0.05924414783334864 0.11587641779651732
0.13673016684648268 -0.05636473918757182 0.10142798354842834
0.13518192481176505 -0.05444180749715812 0.0796776962662554
0.13084486978605855 -0.053183736525087844 0.08234164307033999
0.12841991878681175 -0.05102331809298373 0.075200427353025
0.13300863490735937 -0.05448669050059985 0.0914584473150955
0.1444544595924867 -0.06147666435055843 0.12919138893847845
0.12332087629850184 -0.05058572400412537 0.07870559302141837
0.12584205282780103 -0.05217993848253656 0.08539582759168364
0.1208271988336259 -0.05229759804485486 0.08888824036891908
0.12862250519576943 -0.05461346499562325 0.09449753135509117
0.12610529594434716 -0.05807779807970254 0.10804798234851522
0.128473371971273 -0.06222586653326462 0.1208109063569358
0.12229892004545587 -0.06267643075746311 0.12318361278589149
0.11997229217984227 -0.058554720818674695 0.11096663648496893
0.13193154279560487 -0.05728956284798746 0.10442837192360158
0.1355984039199552 -0.06088794940334784 0.11840150435659912
0.12328000650144041 -0.05455781368837955 0.09777161592611529
0.11758315939313113 -0.05447835118622217 0.10129760577097699
0.11354125417842673 -0.05818440766610573 0.11391522837773257
0.10828501148263513 -0.056874444684060166 0.1164147506235672
0.1157988904009828 -0.06187702996827546 0.12573749362590486
0.10996335023924654 -0.06021215565343993 0.1281588945282198
0.10182989880564419 -0.05254959573612221 0.1098759899935021
0.13810833844328368 -0.06262899883196185 0.13059127296860631
0.1312563940343649 -0.06425808213457891 0.13219399223181358
0.12446284780939718 -0.06434379225641791 0.13441359300254696
0.13317876306305135 -0.06560325849487035 0.14210610808332078
0.12778241444665503 -0.066343514064637 0.14613190998783432
0.166851838 -0.0636320623 0.148473292
0.16124828800531987 -0.06398148918818679 0.14893935038703432
0.169430921 -0.0648282314 0.159321088
0.16380768618056205 -0.06548036803713789 0.15946869918102705
0.172041148 -0.0679467841 0.169435925
0.1660851541238819 -0.06807291978867226 0.16927671856015863
0.174361365 -0.0704904233 0.179181822
0.16816056075341268 -0.07071164551813734 0.17880804479888587
0.176683192 -0.0714499149 0.199198108
0.171073844 -0.0700585546 0.199826709
0.1529731804626061 -0.06167799596429863 0.13859083026440336
0.15565631649959175 -0.0625415778241623 0.1495827979838874
0.164753946 -0.0690068102 0.200275977
0.1612529253589767 -0.07103848669820215 0.17865049532709382
0.16016917317100665 -0.06664295508704186 0.16956735318473515
0.15818854652432232 -0.06409920004567692 0.15977030998129757
0.14666590475507502 -0.06135465942168359 0.13980471508891806
0.14924985631320814 -0.06233464687342013 0.14991064952520686
0.15201466121246723 -0.06336553298341806 0.16014896410267843
0.15449126693800472 -0.0654368908119705 0.16990292551871639
0.15611044544655 -0.06946917090373902 0.17905604261615107
0.159536295 -0.0689741338 0.200113179
0.151625583 -0.0735430997 0.198448262
0.14908827118393747 -0.07114342160696477 0.1787384716451571
0.144916495 -0.073017101 0.197850598
0.1419673198867793 -0.07102776714884085 0.17944375065760623
0.14706645975540164 -0.06897044736186995 0.16895608241340065
0.14018603459667686 -0.0693804793353495 0.1701423672468688
0.14488184372196813 -0.0670105378944694 0.1595844267128519
0.1380212693224925 -0.06768387015516171 0.16089655662060237
0.14277848522804076 -0.06555524341736291 0.15062264121763505
0.13586013280666118 -0.06623221465790505 0.15207740634142447
0.14048655632707366 -0.06448092389956248 0.14040850179360062
0.12943456370198442 -0.06667321338744965 0.15316230483000384
0.12098951966910729 -0.06409632899033917 0.14605215877195024
0.1182966951203881 -0.06341052743398161 0.136816263442559
0.1231623084985757 -0.06600274429030616 0.15490477651203927
0.13150661967985997 -0.06791457521356896 0.1622332528216589
0.1333514965815055 -0.06850525398239508 0.1712506873036668
0.13494815392084417 -0.06980473470484745 0.18000233478054356
0.138174412 -0.0719364736 0.197123878
0.131001332 -0.0704272468 0.196260032
0.12873735644595036 -0.06831493110305958 0.18058330406238865
0.125701637 -0.0686121133 0.195996246
0.12316378460170782 -0.06745845561468895 0.1808002909655433
0.1269399110283473 -0.06748895759122629 0.17216836737705135
0.1250447576718763 -0.06681837673252787 0.16357033532590493
0.12120686898076367 -0.06647406255096384 0.1727907913696642
0.11941206226330757 -0.06543075760912143 0.164536221635073
0.11760804555083623 -0.06387620749897227 0.1561851965862504
0.11543053221239802 -0.06183013582070342 0.1477129846173295
0.11287733809218782 -0.06154299815789655 0.13896739981703074
0.11140261381777958 -0.05960918454845549 0.14911163688972312
0.10878085899717456 -0.05932736139927505 0.1408357039620367
0.10804111873522268 -0.05782816120138799 0.15038618828927375
0.10501797087282769 -0.05769239886163813 0.14235586193303307
0.10130513386470974 -0.05749652821849023 0.13098705243330241
0.10512658144615458 -0.05863575933204374 0.1297813261431373
0.11325332856951151 -0.0615533382990323 0.15738837890297147
0.10937429704294907 -0.059913298312621745 0.15817871032904313
0.1006455043722975 -0.056462474566973044 0.14302922272809684
0.1040622609006083 -0.0562792536678412 0.15115645870285865
0.09881634907249857 -0.05512956682895747 0.15149999531413974
0.095968243645202 -0.055387350150383804 0.1435412184146644
0.09920601765713138 -0.05397434006674602 0.12086453285664897
0.0947487339058509 -0.05259257545862157 0.12280549007829691
0.09216022934278831 -0.050116129434334473 0.11502368072747259
0.0974494344349047 -0.051112005423900535 0.1125719449871792
0.0980548894463185 -0.05662439674780924 0.13206762558901997
0.09369559972771348 -0.0555787436352535 0.13337445624638553
0.08997945603494743 -0.051845016353076846 0.12447571431586983
0.11039203429183465 -0.06158701736599041 0.16623199987607862
0.10612876439591515 -0.059996862843426764 0.16684570343312544
0.10570841876874931 -0.05828335143013143 0.1590304134088503
0.1146009687154056 -0.06352308531114524 0.16546916233391315
0.11618781538503178 -0.06495433269955181 0.17349247317736605
0.11163414295093381 -0.06300878447996645 0.17422440820074492
0.08357306747977411 -0.05034677339081171 0.12723609914867437
0.07847503323540213 -0.04911121500390948 0.12843791679706962
0.07738499348917773 -0.044663276544843276 0.12324171803511491
0.08269637259105694 -0.04623228889344204 0.12180546806654181
0.10340274654010587 -0.05555067965083438 0.1186732347219442
0.08718937996201916 -0.048919672489527 0.11734806837269256
0.120183102 -0.0664848697 0.19586377
0.11801278230908803 -0.06578901573140687 0.1813599915660576
0.114749897 -0.0643190173 0.19559565
0.11308817606568594 -0.06386026972503854 0.18193926632673374
0.110022221 -0.0620341181 0.195734139
0.10837232070876451 -0.06155891812643364 0.18240659914962815
0.1070084887289608 -0.061195600330403624 0.17476199045579535
0.10099893803928793 -0.05677725551483187 0.15956340292654075
0.10234297980446173 -0.05757626437814682 0.16767056856535778
0.10272494819244432 -0.05883026071860454 0.1751776603874226
0.10356603931753047 -0.05892642010629945 0.18264471736613966
0.10443555 -0.0605554789 0.196067324
0.0993276709 -0.0581123163 0.19633592
0.09871790106394249 -0.056038032996320396 0.1833455224788559
0.09797050096331374 -0.05498702937508538 0.17644582669265477
0.09804613445045487 -0.0527562816177272 0.16980063636725543
0.09418039484288769 -0.057819731328383195 0.1591220490055408
0.09166121446214372 -0.05713380704382695 0.1507750955769752
0.08985141188290062 -0.05638827001136371 0.159697640009385
0.08759856755205832 -0.05577520160175637 0.1513754149094473
0.08883309633014243 -0.05615637966848175 0.14305807530495554
0.08390569698323438 -0.054746344686371254 0.1437502987477917
0.08587514786741396 -0.055103102605722876 0.13536165448224236
0.08032749992005034 -0.05366930257519429 0.1348335615121231
0.07696036158121702 -0.05266480559334581 0.13670917767922788
0.07428249774298731 -0.05039019307178432 0.1388519417279588
0.07261587367321037 -0.044967939846749544 0.13090650648176527
0.07532717250031756 -0.04761543454320582 0.12944526394003658
0.07086411044757436 -0.03880385074382815 0.12547839986365122
0.07404941895072266 -0.04193688254758641 0.12396547346043829
0.06944647589510908 -0.0384090965571449 0.12951303292016256
0.06707283913322784 -0.03245423231018484 0.1290179397098327
0.06575998824209996 -0.031350404077994776 0.12468619437044388
0.06906227493586342 -0.03609441169767314 0.1249892221017767
0.09259326897560653 -0.05217212573883241 0.16944070625778468
0.09279697317102471 -0.052719393244914974 0.1764995404523907
0.09350579735811872 -0.053260984411483844 0.18341475212053618
0.0947766772 -0.0547878831 0.196203969
0.0905236704 -0.0531615128 0.195444183
0.0884522265234592 -0.05142238445767822 0.18351860494714897
0.08756868251544651 -0.05262758470074111 0.17605765608760687
0.08742237545508362 -0.05450937967988577 0.16860062000220336
0.08746761321219963 -0.055684712573968356 0.16001462671260322
0.08483611992712148 -0.054647486430414484 0.1521318371847468
0.08220530745538127 -0.05306018038620271 0.145512413248522
0.0859619064 -0.0519610187 0.195375512
0.08399366631228292 -0.05088434336544634 0.18404600821427028
0.08282607524819348 -0.0518506261186871 0.17720551529546189
0.0660433776391752 -0.0321730302621906 0.113753880185779
0.06351978868426406 -0.030495182540096786 0.11500051862454509
0.06183320279306225 -0.02827246891812025 0.1168675928782551
0.05986141226508589 -0.026514687848537753 0.11803525977845543
0.05678490075089187 -0.024060980618683697 0.11942290401990398
0.07015454499338566 -0.0364252450481604 0.1187121256743818
0.0672380278270998 -0.03271847515697837 0.12044378188862757
0.06431075597131601 -0.029928580470734614 0.12057657547548747
0.06328258342848095 -0.02833523839066708 0.12512253860940004
0.060292950800663235 -0.0246108989019257 0.12575266232249627
0.05909727503776163 -0.02455916514926153 0.12300605077629712
0.06192662582622923 -0.027325523046666442 0.1220384560392534
0.0544271954293341 -0.020723979569844453 0.12093659295869931
0.05211499623902614 -0.017140661825391864 0.12118264136390368
0.04790320131766172 -0.00912061283015536 0.12130154437627987
0.04666389569367925 -0.006533009470180764 0.12106292889113278
0.046177973572925815 -0.003297937779482741 0.12036613478162829
0.06451727167782532 -0.028376042950593008 0.12884586184531452
0.06108799718805287 -0.024183469608591426 0.12883568370613388
0.05919844699833099 -0.01837860487289585 0.13011897380692902
0.05808852721545177 -0.019919562386749193 0.12669301845967865
0.07114406616687417 -0.04458122029715059 0.13580407269431982
0.06915246220420064 -0.03882786620403483 0.13434727006679878
0.06686777083561125 -0.03323798093632463 0.132978071419427
0.06787771696255747 -0.04118115129804848 0.1366960458146402
0.06641058257648624 -0.03519079148280348 0.13523889970564104
0.06451032652021423 -0.02835397184126086 0.13189296241614132
0.06166955942291002 -0.02326060122454131 0.1322697112884659
0.0557465279012218 -0.02081037472518708 0.12418971823646648
0.07391462967464367 -0.04984411301462716 0.14232123702473634
0.07967627082726321 -0.051931819664764 0.1476128935991826
0.05829863584245004 -0.0186355712923601 0.13362753445163783
0.061703959043895404 -0.023137668861935714 0.13553448885957392
0.06468255563727436 -0.02858521223404098 0.13486397813364792
0.08251141947050478 -0.054176603477619045 0.1534853902188121
0.07328518458158818 -0.048478079502994334 0.14528230828649236
0.0779221638971124 -0.05160086847373676 0.1502875422391883
0.08401630801745355 -0.0539456151577952 0.16785562060330636
0.08482456163863761 -0.05509812980126644 0.16072022318094015
0.08223953035708276 -0.054142065903476776 0.16217193467504218
0.0805534013385276 -0.05398760453990341 0.1558907312716664
0.08107561110924369 -0.052818590739408734 0.1670600670134088
0.08066841470706722 -0.05135034100062369 0.1731467266237812
0.07837657877301737 -0.05065704647858268 0.1706657720615427
0.08003015958191873 -0.05244944629120217 0.16339653439208437
0.07876449884189542 -0.05125026036023104 0.16686149127595643
0.07976800867289394 -0.05104941712121592 0.18551830088001628
0.0815885826 -0.0505494603 0.195182428
0.0756337737268269 -0.04995379861967245 0.18640319090466712
0.0775204927 -0.0485267803 0.194857688
0.07153157352212614 -0.04753539342093268 0.18704794798740376
0.073382097 -0.04651537 0.194718017
0.06800219458074858 -0.043398720617045715 0.18670686231755426
0.0699221669 -0.0435758596 0.194483856
0.06476083131236081 -0.038548700123541946 0.18661517115154566
0.067528456 -0.0395600195 0.194272039
0.0655906723 -0.0349975135 0.194450774
0.06186369278511948 -0.03458261642936346 0.1868401225174619
0.0627445468 -0.0309949019 0.19507788
0.059346063156664505 -0.030022280457894315 0.18814533006737613
0.0602512046 -0.025611262 0.19596005
0.05660209328800699 -0.025480302457398213 0.18904349776381238
0.0578146641 -0.0196778809 0.197073403
0.05457795030225441 -0.017886131123061286 0.18937731796557755
0.0565376641 -0.0120250111 0.19751805
0.05359208933050153 -0.011973170020107922 0.18937937975231317
0.0557471506 -0.00378053379 0.19762447
0.05387335331417622 -0.0039774313523893 0.18895849323989833
0.0561339528 -1.298367E-9 0.197495554
0.05393909263791578 -5.868319684852186E-9 0.18909632921771508
0.07861129338742691 -0.0514918994417688 0.17902478250919304
0.07420949823758158 -0.04984712422890871 0.18100181653563766
0.06666429699120062 -0.04347236463263986 0.18254723997055503
0.07035329517065114 -0.04744842341734953 0.18208074389917073
0.0639755785118889 -0.03868404688931406 0.18189948979372042
0.060568276177405456 -0.031940076723140524 0.18278763435394524
0.05706191214046645 -0.025629250503293982 0.18458752169909354
0.05503058177917523 -0.02031467383980297 0.18482068456992307
0.05379615576747707 -0.015697053432080686 0.18415160521163226
0.053050379268726154 -0.010748563414765216 0.1837504280232705
0.05321892144198645 -0.004332496147469895 0.1831981105200919
0.05327551157293156 -6.859784418621124E-9 0.1831965094866333
0.053903257001614684 -0.0042118366595302985 0.18055038058201595
0.05409048051414868 -9.540909706348314E-9 0.18055098597950775
0.0541066164974941 -0.00919855738430248 0.18027789548641968
0.05488918776158367 -0.014323380203547644 0.18085223983582607
0.05612024186513918 -0.019618057628352073 0.18247448534876043
0.05793800541017331 -0.025500878374484913 0.18266450902376138
0.060804290931534236 -0.03197838632559159 0.18101204485688152
0.0636313967367059 -0.03922735509319272 0.18021701805748636
0.06555674765282458 -0.04299560021273948 0.18053186265616672
0.06886189442513094 -0.0475217249287712 0.18018292025141058
0.07231266448096166 -0.049702134154336684 0.17885080297332887
0.07730199105592235 -0.05168092541865947 0.17588714504913788
0.07592868810506012 -0.051097937529778946 0.17318828557541804
0.06155779061658428 -0.023721056190788323 0.13841811212504607
0.05875009457395633 -0.020029608862469232 0.13967635028036818
0.05822635527176738 -0.01926417103399981 0.13695492674438942
0.06157287386834702 -0.024737007982425684 0.14125072768835742
0.0645209304655798 -0.028858475575033044 0.13772073519758102
0.0643747078201077 -0.029310653429527305 0.14054091320784168
0.058803730031057974 -0.021862057864796034 0.14240634324627446
0.06418404296885312 -0.029501780726081388 0.14219255581302312
0.06209049861914279 -0.025695363475870803 0.14371794975372224
0.06653839905670929 -0.034991713868941225 0.13796066860114953
0.06573448809805885 -0.03491815689306872 0.14065968827016678
0.06542958542769083 -0.03469697942604124 0.14198245345358265
0.06998402148941814 -0.04629891540470802 0.1389630593468443
0.06987023459256672 -0.04503991877806312 0.14184280481805395
0.06728372587867651 -0.039728945215793794 0.1415927635215322
0.06781346973599722 -0.04049562982998457 0.13928538388366055
0.06907033900541346 -0.04354256096680387 0.1440656754846682
0.07242175184105487 -0.047067096539360254 0.14793441530403345
0.07655355089756846 -0.050690811513151746 0.1534679506361446
0.07899882655472235 -0.052944517788391904 0.15848789973952015
0.07668242592067566 -0.050560777816025027 0.16905791114646473
0.07450796194365776 -0.05053472476421977 0.1711484616805366
0.05453939819532262 -0.003924853334919978 0.17791900181249506
0.05466451767794941 -4.2232206551457905E-9 0.17803543781907494
0.05496283416424132 -0.003530138094748436 0.1747999552225521
0.05471289333979296 4.565581653252372E-10 0.1749894082731962
0.054276318110678075 -0.0032184948272844984 0.1719301107518335
0.05425976579406058 -5.1665425317623754E-9 0.17209579303223002
0.053118975277950405 -0.003045845535205722 0.17001692702755122
0.05323874736126192 -3.932597674066899E-9 0.170022137855481
0.0460942277703179 -0.0014897252964430438 0.12061506928789684
0.045939980022999656 -1.3307751040026445E-5 0.12136766471036503
0.0427827543415614 -0.005788464177721901 0.12498808717761874
0.04272040887150743 -0.0033709750333657204 0.12452861058453907
0.041869659421038374 -0.0014365078543293855 0.12443981211623374
0.041291513943602524 -2.8353690465664403E-6 0.12473225423922339
0.03859382804989492 -0.004823112751472984 0.1282565994766132
0.037794884913772746 -0.002802773086029916 0.12771729861222308
0.0372479184723527 -0.0011033261051933013 0.1275079768312562
0.03561424524466439 -6.502298310939533E-7 0.12756155531893468
0.031359965223318936 -9.053369262383037E-4 0.13034214313503523
0.030995218276136827 -1.6311913854419894E-7 0.13014042175965712
0.03208299089246292 -0.0024972847631598077 0.13051623764128925
0.027840824650257168 -6.956110863649923E-4 0.13260470409707545
0.02755901921604011 1.3680253007537712E-7 0.13249790707512868
0.025606577867310517 -7.507750944712552E-4 0.1358738117475621
0.025325692920501956 -6.190751567365284E-8 0.1359295131332048
0.026432786324123506 -0.002361243858639737 0.13575968430702748
0.025773858088993545 -0.0025411842792405644 0.1387125012298983
0.024995796092376718 -9.137206266504063E-4 0.13906859579198422
0.027553632395399888 -0.004392097304506034 0.1356301661632219
0.02878696571456187 -0.0068992957572783335 0.1357532112158682
0.027804612991340932 -0.006597440882379507 0.13791724703023844
0.026809329117246226 -0.00455512108823348 0.1382992886098209
0.05111127254095799 -0.015286528210735428 0.12434715475305111
0.04921034906969369 -0.014158296585831408 0.1241144857378663
0.050041547687022465 -0.012537072191518776 0.12143378688735866
0.051388528959795204 -0.01482973572283736 0.12145596976754644
0.05463862928988179 -0.01840707707093333 0.12453498317524189
0.052874490738017484 -0.01660230682481878 0.1246042941136134
0.03291079931322414 -0.004283101615001581 0.13092481096483963
0.028671667980800262 -0.00233457239731867 0.1326885596437835
0.02974599375105078 -0.004212719776114402 0.13298025053272114
0.02476791707203154 9.750201095910208E-8 0.13935484316396538
0.031040444663087082 -0.006754253214027359 0.13381236561628793
0.026272689944197018 -0.0010178923226648417 0.142710113533888
0.026250664553324032 3.3793419952808014E-8 0.14304144774510094
0.028048158096994596 -0.0010480175316358792 0.14549675502917434
0.028064597658735518 4.5329665468921673E-8 0.14595309780848237
0.030148596189482447 -0.001121600624826772 0.1479799126183483
0.030084519608046794 1.9719302111868525E-8 0.14828749905207952
0.03262043018828706 -0.0010594494950648915 0.15056091709757444
0.03222810534313152 1.2148625070218022E-8 0.1509144352860365
0.03477197387862094 -0.0013038096651049554 0.15292102547298192
0.034492014515280355 -1.7738186054973104E-9 0.15340025504722904
0.03771706059018161 -0.0018029681596018535 0.1557857005648322
0.03746156254010533 -2.3871477364005565E-9 0.15619701507020428
0.04200246737027239 -0.0028256654534401246 0.15960179053373136
0.041967908771059326 -4.816891948000954E-9 0.15972254310975897
0.04444106366835183 -0.002752319162861129 0.16161519804044472
0.04678746111105917 -0.0027438779230825397 0.16349832130540384
0.046956882251973066 -5.066473719194617E-9 0.16361360869293465
0.04453414429762829 -3.905215721233032E-9 0.16169210210567717
0.04893430917467205 -0.0029137695430456988 0.16590103058352929
0.05145606195501221 -0.0030938544619221776 0.16816573998749654
0.05161665777259216 -4.813900771458377E-9 0.16795409096316796
0.0492998821660201 -5.209836187987167E-9 0.16577469467569425
0.054993162910634025 -0.007773924071165167 0.17795269126418065
0.05551012112651617 -0.011571274364438116 0.17785118061703112
0.05768822957788024 -0.01735680907448469 0.1789322371448653
0.058366711611939015 -0.02098679359108354 0.17947966347028396
0.060151527565827256 -0.02119557202612042 0.17818620421512696
0.06099921560526637 -0.025989967977608764 0.17835048399991404
0.05966256822805478 -0.025747042519315456 0.17949076151581683
0.06373800074700917 -0.02617353859902392 0.1762376709761526
0.06552019415298894 -0.025284659178918627 0.1734728459037464
0.06410940148916774 -0.029953563967847707 0.17289391703221949
0.06400372824872579 -0.031126583903130858 0.1756521812836749
0.06479001314540817 -0.0351673496750128 0.1747777936182964
0.06423894735839854 -0.03418533617176968 0.17180621218766884
0.06566020086167296 -0.03735197488189129 0.1701818402347986
0.06534998594740037 -0.03834640839851148 0.17336951166751738
0.05586052383553775 -0.006041590427595658 0.17450246143420486
0.056666850518668425 -0.008982808053160676 0.17389867326235708
0.05593483611649651 -0.008159718454793328 0.171114999981901
0.055171025552238025 -0.00528482465956689 0.17148619273251708
0.054835300165593445 -0.0074024156043974165 0.1686135785613389
0.05398799484529957 -0.005111523331742952 0.1691365390642162
0.04479532336778693 -0.007326286260937243 0.15730096618283756
0.04271984918802268 -0.005018487732678542 0.15902580536200986
0.0386833643564191 -0.0039005673248366335 0.15543336653611076
0.04056829445254518 -0.007086800275494359 0.15404843600345508
0.05313240361399315 -0.0066330586591883236 0.16664885110598296
0.05228917562776018 -0.0052233604542837025 0.1673024647473996
0.049878471937558726 -0.005148195536078478 0.16548238800598775
0.04522617077982341 -0.0050128888487515465 0.16098601020222092
0.04773676316734476 -0.00488677657949791 0.16298674901059518
0.04734095208324568 -0.007324395635843253 0.15934501500445986
0.03556275604990252 -0.0030312462345406348 0.15248835744004902
0.02750752337643564 -0.004489789692428442 0.14143575558807384
0.02666737055421362 -0.002279866730931413 0.14221001839544717
0.02885909175813964 -0.007150966557423734 0.14085072615821098
0.029169979451083874 -0.004671885724247311 0.1443334432670888
0.028222050203215106 -0.0024278512130338917 0.1450770463503118
0.030528233841734646 -0.002561365618560676 0.14781539326349288
0.033051988222902375 -0.002647330188670038 0.15031874070255116
0.03151961900725772 -0.0051501126140729185 0.1467142936894122
0.03424269906139395 -0.005781941796633521 0.1491433930467228
0.037168680105731204 -0.006565294349368591 0.15119495295338828
0.030683415704161606 -0.007427248618647204 0.1434152648986665
0.03434877708172677 -0.006271728875739986 0.13193146565417627
0.03552345146950576 -0.008702858048713548 0.13348941747949017
0.033194758826098236 -0.009428067128678256 0.13546938358014482
0.03620743167939379 -0.008044475858724124 0.14714432437331892
0.03340778093851018 -0.007741158489840546 0.14539509430565875
0.030663652411844194 -0.009926080624878158 0.13660862944841975
0.036894981122190446 -0.010987301156611347 0.13458061311121622
0.03519474579602258 -0.011883054014571943 0.13669774426785597
0.03318802018595757 -0.012290888150426994 0.1375178725643435
0.03853151373900978 -0.012592202003333573 0.13414015508637886
0.03766400141019829 -0.013725915659622914 0.13625001324672778
0.04118920118984204 -0.014003631013913765 0.13174995986699312
0.0406571317678838 -0.015824793513753748 0.1328993218996005
0.03800257939836886 -0.014226446823900021 0.13709713330338
0.04444517062956013 -0.016470354711641766 0.12738746919550553
0.043822149205868736 -0.017273527197860235 0.1285747251842062
0.029849216864321636 -0.010012413060952085 0.13792477945958778
0.03110823722692013 -0.010715089760591457 0.1405691647246977
0.03290721016945382 -0.012720803465732596 0.1384310460535378
0.0396154179448711 -0.008362057299264444 0.14889012475216096
0.04311802004930268 -0.00855645241708706 0.1517934535231363
0.04761326002383278 -0.008852937957034027 0.15524256287720253
0.050511895915923866 -0.008955735716366212 0.1581199669897146
0.046482521724736 -0.009924010128914024 0.1495862212057442
0.04306338293535286 -0.009762341124865122 0.14663666673355708
0.04590020941792912 -0.015950375399429475 0.12528784564846454
0.04807887826335036 -0.012990644042596986 0.12376737907261044
0.04789746561834964 -0.017155363359094896 0.12565609910376443
0.05088313658472539 -0.017294146203113432 0.12636613410304906
0.04620738278592555 -0.017705906679536206 0.12693578552039994
0.05574586578637777 -0.01642988644927954 0.12720541805411514
0.05756435141091699 -0.01532402943883203 0.12938198656458622
0.04712907785831773 -0.018353149234153033 0.12778588425544454
0.05243964378683176 -0.016801404889021494 0.12972039838504856
0.045191166200772605 -0.01745062702622078 0.13019699509647045
0.04141881395460265 -0.016243233823937824 0.1337902474472662
0.03798811508175967 -0.015375813413844143 0.1378452079532913
0.034014632127343965 -0.013133890937911554 0.13977385839129822
0.03324316881171552 -0.010768465326582703 0.1427164189121305
0.035960920967608084 -0.013155363921093432 0.14096099400267884
0.03614186748609455 -0.011269790738782674 0.14389212076150526
0.03956381295560227 -0.010159427844975205 0.14495443059906937
0.05054475871837441 -0.010477278021394011 0.15354845927441324
0.03955637008997677 -0.013067995917016472 0.1416254077142515
0.04365549886021715 -0.011455156688744078 0.14168796090823846
0.04688561930252012 -0.0119861098428531 0.14395127914863104
0.052221251034901627 -0.011781476532188166 0.14893559771995227
0.05549906731772451 -0.012068314347181579 0.152472100262976
0.03915710650707681 -0.015458542547880882 0.13811730398448777
0.04305848897230688 -0.014325094992497777 0.13832282721700498
0.04756362687681279 -0.013131662859397052 0.13897060486809165
0.05064825165422504 -0.013757646980330902 0.14217022727223516
0.055214956018205266 -0.014275595885684828 0.14107734911647388
0.05188677444655547 -0.014348368199062767 0.1376770665867901
0.04647574720552856 -0.015322393783385803 0.1356268133140302
0.043683433912759695 -0.015711309065356845 0.1346321651386851
0.047799490128696484 -0.017005885214875588 0.1321753852503332
0.051457073746856666 -0.01568174757857239 0.13399955513222725
0.05654487032426465 -0.014048508108351697 0.13637641223838673
0.055651378244421346 -0.014997549859376071 0.13112135266997596
0.05749770434807949 -0.014591739172608125 0.1324886362603876
0.054741585238672646 -0.012184915655234807 0.14888739782741064
0.057210348552157925 -0.014339729589836892 0.14507276094539512
0.05736593039607977 -0.014888496779888762 0.13928242127435655
0.06685749733783197 -0.039345949852119505 0.14278847881443008
0.06690027763836033 -0.03871989193911415 0.144430933526879
0.0656105148530569 -0.03427001714628086 0.14387834913456177
0.06449673679216772 -0.029628895717123644 0.14443965089234664
0.06876032728169665 -0.042858627690593606 0.1453588339753232
0.06337939880955672 -0.026308894888077035 0.14587717732037744
0.06916518823750159 -0.04231398757440995 0.14706430471026213
0.072036402460753 -0.046106781690072464 0.14942060738459886
0.07284127835421313 -0.04605539554717288 0.15192343816169923
0.05705744675302508 -0.017460769555457945 0.14173123000929466
0.05760405394236486 -0.019412485658908626 0.14435766888748913
0.06054821524924286 -0.023550625245017425 0.1450735641568371
0.05972878875082944 -0.021156588446887968 0.14676243397071795
0.06249002850824785 -0.024366662837396073 0.14705614642136436
0.061920285769449045 -0.022250816622739478 0.14846939664421357
0.066184204287497 -0.0302259916383982 0.14872973105797177
0.06617918749191103 -0.026644475711115917 0.14980458676311437
0.06714244729186841 -0.034162264200121355 0.14808207052508462
0.06904807618272686 -0.03839149125778834 0.14880120500359456
0.07303483170273477 -0.04281306492323198 0.15228133681652112
0.07449993175793379 -0.04514666863190152 0.15809875506944518
0.06627587277160038 -0.024362913017722428 0.15038046671022537
0.06662344701908741 -0.022292598403075604 0.15097798909283808
0.058701985887311195 -0.015359532229537285 0.14768529109704034
0.05975538610868813 -0.018629393602883387 0.1487332412243239
0.059053168147634734 -0.013458838660540196 0.15067101683522083
0.060402746497657256 -0.01665003632343447 0.15231180012596743
0.061546820709776434 -0.020278172863503766 0.15037061743464578
0.0671589875497131 -0.02019827906980171 0.1518647101108277
0.062079521881962876 -0.01847683701456876 0.15288210654636747
0.06760692990987402 -0.018273214952682842 0.15306186571667457
0.06777425551252103 -0.016678310335248067 0.1545426638812196
0.06434659072256696 -0.016480998906900107 0.15511585838852804
0.061759357280682006 -0.014855054896862794 0.15529276854162757
0.06787367896167962 -0.0145059534695143 0.15729259583939337
0.06558506650507605 -0.015489416363933504 0.15633259471293628
0.06357992917390377 -0.014208138833779794 0.15844096041954747
0.0659586868735961 -0.013366801096234903 0.161671470157114
0.06021844711264082 -0.013455505095740861 0.15470550105957157
0.06181828173485542 -0.012501470272202749 0.15887246586292797
0.06340597346036146 -0.012051257179997612 0.16249515657284244
0.06662849465080976 -0.01298167538959792 0.16273462715195655
0.0639241715883209 -0.011388103641680414 0.16441326547768348
0.06671132169775203 -0.013098114279239565 0.16377950295973379
0.06395832973365766 -0.011497967429520998 0.16537214429697614
0.06671232979374155 -0.013428463811902528 0.1646904676847764
0.06400771700913774 -0.011905855373570813 0.16624317622987686
0.06665905749071657 -0.013916837019203893 0.16553325940736544
0.06401564284868341 -0.012489766111812383 0.16713123256188245
0.06651553222389156 -0.01455212116970959 0.16635562032094306
0.0639333260655778 -0.013205579521220239 0.16818275724826884
0.0665139462835486 -0.015870123729146306 0.1681169843270738
0.06380948775183974 -0.014859258509638477 0.1706624113181084
0.06682014910150164 -0.018149654319029686 0.17039054258544067
0.06422173665746493 -0.017917194638031195 0.17362638711436051
0.06666949564303057 -0.02134411713172035 0.17260248715651585
0.06404754443748373 -0.021653827586331748 0.17594104391657828
0.060629530862599874 -0.011939902662931757 0.17049114565867504
0.05990985612458051 -0.010268697331910753 0.16896358703426675
0.05982129299427231 -0.009284023451042397 0.1675716686864802
0.05989769493764217 -0.009005659972271568 0.16616864989636526
0.06169953846477863 -0.014378861136290754 0.17296163591909597
0.05677646985781386 -0.008305689422478767 0.16838412634657388
0.056343300809879496 -0.00795377024246409 0.16650960932484293
0.05726774312225686 -0.009275416163661102 0.1702204431696491
0.05830860598898293 -0.010977212788429532 0.17223133931425663
0.059310281019797004 -0.013901578763434395 0.17473824083638193
0.057025048090193826 -0.012227971228886391 0.1762564927813565
0.05999573971742413 -0.009241964836076281 0.16458509651198677
0.05580032144828085 -0.008016228962803428 0.16448123144127055
0.05159026808706861 -0.006831762197638392 0.16399384878622114
0.053310181918621954 -0.008468356467882816 0.1614115539375112
0.04984009472201924 -0.006744883174865517 0.16191846249666556
0.05835267976632185 -0.010228984414587302 0.1619591616986037
0.05583143945282603 -0.010763676663563829 0.15809000344720778
0.06221897940667207 -0.01765243942436332 0.17547450006282447
0.05984233866303796 -0.01725789228194075 0.1768631738744721
0.06233427857650351 -0.021641712048908315 0.17715031595899267
0.06258788766451048 -0.0263173497771759 0.17732517771371523
0.05740449908894829 -0.0211686687115008 0.18123821095590079
0.05900679614616646 -0.025648954442050516 0.18102479303592184
0.06134956973722161 -0.03191304413965245 0.17979855527619018
0.061715492578446114 -0.031543641630799 0.17888050813395115
0.06257799781667601 -0.03129165675194915 0.17792360279966551
0.06338802680634419 -0.03141754005294288 0.17682661555085988
0.06397408112066892 -0.03572139545590568 0.17599346174659178
0.06314518783963688 -0.03599217673657102 0.17726405407691773
0.06289410109048907 -0.036370129136134445 0.17826539914051528
0.06497639146283953 -0.03918177880762717 0.17478590749596923
0.06455966512636598 -0.03976175004209353 0.1764455371274004
0.06290920315338537 -0.037305576236918755 0.17911823343928296
0.06450719811956068 -0.0403589128868758 0.1772224536530633
0.06453953908878 -0.041522065474365925 0.17800289019478543
0.06779052633771396 -0.04093223880516225 0.16908653609362642
0.06683514183624488 -0.04210532630788284 0.17177763409669702
0.06727209608211712 -0.0462677868515192 0.17799436650359565
0.06660758532003608 -0.044939292313907926 0.1765813642212271
0.06658959919081117 -0.043324198100459434 0.1752996301538592
0.06652057511970937 -0.042879331785441135 0.17365179812305412
0.07015635925121236 -0.04489221773274954 0.16831434062812356
0.06939175391283826 -0.046003840048273605 0.17035373377776955
0.0689745965666664 -0.04654283576748375 0.17190219416978791
0.06877292447120967 -0.046997026856037565 0.17335452673062754
0.06920136505629304 -0.047983650503048154 0.1751374729355314
0.07057489133774486 -0.04919504041255059 0.17701195273648151
0.07294685061529696 -0.0491469728403433 0.16927081650252554
0.07214769366866823 -0.046677011380820775 0.16667181686147295
0.07223177980919736 -0.04777547801675115 0.1683211260475938
0.07466258121687404 -0.04979837739282899 0.16812538462762275
0.07362862669014608 -0.048369292778420885 0.1673447784587379
0.07311377829945997 -0.04689672265051321 0.1656258137476393
0.07405243271624959 -0.04688566865716693 0.164490407683677
0.07505978367369759 -0.04874208892513871 0.16630908844519257
0.07634962218948733 -0.05014189172667013 0.16685633067468816
0.07818624403271575 -0.05066395547641119 0.16425082444218375
0.07644676921625118 -0.04907917837180172 0.16446577853330754
0.07490650471322742 -0.04710727813870852 0.1633314655914574
0.07766302329823452 -0.050728129875766755 0.1608517022322105
0.0764558356926099 -0.04897623529984654 0.16213040605182102
0.07569951031491269 -0.04939828065296734 0.15630657260435876
0.0748127444768106 -0.048397257143566325 0.15831555281516121
0.0750968362814018 -0.046320356436233744 0.16189190061725614
0.05228495102268716 0.003908569341385262 0.08765401835668683
0.054157050790344115 0.009003825554767166 0.09035103689932396
0.05507597952995162 0.010607456458956367 0.09124950727354718
0.05673034419038875 0.012353784061795915 0.09243834392988982
0.0593928456681808 0.013466895806590174 0.09353973441304562
0.05265561361402054 0.017971374130636233 0.10039648922260815
0.0514681579139867 0.016407821501339615 0.10063978777458338
0.050122152632274215 0.014882640804323586 0.1008399193804855
0.047397233398020995 0.012813197965948282 0.10084624326152888
0.045995771063734835 0.011262263842924435 0.1003574043199337
0.04477690092637205 0.009366031612278693 0.09999598011220491
0.0437865668031098 0.007272792311998172 0.09994835335337841
0.046453311559271585 0.003951737521849855 0.08621336164611147
0.048904971222695444 0.010359032853280117 0.08753019875348185
0.050102251831468776 0.012056459802197939 0.08897599666714855
0.05195313630682542 0.013975197465038705 0.09096829827317345
0.05331600908035512 0.01640743335225573 0.09266060925606427
0.05157842413092008 0.022100044509096417 0.09713110681145797
0.05050903543271045 0.02057503927631216 0.09775726169694292
0.04881116686693446 0.018166519210601854 0.09786565205631555
0.0467340359100913 0.016711896887807647 0.09806754537779187
0.0437751802450655 0.013318646344012267 0.09870309993523992
0.04247310391879341 0.011629002132813647 0.09884839080942356
0.040909269914636594 0.009406523299760538 0.09982614430685104
0.0400782259078552 0.007473005371227462 0.10061487938002754
0.03849867396625183 0.002749444317529859 0.09920523208922416
0.03808121093847263 0.0011936607843183297 0.09884691637079808
0.07009487432082012 0.047574652198441036 0.11192919049920952
0.064307012879922 0.04095724361314764 0.10581294345553967
0.05828617215080921 0.035510701425343856 0.11559042479925777
0.05548493345408604 0.025899103746419804 0.10075086467492841
0.03686766628118653 0.007777760248956907 0.10098012691478497
0.037936672832568186 0.009743935240282641 0.10071036188806198
0.04081278436034359 0.013459596769452032 0.09885367812193406
0.057510497334948674 0.027836730760908757 0.09252698754412843
0.0741005511 0.0184239307 0.0644662637
0.0849240621 0.0478519175 0.134109921
0.0887947081 0.0500029828 0.146642796
0.0594782808 0.0242664428 0.186620047
0.0645405845 0.0334433485 0.188956875
0.1067699 0.0128589002 0.0552951285
0.0745415519 0.0186604745 0.0727823945
0.0694031338 0.0140411948 0.0661446181
0.104002745 0.0178321839 0.0611064798
0.054395879145163174 0.012163732758639358 0.11377484437870766
0.05111784767712194 0.004970842099299016 0.11168623572575145
0.0639535387 0.0122507381 0.15620666
0.0586074088 0.0053882582 0.176987801
0.0590875412 0.0125653747 0.17865928
0.0602299124 0.0170461831 0.181788289
0.0576221678 0.00388490091 0.180056104
0.0580581357 0.0119428264 0.180051381
0.0710016782 0.0470840362 0.178159332
0.082370543 0.0497892629 0.165739849
0.0790806768 0.0495420113 0.157027011
0.0739376245 0.0386356851 0.13628885
0.07762469246468454 0.056916750335016024 0.13542000026168038
0.08112488814799285 0.05677511813581088 0.14211068042661737
0.054554128151711415 0.026928365373250798 0.18261337945120015
0.05915802839397645 0.036011084565208955 0.18497655714447708
0.0781148084 0.0480980113 0.165274507
0.0706800095 0.046877862 0.176708003
0.0595459505 0.00752354932 0.173554042
0.10629699283152051 0.04761657766648173 0.06264836238551438
0.07545445298084873 0.03616997385816766 0.07451783494971183
0.09743907297098862 0.0157229676839329 0.04049925184614649
0.06470016101531818 0.03266318804812788 0.08236921614474446
0.06396388306615883 0.02424572409688047 0.06825730184852612
0.060998315058179466 0.020980189993779534 0.06403015605355397
0.059599417861083755 0.016269031924417223 0.06115648882853802
0.0961261142526565 0.021018478479143704 0.0450835907007358
0.06844088038596427 0.05054814187055867 0.12887193490445303
0.045526894368988734 0.01771830951619478 0.11587736523686404
0.044392969642925564 0.016407358476330566 0.11206935826909242
0.05421688267922019 0.029288706855241885 0.10165150197643945
0.04023097199715506 0.005463745077220425 0.11330357959867665
0.035741391170488405 0.014983450231094831 0.13588306536017036
0.02829788959740162 0.008654956461685452 0.14238764239193413
0.039651009306272945 0.017588118204881792 0.13240210727047083
0.04288809737975974 0.018470485850091957 0.1289393081784375
0.044956812736684566 0.019130538454385976 0.12685400075558717
0.04811772991730919 0.01806671493215713 0.12278456993201682
0.03708362216005775 0.014799284359223105 0.14128709514028798
0.037241307833463924 0.01213154313994513 0.14466350661808455
0.044116390101544244 0.017312463920289376 0.13504327961292104
0.05504210200504343 0.013835917066169386 0.15115048537260303
0.05253279258470428 0.00689991359025738 0.17242617024500004
0.054501955897381535 0.012243958749328574 0.1741681039549375
0.05505574006965982 0.017711680050766277 0.17642563477856715
0.05074544655160672 0.004202110286536078 0.17601163917093993
0.052598483624700994 0.011435009370386842 0.17595029698183803
0.06869278823773102 0.049379884020898865 0.1709298860362431
0.06294853063959134 0.04285038141584455 0.174727261509503
0.06658677926196943 0.048282726921314086 0.17454253315285145
0.0780778007860832 0.05423708666376746 0.161185639157874
0.07329752975690519 0.05194694216328759 0.14901697813013723
0.06766104224120245 0.04921837710115094 0.13446319536020734
0.07430062363672063 0.049506625383554714 0.16276968629173563
0.06832801458331943 0.04775502434575189 0.16916075787828141
0.052209981601608814 0.008804304438610182 0.1692751689569031
0.056977917858168886 0.022352048961984644 0.09431262223888162
0.06617009582936073 0.02215082369287011 0.05730283833328215
0.053566317757277486 0.0023893168937114055 0.08653502078179132
0.05473549165799204 0.005646074769773038 0.08678622448492881
0.055993956622995895 0.009581293988280807 0.08923281650540581
0.05852102702881136 0.012763603755792455 0.0913445860192267
0.04985076502756815 0.015747902668159734 0.10138773351885776
0.046746934473222236 0.011964064635395332 0.10162134409021227
0.0449735374307634 0.009828268618164859 0.10119818727976598
0.04326921346355608 0.00435425724292045 0.10103668238906535
0.0488762314725977 0.0019955362344063607 0.08430729692689953
0.049312755975624234 0.005729722317841879 0.08417573861857794
0.051061896004173185 0.010873728406452707 0.08599222987669637
0.05300982725225361 0.015159627390159327 0.08916637505931733
0.04672864284958529 0.017791981465095003 0.09893096451887276
0.042665570832448034 0.012707879563789284 0.10011546269900772
0.04097191619202983 0.010114681455715275 0.10123162166773109
0.039152085141562244 0.005525807953126587 0.10199030910816288
0.038711235618983326 0.003100742104350985 0.10055451327118252
0.06881447096554576 0.04410262549781568 0.10455558151877281
0.059468491121408076 0.0353736963605235 0.1088835884826161
0.03834106471376372 0.010378521552750227 0.10236069889991177
0.039418730863262794 0.012649258556036526 0.10122209442016333
0.04384336926504163 0.0164411199311853 0.09889414870112145
0.0717862952 0.0161762987 0.0650768494
0.0595202965 0.0245136202 0.19028767
0.07593562524681974 0.022403251377926703 0.08432281797728715
0.0696906062 0.0142639172 0.0706563829
0.066759079 0.0108081132 0.0650343949
0.05316817196793473 0.010241439363546056 0.113611520333578
0.0646187805 0.0112697441 0.160742806
0.0569508905 0.00966170294 0.182186846
0.0575001169 0.0145189197 0.182842843
0.0658821733 0.0374124275 0.183536897
0.0751259524 0.0435479211 0.140379663
0.05410855972211216 0.026215574081151473 0.1877426022078347
0.060334758 0.0315837557 0.194444804
0.078212998 0.0477528048 0.165022286
0.070606341 0.0466063688 0.175701344
0.0601971757 0.0104950811 0.175691855
0.08080460369192105 0.03865552279008732 0.07320281979375305
0.1011856279458148 0.04658523682426032 0.0646123622396334
0.0630635969934843 0.024183801874708994 0.07421291109353215
0.05997630483043543 0.02001108870003176 0.06727479041212127
0.057669261183479904 0.016680787037307535 0.0636822438014212
0.05638245433854834 0.01352009658535099 0.060615900583073104
0.09644770866716623 0.027191940040044354 0.05060941380322365
0.060126108053706155 0.03926245914811804 0.1258719363688751
0.07237987429644387 0.053445223007666624 0.1382338619189696
0.042264923727665604 0.01210954852693395 0.11273925991665475
0.04980855225461685 0.022028736839886574 0.11838670141718943
0.05645701342790687 0.032256531307497845 0.11125025317031476
0.043526003093015596 0.014208415823646016 0.12079898391975201
0.025525279127280153 0.00760762851698768 0.1364127381254791
0.026538672644977942 0.008173281980907545 0.13944616066554544
0.03366756492242659 0.01279939419892267 0.14329604022447268
0.05156561712406689 0.017185967434757317 0.13930565235505077
0.0551780314803729 0.013156265932853224 0.15400269987473006
0.0512365479665365 0.009044058486035528 0.17837667128288265
0.05199781675720914 0.014256153555874338 0.17905532830383308
0.06155583251886167 0.041052540143808124 0.17712881771362377
0.06813742770178513 0.04996080501618245 0.1773652034129749
0.0801318913773756 0.05617598432423007 0.16028487564319577
0.05859811754619252 0.032319846521520326 0.09609892036889149
0.07205023199041076 0.046757626603724296 0.1608760557587099
0.06843133943285863 0.046340863079253225 0.1679070866650612
0.05653863533212619 0.011502461194607705 0.169572153051518
0.057970024586750005 0.02265672457182675 0.09344221978358339
0.06287737255788839 0.018456445361919028 0.05996729157483379
0.05172976453451067 0.002345342964193725 0.08864445321377132
0.05286399787147875 0.005415083493935533 0.08833837019873848
0.043024918686528885 0.004235071575907499 0.09949207094267563
0.04669917181994507 0.002017932764451085 0.08667489532593513
0.04683110376436545 0.00576128859805109 0.08598056355402389
0.03903871731543372 0.005028152900800224 0.10050167495656159
0.06406729160616043 0.04472082918359778 0.12696376576114837
0.07364573410832713 0.054381041257569825 0.12671792456051031
0.051366196905685134 0.0280978078957633 0.10351317334804706
0.03616659277456828 0.006322187494755464 0.10263707820245156
0.06052136024133151 0.024737697842385185 0.09095603819143458
0.06844609240634726 0.01929707913703105 0.09855728912618295
0.0703931539 0.0146187569 0.0628757668
0.0575369432 0.0194337104 0.186387783
0.0670891925 0.0109951905 0.0622113341
0.0928560686 0.0167800894 0.0620468007
0.0624985659 0.0157272406 0.134938803
0.0579071098 0.00303360293 0.177179116
0.0590427217 0.00889711603 0.176313487
0.0569080259 0.00444335525 0.182517194
0.0681738502 0.0430073683 0.180537085
0.0653246639 0.0358345825 0.182618237
0.081330212 0.0475154248 0.169132993
0.081340983 0.0512202873 0.160548291
0.052305882629126776 0.021269562786323824 0.183262070879891
0.0835906298 0.0422661237 0.129397878
0.0789383134 0.0480271355 0.163366623
0.075149243 0.0482306925 0.172729275
0.11101449089362835 0.04748935397119817 0.060778506324128144
0.09012552140803506 0.05476200982766274 0.09501634924826712
0.09229824104691844 0.015018813880655764 0.040854255540573065
0.05933949472622003 0.012534222173534271 0.05711421576689972
0.0857934310814198 0.0198209012522204 0.04593341917690441
0.05295071962855724 0.028018299404098078 0.1194328652297511
0.0397873432911333 0.003773598149221146 0.11785362795635665
0.026212342215414235 0.007385602714647363 0.13407650655506767
0.030949871137161154 0.009216499079142886 0.14477059235205728
0.053450078915816955 0.022577844667195375 0.13255116807667783
0.04429917569689404 0.013951749368437457 0.14314133354512035
0.051428998509919686 0.012802840270748765 0.14961898081579483
0.05135268568744068 0.0042375821807397 0.1727183421126444
0.053827459777317684 0.00928442439480077 0.1718720972251003
0.05049924845475561 0.004159855333171689 0.17862766579048966
0.06562576709658312 0.046238072526480774 0.1727438902178269
0.06047240845927677 0.03894228304419649 0.1759692286287703
0.07655614821772937 0.053361493045436574 0.16522031746012003
0.07661773814900331 0.0540984792486793 0.15517020166552395
0.07381505850607743 0.04958237623655284 0.16004191994324438
0.07165727921865843 0.04961652172058337 0.16710973704940968
0.06251514519429499 0.015551138930682619 0.0573639284458498
0.041231933369514986 0.004257328855400543 0.08492603787571866
0.04515843327537654 0.011864039352534399 0.0858359804584861
0.046492361967001676 0.01405881486029579 0.08796500324170858
0.04877402145749034 0.016210516852304145 0.09042089735337246
0.050886232479050775 0.017964521721159168 0.09247934804630335
0.05042846950909677 0.021825960901679004 0.09616069344773215
0.04955100528090718 0.019714876858088495 0.09603513150484275
0.0464859787746871 0.018718955191817956 0.09641962764832529
0.043287101841747264 0.015291425026260895 0.09758523415499654
0.03920370028160331 0.011678823876857687 0.10001077315388081
0.03493625582230355 0.0031948353143317963 0.09991704317339851
0.03442590718735388 0.0013533600221838748 0.0995544154564835
0.06362591853572551 0.04207282803129896 0.1057500866737561
0.05785043474766266 0.0356639328245134 0.11545398394866484
0.052503383942513505 0.027674216520343513 0.09708481754246343
0.05588858145574621 0.029453158601273313 0.09059005265449997
0.07597444818460701 0.05933750852670665 0.13424796814563622
0.07957885253017424 0.06074270871831902 0.14158132567089257
0.05338155180185331 0.0277547883230511 0.18275769318971882
0.05804379620227738 0.037204127099416236 0.18534387588523427
0.10589614800405717 0.04983673796326918 0.061605536696153866
0.07364419158319713 0.03724257410849445 0.07277216152842376
0.09522477187879337 0.016398540230674444 0.03717428517085974
0.06387787477426844 0.032992472540160564 0.08139139528725832
0.06284396832628857 0.02508361656724345 0.0678713607628473
0.06126195432689118 0.022293749767284758 0.06345206887702301
0.05768384720884792 0.01762854741415076 0.06004970613645279
0.09427910674467249 0.023823550926532114 0.04017830111509063
0.06793148433328715 0.05155784544421381 0.1286100964692801
0.04478783312778089 0.01763423647078854 0.11526315644385994
0.04316876956887737 0.01639745945315274 0.1113349444030998
0.05296091405478944 0.029394703063404762 0.10066068568727185
0.03767747442593214 0.00584531549688878 0.11447335990402924
0.0335885608744108 0.01636465922038523 0.13513133481050943
0.026258911589478965 0.009549938400778106 0.1426363482325327
0.038316424957693246 0.018640790822217722 0.13227521954014898
0.042207063550666245 0.019797251740220522 0.1286773839716565
0.04467874455297257 0.01998549836843231 0.12624456137972956
0.0476764735044623 0.01859394967097954 0.12205768907603341
0.03575462118146924 0.016080369062910087 0.14137773455599362
0.03633244050173888 0.012879319945306476 0.1449121384554135
0.043558405958231475 0.01871713266557695 0.13574559185566823
0.052715105261145284 0.015106151728757906 0.14995390565429484
0.05091705471896046 0.007238068924506021 0.17268418175500944
0.05347594447163816 0.012669999995006967 0.17451003486592104
0.05405039864106934 0.018236167555479195 0.1766804723934298
0.049338816431775574 0.004496167905887353 0.1761631475291512
0.051464309267044185 0.011870527514407037 0.1762052891513713
0.06786033126337584 0.05071784931006802 0.17080769815582159
0.06162509859425343 0.04541713919407819 0.1745987518338892
0.06533055312659962 0.04855826382860904 0.17462783341384058
0.07725466396093894 0.05503448390208801 0.16107026724368365
0.07241349132180196 0.052579084945473656 0.14905098581761614
0.06700027676156929 0.05050438093902308 0.13362930544464882
0.07344138660554139 0.05048023389283669 0.16266648130274503
0.0675771773008472 0.04898593608659555 0.16905295429785702
0.050830210860975784 0.009204464373726877 0.1693931860820975
0.05428576943648859 0.023893258971720926 0.09401272087040047
0.06476788267680106 0.023040561233477194 0.05623178116779489
0.04364289853655738 0.0021576088457236835 0.08248904937416043
0.044946348849077736 0.006346018046340632 0.08193772702952068
0.04723475691655738 0.012314747573143292 0.08384507160719251
0.04992936857337834 0.017144290533256334 0.0886584319375827
0.03503609384625561 0.0035058129335163077 0.10132934102454812
0.06830618615997625 0.04506249474497997 0.10413874966975777
0.05854656480013684 0.035734389340677755 0.10894496818658216
0.05291070810805294 0.02703602646554379 0.1880016970890565
0.0592383492 0.0325187781 0.195027259
0.07835144854612468 0.040039600826032445 0.07119354823789255
0.10018286131931797 0.049235974560440175 0.06282694598240476
0.061123287117818614 0.024834528750117393 0.07340619193494108
0.05946508937848771 0.02094348154691516 0.06713779227031351
0.0564564022001039 0.017684772756396218 0.06304078058838215
0.0539534044268709 0.014271407525632855 0.05921950786501392
0.09433437497828423 0.0296630336436303 0.04599285330101755
0.05946421965574299 0.03970797189864933 0.12518800102810254
0.07184705420274276 0.05519727060506703 0.1377179427436318
0.04106202521913955 0.012722163052404126 0.11243459728723863
0.04859594787627271 0.022104254569988224 0.11745287652408443
0.055329320247386675 0.0326424255895803 0.1107852404894579
0.043265806247729806 0.01459935082105029 0.11992807636995162
0.022672477455231176 0.00849993669508382 0.1365512560254053
0.023909973518063784 0.008987472287435476 0.1396151569623452
0.03245868554899722 0.013387984916252569 0.14360887930007069
0.05012732838778905 0.01862091443242218 0.13935401697307753
0.053379110240865134 0.01342686962695154 0.15341913063446994
0.049908259020956414 0.009439528141080135 0.17854843540403367
0.05080244474175032 0.01475628208142003 0.17925914388471206
0.06026516720405146 0.041221779054309356 0.17715972412933984
0.0666701560983838 0.04996126306410963 0.17695729837858953
0.07907644462083335 0.057105794735263705 0.15996064314099812
0.05799354142120551 0.0327931803303632 0.09501990641182255
0.07172647383904285 0.04781329363424783 0.1610817545268073
0.06755101388100003 0.0476159668923409 0.16777633963682143
0.05546546424833108 0.01190457290361344 0.1698420868988994
0.056041099542070656 0.02357654647402932 0.09289328464592252
0.061360801217375506 0.020335762422160297 0.0582757540510638
0.040244553967813665 0.002223341155327885 0.08508203766100529
0.04210314630507515 0.0062539518320152716 0.08409250997363645
0.03590159220116669 0.005392372768789377 0.10069185494975796
0.06373539826886429 0.04564450707751075 0.12626484683294956
0.07325709639692611 0.055958152565828256 0.12658301967785696
0.05048686778379251 0.028393315498737377 0.10317058145505505
0.058369493432397376 0.02614933464917949 0.08943451778685998
0.0510736012469922 0.021925853450388593 0.1834663799573155
0.11072333387896321 0.049735117666538146 0.05951524670364269
0.0894156509521186 0.05665237072242776 0.09425891549440048
0.09114130968575482 0.016590962717896538 0.03707942774959111
0.05674855475059662 0.013730439075411802 0.05474730596813744
0.08386376720636483 0.02277289682589234 0.040753300424750255
0.05230100549797734 0.02807578638766441 0.11846524456130933
0.03707762676395003 0.0036433392132859455 0.11827210490890298
0.02299076423449551 0.008432148187001155 0.13339722717105207
0.029461335374148582 0.010133524640244604 0.14524347755232467
0.053271262053626034 0.02289699473005845 0.1327259624782412
0.043568873002997305 0.014845733882599826 0.1431913986776693
0.04894844251048541 0.014557177214089452 0.14865822309621446
0.049628434525371516 0.004542222084423564 0.1728684488450757
0.05261096355406064 0.009728629249219864 0.17216708161592367
0.04898834623707033 0.004441861761056604 0.17888210017133718
0.06456050047621756 0.04708538011523158 0.17289599973335545
0.059326269561486185 0.039987210478691 0.17580911779172262
0.07579996172438866 0.05437173449287731 0.16494005145608484
0.07587185234612286 0.054533576130805526 0.15509349182946533
0.0730425658283202 0.05035175401613808 0.1598366364733614
0.07083112897241467 0.050821560672061956 0.16714464964226053
0.06037845832119962 0.017620661849433738 0.055080575150925286
0.04277824440743645 0.004171820337512354 0.09843074896492765
0.04361056872922168 0.00690531703113366 0.09831874997453674
0.044629038704378655 0.0085992265309751 0.09878783467448539
0.04567625373349982 0.010605297106682517 0.09942497119986889
0.04704973424813532 0.012060964670652057 0.10014265172951217
0.05034326380159874 0.014184647765308617 0.10044166918847197
0.05188728417742043 0.01566518532564145 0.10035433348476888
0.05319593315564044 0.017472385493177884 0.10001422444851421
0.05718346277582954 0.013523988291993973 0.09484434349140967
0.055839846470933305 0.011950859077140365 0.0940690814233673
0.05454453406801358 0.009878208022123544 0.09309867997233466
0.05314926095475812 0.008556960390720054 0.09197002784110027
0.052108283694435695 0.007536278860013107 0.09118980358494558
0.05144783410989081 0.006652863732004877 0.09047108442175407
0.05088930099469494 0.005226787453454284 0.09007647225081189
0.05060509965673095 0.003636952349906267 0.08986221631371508
0.0497893586920172 0.0022312608032380235 0.09029116722638418
0.04258067970547347 0.003967470804449862 0.09692332986214765
0.0435038291846732 0.006405907935627445 0.09676533955403498
0.04461773791327681 0.007865517573828522 0.0974424252267642
0.04579703191068272 0.009645640952575602 0.09824359986005549
0.046871844469827485 0.011266323899232258 0.0991747849279251
0.050544694267816055 0.013210749863848738 0.09991185368577307
0.05235532053400942 0.014793025060807827 0.09992533937413403
0.0534696497459203 0.016846311344897263 0.09947695719557331
0.0542476340098913 0.018846035732756405 0.09879035986592354
0.05493916073963903 0.014827458736803132 0.0976621894156288
0.05445265710418085 0.012732010525701594 0.09761983493684322
0.0526860069239272 0.010589517315911269 0.09671205825336206
0.05030719986091811 0.008881135785601034 0.09521413335737847
0.049424489838882035 0.007633455216486437 0.09464594504425816
0.04886563933589877 0.006444012899458377 0.09403502619137405
0.048689173001275045 0.004974216732996649 0.09342716715477059
0.04903659483316754 0.00338441660743342 0.09298805047923067
0.04840291761532678 0.0022026181670088785 0.09314890478709202
0.04159258570899251 0.0034598499512509327 0.09569326913051968
0.04303658494956957 0.00538342558551831 0.09560343187543563
0.04465655677772198 0.006903360482369089 0.09619084952683829
0.045813464224631915 0.008662926043624432 0.0969091135752584
0.046785829700249956 0.010406119401362109 0.09768536265186244
0.049530713195059174 0.012216827106721175 0.09914875357080671
0.05231334580705459 0.014307211435277453 0.09902784651248607
0.05313137953783669 0.016270748051249215 0.09849054967271757
0.05387491842493742 0.018651935643821844 0.09778755215560553
0.053395463129969574 0.015495552856887635 0.0989964506161146
0.05216542642841006 0.0137037695515005 0.09924818184327742
0.04922111906427663 0.01205187486825148 0.09898508552458914
0.04669842251753008 0.01061719152174636 0.09756174795259533
0.046205269315687705 0.00892551165034163 0.09725714363752766
0.04587908907384613 0.0073034354273945525 0.09694743718455039
0.04518846647192513 0.005348022684933986 0.09585541283160441
0.045182442579445516 0.00360802118475132 0.09535577239212178
0.04567849342285711 0.0018526401584419727 0.09518584133203177
0.05330211369790137 0.006748044337725929 0.08917699483932416
0.05343017483889365 0.007784685327675573 0.08958190747494425
0.0383966848843787 0.0011975433281297787 0.09791477298992844
0.03862572543726335 0.0024995580016541233 0.0979840923299575
0.039095060321817685 0.00449435408079479 0.09885187278563175
0.039951265242686884 0.006954778114036473 0.09906757430344015
0.04094161126962883 0.008788993568249033 0.09856037314204992
0.04259486426459669 0.01074812820046706 0.097717655478425
0.04374077203111251 0.012386167460187567 0.09769459301973381
0.04650485461164633 0.015514214466668315 0.09752413764247626
0.04932044124744902 0.01788162842470121 0.09722003455146862
0.05110290496169511 0.020445172870988362 0.09720965241164907
0.0538731812941161 0.018385538814528056 0.09483492875185098
0.0527169279949939 0.016443352374130298 0.09388677200295
0.05120834014567778 0.013473620530673011 0.09265579289345169
0.0492723709258864 0.011669246306540936 0.09099921463720978
0.04766285276606314 0.010155885177718168 0.08948413047913525
0.04646454224320218 0.008731645757786476 0.08847645176139789
0.045572411512687844 0.007312673507576576 0.087962013799355
0.044823485704908995 0.005677430234560122 0.08804614457586854
0.0444664938507421 0.003855396066524587 0.08854040850888853
0.044889429556605 0.001972870383310947 0.08923323120889735
0.03869766145227994 0.001208739481715515 0.09707384417552026
0.039176263843057425 0.002490340359872374 0.09730048449022681
0.039520528657498936 0.004064735748155117 0.0972357682620899
0.040202194394282846 0.0062532818716973535 0.09731896137870544
0.04127567919667826 0.007783818536044403 0.0967835077130319
0.04261067803659713 0.009817327374245755 0.09626330589441312
0.044049816435014204 0.011505962661730951 0.09670576406464103
0.04588329024733417 0.013943996835055537 0.09706930560988261
0.04945119007325106 0.01654168517619998 0.09695919420665876
0.05139402690625992 0.01940385198066207 0.09700649936554752
0.05367717587699839 0.01830976079723599 0.09635359722890376
0.052740419072952016 0.017157511499765698 0.09592289514966792
0.05094968888953159 0.013549145808901812 0.09595234543715744
0.04836889394405446 0.011740135763328994 0.09455384555958123
0.04670801697061995 0.010137938152006268 0.09299423834298362
0.045251497044258675 0.008733152244668843 0.09199480301751664
0.04436369051178585 0.007246028195900616 0.09156318262969237
0.04378261875711945 0.005564797781693769 0.09147406687607934
0.043784160680466006 0.003759819721580058 0.0918986740277476
0.04300284564395368 0.0019718921163102 0.09179536872592176
0.03921780184786171 0.0012476030880026578 0.09592290282995604
0.03942321064681854 0.0024302291148260015 0.09600319819996703
0.03966611720098818 0.0037782204854614446 0.09600102816775348
0.04026667855264885 0.005675909256657772 0.0957900004153925
0.041153291268304346 0.006978709483552913 0.09563163936095745
0.04299804922228653 0.00887397983560987 0.09560656223286486
0.044621781790675635 0.010768652998881497 0.09606947362496869
0.04594371313580641 0.012715435118882392 0.09638053568460941
0.049453141236437397 0.015421987008492299 0.09690460683379495
0.051432429091744496 0.017538290260681818 0.09679455838579258
0.05280728065031003 0.020174486543079705 0.09674375305509664
0.052313555813646606 0.01640290678524381 0.09793331057414646
0.050299250788367035 0.01431724010278156 0.09808999813612093
0.047579150003046654 0.01253457141960533 0.09763571273559657
0.0454452182305394 0.011251038916157773 0.09649537588897879
0.04391407405531545 0.009286390279619606 0.09529694683140272
0.04335842664507115 0.007804995905688075 0.09491548661742656
0.042414121231309145 0.005825538266785663 0.09455348773879438
0.04148961970538973 0.003993955528556106 0.09422131559485906
0.0414638141303282 0.002118866531077001 0.09413957926770337
0.04736895063255956 0.007379726896058348 0.08606942507809555
0.04799373504165535 0.008893110661730227 0.08655489109957136
0.06202436814666137 0.029290853401221468 0.08685881170347817
0.061448872352001034 0.022005025086874463 0.07989377917169561
0.05963446082681504 0.017339889593015783 0.07669695690018176
0.05806696241461067 0.014381468234259826 0.07533818331379832
0.05554467958178772 0.011484004767696074 0.07434201336875679
0.0542977863520164 0.007545674637433735 0.07379987799567725
0.05355846121649929 0.0023105733962105386 0.07329840443135342
0.04592549823855583 0.020829305692750516 0.10438126922985129
0.04239456092162558 0.014909025585579022 0.10816228349015673
0.041347003714731816 0.01196728429770963 0.10902687990132293
0.03993443420944704 0.00564489178855537 0.10984191351236179
0.03976152729945253 0.0030959235133776568 0.10972094014791675
0.05530905256645885 0.008246702147869866 0.08836712377286858
0.05504470080940804 0.007107513666667202 0.08729677779821042
0.07408335072554159 0.022490341970810526 0.09867586939696116
0.07209428316665009 0.020592792436907023 0.08823722027951023
0.06869783446607593 0.01752720287341022 0.08458675440237731
0.06676950234478707 0.015271523136047838 0.08248553617895706
0.06402280296978023 0.011583268191792055 0.08045270493334705
0.0630361641801505 0.00790411561172224 0.0789369473345483
0.061841060896141074 0.0026115348491485136 0.07839029763598654
0.0661544941923753 0.017066684249524636 0.08932364604066412
0.06540673824185259 0.015098728980097535 0.08578309477581675
0.06408886458792595 0.01344370530161161 0.08513453671399276
0.062448962022106876 0.011323227445030434 0.08406424158627503
0.061049307228505705 0.007808245363952721 0.08294052613125472
0.05997974478661831 0.0027188878526451183 0.0818594373825912
0.054419935524311354 0.014073612568823236 0.10644806302920093
0.052341454433465516 0.011060307175660467 0.10632926002559004
0.050882223896537356 0.00895434797593014 0.10548240819589358
0.04840270707025392 0.005046799462341257 0.10353109284540672
0.04764733972714801 0.0032412040998603562 0.10278280929514991
0.055557011246789086 0.014985262143510219 0.11009931266230859
0.05286716188030751 0.01191909989638036 0.11023618560107915
0.051620940715852506 0.009181266492649155 0.10908347690388652
0.049669938183707955 0.00498874089373097 0.10786293264893212
0.049444179562879435 0.003364387227574959 0.10751078152491489
0.0767987916 0.0201238595 0.0704028453
0.0787600812 0.021934682 0.0688762912
0.0994600313 0.0449502802 0.126428357
0.102530404 0.0443220852 0.125126454
0.122502504 0.0492650472 0.114441965
0.127398783 0.0486718243 0.111521436
0.133107188 0.0492557595 0.107260342
0.103144079 0.0482955971 0.134255616
0.105181111 0.0489795535 0.133847692
0.108913029 0.050311736 0.13052684
0.119583614 0.0534422084 0.128849443
0.125130566 0.0532873453 0.126894567
0.130790801 0.0525796937 0.12455181
0.135992211 0.0537419711 0.120087811
0.103416451 0.0466253379 0.148200516
0.121240681 0.0533687275 0.141511516
0.128262942 0.054015225 0.138338612
0.13226973 0.054914528 0.135711404
0.140424732 0.0552889269 0.13309316
0.0587908085 0.0191568082 0.184480146
0.0606669286 0.0244551365 0.18499872
0.0639487586 0.031097326 0.183776916
0.0562597579 0.00454951237 0.184942585
0.0558503097 0.0113868734 0.185178511
0.0565040879 0.0157671066 0.185552459
0.0633287541 0.0307003123 0.185330792
0.0663743731 0.0367669086 0.184909549
0.0569518432 0.00393568422 0.19033437
0.0565676813 0.012827296 0.190160433
0.0572514592 0.0179056373 0.190332611
0.0669264105 0.0367214177 0.189032937
0.0965009732 0.0491753551 0.184030984
0.106622037 0.0537448824 0.183841016
0.114865952 0.0585064801 0.183088758
0.12956348 0.0632461929 0.181781921
0.135179757 0.0642849202 0.181274831
0.141560245 0.0650765925 0.180746538
0.148093106 0.0653013357 0.180121323
0.0580294746 0.00386234008 0.198218992
0.058810291 0.0124003345 0.197923663
0.0600692822 0.0192488292 0.197663504
0.0977054109 0.0510717655 0.197772664
0.107617996 0.0559406642 0.198005278
0.116719632 0.0601675336 0.197681055
0.131878561 0.0662544914 0.198433505
0.138276526 0.0674435517 0.199241694
0.144676166 0.0679486501 0.199839471
0.150732159 0.0683031325 0.200503504
0.102905127 0.00230728705 0.0539559335
0.10523389 0.00899015405 0.0536212639
0.06262692998455464 0.002554059760194398 0.06949447123339093
0.06494068452697653 0.007662148074486881 0.07034310863736205
0.0664278287577295 0.010821881494833827 0.07169662073180588
0.06915511555310323 0.014355809322783167 0.07323229933302904
0.06254287229732239 0.002473944377307056 0.07403350236267753
0.06451559992100328 0.007841151116822362 0.07502060899982868
0.06543624103189323 0.01066652722903504 0.07587559131900874
0.0680044616140892 0.015176460029952585 0.07790810464631656
0.07157077650196095 0.01858183803062927 0.0802459997551789
0.0626914722 0.00261926404 0.0670784575
0.0650200532 0.00777570318 0.067851418
0.0666324782 0.0109160186 0.0688509549
0.0626246349 0.00250084993 0.0641988562
0.0650215508 0.00769225029 0.0645758727
0.0628024872 0.00258426014 0.0611650774
0.0650819538 0.00789186294 0.0617395835
0.0714383547 0.0149202277 0.0594835112
0.0675159476 0.0111408856 0.0590118877
0.0842411077 0.0267978008 0.0626373806
0.0813776771 0.0211135027 0.05934459
0.0764293676 0.0160934013 0.0575445542
0.0726867187 0.011733016 0.0559524455
0.0706207011 0.00808228829 0.0548735871
0.0679715349 0.0030897317 0.0546205479
0.103193969 0.0285543848 0.0668207466
0.090151191 0.0130225009 0.0593883765
0.0887298214 0.00912758529 0.0580406685
0.0869259914 0.00236079186 0.0564570735
0.107539627 0.0284735996 0.0662790735
0.06096576934043194 0.020219541717801007 0.11493001665736895
0.050817609452142226 0.0030501631483644534 0.11123617250386364
0.0478505751 0.0028355114 0.162718435
0.0485863823 0.00475584621 0.16195378
0.0500936693 0.00274231937 0.164731753
0.0508457761 0.00467962517 0.164049663
0.0540241205 0.00609999595 0.162599509
0.0524848173 0.00260717259 0.166613435
0.053603272 0.00445387052 0.166019586
0.0562176482 0.00575279888 0.164512403
0.0548404363 0.00250890988 0.168546843
0.0559417353 0.00433732745 0.167717697
0.0573186618 0.00582983742 0.166238346
0.056881735 0.00258767843 0.170464696
0.0576307601 0.00441259173 0.169166964
0.0581165814 0.00525540254 0.168526452
0.0578564809 0.00261329937 0.172367761
0.0585386404 0.00437750196 0.171178194
0.0589703589 0.00596612659 0.170476961
0.0582127657 0.00265939812 0.174385374
0.0590730346 0.00460863928 0.173902382
0.0611260325 0.0202423475 0.182363622
0.0628387917 0.0245763249 0.182844387
0.0648246278 0.0306527313 0.182524981
0.065202022 0.0350206823 0.181926308
0.066799286 0.0387014571 0.181312258
0.061966411 0.024505427 0.183861614
0.0644351162 0.0310454726 0.18302984
0.077163423 0.0483162574 0.174168166
0.0674920428 0.0207675498 0.133717092
0.0708690896 0.0241748979 0.133296587
0.0729970344 0.0271311322 0.134666489
0.0740833131 0.0325297249 0.135499056
0.08482153707223944 0.0590504022066195 0.12226965779236998
0.09382366540794855 0.06360312735445534 0.1176289466579471
0.11006870459579933 0.06991789041588864 0.11044586894380577
0.11934117798067419 0.06977482388633088 0.10712214876698477
0.1266085827842578 0.0689055791485949 0.10403962363939304
0.13269261052175918 0.06667727016232634 0.10105499878161357
0.08744961403894866 0.06152621509962616 0.1316141604696079
0.09633443024918024 0.0649708555390283 0.12853283066921878
0.11323951088452623 0.07211147782419894 0.1221562896433881
0.12173800373391684 0.07305255829582992 0.11913850008786779
0.12889750194437993 0.07197111958787258 0.11693656189895729
0.13636722330528453 0.06889286717278352 0.11533251173843176
0.09063996096274932 0.062214780233500314 0.14006889696452554
0.09902805784052705 0.06647239191911436 0.13824346769794837
0.11628470012929838 0.07283156844935045 0.13302011713754583
0.12386165175803569 0.07383741827370328 0.13023673477618095
0.13125532927688807 0.07358127575716186 0.12797184947776663
0.1391421389064321 0.0701731608720246 0.1275050002851432
0.05326560004754529 0.020119705532440125 0.18057425275145075
0.055115055707633746 0.026487396132068682 0.18047592596484752
0.0576666219495844 0.03303833359856163 0.1786570463317824
0.0733933643361904 0.052701708146117875 0.170301398470143
0.04977989833943709 0.004319077313471469 0.18146947700266847
0.04982238755336793 0.01043533835731015 0.18222674409946463
0.05076208842990719 0.015790621538523848 0.18273908610511014
0.05778568334400751 0.033422292693036745 0.18060353435686174
0.061606757226370164 0.0408434834829964 0.17910848054645842
0.06857027533725056 0.049912928202225156 0.17906650653476158
0.07635492568251054 0.05500744925930696 0.17593297832323102
0.08499641638559789 0.0580726721985502 0.17441613460103458
0.0505369041235933 0.0040440086435753276 0.18773064943769607
0.05059192536919317 0.011340844352894234 0.1885006674676801
0.051872857351351935 0.017831681044677535 0.1884641358378444
0.06259974788657771 0.04069980524470677 0.18442080323795487
0.06952291249693596 0.049659420840875025 0.18476586210718474
0.07818122053505369 0.05384279822701965 0.18370461569380186
0.08616664823554883 0.05729447340982667 0.1824593299472661
0.09526951756575183 0.061526309145260076 0.18256995542650753
0.11131020996877737 0.06937462913477327 0.18092673561573028
0.12797165384440728 0.07339541482539712 0.17955990956190324
0.1348109151740091 0.07532942738207701 0.17890067410891822
0.1424904957942472 0.07702416602735782 0.17830409452432391
0.15013489120862855 0.07715960826580053 0.17749304198523164
0.053275242 0.0036998898 0.197158873
0.0537627258 0.0116231039 0.197385241
0.0554283786 0.0201546178 0.196581561
0.0651434812 0.0402368027 0.193445683
0.071195714 0.04838554 0.193864829
0.0790528505 0.0534919632 0.193893341
0.0877029597 0.056888557 0.19345729
0.0961337064 0.062315663 0.194611038
0.11233492 0.0696858574 0.193789094
0.130140665 0.0747224551 0.194171589
0.138117635 0.0765737474 0.195072705
0.14537543 0.0779287991 0.195934332
0.152612405 0.0789706774 0.196440358
0.0662601559 0.0139950431 0.155927453
0.0666103934 0.022751365 0.146606277
0.0680799771 0.0260449603 0.14523643
0.0687164474 0.0311158011 0.144223218
0.0700709033 0.0365141688 0.144228178
0.0720432241 0.0407479379 0.14786199
0.0753350632 0.0454348045 0.154815287
0.0775832165 0.0478368717 0.159788372
0.0768216937 0.0477705288 0.169021413
0.0739744725 0.0477515163 0.171933225
0.0715525234 0.0465219165 0.175795146
0.0690715981 0.0418798278 0.177483615
0.0679937837 0.037502332 0.179202776
0.0672510109 0.0346117587 0.180634594
0.0663102298 0.0306518841 0.181456518
0.0660969672 0.0254543088 0.181983438
0.0659927885 0.0207081747 0.181183142
0.0659902211 0.0166510916 0.178737458
0.0661728078 0.0129642323 0.175831024
0.0660598276 0.0107687047 0.171813102
0.0673310667 0.0118105029 0.160148626
0.0645936064 0.0133573809 0.156311272
0.0659276273 0.022156971 0.144863733
0.0683612253 0.0254988436 0.143446879
0.0694557969 0.0307191675 0.142639079
0.070650646 0.0362566748 0.14250984
0.0714102027 0.0405573144 0.145589161
0.0748864551 0.0447935382 0.151939924
0.0781605158 0.0480868439 0.158672361
0.0799443603 0.0489384179 0.162466644
0.0800810687 0.0477952921 0.166529175
0.0780439667 0.0474780847 0.169586594
0.068282695 0.0424361254 0.178810635
0.0676190836 0.0380459721 0.179818805
0.0663676661 0.0347649342 0.181043259
0.0661230912 0.0306577679 0.181968283
0.0656882802 0.0254038818 0.182261628
0.0649554214 0.0207663512 0.181529319
0.0643512899 0.016795809 0.179662442
0.0631291461 0.013718771 0.177045882
0.062558423 0.0105127683 0.174887262
0.0682896639 0.042116692 0.179803084
0.0667430815 0.0384079691 0.180842433
0.065300998 0.0348919173 0.181435387
0.0657422198 0.0303789239 0.18226008
0.0643756524 0.0249125492 0.182486409
0.0629941372 0.020443166 0.181758297
0.0619726696 0.0167254418 0.180449494
0.0606629032 0.0138459937 0.178003938
0.06514607 0.0100762439 0.164074577
0.0656640373 0.0215870141 0.142554895
0.0689841178 0.0252428449 0.141951152
0.0703907596 0.0306531382 0.141584141
0.0713843679 0.0363992825 0.141576292
0.0719584204 0.0409403478 0.144585637
0.0754867125 0.0453155575 0.151061253
0.07479360048981153 0.04655234066227357 0.10204048312945802
0.08544351265463826 0.05197946938581258 0.09814065726138492
0.0857514301130402 0.040996415677317405 0.0715331907210099
0.09262235088663683 0.0027607307296495004 0.036871329753250595
0.09478353783733506 0.010930528155283883 0.037977124862779335
0.051177771711570265 0.002751309445648341 0.0652950899184593
0.052218841744417266 0.009432412197173603 0.06589051286847329
0.05414570573539477 0.013762290807155658 0.06612419414169063
0.057213361885450204 0.016815130137912075 0.06654758633118836
0.05973402872844651 0.018679035995054934 0.07176056148801485
0.05773947139847985 0.015975370111378995 0.07100364057660838
0.055206095307679295 0.012906499273866143 0.07030929379689305
0.05325321431457337 0.00856517058733386 0.06980650606288578
0.052143129190731705 0.0023503729423752034 0.06879474145438763
0.05104294983812629 0.0028805255849020245 0.06323742673095929
0.05253744364874576 0.009860379033303874 0.0632519283124319
0.054477283124591463 0.013853528339079798 0.06322229771037294
0.05225033610760085 0.002999459005039263 0.06149250989482827
0.05446313003130771 0.009842819367635765 0.06066474354558974
0.055442322178552016 0.0029445877508924123 0.057782256414368606
0.05753755464560374 0.009339541389774643 0.057167284748124554
0.06582910507372979 0.015847146971803214 0.05517837349573628
0.062237782280352115 0.011890709676740501 0.054761351434546614
0.08192427112917348 0.029017586155128387 0.05692057322240733
0.07628902288918062 0.02242008537291285 0.052767382499380254
0.0716183767322387 0.016811990464679846 0.05117378331989272
0.06813863645981337 0.012216296415726177 0.05062533989710983
0.06644500960421573 0.008986658847943706 0.05044897648028566
0.06383377913629397 0.0027169160565492707 0.050262689486205575
0.09995914252011827 0.0341675735324915 0.053783091518575805
0.08195721983748741 0.014296619892331797 0.04187664083111805
0.08002309492387329 0.00967705461763988 0.04151488998814481
0.07760076808304446 0.0026995367026844694 0.040961539070672896
0.10412818831500119 0.03562667926218286 0.051467527304086665
0.05105119703438919 0.026720234721221082 0.11515239357066633
0.048456378851649606 0.023421827091037357 0.1090265212080805
0.0401036199689223 0.0030322919279607663 0.1134942325966614
0.039658480033537266 0.0014724536774784547 0.11770270975515144
0.03706894821965662 0.0013606880217086285 0.12219918242912907
0.03775167901783141 0.0031380530120070356 0.12204681335466262
0.027368181888981966 0.001273170105490135 0.12864961130114455
0.027885654941939005 0.0027679552136902347 0.12889326629820577
0.02835444184195686 0.004349689297198497 0.1296278877121995
0.030421748474957308 0.006491378834174004 0.1305545085379977
0.03671826854885854 0.013439071674076408 0.13311641243049227
0.03941373771206653 0.014837769412315394 0.13079203081327712
0.04157009875761977 0.017518263160590557 0.12790190905724597
0.024799768759091272 0.001051351473133426 0.13123030285919124
0.025586623797875015 0.002811733944484805 0.13145516494652584
0.026707068576140334 0.004593084754670159 0.1317533385302915
0.02776590912399479 0.007070722874933766 0.13212826285068469
0.035660838106853686 0.014524005119777753 0.13478719485864943
0.023049138022557744 0.0011265201867045336 0.13487124790877011
0.023856610335955084 0.0028819422229209636 0.13482424245371724
0.02505919844861207 0.004921599294557714 0.13448501735867657
0.022281593585298798 0.0012683371282247234 0.13825714743147374
0.023132136964219868 0.003059486517445239 0.13791663510846153
0.024282863217517495 0.005067518055391938 0.13731471237735232
0.023754505497911464 0.0014615786906902013 0.14219831839862657
0.024235695191548282 0.0032772159272977724 0.14144695695060455
0.025185863524398725 0.005650679725563908 0.14035953257060887
0.025936072126145498 0.0015313391757105002 0.1449932072809695
0.02600134546613534 0.0035157478333452574 0.1443523279377452
0.0268187325846581 0.005874780965607109 0.1434204178916349
0.02771196218120756 0.001691802729673906 0.1475133769720947
0.02807010429535906 0.0038366728367633775 0.14709780530639657
0.029094867164576443 0.006414574713437594 0.14593386098817404
0.03010853317704146 0.0018288318799404857 0.1497456087366199
0.03058524814804436 0.004019899337916551 0.14958489545297812
0.03181793971961034 0.007172519158662384 0.1483917033429497
0.03393749265215338 0.009533652883525326 0.14649724899683805
0.03226824260733628 0.0020549554254304333 0.15194610308714798
0.03306565327865278 0.0043452910599868855 0.15161287353337216
0.03473295784485804 0.007848321872519342 0.15017665302070612
0.037148807190054894 0.00999821022731921 0.14793120714945104
0.03436032130870914 0.0021983460361495043 0.15404298087811494
0.03540131506149054 0.004634623070070193 0.15367727013540958
0.03716188543293084 0.008093126745452268 0.15233489471231926
0.039809633295211 0.009827176273299909 0.14986376573196875
0.04960383575326678 0.013035961625775062 0.14749364587755273
0.03666999494536701 0.002674747510790126 0.15662676940976747
0.03747969937816176 0.005041639971139648 0.15599721994131754
0.03943609041527752 0.008357941793206822 0.15459443815478718
0.04230358709731653 0.009923352354290515 0.15235605042103587
0.03910716682449994 0.00269062858416501 0.1586733510260562
0.039978036071804016 0.005255050515875715 0.15804537713690775
0.04132805271317058 0.008358661724791936 0.15644074685460152
0.04492360530825097 0.009794550565580738 0.15500558152281074
0.041481954904013164 0.0029726401668912364 0.1605638241064729
0.04245047679088226 0.0055929278638127515 0.16025150207832878
0.044434582789911095 0.007648959934538243 0.15909662283303969
0.044097109514389846 0.0032182701984745815 0.16275575960390834
0.04534726573321613 0.005806313838945496 0.16236632766644954
0.04688558694466968 0.007669324432647107 0.16119035206793053
0.0467877948526889 0.003471496927354518 0.1653273590788374
0.04740513455981583 0.005812579639106114 0.164678055345806
0.048201207606184966 0.0076171535833149525 0.16393710078871443
0.04846897191977937 0.003517280860088748 0.167749192091849
0.04882108484124366 0.005942885465825943 0.16728369210608118
0.04993452931571537 0.008687194047003322 0.16665379565369084
0.05882138167947722 0.011524676783540608 0.16572181981624617
0.0499751284591452 0.003940103888145032 0.16984336184206042
0.05061287721205885 0.00621058323437644 0.16967422528999698
0.05559962469961102 0.021744187431435386 0.17683421272231054
0.056828205408939854 0.026844001074006325 0.17651628559645285
0.058616474396016985 0.03256257322565346 0.17566528824762245
0.060535053027618586 0.03784712022362236 0.17494442480409175
0.0627285661113676 0.041672923159281866 0.1734738301112573
0.056075204268168574 0.026723700033161463 0.1783944795272072
0.05823997948158478 0.032954372332109176 0.17699061712229863
0.07258551470795083 0.051656480436854425 0.1688784076575269
0.05376237942576224 0.02336347445481786 0.13586938729744336
0.05551518837123819 0.027823435429201522 0.13059149715192842
0.057763580805212704 0.03397043630216695 0.12987901972837199
0.06074721174599257 0.039256147418644485 0.13074116378185713
0.0641487854959248 0.0444987432962071 0.1322657441195536
0.0594712594071077 0.018872863142832725 0.15336472440167548
0.060471038559244725 0.02971170050148312 0.14491206954170566
0.06141024864189478 0.03290601266945513 0.1439571215114986
0.06212385352575071 0.03694693942076607 0.1439434161438731
0.06372911656234638 0.04052425231477733 0.14464966868533016
0.06633190650606612 0.043518043625131814 0.1464110602678039
0.06945435928956395 0.04626464909379425 0.14969866235450274
0.07276365515263541 0.048185526698397166 0.15499757627684158
0.07354878946048425 0.04882970036267385 0.1640901634896243
0.0711044297338441 0.047481770966533464 0.1657832295833081
0.06851982362161857 0.044889001249782616 0.16638170121299836
0.06549898241034327 0.04155537811495827 0.16689993531097225
0.06343450581301188 0.03827303495622883 0.16791415854007594
0.06276048960354336 0.03497070352678073 0.16912095179779774
0.061986990046955376 0.0312124783288752 0.170037848415069
0.06158916852286845 0.02679167496645066 0.17073591162295967
0.06209788564202862 0.022546692748575615 0.17093026237284292
0.062489343994793084 0.019444848104050966 0.16939503883338633
0.06267972177959819 0.01720964804208664 0.1677507623522336
0.0634166708526925 0.015644730888772065 0.1664786819511844
0.06312188753417698 0.014318861363730844 0.16500507313243573
0.059416266123915165 0.01611685274538327 0.1557250686316259
0.05772685334713355 0.016346761420570618 0.1520128782438072
0.05838954171689364 0.02925638582754418 0.1420239024951292
0.05983329950324807 0.03361312860749533 0.14072766687433685
0.060893999661036244 0.03823119800508253 0.14126755048469888
0.06297743749632476 0.04202889767796438 0.1425637447709871
0.06593386786730328 0.04485651615298152 0.14471915284892664
0.06913632970026687 0.04750921993648228 0.14707264497920486
0.07346819358732708 0.04984188911503046 0.15200944171538386
0.0752523221348277 0.05171691581448347 0.15792315832885684
0.07636694603934589 0.052199170788807744 0.1620880165338969
0.0748973648029343 0.051312108064978504 0.16484443531624451
0.06548163889276294 0.04273439977074822 0.16899215777933313
0.06312774603317847 0.03955336994841561 0.17020054074114574
0.06182651591640349 0.036238944593360925 0.17107719487769432
0.06084085717767949 0.031999628984098895 0.1719535375596373
0.059717325993083416 0.02711727731712878 0.17270091346684477
0.05974512613923493 0.02244258032750289 0.17305239655352367
0.059950018584804136 0.018628995444268798 0.1717646187671558
0.059821227900224 0.01573740482855841 0.1696385420527938
0.06009704515872341 0.013625254056270074 0.16794954730930156
0.06539281975189022 0.04411729259139861 0.17107831000274693
0.06280446049570491 0.04074689471859285 0.17233494557458626
0.06102961038545932 0.03699663848695857 0.17330801679891253
0.05948845191544056 0.03227292536208138 0.17402490252263414
0.057933755348409485 0.026981532462047132 0.17458223909261186
0.057388445309220874 0.02191475931858384 0.17492219670659556
0.057606655818240406 0.017869165479409314 0.1737020534868958
0.05739609917228002 0.014416711600000949 0.17181667236377202
0.0624775471214413 0.013294805827673213 0.16317722321803935
0.05807145473694437 0.013168830301211727 0.15867078436673063
0.05726825630928765 0.028514713029975075 0.1394997359538709
0.05924036255301783 0.033760582239314184 0.13860067679209248
0.06071083426235874 0.03875655798954341 0.13940608771894092
0.06298627480471043 0.04268424445641824 0.14085613056954124
0.06578416305999017 0.045880156734498106 0.1428263847859414
0.06943693804496798 0.04903570395550217 0.14516549034050633
0.057549652465865325 0.01944946088575692 0.0830252899282458
0.056268130455162 0.014631581385712304 0.07981476128479205
0.05597643024701187 0.01223485667380577 0.07900249975109917
0.055223325377107946 0.00953542584520756 0.07836117186280483
0.05444341954171348 0.006601084549767366 0.07809229610695972
0.05321158765654786 0.0018402119708970787 0.0778846487478797
0.04615319238825903 0.019303833341928322 0.10183515155414416
0.042660952592525 0.014142185521588446 0.10403320788662851
0.04125570588376641 0.011410249608295571 0.10493522866806923
0.0396453886303913 0.005947645118396464 0.10489111047203435
0.03899949301744007 0.0034185458775099014 0.10399526419115478
0.050347960230653875 0.009336152548027077 0.08515579065177317
0.04977596560713956 0.007777857307647766 0.08440496029436016
0.05993003765792897 0.03203847696644892 0.08893655661343065
0.06964478538372479 0.03257536592646077 0.07644958221542777
0.06949084183316892 0.027727103991032835 0.06554825292124476
0.07092104255607172 0.027659512857715028 0.05971229155378351
0.06667837230952904 0.025278144382097127 0.06143276191752673
0.06181457513589724 0.014749591792145252 0.08975479395905157
0.05948552828832295 0.011914641609953877 0.08778287518694602
0.0585673887861068 0.009755224837634479 0.08687015715632894
0.05760183489334734 0.008120290325682965 0.08556195863477026
0.05640273574440386 0.005956315385879652 0.08500114073634471
0.055202848137677306 0.0024129465283436323 0.08433428619194445
0.0601124784 0.0204973616 0.18366012
0.0699004461 0.013754692 0.155665861
0.0692231915 0.0239351656 0.150294734
0.0693713217 0.027311059 0.14938706
0.0699687565 0.0318175154 0.148447402
0.0720264803 0.0368506471 0.148978404
0.0761491993 0.0420570621 0.154324507
0.0777561005 0.0451539438 0.159324527
0.0784376743 0.0463253906 0.163127525
0.0756409591 0.0470248931 0.165337675
0.0745446996 0.0475149657 0.169873759
0.0725314006 0.0462747515 0.173319002
0.0700250535 0.041795951 0.174735622
0.067799159 0.0375319572 0.176148132
0.0666542193 0.0340524066 0.178795146
0.0664109853 0.0296338209 0.179458601
0.0678526124 0.0244443514 0.180283102
0.06892701 0.020005988 0.17887117
0.0697497609 0.0163024835 0.175945084
0.0698209492 0.0134772489 0.172530793
0.0685052869 0.0119789938 0.169434036
0.0672337894 0.0131641454 0.157614698
0.0675649087 0.010701638 0.162747423
0.054647620204835226 0.028680643533494754 0.1267093655741192
0.038692427041002286 0.016576301474097235 0.13158578344819113
0.053695671910581416 0.009548440585754086 0.1658140451859962
0.05459704947345091 0.021854894718896872 0.17897097425855948
0.0639651646684932 0.019728145106060243 0.15359436668323312
0.06316331186118004 0.02940431015190926 0.14956043293273497
0.06392306007285564 0.03282986785652426 0.14883748304648228
0.06477546103137427 0.03613399412785444 0.14860499012866246
0.06634920776627748 0.03942357449973597 0.1491000517565674
0.06955983352543191 0.04267158917838127 0.1511792288436761
0.0715495138619438 0.04503080832019491 0.15513612241826963
0.07178513238154655 0.04612844667919294 0.1593571802235135
0.07157287889491304 0.04629096242214174 0.16186456007435285
0.06996264927995016 0.04523504922475284 0.16334102661255911
0.06805563631244253 0.042968560960113054 0.1637844117831848
0.06584242498249379 0.0398351815446641 0.16405836830350523
0.06407697076939955 0.03649086924654654 0.1649232283311601
0.06264666198940302 0.033398766176579435 0.16607866056257584
0.061958106186651055 0.029526062500374546 0.16720396551313274
0.06320637260283433 0.026670918242612637 0.16732618521083267
0.06423743133860102 0.023217483532860732 0.1672175099619104
0.06442547031177742 0.020427255212660426 0.16656653298390764
0.06455716019642217 0.01832258726741881 0.16555217723945018
0.06462646183767878 0.016947801339643947 0.16453311222298858
0.06438218597836758 0.016157042739467102 0.16342452348751796
0.0606301673016798 0.01807791971159185 0.1547777609589637
0.06446649406687209 0.0158665047268429 0.16151520328675054
0.06344462209632172 0.016040611637986986 0.1601332551682856
0.05499320451137527 0.017365970980715028 0.08660407699939068
0.05366671216841717 0.01262843587455367 0.08340167110429572
0.05323354021667024 0.010456429082694093 0.08265497977415809
0.05250386290307307 0.008221703358133891 0.08192537337769513
0.051664898493324375 0.005770295278067961 0.08148518169693568
0.05099209920376228 0.001757203140885414 0.0816242827481494
0.0694763547 0.0114192056 0.158681085
0.041893993469937586 0.016166588355992516 0.12716910442472706
0.06452028657290321 0.017786507501621827 0.1562158357279909
0.0349796182445876 0.0013149119885970614 0.09806062460767713
0.03557333090477967 0.0029989185409771955 0.098340954896999
0.03622224334903638 0.004612917489627706 0.09872075488148781
0.03707630570236303 0.006799071179687546 0.09888963984554783
0.03806626546140444 0.008892399425867118 0.09862527752657924
0.039209361704893406 0.010646867241811504 0.098552412145967
0.040951973765149585 0.012546941521865008 0.09757781287581778
0.043489227185238614 0.014613996384433284 0.09649214483421374
0.04649907872733774 0.01798049312270294 0.09577804515843034
0.04971962525554952 0.019358365191544873 0.09551262676527118
0.05192680112357998 0.019313617783053946 0.09494718024926581
0.05060603788264601 0.018030579613671712 0.09394178686629916
0.04793307677533594 0.015511407238598993 0.09258891230154555
0.04546626984920027 0.013472303364985712 0.09029119971027172
0.04386732578499949 0.011413386611118901 0.08860735992797752
0.042518540689573475 0.00926550814996419 0.08747088948198503
0.041282828935277335 0.007715436864264178 0.08706309334745872
0.04063759377919739 0.006065169053355223 0.08724555979891165
0.040075682281666955 0.004017629954345781 0.08830300376140038
0.0395179466249054 0.001999993668886275 0.08849765436513676
0.03627768095877088 0.0013543956919900688 0.09685975680638212
0.03668079432519431 0.0025448398061012215 0.0970301746954389
0.03734772997526741 0.0042829492196181426 0.09723978265167955
0.037872827555841336 0.006175290482794374 0.09721086777497717
0.03896210210050858 0.008072426926983917 0.09701026638296359
0.040093020880179436 0.009822602821868375 0.09686771901850573
0.041880913852483444 0.011740344042980426 0.09614247511245776
0.04398808211143545 0.013835817291851826 0.09591719677181429
0.047072590706205966 0.017338798336535136 0.09544786505600444
0.050203388919186846 0.019082018229832704 0.09546655663077513
0.052244573471913976 0.01941674082420451 0.09581410910440569
0.050597411451916964 0.018511837132483028 0.09548077766477968
0.04776569365624123 0.015354242130035372 0.09460493989869245
0.045520724203743916 0.01310066360634797 0.09300683260244114
0.04348286202949943 0.011349364290527781 0.09159632855036344
0.04169392425427788 0.009481565344289072 0.09087056688106794
0.04058250815299287 0.007723584647528113 0.090457161781458
0.03995542407460877 0.005927095687858764 0.09042464514014587
0.039674019143999636 0.004049230917558191 0.09080102400841178
0.039748324185424504 0.002054012526357274 0.09120526426252475
0.037782497156887425 0.0013174684267588301 0.09630355765546071
0.03816844090462626 0.0024944022878928573 0.09639056118611597
0.03856212475022427 0.0040090977568682015 0.09649720835137905
0.039231027332201004 0.005909213965348118 0.09632203103709211
0.04000608878794607 0.00722928353384981 0.09622461577939363
0.04135793419559125 0.009181817530996256 0.0958159970001435
0.042951861153576645 0.011103799364171791 0.09564039915987962
0.0448261012597541 0.013160098587184154 0.09573219808350797
0.0479555781590108 0.016427413970852362 0.09557123016865407
0.050933361655633135 0.019092357516114388 0.09559698493430059
0.05146169009900141 0.01843854998725887 0.09633208862936293
0.048621684951262824 0.015488011540249225 0.0964180284552704
0.046224979317823364 0.013001956392859016 0.09574123564602369
0.044394524445098955 0.011374217696987156 0.09411205432653764
0.042796991140679704 0.009498522550536974 0.0931474192309398
0.04163419084534233 0.007805538809436609 0.09274165461915432
0.0409117185612805 0.006029795447080539 0.09248365843447644
0.04031794437738991 0.004125458392349339 0.0923941875300127
0.04030346631422129 0.002066822648217263 0.09268121381370907
0.04293433368859998 0.00808722588527802 0.08404813657733937
0.04396295516194324 0.009917712490183743 0.08461780257192593
0.06046902281014634 0.03010264250262181 0.08491984843718382
0.05886094575461407 0.023224898235985794 0.07787297065923104
0.055647731130009356 0.018128542767451673 0.07428486589375904
0.05459193086911488 0.015389147798199257 0.07376032645507193
0.05369492945483365 0.01218593927934319 0.07358708904139122
0.05215154829776508 0.008529603338725352 0.07321879732746968
0.050663784166377956 0.0026265931032756176 0.07271941166987217
0.04491543218539006 0.02076764967856983 0.10463922965388528
0.04109262263688733 0.015119764998196644 0.1074996533090895
0.040004799016554675 0.012480972941714583 0.10878115866816984
0.03786812857755807 0.005984887735182437 0.11084553266410781
0.03754731343831481 0.003218199731595388 0.11048471014250816
0.0838068598494222 0.06098452957622368 0.12162892510756391
0.09218769861878069 0.0652848677472593 0.1175407187045158
0.1092955706705407 0.07379719764750008 0.10956940361850334
0.11970737624366225 0.07236232412841007 0.10610310586455729
0.12673494859917514 0.0720422821243076 0.10302861616698217
0.13314903401815995 0.07109033230319955 0.09972137026262835
0.08655444834012321 0.0635813666474412 0.13082549608051794
0.09560407466621634 0.06657202035869464 0.1280303900448421
0.11295930131699419 0.0747872051587492 0.12143635554441523
0.12225219246707097 0.07486389904694248 0.11844409451694458
0.12914144665926186 0.07316899288486463 0.11648291699694785
0.13674206274663872 0.07240442531244445 0.11415943324087574
0.08924745055142037 0.0648828572315929 0.1396578208022716
0.09863683932725739 0.06851002218093552 0.13746970472148057
0.11593932166594668 0.07511490955388365 0.1322813722681954
0.12443112028283948 0.07588671756173287 0.12957996704603755
0.131736722065625 0.0756068295647263 0.12736478748667945
0.1392674256227953 0.07293993840806334 0.12642453354655683
0.05208507211680435 0.02074437394964413 0.1807428742748057
0.05398748883446503 0.027330446007615132 0.1805442139634923
0.056599179945971384 0.034053095412042454 0.17873806967094769
0.0724911853410924 0.05412983216072997 0.1702339594369707
0.04819097608953287 0.004605860302402656 0.1817996071859417
0.04843308268662541 0.010896462145557874 0.18245720375598043
0.0494811915372816 0.016367354073860214 0.18294154047528519
0.056671751316941604 0.03445215324257184 0.18077383055486182
0.06022726133185949 0.04168084586300613 0.17925116101586858
0.06775238621973032 0.05111670111424025 0.17916191168604262
0.07577470029434624 0.05650713735652958 0.17609536072536575
0.08434564009347642 0.059883278583623197 0.17469296607104312
0.049083208720105416 0.004395215862746267 0.18808187598311543
0.04927422454746954 0.011851099895944642 0.18881264548284588
0.05061615348762584 0.0184626756778785 0.18876470270283688
0.06143280183859282 0.0421809885233239 0.18479332233073706
0.06865373737073782 0.0509581743180447 0.18501912726971298
0.07761840324980995 0.0552177567367981 0.18400567859146794
0.08572585468431188 0.05913835945409556 0.18253929748206013
0.09422990583128826 0.06391983763656593 0.18173255500656768
0.11075809741010091 0.0717288125808438 0.1797439929745397
0.12767373581212266 0.07501193019593738 0.17868899057064097
0.13506009537338828 0.0777313147959776 0.17769756468071213
0.1430994609418108 0.07906943181763074 0.17728051533245173
0.1502960381424495 0.07955368837995469 0.17675455170528726
0.051926523 0.004079976 0.197691758
0.0522793558 0.012134156 0.19799392
0.0540634628 0.020930676 0.197157282
0.0641022574 0.041418844 0.194087519
0.070459564 0.0495312842 0.194457703
0.0785189916 0.0547149066 0.194561987
0.0873490641 0.058282966 0.19408877
0.0953129297 0.0630214032 0.1940467
0.112344988 0.0714871608 0.193506073
0.13058766 0.0766836433 0.193615266
0.138107232 0.0788268369 0.194282679
0.14628789 0.0792012942 0.195062391
0.152776474 0.0811174429 0.195681735
0.07410149921284472 0.047968488615948275 0.10188470908155361
0.08484501643555677 0.053595605070912725 0.09748956299320206
0.08271524555450174 0.04303710188639262 0.0692686801788753
0.09082522780961944 0.0027079030004205917 0.03437447753032992
0.09290550794188929 0.011616498749669584 0.03507405224073066
0.04851857538180334 0.002795643979011686 0.06491114113947083
0.05058946967649103 0.009904075257042342 0.06551915504869872
0.05317133045237838 0.014423594082261366 0.06582379701212716
0.05593405850374819 0.017516223831683626 0.06637626030535479
0.05735451408546885 0.019583318859750242 0.07083640393255496
0.05545395669593479 0.01654470312560879 0.0702617558552176
0.05366900723395867 0.013571657952933188 0.06985535672465462
0.051587234959723983 0.009298331153679269 0.06931976713004237
0.049109440220886535 0.002534644148918381 0.06772595455991112
0.04859697083047805 0.002899131189357346 0.06256726596076076
0.05041999728805994 0.010373382551976786 0.0625088049675166
0.053245989752143376 0.014530655999695179 0.06257169285630793
0.04997838730750861 0.0031101957958632317 0.05948170697446197
0.051558698895238314 0.010483380405477504 0.05915132828761267
0.05243227185857675 0.00325100449816305 0.054738103721446
0.05465492322613983 0.010408030168231863 0.05435706378247907
0.08780700794013001 0.002932816863914688 0.034996991873472404
0.08899494801490253 0.011725873335330825 0.035169723766877645
0.07972499966339133 0.03133095512495277 0.054180580047904804
0.07494679926638811 0.024375733522541073 0.050480931484572666
0.06983097967328886 0.018074591994708844 0.04890302645079986
0.0659651476839461 0.013079312420359555 0.04877992142267565
0.06424825236429378 0.009834935182294335 0.04822076738668495
0.06154062981267741 0.0029373939543674444 0.047735258558797164
0.09786882149182281 0.037311252978149745 0.048992620484688235
0.08094155431699829 0.015287992770887625 0.03971373785672887
0.07905666393862332 0.01036322451735352 0.039491803217348104
0.07702653147747023 0.0027162955914159076 0.038792086497866876
0.10193925067360521 0.03866840098168776 0.04635072427407435
0.05007802080825138 0.02701054833420304 0.11472748395783906
0.04714585287817535 0.023443074685317047 0.10862125868314552
0.037556508413461705 0.0032956590596704242 0.11445222429603727
0.0376873506275379 0.0017706852836240207 0.11785050045148401
0.03589321624288983 0.0012733195009326326 0.1214304902858853
0.036012534300691665 0.0030430492761993693 0.12181270225203018
0.026533617617663405 0.001360773641480871 0.1271701155460807
0.02687351614715335 0.0029014698620055774 0.12745560072126305
0.027126044626528463 0.004519271335664611 0.12800120947978633
0.02824628744555342 0.007079487020008522 0.1289620654697954
0.03587530410740158 0.013919768661902032 0.13209868721125495
0.03865477726930969 0.015228297024733741 0.13004765218853745
0.04083312878402725 0.01839081675736361 0.12761521085768027
0.023457798187572963 0.0014042162392155367 0.12991813171945166
0.023578559796929546 0.0032347426843137676 0.12995601270695303
0.023802858091783563 0.005649094164907305 0.12987687481736426
0.024920501394887686 0.008276711804213155 0.13011390079196436
0.03406434262727831 0.01525928730179636 0.13341130456258105
0.021331776827882107 0.0014517962092952283 0.134240451982432
0.021465076130201505 0.003378692355727339 0.1341639634007673
0.021808899837974974 0.00578317083983267 0.13391590366853953
0.020535500850782266 0.0016055587040841653 0.13840792543765107
0.020692452883488314 0.0035550204048408873 0.13823826173121564
0.021400339781050735 0.006026963840268429 0.13756159046066996
0.022354542567500437 0.0016749384918586657 0.14265352457423053
0.02199510049617639 0.0038199749191354026 0.14214063896915508
0.022376906912935927 0.006378100030678011 0.1412034342519011
0.024726580166655986 0.0017442483487236946 0.14565886998335617
0.024576779618794547 0.004112964593220229 0.1449745316593978
0.024663916226980463 0.006672976702085646 0.14415929047779005
0.026302809732756102 0.0018264052581286393 0.14808832559099722
0.02655821133197438 0.004382669308092287 0.1475774517850807
0.02769781965521212 0.006882142062502216 0.1464927553713535
0.028916014518902 0.001975787866691582 0.15046140077362535
0.029366573032078888 0.0045985000320606165 0.15018903235678313
0.03060337168137309 0.007555630439671719 0.1488458275290908
0.0331507018900653 0.010226452938981674 0.14680368073925656
0.03115299942198409 0.0022325312797616286 0.15266290152219308
0.031771307548018435 0.004987448665893102 0.1521857984565478
0.033285153246772343 0.008018827698596246 0.15051297927941515
0.03621637856607597 0.010594495813928257 0.14805093016590967
0.03314931891018526 0.002517868014512927 0.15475435822646522
0.03405045075803781 0.005197576240495252 0.1539741025866262
0.03576607455277463 0.00842144900732797 0.15230910133522774
0.03875917509770978 0.010682414641439437 0.1499878977259331
0.04637849135534489 0.014826690583782047 0.14563772949147497
0.03526597130038506 0.0029412688999019276 0.1571462348758558
0.03594450232807548 0.005705404523037954 0.15615571115928367
0.038074597539563396 0.00880783046473704 0.15433720188691818
0.041190886741889816 0.010636220125250034 0.152354501856321
0.037394375185755314 0.003321191971544393 0.15928429515351347
0.03805617019184878 0.0059969525334293925 0.15826110500794066
0.04048148948739781 0.008815368292535816 0.15643836905651196
0.043901258328239545 0.010439981644425394 0.1550019867743386
0.03954010963608691 0.003672916524743041 0.16122545997429386
0.04029619518707116 0.006322378152505144 0.160617208222456
0.04284084960098266 0.008791251413794169 0.15926050475828374
0.04146741870826579 0.00361907176019594 0.1627649291085076
0.04233229537516399 0.006295776832030027 0.16226511913256295
0.04441077997488646 0.008185443767491387 0.16117181966234873
0.044278092960804094 0.0036409920046358906 0.16504566019426534
0.04511866477575508 0.006100754479065368 0.1644278544811489
0.04717930011554707 0.007852418099454566 0.16371616895354701
0.04649298704137975 0.0036560759679231617 0.16751090447567174
0.04701807162179643 0.006154843284397995 0.16700652870438729
0.04856379856649706 0.008518370913382176 0.16621182945753465
0.057430189988069105 0.011551269159282698 0.16562527740158556
0.048584402826741424 0.004159356777265984 0.16989459346148278
0.049247104560050575 0.00670954502220068 0.16975412957598943
0.05456890567157474 0.022418880069617435 0.17693777758020196
0.055855445713135644 0.02772157632501936 0.17651120995229264
0.05759624292806334 0.033576252080276064 0.17563626797392767
0.059485852601734376 0.03892312505043381 0.17477885174918423
0.061791114833557516 0.04350878305508742 0.17389869474140293
0.05500801690179833 0.027584892206573626 0.17841070292651193
0.05719461570249661 0.03396994482965598 0.17700950473260957
0.07151726974836375 0.05305081481209891 0.16866499396102527
0.05342310686859835 0.023676918818211077 0.135982674299069
0.05509759823339112 0.028250737771513032 0.13044664274112078
0.05712207122474321 0.034481675465808416 0.12932111480466407
0.059935445599132435 0.04001361735350889 0.1297933844061804
0.06363221375991449 0.04575330320687265 0.13139743175419785
0.05864501612556753 0.019293095928566862 0.15278252254123317
0.059779735845936224 0.030180313172960688 0.14441757291706636
0.060756796879978106 0.0335948264986285 0.1434960345827475
0.061462988146505575 0.037681424742891254 0.14359629174916538
0.0631183246481225 0.04138700223494747 0.14441730034709527
0.06599417914591126 0.04443646522104683 0.14642688936347564
0.06891614585844438 0.04676438595350299 0.14995217800413707
0.071864699489061 0.04890670922031404 0.1550283250155746
0.07281491743475028 0.05009325251312711 0.16407031637713762
0.07018260928509777 0.04883866861369431 0.16566557417104003
0.06769041151673846 0.046166861200144044 0.16625866363336056
0.06471456482574989 0.04266077301647235 0.16684218481065966
0.0627894757146072 0.039235238340711874 0.16794008536329544
0.061949316414106274 0.03603453562583685 0.16906179316819972
0.0612299760995875 0.032225976902164444 0.17000849667225684
0.06078218840349105 0.027702411188718346 0.17071991662092423
0.06120882107296927 0.023282434759211833 0.17099822098793385
0.061641098882753646 0.01999073387052437 0.16956246667148472
0.06172971660860036 0.017684278658294087 0.16784683233932457
0.06266033733434398 0.01619887387070857 0.16653265979896936
0.062177853854838226 0.014858656473846061 0.16509576930442468
0.057662041414621376 0.01617458681543269 0.1545467693176961
0.05662678847894161 0.016830694411699567 0.1511539964729294
0.057751550812875314 0.029753430080712035 0.141411991631418
0.05904983076176793 0.03422720534321877 0.14013732153019898
0.06072649524017362 0.038390116196204804 0.14095787427019552
0.0626843878816153 0.04232827088002951 0.14234686884425168
0.0653730142996485 0.045749275713483785 0.14446688337331712
0.06845256757218557 0.04813393310832551 0.1472993097962887
0.0721653772779202 0.050307530657471136 0.1514565925824775
0.07447063188084298 0.052293321016127256 0.15769921066043052
0.07537037468488215 0.05286760492080899 0.16220164757161828
0.07430973064965132 0.05240634065670991 0.1647037636980334
0.06468193048857637 0.04384795339660837 0.16890911289910754
0.062516721539365 0.04046163897607618 0.1701081154389654
0.06099850457766166 0.03729307053293219 0.17100390897643136
0.059956620064871534 0.03306212003369572 0.17191533192045513
0.058890882140389456 0.028039651912469044 0.1726945545913128
0.05887282041046752 0.02317602485094944 0.17315291102995856
0.05943029776526589 0.01919511673867956 0.17179709817781258
0.05894894271506994 0.016119358264296814 0.16989035587150986
0.0590293328966248 0.013825224000370312 0.16811736663906032
0.06424090037593298 0.04545066464210373 0.1710282730790492
0.06177719576657595 0.04205481392538706 0.17219830829704097
0.060016143182620746 0.03808556297549441 0.1731969757483133
0.05850750764482765 0.033307235352297286 0.17396449119008175
0.0570565292322664 0.027884680999191072 0.1745665805089407
0.05636781297794882 0.022658645610342892 0.17495092799319611
0.056691063984141664 0.01838912322079102 0.17399268429132356
0.05646320649156753 0.014866401393231081 0.17217429407362309
0.06117008606304842 0.01366769176321964 0.16294634916694478
0.05652287550247516 0.01323466341270858 0.15813238526734313
0.05670140998050553 0.028920662190823482 0.13900875365517276
0.05851018956777223 0.03437370373994846 0.1380035248254284
0.060494667191878244 0.03900597266747223 0.13901031067397004
0.06258186112285943 0.043177838035373124 0.14052482769551985
0.06522859689015834 0.046816994202150505 0.14249189492477493
0.06870656759649968 0.05007365330644032 0.1449976024792164
0.05611909872465648 0.020076882324265608 0.08132668863509532
0.05254145378419259 0.01540235170775111 0.07767654533849709
0.051845116047142266 0.01318688045827737 0.07698321595773443
0.05192910509901565 0.0106355382509141 0.07684363284110621
0.050861972761217296 0.007950532585239317 0.0763449953795841
0.05060929477701547 0.0028180322883941365 0.07623112400291136
0.04438279297912749 0.019129826056848334 0.10187481554797835
0.04048309938316963 0.01419861847319765 0.10465896807809238
0.0392866006099531 0.011526029696081035 0.10602426812674248
0.03730458049230257 0.006944714016498063 0.10715814021711215
0.03627018023816287 0.004172854668118711 0.10492517611333665
0.04663732344625315 0.01027033052426098 0.08274326805263753
0.04542171090752546 0.00849928572897476 0.08194179962388956
0.05888279672280338 0.03297534173135004 0.08799695290049381
0.06811014456248025 0.03409121902407447 0.0745168887938783
0.06722916741322067 0.029027227081329227 0.06386817576991898
0.06923452425770654 0.02894718907426057 0.05810886593518956
0.06484133231306077 0.026342492759783873 0.06053998738444074
0.054208645524120434 0.028923439337741896 0.12654013321821053
0.0377036461745 0.017472412865853985 0.13110844550765427
0.051950762096990545 0.009865250285800611 0.165649013845214
0.053481656534785565 0.022526185381987772 0.17909613703829602
0.06225798854701604 0.02067537829053538 0.15391854542301356
0.06315393582332797 0.030039607690922166 0.14944123307281668
0.06361011959317346 0.033531336447399016 0.1487310801873966
0.06431920345419716 0.036966738158954425 0.1486366082783299
0.06604578853697306 0.04029841002183968 0.14927439184506552
0.06927636274550468 0.04360380773479958 0.15147485915920922
0.0709289761337517 0.04579996659316077 0.15536571450081776
0.07146617729634928 0.047246866405755705 0.15956199660440945
0.07122152903300462 0.04736030774684701 0.16209021316948435
0.06926207538893947 0.04647947410834677 0.16333194804758233
0.0672781695586041 0.04422178378997263 0.16372768844994615
0.06511908448207278 0.040978336939521194 0.1640522151715792
0.06328831616407296 0.03760992499712575 0.16489176676036596
0.06200726582102696 0.03439108212721133 0.16598938915866285
0.061308765703156055 0.030274884621280227 0.16718451205458196
0.062424065294806645 0.027556323709390432 0.1672829016090656
0.06325057173190876 0.02404452152736114 0.1671689839481026
0.06378394239797065 0.021052672831804304 0.16658299163277704
0.0639863342551487 0.018936850052537545 0.16560764172739914
0.0640855161592313 0.01759383108177958 0.16473008169396242
0.06382556689461766 0.016799798732442865 0.16367641980046338
0.059355957916040855 0.01860917892678412 0.15440725878933254
0.06377575555522136 0.016661403872780593 0.16181206151666713
0.06222307166160498 0.01647356895162627 0.1598604907018731
0.05226764249806898 0.019056059370622463 0.08480714072569333
0.050032140761913944 0.013995514612413064 0.08086794706524988
0.04921401469431208 0.011690334589409058 0.07995025998989841
0.0485706191993505 0.009609650833504 0.07921867046131997
0.04847937888993158 0.007061279979667977 0.07929403917367682
0.047529262520264993 0.002253804622870639 0.07961931030198756
0.04148133296678249 0.01653196966467811 0.1266333650191865
0.06313323330255645 0.01894652956415363 0.15670677103430927
0.09851837727994109 0.03076069122805411 0.04374203980539393
0.10113709025567982 0.028398354011700336 0.049301069673160454
0.105709351 0.0227247095 0.0641484429
0.11983700311608615 0.053054622890197474 0.06401184083421084
0.11931172491455745 0.05596639668272962 0.06285476573971513
0.09740241262793227 0.02379274621174855 0.03885305691798605
0.1011025490659093 0.03028428132602315 0.04218805410890614
0.114689520508201 0.050226119684034835 0.05623631603805359
0.10103681418661165 0.02106976199702417 0.04381398765892445
0.10546733431309403 0.028434803574445503 0.046949498400635344
0.11591539796241732 0.047302418004265136 0.057864514205762885
0.10915928829450867 0.03429877886674512 0.050426922552153246
0.10533232680904416 0.03836395435506368 0.045186331444481635
0.109094856 0.0177499979 0.0573265062
0.111284596 0.0226131838 0.0599013136
0.1132167 0.0271440924 0.0620525799
0.10412525159874675 0.002784429911870336 0.03155619374170021
0.10558133046739462 0.010307801788176143 0.03227787868772188
0.10818826699836277 0.014519449544063949 0.03222450603620332
0.10913579920357643 0.0206780091682578 0.03211204429905951
0.10836664275774816 0.0297888006746048 0.03385951555057915
0.11226024302985126 0.037395806607758514 0.03737591562626628
0.12100260534354727 0.051202824105786714 0.0466690702958889
0.12760301105828784 0.056816483978461174 0.054323384103576455
0.10644858785590001 0.002870943712773224 0.03350286056575062
0.1071947175038866 0.009687935919067373 0.0335985594167921
0.10949535104332567 0.014497658381291837 0.034215886578265894
0.10940127141946115 0.020696502273253228 0.03384563535371172
0.11070800035679482 0.02885109171120148 0.03519967987259
0.11474342096834995 0.036265059891023195 0.038274452665426326
0.12332887060893409 0.04937737357707653 0.047023117370632826
0.12875433756188615 0.055711502447526796 0.05407295306102414
0.112707803 0.00345619488 0.0375315924
0.112731086 0.0101689662 0.0380310287
0.114231206 0.014356434 0.0385360905
0.11594587 0.0192409865 0.0393644417
0.116974997 0.0268172452 0.0413490399
0.119693886 0.0334390198 0.0429918746
0.127291199 0.04538714 0.0480401271
0.130691863 0.0511600729 0.0548908598
0.08850364682704492 0.002581506603269693 0.0375466478945294
0.09040616132583516 0.010376363325381497 0.038693221003661744
0.08708082503252187 0.014939689229739666 0.04005175074576268
0.10501547880081065 0.06278760509372007 0.08444732664210791
0.1052493965478555 0.060204731340794806 0.08507705883134596
0.09133872749152465 0.020777527400129298 0.04523520645448651
0.08955195234546132 0.02335560374671489 0.04075446084564833
0.0859901244800586 0.016246892111299663 0.036899116047170236
0.08347755836209217 0.002626311394076536 0.038279740550183745
0.083395918935746 0.00270234749853437 0.03616238652881157
0.08548534705271368 0.010089420920892508 0.039015109233824466
0.08419662967113516 0.011065883565162603 0.03631425361677073
0.09493183035017526 0.03245757391195955 0.055059039593311945
0.09275496509588856 0.03568379957328794 0.050374050398565434
0.0908710749667299 0.026397864453705823 0.051312031985309675
0.08812620159469757 0.028977169265169894 0.04489650542172679
0.08651911435565841 0.045378312227111375 0.06719231182379419
0.08933485329487692 0.0429990319851024 0.06948093475011657
0.08350235075356068 0.033312151752563274 0.05209187152425486
0.08799836430359533 0.034502551044659165 0.05097665188141171
0.08561183893883666 0.03041962333161274 0.05575705374710677
0.08977303541675886 0.03153724117946991 0.05525879862804509
0.09093156372359577 0.04680687056876748 0.06569942920828852
0.09519770300567884 0.04821410240985649 0.06388976983332682
0.09320477249501595 0.04394336125931758 0.06785297598644731
0.09702701016431588 0.045105162604392394 0.06623878748988216
0.07930878253549493 0.025718487125530296 0.0481287277585773
0.08348475887358156 0.0276409709907775 0.04575685028063942
0.08152224580982326 0.023422531506171934 0.05175207345338258
0.08598584072849616 0.025158652288898107 0.05111071566933389
0.07470133659837597 0.019070324650082446 0.04663534892116842
0.07937586540245896 0.020768409505982143 0.043854031007090476
0.07649106611153571 0.01759002176925689 0.04930561262881309
0.08138265316324293 0.018753590332038803 0.04736694574375426
0.0704927707504929 0.01336301232165518 0.046313641567388875
0.07546423004899935 0.014137953757998213 0.04308277371374814
0.07250218646988116 0.012768821096948059 0.04779094994922152
0.07703323917854443 0.013363894424478004 0.04485738370971929
0.06873897199797485 0.009830867845615853 0.0459575772857618
0.07351254246687869 0.010097320311430376 0.04278208278360314
0.07072440815618151 0.00924393300851199 0.04762672436758226
0.07510943340407944 0.009505168724854504 0.04455178636335191
0.06704222888399529 0.002777845163941242 0.04561545289315496
0.07142208591877511 0.0028245598985395404 0.04263670631693905
0.06838127538813538 0.002540902255647537 0.04726466057506251
0.07266696908927246 0.0025114322276531703 0.044495511257629496
0.12454904920143517 0.056065488991760316 0.07638500345437287
0.11957477585911608 0.058382777282156406 0.07855094794368996
0.11258830256696666 0.06028374009938572 0.08164994898050235
0.12416915543833863 0.06313141790257898 0.07421126663661641
0.11914402740746877 0.06273417638176616 0.07732431524509287
0.11257324488180337 0.06328882045940597 0.08059402958282084
0.08620899433178243 0.058651219279816855 0.1411883536474595
0.0822403202796327 0.058794974500480046 0.13370542729987991
0.08436815407700964 0.062636185881253 0.14056728065160845
0.08110133651975031 0.06186651141195143 0.1323149783153516
0.07922852443453628 0.05631370182045451 0.12501695662820453
0.07822225544562676 0.058529772751176504 0.12417936459279591
0.0917756709 0.0530355584 0.145395704
0.091198758 0.0485064152 0.135794694
0.0886135892 0.0443430515 0.128988722
0.07472501683684124 0.0535198152466222 0.14713523901561518
0.07367204184283903 0.05452251553342995 0.14690656908127575
0.07962168594539294 0.05747110196614447 0.15147913577183336
0.08034918267983246 0.05629358727453531 0.15179135805165314
0.07566313854725219 0.05625322427237439 0.14532367673111427
0.07632283896899898 0.054712523137442376 0.14547996516960995
0.08207967576115699 0.05818248415384663 0.15932602850413005
0.08290001072781798 0.05719264832602839 0.1593211954562479
0.0774522843192681 0.056263453273091145 0.1530321175753688
0.07828696093644258 0.05547961421769448 0.1532217851574989
0.09396348384952158 0.05890757771971022 0.09147389894633048
0.0992811091751329 0.06076082587835469 0.08836200092102242
0.09678124636969399 0.06786964180784669 0.11517979979895333
0.10222275217720028 0.07119188728961869 0.11248307075233574
0.10020720446565436 0.06905314872517727 0.12616506427283347
0.10522627017700609 0.07275881753595806 0.12414481437549525
0.10322672871506823 0.070696774606566 0.13621676741904676
0.10811716402942448 0.07389535821704653 0.1346890371478531
0.09995688209449337 0.05864759913163789 0.08857194598476192
0.09479819768647481 0.057033236664374105 0.09185200505370672
0.10339436030080051 0.06818813216934938 0.11321957072331099
0.09824880083892164 0.06572166898250394 0.11555849575037712
0.10593797411619135 0.07002112506327525 0.12510525779393414
0.10093764686590305 0.06710970324459985 0.12697826505409263
0.10879578526956776 0.07104402669267489 0.13548027834691656
0.10355889637742452 0.06858500495894068 0.13696976077400438
0.11604163106194046 0.07268133123170718 0.17944567957655852
0.12180208764661003 0.07410206756073902 0.1790246659622091
0.1165061520477439 0.07106547294329454 0.18031419437179697
0.12195465791450505 0.07283362227980883 0.1798057184451504
0.09473249971530373 0.06450458117358324 0.1392707377690212
0.09383525567063226 0.06669623807293162 0.13864614703730685
0.09190789369569062 0.06309401395870588 0.1300750306631074
0.09108590702694559 0.06486782561154088 0.12948986372172888
0.08906190451708647 0.06110604346818123 0.12017542940581337
0.08810009714462447 0.06288214399608766 0.11962553316830836
0.08043683522205576 0.04974266386394247 0.10021094778289397
0.08016436843989551 0.05094317873859792 0.09975229402190701
0.09957362382117209 0.06720539774346562 0.18079226715182717
0.10507161227383431 0.07007414615759311 0.18013609761065527
0.100549515 0.0661152164 0.193806999
0.106434941 0.0687339325 0.193603114
0.117944037 0.0731095366 0.193466301
0.124171245 0.074578448 0.193308125
0.101319931 0.0651860893 0.194173689
0.107107971 0.0675507616 0.193902823
0.118330185 0.0709492306 0.193944896
0.124408991 0.0727700344 0.193885301
0.10040317063485903 0.06459099544860931 0.18154359720416113
0.10575201607834335 0.0672183474087434 0.18140305904576134
0.09047492204984661 0.05899415185119378 0.18281744719324988
0.08968183580436985 0.06157718761428574 0.1823965696559501
0.08230757410371499 0.05527913192675989 0.1822080449065636
0.08071781358672434 0.055759809964916966 0.17471371546130407
0.08184507351528605 0.05699831748273159 0.18240314781931347
0.08012990584698064 0.057258791334043865 0.1748310547184976
0.07832479570165096 0.055411881212636946 0.16550557520487974
0.07743258541456817 0.056413455882486696 0.16530251398514645
0.07233412240663493 0.05250790384231841 0.17748392961473947
0.07087802517264614 0.05175306194670443 0.17529464210611642
0.07165190865159342 0.053811714300384006 0.1776274894363058
0.06996543254738473 0.05286230256295231 0.17490351118418535
0.07390567436221179 0.05177917746683757 0.18409578173888125
0.07319117001904545 0.05301692590183961 0.18438966802074758
0.0658010782022526 0.04582505211756295 0.18455930129088496
0.06501610565697385 0.04613059839889074 0.18044064086889616
0.0646780142598924 0.04739071490723847 0.18492964488528632
0.06253174988229217 0.048011530848870256 0.17914452344554452
0.06428701684015155 0.04501279686527816 0.1779020792136846
0.062406265668554194 0.046654080163914674 0.17690775627326352
0.055028633231726985 0.03266654892748129 0.18673251981416045
0.05674342560066949 0.03132248481850944 0.18632498724883226
0.0579074238 0.0261303027 0.195433057
0.0567394266 0.0269555816 0.195991766
0.0631089236 0.0356515702 0.193717151
0.0618023248 0.0368996185 0.194415476
0.0678369232 0.0447339104 0.19365821
0.0668810604 0.0459508885 0.194294179
0.0752830515 0.0507657232 0.193762686
0.0746472989 0.0519346249 0.194407402
0.0833377727 0.0552134163 0.193714467
0.0829064075 0.0565160704 0.194359518
0.0919173196 0.0584684754 0.194614513
0.0912822442 0.0598907437 0.194134543
0.049258549451186864 0.022659156992274165 0.10022927715996872
0.050140273840804724 0.020826088537968832 0.09831752259957505
0.0483502527698554 0.023153595981447964 0.09971399565496111
0.049581888816641426 0.020656995103569314 0.0971997909028827
0.05208468458618904 0.021001869651380487 0.09603534202963632
0.05201521922004157 0.02167518969182505 0.09667036505354946
0.05243889638057062 0.019415865421200093 0.09405788588272547
0.05187884980643992 0.018628954352905017 0.0908495993017002
0.053919572700353406 0.016927457285073482 0.09080798832251778
0.05457267921055612 0.018552612050532217 0.09408160373860082
0.0561107121708523 0.01893076297528573 0.08828296855238424
0.05441395810226847 0.020634212666622458 0.0876733922107195
0.05735880668142326 0.02009644356344946 0.09008493609155345
0.055861597966838566 0.018836256741401255 0.09312460580396768
0.05596938446131408 0.02131122009495658 0.09053369336829666
0.053363656038876744 0.01968294042190869 0.09326778011999869
0.0474476528405689 0.021144434973475852 0.10091943617015436
0.04861818131380886 0.01888402693490926 0.09867350041622519
0.046376936733674295 0.021456094818062828 0.10041117664027668
0.046871438872904576 0.019251640569404448 0.09742665552759029
0.050462943210112035 0.023590080148284388 0.09992303157632794
0.05123391912856854 0.022530743628093854 0.09779392070222107
0.04962002871220649 0.023867062548430722 0.09937233582001392
0.04997809584434217 0.02250622301095006 0.09713930435312192
0.05262543342164655 0.019829875998071334 0.09676984007656997
0.05326134832579813 0.018361292345334526 0.09767610876814013
0.052381814812428436 0.020624339447109546 0.09577095704773989
0.05241072818198094 0.02040521427476064 0.09586951444745404
0.05434245981263294 0.020678134134325808 0.0958359885651965
0.05248643864188153 0.02148382450474687 0.09567836283394163
0.05247700610166017 0.02148820869530939 0.09604527780999612
0.053583912274601846 0.0207301426021859 0.09682173444310971
0.054741130685019276 0.020719400625289822 0.09516086885617701
0.05252159001613056 0.021582996673389514 0.09520349202024829
0.053096774923845014 0.021690156617932787 0.09472026107408026
0.05545689183063936 0.020603285576277188 0.09471939250492539
0.04804605574358915 0.014594239100600972 0.08685944573120387
0.05183456499331481 0.012830622029725122 0.08729831376038387
0.056708737710223125 0.011351289104678607 0.09023452956200266
0.060965065225084755 0.013768586945848937 0.09235037226017123
0.05415577028669902 0.003964720748045501 0.08626174464956485
0.048865196749991895 0.003948410530021681 0.08413300570352988
0.04437593434259644 0.004300850506493578 0.08234288800455146
0.041136292185972013 0.014450094822911968 0.10017118142956548
0.044025455675320804 0.014419709544576694 0.0999390493167631
0.04791494364952209 0.013773636072351474 0.10180608899123868
0.044452868327872444 0.016349885137255826 0.10350142067924845
0.041957631249204916 0.016474539690339286 0.10420589529064711
0.053259482316289186 0.012655963535359402 0.10626063299101957
0.04325702186817311 0.0179622063261457 0.10634667939914617
0.04435378400436589 0.018055899693426813 0.10655629218790943
0.05437796129419333 0.013737822003964974 0.10929529265055261
0.04264068242373854 0.013362884668115355 0.10178959021483741
0.044206381480737814 0.015379721626882571 0.10140866894398447
0.03990493911505485 0.013359900312632147 0.10308131352834397
0.04133543623525203 0.015524721250320023 0.10173775235943948
0.047065842986154766 0.012398442649265314 0.10283258190849406
0.048244580579685545 0.014242845874029405 0.10298557355353292
0.04645439046318627 0.01830302606664664 0.10033203307757368
0.044032965631415066 0.017815700552952392 0.1002542789533404
0.04989265750414142 0.01628464084473623 0.10242825388305102
0.03730927432115339 0.008646022389966614 0.1025661624282371
0.04018512983209742 0.008084090593001992 0.10199099306119083
0.04396133446792279 0.007563566720798931 0.10125714689693567
0.0384536349903422 0.01097087664565178 0.10436667338168257
0.04114214744609869 0.010883483778753476 0.10302582594686438
0.0455527990846558 0.01010825231110979 0.10278121717984705
0.04514480770340044 0.020008193784892953 0.11018495744323734
0.046394005533344454 0.020238053921851438 0.1107519723404786
0.056439557956720926 0.016187525766238244 0.11449942845696269
0.04045240538421717 0.008686964200450507 0.10532388181015719
0.03798268594569484 0.009353303968813296 0.10672563879705436
0.04964894882677879 0.007159722481985385 0.10474581710904271
0.04418362618612126 0.007420567574760283 0.10241505072408627
0.04033815448974574 0.008357498169418397 0.10368470416009996
0.04364561597581071 0.004357805592030071 0.10210904965940515
0.03943969204366195 0.005842715477535427 0.10345354719548822
0.03780720620260375 0.009341299393969065 0.10490127188825996
0.036515037504078335 0.006973469812333405 0.10497659466755131
0.040544571734593395 0.00834144252294802 0.10955171377372307
0.03880783667795679 0.009401303594759972 0.10966685049371785
0.050772964055119454 0.007331399743557991 0.10835427321551618
0.041303846627465717 0.008699908227852552 0.11292174318353779
0.03937223680379531 0.009123630350293833 0.1133704820851982
0.05194603596612701 0.007211342339995645 0.11206434627518139
0.047694854227120234 0.004824589255414472 0.10220736183800935
0.04726948726009271 0.0047178792666255935 0.10104936926922861
0.04676145245277209 0.00379636995335606 0.09978531094085633
0.04648670706804059 0.0033631448724569034 0.09891779741223176
0.044615931618738565 0.003643694986178518 0.09716442922178631
0.049114811830601325 0.006930586546111647 0.10318679399729809
0.04867726497909251 0.006766369275467507 0.10179037175534408
0.048269128917432964 0.006588685048866896 0.10082800283028998
0.04762057766704846 0.00615489305113953 0.099799138428441
0.04581072182186656 0.005785612088608449 0.09778882947644241
0.04735524456011352 0.00726628588176905 0.09869641342872684
0.05052165675220076 0.008689370026103456 0.10409202194486968
0.050050141088388164 0.008481976852786531 0.10275212223154216
0.0494586314934263 0.008268381562731929 0.10156365671644696
0.049059884837598024 0.00788264594986852 0.10065996623156476
0.04853248251099794 0.008837867654471003 0.09920336385799307
0.051824959556936424 0.010923661696657493 0.10489885388998733
0.0512962557246361 0.010578062550787684 0.10366927514835794
0.05087705776826756 0.010132920453942915 0.10250461256835346
0.05036496144074328 0.009755754785101869 0.10144271640671484
0.05064693220862715 0.010577607722200752 0.10019634376102408
0.05315136695805629 0.012500691325778425 0.1050316078868765
0.05284311508642268 0.012145843542182235 0.10406250961331462
0.0522528205862733 0.01167517289135573 0.10323709424180985
0.05180064449226923 0.011283083612489204 0.10228527946675643
0.05256646945822475 0.012563561304719306 0.10108483174966842
0.05420550109799152 0.01394693531178499 0.10476914874066157
0.05391069116320382 0.013698126054284644 0.10375655853078712
0.05377616963499231 0.01336553991505527 0.10311415093240092
0.05352076279718749 0.012955352623473424 0.10264144392263326
0.05488717343096626 0.01459775593585297 0.10753775871315653
0.05365144460602588 0.013139027055432392 0.10742730308611069
0.05224647838375853 0.0111737716178063 0.10789911374327522
0.05103142706990739 0.008957419100091403 0.10655819371317629
0.04994240145183834 0.006904702051148188 0.10591280318705092
0.049031370473411835 0.005273996338132336 0.10502258867440142
0.04820329913378683 0.0036985462101142906 0.10441065692855081
0.03900337646496394 0.003367741869135407 0.1019412658527787
0.03558797836242621 0.0036870950069074248 0.10314035558044182
0.04223827333976864 0.002217146308979902 0.10087142691449728
0.04181483426717422 0.0023159970881538304 0.09933357013368027
0.04154303475912583 0.0023341524363532386 0.09813217944322154
0.041283873359149244 0.002410806077435691 0.09686233952482001
0.04100952885371215 0.0023268938080129318 0.09556327447722762
0.042623960199393796 0.0022282474867818943 0.1020547712686553
0.03992434985538423 0.001326423091411255 0.11351850184448038
0.03968263355232114 0.0013283279836392506 0.10961694762521852
0.03779145769735153 0.0015511137637900531 0.11464617983264978
0.03771613318208844 0.0017625986216024008 0.11008354957724753
0.050469857061415525 0.0010871951501586403 0.11084565901148248
0.0494480288060691 0.001557351520069981 0.10707759881181719
0.03888454342941237 0.0015160263395934636 0.10376128685394136
0.03605220413881775 0.0020097246748361484 0.10489454123626468
0.04828434041230265 0.001625426221543381 0.1039752227857822
0.04764376173464349 0.0014223301276237328 0.10260596735538413
0.03857493317101634 0.0014164090276584088 0.10113983539645444
0.03518384038737612 0.0018866848891227839 0.10275462700402853
0.03829455698296752 0.0013183676473165747 0.10021854039677693
0.034414252837585466 0.0016030310814244444 0.10119730470458692
0.043005781355107194 7.987318111220166E-4 0.10180576619469472
0.04259345036502373 8.065494133512918E-4 0.10065106987174736
0.04207969421228288 8.352860935543375E-4 0.09902683646655518
0.04178184280988085 9.59156584827481E-4 0.0978199406894675
0.04115929331535681 0.0010461419466047605 0.09673391842066802
0.04050226566373639 0.001131386853466145 0.0955654745582402
0.04605392447732648 0.0023127454941286396 0.09798859598308797
0.04722207195335424 0.003168061081278004 0.101591721659143
0.04672453348240694 0.002530750228633029 0.10017081378738295
0.04643182673538328 0.002393873280524897 0.09919091798519006
0.04383095359205212 0.0023191572859193616 0.09663997958671039
0.04558755634995511 0.0012552167667503557 0.09725143332273278
0.04704839604318156 0.001456988078471919 0.10150330490068236
0.046392051977203676 0.0013876572031989813 0.09979868704879268
0.046078649837911156 0.0013077255061863672 0.09865902037493376
0.04315986706834174 0.0011881739859390793 0.0956831726413045
0.05540994554773206 0.016493485285073113 0.09759397922199292
0.058270981937782435 0.015540916386498144 0.0956807804039334
0.05409547908251566 0.017292238955999285 0.09870624102682819
0.061000254515610926 0.01537665366829754 0.09449791156330366
0.062464070103613906 0.015880489168229758 0.09355251420495737
0.05409576167021707 0.015303715773624675 0.08468403112293167
0.0508913914169903 0.016562950766388747 0.08246439620154658
0.05117600421068789 0.0037319733718644012 0.08139316131595857
0.04823900603329472 0.004640290778196368 0.07954721701974056
0.06056038052139002 0.013586771606502278 0.0887449874367252
0.06289314200570659 0.016102153670798463 0.09072471240080356
0.06307549038455108 0.017622863613399063 0.09194433586637875
0.055810778749299475 0.004063116994688055 0.08460850386435156
0.05786345154556919 0.02127249681073383 0.09189394414505114
0.05662532920621502 0.02056865737759451 0.09391663335342787
0.05643764466576919 0.022061047183022608 0.09213673081558661
0.053769904939906854 0.02189735456167119 0.09408498194309063
0.05493011374312345 0.019153123756739124 0.09800993533399792
0.056182347899714546 0.017336719365782297 0.0978971747815496
0.05870197885426532 0.01659586006480906 0.09662876001480285
0.06095915644584578 0.016555628895533907 0.09557705600988488
0.062253020892679825 0.017432894996598534 0.09445079304462256
0.06604955180975236 0.016138049612187712 0.08805752542011923
0.056865163299680895 0.017096293758967356 0.08126196226473445
0.06304910885074455 0.01875882210823325 0.0936337203523081
0.05376637804358078 0.023803327146274443 0.09444297169763466
0.05629073505914649 0.022295683937809056 0.09485142212116233
0.053606088561131464 0.02371092325972439 0.09475728013925108
0.05554369954583195 0.0224814778438958 0.09536341148065589
0.05360923068945524 0.023517835814006783 0.0950398381473816
0.05574060836376633 0.02170123690349308 0.09585474890821359
0.053858574909086354 0.023158389392305013 0.09540864021224206
0.05445306639930826 0.0225087569563691 0.09594067547044924
0.05613177872439298 0.019495684499870776 0.09792827745551648
0.057326626651649434 0.017564473156439955 0.09827961369471845
0.05807513662705046 0.017266696014742573 0.09828632561435066
0.05923816410174388 0.01766385470001633 0.09767012292733432
0.06165114540580844 0.01760551147587721 0.09617066540554894
0.06264897518628049 0.01866880624668589 0.0959043642083938
0.0479828368546155 0.02003897131529286 0.09987283933617162
0.047011810532340076 0.020290054564529696 0.09889558344042436
0.04950615714336784 0.021484711834289714 0.09933063613845663
0.05084498366109123 0.023176023865107625 0.09867992120618048
0.04894041340409301 0.02193991426886074 0.0986631080395737
0.049950469518433564 0.02329367723931523 0.09821532256694995
0.053815835545719344 0.014083090483494603 0.10083981097474079
0.054221645860780376 0.014362479484672985 0.10247040094449737
0.054215434812360616 0.014441499531470574 0.10302496262622513
0.05425458632990821 0.014675849101808 0.10365252033073624
0.054515098323529555 0.014901649477440616 0.10482763471554292
0.05489135684193457 0.01515934789915599 0.106250864826494
0.051090914038142324 0.01715466651513807 0.10143965818084548
0.05110326155042409 0.017703320511781008 0.10243536619803993
0.055295940009098474 0.015882986398557643 0.10725025525952545
0.054482587450816425 0.015531651239466619 0.10017595898452317
0.05468263023174367 0.01525331440367648 0.10196337852422069
0.05478081975578557 0.015541072176552356 0.1025341319567033
0.05511007671915271 0.016190698230711075 0.10340935794606887
0.056061276492647326 0.017312785850594228 0.10489949644537067
0.056650101512454816 0.017605355034681015 0.10620972633180407
0.05254661452768597 0.018704553923089465 0.1011826085793534
0.052346177439702074 0.01919672282537981 0.10220771547077592
0.0569318360230996 0.01790429646616514 0.10685801865541768
0.05467813026468064 0.017010447453989604 0.09951910113730272
0.05524952908377132 0.016065001729803942 0.10119412224207336
0.055584164755752015 0.016615752076646312 0.102076175589977
0.05722453710210337 0.018250550840050166 0.10355408109106012
0.058694944813402025 0.019507343221337545 0.1050709046392907
0.058712089215827996 0.019684156204048304 0.10588238898955069
0.05382336185155769 0.020470079604101188 0.1008183201812724
0.053808632524337534 0.020589195663188627 0.10193584731533847
0.058775264089866476 0.019817200562457223 0.10638788150810846
0.053978682650688004 0.020145405920620033 0.09989574552100813
0.054232248091465596 0.01952253381480663 0.09924747009632348
0.0523198901799412 0.02112513618194721 0.0965653169227392
0.057768006021074576 0.0024436495955104365 0.08586919573887614
0.056311245660822726 0.0023789127425961967 0.0879243868283669
0.055516024721606695 0.002350625822710795 0.08938599728431455
0.05422600352593002 0.0024180757449748587 0.09087973460921613
0.05140273286632994 0.0017858111208438018 0.09296892440872907
0.04879248095575089 0.0016079482322524966 0.09499819093045642
0.05843247297926838 0.004969704165330428 0.08648311208866924
0.057183636868912695 0.004634744625144503 0.08833686649941279
0.055876438709378015 0.00429439777857663 0.08941733413398512
0.05404201683615111 0.003624377880036728 0.0910765713721801
0.051438587954528076 0.0032058614178432547 0.09384198396959473
0.04769004205846451 0.0032982171335130418 0.0955624704186202
0.05895036058644356 0.006936282686528754 0.0866169930875105
0.05778980157878483 0.006078028898159906 0.08875215267649945
0.05634014150929238 0.005551547017899653 0.0900565359486759
0.05389764297951009 0.005018169466929594 0.09191843669008946
0.05123464333570634 0.004661137339734926 0.09428932957263583
0.047407413885464024 0.0048705496674367205 0.09631784885084566
0.05921135213410826 0.007711121874524041 0.08672817003377929
0.058106351697812884 0.007087188636970453 0.0886166730368645
0.056231447570218016 0.006144396912402845 0.0911442131991914
0.05420714896677041 0.006176069795837644 0.09258687423234997
0.05120446070788837 0.006098135698401934 0.09501172570837296
0.047708979079381805 0.0067151232470562955 0.09745182090367817
0.06127940608668036 0.011689158867195513 0.0873216849439609
0.05771371842443558 0.007010262537732001 0.09006404058060308
0.05590938797852331 0.007403159115047766 0.09153561722358462
0.054456369672044334 0.0069448976388579164 0.09314661352649625
0.05151545992068638 0.007276189783657246 0.09559344669136911
0.04790079188412899 0.00841388986261083 0.0980550062714045
0.061960557833339314 0.012566091203139871 0.088186615852146
0.057485535712564484 0.00906731637251977 0.09040757277130722
0.0561709626549532 0.008649761897549763 0.09172518881590976
0.0548955640206617 0.007894303288048047 0.09353940380238011
0.05231353420824848 0.008643357631251436 0.09650826678724755
0.048374465614046847 0.009989907612574794 0.09818348199444038
0.06272082543450333 0.013299602034874885 0.08917316225742225
0.0590954302119757 0.011032817872388481 0.0915411926230483
0.05717824695317924 0.01031778962362886 0.09255091374205854
0.055887278330659367 0.009717102695961743 0.09408727952215716
0.05404904544973555 0.010539772515468762 0.09762291394207884
0.05164338483028493 0.01144155184712437 0.09960810065950354
0.06340292403162842 0.014477765821067995 0.09004222553419117
0.060363408838675775 0.012286257650294721 0.09195383665302193
0.05847447442695816 0.011793143646294718 0.09328454337365029
0.05711625223348787 0.011257638542945226 0.09485997363945338
0.05554071567751264 0.012512819001879713 0.09859922215036862
0.053900553579884825 0.013262341052369698 0.09967704361271917
0.06419766188962937 0.015795006535447142 0.09126133467824926
0.06229442726285867 0.013239039130687453 0.09272981088922226
0.06066323435518012 0.012700319982014967 0.09421424566800599
0.05837615370726634 0.012174001283558541 0.09559724839966213
0.05580909672932733 0.014311881882107559 0.09867086762697115
0.05463914866143802 0.015128222298086384 0.09958600087978967
0.06435298699757895 0.0171492629891547 0.09245903772660322
0.06332339076950033 0.015224666654083997 0.09403331718546401
0.061753673638892136 0.01443209800327965 0.09525676438454984
0.05895184022898547 0.0138929196441907 0.09662512075052508
0.05587206100655479 0.015639605022589917 0.09868297509215555
0.05499447915976543 0.01645035565414229 0.09937585836136956
0.06429641591039825 0.017852638039695192 0.09421324232534799
0.06322389192558665 0.016274496177173185 0.09497766184403407
0.06164308734285363 0.01547940442310517 0.09627576621175839
0.05925726297827937 0.01526607858146135 0.09772755270515499
0.05657534760328744 0.01593970029210131 0.09906827757863886
0.055390230452797215 0.017010152776966266 0.09970918071430103
0.0639669622720822 0.01740430254848667 0.09679219262242099
0.06268773591648107 0.016546217665280135 0.09715666777126909
0.06168079338385155 0.015755482769076744 0.09808387791429547
0.059892203445182306 0.015419999872157667 0.09931988344278413
0.05822488453976402 0.015765956817030635 0.099707934749852
0.05613276031141398 0.017222341272431985 0.09988646863713158
0.05324141079914472 0.017747583676250397 0.07869646633551221
0.06083862739861436 0.019658192807886037 0.0783569883566086
0.05649591748236711 0.02067338575400715 0.07551547919595548
0.061618045100697794 0.02165364068967935 0.07248950693163557
0.059345830104238044 0.022450405494926596 0.07209181717124599
0.062055429123956514 0.02553579156463988 0.08308205741378073
0.06386252937927475 0.028201180259805014 0.07703470280574082
0.06013740583241556 0.02667277317345822 0.08114110391767132
0.062285686760309 0.028992262088729612 0.07673291693019657
0.05863605890814268 0.022688466869110992 0.0862501599112093
0.057294226608922805 0.02362369380446576 0.08488122500404696
0.05941594572907646 0.02390180222777046 0.08810338295675518
0.062311235363424644 0.027140928611765126 0.08513907062853258
0.05781320606090913 0.025067245774516186 0.08701625154698812
0.06069529130900528 0.028183050715580787 0.08313594850419945
0.06440700820726138 0.03033176685799308 0.07894572417418076
0.06279682399289892 0.031062061617936558 0.07822442445943976
0.061657746326622215 0.023836794580838892 0.0814738520594065
0.06380583280473576 0.026941471802038208 0.07546349536925069
0.05941864244932504 0.025148975671199437 0.07928593626780932
0.06162507463331451 0.027125164465183645 0.07486683738776058
0.05800137977505921 0.021267023061469846 0.08447061092615109
0.056557224391656516 0.022187207870085157 0.08293292603642456
0.06727345670499632 0.01821296618148599 0.09313508696893553
0.07402520971667322 0.02256097140086043 0.09239113059846454
0.07876461219570495 0.024775729060874316 0.09069398027742342
0.06742040382455584 0.01907425919226787 0.09487814332971553
0.07438921860003851 0.022079742026382302 0.09511638449174796
0.07949936261452732 0.025174846597001553 0.09419737157388555
0.06684383827537486 0.017676623144493194 0.09117674900262995
0.0731622441665836 0.021692465931932806 0.0904419996640363
0.07751006781576658 0.023845199747600174 0.08785453152846526
0.05283479406576017 0.021409702750092827 0.09606869506540507
0.05460448088184704 0.02009998943286903 0.09707495984134204
0.052758295346479425 0.022257016154458242 0.09600101153443123
0.054803013432590406 0.02029125736056394 0.0981508143327478
0.05585795863276529 0.016647834670656586 0.10088940108694007
0.05490798191601589 0.017396106345746794 0.09921359962066621
0.05249143736620962 0.0219812107214247 0.09554127512423374
0.05264852079518091 0.02168217278223954 0.0955077204764455
0.05245565006252717 0.023000551656532007 0.09613775313940451
0.054802959248120287 0.020749864851090493 0.09881179708468706
0.05215624661153481 0.022543809484288534 0.09562393955576677
0.05626603641185969 0.01712255918309643 0.10165864686197648
0.05217084009129405 0.02361775176499546 0.09650475989350138
0.05474364979618829 0.02116108255866594 0.09958420891994756
0.051554517212081465 0.023282384989908617 0.0961515146053025
0.05800761455453348 0.018717175880383293 0.10308168150252099
0.051973140168328345 0.024193261842975353 0.09724677461813082
0.05490147107701557 0.021321289336550694 0.10067557240842322
0.05102689684280758 0.02401653027930798 0.09647751409210283
0.05964286791616469 0.019852499886814073 0.10410878284837884
0.051831113996697355 0.024643168656766336 0.09826012856387524
0.05513956407472393 0.021474768674061544 0.10173982793393878
0.05092160203878185 0.024702893918381562 0.09755473521051025
0.060010667988392566 0.02017002470721832 0.10467455423211314
0.05159790956540625 0.024782893839371472 0.09930397553833113
0.06031284247961612 0.020317089094548945 0.10521566075924903
0.05087896821590073 0.02515129417582419 0.09860015402485647
0.05386731326544357 0.023510028036619477 0.09577602087243606
0.056104465630075824 0.01992977076362372 0.09847603754079662
0.05318494308866437 0.023980994415814312 0.09531062113393231
0.057129035822323614 0.017306443821028274 0.10076379402578393
0.053447963573333285 0.02429275797237782 0.09569995696137815
0.05606605108140964 0.0202805460365637 0.09880702991208924
0.05285191994068406 0.0243774938659389 0.0953468985616522
0.05767919571290554 0.017915396812038048 0.10124127424860536
0.05322740104952743 0.02477159584505547 0.09590874143326913
0.0563065727292915 0.020318130245745993 0.09973454322739111
0.05240585810736201 0.024759410470504374 0.09539947244463899
0.05909679905128721 0.01913351440573887 0.10223967707114481
0.05329370471995326 0.02521612641809076 0.09655398044872365
0.05688267205289991 0.020950208352037026 0.10038954142805896
0.05233029307812833 0.025193762952256785 0.0957892258443136
0.06074357431180041 0.020094028264997683 0.10337882599235897
0.05309592327609356 0.024753564079971573 0.09440031653653255
0.054805478097830276 0.024228807863039194 0.09492913508291849
0.05901378929802636 0.01853623489285651 0.09965103685296817
0.061476658973083124 0.017525718735516237 0.10108514863199139
0.05376229704742222 0.02561190213371034 0.09771687283843553
0.05814765621148745 0.021149062023748083 0.10146503117535761
0.05239106335073402 0.025928556497682304 0.09639759440751447
0.06144856730927228 0.020144038776447132 0.10369397225175998
0.05355054086484296 0.025506902850362587 0.093684127480277
0.05529231865761378 0.025030721726711627 0.09453802306283149
0.059341237910241804 0.018537676126994154 0.09983503831259463
0.06305486614801796 0.019177815532716826 0.10186556492493341
0.05411202251738188 0.025953670418126813 0.09886657803073892
0.06175997308179661 0.020225308362198626 0.10427738135620132
0.05251659701048079 0.026406745815659587 0.09712860116925359
0.055140260547436266 0.026577594469903477 0.09267147780951372
0.05676829881278291 0.025622052434966333 0.09418040785738148
0.06377871022573843 0.019669728869450308 0.10177286022950574
0.04718330887899573 0.022411312899477863 0.10311642318752096
0.046068460648686554 0.022925574069807303 0.1029995192907149
0.04924459545553026 0.02315155081429205 0.1024758609829946
0.04798033598783575 0.0242314099035422 0.1016887616417577
0.051080517575213306 0.02376668720177436 0.10238083752890607
0.04947639637466226 0.02483950556563704 0.10121714416313916
0.052703414578552106 0.024859198771050556 0.10174258850112029
0.05100487953298037 0.02627865929183925 0.09998416083849175
0.0563501602934824 0.01714095094743229 0.10894204934250305
0.057683700961974 0.018786304236877705 0.10841513894623062
0.05973858070182101 0.020194502157365877 0.10766347642675307
0.060843813660492574 0.020329580128758844 0.10692243236194664
0.0627979043073824 0.020509271006765778 0.10603543061846739
0.05086754099212834 0.005481925358182966 0.0763046923221674
0.051126615482813546 0.005357267203219739 0.07284102178313878
0.04981355993507442 0.005291111074506863 0.06827067942232559
0.0488712339260798 0.005660705376915135 0.06507331431629666
0.04904723222722923 0.006127938511273946 0.06255225207366746
0.05036797857419409 0.006357013271125194 0.05941376612564695
0.053077393035340745 0.006408525114975941 0.05451430832596125
0.06282334544013779 0.006005156554528861 0.047999401776162715
0.06766222491868952 0.00578097815051445 0.04597896735383838
0.07214394016262275 0.006077659357315391 0.04263042613629788
0.0776747379992868 0.006123526631966901 0.03924638922502853
0.08355600611460326 0.00649839259552533 0.03611902284880455
0.08820795959761606 0.006743224622441925 0.03489666712392099
0.09160358154487235 0.0068930285922935925 0.034400110166256284
0.10749829049395476 0.00635382093221895 0.03360246617906067
0.05342428588371667 0.004002375500250489 0.0781643416748898
0.05380346495234979 0.00487453353082134 0.07363806499237546
0.0524701944848082 0.005084405014995445 0.06922412398818788
0.051223871389998725 0.005375156193586112 0.06544622118247113
0.05114157337547167 0.005868107964752876 0.06318286675634205
0.05243116657626353 0.006014808640175726 0.061275191407503274
0.05572272622116865 0.0059315727960385905 0.057524596123588866
0.06454961671042991 0.005610230540896339 0.05024276724519501
0.06914859510773824 0.005734092228471807 0.0474242109416847
0.07336422407818592 0.005771406591960653 0.04419664990997026
0.07832794442354904 0.005904594105397081 0.04110482233270304
0.08402203870318063 0.0059930716857950275 0.03843472923191359
0.08896981889832381 0.006027692920098104 0.037663222631903796
0.09385682464156903 0.006331060465467917 0.037642540985486556
0.0605589878547261 0.005249735636716346 0.08241230319853629
0.06257250515271238 0.005281689152869325 0.07847262645571164
0.06356556093210786 0.005115033720590601 0.0742564548499657
0.06375348322434288 0.005019365638875085 0.06978563015439972
0.0638349383 0.00506651384 0.067130557
0.0637772542 0.00496064089 0.0643099836
0.0636194431 0.00467075976 0.061077004
0.0687089123 0.00552398616 0.054571133
0.103647418 0.0055243004 0.0522292859
0.0875512304 0.00562569855 0.057146991
0.0744824568 0.00278186308 0.0567282334
0.0816909888 0.00246592907 0.0569248222
0.0918479291 0.0023308376 0.0560342042
0.0966824885 0.00231168879 0.055491575
0.0748288749 0.00532100669 0.0563278518
0.0811973294 0.00574974923 0.0566875992
0.0943523083 0.00557093151 0.0564846847
0.0992140047 0.00553757993 0.0552947372
0.0757274163 0.00842965351 0.0562794747
0.0819304192 0.00844788648 0.0572072355
0.0953903872 0.00905506033 0.0578352288
0.100454528 0.00902170055 0.0565715127
0.07774715 0.0120340015 0.0572022293
0.0836595137 0.0120803683 0.0584294072
0.096965782 0.0129824544 0.0597643363
0.101896341 0.0128956478 0.0586676072
0.0814314809 0.016100931 0.0587337729
0.0872858183 0.01633731 0.0608764397
0.0988101698 0.0165888757 0.0623096115
0.10517945792342477 0.0063004876985450825 0.033267290390367195
0.112715307 0.00654408403 0.0377532574
0.055006844507888335 0.0032295829230778172 0.05121532822223327
0.05795598254730141 0.0030259240829300952 0.04905069574806135
0.057937583982122114 0.002840729935172769 0.05466746567306498
0.06034456729865237 0.0027784170261412723 0.05198726459998692
0.0635153591 0.00230852009 0.0591456033
0.06491492 0.00260489215 0.0569100145
0.05593921000384908 0.0061943151891045555 0.05142380417388906
0.059040297527032465 0.006141498341416243 0.04910235146999928
0.05845164651350009 0.00567157580299364 0.054450651334508486
0.0612062811291802 0.005551936804994321 0.051926590916700245
0.0641665107 0.00483045054 0.0590127507
0.0652671247 0.00516894345 0.0568026068
0.057796990561355586 0.010221365562546408 0.051572836255782274
0.060811939894716095 0.010019777768229753 0.049495942373215585
0.06049712926336609 0.009021184434614086 0.05471731628951049
0.06346170523208478 0.009041552149977023 0.05230243060165744
0.0652340502 0.00777124236 0.0589135343
0.0666893883 0.00811133313 0.0563003266
0.059626777951699836 0.013166137403035079 0.051865600932756106
0.06269152138490283 0.013003500385943558 0.05005690269498688
0.06515201738085218 0.011964642371491786 0.05244107521139131
0.0695523759 0.0114626265 0.0567485953
0.07364207682025968 0.018931494572405918 0.07588428563531689
0.07082315086984513 0.0195241929986773 0.08648541473499799
0.07446198178689908 0.02109924511249929 0.08234238716646684
0.06333999194107029 0.017413459161161368 0.05266863457095681
0.06628020074218743 0.017603270488753833 0.05055809387072072
0.06859328923285997 0.016279178940826165 0.052921076154155124
0.06760301348076914 0.02373660705146248 0.05358296983227011
0.07108543918182883 0.02402998892414623 0.051753132531233974
0.06924905638636478 0.02279086722969937 0.055426451320048364
0.07292545439123684 0.022616733139309172 0.05387242175525397
0.07330596799862661 0.02953515749360934 0.057008127109930785
0.07666402618631248 0.030198472624153375 0.05561305331751166
0.0751419185123346 0.027601487006063727 0.05912489587199569
0.07892308441386786 0.028039264595815624 0.05817468191560513
0.0732099259 0.0154745617 0.0582496845
0.0752992163 0.0197820439 0.0613269157
0.0781956075 0.0206069358 0.0597924978
0.0804882119 0.024120554 0.0673876028
0.0819629546 0.0259741219 0.0653939565
0.100876244 0.022886127 0.0651472197
0.0956873382 0.0222390109 0.0644673153
0.0901515812 0.0215665509 0.062875186
0.0860189399 0.020949288 0.0601398425
0.0993714424 0.028800145 0.0666810364
0.0935288787 0.0281538632 0.0631825681
0.0883825585 0.0277715491 0.0625228737
0.07628986902444171 0.021616872566013853 0.07847594554047863
0.07254777640527299 0.03186731929772365 0.06250618431389132
0.07329509982832336 0.03552844904062281 0.06696310902199544
0.07614681532551974 0.03382834330219 0.06104926357817493
0.07769546837106772 0.03767288206075661 0.06570953275895096
0.07963790523287677 0.03579758901305522 0.05960914336070953
0.0816809763775571 0.040008564773675946 0.06408250323200182
0.08312830409551238 0.0376958943280286 0.057866839549897256
0.08561802165873239 0.04184372697038617 0.062324063982345704
0.0872451893602041 0.03909690222931013 0.05607350053408969
0.08960071571612123 0.04356650283726331 0.0603001620202627
0.0916520631176141 0.040130368634694415 0.05500822958143596
0.09390731876613197 0.04459164667778007 0.05912998319444848
0.09613547593141772 0.04080845915725059 0.05393883840045963
0.09847846391063464 0.045357521279430775 0.05793666338732521
0.10107508033534832 0.04225704262946625 0.05204466008492292
0.10378810182739223 0.046170084070994995 0.05680310882126235
0.10574848948917293 0.04257100122730439 0.05045099499948549
0.10863676134450276 0.04621357642656929 0.05504425348124727
0.10924976562889196 0.0421609471469462 0.049338262942984684
0.1122009383570793 0.04613444611349343 0.05278945986121069
0.06828898967967098 0.03118230266641711 0.06901206999174217
0.07432456559126974 0.030250590509636237 0.06434358789796517
0.0755003412892994 0.03336960106145751 0.06906765845378501
0.0786633472713778 0.03193381057694593 0.06353821041888905
0.08030642139219317 0.03570616173619842 0.06791358828266246
0.08200054362611642 0.03372866691377827 0.06220542899974643
0.08414774610290296 0.03777814002983335 0.06654094841301093
0.08541681160985155 0.03559552892947065 0.06066166985321179
0.08806013757785257 0.039666203009782366 0.06472160128437113
0.08968930931066268 0.036895162948387156 0.059550571359211754
0.09212044706162326 0.04086890635884825 0.06321383136155892
0.09366049538585434 0.03751519796491081 0.05865652748312912
0.0958255424309389 0.041806971944488784 0.06193027443880552
0.09797545877003282 0.038414841521514365 0.05703855862450859
0.0999649328330173 0.04288614807026294 0.06014553596381988
0.102104595192833 0.03952094214257861 0.055572062787757635
0.10427445479683194 0.043873572636687244 0.05870405218212747
0.10658766071251012 0.040082610493676334 0.05379391139211122
0.10892878147611072 0.0439272017939847 0.05697986500940916
0.11176684440030939 0.03924727594579593 0.05282115124764585
0.11379337491476357 0.043309200276522235 0.055157341184805954
0.07049265378814037 0.029825052463474094 0.07064252860967865
0.06384604615055142 0.027825263203153323 0.07029859686111409
0.06610761265547381 0.026520299029172634 0.0721337852650926
0.06425121133910597 0.030779949905592133 0.07589646905943818
0.06593039988805505 0.03034203712594227 0.07716474052274984
0.07360002444112984 0.03947627085305555 0.07860810143165385
0.0733571326659947 0.04103386056426821 0.08393917062209443
0.07886335414373902 0.04216544355091893 0.07665371178812068
0.07891956005638609 0.04417856965372991 0.08206453692575222
0.08346229484405472 0.04517451731999387 0.07456599359315891
0.0836355783002655 0.04729409189040644 0.07986004480856594
0.08746482120117426 0.04770217599602151 0.07269363673868634
0.08812636478951753 0.050028166473836094 0.07800135900980287
0.09198162382615295 0.049395716571982384 0.07114379315476012
0.09284599471461241 0.05185715080542584 0.07639890233862244
0.09664232172155458 0.050965126796998064 0.06946527291825887
0.0976448652224237 0.053473496487195085 0.0743394391373003
0.1017750789571949 0.05256098029386385 0.06739306270710621
0.10286228896083578 0.05507665077350694 0.07159297571651375
0.10756073221374407 0.0527928291379244 0.0653849576703596
0.10905175751099232 0.05509089939561616 0.06906725937837994
0.11274376741655336 0.05264223800691416 0.06300058503304448
0.1144937688629453 0.05519949444641234 0.0663036541099584
0.11711893738089077 0.05342121492608226 0.05922659069280786
0.06794805387772594 0.0362275292144084 0.08036367403608832
0.06700635768890353 0.03798401168729023 0.0854928338975589
0.06265844957436502 0.035167668211031636 0.08633975064841465
0.07521853902515438 0.038543087560165626 0.08040834115034787
0.07457807316235095 0.040211336914701364 0.08533743865416056
0.08104968625712491 0.04109435026393617 0.07869155906932478
0.08061861298104137 0.04315981013556792 0.08306820956536354
0.08601050657558365 0.04385966689822936 0.07631644187821031
0.08565833370455898 0.04613364611534601 0.08053170889715085
0.09005578235667057 0.04591926788511086 0.07420486409377479
0.09017224649584565 0.04822325837064727 0.07867221055868666
0.09393411810411538 0.04693072412948917 0.07302035043543983
0.09420095736836762 0.04913095973050197 0.07745553604617708
0.09812949731834968 0.04805767735523382 0.07131412081482237
0.0986887718056346 0.05048915533187125 0.07527307024413568
0.10250515218775894 0.049628423839571084 0.0689906030000501
0.10355020795493879 0.0515444918623141 0.0730073744486004
0.10805840032080924 0.050429746532735964 0.06674129430615032
0.10940100107558726 0.05179651211675887 0.07062369671767446
0.11332197517259092 0.050379811810243084 0.06420229895319755
0.11503081334298082 0.05229531533323183 0.06732873982868352
0.1179259273693726 0.05057838270727419 0.06070251719844384
0.06855286691449348 0.03506859997759023 0.081779329078204
0.06766306822241325 0.03707790906070296 0.08668141746669211
0.06304261222398375 0.034984918369218285 0.08744381663491088
0.07968806379717443 0.023529072086286077 0.07638172111965791
0.0832722062 0.0257189221 0.0749014675
0.0856642078 0.0279671885 0.071756785
0.0869672631 0.0296056467 0.0682896273
0.0894773013 0.031342428 0.0660799397
0.0924986664 0.0325762192 0.06581398
0.0960866947 0.033462438 0.0657625982
0.101342277 0.0331732147 0.0671294557
0.105357127 0.0329399382 0.0689495697
0.109732161 0.0324607719 0.0670352421
0.115180965 0.031327828 0.0647562848
0.07835172416676002 0.023905784331165605 0.0845580002559882
0.0831772946710147 0.02649805429458031 0.0835798041477241
0.08616041263990586 0.0281274216636335 0.08060535740389352
0.0896648799 0.0306886456 0.0771979505
0.0913376067 0.0325022435 0.0740744696
0.0933721024 0.0347582564 0.0708038701
0.0964540389 0.0365192001 0.0696746046
0.10028931 0.0363994531 0.0679885512
0.104434859 0.0360372928 0.068438662
0.108163195 0.0351939127 0.0699581191
0.111653737 0.0356423545 0.0695362002
0.116166606 0.0349925126 0.0667343185
0.08208909174832256 0.026052239124904533 0.09334123515059767
0.0852176084908114 0.027274179342754105 0.0928129857674351
0.08888696191857236 0.029635264277626954 0.08856311754808678
0.092086094518943 0.03179489726376893 0.08488706938097401
0.0952553951 0.0347543929 0.079829455
0.0971101073 0.0369580436 0.0768201568
0.0988817597 0.038411505 0.0728344905
0.10170111 0.0395121751 0.0711188104
0.106008217 0.0393893374 0.0708759116
0.110788088 0.0392632019 0.0711250005
0.113667854 0.0381138946 0.0712797119
0.117593265 0.0383384094 0.0685691952
0.08066954888793869 0.02449306441350249 0.09981342710664946
0.0852879779700824 0.02711317056132387 0.0980179967533879
0.08997101153955411 0.02838040661685244 0.09535051425973584
0.09362280933136144 0.03139076673979547 0.0916059275072346
0.0979079185 0.0349329069 0.0872295191
0.0999241642 0.0378735688 0.0819990057
0.101551192 0.0398811588 0.0788047422
0.104089729 0.0404987751 0.0766074121
0.107576368 0.0412435292 0.0749633277
0.11186935 0.0418026588 0.0738215396
0.115045093 0.041442484 0.0726710937
0.118527057 0.0403682739 0.0716421613
0.07883962537378786 0.02475780663312689 0.10414718013635015
0.08382535594159464 0.027509068795993644 0.10191474144617298
0.08880168416705284 0.02894647694520982 0.0990316022261645
0.09324089340409343 0.03013851074754653 0.09524871706819914
0.0989886618 0.0345097224 0.0913598756
0.100496543 0.0390705644 0.0864092734
0.102693819 0.0404661729 0.0836541559
0.105803505 0.0409385058 0.0813349275
0.109102322 0.0418594333 0.078926209
0.112796228 0.0428011806 0.0772231931
0.116085734 0.0432931433 0.0755022511
0.120595772 0.0414193206 0.0728445893
0.07743816550737588 0.028374465316255378 0.11618667039334546
0.08309166286249647 0.03012115874903121 0.11511163648925687
0.08760150870821455 0.03095734542611813 0.11394405497083623
0.09051550733340916 0.030796000424578668 0.10853406932485735
0.09507802731972936 0.031833799466639126 0.1056682770543784
0.103285333 0.0378642576 0.101604759
0.106430667 0.0400078628 0.0987808559
0.109319966 0.0417092633 0.0950030125
0.112470108 0.0426617723 0.0916157875
0.115745559 0.0441334423 0.0880777728
0.11960357 0.0447874457 0.0844080724
0.123984158 0.0457901584 0.0810376364
0.08113237389961794 0.03309468448745372 0.11972552075260431
0.105788277 0.0454944095 0.123387033
0.109413429 0.047099075 0.121407822
0.114046694 0.0474358281 0.11941608
0.117986512 0.0485685033 0.117054091
0.107085 0.0492410547 0.132437142
0.113295852 0.0519854731 0.129467572
0.113255324 0.0457959213 0.151157003
0.115621083 0.0469692745 0.149407427
0.117221943 0.0487588751 0.147074823
0.119147527 0.0509435644 0.144440254
0.119540853 0.0606054458 0.18257083
0.124416701 0.062126227 0.18198578
0.101957555 0.0513285181 0.1842044
0.11092189 0.0562450625 0.183520945
0.121809554 0.0626747165 0.197961853
0.126861498 0.0647049974 0.19822038
0.102733406 0.0536381503 0.198004393
0.112366889 0.0579494322 0.19786818
0.05371114999393049 0.026732499533847022 0.09441575528601213
0.05523509112361411 0.026264561270653297 0.09595804651813122
0.05635598510814047 0.030571084879090257 0.09887967106900238
0.05659020198985436 0.027204813098832003 0.09692681405477362
0.055466242986386735 0.03073006983570636 0.09814544017422303
0.05431646539845141 0.028279353056015276 0.09530219751079778
0.0619438707288393 0.037988231864112855 0.10782384258869698
0.06124628987071747 0.038936089620702545 0.10757165801984347
0.07126322443789243 0.052537322027446126 0.12767373142844404
0.07056582215504696 0.05385586964435511 0.12757280584201028
0.05634127715260962 0.03455871023897358 0.12503727708700377
0.05705971155469575 0.03437131103119744 0.12568207466442935
0.07054763601787253 0.05181384680052598 0.11966823604115287
0.06948611747452019 0.04864001058759408 0.11154282855258087
0.0760003533352754 0.054838695498223254 0.11713416915445035
0.0746178344832975 0.05152996893450991 0.10950073919769023
0.08171276901270456 0.05746186334939998 0.11441072138039123
0.08043543933844334 0.054032709666482395 0.10696393252924706
0.08627386109992295 0.05985017984125739 0.11181682957831542
0.08520699479223083 0.05640698726361279 0.10431005971593939
0.09058224904970283 0.0626702284754883 0.10918827322198453
0.08973773634121364 0.059634424596292486 0.10130600339638553
0.0949896298695733 0.0651833156910827 0.1067218995555657
0.09428079225070392 0.06206770121134667 0.09859562623901844
0.10076091435405649 0.06744306638293715 0.10360218192580585
0.09992496201127862 0.06374830610463898 0.09538676788454026
0.10778920598559363 0.06927864967219767 0.10002310286864297
0.10634095583502554 0.06574861797352725 0.09137087007097673
0.11602741080182834 0.07167699995736708 0.09499490128179433
0.11386888869580003 0.06773144303679092 0.08658956160967383
0.12353173427533978 0.07120468397029966 0.0914430690174893
0.12063640336532934 0.06830389173461421 0.08255460727699404
0.1293603507836545 0.07030706845105077 0.08888161082248999
0.12617765858645147 0.0673356164042736 0.08010976254422097
0.07105134857266328 0.0505105333393035 0.11955560183383776
0.07671584318321287 0.05315201306509092 0.11758922369099042
0.07529114272568765 0.050335561975033784 0.10979608250966211
0.0825813753724599 0.05593426360933136 0.11473779274026652
0.08080145984608111 0.05301337515511933 0.10738631513284635
0.08710878349941167 0.0581521127860585 0.11235698551335097
0.0858850172904863 0.05485192262938658 0.10503426652198701
0.09186916131553871 0.060743093325426586 0.10957988081913937
0.09075835062335709 0.057594797616449624 0.10210336486929211
0.09653731810375811 0.06271300129678384 0.10708684628736756
0.09541897170451781 0.05989856816564948 0.09917991228281886
0.10208631540866132 0.06406799554847231 0.10429418307127611
0.10079654902966875 0.061229157982033273 0.09593706357588114
0.10854304925135078 0.0655892423797253 0.10106479565326841
0.10669864701786509 0.06277513048984686 0.09232515318777759
0.11647453995415732 0.06597906985029005 0.09717233828610349
0.11392483289734531 0.06325885196668062 0.0881881677304762
0.12307236791356874 0.06554048113011189 0.09326563962991521
0.12068329054137988 0.061554169620889776 0.08452864586695516
0.12917971582419494 0.06392935099213586 0.09045847324992877
0.12620155774682895 0.0613291079913327 0.08196006063205546
0.0841195035 0.0380686292 0.126395613
0.0889561526 0.0386391282 0.125247147
0.0886675594012656 0.03303768347330502 0.11980797106525744
0.09346178528529436 0.03881892805502757 0.12112529625204982
0.09158922927515671 0.0334103525584053 0.11487733848418595
0.0986017119088115 0.03993095960832093 0.11884127564826043
0.09553479444354772 0.032788961810575584 0.11201583153405249
0.10480807 0.0416488232 0.115937958
0.103209351 0.0383154204 0.108829814
0.108106259 0.0440578439 0.112722396
0.107014649 0.0417396213 0.105576352
0.111895664 0.0448395674 0.110079145
0.110490213 0.0429617538 0.102200899
0.115657293 0.0459363105 0.107129762
0.113977615 0.0440985436 0.09864387
0.119787013 0.0461258798 0.104378583
0.117613644 0.0450097363 0.0952826467
0.12464724 0.0469880661 0.100851657
0.121887904 0.0459013035 0.0915860366
0.129488576 0.0469852461 0.0971881752
0.126226807 0.0460349939 0.0867915077
0.06763188232431223 0.04721871533883999 0.1125600542859118
0.06766919228500659 0.04951776742624774 0.12041511575978486
0.06428859354346986 0.04461616108067716 0.11351400903258937
0.06506479485928064 0.04691133108760897 0.12166132279155581
0.06178744063645741 0.041036014489652245 0.11499605204987708
0.06810693657323674 0.04633823719851306 0.11295768591785169
0.06841883394887942 0.04878883897573773 0.12078443768438148
0.06499010602082 0.04409103059820629 0.1141456298224761
0.06537031803535154 0.0462176248324528 0.12231828212009067
0.06199713194408575 0.0402966062302661 0.11581567094987247
0.04197032152616483 0.01321197264074234 0.11643090237739856
0.043043261555483436 0.012962528877894043 0.11692287921776105
0.0377571724451127 0.006042476333908913 0.11817607457360464
0.03983353725775342 0.009277105241269836 0.11764646985751794
0.03987526974599576 0.006264135982237936 0.11804423528924538
0.04092066450338859 0.009746379491078377 0.1180738982360354
0.03739918402591475 0.006220981611765486 0.12281255715980484
0.04069086864071671 0.01015134440241671 0.12212472108588483
0.03874114079732422 0.006043096277000604 0.12369085055414418
0.04102160401250428 0.010333496011132568 0.12245443474939331
0.03446187178416697 0.005296520768851297 0.125049729752277
0.031008486441274376 0.004847311365437151 0.12699167330345099
0.03489326014455862 0.004975361818710489 0.1267718436537145
0.03183908388177297 0.00484193944461021 0.12883298742575752
0.03317411363087362 0.002983238026697758 0.12414033317428314
0.029978416931523373 0.0026617556650693837 0.12607856276169907
0.03372927381779999 0.0030194979648773385 0.1257204036042381
0.030642170213986585 0.0027396505825477615 0.12760066833754205
0.032769025999836596 0.0013954543998856961 0.1236662104644334
0.029607828903875522 0.0012445696096482447 0.12554130985909479
0.03322879383571546 0.0013494286577803239 0.12523541690755463
0.030189166905055086 0.0012490755106052858 0.12706275910536433
0.04633631567410715 0.009966839719944545 0.15788637168452443
0.05009204093703815 0.01114934982791288 0.15715903357414293
0.047652709176566777 0.009207909845326635 0.15775592413684597
0.051501334322788486 0.010680053633401446 0.1572773545757494
0.04801525133117778 0.011836394444379528 0.1538270840552123
0.049006303486724724 0.011222575443232683 0.15389339140733257
0.04490697305318782 0.011968417686032006 0.1505457049802363
0.04600303797495464 0.011338048985978235 0.1505485794001638
0.042118266845168936 0.011993928019915051 0.1477791828698059
0.043083872937081526 0.011164548970696494 0.1476990921726493
0.03965547521921239 0.012558470621087154 0.14607568051139883
0.04050688776424626 0.011732392532090146 0.1459779212965174
0.02914869369011415 0.013175135469855794 0.14122835656006563
0.03102602641020698 0.012201792799453354 0.1414939828756122
0.025120417689837863 0.011324594065889915 0.13534242819660455
0.02751668471694889 0.010740853063401305 0.13595153322257458
0.027585609653740017 0.010623215168682136 0.1317636675822993
0.0303836724224983 0.012951769463248405 0.13317235634991104
0.030296466281202694 0.00973940626044133 0.13362239803818476
0.03245396549909005 0.01234375858373528 0.1347248483787169
0.030856543507290526 0.009936290413350165 0.1303070146953684
0.03336870009051679 0.011987029772327452 0.13208910789207373
0.03216234578945475 0.009113012980874155 0.13221724911944865
0.0343352307323407 0.011598470432945424 0.13345064182732935
0.026618354840098585 0.01194652948911138 0.138080166284606
0.0255169463870459 0.010973476111999851 0.13347196200866043
0.028786744708613667 0.011402136281234432 0.1386152529761222
0.028004428613198934 0.010322441114519595 0.1345907603204386
0.032532001187651906 0.01557610914635212 0.13972900087142967
0.029902607022446067 0.01486321791749164 0.13747131114317507
0.028658417621292398 0.013853712653260157 0.13537043780773134
0.028987559804032656 0.01314482701640024 0.13440918349056727
0.03404836739375516 0.014660138231922948 0.13996218420164527
0.03158670408455685 0.014204254608258575 0.13808683321856532
0.03054494192618304 0.013258059378971069 0.13625791131987736
0.030825104144133416 0.01284545554795604 0.13541327386976926
0.040285868282434786 0.014875639018588961 0.14203345869772582
0.04137371230904687 0.01357187253622774 0.14162674920603507
0.04926224847311703 0.017505159670119726 0.14394208763833294
0.052532550966667084 0.013207453930173984 0.14821959253784717
0.03637832655212985 0.017464435081721293 0.13747347629252593
0.037485941445641734 0.01660466075289853 0.13748273339214784
0.03996004910280952 0.017725508188708633 0.13873248504766986
0.040869131196695045 0.016460977290909496 0.1383020862734583
0.03428236090492725 0.017184049852568935 0.1361349535734803
0.03563745109434013 0.016089123196143612 0.13647262207540467
0.044118951737137854 0.01627942332237355 0.13893036921537424
0.04504395836470438 0.014854432623787496 0.1384482887957051
0.04685101879151319 0.01685293397354902 0.14099353473452494
0.04773982227736537 0.015793096613302006 0.14079206229372387
0.04694657880841239 0.017929080661580207 0.13691228222135912
0.04807903788013732 0.016303483181110957 0.13652235084661932
0.04002762547455763 0.019323241429481604 0.13385891579946405
0.04166353966385383 0.01736273944248632 0.13385265243682595
0.05131815602637045 0.019956363843624123 0.142045114414723
0.05499158526338617 0.01636260457268201 0.1439620749683387
0.04333984805625408 0.01872163462789772 0.12563144536437268
0.043453425610333336 0.01774654073890634 0.12632708878713836
0.04459758008039951 0.018288491904343847 0.12387442550665007
0.04499081460870428 0.01764386826150223 0.12460430515542063
0.04399062955645607 0.01996517612973826 0.13052983287940428
0.04727224829636405 0.019334084067921864 0.13252615565783685
0.045054109248588325 0.01847772674887228 0.13073153778670643
0.04799276038208881 0.018121424155570998 0.13252315150393446
0.04562066190410718 0.016635460369299405 0.11971960739706852
0.0459463553353473 0.016540220666805456 0.12018244709980856
0.041815156213669984 0.013625519501369405 0.12246746526941031
0.04235400730749708 0.013753346475715524 0.12263351827248598
0.04658388670886554 0.02194453097251287 0.11376287516211472
0.047636759509922244 0.02204465722447465 0.1145640795567111
0.047919041966477866 0.026107449226141805 0.11163718114270027
0.04902745246935117 0.025765878033506755 0.11224006231378249
0.046947151183916326 0.01848107667810197 0.11930140366472174
0.047392758675499226 0.018472589489209768 0.11955592949258698
0.04510332599824823 0.017553477205554464 0.12182582148517787
0.04556786259670963 0.016989456722456664 0.12239329896963118
0.04298284829128945 0.015572667571168108 0.12194321854821644
0.04319901803430335 0.014803802091923125 0.12256276068131523
0.05654099975346896 0.032348467778339066 0.10502464791645963
0.050011652908247536 0.020320303205482042 0.12221517573384749
0.050482548803702995 0.020131287398930046 0.12277346643539855
0.05041704442489912 0.01981665110761484 0.12554644356273165
0.05089875896613506 0.018964493740951948 0.12618568234264949
0.04811373058025993 0.020161342048697687 0.12806957976567254
0.04831583785350461 0.019161080793544005 0.12860342009554535
0.05061564339092577 0.019674218446045205 0.13003669968794931
0.05109846955457444 0.018490268882159478 0.13021903011454453
0.052104209466542026 0.01976154767307755 0.13157048358345827
0.05268778147797571 0.018490185992444272 0.13162282785783308
0.05235539484296459 0.019693533778686906 0.12819047660882216
0.052706534554242436 0.018609672435266525 0.12857318841959692
0.050978572332413784 0.023182351493293913 0.12136569655490519
0.05175702056187341 0.022544667094132553 0.12236936133550703
0.05468921874394733 0.03223220769275789 0.11655599269092766
0.05531086570152007 0.032224229248217315 0.1175719860509668
0.05878914556857395 0.038746974406141055 0.12044855514717985
0.059219096050798566 0.03833280578183317 0.12068322460104565
0.05557778112004107 0.03411418245749931 0.12096073736930367
0.05624272213002937 0.03394084409649886 0.12161184208162398
0.0533413212309544 0.028938246304643162 0.12283160482746246
0.05379611930129623 0.028738971010231585 0.12318103507209358
0.06276269606511059 0.04397445418332236 0.12073577758913422
0.06309950444890232 0.04326611816890529 0.12150964217831288
0.05339742108783724 0.02315192316379806 0.12926731697440944
0.05249422560504675 0.02352553397760859 0.1252343389635035
0.0536201772973646 0.022581051300341767 0.12924648626987598
0.05324120404714031 0.022865098762893207 0.12575855982631726
0.054307953233739985 0.024615011760791877 0.1382787146203418
0.05471795189479288 0.024280627535365442 0.13814410948147007
0.051735677275702996 0.020686339815637604 0.13793273673032488
0.053733717379106496 0.018626601734733284 0.13830706866712505
0.05271538602651172 0.022114061243190816 0.1402253175474647
0.053052925096371537 0.02191766112223442 0.1399211262462574
0.058074543517209955 0.02125530956735103 0.14996991031539375
0.05818948859203758 0.02392216465159226 0.14790402109454884
0.05594070425326704 0.019375798249216127 0.14841727571963445
0.05567622419174166 0.02258987615104514 0.14623368494430408
0.05274790175992382 0.017804784923726412 0.14716295489248707
0.053254699939402204 0.02115077862280929 0.14445919537420424
0.058400081750817276 0.025930788146840363 0.14668883451933376
0.05896023504009216 0.027982099731572684 0.14551363956831317
0.05606701312587193 0.024716436381791804 0.144602728414186
0.05684750614537404 0.026936178869857344 0.14297849389256495
0.05409561765693278 0.023416077742089675 0.14249932306039828
0.05541929024031376 0.02574908777625429 0.14068758453764768
0.05579738353840664 0.028386197282744986 0.13637006408863733
0.05547108407968095 0.028102142257381155 0.13372820869105131
0.058048487815532304 0.03443176601384956 0.135178910562304
0.05758917068620855 0.03445799583398211 0.1323037206631871
0.059394033717772104 0.03894891247131682 0.13633879943852822
0.05980830207342947 0.03978183051725241 0.13308646269412555
0.06275083115503532 0.04432559047504677 0.13782891037169073
0.06309972301808382 0.04520890416607539 0.1348115504267906
0.06577222454389862 0.04830782745919444 0.14008239631419572
0.06627944730497963 0.0495653090438426 0.1371784949833084
0.06920549987894271 0.051558443382332404 0.14270641267405038
0.07011289427828991 0.053219936920141805 0.14023628735721053
0.05864827099655121 0.020672232668340933 0.15062580975657067
0.05875767845270449 0.023546349496073798 0.14841101466401374
0.05753771919492314 0.01801373922187481 0.14943414257427187
0.056043692051682845 0.022163367194808714 0.1465424905364086
0.056750770288669886 0.014574866593420884 0.14954726025600934
0.05683609691457232 0.017200418360623297 0.14663116372444968
0.05905000420313148 0.025662531171833765 0.14713407073327156
0.05963936260665464 0.027688293934457337 0.14600460962177525
0.05631429404901437 0.02442748428458124 0.14485566261655336
0.05726861445802507 0.026720543328263992 0.1433671092689046
0.054380250401035946 0.023037436464358664 0.14247033060098144
0.05586062068535716 0.025392878387082676 0.14081039294409775
0.05632045280108783 0.028064681205200014 0.1367547038900214
0.05578369961500484 0.027852908607740146 0.13401479482926443
0.058686784179809694 0.03380753506290768 0.1355070924234
0.058180892435194594 0.033910558837129616 0.13256122949587665
0.06034774696305323 0.03853642283033797 0.13642501635787635
0.06058258452014993 0.038894838104032596 0.1334284218005909
0.06338068538251901 0.04347344190467937 0.13825766712058593
0.06380933544907398 0.04417126019330689 0.13540639266469787
0.06650037242521388 0.04718516053471843 0.14050858944848552
0.06703931477842895 0.048359127126981996 0.13773148768089266
0.07001749368193762 0.0504194987340915 0.142841847920459
0.07093234021708365 0.05175846350248363 0.1404463079644382
0.05235975988823981 0.017555873285725658 0.13501535433340425
0.05110944324651522 0.01890162338931625 0.13502419755121495
0.047050779904258065 0.01847256081522007 0.12500230162571682
0.04319321122544765 0.01590297300041824 0.12439016800231921
0.046627895525239986 0.01941636310625384 0.12419003409282453
0.04268347804239405 0.016231673954094018 0.12383592719586652
0.04890186837143214 0.026505548939748293 0.10545590586807353
0.053709578232413006 0.03004706428576534 0.11262644651490147
0.04962497517623016 0.02617398166312153 0.10590415326471869
0.052482022274149207 0.029921974234127905 0.112614649271157
0.05361432769659639 0.0302714878307066 0.10734594313838754
0.05169733770959495 0.02792703432224565 0.10988841459327849
0.052340471250731754 0.03090615510999414 0.10638610824234097
0.04998490032756006 0.0286921439056645 0.10904851078783559
0.06185253104343402 0.03692333775838149 0.09299320716275383
0.06336438498164784 0.0384776845371563 0.09939271345215146
0.0668806425212853 0.03956557100551859 0.09126509710185664
0.06765881981972431 0.04168813388132389 0.09758900550848867
0.0733996202622647 0.04286401662250905 0.08958438612167838
0.07417654608963904 0.044590133559255334 0.09585636221165333
0.07908178937613158 0.046036328555477256 0.08754331415730332
0.08015008973150482 0.04800438330583024 0.0937542312257537
0.08405426901613132 0.04862720620443544 0.08535932327442744
0.08452391683834348 0.0510007569911038 0.09139828365782518
0.08865545622364654 0.05204257966478471 0.08302727955908694
0.08911561019739944 0.05417431091980614 0.08846227642745029
0.09337630094136123 0.054056901447516396 0.0810845480478959
0.09375267325642579 0.05633122395968944 0.08608142302498398
0.0984522771528965 0.055373466306471074 0.07880213560625225
0.09879474432253912 0.05828202063905999 0.08333236286984687
0.10367250305404846 0.05699755763999044 0.07579864834204071
0.10424109869379622 0.05984422272578665 0.08000851220216773
0.1102575889777439 0.057148166073248116 0.07305660910674264
0.11165948214743138 0.05956605387266274 0.07645952452326622
0.11616086975595834 0.05667227905265918 0.0698646429448695
0.1176431616759125 0.05952148284706062 0.07333813321350514
0.1210814080272639 0.05821362937271717 0.06635998741049624
0.12256875739389503 0.060494995318602245 0.07004914089028497
0.062374907706159624 0.03645893186642701 0.09362464984909703
0.06348728902136239 0.038427156016810717 0.09938516012129903
0.06770417994114246 0.03905929706484374 0.09148419608867549
0.06862888829970742 0.04123459702267489 0.09803323298900406
0.07383788940492239 0.042327252702278224 0.09015964564455853
0.07485315778152167 0.044270169918872386 0.09661468953378054
0.0799275332338449 0.04553193345299201 0.08779422925829364
0.08038096039919237 0.047605190698506196 0.09381825148601455
0.08514860102971543 0.04809850757521231 0.08554113169657883
0.08520207125942693 0.05026545622854429 0.09162502729184678
0.0901502971535948 0.050461352683080316 0.0836932815659995
0.090169371773453 0.052677815865355034 0.08919422812465647
0.09442106564146202 0.051448607416775975 0.08216665202277583
0.09459266933092415 0.05410108496930056 0.08693035172868427
0.09950593237919246 0.05230693121800585 0.07994845623783806
0.09980548374526287 0.05524960009754044 0.0842615768465011
0.10450321560612677 0.0533061194077302 0.07746686611700541
0.10500143088098653 0.05634457063088195 0.08143945478251953
0.11088487122929289 0.053643523964975084 0.07435635695518195
0.1119668762202477 0.05629791302412236 0.07815196540909418
0.11657424940295767 0.05403225173667219 0.07077546832733768
0.11819896380637833 0.055794490445372345 0.07457817687549824
0.12154442295365323 0.05417406946458237 0.067753669063412
0.12311371475891734 0.05499379490313378 0.07191574423270884
0.07575523414392354 0.02627805405630133 0.10763726974870798
0.07578186074818659 0.027711042236670126 0.11071808567172729
0.07989560403572245 0.028596961516941882 0.10569340617311948
0.08256087000327525 0.028840782963323527 0.110717306836063
0.08777296857354216 0.02987329519469195 0.10230372993413474
0.08653175070580736 0.02920574374836728 0.1091147766148129
0.09282507530449803 0.030195871989223255 0.09875357891553936
0.0909368947548492 0.030191401960701764 0.10378152811343683
0.09813621513320635 0.034205369922630735 0.09478094011455276
0.09773177420884215 0.03437284941087676 0.09938321157885988
0.101703256 0.0385589741 0.0908253178
0.10276562 0.0379826948 0.0958809194
0.103984948 0.0404712963 0.0880407221
0.10570515 0.0397186696 0.0931443258
0.106588026 0.0418139357 0.0850644286
0.107987574 0.0416153497 0.0897082213
0.110172805 0.0423645579 0.0824086694
0.111296981 0.0421313838 0.0866623908
0.113554369 0.0431274129 0.0794907149
0.114437981 0.0438114495 0.0833422884
0.117071072 0.0440242506 0.0781700005
0.118179553 0.0443245783 0.0804884452
0.122122606 0.0428742273 0.0731420756
0.122572893 0.0454781588 0.0770178011
0.06137956730284946 0.03673115047013906 0.10081912673864962
0.06079296011208187 0.037541062460855694 0.10004953500121264
0.05908508733829264 0.03437322824325421 0.1032962243190875
0.055275323837303034 0.03265457073830935 0.10429769503336869
0.058410016004522 0.03458415178824704 0.1021918173424884
0.07906069126455482 0.05577071383934111 0.14374341351448247
0.07452771238112603 0.055569050278816264 0.13590632628070476
0.0777008474774062 0.05857433549950582 0.1433249517783762
0.0737075950705725 0.057251289339180916 0.13567482085002863
0.08351816821970326 0.061166938073846065 0.14925679988608428
0.08616527244651905 0.06163359333248434 0.15801854592953693
0.08774231348760095 0.06338924513063032 0.14861498668847725
0.0901954865535345 0.06450998381058862 0.1574128941636274
0.09196173064988342 0.06599326824311288 0.14784806421784746
0.09457086826337924 0.0672055105846967 0.15651029256967866
0.09643889516098378 0.06814562353803014 0.14703905797035122
0.09930345034100779 0.06938765670533348 0.1557380289264111
0.10117048053250975 0.06993550333843802 0.14604768835120324
0.1041692930945147 0.07127496939068684 0.15491288917444793
0.10611478416170442 0.07183084456740359 0.1448647714292774
0.10913406676986272 0.07289306697555833 0.15408977744478508
0.11143580237427118 0.07377491107342539 0.14337152860344696
0.11453397016045334 0.07437741397832463 0.15315526473005184
0.11867035151948728 0.07599258196075122 0.14152161652404457
0.12141310710309951 0.07592454323408748 0.15192360699368762
0.12698227874589332 0.07728052757850457 0.1403550111212489
0.12951253476142738 0.07714513259338479 0.1506095680091114
0.13367134123156316 0.0761941257720685 0.13757893836027624
0.13632848579640275 0.07643891797335971 0.14846063927092207
0.14126528634561086 0.07433418808060167 0.1363824824106729
0.14369666215183433 0.07501344534893632 0.14721597702314906
0.08528070396636458 0.058072737934220804 0.15007441931148793
0.0877852583643663 0.0589205349420051 0.1588304638802978
0.08948542372727054 0.059764521704770784 0.14913300128729828
0.0920029385572636 0.060756580228054156 0.15793499224274418
0.09361747457274172 0.06322846509422236 0.1480371868751202
0.0963550914034607 0.06390807725632285 0.15684669551504504
0.09759666441902658 0.06539355571305838 0.1472424800623487
0.10040907052867115 0.06597589176934865 0.15602265227309567
0.10186044403978115 0.06752489498745938 0.14626697106999564
0.10489899381102576 0.06817018561892679 0.1551863690878642
0.10637899071732315 0.06950324980065402 0.1452623240131795
0.1093777884607862 0.07022445907874077 0.15443742749212866
0.11150892211867618 0.07128115666158559 0.14379750794224436
0.1144704808685491 0.07276682139986668 0.15320315811867538
0.11868489512224291 0.07385425326733075 0.14202201086485508
0.12137174521189308 0.07472403572154167 0.15192076078046976
0.12697609402740329 0.07486067662257088 0.14211317956471822
0.1286112725258768 0.075580064456659 0.1499916748717851
0.13308455010919368 0.07424205332030155 0.13863832495968503
0.13575694342017972 0.0742707133062372 0.14928276360453094
0.14115831074289778 0.07153725975648209 0.13774091388627882
0.1436259588380812 0.07233573095014972 0.14830352245425746
0.089840446 0.0536479658 0.153048308
0.0908942884 0.0530140821 0.16079802
0.0936589696 0.0538171237 0.152258686
0.0961624507 0.0540925131 0.160651761
0.110022786 0.0458120663 0.157264864
0.109196192 0.048352592 0.16402414
0.11511689 0.0464055331 0.157330548
0.11378772 0.0497188183 0.163555846
0.117327355 0.0475047185 0.156235175
0.116438514 0.0508705453 0.162698186
0.118874946 0.0488798392 0.154503826
0.118757096 0.0523542327 0.161478477
0.120632415 0.0513479368 0.152594051
0.121415673 0.0543559544 0.159845871
0.124578788 0.0529623 0.150876092
0.125876947 0.0562758997 0.158576438
0.129260966 0.0545976387 0.148577287
0.131117031 0.0571382943 0.156998444
0.134267434 0.0563390992 0.14604261
0.136395588 0.0579970511 0.155379141
0.13979392 0.0573814594 0.143351668
0.142269271 0.0588555037 0.153279757
0.08149254862033205 0.059175975416216046 0.15030849122453177
0.08253319152976656 0.05701782537379291 0.15095674135805529
0.0842519828410868 0.05967336136792225 0.15862675263995474
0.08540588014248414 0.057993278478990246 0.15900317826147822
0.06871828731597072 0.05189040960676692 0.17260363642585946
0.07400620674250563 0.0550708205964113 0.17281397609120136
0.06970911952333814 0.050713823088519204 0.17301996623028232
0.07479471573747329 0.053661475015933296 0.17271773413651972
0.07800771699432808 0.055003424953500385 0.17003554878265306
0.07742363420062966 0.05635028624676556 0.17012765802277663
0.08119423157945466 0.056561546215762155 0.16650285166127804
0.08046793556483099 0.05783391391107424 0.16642453195787454
0.08705612773490802 0.06273464161766712 0.16667826416009168
0.08818623240337302 0.06271629633754977 0.1747738544279557
0.09125487889495132 0.0652333259152749 0.16582096214849493
0.09247023775171255 0.06502674730474965 0.17396396821435925
0.09640208684017032 0.06770735160761857 0.1646466139069232
0.0979270856871116 0.0678007939018873 0.17280536961062137
0.10171150323791234 0.07018897220511634 0.1638044402335884
0.10351451042830649 0.07061033535154848 0.17201726220180447
0.10691653205826698 0.07201778830048561 0.1631503623880394
0.10904089635145237 0.07234607750791956 0.1714987541866185
0.11173898348408841 0.07339605479725346 0.16270013695929922
0.1139870426284997 0.07334785851122222 0.17119446620805445
0.11724156150171558 0.07455035448967824 0.16211488285647355
0.11963767524919379 0.0742320782166518 0.17079447971859826
0.1237713032153741 0.0754295226595965 0.1612860443099489
0.1258811254887271 0.07485204627496284 0.17023960474020397
0.13241272074786675 0.07597932885823065 0.15885697985550132
0.1335849959949117 0.0762378209185157 0.1691323016118137
0.13885262372671564 0.07766319465355331 0.15789151280688155
0.1410895988063128 0.07858875997900015 0.16782408510837749
0.14585060106214512 0.07573577275611225 0.157085391899247
0.14814283660573413 0.07751765722483799 0.166980763776072
0.08834882217416809 0.05964657928386834 0.16714742314259354
0.0892653133950191 0.05943163464795192 0.17511736896463878
0.09297653367538443 0.061513317747242724 0.16638805149837482
0.09393073346041342 0.06177066389893162 0.17461016135659332
0.09795867847647062 0.06428371814151074 0.16517173028044976
0.09910035821380137 0.06473789900373879 0.17344054606269194
0.10234507613447189 0.06669572462605854 0.16466285890170307
0.10396018018121453 0.0673125859881707 0.17317264213840858
0.10742400088174762 0.06849093729351131 0.16403882819934942
0.10945091281565571 0.06906303211860099 0.17265344786470083
0.11198066543309218 0.0704991534915988 0.1634478641881521
0.11431233069075294 0.07088553300984947 0.17208079736158047
0.11724130532295599 0.07273284322522304 0.16269192874805039
0.11970827830938262 0.0721797227412004 0.17168071843405575
0.12377085680207381 0.07369924465563425 0.16190140314192672
0.12603977140529 0.07324407562572395 0.17104878134005744
0.13132313782570268 0.07501752863506139 0.16031218068511713
0.13326612402077284 0.07416563921954848 0.1701964156976308
0.13835844985653012 0.07490638997786536 0.15890108344279097
0.1407349463237551 0.0763245739821068 0.16877937856531244
0.1458345709417392 0.07320943861328232 0.15803200755892227
0.14807745832361055 0.0751106862734719 0.16773992975164942
0.09647986 0.045061062 0.172253392
0.0958399919 0.0479570705 0.177837987
0.102298483 0.046188629 0.172483221
0.101337347 0.0500794058 0.177934002
0.107735882 0.0500427231 0.17082801
0.106376702 0.0532091857 0.177124491
0.111024683 0.0529185313 0.169564875
0.110335218 0.0552000938 0.176606101
0.113899074 0.0551262389 0.168652109
0.113869713 0.0574439833 0.17589695
0.117369121 0.0570437661 0.167693841
0.117915534 0.0596575773 0.174996993
0.121742825 0.0582256953 0.166724401
0.122636425 0.0611204522 0.174105528
0.126640419 0.0596961969 0.165678861
0.127848826 0.0619541391 0.173522926
0.132222003 0.0604476464 0.164478415
0.13351586 0.0630236443 0.172536119
0.137972584 0.06055971 0.16315479
0.139627761 0.0629819465 0.171657954
0.144035179 0.0609590351 0.1614189
0.146169071 0.0631011289 0.170387832
0.08363430737126316 0.060013756864592 0.16739160523223393
0.08454714154493555 0.0581739338506894 0.1674825848871448
0.07075102917490363 0.0457845000659949 0.16262246778412362
0.0722874778701611 0.048202936170149854 0.16497164527312827
0.07022323276208427 0.04694294861373793 0.16273926349410203
0.07147171597023222 0.04950854307263511 0.16491183401174067
0.07322384956081555 0.05053978811279047 0.16605710134536233
0.07251631565387373 0.051689350094862835 0.16600195435896803
0.0745227413758795 0.05253772625185738 0.16713394152738537
0.07359534697331564 0.05377380754099632 0.1668883064570985
0.07568487493592847 0.053924012093481084 0.16836509619403356
0.07496586688900389 0.05528260240613217 0.16807829685893
0.04918225853619487 0.00918838837520251 0.16061585120790298
0.05442334719584947 0.010623422218087897 0.16114485736514406
0.05069309160950468 0.008834742831382922 0.16090716291027457
0.05648035064406885 0.010496993034757889 0.16189242047911567
0.05026817096596431 0.008356807115835554 0.17626289992491692
0.0515445215562262 0.007967943356673637 0.1760819346238511
0.06401808877272958 0.017080644163256435 0.1642700690746085
0.06366706540960339 0.016699399702955142 0.16289836700040972
0.062488187678408275 0.015575656400065118 0.16582277958620242
0.06174663327507282 0.014177788530218713 0.1642031657183018
0.05835617944032489 0.012531288975314667 0.1669692499779449
0.05610971449921255 0.010912001186994622 0.16369417208750642
0.0539340631027046 0.010537977566975536 0.16789219248078133
0.050258781061970986 0.009390106438678618 0.16306548662060735
0.06454351026119397 0.016464468295117725 0.1640450095909762
0.06429745147291317 0.01598329119028269 0.16261752636106278
0.06333780886186363 0.014956601235648691 0.1657256008757811
0.06283283650566938 0.013756781187385632 0.16419239322046278
0.05952404729511158 0.012432244935527862 0.16688959853595164
0.057862444223658056 0.01074418035070238 0.1640396878804901
0.0553132445459128 0.010239140429536251 0.16781683197818498
0.05195340497732857 0.009130430322194552 0.1634110675306268
0.07917762660783687 0.03169868638852892 0.1201690566859161
0.07224524267469494 0.021994408745513953 0.10365428667140342
0.06306281253097608 0.02006054452600105 0.1032527976379565
0.06543189520206769 0.021572062387861076 0.10363536070031762
0.06490264591815803 0.02138015888046866 0.10481297431719662
0.07093141810657605 0.024360118868963065 0.10859951332671855
0.0666170999844766 0.02365835136357784 0.10892258980782657
0.06330530595284213 0.023268607934543436 0.10965085826449139
0.06620819613073393 0.02298099195966649 0.11403974718263689
0.06479261392039258 0.02228140016056544 0.11452726411691504
0.0718527417347051 0.026831485041733584 0.11139448641958305
0.07079709362791159 0.025226213024707816 0.11416216177546125
0.0690435729580795 0.024087507290972324 0.11569559744961111
0.06794085703582209 0.023581497942164104 0.1162182046313075
0.06643083765925292 0.022870856345273263 0.1164356000450522
0.06337421860342418 0.020801785599288275 0.11721091502791181
0.05924322483576041 0.017917222614706046 0.11766191645583166
0.05753096321835126 0.01437874590934912 0.11822136710714426
0.05508832632869615 0.010691936056065221 0.1181794662616443
0.05446941665330116 0.0076834233229951775 0.11808718056041598
0.053682100391069465 0.00511872539053379 0.11747145443698229
0.05327891085600068 0.003473134296474651 0.11708648377523194
0.053061132519956464 0.0015824313075683929 0.11701586064475109
0.07313978774717528 0.026310347746725596 0.11781534669549748
0.07075537817000428 0.025466801938439778 0.1189469828613553
0.07016723755622613 0.024467864675846288 0.11988451444690396
0.06847467641835792 0.023190395331803195 0.1204649179162154
0.06382504345911125 0.02122187387626292 0.12156948637867983
0.060291801786300385 0.01884141009240732 0.12206150555447765
0.05826910564883256 0.015020070243061122 0.12159567737819381
0.0766955144567471 0.028689995003793815 0.12162896399428189
0.0803111476 0.0342346227 0.12660056
0.0789272747 0.0427015305 0.129771625
0.0809126738 0.0436599901 0.136381427
0.087263386 0.0500891492 0.150446383
0.0871321266 0.0524242863 0.153489698
0.0892663844 0.052645479 0.161356116
0.07426759759671187 0.025647795512234978 0.12308925932682088
0.0770270885 0.0311001371 0.127775171
0.076643611 0.0378584627 0.131834888
0.0758290222 0.0289340176 0.127363339
0.0750939983 0.0316139604 0.131356508
0.07289104306850433 0.02445653970687673 0.12308513225437394
0.0734047726 0.0247618979 0.127118695
0.073905488 0.0258765625 0.131099874
0.07041437929995811 0.022697895876642973 0.12401200656679107
0.0711728504 0.0234249378 0.127180685
0.0719620678 0.0234707485 0.130833874
0.06660032263918725 0.0211111162988202 0.12486403799234723
0.0674802068 0.0213327851 0.127499334
0.067624687 0.0212343828 0.130379229
0.06104985700654283 0.01793395582238604 0.12532050999393324
0.062464632 0.0174651462 0.128010301
0.0627953388 0.0162533089 0.131638038
0.0578381025 0.00792131916 0.180084189
0.11525827413509845 0.0425367850000285 0.04042775813257458
0.11821007773414269 0.0469718819193888 0.043485286145457616
0.11757481857936386 0.04141914686324406 0.04101100292969245
0.1205593275202694 0.045472258247302826 0.043916693519115174
0.122886892 0.0386534398 0.0448943084
0.12426687 0.0423677781 0.0459908709
0.12429589106895422 0.05396032299016401 0.05065157981628068
0.12606008981840816 0.05256613662101597 0.05046049112537893
0.128852453 0.0487250629 0.0513156212
0.0939741790037031 0.002778208346544096 0.03322722258200083
0.09921919489113266 0.00277637236672847 0.03226171610495452
0.09437889381861903 0.0063511254090259225 0.033978214654905914
0.0995932003611703 0.006296739103671871 0.03360599123887487
0.09566537434216149 0.010774037185783894 0.03463837551202174
0.10034211590084288 0.010305228385627625 0.033560014618953485
0.09705147548163483 0.016332510866428892 0.03440517504407575
0.09976028633241416 0.015274040857237303 0.03308487634869217
0.09968800800405207 0.023901011551083033 0.03612615583095011
0.10230444305529535 0.022859086219354254 0.033733924801751185
0.10262913912850109 0.030214424011795908 0.03877461074744961
0.10566465933426701 0.030822309392942816 0.035836844330671414
0.10808356539849467 0.03805457731437513 0.04321266060109391
0.11052892992753034 0.03745441913602384 0.04089986390424172
0.11172322346392684 0.04214760307482938 0.04731642284500842
0.11379757260521517 0.04215431000804313 0.044457881494604834
0.11448514164948924 0.04638078872873142 0.050513806451757605
0.11655883253976461 0.04655868739610912 0.04747832073372775
0.11672721412919834 0.0506437364126572 0.05346852384422243
0.11891805330388555 0.050934248081357276 0.0504453563207521
0.11917270987543863 0.0539765029802663 0.05668168572721662
0.12180429545086849 0.05377716008075391 0.054053508980504865
0.12205011237502048 0.056406160356710665 0.06034096184265431
0.12471767939545064 0.056714328565001464 0.05755582877871848
0.0962529470541479 0.002636091896143524 0.035640214385545085
0.09964402147408724 0.0027685507581042836 0.034711082580204076
0.097208017888181 0.006671046777189512 0.03632863351095139
0.0999215057489069 0.006348723073566932 0.035300354672044135
0.0980242304414542 0.010953812283109623 0.036635843213362225
0.10077543456850273 0.010108216015714988 0.03505427544895726
0.10045136179177798 0.015768659719625874 0.03861236827562696
0.1026784341693135 0.01593335101058022 0.03505413144917739
0.10354384613144946 0.02112565407578336 0.04094287965165901
0.1047693425025167 0.02204280164070116 0.03638059127416729
0.10744756067405395 0.029336672125206107 0.043823251528024965
0.10845733132892416 0.029479994420799478 0.0393314355110892
0.11145130713291136 0.035259000445126996 0.04757676477343
0.1133670921016296 0.03575616406312515 0.043702254700211905
0.11406114076186726 0.04004658035463442 0.050386142690783134
0.11602751603696385 0.04069938173881091 0.0465390776046298
0.11611957824853958 0.04425782118757792 0.0528008174157327
0.11839279504864222 0.044946491959939314 0.0491023399425046
0.11814740053465435 0.04829262133169811 0.055452190944743913
0.12057613805411284 0.049064166219402607 0.05185418424244987
0.1203604190787502 0.05148472785106607 0.058423702105477295
0.12296639684046197 0.05229653671810828 0.05506501045473132
0.1226101906439924 0.05387706459278843 0.061497488427418166
0.12560463407034542 0.05472831685693345 0.05822940004396738
0.105743235 0.00230689407 0.0470253232
0.10897305 0.0026727774 0.040560533
0.107073206 0.00552777813 0.0479575538
0.109432423 0.00597031345 0.0409335209
0.108174672 0.00899258091 0.0491962784
0.110170105 0.00971409422 0.0415570099
0.110128785 0.0128519974 0.0507351912
0.111525167 0.0137235618 0.0426103334
0.112389094 0.0177496814 0.0522907639
0.114108545 0.0192325711 0.0446056453
0.1148907 0.0226104901 0.0545562737
0.116460468 0.0251922813 0.0463775886
0.11747231 0.0284927044 0.0568402497
0.11900673 0.0310244666 0.048930683
0.118802752 0.0325646585 0.0584059092
0.120477965 0.0359322245 0.0505507018
0.120122151 0.0359566497 0.0605788107
0.12218819 0.0395478705 0.0527726702
0.121235802 0.0392553947 0.0625546032
0.123754912 0.0432152983 0.054813946
0.122780034 0.0410589455 0.0657720854
0.125689298 0.0455282141 0.0579198214
0.124424494 0.0426204985 0.0685306247
0.127595428 0.0470215265 0.0614489692
0.119367331 0.00300727299 0.0346781832
0.115944571 0.00317995443 0.0315857036
0.119370503 0.00610101569 0.0350615752
0.116207019 0.00632586016 0.0317838769
0.119384012 0.0100559729 0.0354468482
0.116605776 0.00986384949 0.0321663879
0.119411135 0.0140286987 0.0353548588
0.117367682 0.0142348289 0.03192039
0.119428281 0.0188711312 0.0356959019
0.115354423 0.0205152101 0.0329031074
0.119435723 0.025353727 0.0367543099
0.115882927 0.0268485443 0.0334074397
0.122172361 0.0340496179 0.03599897
0.11974781 0.0342289902 0.0328576414
0.123966366 0.0403809577 0.0371003673
0.120042458 0.0422244641 0.0351293862
0.126248052 0.0445287206 0.037730719
0.122686261 0.0468957623 0.037149299
0.129705224 0.0480970779 0.0411620682
0.126152429 0.0508137001 0.0407821855
0.132395629 0.0509558764 0.044764165
0.129707148 0.0534278832 0.0443949106
0.134496714 0.0545350602 0.0483928336
0.132405266 0.0571974627 0.0485128745
0.113597152 0.00278265134 0.0293792436
0.113959612 0.00637593903 0.0300384986
0.113734384 0.0101419696 0.0307844
0.115552552 0.0145419531 0.0304086012
0.114587398 0.0207058653 0.0314680527
0.114581105 0.0276070737 0.0319095583
0.118782467 0.0346697955 0.0316534231
0.118687907 0.043441148 0.0340610432
0.120615186 0.048200758 0.0370789055
0.124093416 0.0522756072 0.0406944559
0.128193455 0.0548779758 0.0445161117
0.13134025 0.0582227805 0.0487778548
0.12492748837990528 0.0559315208778616 0.06472062050978035
0.12427377373149469 0.05868027605870362 0.0639889177044968
0.1282753723629964 0.05664882506545419 0.06176901900818306
0.1275715615612025 0.05850648843801735 0.061487317342455494
0.13160503078821437 0.05757358358515855 0.058324952776301224
0.1307171562660009 0.05890623766961282 0.05872069083104914
0.135075785 0.0602551454 0.0530319006
0.134291051 0.0612488223 0.0534814972
0.125575698 0.0435445408 0.0713319697
0.129333375 0.0482885699 0.0640944146
0.132967594 0.0527895833 0.0584334074
0.136551319 0.0567555478 0.0525654802
0.12644025991569016 0.05751011570478516 0.06894854535556875
0.1261477513225273 0.061002934525941806 0.06796706450823668
0.1302994283867605 0.05872462196839399 0.06560518792636855
0.12996903613842256 0.061302894780425936 0.06551684405145144
0.13433452449276098 0.05977771970502224 0.06221404859239886
0.13330248774929215 0.061780790036642705 0.06295603524475285
0.138415191 0.0621111072 0.0577418616
0.137559537 0.0634949234 0.0583125408
0.127080587 0.043633102 0.0730549753
0.131417539 0.0481590133 0.0680562954
0.135113429 0.0532522594 0.0629423673
0.139353328 0.0578543733 0.0577399528
0.12825586362877578 0.05920687663153255 0.07326669705300723
0.12792795208116825 0.06322978308581934 0.07234362015967966
0.13247726685052896 0.060407771639963234 0.07033173530829923
0.1319656855362512 0.06363494289353003 0.06987829710622238
0.1367137852988086 0.06139906221168358 0.06721701326033347
0.13584528459007517 0.06392080525004883 0.0674703938681516
0.141393529 0.0631586869 0.0631771163
0.140614368 0.065099051 0.0637024813
0.129141306 0.044276707 0.0743452524
0.133103614 0.0475693921 0.0723629978
0.137448853 0.051707834 0.0679543951
0.141904364 0.057015525 0.0636346337
0.13082132389100617 0.06166901047830376 0.07992418715083363
0.13068588725422894 0.06638300045304446 0.07849247477578171
0.13547540501730312 0.061760504621880596 0.0778152526064641
0.1353458743472369 0.06575616627506149 0.07700640278354214
0.140091601906269 0.062313885351459035 0.07580619223623619
0.1401626655440804 0.06547318841839862 0.07498469493353929
0.145866625 0.0638057365 0.073194897
0.145309818 0.0660948299 0.0727077122
0.13096995 0.0472845994 0.0840662325
0.135319048 0.0477572413 0.0805634771
0.13944258 0.0500971347 0.0791176299
0.145854128 0.0541980621 0.0749891556
0.13400171885340517 0.06313773671741199 0.08833892361127843
0.13421342235132747 0.06874059817808534 0.08725764983029836
0.133953182 0.0475937446 0.0931283373
0.138067336 0.0491039583 0.102944686
0.13783964970310822 0.06434921398362682 0.09890466791919664
0.1380227406031843 0.0694485433726411 0.09783307514037581
0.14161061564896663 0.06595989000080223 0.11391713112465698
0.14174698860595347 0.07103149644501579 0.11334611597782712
0.142336836 0.0524789519 0.117017493
0.14452512400208517 0.06790511260220786 0.1270658371736381
0.14475125620109663 0.07081573357510702 0.12576394296011503
0.146324115 0.0550318547 0.129942463
0.13904883046382754 0.0621887210096527 0.0862822012643236
0.13919833352301575 0.06721675386234569 0.08561029091681022
0.138508596 0.0477145175 0.0896890896
0.142100985 0.0487768488 0.0995484621
0.14298061213079202 0.06358412477453017 0.09625710241783912
0.14302904206413064 0.06878443908137945 0.0958023512766474
0.14729702299285202 0.06512058663679957 0.11219536631740926
0.1482951765400613 0.07022732894555928 0.11023069623246975
0.147061814 0.0523186606 0.115695086
0.15030844487437214 0.067390071350524 0.12548212962825295
0.15004466736154773 0.07094090220672236 0.1246122938099553
0.150390177 0.0543588682 0.129401966
0.1440075927826737 0.0633509894851777 0.08400075379216682
0.1443158654684765 0.06728485611573584 0.08339616875723285
0.1426223 0.0484723594 0.0879947144
0.14775504888830374 0.06470863426374615 0.09366980916140417
0.1482375882630852 0.06915086204882502 0.09351524365500925
0.144842576 0.049582187 0.0968319918
0.15234757780163866 0.06684300986967513 0.11038946327379179
0.15230424779263288 0.07098847413171802 0.10960970229222043
0.151569572 0.0519004459 0.112464648
0.1555939200319872 0.06797515875830058 0.12384006155067563
0.15537175821681085 0.07259218304602778 0.12319350602019265
0.155738023 0.0537560827 0.127390303
0.149514103 0.0650704864 0.0815510668
0.149415567 0.0671983758 0.0810527882
0.147854028 0.0523678271 0.0843606642
0.153295283 0.0660555234 0.0909935322
0.153530337 0.0691773376 0.0912930045
0.151071187 0.0509107582 0.0936363179
0.157968489 0.0681337526 0.108524893
0.157657691 0.0715452191 0.107954502
0.156186745 0.0529612252 0.109673727
0.161023721 0.0690967878 0.122198343
0.161102904 0.0731653287 0.121797161
0.160533125 0.0540367542 0.125418774
0.14670600564593014 0.06627485102411611 0.1382346834698705
0.14696328564902636 0.06906220583801334 0.1372689665990538
0.146758431 0.0563564699 0.141649332
0.15273871335115582 0.06855856853848466 0.13690835251599218
0.1517677790579805 0.07222343140194842 0.13553945388669958
0.153380024 0.0558241234 0.140446244
0.15864411416520524 0.07125585027932686 0.13556816542051559
0.15822540104190488 0.07474195916749227 0.13462598425154554
0.158572444 0.0554410982 0.13938176
0.164213779 0.0710959846 0.134409827
0.164141724 0.0751769919 0.133451624
0.164398469 0.0552610815 0.138183793
0.14933659882489253 0.06700910140178552 0.14842201098927743
0.14859130944351764 0.0715067609117275 0.14828154287186004
0.149227604 0.0580235448 0.151546417
0.15531282026898272 0.07040435168796294 0.14792983145115984
0.1552238902872449 0.07523188392673914 0.14653722622168566
0.156301816 0.0573594191 0.151377572
0.1613620812709208 0.07512034203055991 0.14683510660462987
0.16104088864699354 0.07777444697527403 0.14553233926372375
0.161777357 0.056828307 0.151224044
0.167029919 0.072105553 0.146297155
0.166983625 0.076192436 0.144963
0.166945292 0.0563791423 0.150839566
0.152063522262156 0.06827789227617759 0.15883978287303988
0.15207932957088927 0.07155247405343805 0.1582414567402033
0.152005184 0.0592101318 0.161591775
0.15739359700696418 0.07316050907776837 0.15799859559778243
0.15675183092771797 0.07805844492586195 0.1567884873405492
0.158990715 0.0585202036 0.161615767
0.16328667032689878 0.0763081167883929 0.1572760740433732
0.16285391657722456 0.07936561824110357 0.1562019333704345
0.164465317 0.0578331636 0.16180955
0.169433824 0.0731795381 0.156953383
0.169398203 0.077747869 0.155696205
0.169530764 0.0570048046 0.161876285
0.15460456702538786 0.06990053194177075 0.1686993853266863
0.15434845438123176 0.07284043988289116 0.1680981981002181
0.154475439 0.0620288123 0.170744026
0.1595055603778144 0.07222771448928644 0.16783345140281627
0.1592420173442993 0.07541173092449793 0.16720812609442007
0.160953167 0.0625799714 0.171118851
0.16546047513019257 0.07539237465248996 0.16698256722076285
0.1651015599917267 0.07945080248911612 0.16580441670624343
0.167248951 0.0632056288 0.171013546
0.171923135 0.0748817387 0.167197172
0.171873162 0.0791049772 0.166195767
0.172582466 0.0627730172 0.17148351
0.15597835734969545 0.07331753774589982 0.17789811455325258
0.15596098536839917 0.07571599885866702 0.17729407264521593
0.156402928 0.0648116736 0.180506646
0.16055601171530479 0.07518566328131766 0.1771532197116231
0.16029273114225795 0.07757214654585498 0.17650458527207954
0.162383056 0.0654263032 0.18064119
0.16738150483084827 0.07665580388828763 0.1768310673492834
0.16829561446998137 0.08021225076654129 0.17544315315699002
0.169958904 0.0655076217 0.181180063
0.174210479 0.0769171907 0.177251119
0.174290842 0.0821237617 0.175987814
0.174840213 0.0653027549 0.181062613
0.159782765 0.0731698338 0.198132315
0.160024334 0.0747306973 0.197874008
0.159212265 0.0655791238 0.202316158
0.164813598 0.0737497979 0.19811897
0.165350997 0.0771607376 0.198033262
0.164593166 0.0650324045 0.202659013
0.170782222 0.0772224816 0.197570728
0.170485807 0.0819940233 0.196069175
0.171298707 0.0655027858 0.202278932
0.176859304 0.079008421 0.196889321
0.176909034 0.0843347337 0.195442794
0.176636295 0.0648666077 0.201737672
0.057282628788784914 0.009838077259464364 0.1216360626630741
0.05628819481288508 0.007011861016542792 0.1219843548253125
0.05569903293782379 0.004517635020335871 0.12147023308167462
0.054774206258954274 0.002962742418198168 0.12076753490927632
0.05478330779300638 0.0013053173595313184 0.12110959356925599
0.05815387467672764 0.012670462671269846 0.12178637894380501
0.06005596461599311 0.015511127696877548 0.1255811332157749
0.05886800356996056 0.014093713641114865 0.12555483537891532
0.05817890488618179 0.012155595229002268 0.12499859529910466
0.057402249722430417 0.011202797379504376 0.12468620157137449
0.05570003348118981 0.009529820342417741 0.12429816381526568
0.0625079682 0.0251313994 0.19658412
0.0619342832 0.0287933189 0.190036476
0.0649316206 0.0305371398 0.195860644
0.0678279432 0.0344490857 0.195304827
0.0698470185 0.0388706162 0.195147991
0.0667084347 0.0397965932 0.181576611
0.06701887 0.040748668 0.183228157
0.0681646236 0.0410045037 0.184816174
0.0701916446 0.0413027814 0.189139072
0.068523219 0.0433513214 0.181288761
0.0737545617 0.045258505 0.189368598
0.071946315 0.0452499021 0.185146683
0.0698514325 0.0445438419 0.182798836
0.0719830665 0.0468339872 0.18100988
0.0719794034 0.042446511 0.195344322
0.0755606459 0.0446918626 0.195591171
0.079660419 0.0464276367 0.196019957
0.0839070617 0.0478763691 0.196599053
0.0885076402 0.0488356865 0.197099373
0.0932478583 0.0496731656 0.197471542
0.07753716 0.0477965993 0.188770685
0.081496161 0.0482220959 0.187376637
0.0858040939 0.0473082052 0.185891721
0.0908343674 0.0473462078 0.184569643
0.0756537788 0.0480062604 0.184463471
0.0806118697 0.0483651347 0.182209083
0.084799525 0.0476887938 0.179927915
0.0897618148 0.0473034235 0.17809862
0.0738897878 0.0474723869 0.182449173
0.0792681894 0.0488812204 0.176724642
0.0801478421 0.0486911121 0.17951483
0.0759599756 0.0475571981 0.16842579
0.0754524653 0.0479440698 0.170528729
0.0767072563 0.0479192946 0.171348248
0.079523399 0.0471331007 0.172054637
0.0887956078 0.0490362628 0.170235895
0.0824839249 0.0481327408 0.174202163
0.0841503108 0.0483518206 0.177108942
0.0844784424 0.0493449928 0.169213207
0.0869884633 0.0506916181 0.169451504
0.0846294751 0.0513376906 0.164188585
0.0869536262 0.0522744579 0.162450399
0.0828052581 0.0523518413 0.157747505
0.0846946693 0.0522788902 0.155144216
0.0809271833 0.0498475799 0.15349969
0.0837703229 0.0486226074 0.150982324
0.0761182588 0.0462100424 0.148122773
0.0762985509 0.0464634689 0.145060213
0.0659386976 0.0208616816 0.139854056
0.0668385886 0.0204647357 0.136964523
0.0696588639 0.0249684623 0.139302325
0.0705255536 0.0246724268 0.136635985
0.0717541668 0.0309862772 0.136574503
0.0714778103 0.0378365616 0.137239989
0.0720038163 0.0431110875 0.139929859
0.0719513447 0.0307543416 0.139006829
0.0719181081 0.0372228486 0.139411969
0.072635635 0.0424472724 0.142618843
0.0506057252 0.00658007439 0.160309292
0.0542589179 0.00857758568 0.159326479
0.0590209585 0.0102749312 0.158992104
0.0612228562 0.01123916 0.156370961
0.0586666694 0.00814871792 0.162595248
0.0622858191 0.0103719457 0.161180478
0.0596308304 0.00731083387 0.164836689
0.0627736379 0.00876261589 0.164610618
0.0674682976 0.0105082665 0.164097923
0.0674833352 0.0105408877 0.165347617
0.0676464496 0.0107920002 0.1665943
0.0679842105 0.0112654313 0.167932769
0.0647352217 0.00911425074 0.165407973
0.0647900248 0.00881994171 0.166665511
0.0650885513 0.0091189229 0.168006295
0.0655519546 0.00980246674 0.169656911
0.0621740809 0.0071774801 0.166180099
0.06165846 0.00654377847 0.167945642
0.0615129995 0.00695848144 0.170061864
0.0621159048 0.00811841171 0.172690366
0.0598340579 0.00625221082 0.166709058
0.0597373373 0.00610069968 0.168716527
0.0597911287 0.00673398804 0.171026325
0.0601673244 0.00796588532 0.17361576
0.061924892017424196 0.027536457451318896 0.15007068656645317
0.06248834046345447 0.025470864653112064 0.1506849983822454
0.06260282685627187 0.02345758759242651 0.15137411602430118
0.06325383018771936 0.02143957460377309 0.15233172375374532
0.06171499100962041 0.028115208399534946 0.14998852834987686
0.06161205744115997 0.02635463758501558 0.15062481508595651
0.061608583221694074 0.024341587978951813 0.15144375704456606
0.06176192596134241 0.02222864076105166 0.15258710601911787
0.0701048858 0.0154461416 0.154218054
0.0700069939 0.0173858559 0.152981764
0.0696837954 0.0194042137 0.151897314
0.0693276153 0.0214781755 0.150998528
0.0665810724 0.0157584315 0.154147045
0.0658755628 0.0169735286 0.151771342
0.0656932715 0.0185349734 0.149601268
0.0659470091 0.0205588983 0.147839661
0.0647786641 0.0149836827 0.154519157
0.0635225864 0.0159959388 0.15119156
0.0638572229 0.0173303735 0.148391735
0.0645910339 0.0197274408 0.146347148
0.0622820552 0.0119795606 0.152327116
0.0606045702 0.0136104358 0.148799848
0.0611066436 0.0156890632 0.146118266
0.0624013311 0.0178903813 0.143883922
0.0624209505 0.0162901118 0.141174201
0.0622005588 0.0158287416 0.138175723
0.0604358523 0.0138981499 0.128384269
0.0616699134 0.0116722217 0.133415638
0.0611935787 0.0132274284 0.130508464
0.0570089117 0.0112575551 0.149625886
0.0605084854 0.0111219263 0.137728874
0.0607881409 0.0135130364 0.143450654
0.0605748443 0.0118933336 0.140234545
0.0588674285 0.0116684034 0.142828988
0.0593112663 0.0125549104 0.146193521
0.0550883122 0.0106929951 0.150559541
0.0497990413 0.00916210318 0.151989979
0.046423575 0.00766351656 0.153983029
0.0440626883 0.00623734098 0.155983906
0.0420781988 0.00323123723 0.157430727
0.0412334655 0.00142250714 0.157727022
0.0541373872 0.0111581113 0.143589603
0.0373274108 5.79568189E-4 0.154023384
0.0496260919 0.0103060234 0.145300714
0.0456919971 0.00828431288 0.147647842
0.0421857508 0.00696978792 0.150009759
0.039674654 0.00524209299 0.152307206
0.0380464062 0.00178409042 0.153534925
0.0566075316 0.0112647177 0.138812052
0.0507541859 0.0112065998 0.140112954
0.0460578315 0.00952709949 0.142192145
0.0419692223 0.00825051501 0.145360674
0.0385694689 0.00656463611 0.147969354
0.0366714122 0.00448508541 0.150099954
0.0354905986 0.00135164777 0.15121283
0.0351759411 3.20725484E-4 0.151486069
0.0601540356 0.011554677 0.131992502
0.0557291719 0.0121016936 0.13537282
0.0492688364 0.0136985931 0.136903935
0.0454221612 0.0122826128 0.138336928
0.0420447861 0.0109187254 0.141327048
0.0386712746 0.00941549483 0.144002876
0.0359307854 0.00626472581 0.145904107
0.034140248 0.00377069343 0.147340105
0.0331600221 0.00123931526 0.148497647
0.0329160488 5.38240946E-4 0.148604846
0.0577127247 0.0128592829 0.130561891
0.0513775612 0.0144479783 0.133651006
0.0420655838 0.0135406462 0.138438574
0.03764975 0.0111786817 0.141039772
0.0458200404 0.0136893856 0.135221102
0.0355011776 0.00899579538 0.143286746
0.0330902261 0.00606012695 0.14411449
0.0315719187 0.00339134592 0.145088792
0.0306234811 0.00130184297 0.145736757
0.0304198165 5.5483891E-4 0.145913917
0.0560659458 0.0147804778 0.12756124
0.0502958719 0.0167648817 0.128558128
0.0480552332 0.0158500909 0.131670138
0.0437298724 0.0149256631 0.134426073
0.0402226089 0.0139867017 0.138367089
0.0352435222 0.0120097483 0.140247233
0.0401265214 0.0128304235 0.137378642
0.0334836228 0.00950774607 0.141738496
0.035224667 0.011849493 0.139965086
0.0355032367 0.0114544437 0.13900975
0.0312130608 0.00593550037 0.141855166
0.0298093143 0.00323707059 0.142285381
0.0288559702 0.00125160354 0.142846266
0.0284723782 5.69622967E-4 0.143156992
0.03219135 0.00913675287 0.139618759
0.0301011804 0.00547113111 0.139170704
0.0293753999 0.00402966823 0.139245874
0.0300858314 0.00385150321 0.136666358
0.0314103421 0.00639643853 0.137263966
0.033383838 0.00942410783 0.138389316
0.0283948599 0.002021217 0.139474553
0.029041505 0.00183467846 0.136623513
0.0276208671 5.57861654E-4 0.13981451
0.0281928812 3.73026457E-4 0.136836315
0.0309850558 3.3772853E-4 0.133805098
0.0357484424 4.92826775E-4 0.131472381
0.0454334683 9.0306936E-4 0.127944049
0.05070343112326898 0.0011824207681098177 0.1256824189148073
0.0318464708 0.00185623036 0.133700129
0.0366138324 0.00208965091 0.131478977
0.0461715671 0.00283497894 0.128009428
0.051542216152168946 0.0026614741590543474 0.12588875681839373
0.0328559253 0.00383930018 0.133943529
0.0374234579 0.00396426412 0.131553882
0.0465693427 0.00505989214 0.12786795
0.05237377136073187 0.004010565646142603 0.1256429406838821
0.0499809333 0.014541473 0.126896674
0.0478336918 0.0158547972 0.128518781
0.052344262 0.0154424482 0.127005089
0.0501839575 0.0165252018 0.128350647
0.0466184348 0.01648009 0.129723935
0.0395280389 0.0124428941 0.136864917
0.0426207395 0.0144599525 0.133685479
0.0402852873 0.0114260523 0.134567281
0.043146797 0.0126482402 0.132315517
0.0343512961 0.00641179925 0.135028097
0.0360578239 0.00886618458 0.136603475
0.0377466007 0.0109746835 0.13752135
0.038111175 0.00599828484 0.132217003
0.0385731289 0.00810249901 0.133493247
0.0391566422 0.0101231933 0.134687079
0.043916607883749674 0.0010404298760311001 0.103834616375607
0.045587412777925405 9.807534807350028E-4 0.10737385646132441
0.04412280499597693 0.0021311376267174613 0.10391746798617575
0.04568717717171587 0.0025757216046944247 0.1072810876374978
0.044591250479276444 0.004544765820504479 0.10394429008445928
0.04593887402301096 0.004602088259592112 0.10714969016371717
0.04501324064278642 0.006995835636207873 0.10412727273879505
0.04627951424552904 0.007250952184049597 0.10706223281535443
0.045988430114749505 0.01018974870215071 0.10428243136511516
0.04745321410130017 0.01076524260008503 0.10718259858161153
0.04790270699953539 0.013017582153344882 0.10482146870640421
0.04862929400387702 0.013858691510986168 0.10706964149777051
0.04883565911473571 0.015652801143517765 0.10425027683985881
0.05003301174710043 0.01696105511975325 0.10636572743230316
0.050423305894625466 0.017635698422521707 0.10407160160729671
0.051620748994590474 0.01856726723199265 0.10618773227028849
0.0517795243203806 0.018894748094180586 0.10383928353941649
0.05247522208977393 0.019623451189472466 0.10579326606994331
0.05305319621649176 0.020193619858522555 0.1033097253300791
0.05406932391572053 0.020644825887418 0.10523027108370964
0.05414812425262057 0.02095230543786446 0.10268516784651265
0.0550979179128227 0.021488254971537887 0.10455776266446101
0.054872059712369095 0.022116492265045747 0.10181811110488795
0.05647300575604629 0.022372824816238108 0.10377590478290381
0.058095033917663554 0.02190982641597499 0.1018107815497718
0.05878534642885052 0.022506694883405787 0.10359757098239539
0.06067819207269498 0.021958902434684322 0.10216874633316035
0.05850805808475399 0.02127973512580102 0.10007465910795926
0.06228875865131341 0.021270291875748394 0.09978523523770544
0.06014392131639809 0.0198819692605324 0.09908546134397633
0.06811043250184766 0.0242744654948222 0.09426796429492637
0.06460885556587326 0.02130158862533228 0.09532249855263236
0.0632596150181363 0.02182386938618379 0.09184260560289864
0.06757912790142248 0.024572539513085533 0.09073485084617283
0.06238735569199493 0.021388394530210294 0.0899039872976185
0.06718668538284789 0.02374155937180359 0.08802420920254075
0.06184622584830616 0.02026702237976285 0.08809615321157682
0.06663809307218538 0.022421385123470732 0.08600796671324036
0.061423627310953736 0.018600880263114402 0.08639207910840975
0.06604436822921453 0.021109982821905935 0.08394713168302463
0.06097204145173926 0.016658886953817873 0.08484764436489493
0.0653148403436594 0.019232247510515534 0.08219975174029089
0.06073531389903639 0.014444070348462007 0.08337644512632146
0.06461745209643933 0.016881147752173368 0.0804279316959153
0.060556856138283065 0.012185191845013618 0.08214969798046348
0.06340582024358764 0.01407792867678382 0.07878773564588037
0.06044315389962873 0.00946842311923685 0.08141436814836216
0.06199989982539087 0.01073948845459646 0.0775483048048517
0.05889470249279882 0.006935201501299454 0.08130857821285951
0.06015656029322547 0.00737322314724693 0.0774375381154869
0.057703489838563986 0.004023907817490073 0.0808524174917607
0.059174394036224764 0.003915566866944282 0.07646492579673411
0.05776675560372879 0.0022788065483345422 0.08061134509087307
0.059057394334873704 0.0022660426641387395 0.07629940026176539
0.06585321770023737 0.024040429387645862 0.0990400006630641
0.05847696311952522 0.0023515567062161345 0.07163022547615362
0.059197471389061236 0.004013511045583773 0.07263104406834395
0.060575637301724834 0.008106051593682283 0.07293201904902488
0.06276036010825976 0.01179221479310014 0.07297968604387646
0.06459263629524885 0.01496287610350351 0.07386666796473983
0.06613665675117696 0.017965716225201836 0.07492573353574318
0.06752198117279483 0.02087623106636785 0.07599195185274633
0.06857878280776568 0.023221250671334095 0.07801283764370723
0.06924705994672016 0.025429160193380745 0.08041087201252049
0.06968003727448613 0.026656798928648362 0.08285262961593223
0.07043173753645292 0.02835330313114481 0.08596423449341284
0.0717003690776536 0.02919036049006937 0.0913659819504384
0.06991210482956067 0.02829054964933115 0.0971894966335019
0.06848283618664677 0.028597075821528817 0.10252037512037429
0.06338108206268372 0.026107642520608657 0.10419292424717991
0.06013213129044395 0.02642955362023664 0.10446765771871766
0.05811512989161119 0.025982640597049283 0.10536672310964586
0.05847394350109705 0.02339454594532669 0.10849916537280828
0.0563036838164503 0.021714599107480033 0.11022502971700818
0.05397069868046234 0.020011563769818063 0.11152291025029125
0.05160074486024266 0.018270751621489306 0.1116290639470862
0.05021979951322496 0.015386677790985312 0.11189289227215211
0.048587255724659224 0.011172673308364921 0.11146911632675177
0.04751109844470904 0.008617085135026051 0.11155256824579494
0.04720626993461057 0.004920319769878469 0.110992096506888
0.046897676894712435 0.0028575653201820452 0.11082655164718486
0.046901095731526114 0.0010981360036144772 0.11100987217535664
0.05761217122488081 0.0024518435050309537 0.06771348305631775
0.05903777564021584 0.0052210128202977895 0.06758310964154166
0.06088312497988481 0.008381049836509816 0.06821429037084875
0.06288144660728068 0.01182785382914959 0.06879614179238176
0.06516376561948703 0.01515626967554478 0.06952193086840414
0.06673476927836734 0.01848675387171078 0.07029841925702879
0.06975830371177172 0.02239714140131596 0.0718323330435326
0.07149454681504724 0.024829849088792145 0.07682653690028557
0.07282018102891329 0.028239669841008376 0.08439432846921865
0.0679404466121598 0.03271554912509018 0.10581521549677518
0.06538239305226816 0.03137125406318281 0.1064809176178406
0.06356587322276158 0.02863738972616011 0.10864828181704803
0.06165692255719742 0.026521976508499672 0.11081629039921202
0.059983936964332185 0.02532830281866603 0.11273200486000365
0.0579503442109026 0.024391467072429392 0.11423665253475432
0.055454173101528365 0.02285000762794122 0.11555102187576342
0.05293491145246612 0.020310570627076273 0.11639228069817265
0.05124110972256387 0.016661616360565627 0.11699188753722707
0.050235157628920155 0.012855790962295152 0.1171791177696465
0.04872548527406108 0.009463688784683896 0.11734381085423251
0.0478952651766995 0.006953833466081014 0.11705024479636211
0.04746395711329452 0.0035252591940119664 0.11632623175956308
0.04735840663852444 0.0015076049174237197 0.11652172911836446
0.057596878215797634 0.002613496379036739 0.06442977659325663
0.05817506530088787 0.005348198068148585 0.06453237228726866
0.0606098944657992 0.00835951113278675 0.06517666836314256
0.06313450780400719 0.011264707103684742 0.06589414159382234
0.06546035249615789 0.014603572951567258 0.06648995577819833
0.06783455680547282 0.01879599624827292 0.0669744318854755
0.05839134238082404 0.002705356714628713 0.062416606147086835
0.05841470957343823 0.0053665391270196665 0.06216077857315691
0.061026405128965705 0.008058778225754232 0.062396823505310305
0.0630920646044773 0.010889892696102547 0.06273834078661385
0.06575836493968262 0.014247276327386765 0.06331838707383895
0.05932204663344886 0.0025471448011931846 0.05915925967256474
0.059524308302888636 0.005165280957577359 0.05899117742622335
0.0616034897379332 0.007892127117214055 0.05915938934527974
0.06379192210953553 0.010818559725216653 0.05933768926102063
0.06062271462137219 0.002482927878704357 0.056623748482992224
0.06112407970840506 0.005060699697363617 0.05637472891996642
0.06311554687560002 0.008096339362586467 0.056424850099471804
0.0652948972739078 0.010921257823680508 0.05638969679441868
0.06862521901983124 0.015273743180384013 0.05696120077026694
0.06694477951504242 0.014466436319496331 0.05971857936808974
0.06291511340997859 0.0026082168147246094 0.0543561634195813
0.06349078597751516 0.005104962275153599 0.054089605143209714
0.06569060378431069 0.00834105751480662 0.05419384162697542
0.06773142425357379 0.011145340033748584 0.054314240435013594
0.07080721519701151 0.01580709534651432 0.05494849631394779
0.06778555373197274 0.016871493767768697 0.061897564961154714
0.06639752777016798 0.002669163931335457 0.05243035141168157
0.06704705705465937 0.005364499329828543 0.05239853899377591
0.068489500846571 0.008569524894791267 0.05240943296034549
0.0706864658892114 0.011467610722388055 0.0529497236450047
0.07405380638102463 0.016120685422999437 0.05381327568951107
0.0712340347159113 0.002647923883573798 0.05059318507524836
0.07202833245966712 0.005407503207628669 0.050727599694154475
0.0733301193762257 0.008675964695604537 0.0511304003166558
0.075215198449264 0.012127948365792285 0.051668580749209624
0.07886389835291531 0.01659175997183183 0.05333372577345351
0.07576965495486455 0.0026415476104092715 0.04933141682905412
0.07684049080757063 0.005468908109742972 0.04979899274230245
0.07811095003873796 0.008854992489847158 0.05014621508623899
0.07993694954764172 0.012541886797279501 0.050787328201657655
0.08421972092621692 0.01706293000629533 0.053757072508385885
0.08121667532765138 0.002656927623943073 0.04709707501850188
0.08212828237715987 0.005379869008496594 0.048189021264874246
0.08554780576172512 0.012854296087017983 0.050300565771183504
0.08350682237156372 0.00890553180356636 0.04894071869665662
0.08795775837711522 0.0026617573356786635 0.04610221191360629
0.08918080687351056 0.005839977031028972 0.048371114423897715
0.10118797108479885 0.019609172740264358 0.05459289696407653
0.0959051576766734 0.017899030832341144 0.0557416764594061
0.09293575314705936 0.014259006071747371 0.052335931881592676
0.09798410794780113 0.014293602610946926 0.051713115015949426
0.10396639818438075 0.006274469468449788 0.036295685084366376
0.10507407976251724 0.010299347758118277 0.03717490314040416
0.10312720776103196 0.009522309132692258 0.04429913890078363
0.10117128241021085 0.005917953020005825 0.04197086701699631
0.10332068065728837 0.0027216705094695176 0.03573237507059427
0.09968826459065958 0.002701589570622453 0.040401106573199556
0.09654718367980718 0.00269169753690367 0.04284577056689166
0.09810486141028879 0.005891810219151827 0.04465575504149263
0.11117667173192002 0.002920792922347143 0.03402715339430344
0.09337409825297918 0.005862844830238969 0.0468204364905128
0.09230373710894627 0.0026780835960058206 0.04440050698724997
0.10330378210951421 0.01432644478306042 0.049270471327704776
0.09542664951469995 0.009453279234205606 0.04883838607506225
0.10037009832180238 0.00948804238715016 0.046634853251040144
0.117262113 0.00313950412 0.0329364761
0.11781744 0.00636226183 0.0332114254
0.11201700814506282 0.006362329076252803 0.03406276134301467
0.1060481399362552 0.014366358811931611 0.04640551564686099
0.09058168404751478 0.009419500267406854 0.05004913095386591
0.08953054791767974 0.01745632794181766 0.05479225827128808
0.09976817699567257 0.024479569054174106 0.058956236227150585
0.09389140723782773 0.02415896945727698 0.05856833988889103
0.10619196250561376 0.019630661555092965 0.05194772032119337
0.08836995592223179 0.022683151536408448 0.05715921438580348
0.10418471069056545 0.024429132663639174 0.05715008940444744
0.10887667138364933 0.024442424168122884 0.054277765166769174
0.10681549241456441 0.01510432214561822 0.038525152985104644
0.11002963891360433 0.009839299761848509 0.034250059829180876
0.118037238 0.0094789674 0.0333615651
0.116924396 0.0139895499 0.033385437
0.11052220362647062 0.014189416445041542 0.03579337602340407
0.116388586 0.0194646016 0.0338764241
0.11117620555004451 0.021037931329879377 0.03629340567226103
0.10969181948972043 0.02102523048229331 0.04066173086908132
0.10856707123978877 0.019685438288239203 0.04793872480059585
0.117618564 0.0262600934 0.0343369966
0.11396495038911093 0.028024899916551684 0.03725497445036643
0.11295918009990306 0.027134867128525628 0.043329919972004784
0.1112487449390678 0.024492079945252678 0.04959526896399067
0.08386370500187981 0.02179619616221383 0.0562070952460977
0.07885587131510377 0.021423385772654638 0.056209914572261606
0.07562852485068103 0.02139886519215009 0.056923330835847254
0.07253397588996979 0.02114999711324111 0.05786327098645815
0.07059754458178172 0.02010481251358053 0.05993288879818372
0.10676673406152079 0.030419496202148007 0.059415950632930745
0.10258668638089291 0.030477336008699667 0.060772064399562016
0.09737976863531884 0.029765149664811152 0.06093999491083989
0.07178428364960565 0.022050949897171948 0.06510448990668995
0.0913838789259268 0.02959834495814891 0.059801937322809744
0.08700254741435409 0.02905765303720571 0.05914285729117661
0.08336947653720873 0.02758463090714686 0.05957743301269605
0.08086181085946927 0.026430921267115576 0.0612311747682007
0.07789144487377804 0.025232014825451114 0.06310298423631201
0.07490001469277674 0.02392657225088818 0.06392646520235555
0.121054602 0.0347964487 0.0350105088
0.11704653098237208 0.03497387299190899 0.03910467274533477
0.11627474196232751 0.033199670193129895 0.046427540348441494
0.11403509671740597 0.030476317691112448 0.05207848620420782
0.1115756007365126 0.030426227574690733 0.05658828862231764
0.121763611 0.0412088016 0.0359232361
0.11978183010654364 0.039955727658223 0.041652367613758755
0.11815453279579602 0.03843557501798142 0.04841575372754727
0.11638513558899002 0.036247816342411567 0.054205931087409204
0.11357851590691664 0.034805383692577824 0.05833556642359082
0.10836824981915573 0.035194417418207745 0.06028880000937321
0.10393762149072115 0.03505733820879136 0.06209587210958569
0.09938073965257699 0.03527308741130629 0.062302423163376794
0.094672241609391 0.03520638859741291 0.062315198208927725
0.09084008712040204 0.03464313902919985 0.0626088898528373
0.08733233481355392 0.03336227347296784 0.06322425690949801
0.0844233837134072 0.03151218806009828 0.06525191212297755
0.08191963741863242 0.029779420485948043 0.06731742450731822
0.07852701775761133 0.027096267120775747 0.0689076879146663
0.07460787077689918 0.024702512869138056 0.07004429302692428
0.07650027913727891 0.027869407696822182 0.07576087525891052
0.08082690915949314 0.030769490484568663 0.07391565119719132
0.08469355618147892 0.03290034196829751 0.07219889920352243
0.08769897052362616 0.034749131555427706 0.07012731138967028
0.09032275986533628 0.037241168951198875 0.06758718153554749
0.09450835327571205 0.037937736882331645 0.06659366985502314
0.09773105387686501 0.03901418320330937 0.06520765493657908
0.10164281376905307 0.039097065272723705 0.06460571309930688
0.10579851135317296 0.03895439504990647 0.0636839667990249
0.11023072471220959 0.03878744860988651 0.06254551129320207
0.11505898079131248 0.03882061948685902 0.05995360934570196
0.1180259184471539 0.040205822921022705 0.05619227632843782
0.12019202335711175 0.042374946885016106 0.050792746972763
0.12260262097779642 0.0438315808764806 0.04449804764087337
0.124471977 0.0457085851 0.0374105511
0.12795796 0.0494295883 0.0409455861
0.1254108236523619 0.04728595765273992 0.04747410997256356
0.12209727918635578 0.04622530467988855 0.053202232947096244
0.1196843357529645 0.04382336455185308 0.05836002729069168
0.11669382414925683 0.04245873431476968 0.062426166894160515
0.11188428207895834 0.042366042783621376 0.06524257519150942
0.10773530136911802 0.042398404379865 0.0668429963298959
0.10277299051895562 0.04275723871925967 0.06788512307226273
0.09894689340890292 0.04232049072444114 0.06871918605180947
0.09575978650902811 0.04137480236229618 0.07033336239260314
0.09336549277954966 0.039429929796822215 0.07310737319701711
0.09010056250522741 0.03763247559881422 0.07565608449314987
0.0865903698530217 0.03554973467315018 0.0783874107765588
0.08228833448004158 0.033819075581133055 0.0807164522382419
0.07694461857771592 0.03105712704265312 0.08342332918887445
0.08705511728124579 0.03921209933053896 0.08896838094131024
0.08163881556261485 0.03683925476193022 0.09202868764783227
0.0825919017298483 0.03566172651007095 0.08754633896818602
0.08747590926636 0.03758026818495874 0.08465564140106102
0.0867160250488027 0.04055223369078863 0.09288745784704501
0.08089384160148802 0.03817389156919016 0.09590642760969877
0.09453673126326986 0.044155347376399326 0.08206436933635271
0.09125872873735437 0.04172210640781633 0.08539998614382271
0.09154152674235415 0.03980845308472146 0.08124692386439034
0.09439666227727306 0.04237799108100533 0.0779586881422112
0.11170671835008533 0.054388967483934535 0.1044348229048913
0.10661202826847423 0.05333421063913183 0.10732450690630908
0.10511971173662671 0.05112553337443802 0.0991653039791739
0.10995103857905753 0.051953205082045206 0.09597323149485941
0.10286909902173641 0.048628205113273974 0.0868780114036807
0.10370800990469592 0.049833070166580624 0.09185181334170571
0.099285023472299 0.04893842396545576 0.09489856371350322
0.09869098977072051 0.04773645552261557 0.08959111259553902
0.10043801793966442 0.04438990167986752 0.07393896641625072
0.0972819253903553 0.04347331269929822 0.07584176341199245
0.07445238248076537 0.0341452192415132 0.1046456367416617
0.07475564448361764 0.03760006689846558 0.11030695606995693
0.06957840663799605 0.03412470492925303 0.11144035416812975
0.07328887290672866 0.034053904975269195 0.09875331535552348
0.0750553752697035 0.033455692713769664 0.0944580685695737
0.07620906760710046 0.03290561796282569 0.08986390510749419
0.1102857591638744 0.04717537339700918 0.07395083738552127
0.10532657193500963 0.04657178905159853 0.07609712506224925
0.10399630751229183 0.04541366312779343 0.07182865529957908
0.10899118616462024 0.045535005049078384 0.07020977263888735
0.10133031333512658 0.04590992351545313 0.07807562252650034
0.10212044550957035 0.04717811310704062 0.08229156695829659
0.09804940784922866 0.046617634874231054 0.08461478527244919
0.131087441 0.0521670063 0.0445500886
0.12742890570203125 0.05073576618336069 0.05075872510557983
0.12407410304255322 0.049266562870187526 0.05624289876390659
0.1215694703066721 0.04639772553015764 0.06124882596445865
0.11839108563075726 0.04525395709816252 0.06484499047856998
0.1136535814963657 0.04512206690657321 0.06847873307487813
0.1151701439273751 0.04690502603196607 0.07146599795444655
0.1164558107504673 0.04813609848682661 0.07432028807824
0.11141662510744792 0.04846223486561811 0.0773770424244747
0.12341134387232441 0.04848435251548064 0.06418743951554322
0.12524035172997608 0.04979055048058961 0.06714523256794487
0.12143296149018971 0.048136397104041946 0.07125848110097092
0.12005200687870514 0.04728103180136224 0.06770210451779492
0.1296949169027431 0.05350758939677477 0.054406587338059434
0.12634750100084138 0.05129048712314089 0.05955999636508478
0.13345326 0.0558747461 0.0484194298
0.135803271 0.0585255485 0.0527693731
0.13225600891897277 0.05524351573002291 0.05830764387770573
0.10755199943821558 0.048697825936431335 0.08439188506307106
0.10839683669784035 0.05023849812975303 0.08894115477730369
0.10657819700139388 0.04743274749170636 0.08011873846388341
0.09469833288265024 0.046656315903279545 0.09199880804058848
0.09497504093359717 0.0476346151276971 0.09778696362365662
0.09054786963548599 0.04527534456823365 0.10100008480508854
0.09075107286369279 0.044294467056293446 0.09484517152338018
0.09773056113797611 0.04506630686694832 0.08024893811857052
0.0944909497597706 0.04565563253272245 0.08673894277002388
0.09089266704805918 0.04323766723893981 0.08965037218539182
0.08635458622830214 0.04204349334223137 0.09786833199102471
0.11546538079191465 0.0519863615907769 0.09257318887162955
0.11379681983183289 0.050826373904062395 0.08562926702107528
0.08564322435429056 0.04344186582111609 0.10353401096160153
0.08068393180129217 0.040695847097383546 0.10790780535954284
0.0820189896942903 0.03721183596138242 0.10230153233572482
0.08118875805867373 0.04308832653367532 0.11447874530536663
0.07512440234974774 0.04064290534445746 0.11605188974455617
0.09078208275198518 0.04780761191827196 0.10767000293646632
0.08562372698359363 0.04634766675678995 0.11042564387206034
0.07302649608312743 0.03933113264855785 0.11689810047283956
0.09605717450975323 0.04898675224940415 0.10497514405397146
0.10058114330957876 0.05022552374490932 0.10215532184991707
0.11270053914041907 0.04918853529759902 0.08137625706105021
0.11773139949142743 0.04922361326452432 0.07813724538793605
0.11911712011449813 0.0507746085751896 0.08230261829986527
0.12859170280843837 0.05286779765726202 0.06267874200912145
0.138869634 0.060020131 0.0577142288
0.13470034482080678 0.05654402681918308 0.06248951898906276
0.1306895119047167 0.05362442907035597 0.0666519024428592
0.1269278938764216 0.05027603597995595 0.07114722430523773
0.141620613 0.0601190937 0.0633617262
0.13704671424521203 0.05656995725973781 0.06746051233682247
0.13276320572737507 0.05370882381220958 0.07118473906615516
0.145855656 0.0590448974 0.0739914815
0.13972281699657496 0.056111132151205494 0.07727502161089843
0.148687907 0.0583868624 0.0827127864
0.14046179389523544 0.05511120640461271 0.08594877227149192
0.12305348868548777 0.04861182949534404 0.07448323346968118
0.14186763438497618 0.05538729512047495 0.09547552089085358
0.15185461586495486 0.05931437631197068 0.11124411225758538
0.1467004768882527 0.05846532316903665 0.11360823872728174
0.13886827228660645 0.055254353907549764 0.09848406422255111
0.151629685 0.0587085008 0.0917263284
0.156981185 0.0605193545 0.108970694
0.160723344 0.0615663143 0.123671338
0.15562454869115652 0.060871450468444915 0.1254493273831179
0.163848917 0.0627397208 0.136288304
0.1584484478479435 0.06236418420450926 0.13734233008325158
0.1503517977288784 0.06087926195520791 0.12725426588838945
0.13536778709646666 0.0538574257427008 0.08883407561613445
0.14118779667371437 0.059244157560097044 0.11587643421245815
0.13673027126461246 0.05636473940000851 0.10142782357888308
0.13518196869687366 0.0544418050723206 0.07967751705978399
0.13084493431033634 0.053183723026092256 0.0823413491529855
0.12841991293169447 0.05102327559798873 0.07520021379688768
0.1330087669184723 0.05448670078177414 0.09145816541159327
0.1444541338467794 0.06147670427208779 0.1291914542320324
0.1233208779020469 0.050585666576433194 0.07870517807877629
0.12584214436127392 0.05217991546285597 0.08539535176540484
0.12082736141423293 0.052297577201127925 0.0888873677776533
0.1286227018860118 0.05461347296244843 0.09449702944527322
0.12610552420115917 0.058077765312937284 0.10804717959759667
0.12847291192201546 0.062225726522760455 0.12081030225715211
0.12229808325379236 0.0626760831494241 0.1231821285766282
0.11997260217132664 0.058554595658417766 0.11096495709587575
0.13193170795269543 0.05728956664486326 0.1044280081236185
0.13559818320153494 0.06088792516325228 0.11840136880630628
0.12328034377881292 0.05455781119406039 0.09777068841685037
0.11758368034501451 0.054478251863524466 0.10129591485081413
0.11354168649242817 0.05818409390488077 0.11391167535902222
0.1082855195102267 0.05687390783563381 0.11640859096314071
0.1157974633404199 0.06187623126568198 0.12573425313061937
0.10996126922986056 0.060210962884683125 0.12815259016949598
0.10182946189453132 0.052546117143734285 0.10986824392413352
0.13810773079433256 0.06262895424470444 0.13059123429876068
0.13125517543715223 0.06425773159419738 0.13219359814407672
0.1244608436145019 0.0643430810572052 0.1344125488636271
0.13317712630260226 0.0656027244580002 0.14210573480907995
0.12777987573245328 0.06634233164590254 0.1461310078330833
0.166851838 0.0636320623 0.148473292
0.16124813883265418 0.06398149387701646 0.14893931813867226
0.169430921 0.0648282314 0.159321088
0.1638075741975854 0.06548035969053771 0.15946865350852904
0.172041148 0.0679467841 0.169435925
0.16608507714058132 0.06807289826439696 0.16927667631719648
0.174361365 0.0704904233 0.179181822
0.1681605143424276 0.07071163939216953 0.1788080116112561
0.176683192 0.0714499149 0.199198108
0.171073844 0.0700585546 0.199826709
0.15297294725805002 0.06167803347765625 0.13859084115555084
0.15565610852035355 0.06254160743359082 0.14958274563956753
0.164753946 0.0690068102 0.200275977
0.16125281771154554 0.07103847548878019 0.17865041934830295
0.1601690486250885 0.06664293547664835 0.16956728585891281
0.15818837999065546 0.0640992129206498 0.1597702401197794
0.14666557874770245 0.06135472549959244 0.13980469949577048
0.14924957590543023 0.062334709233657776 0.14991057487061363
0.15201448244656537 0.06336557920724953 0.16014886903432604
0.15449115123972063 0.06543690779751385 0.16990284701018346
0.1561103306015314 0.06946918044293095 0.17905594373809244
0.159536295 0.0689741338 0.200113179
0.151625583 0.0735430997 0.198448262
0.1490880018586139 0.07114337623874054 0.17873828586747753
0.144916495 0.073017101 0.197850598
0.1419669540966867 0.07102766477092498 0.17944352922180196
0.14706600948954313 0.0689703590501885 0.16895584335964742
0.140185347654874 0.06938027813098975 0.17014200471238156
0.14488115656449993 0.06701045421513913 0.1595841655030071
0.13802019756803555 0.06768354960362914 0.1608961196611038
0.142777624537675 0.06555515758595289 0.15062245815658415
0.13585870326649235 0.06623175315879423 0.15207698896463162
0.14048568238116174 0.0644808367999785 0.14040839923458062
0.12943238337899968 0.06667220104131057 0.153161434610442
0.12098608433811567 0.06409431687895815 0.1460503125581646
0.1182933042482772 0.06340884498441436 0.13681383346510895
0.1231593476349715 0.06600083031086346 0.15490308219304552
0.13150503813989714 0.06791394186515522 0.16223246217324905
0.13335065516181835 0.06850498758760987 0.17125017779163618
0.1349476986966943 0.06980460517443944 0.18000204331995448
0.138174412 0.0719364736 0.197123878
0.131001332 0.0704272468 0.196260032
0.1287368520759157 0.06831478668645162 0.18058291689191464
0.125701637 0.0686121133 0.195996246
0.12316320970206929 0.06745825746680735 0.18079974518455225
0.1269389512545838 0.06748855972060404 0.17216759968581616
0.12504287930644933 0.06681729278071842 0.16356900630298538
0.12120576152587662 0.06647345160587957 0.17278964073129782
0.11940997752672972 0.06542914644376216 0.16453423578628276
0.11760477555309343 0.06387345830040347 0.1561824946229081
0.11542624612286488 0.061826857328865094 0.1477096342764392
0.11287270912079617 0.06153991016862674 0.13896291973021122
0.11139827356560833 0.05960513252583576 0.14910676243487916
0.10877509068443637 0.05932299694086459 0.14082888604554503
0.10803697287041468 0.05782370206569069 0.1503799185541762
0.10502742828263617 0.057545813966590385 0.1423076313104559
0.10130851158493273 0.05728297339549001 0.130923187400183
0.10512802875054007 0.05852353192611823 0.12973185227225195
0.11325030897853747 0.06155034798188786 0.15738485444338948
0.10937168647708591 0.05991058864707806 0.15817442899568765
0.10067036599045832 0.05621306298095431 0.14296119085849104
0.10405897154266557 0.056274935143679504 0.1511484675282873
0.09881570641778732 0.055129628431917065 0.15149276919267887
0.09607185795373252 0.05498314656481405 0.14346240171566246
0.09923085203259478 0.05386039520527839 0.12075724309405672
0.09479634032906795 0.052389943611689034 0.12264164471062461
0.09217096750900731 0.050025752078388504 0.11486275033164557
0.09745646456930877 0.051050564217530986 0.11245261797445641
0.09806373852619135 0.056235664341315106 0.13198701977300467
0.09373495250188309 0.054647516218834895 0.13323336771385516
0.09005779946609861 0.05154869074378206 0.12424140366680306
0.11039034141102613 0.061585386260887644 0.16622916787146252
0.10612715746582037 0.0599954828591485 0.16684255588981445
0.10570651704645949 0.05828170227933916 0.15902634503933438
0.11459896955215775 0.06352121358023562 0.1654665901234796
0.11618670993109849 0.06495355000799737 0.1734910121228356
0.11163315624959692 0.06300792317254156 0.17422265867979855
0.08364291664965207 0.04958864538540441 0.12687342929036224
0.0785046472133002 0.048312430802067416 0.12811186233029237
0.07721609008820034 0.044405004441362715 0.12275948723363747
0.08267940294224695 0.04597934544486406 0.12141816230715294
0.10340331156381377 0.055549984216964256 0.1186622682150021
0.08718809440683377 0.04880790905544644 0.11714405254481765
0.120183102 0.0664848697 0.19586377
0.118012223045342 0.06578877306851014 0.18135931367617505
0.114749897 0.0643190173 0.19559565
0.11308768789148935 0.06386001986402044 0.18193849172849083
0.110022221 0.0620341181 0.195734139
0.108371915471702 0.06155869519241361 0.18240576757601265
0.10700779570422579 0.06119496597515945 0.17476008183221622
0.10099703690896765 0.05677516510305366 0.15955997848789832
0.10234211164882216 0.05757649894444709 0.16766808449503845
0.10272437538514768 0.05882978474090466 0.1751759564715615
0.10356578007166682 0.05892628884881985 0.18264381661851603
0.10443555 0.0605554789 0.196067324
0.0993276709 0.0581123163 0.19633592
0.0987178090629547 0.05603800780285229 0.1833447579847038
0.09797019181908286 0.05498688215896012 0.17644455093178468
0.09804562859180363 0.052757224162730855 0.16980057031934573
0.09417887317527915 0.05781837095693112 0.15911751710259348
0.09165773073997674 0.05712932989856298 0.1507637109784815
0.08985045006182253 0.05639093163308264 0.15969699734791795
0.08763202088373807 0.05590934595398212 0.1514724299318014
0.08898499418879338 0.05531813075429472 0.14299054864343283
0.08417065243529408 0.053155976934270724 0.14382153185276284
0.08619075771855936 0.053745528375955566 0.13536649102320314
0.08073014829702797 0.05057132029256089 0.1349599565868525
0.07761379251880822 0.05077785824774342 0.1370164088512072
0.07468623166483691 0.04807586795995836 0.1386683924856817
0.07222841123866325 0.0443124530301748 0.13056501326722422
0.07524008830587925 0.04644848550472972 0.12918595313870773
0.0705948601595053 0.03859740591880223 0.12506204660881554
0.07375983182644268 0.041798862647882275 0.12340780804014216
0.06909459608962164 0.038108996660787015 0.1291555339109863
0.06687765794944413 0.03230160908866322 0.1288214750849486
0.06563005012673502 0.03124693640316218 0.12453518212207998
0.06883542026595377 0.03592533661825905 0.12469096753095153
0.09259262320448425 0.05217200301916279 0.1694396324497935
0.09279686211503602 0.05271955713998441 0.17649856150042462
0.09350583563578804 0.05326100147513428 0.18341413795058922
0.0947766772 0.0547878831 0.196203969
0.0905236704 0.0531615128 0.195444183
0.08845236719311057 0.05142243258089327 0.18351819773945732
0.08756868050896055 0.052627647995249854 0.17605664795364387
0.08742176886292102 0.054509604126734494 0.16859827203439748
0.08746512513052387 0.05568745019167501 0.16001383712816325
0.08480436158526307 0.05497099620817907 0.15238959760603607
0.08256456984588148 0.051026525071770926 0.14526372343340646
0.0859619064 0.0519610187 0.195375512
0.08399380871650852 0.050884359871940364 0.1840457383522211
0.08282629399994423 0.05185068423232354 0.17720490267315767
0.06595564309150202 0.032118985473561595 0.11366750183461263
0.0634433562452967 0.030444460426109453 0.11492700027892346
0.06183648774679454 0.028264451403975762 0.11687892744619521
0.05986759423542536 0.02651814529920994 0.11804748253782969
0.05679726748438578 0.02408191053324743 0.11945042139421007
0.07005391613709384 0.036315268539047575 0.11852026289515231
0.06713665262400911 0.03262257412365782 0.12028687586220276
0.0642163044794295 0.029867245883012733 0.12047439340880482
0.06319561992547859 0.02826444338068912 0.12503007914849812
0.06029871880197435 0.024610690840447633 0.12576271271822326
0.0591055977601376 0.024554520075629593 0.12301921791072418
0.06186231525602596 0.027281005257975506 0.12197074351354864
0.05444776813493834 0.02068378318602632 0.1209333741243129
0.05216275525837343 0.017124829362318655 0.12115161252680536
0.047904595629892785 0.00909404747021112 0.12138164482648937
0.046662627668814786 0.006513836087224602 0.121113196530091
0.04617859474369812 0.003285826382443184 0.12039435858552308
0.06441372352780807 0.028285222463421224 0.1287358914667045
0.06109136403333897 0.024184590208979853 0.1288436213308456
0.05920012575706538 0.0183789193033994 0.1301242722228544
0.05809598697713674 0.019919671031013074 0.12670156870895077
0.07059433639049259 0.04391198838602084 0.135618866944074
0.0687279341131569 0.03846033229994089 0.13406924729846914
0.06666499961209342 0.03306668541129812 0.13280266406792507
0.06748865886961344 0.040857018034799734 0.1365662926152954
0.06620472110843503 0.035001126451409646 0.1350890169165446
0.06441057207563877 0.028260040394528476 0.13179167300381445
0.061671202057365405 0.023261676914867604 0.13227532189270796
0.05575994408076382 0.020802988633850748 0.12419186949106674
0.07372934232216082 0.04891689887801358 0.1423432383449212
0.07967123630491217 0.05142526996599439 0.14787664069195508
0.05829846647699172 0.01863557689426191 0.13363104992960836
0.061704453661351785 0.02313829308356909 0.13553854554130024
0.06459270249350463 0.028494147508492836 0.1347742563008292
0.08251211381852938 0.054248794689789374 0.15360681108818655
0.07303431991143573 0.048128754191636466 0.14543579877340646
0.07789125338249761 0.05146076344441039 0.15043692185277893
0.0840160871899765 0.05394571418979259 0.16785304334346948
0.08482122095847924 0.05510134371012371 0.16071922073755318
0.08223761348660283 0.0541441267395115 0.16216933324316174
0.08055586734781382 0.05398297906445312 0.15587805903070295
0.08107540475919389 0.052818792082324616 0.1670579119407579
0.08066843040425199 0.05135044142798781 0.17314584653558882
0.07837674249485202 0.05065714269769259 0.17066479597611045
0.0800295451895406 0.052450218849901996 0.16339406959836028
0.07876449306968564 0.05125062159532547 0.16685981340580514
0.07976816069385367 0.051049439913038175 0.18551810827149842
0.0815885826 0.0505494603 0.195182428
0.07563387312255591 0.049953842936801 0.18640308730983768
0.0775204927 0.0485267803 0.194857688
0.07153162350818448 0.047535439802737896 0.18704789867185634
0.073382097 0.04651537 0.194718017
0.0680022119061697 0.04339875380541147 0.18670684041980834
0.0699221669 0.0435758596 0.194483856
0.06476083980195597 0.03854872382926871 0.18661514845482688
0.067528456 0.0395600195 0.194272039
0.0655906723 0.0349975135 0.194450774
0.06186370543946735 0.03458263628107991 0.1868400986452856
0.0627445468 0.0309949019 0.19507788
0.05934607264278666 0.030022294602329753 0.1881453161806306
0.0602512046 0.025611262 0.19596005
0.05660209917353321 0.025480313318068746 0.18904349000856047
0.0578146641 0.0196778809 0.197073403
0.05457795124409772 0.017886136221659313 0.18937731612724934
0.0565376641 0.0120250111 0.19751805
0.053592089540049466 0.01197317281083239 0.189379379034251
0.0557471506 0.00378053379 0.19762447
0.05387335318551293 0.003977432672942248 0.18895849322654257
0.07861153534652239 0.05149183146565551 0.17902433594387984
0.07420963875937218 0.049847178651272916 0.18100164106109495
0.06666432678982136 0.043472404577918934 0.18254719274157533
0.07035336274743863 0.04744848282514317 0.18208067093067795
0.06397560544717752 0.03868408278105595 0.18189944266946292
0.060568300810785444 0.03194010851610506 0.1827876041307682
0.05706192693840543 0.025629268355046822 0.18458750901516344
0.05503058996786053 0.02031468557170311 0.18482067866642068
0.05379615936845991 0.01569706092169618 0.1841516030929779
0.053050380023881606 0.01074856775225165 0.18375042749193288
0.05321892132277936 0.004332497921110992 0.18319811070855666
0.05390325695546425 0.004211838193787339 0.1805503808620818
0.05410661669993388 0.009198560503893543 0.18027789592080468
0.05488919137710042 0.014323387218993346 0.18085223904759304
0.05612025023937498 0.019618068970834752 0.18247448152609463
0.05793802320684308 0.025500899612235263 0.18266449528131282
0.060804320304830906 0.031978424461533476 0.18101201091535998
0.06363145022500195 0.03922740591071919 0.18021694290829773
0.06555680088112621 0.04299565188391707 0.18053177653540997
0.0688619923982755 0.04752180310909531 0.18018280662665526
0.07231281943268361 0.049702217073616446 0.17885059116650642
0.0773022967733784 0.05168082867219734 0.17588655937297887
0.07592900880899374 0.05109782866216752 0.17318758891892966
0.06155752285575245 0.023721439316627797 0.1384218483961177
0.058749683342392514 0.020029594353120572 0.13967846593529992
0.05822596926353103 0.019264225856081868 0.13695757480942491
0.061572490856838205 0.02473737362426187 0.1412542834911922
0.06444914581799689 0.02877764206952202 0.13764923103687715
0.06432101538476197 0.029243520335487227 0.1404872180598927
0.05880327709787795 0.021861921705476118 0.14240883731193016
0.06418238099479996 0.029502744715849905 0.14219778901441665
0.06209017263655858 0.025695458185616 0.14372099955953013
0.06636912364182174 0.03482276039236832 0.1378463335360809
0.06562125245233039 0.034792263992731394 0.14059744395534063
0.06534483650604186 0.03459645156294558 0.14193780445415574
0.06962125667670975 0.045712257003685516 0.13890480502896402
0.06947144683008709 0.04460979573679498 0.14187474340114656
0.06708313365586722 0.03952453366513437 0.14156106537358704
0.06750336654617684 0.04019468885997447 0.13920430318789237
0.06883703030829302 0.04332243200898154 0.14410694248733158
0.07225339886345006 0.046936303578832855 0.14805186147391053
0.07650692023622616 0.05067762852636282 0.15356167099954426
0.07899989906470478 0.0529444568645909 0.15847998890747472
0.07668270491671417 0.050560834960994956 0.16905679893210046
0.07450840076171225 0.05053468673206209 0.17114769668387161
0.05453939814968388 0.003924854439159598 0.17791900230606886
0.05496283406380544 0.003530138540132845 0.17479995589181418
0.054276317911071625 0.0032184946404559345 0.1719301115010968
0.05311897500685899 0.003045844815180451 0.17001692774550506
0.046096462745080766 0.001468427417978715 0.1206278475372081
0.042783001605309005 0.005783164740287125 0.12499395611371382
0.04271857258167285 0.0033605631657986834 0.12453100385169083
0.041868778053437056 0.0014289750464771375 0.12443964366701961
0.03859249828205494 0.004822152431689569 0.1282550137998561
0.037792889659817065 0.002801471568735978 0.12771760076189886
0.03724695556852612 0.0010997636455543885 0.12750770843438403
0.031360007223668745 9.058466227120949E-4 0.13034210193835777
0.032083211133325934 0.0024968081271453412 0.13051570287776057
0.02784086792898089 6.952154069748981E-4 0.13260460856863265
0.02560658060046918 7.509164086209421E-4 0.1358738191094906
0.02643283620674173 0.0023611535518903927 0.13575958334030955
0.02577389047495039 0.0025412813120812673 0.13871245905135332
0.02499581345477835 9.137293126045244E-4 0.1390685637783957
0.02755370860536663 0.004392107242583493 0.13563005189434066
0.028787098399181858 0.006899208024437294 0.13575302405309558
0.027804698299573462 0.0065974963568668984 0.13791710780128139
0.02680937950976275 0.004555143187335752 0.1382991853790484
0.05112514170124253 0.015275648444024183 0.12435173488146962
0.04921592997773132 0.014151058438019778 0.12413744991572008
0.050050577080316974 0.012505649704113305 0.12150891822391488
0.05139659676571635 0.014816951352965974 0.12150258789894607
0.05465315676778192 0.018403898643115427 0.12453993938327415
0.052886024248204024 0.016599274068929463 0.12461038446936921
0.03291079740883349 0.004282531716000546 0.1309243267548724
0.02867170329821357 0.0023345473894371195 0.13268850274020869
0.02974611661371963 0.004212448389526261 0.13298000235343532
0.031040535747526753 0.00675408250849552 0.13381212866589515
0.026272703010557157 0.0010180377402292167 0.1427101014930265
0.0280481641530071 0.0010480685114721002 0.14549673909468055
0.03014860200501869 0.0011216612802724007 0.14797990151093018
0.03262043160078335 0.0010594714517886115 0.1505609111830607
0.03477197568552402 0.0013038251065305997 0.15292102053925835
0.03771706066753049 0.0018029722775787915 0.1557856980954479
0.0420024669512862 0.0028256663658884997 0.15960178982114062
0.04444106341012329 0.0027523190230090977 0.16161519771390329
0.04678746094400745 0.002743877196007575 0.1634983212383737
0.04893430890458634 0.002913768353161388 0.16590103084343596
0.051456061661011944 0.00309385328999931 0.16816574053321603
0.054993162762276594 0.007773925927430303 0.17795269213924855
0.05551012229041138 0.011571279121803318 0.17785118167359
0.05768823523649372 0.017356819193143906 0.17893223681001372
0.05836672187553693 0.020986810657119218 0.1794796592542371
0.06015153519179756 0.02119558890427988 0.1781862018529353
0.06099923249828224 0.0259899949541004 0.17835047217767117
0.059662587727907196 0.025747070205166683 0.17949074824435177
0.0637380140957756 0.026173556891305266 0.1762376649980512
0.06552021341947412 0.025284665415178854 0.17347284904718302
0.06410946427095243 0.029953592438859377 0.17289390837593724
0.06400376884543799 0.031126614384391522 0.17565216276607704
0.06479009098835628 0.035167395155162595 0.17477775526198608
0.06423909022229188 0.03418539584545437 0.17180617327758355
0.06566049098353645 0.03735205179193823 0.17018176891004072
0.0653501202536602 0.03834648773339861 0.17336942816466908
0.05586052353314072 0.006041591015836735 0.17450246278888362
0.056666849786431675 0.008982809735095113 0.17389867603287992
0.055934834202248554 0.008159718645490888 0.17111500475188213
0.05517102511045163 0.0052848241588493074 0.17148619437998922
0.054835296954751304 0.0074024136478196695 0.1686135844137358
0.05398799405956678 0.005111522126266342 0.16913654080386556
0.04479531916442713 0.007326283385851465 0.15730096713735167
0.04271984774710416 0.005018487302185678 0.1590258043372231
0.0386833640601201 0.0039005709047565664 0.15543336296138613
0.04056829127406634 0.007086799708596997 0.1540484282192861
0.0531324004428379 0.0066330560282283745 0.16664885564200965
0.05228917429265405 0.005223358752751183 0.16730246686260844
0.04987847042663402 0.005148193742451459 0.1654823897985536
0.045226169431756315 0.00501288795244189 0.16098601062825524
0.04773676204403281 0.004886775532788947 0.16298674991624218
0.04734094868807241 0.007324392761069796 0.15934501694005923
0.03556275658949514 0.0030312552342939944 0.1524883498970685
0.027507555383846135 0.004489881422827909 0.1414357012781499
0.026667389685325338 0.002279927649303298 0.14220997670505472
0.028859132809703546 0.007151038911713675 0.14085062955928704
0.0291699965176159 0.004671947554143939 0.1443333951977828
0.02822206754067772 0.002427932583512858 0.1450770191498898
0.030528240358703353 0.002561407175362406 0.1478153707406525
0.03305199202736327 0.0026473554571831213 0.15031872864442516
0.03151963162410261 0.0051501626731860995 0.1467142549937374
0.03424270379665112 0.005781966978197736 0.1491433623670378
0.03716868078089203 0.006565306004522679 0.15119493531602946
0.030683439723752735 0.0074273277677094195 0.14341520408982295
0.0343489658755166 0.006271023523148539 0.13193118530194992
0.03552351578138349 0.008702732583788923 0.13348925893123087
0.03319490223806534 0.0094279296267237 0.13546926191736172
0.03620743506240369 0.008044505433595599 0.1471442853214972
0.033407789932735105 0.007741208088463797 0.14539505204057837
0.030663886300954613 0.00992605990837793 0.13660836318871125
0.03689518885519262 0.010987219376081147 0.13458050929313697
0.03519504534578587 0.011883049571297905 0.13669744711202947
0.03318840684417857 0.012290879621828937 0.13751745197434043
0.038532032710292555 0.012591524894516613 0.13413929675759267
0.03766427983434306 0.01372604798026615 0.13624951897512705
0.04119053277950267 0.014004052986913283 0.13174938954039547
0.040658598557017325 0.015824288772852857 0.1328967122217264
0.03800291840692856 0.014226555251992965 0.13709656071840873
0.04445370400107992 0.01647329731497073 0.12737747072612032
0.04382739659100866 0.017274549827056323 0.12856764356990288
0.02984940448161027 0.010012478647057184 0.13792449679994362
0.031108342971365704 0.010715229533722481 0.14056895865287125
0.03290756780492462 0.012720818704806704 0.13843058077580567
0.039615404776121965 0.008362059615502243 0.14889009826155897
0.04311800515861817 0.00855645049021414 0.15179345317995668
0.047613250553093685 0.00885293446867362 0.1552425676098884
0.05051188695659996 0.008955730040624645 0.1581199747282604
0.04648247320859132 0.00992398654591829 0.14958622971710156
0.043063343717730455 0.009762351132392495 0.14663665077837942
0.04590740475364187 0.015958342046180067 0.12527086750901084
0.0480759054647234 0.012986682650343312 0.12380193710017806
0.0479068893893196 0.01716151746608499 0.12565011078181343
0.05088910656098732 0.017296134646457927 0.12636882592939064
0.0462142856517918 0.01770533322001343 0.12692733823935454
0.055750327736061915 0.0164309598232721 0.12721525969011332
0.05756496278952362 0.015323319480172548 0.1293869734465217
0.0471327556234981 0.01835277567277606 0.12778097702759256
0.05243915084433697 0.016800772430823525 0.12972063130159348
0.04519284645095612 0.017450945142104587 0.13019418236625388
0.041419585241730394 0.01624295062174102 0.1337883246076709
0.037988387900525326 0.015375918377837779 0.13784420352958124
0.03401483869581435 0.01313397519409134 0.1397734718399694
0.03324321217066655 0.010768583814450719 0.14271628709655176
0.03596097687277592 0.013155504728351405 0.14096079797820693
0.03614188075643744 0.011269884186121631 0.14389200452179168
0.039563787151161295 0.010159455605822513 0.14495438230090615
0.050544713032758336 0.010477255192306205 0.15354850951361995
0.03955636484531696 0.013068124541887532 0.1416251942652873
0.04365545312394147 0.011455183143004333 0.1416879139527915
0.046885479350239435 0.01198605985111571 0.14395124662288025
0.052221156678530105 0.011781404252884962 0.14893571416875045
0.05549902187520469 0.012068269026296671 0.1524722193680759
0.039157291510039945 0.01545873951324668 0.13811652663274857
0.04305846688100747 0.014325225158342997 0.13832254018340212
0.047563540003951604 0.013131691390020697 0.1389705442201351
0.05064798535895345 0.0137575751537653 0.14217040833220668
0.055214683628938804 0.014275529119490017 0.14107787879986253
0.051886470160128095 0.014348286059893387 0.13767734855304897
0.04647567243943451 0.01532241210022513 0.13562645695971257
0.04368352869379951 0.01571124590352488 0.1346313813694301
0.04779978744394634 0.01700627892488481 0.13217480099409082
0.05145674367256685 0.015681797184879144 0.1339999322130737
0.0565444674880702 0.014048513981325469 0.13637714392555933
0.055650852146865215 0.014997181514029647 0.13112261329277416
0.057497290806931924 0.01459142028302508 0.13249031318175278
0.05474153953987379 0.012184837979215154 0.14888752542075265
0.05721020755471889 0.014339622451927514 0.14507316300192946
0.05736564906123293 0.014888412324192716 0.1392832205118646
0.06671244424238279 0.039192625929416885 0.14277162778966287
0.06680573637142587 0.03860652778903353 0.1444166670377659
0.06555559482143655 0.03419423766808871 0.1438409931840009
0.06449586240541025 0.02962955899293007 0.14444394145052133
0.06860096624017256 0.04270571773576853 0.1453921371194218
0.06337925581960194 0.026308796596600476 0.14587986836630798
0.06905158774560886 0.04220253923438213 0.14709777862727225
0.07192417578253334 0.04602781219380925 0.14950229975904825
0.07276960221705614 0.04601075569233002 0.1519880361537271
0.057057062913654324 0.01746064741862026 0.14173248236905955
0.0576037456592595 0.01941225756691213 0.1443592064179773
0.06054809593021166 0.02355038606113994 0.145075963689749
0.05972873742149056 0.021156228373091175 0.1467639367315535
0.062490133514342065 0.02436633796277166 0.14705809768763017
0.061920441321749994 0.022250438636463605 0.14847078404779884
0.06618497212812018 0.03022566151524565 0.14873222669784028
0.06617992743003204 0.0266439337788328 0.14980598173533174
0.06714416044515953 0.03416271169018571 0.1480855824531313
0.0689683286792041 0.0382921945506379 0.1487986210698188
0.07294366497084452 0.0427512294368631 0.1523394943473547
0.0744982167464125 0.04514960224100818 0.15809827573769036
0.06627642999125855 0.024362474668459727 0.15038135598665264
0.06662383037116834 0.022292326501368233 0.15097847558327784
0.05870194859029572 0.015359406505935827 0.14768563260361825
0.05975535998981726 0.018629098475397742 0.14873407901688043
0.05905317002896667 0.01345876595296461 0.1506711641654068
0.0604027798848374 0.016649839697113568 0.1523122084868023
0.06154694817551582 0.020277836613326355 0.15037156418182884
0.06715921973683428 0.020198139547812254 0.15186497095610196
0.062079604305860146 0.01847661397284088 0.15288268509626157
0.06760705479157648 0.018273147366422833 0.15306199854220276
0.06777432644829291 0.01667828128389914 0.154542734522713
0.06434665593230789 0.01648090272524684 0.1551160662538407
0.06175938524384455 0.014854971638517003 0.15529295422806336
0.06787372202993708 0.014505938643013246 0.15729259958414468
0.06558512246563063 0.015489362097038759 0.15633270416410472
0.06357996286789003 0.014208099928707972 0.15844107013014622
0.06595872530318297 0.0133667902867068 0.16167151170276514
0.060218443484921794 0.013455440054833978 0.15470565937390116
0.06181828024168322 0.012501450127170967 0.1588725458042788
0.0634059809129897 0.012051245689800389 0.16249519676238383
0.06662852148600615 0.012981670177427332 0.16273465670967283
0.0639241783099915 0.011388096714964135 0.16441328630315669
0.06671134485053487 0.01309811044599267 0.16377953225431086
0.06395833354875922 0.011497962424210757 0.16537216414739933
0.0667123499776881 0.013428462776431466 0.16469049735413085
0.06400771991808789 0.01190585262760676 0.16624319709279317
0.06665907389729647 0.013916839276474309 0.16553328783634313
0.06401564503365124 0.012489766305471668 0.1671312529010643
0.06651554450772006 0.0145521260244883 0.16635564583848295
0.06393332763279154 0.01320558266938869 0.1681827751114466
0.06651395301917211 0.015870130876297996 0.16811700051204678
0.06380948793935827 0.01485926512414884 0.17066242242891783
0.06682015323138606 0.018149661476800007 0.1703905510476496
0.06422173692019495 0.017917203223062637 0.1736263921345835
0.06666950164621628 0.02134412221697084 0.17260249212370266
0.06404754750331411 0.021653838133955838 0.1759410443853568
0.06062952869777746 0.011939906764904551 0.17049115553687214
0.05990985321340562 0.010268697958796855 0.16896359736351366
0.05982129040886535 0.00928402149706991 0.16757167881696627
0.05989769333540034 0.009005656016612964 0.16616865973149889
0.06169953791579856 0.014378868307255556 0.17296164303382658
0.05677646630815167 0.008305688341090276 0.16838413399290036
0.056343296843509166 0.007953767328659149 0.16650961723033925
0.05726773991884775 0.009275416987763055 0.17022045020424628
0.05830860401896301 0.010977216113356884 0.17223134521293273
0.05931028167261226 0.013901585453063043 0.17473824514120573
0.05702504902402407 0.012227975971542748 0.17625649512738906
0.059995738406871404 0.009241958083118444 0.16458510807466384
0.05580031707099264 0.008016224680990593 0.16448123909622167
0.051590264665999634 0.006831759409209582 0.163993852998762
0.05331017548201884 0.008468350821623684 0.16141156135957127
0.049840092228812936 0.006744880695746433 0.16191846522323117
0.058352672027183854 0.010228971797391191 0.16195918604018944
0.05583141977494039 0.010763662669578063 0.15809004333896465
0.06221898055422799 0.01765244885576753 0.17547450349059973
0.059842342324069396 0.017257902238526995 0.17686317577159505
0.062334282940976704 0.021641726262462496 0.17715031482679452
0.06258790193473292 0.02631737247419556 0.17732516823214967
0.0574045101402476 0.021168683567247663 0.18123820470611132
0.05900681361488882 0.02564897903555584 0.18102478057215665
0.06134960215083578 0.03191308364670191 0.17979851964598947
0.061715526550712024 0.0315436825083952 0.1788804737151707
0.06257802979040711 0.03129169362555672 0.17792357447722018
0.0633880614578995 0.031417574163106 0.17682659130992162
0.06397415485217464 0.03572145031402394 0.17599340524070228
0.06314525873150992 0.03599223724186249 0.17726398564102608
0.06289416688289375 0.036370186492170206 0.17826532880539508
0.06497651980778654 0.03918186920182035 0.17478580372978703
0.06455978176923635 0.03976182826727615 0.17644542634950752
0.06290926471659304 0.037305633330751105 0.1791181600885343
0.06450730142633963 0.040358987459086476 0.17722234454387953
0.06453963941145195 0.04152213568616584 0.17800276712673205
0.06779103711662106 0.04093240424385138 0.16908638411536753
0.06683545508459111 0.042105482336334946 0.1717774243579155
0.06727221171757125 0.04626786868957486 0.1779942162575008
0.0666077213922182 0.044939375094297546 0.17658118519124022
0.06658975045105858 0.04332429125020571 0.1752994612456965
0.06652081397684284 0.04287944153573917 0.1736515920539287
0.07015705836436062 0.044892579758939954 0.16831368827007126
0.06939224700491203 0.046004012402714345 0.1703532507625979
0.06897500019120335 0.04654296058724435 0.17190178799341294
0.06877321096239988 0.04699710390100481 0.1733542349869476
0.06920156408480226 0.047983738881563626 0.17513725352951948
0.07057506726462331 0.049195152502010966 0.17701175103445826
0.07294739946182888 0.049147059323719856 0.1692699898055977
0.07214854106153348 0.04667785367907511 0.16667014086208234
0.07223243479469438 0.047775726796288644 0.16832015009396062
0.07466310579980931 0.049798471422965625 0.16812426103349598
0.07362923645682867 0.04836960987497783 0.16734360702321777
0.0731143456686377 0.046898018833156155 0.1656235027576189
0.07405294381361058 0.046887400936878876 0.16448775609440242
0.07506036187622743 0.04874229412166316 0.16630787189034757
0.0763499077495178 0.05014212629406277 0.1668548437909411
0.07818629736159548 0.050664484237053255 0.16424881224759527
0.0764471393771787 0.04907977766045056 0.16446411107245207
0.07490624721402467 0.0471096488111606 0.163329055657842
0.07766348779228831 0.05072919613620721 0.16084839345555382
0.07645618893755814 0.04897789903960792 0.1621280259201041
0.07570137375557381 0.04940031445226983 0.1563008940066132
0.07481428622494243 0.0484006978821561 0.1583113119877335
0.07509504719780825 0.04632356217959929 0.16189002345197556
