0.0524289012729295 -1.5681287999243332E-6 0.0882095065441914
0.053750119578319364 -0.004278085076813913 0.0873013043249053
0.05583835763842598 -0.01004355094763962 0.08985910028169614
0.056782168208547874 -0.011867287913461332 0.0907180480748146
0.05840589979913752 -0.013887125067028909 0.09185412243737907
0.060959837424397235 -0.015179603246974985 0.09288635021663728
0.05470576552604953 -0.019582232755466954 0.10125718683482783
0.05347775024072413 -0.017920453833680326 0.10160589304747517
0.05210300229196235 -0.01634429953118943 0.1019461615485162
0.04932193641485083 -0.014089013831807879 0.10216995840827298
0.04796570537362049 -0.012344112288355396 0.1017744639689307
0.0468018323544147 -0.010252342906823891 0.10143861068210715
0.0458415686168452 -0.007972612062911683 0.10135329707360305
0.048326128938909904 -2.700169371657029E-6 0.0871193314636543
0.04806406035565591 -0.0041558835777606015 0.08665335365824668
0.05057203983766432 -0.011041634677602328 0.08752836052525802
0.05187426548702623 -0.012954859209031742 0.088820979130277
0.05378568493637191 -0.015206115477475923 0.09069728411559885
0.055145694375765775 -0.017970056199314632 0.09242451123960639
0.053821799230840205 -0.02354913822366228 0.09807917788003567
0.05277959291804005 -0.021947100850047543 0.09874319738324608
0.05109876508268414 -0.01935012436435103 0.09893856062923875
0.049029830423894936 -0.01773201601460375 0.09918876255235781
0.046033590777598964 -0.014153213832001027 0.09983414327570003
0.04472040705389288 -0.012355115494574706 0.09994062838699622
0.04306885411664577 -0.010013205947015328 0.10077305665344441
0.04216948847006682 -0.00799125641498783 0.10145323713714843
0.04095136759480321 -0.002916486174023955 0.09992168637373147
0.040627244598610814 -0.0012822958609619195 0.09952630538179519
0.07054558574244356 -0.04798356064366831 0.11203004772508918
0.06526111466896513 -0.04150844596944233 0.10588797683982902
0.05893615189059991 -0.035932099760386804 0.11588642990657438
0.057743516324292816 -0.02741123285022072 0.10202664951178413
0.03897440687475751 -0.008109075569414662 0.1012937028278254
0.04004044456486394 -0.010150242862675568 0.10147701154879844
0.04305836604066841 -0.014133396447345488 0.09970044902568005
0.05970828908366068 -0.0294629101720511 0.09371784311495732
0.0741005511 -0.0184239307 0.0644662637
0.0833605688 -0.0498330076 0.134529553
0.0881633365 -0.0515319506 0.145840133
0.0594782808 -0.0242664428 0.186620047
0.0645405845 -0.0334433485 0.188956875
0.1067699 -0.0128589002 0.0552951285
0.0745415519 -0.0186604745 0.0727823945
0.069548064 -0.0141958782 0.0664034152
0.104002745 -0.0178321839 0.0611064798
0.05512345031299617 -0.01353149901164519 0.11406970173737799
0.05160433803282986 -0.00587094605077645 0.11225346399712391
0.0639535387 -0.0122507381 0.15620666
0.0580191594 -1.2368587E-8 0.177383591
0.0586074088 -0.0053882582 0.176987801
0.0590875412 -0.0125653747 0.17865928
0.0602299124 -0.0170461831 0.181788289
0.0576221678 -0.00388490091 0.180056104
0.0580581357 -0.0119428264 0.180051381
0.0710016782 -0.0470840362 0.178159332
0.082370543 -0.0497892629 0.165739849
0.0790806768 -0.0495420113 0.157027011
0.0749741725 -0.0396006095 0.13682053
0.07753188378455778 -0.05754501243148611 0.13546180885966047
0.08102009637284038 -0.05768770404615849 0.1422343279068364
0.05455407361237015 -0.02692832480729794 0.18261342435938835
0.05915795904412296 -0.03601101339972359 0.1849766513186965
0.0781148084 -0.0480980113 0.165274507
0.0706800095 -0.046877862 0.176708003
0.0595459505 -0.00752354932 0.173554042
0.10638163136791716 -0.0476274128696298 0.06259318768595937
0.07583163586735853 -0.03669446597041747 0.07405468923055378
0.09744798211848883 -0.01570968874581761 0.04048142156241529
0.06557893495759404 -0.03379434373265063 0.08185191642299629
0.06411909816591865 -0.024518388161366936 0.06794001876279922
0.06105996940499285 -0.021084921535255013 0.06384664279191592
0.05962503864836626 -0.01630404232634331 0.06107247935957505
0.09614130060897998 -0.02099953728679101 0.04506232994734817
0.06856288770534347 -0.05071065808189184 0.12895773050306725
0.04581774785658618 -0.01830228460807536 0.11651911012520029
0.04505091756466811 -0.01743785117836936 0.11281753792257986
0.056435003429593775 -0.030661741550202702 0.10286871435845961
0.040529428120233094 -0.005850800491668325 0.11357386620016549
0.03573675037997202 -0.014983037083677878 0.13589066796303076
0.028296619175213155 -0.00865391765348782 0.14238623867170247
0.039635867017068435 -0.01760169184647948 0.13243654408996647
0.04286617570715589 -0.018511668305521034 0.12902048226297155
0.044947067486239056 -0.01921149072647325 0.12697772284439823
0.04819357503566159 -0.01819215042215219 0.12310446017072155
0.03708170468845431 -0.014797159176056349 0.14129118047870154
0.037240263043641766 -0.01213076806135118 0.14466481110290652
0.04411605869530244 -0.01730952669967714 0.1350626747621832
0.05504203151895726 -0.013835028330557749 0.15115322985862573
0.051147072041341037 -4.873527736411944E-9 0.17283269309297922
0.05253277075646396 -0.0068998957890131826 0.17242619973825657
0.054501920802529476 -0.012243951660014466 0.17416813292078306
0.05505570019271473 -0.017711667939329115 0.17642565568031374
0.05074543613517527 -0.004202100809507422 0.17601165732099477
0.052598457012326905 -0.011434999312449857 0.17595032182573675
0.06869173781344831 -0.049379766915842054 0.17093083201706913
0.06294811010553111 -0.042850165086303564 0.1747276260824453
0.06658616842620516 -0.04828249284012551 0.17454311431957603
0.0780768658952099 -0.05423706135089575 0.16119771775541122
0.07329192491011938 -0.051960967974718116 0.14906506126777952
0.06772055847500649 -0.04946215828244248 0.13456610813539932
0.07429938533762481 -0.0495034680783183 0.16277493179220773
0.06832682910644806 -0.04775484165486785 0.1691617466848771
0.052209935101560606 -0.008804283873353786 0.16927521985625554
0.059149499337897336 -0.0241132605905966 0.09495354614225221
0.06621939156680588 -0.022163969807220376 0.05714091318659157
0.0547058658931855 -0.002611390182710721 0.08601547677270649
0.05588052173614353 -0.006212490862634699 0.08615907807470878
0.05748088936563604 -0.010646598251179216 0.08856591102467694
0.060051845867255566 -0.01427825943406535 0.09063394879185348
0.05178222643746564 -0.017303733059606728 0.10250919877432553
0.04854681458538455 -0.013265134598878212 0.10302665867549542
0.046815723308073404 -0.010860995675611405 0.10265093448160634
0.04517755141654507 -0.004906249869963485 0.1024045253873749
0.05005615310351745 -0.002121995859136921 0.08440343591694058
0.05047305664623359 -0.0060816501944768245 0.08423735067337244
0.05250207710356996 -0.011645295997095398 0.08578357113199299
0.0548080594131678 -0.0163977038474845 0.0887962614757815
0.04894995188832543 -0.01892223749177374 0.10001162141405993
0.04475297249954557 -0.013547117201330616 0.1011568321109044
0.04292656934606841 -0.010825259205621851 0.10212761568359228
0.04109456787088289 -0.005946542491689991 0.10266946980666748
0.0409422092075475 -0.003321193011253504 0.10125939926933045
0.04036105247017387 -5.971806229805628E-6 0.10082970372672588
0.06953349806996494 -0.04470220525793887 0.1046014584335947
0.06052260684849217 -0.03600095894217143 0.10931896514943777
0.04017151927840881 -0.010974425605503131 0.10282623169476218
0.041395562028814566 -0.01333653812887936 0.10185684789943841
0.04605970037886503 -0.017351106563093393 0.09987868914783443
0.0717862952 -0.0161762987 0.0650768494
0.0595202965 -0.0245136202 0.19028767
0.07676940657521109 -0.022891510616665705 0.0838069825192856
0.0696906062 -0.0142639172 0.0706563829
0.066759079 -0.0108081132 0.0650343949
0.05404514976246569 -0.011502675415987542 0.11391681943674264
0.0646187805 -0.0112697441 0.160742806
0.0569508905 -0.00966170294 0.182186846
0.0575001169 -0.0145189197 0.182842843
0.0658821733 -0.0374124275 0.183536897
0.076419861 -0.0469668342 0.139553184
0.05410853357463186 -0.026215543195450816 0.1877426345369339
0.060334758 -0.0315837557 0.194444804
0.078212998 -0.0477528048 0.165022286
0.070606341 -0.0466063688 0.175701344
0.0601971757 -0.0104950811 0.175691855
0.08112448881738663 -0.0390585689683095 0.07282446429954238
0.10130793467474569 -0.04661349266572749 0.06452714089027524
0.06346401555539054 -0.024763264656962772 0.07379520776538952
0.06009424076406539 -0.020195990586550652 0.06706423041424535
0.05771793704403258 -0.016754256394750273 0.06359682430924085
0.056402473110194015 -0.013543375573189735 0.06058472377029463
0.09647532385020538 -0.027169703516087617 0.05058463885703461
0.06035503071174391 -0.039489525741446575 0.1259437103183612
0.0723072673778879 -0.0538439088151306 0.13830457202162494
0.042693445997194095 -0.01287866240288687 0.11332885166438901
0.050086902134447435 -0.02241978956361273 0.11899094683481676
0.05743874058719813 -0.03285795334176949 0.11184843377471837
0.043565010744068634 -0.014269041290670987 0.12120296214310418
0.025527246794725584 -0.0076058546650593665 0.13640766253381806
0.02653838733466091 -0.008171860966769591 0.13944276182784862
0.03366578580730664 -0.012797975397283615 0.14329721794330103
0.05156632792223377 -0.01718748934516041 0.13931927418976334
0.05517777086104182 -0.013155807000984676 0.15400434720606246
0.05123653206007017 -0.009044047907583662 0.1783766909158758
0.051997792612073906 -0.014256141296926338 0.17905534823014718
0.061555560170078856 -0.04105236108490432 0.1771290877800867
0.06813691427864468 -0.04996055229113989 0.17736569788083364
0.08013208318717062 -0.056178115439559834 0.16030199800762865
0.060822189008975465 -0.033772650205953644 0.09658717339220395
0.07205060256193584 -0.04674996302788957 0.16088293209117943
0.06843002698480315 -0.046340523935400106 0.16790815371171608
0.05653858058580569 -0.011502461892677365 0.16957221800503688
0.060196897370453015 -0.024513631705530493 0.09402024708870627
0.06290853808637796 -0.018486913948877387 0.05984808309999301
0.05342104068250261 -0.002564702768680198 0.08834014752031624
0.05439462527547211 -0.005966882175248466 0.08792085199652842
0.04521568362266599 -0.004665771620438851 0.10087825717123526
0.04838478412836839 -0.002134368365768774 0.08708896978332019
0.048378192349155386 -0.006064006837906733 0.08635273943664888
0.04122135053474896 -0.005365676945136232 0.10122275766763288
0.04054523611992138 -5.16116897987553E-6 0.09968350828971324
0.06425061898901231 -0.04492051619691926 0.12701728009735055
0.07376624714338348 -0.0547181195642568 0.12677962383801653
0.05326924462770107 -0.029340734762253313 0.10483485552538618
0.03807417587070754 -0.006605682322389112 0.10281044282781276
0.06264388324615662 -0.02630895195540107 0.09116485150131615
0.06984185188297118 -0.020111224746252963 0.09823617670946715
0.0703931539 -0.0146187569 0.0628757668
0.0575369432 -0.0194337104 0.186387783
0.0670891925 -0.0109951905 0.0622113341
0.0928560686 -0.0167800894 0.0620468007
0.0624985659 -0.0157272406 0.134938803
0.0579071098 -0.00303360293 0.177179116
0.0590427217 -0.00889711603 0.176313487
0.0569080259 -0.00444335525 0.182517194
0.0681738502 -0.0430073683 0.180537085
0.0653246639 -0.0358345825 0.182618237
0.081330212 -0.0475154248 0.169132993
0.081340983 -0.0512202873 0.160548291
0.052305847390123394 -0.02126953738803752 0.18326209963595275
0.0837584206 -0.0434684985 0.130468167
0.0789383134 -0.0480271355 0.163366623
0.075149243 -0.0482306925 0.172729275
0.11106663584840673 -0.0474951944538297 0.060743432743060474
0.09045638423277991 -0.05521714260729686 0.0949733371031515
0.09230888542628475 -0.015001978406762243 0.04083447904829722
0.05934797315925759 -0.012528313715380882 0.057093381920400046
0.0858169262939604 -0.019794948922337637 0.04590305271504329
0.05342059389924674 -0.02833071429914107 0.11979717641148707
0.039734037641084456 -0.003931090617455751 0.11774956079427479
0.026216393606047186 -0.007383188017842084 0.1340708196871932
0.03094865121706796 -0.009215633360189929 0.14477023727579919
0.053481857080394955 -0.022619874341862096 0.13263044933979548
0.044298360248150336 -0.013950469988070974 0.1431444076414927
0.05142842810265485 -0.01280202981372791 0.14962101642039174
0.0513526757160265 -0.00423756826166045 0.17271836076202912
0.053827423586727895 -0.00928441065290618 0.17187213732719958
0.05049923977078136 -0.004159848334459522 0.17862768158499015
0.06562507284504242 -0.0462378480361776 0.1727444669398674
0.06047212827434681 -0.03894210639999101 0.17596947379949182
0.07655528026712152 -0.0533609910624457 0.165225679968387
0.07661198189212162 -0.054104276754789474 0.15519995342491075
0.07381285556230384 -0.04957729723639961 0.16005074356863597
0.07165589420721086 -0.049616108540045854 0.16711159310422527
0.06253242698826225 -0.015551742216041534 0.05730284087141029
0.041612006518615345 -1.2655376257852216E-6 0.08676318401344103
0.04244175810574069 -0.004316591025713498 0.08606347739270247
0.04668734502328425 -0.012273234810829833 0.08626511108802554
0.04821502949550275 -0.01465699116846499 0.08808008860955666
0.05065148652556452 -0.017156648840998105 0.09025244734019247
0.05281735342279576 -0.01925994774066892 0.09226296388244559
0.052635371589603415 -0.02322724444623802 0.09732693059183567
0.05183973062357755 -0.020873673870303474 0.0970660648055891
0.048810133765233965 -0.019673336625483394 0.09754095351496887
0.04563375936366979 -0.01604825600300429 0.09861568598266085
0.041346700932755436 -0.012262610406769223 0.10065587023830302
0.037359659471097324 -0.002921903443272263 0.10004229377738845
0.036945005066843443 -0.0013795395040162666 0.0996390306741035
0.06449020535739489 -0.04261353107447864 0.10576714070755629
0.05849391738354554 -0.03608824916960915 0.11574307692408164
0.05473439772037755 -0.029412082216389038 0.09825894655968069
0.058082511408080795 -0.030708113448601703 0.09158220377518397
0.07604002237924573 -0.059449482883463176 0.13437215535641195
0.07960859536085406 -0.06081374830920885 0.14168613718123427
0.053381495466109936 -0.027754744530821458 0.18275774036984688
0.058043709774133846 -0.03720406214265871 0.18534399010662744
0.1059893887005514 -0.04985571261988659 0.06153680946514145
0.07401102735237544 -0.03774609790880264 0.07226702447397956
0.0952345709000681 -0.016383871818553053 0.037151882707578326
0.06469239274815265 -0.03408592252636953 0.08096248565108882
0.06300885771795954 -0.025353615788835854 0.06754742414723804
0.06132392807959501 -0.02239427700852494 0.0632456803197611
0.0577087768674767 -0.0176492347503626 0.05996566391383319
0.09429643077861238 -0.023802985177620233 0.040145513532986905
0.06805196709728147 -0.05172348729034836 0.1286948639852401
0.045178506987760624 -0.01834494892939941 0.11589542170011483
0.04396893921188457 -0.01751934900098125 0.11204445966884193
0.05525377997465031 -0.03092607413276737 0.1019597474401413
0.03812220863956087 -0.00636205552110933 0.11459012216554683
0.03358096149605293 -0.016365885219760172 0.13514056485845968
0.026257215703118633 -0.009548612334357968 0.14263362628675585
0.03829961602221016 -0.01865864907861641 0.13231544111589094
0.04218422512894841 -0.019854303198248126 0.12877378757381225
0.04467048637053596 -0.020071827761471674 0.1263792340994075
0.04774444593663218 -0.018768716122866437 0.1224470943658273
0.035751728838510494 -0.016077999645756902 0.14138406196405254
0.03633113045213229 -0.012878446841713905 0.14491353286436898
0.04355996590690586 -0.018716004821340518 0.13577256775884075
0.052714147437863124 -0.015104898199250883 0.1499586753361644
0.04919537735598353 -5.025683482592088E-10 0.17292407468957363
0.05091702833572761 -0.007238049640105019 0.1726842131177404
0.05347590920298434 -0.012669991027575277 0.17451006043072018
0.05405035756603541 -0.018236151942826656 0.17668049286858278
0.049338803328135 -0.00449615699700976 0.1761631660982971
0.051464282220047786 -0.011870516811836587 0.1762053126017886
0.06785919972271871 -0.05071776439065523 0.17080868183989947
0.06162454617960981 -0.045416927634098755 0.17459920763615436
0.06532988453834114 -0.04855805945940557 0.17462843789925375
0.07725250428042696 -0.055035355817144534 0.16108440262669899
0.07240603777422157 -0.05259199444968187 0.14910421502805488
0.06707990433224732 -0.05062783211254029 0.13370338654520422
0.0734390904667481 -0.050477387589193984 0.16267207356493513
0.06757598678887841 -0.04898583178397736 0.16905392309199152
0.05083016005586492 -0.009204440731288692 0.1693932388242038
0.05658860504312686 -0.025697869265224185 0.09500267628732473
0.06481241889838645 -0.023043534693652296 0.05605940881712002
0.04515853234707203 -0.002213884650478686 0.0834512601786594
0.045944158867324725 -0.006636638528177562 0.08264473453520317
0.04856550830947148 -0.01287191861695477 0.08402988560737838
0.05179049229169862 -0.01808241909539898 0.08835340293886904
0.03723691750202356 -0.003277089617808439 0.10142706515354827
0.03663516797957025 -3.901383812315353E-6 0.1012168025180091
0.06899752716815975 -0.0456565922185849 0.10421091400599153
0.05955588690661388 -0.03637142545596483 0.10937052141739119
0.05291067473398745 -0.02703599109696685 0.18800174013835247
0.0592383492 -0.0325187781 0.195027259
0.07865472180650758 -0.04043596773022042 0.07076718409211223
0.10032471016510464 -0.04927579466138064 0.06271283819684487
0.06145428643985724 -0.025403471044989242 0.07300908199514512
0.059574590647227116 -0.021127582551220336 0.0669125703888749
0.0564934573948546 -0.017751427082503466 0.06293838668997313
0.05396585206345923 -0.014278127268331794 0.05920134821408583
0.09436937243273211 -0.02963817115284011 0.04594811816462851
0.05971099896935656 -0.039945784578396475 0.1252530919731932
0.07188545049239146 -0.05528063502597055 0.13782137593802268
0.041653384890129506 -0.013604492395772732 0.11298099233577472
0.048923691089502924 -0.02260175254360122 0.11810695528297728
0.05633036555166943 -0.03329708335299363 0.11139331496293914
0.043284832539810136 -0.014769464993726483 0.12038468254812613
0.02267440768292928 -0.008497868237175408 0.13654396396992385
0.023909706384341024 -0.008985658466844302 0.13960964105570858
0.03245637599765926 -0.013386293989271391 0.1436098898924542
0.05012729178385166 -0.018623043426055638 0.1393686251464904
0.05337872114297323 -0.013426476396909356 0.15342074042441914
0.049908240832636494 -0.009439516743234852 0.17854845520391463
0.0508024196014786 -0.01475626781985842 0.17925916457446714
0.06026487712749987 -0.04122158690786393 0.17716002306910547
0.06666958104183683 -0.04996103486153857 0.17695782104173768
0.07907557363922207 -0.05710984666859904 0.15998033844782783
0.060094150133574824 -0.034290694460743634 0.0958625270010441
0.0717254034370742 -0.04780611453546318 0.1610881459341389
0.06754971298427609 -0.04761576033766798 0.1677773808931631
0.055465407898975014 -0.011904572426234425 0.16984214321241237
0.05841293677239528 -0.025579328479068398 0.09386276325511791
0.061393670699468786 -0.020354924831159985 0.058138991370299445
0.04187904161539297 -0.002239858417122682 0.08643955305795444
0.04349880103528864 -0.0063672734424577385 0.08513672118414325
0.03808045348802083 -0.005575951827981595 0.10065766256663004
0.036870524307645765 -1.6653337252887514E-6 0.099519467502871
0.06392563711965656 -0.045849019850327875 0.12631387907569325
0.07338701470636895 -0.05613377127287009 0.12671014392550473
0.05235697094986684 -0.029608605785552803 0.10450317783483293
0.06060102399437435 -0.02774872338142088 0.08977057377157986
0.05107356318498585 -0.02192582686585903 0.1834664120973217
0.11077398181100899 -0.04974815870505975 0.05947382382404177
0.08975649172143053 -0.057120736878446765 0.09421333919823319
0.0911538338538347 -0.01657203138624847 0.03705296234461609
0.056745117759602455 -0.013712098537683641 0.054723360959708416
0.08388718215060793 -0.022744115438325562 0.040708934851380926
0.05281772855897311 -0.028419219960907 0.11886078734046322
0.03720384793435534 -0.0037581305967246126 0.1180611072609769
0.022995617311827234 -0.008429451971007775 0.13338915291477088
0.029459600602001663 -0.01013242580454242 0.1452428757140227
0.05330197235348518 -0.022938833194745246 0.13280125918889826
0.04356802324738562 -0.014844704514625691 0.14319493371482137
0.048947137754196 -0.014556321236079275 0.1486609527004778
0.04962841946066056 -0.004542204852367241 0.17286847026367122
0.05261092500547881 -0.00972861399416764 0.17216712112759075
0.04898833551407521 -0.004441854335542109 0.17888211672076404
0.06455973929616363 -0.04708517584697422 0.17289662001369752
0.05932594778751529 -0.03998701239272226 0.17580941970213385
0.07579900179774013 -0.054371771790913556 0.1649452806851387
0.07586455424491724 -0.05453932048217942 0.15512576298550548
0.07303896514929556 -0.05034620683430128 0.15984661055891441
0.07082980377968705 -0.050821305893452566 0.16714621141901503
0.06039351139094756 -0.017605561181954082 0.05499775766316616
0.045164281254624995 -0.004537931911540637 0.09982565576306203
0.04593988285762235 -0.007472769371040212 0.09975678355143798
0.0468361868744357 -0.009338986859182047 0.1002670840403045
0.04777737844158815 -0.011546941973467595 0.10086910935463779
0.04906298613755052 -0.013202780134056803 0.10151474633655252
0.052366261823736236 -0.015558578997848295 0.10157547338950906
0.053918396771762946 -0.01712908945332858 0.10131329032815709
0.055210800749986695 -0.019020310962423022 0.10086179471044115
0.058873252708236117 -0.015275347581922751 0.0943472149612552
0.05760690536653742 -0.013558826768833921 0.09356682077751012
0.05644128470386059 -0.011218550611217116 0.09260249241463783
0.055086931199374904 -0.009620316768411772 0.09154540948155565
0.05404573717833943 -0.008393051407610016 0.09086035059953841
0.05335881967432856 -0.0073460077373453435 0.0902102652037376
0.052816365538784764 -0.005751423694102419 0.08987574964192314
0.05255298520206485 -0.003996407732003078 0.08969124317050779
0.05188824510495247 -0.0024237100459183055 0.0902174041640035
0.05113424671031113 -8.255261535423999E-7 0.09050591584260756
0.04523753971026535 -0.004263964083379396 0.09835077460936371
0.0460827125469015 -0.006867148254976476 0.09827013073751435
0.047046440477965606 -0.008483758750118984 0.09897583440244297
0.04805855731831996 -0.010437417468904212 0.09978092655251472
0.04900462145794448 -0.012266520359811628 0.10062062287327254
0.05264581734076678 -0.014439960967362697 0.101130756021436
0.054402870906675796 -0.016216244073607416 0.10095284918419059
0.05549088244556835 -0.018322078361843533 0.10033123068061134
0.05626562664607783 -0.020441828513358268 0.09957247607357551
0.0566942641058957 -0.016560430126457817 0.09737863163125197
0.05627241755583862 -0.014483291673600277 0.09724973775166146
0.0547343638993362 -0.012170848620962136 0.09639983932815628
0.052598485594022595 -0.0100305038248304 0.09505476664700363
0.05186085707212578 -0.00855508342433549 0.09454035798788181
0.051362653937052326 -0.007173719794451296 0.09399879305535355
0.05121583849479626 -0.005525218615619635 0.09341830693544746
0.051560398617638975 -0.0037770734626470463 0.09292941075943634
0.05102996237006637 -0.0024335179048158625 0.09316404925138444
0.04924401050623688 -1.1086418289522092E-6 0.09318098277159541
0.044509037945331065 -0.003668148049744937 0.09702146413590637
0.045845213077454386 -0.005729054398869937 0.09712047766216955
0.04726392374934771 -0.0074028062892091745 0.09785823578838376
0.048358408533887245 -0.009290587226030442 0.09847759504141661
0.04908539307318783 -0.011211817946549366 0.09924690595811526
0.05176879230255858 -0.013219342912527254 0.10043650824151552
0.05442538769208329 -0.015673121949525283 0.1001341868015937
0.055284127379209805 -0.01761909237010091 0.09937417643203797
0.05595822639959493 -0.020145709432388633 0.09853888518074559
0.05516994631533337 -0.017154215748969064 0.09894695029330451
0.05406030143166264 -0.015291355261405544 0.09908560030320945
0.051260475527338034 -0.013444481448818548 0.09900585223806024
0.04900749814393794 -0.011645841214836517 0.09773316648172473
0.04874256198186944 -0.009737596015647068 0.09755569487289427
0.04870078598713042 -0.007978658155099856 0.09720118381974353
0.04815113120182444 -0.005809546685349491 0.09622637860240549
0.04821045909393609 -0.003940243908172131 0.09575696308509107
0.04874305950666582 -0.002050186531447218 0.09551645823955049
0.04851816681374506 -1.5383925364651454E-6 0.09528093950982892
0.054918126963525174 -0.007483634317447077 0.08872271452626936
0.0550764201884068 -0.008638551111813834 0.08913382508951026
0.0408166847710372 -4.3817579695532705E-6 0.09860203013696957
0.04108243031732199 -0.0012811713515411688 0.09866683816258007
0.04127350498725502 -0.002635981179052516 0.09875654538435762
0.04154448270408609 -0.004753241908489669 0.09964345489199646
0.04228810981444911 -0.007369542090364303 0.0999440955775629
0.0432885389905403 -0.009308095599795571 0.0995607551183412
0.04498103327881952 -0.011389164536876875 0.09889056147415001
0.04611422002657346 -0.01313491419889047 0.09890258112747624
0.04885975740952162 -0.0164358646700481 0.0986778320766735
0.05165119136159227 -0.01900747611630853 0.09826184535914163
0.0533793824638028 -0.02182452562416016 0.09808149749417648
0.055706123620775365 -0.020108728418845066 0.094847833129521
0.05453421180325398 -0.018010611290748796 0.09374024081574346
0.053108977161091926 -0.014739293933632453 0.09246011488966492
0.051209899797414984 -0.012581671153700342 0.09092574430441973
0.04955754725226275 -0.010786054900135232 0.0896036431960474
0.04831917977662386 -0.009187470284884498 0.08878584280587763
0.04742185241224788 -0.007643377334957744 0.08842710007582033
0.04674334721350313 -0.005908578068002919 0.08864720152414161
0.04651276274769647 -0.0040117638836999715 0.08921669681533571
0.047060452578130914 -0.0020811144671679747 0.08986092902244355
0.04702398741389377 -2.3822146444924586E-6 0.09002691690608343
0.041222341096607405 -3.848901206259116E-6 0.09779861719768718
0.04151267691118163 -0.0012856431532976428 0.09789759868658708
0.04191825924907825 -0.002626731157682642 0.09818159109608139
0.042223913675002896 -0.004273494209607032 0.09814815287049487
0.0428130434422041 -0.006583972550437597 0.09829881910464393
0.04389535550328839 -0.00820315230772618 0.09790600076122721
0.045272649494495706 -0.010349132365350365 0.09776408420610493
0.04651668915498782 -0.012196396839757807 0.09802550481882573
0.04829173707673044 -0.014765670507384136 0.09828653140391234
0.0518213675743746 -0.017558138508073206 0.09797724648927114
0.053699641963642186 -0.02072294559202872 0.09781363967207314
0.05545594005679117 -0.019981555870034817 0.09643456169450025
0.054453187700677225 -0.01885586642712308 0.09598027792845462
0.05280282422099261 -0.015016566552199045 0.0959245185544961
0.05048912590231278 -0.012745635131316291 0.09459180074182198
0.0489330565561042 -0.010829786135011761 0.09319309772016403
0.04751938778737325 -0.009181748463853202 0.09238777145597789
0.04669316543344096 -0.007558534838739578 0.09210565556820688
0.04620208998638913 -0.005780682024428701 0.09213797869846425
0.046347981749319776 -0.003917917991138724 0.09259071011387672
0.04562926003647166 -0.0020504757901962474 0.09262940816874196
0.045986213911195506 2.9879940803881065E-7 0.09289102150649738
0.04195713079413199 -3.516880660716156E-6 0.09667725288384488
0.042210749882491704 -0.0013125397450426456 0.09686639117790485
0.04237566005460444 -0.0025441949205434896 0.0969626357739596
0.04257617385019777 -0.003954007801501499 0.09697760694666875
0.0431344915384613 -0.0059414107079639724 0.09682557436580987
0.04397632754250606 -0.007338547239475171 0.09678755637949625
0.045646347839474744 -0.009375762253687032 0.09698076257137177
0.047127036157181994 -0.01144697041060725 0.09751006808248976
0.048376134369567024 -0.013480810641626557 0.09771904988453076
0.05186529932732652 -0.016304898002931695 0.09789119872887768
0.05377672207009925 -0.018735683383401935 0.09764793083942169
0.055055944708341444 -0.021579733378487488 0.09736809873935287
0.053937390130719506 -0.018140391286553745 0.0980764291567148
0.052066780124241596 -0.015947585419342637 0.09820975536979683
0.04943076770118232 -0.013849741322928925 0.09796190256585544
0.04777266042781204 -0.011967542395741968 0.09667003801207058
0.046477520777587225 -0.00972694936354692 0.09570754282074896
0.04604327219074217 -0.00814087518270357 0.09549384953032788
0.045267842284649966 -0.006022396010531942 0.09532409712592256
0.04444914466622412 -0.004101621598965692 0.0951792191372175
0.04466894751548226 -0.0021892671116040268 0.09518259064171662
0.04518700529269252 1.4445046034987603E-6 0.09542217404904124
0.0489053572551299 -0.007784345085776339 0.08634038896381385
0.049574603930902586 -0.009413263664592178 0.08670235180329643
0.06358640168352447 -0.030530420753904768 0.08674936354294847
0.062269742975637137 -0.02295236947683357 0.0794428303356506
0.06010076151230655 -0.017907759526730863 0.07636421950228624
0.05833055213993949 -0.01478552810649788 0.075114168675747
0.05564588035683074 -0.011792595526489773 0.07427230283860209
0.05416925963205962 -0.007810873055383497 0.07386186153418206
0.053332666301167696 -0.0024048415401473383 0.07334703203523056
0.04785514123438472 -0.02221965819338202 0.10534202593891927
0.04355998352809989 -0.016149046336997663 0.10893328177847476
0.04221568285052985 -0.012871766214537561 0.10969207139738105
0.04069040861920576 -0.0059811243481777835 0.11024067135896441
0.04058581605307346 -0.0032810205437607915 0.11005772838254395
0.04055299290071239 -1.1131117766697294E-5 0.10992774650458999
0.056701663580842665 -0.009144608814507507 0.08774099757820046
0.056275492790418234 -0.007827408464255356 0.08666049527586515
0.07569164321102924 -0.023034362265532772 0.09817935376337714
0.0732369927877588 -0.021188114992563258 0.08757813191279903
0.0696367919883573 -0.018132790580215646 0.08396849015214256
0.06748359785100248 -0.01582623590539829 0.08192098285185963
0.06452019306561975 -0.01199958899838122 0.08000084868528574
0.063202271363533 -0.008161508607222893 0.07857492098814374
0.061912239959313886 -0.0026347948642186916 0.07810156572118677
0.06736071382381267 -0.01795297918657004 0.08849885827050338
0.0664109605703359 -0.015834131296563598 0.08516625984812261
0.06499722057207742 -0.01425843090528057 0.08447473523440047
0.0633139502444384 -0.011996508727672201 0.08343466066778266
0.061424862976220684 -0.008317962083457484 0.08214081957788817
0.06026495904304668 -0.0027867564661810036 0.08130834887072785
0.05614165971134794 -0.01613984664280219 0.10730310748864817
0.05357016647727073 -0.013072803000986002 0.10759921066632694
0.05187630531081167 -0.01055432714759286 0.10712118750471178
0.049468863735303015 -0.00587686060264307 0.10544508109662351
0.0488828223006214 -0.003902787342499402 0.10469472239081375
0.05666971351114065 -0.0165370223984969 0.11063728982177677
0.05429947670131418 -0.013308913326159383 0.11088265796108904
0.05260350707900737 -0.01082248773284519 0.11004350710365053
0.05039486740200543 -0.006132268542303333 0.10909832933235113
0.049950521613173114 -0.0041550243649279605 0.10882893487769314
0.049495634804852 -1.1515756848364893E-5 0.10854400338528103
0.0767987916 -0.0201238595 0.0704028453
0.0787600812 -0.021934682 0.0688762912
0.0993142277 -0.0453085022 0.12684709
0.102393792 -0.0445727608 0.125447065
0.122502504 -0.0492650472 0.114441965
0.127398783 -0.0486718243 0.111521436
0.133107188 -0.0492557595 0.107260342
0.10278255 -0.0486639215 0.134420206
0.104953091 -0.0492172687 0.133972922
0.10879151 -0.0504317639 0.130625182
0.119583614 -0.0534422084 0.128849443
0.125130566 -0.0532873453 0.126894567
0.130790801 -0.0525796937 0.12455181
0.135992211 -0.0537419711 0.120087811
0.103298033 -0.0467816863 0.148167699
0.121240681 -0.0533687275 0.141511516
0.128262942 -0.054015225 0.138338612
0.13226973 -0.054914528 0.135711404
0.140424732 -0.0552889269 0.13309316
0.0587908085 -0.0191568082 0.184480146
0.0606669286 -0.0244551365 0.18499872
0.0639487586 -0.031097326 0.183776916
0.0562597579 -0.00454951237 0.184942585
0.0558503097 -0.0113868734 0.185178511
0.0565040879 -0.0157671066 0.185552459
0.0633287541 -0.0307003123 0.185330792
0.0663743731 -0.0367669086 0.184909549
0.0569518432 -0.00393568422 0.19033437
0.0565676813 -0.012827296 0.190160433
0.0572514592 -0.0179056373 0.190332611
0.0669264105 -0.0367214177 0.189032937
0.0965009732 -0.0491753551 0.184030984
0.106622037 -0.0537448824 0.183841016
0.114865952 -0.0585064801 0.183088758
0.12956348 -0.0632461929 0.181781921
0.135179757 -0.0642849202 0.181274831
0.141560245 -0.0650765925 0.180746538
0.148093106 -0.0653013357 0.180121323
0.0580294746 -0.00386234008 0.198218992
0.058810291 -0.0124003345 0.197923663
0.0600692822 -0.0192488292 0.197663504
0.0977054109 -0.0510717655 0.197772664
0.107617996 -0.0559406642 0.198005278
0.116719632 -0.0601675336 0.197681055
0.131878561 -0.0662544914 0.198433505
0.138276526 -0.0674435517 0.199241694
0.144676166 -0.0679486501 0.199839471
0.150732159 -0.0683031325 0.200503504
0.102882084 -0.00307546784 0.054058483
0.10523389 -0.00899015405 0.0536212639
0.06261604607354021 -0.002532608756644255 0.06951678756208221
0.06493589615731091 -0.007682806117397806 0.07030532851653354
0.06646601579305268 -0.010906158734016097 0.07159017595963736
0.06928580445868474 -0.01449160383577749 0.07309324684003776
0.06255432091009486 -0.0024944297247282395 0.07398900295709408
0.06455762857403943 -0.007940932202292023 0.07487079235083004
0.06553443280037671 -0.010878224970256126 0.07562310856338643
0.06841520165261754 -0.015525163626347633 0.07756197105536769
0.07216848757403907 -0.019028410196085036 0.07981083793247842
0.0626914722 -0.00261926404 0.0670784575
0.0650200532 -0.00777570318 0.067851418
0.0666324782 -0.0109160186 0.0688509549
0.0626246349 -0.00250084993 0.0641988562
0.0650215508 -0.00769225029 0.0645758727
0.0628024872 -0.00258426014 0.0611650774
0.0650819538 -0.00789186294 0.0617395835
0.0714383547 -0.0149202277 0.0594835112
0.0675159476 -0.0111408856 0.0590118877
0.0842411077 -0.0267978008 0.0626373806
0.0813776771 -0.0211135027 0.05934459
0.0764293676 -0.0160934013 0.0575445542
0.0726867187 -0.011733016 0.0559524455
0.0706207011 -0.00808228829 0.0548735871
0.0679715349 -0.0030897317 0.0546205479
0.103193969 -0.0285543848 0.0668207466
0.090151191 -0.0130225009 0.0593883765
0.0887298214 -0.00912758529 0.0580406685
0.0869259914 -0.00236079186 0.0564570735
0.107539627 -0.0284735996 0.0662790735
0.06158904838157239 -0.02053948298241584 0.1151595265726916
0.0506031415972844 -8.284268891359944E-5 0.11140028414323201
0.051149611872894 -0.003988810712746457 0.11195403914239364
0.0478907245 -6.928062E-9 0.162736114
0.0478505751 -0.0028355114 0.162718435
0.0485863823 -0.00475584621 0.16195378
0.0504315436 -6.219593E-9 0.164562792
0.0500936693 -0.00274231937 0.164731753
0.0508457761 -0.00467962517 0.164049663
0.0540241205 -0.00609999595 0.162599509
0.0528700612 -2.994489E-9 0.166440073
0.0524848173 -0.00260717259 0.166613435
0.053603272 -0.00445387052 0.166019586
0.0562176482 -0.00575279888 0.164512403
0.0552999373 -1.434215E-9 0.168473478
0.0548404363 -0.00250890988 0.168546843
0.0559417353 -0.00433732745 0.167717697
0.0573186618 -0.00582983742 0.166238346
0.057597875 -1.025996E-9 0.170521221
0.056881735 -0.00258767843 0.170464696
0.0576307601 -0.00441259173 0.169166964
0.0581165814 -0.00525540254 0.168526452
0.0587171839 -1.1051E-9 0.172722264
0.0578564809 -0.00261329937 0.172367761
0.0585386404 -0.00437750196 0.171178194
0.0589703589 -0.00596612659 0.170476961
0.058755735 -3.46959E-9 0.174614241
0.0582127657 -0.00265939812 0.174385374
0.0590730346 -0.00460863928 0.173902382
0.0611260325 -0.0202423475 0.182363622
0.0628387917 -0.0245763249 0.182844387
0.0648246278 -0.0306527313 0.182524981
0.065202022 -0.0350206823 0.181926308
0.066799286 -0.0387014571 0.181312258
0.061966411 -0.024505427 0.183861614
0.0644351162 -0.0310454726 0.18302984
0.077163423 -0.0483162574 0.174168166
0.0675562799 -0.0208371206 0.133803532
0.0709662967 -0.0242666056 0.133454376
0.073123472 -0.0272189792 0.134905697
0.0743992656 -0.0327657375 0.136023563
0.08497263937590482 -0.059254800360800365 0.12241250457403215
0.09398936831022409 -0.06381717259841559 0.11774144195286637
0.11023328363989045 -0.07004861911124419 0.11049946870912845
0.11947247522172488 -0.06985135709704447 0.10715512148473356
0.12670969929732798 -0.06895079743476303 0.10406049802311072
0.13276079942603192 -0.06670281071477772 0.10106836704151506
0.0875424047205123 -0.06181257041007179 0.13170182293549115
0.09643274853887444 -0.06506874694998055 0.12863399197934
0.11334718562369932 -0.07218527142787849 0.12221848947755624
0.12183608018145452 -0.07310488040867326 0.11918598234514038
0.1289758224005942 -0.07200443872356108 0.11697077704015872
0.13641583094941592 -0.06891066544464947 0.11535478650481575
0.09072946584053285 -0.0625181832964521 0.1401869018758748
0.09908306578124297 -0.06651310705979264 0.138312158335268
0.11634628174488836 -0.07286888562852972 0.13307218991427444
0.1239216255298699 -0.07386816854281773 0.13027956208119412
0.13130804727645512 -0.07360416078385831 0.12800549679370948
0.1391760454650872 -0.070184851023705 0.12752737218222746
0.05326556283464702 -0.020119681683272456 0.18057427526826658
0.05511499364008645 -0.026487351579897216 0.18047597141323074
0.057666504315576364 -0.03303822530111948 0.17865714434236524
0.07339211272074321 -0.05270184552517796 0.17030321162878687
0.04977989107989527 -0.0043190714387942985 0.18146949127936324
0.04982237564143536 -0.01043532707865992 0.18222676117449027
0.05076206848469994 -0.01579060524146735 0.18273910571726337
0.057785578990600835 -0.033422199768186514 0.18060363329619417
0.0616065703292816 -0.0408433260713288 0.17910870308445498
0.06856980553074088 -0.04991268207691717 0.1790669234819159
0.0763536905077775 -0.05500768107385378 0.17593472852372577
0.08499536585785267 -0.0580728497888426 0.17442079596152285
0.050536902435737316 -0.00404400489452033 0.18773065786313664
0.05059192266568684 -0.011340836274968394 0.18850067773121756
0.051872849780216765 -0.01783166507923768 0.18846415026190302
0.06259966980254297 -0.040699693289471144 0.1844209209173997
0.06952255246546203 -0.04965924032280686 0.1847661172421033
0.07818021184377348 -0.05384285444588709 0.1837054938308939
0.08616508412564967 -0.05729470064340803 0.18246155285183305
0.09526814022418019 -0.06152702734924818 0.18257383630780682
0.11131081956866452 -0.06937709052720925 0.18093276103817693
0.1279737630607975 -0.07339748779875296 0.1795643597636796
0.134813228850224 -0.07533153721556524 0.1789046735050439
0.1424929667703596 -0.07702618869894709 0.17830777457968766
0.15013742423028253 -0.07716117645625134 0.17749620267138444
0.053275242 -0.0036998898 0.197158873
0.0537627258 -0.0116231039 0.197385241
0.0554283786 -0.0201546178 0.196581561
0.0651434812 -0.0402368027 0.193445683
0.071195714 -0.04838554 0.193864829
0.0790528505 -0.0534919632 0.193893341
0.0877029597 -0.056888557 0.19345729
0.0961337064 -0.062315663 0.194611038
0.11233492 -0.0696858574 0.193789094
0.130140665 -0.0747224551 0.194171589
0.138117635 -0.0765737474 0.195072705
0.14537543 -0.0779287991 0.195934332
0.152612405 -0.0789706774 0.196440358
0.0662601559 -0.0139950431 0.155927453
0.0666103934 -0.022751365 0.146606277
0.0680799771 -0.0260449603 0.14523643
0.0687548621 -0.0311864193 0.144311634
0.0701765363 -0.0366490879 0.1442939
0.0721761053 -0.0408580869 0.147826021
0.0754028734 -0.0454646505 0.154743249
0.0775832165 -0.0478368717 0.159788372
0.0768216937 -0.0477705288 0.169021413
0.0739744725 -0.0477515163 0.171933225
0.0715525234 -0.0465219165 0.175795146
0.0690715981 -0.0418798278 0.177483615
0.0679937837 -0.037502332 0.179202776
0.0672510109 -0.0346117587 0.180634594
0.0663102298 -0.0306518841 0.181456518
0.0660969672 -0.0254543088 0.181983438
0.0659927885 -0.0207081747 0.181183142
0.0659902211 -0.0166510916 0.178737458
0.0661728078 -0.0129642323 0.175831024
0.0660598276 -0.0107687047 0.171813102
0.0673310667 -0.0118105029 0.160148626
0.0645936064 -0.0133573809 0.156311272
0.0659276273 -0.022156971 0.144863733
0.0683612253 -0.0254988436 0.143446879
0.069507561 -0.030804012 0.142766026
0.0708037921 -0.036451525 0.142636576
0.0716060628 -0.0407350128 0.145566407
0.0750041828 -0.0448553638 0.151831364
0.0781605158 -0.0480868439 0.158672361
0.0799443603 -0.0489384179 0.162466644
0.0800810687 -0.0477952921 0.166529175
0.0780439667 -0.0474780847 0.169586594
0.068282695 -0.0424361254 0.178810635
0.0676190836 -0.0380459721 0.179818805
0.0663676661 -0.0347649342 0.181043259
0.0661230912 -0.0306577679 0.181968283
0.0656882802 -0.0254038818 0.182261628
0.0649554214 -0.0207663512 0.181529319
0.0643512899 -0.016795809 0.179662442
0.0631291461 -0.013718771 0.177045882
0.062558423 -0.0105127683 0.174887262
0.0682896639 -0.042116692 0.179803084
0.0667430815 -0.0384079691 0.180842433
0.065300998 -0.0348919173 0.181435387
0.0657422198 -0.0303789239 0.18226008
0.0643756524 -0.0249125492 0.182486409
0.0629941372 -0.020443166 0.181758297
0.0619726696 -0.0167254418 0.180449494
0.0606629032 -0.0138459937 0.178003938
0.06514607 -0.0100762439 0.164074577
0.0656640373 -0.0215870141 0.142554895
0.0690131727 -0.0252964624 0.142043192
0.0704591611 -0.0307488465 0.141747987
0.0715753246 -0.0366293692 0.141744754
0.0722318767 -0.0411914871 0.14455437
0.0756486315 -0.0453973437 0.150897571
0.07539605071548315 -0.04724340984016648 0.1020721218133208
0.08585774773356494 -0.05252599978537634 0.09812126251353183
0.08599378801382515 -0.041271238148962594 0.07125416126858775
0.09262782245571964 -0.0027578782318712675 0.03685808590789059
0.09479102506370772 -0.010919459273926591 0.03796070581687036
0.05118187094523009 -0.0027711407647934313 0.06537852122265068
0.052249500465607696 -0.00949598685497183 0.06592419171255277
0.05420765209471794 -0.013859157174332545 0.06609368527117675
0.05729693444611586 -0.016946595223092317 0.06643849604196476
0.05993748091496716 -0.019033334010931456 0.0715259924591628
0.05788392267928992 -0.016241170621857877 0.07086076721998923
0.055284723210006353 -0.013084744875621912 0.07025648191372874
0.05324272451586811 -0.008689287382627954 0.0698534110010755
0.05211565165631164 -0.0023813673190010098 0.06888670667565974
0.051055863137638366 -0.0028945346119470918 0.06331271539250896
0.05256580094506493 -0.009896454786099575 0.06328295703013301
0.05451522074523992 -0.013903047840054372 0.0631994781157077
0.05226210540107909 -0.003006157586267264 0.06156723259350155
0.05447759071040064 -0.009856617640534152 0.06068676658787803
0.05544178185299877 -0.0029438074593416083 0.05783511788757222
0.05753950857537577 -0.00933475739724749 0.05717767474299648
0.06584609922259343 -0.015833983739605144 0.055123199411908984
0.06224147030363446 -0.011878093420783812 0.054739534965283436
0.08200759489786415 -0.029005830825997274 0.05681450428091844
0.07633746201104762 -0.022389010843903483 0.0526979875184938
0.07164327456660743 -0.016781436780891824 0.05113042818998637
0.06814668720747236 -0.01219288346501925 0.050603681280020595
0.06644520015720469 -0.008969615186296895 0.05043960449464923
0.06382447894650307 -0.0027117554754397624 0.05026836062128512
0.10000228688314385 -0.0341489863971296 0.053748487427165134
0.08197047793330764 -0.014275526691276552 0.04185269626309502
0.08003044798954456 -0.009662102487077476 0.041498229944012824
0.07760219530675644 -0.002695237566813668 0.0409510972427435
0.10416055551367329 -0.03561366033982149 0.05143487529047593
0.05176959557373198 -0.027172400317566108 0.11569878911346355
0.04946996566062667 -0.024167390045568348 0.11009883883829295
0.04026585434912858 -4.6563720619409284E-6 0.11367035672212257
0.04036633325209475 -0.003264862886694871 0.11367845582088731
0.03963038067983587 -3.81967238903112E-6 0.11765297945242723
0.03962599401308698 -0.0015323087646599372 0.11760416258411631
0.03709788022612154 -1.782553751761744E-7 0.12214537400026942
0.037051333775682115 -0.0013918334354807123 0.12210591993414732
0.037731259529439176 -0.0032061154571039665 0.12194870596734973
0.02673551685919798 2.0391208399230743E-7 0.12817121283957036
0.027378152264245947 -0.0012725068151850825 0.12863757133272882
0.0278948076738081 -0.0027643524548670584 0.12888256018616975
0.02836342147670518 -0.0043455577915512585 0.12961937879366717
0.0304288798492638 -0.006485713371288042 0.13054945025456055
0.036715152854389546 -0.013447706399952748 0.1331235067288662
0.03938793403092852 -0.014858081706295777 0.1308003648168395
0.04153116663256537 -0.01757554265572654 0.12797462977420393
0.024257856684033297 4.070454325707641E-8 0.131015773266089
0.024807241841308364 -0.001050776548158451 0.13122307093595206
0.02559441882274752 -0.002811018991268675 0.13144711188451028
0.02671450327684909 -0.004590853379859964 0.1317456475899141
0.0277721981766591 -0.007067600793741971 0.13212263145596562
0.03565717203431525 -0.014524931055052122 0.13479440947399962
0.022492679447217515 4.55431756075894E-8 0.1349915155411426
0.023053557904238197 -0.0011262077652262762 0.13486368676055854
0.023860928383225618 -0.002880796316499317 0.13481775804749252
0.02506364936264393 -0.0049200653786721045 0.13447910892762485
0.022283278582768497 -0.0012679262022004516 0.1382510081154928
0.02313374870473365 -0.003058824527479027 0.1379105835885338
0.024284594770415932 -0.0050663038332003675 0.13730911708100613
0.023736971907784208 1.4390961773929136E-8 0.14289066185353724
0.023753857099414667 -0.0014613367733857484 0.14219440739140202
0.0242353240290652 -0.003276705709526489 0.14144316653383948
0.025185731904782325 -0.005649851106101518 0.14035581358617477
0.025987425823426745 5.184215011273982E-9 0.1459498092978461
0.025935138926301796 -0.0015311565303218015 0.14499125888220468
0.02600028640031437 -0.0035153937810547325 0.14435022198443603
0.026817689959865405 -0.0058741435601175045 0.143418360228332
0.027741045975900557 3.5749752157631517E-9 0.14833767665286718
0.02771117937686359 -0.0016916362107827322 0.14751221272685516
0.028069228971709072 -0.0038363351520091936 0.1470966627611537
0.0290938437943248 -0.0064140361971534105 0.1459329389361599
0.029367111002081125 1.2499921221478976E-9 0.15043303848214334
0.030108063764461495 -0.0018287072235187753 0.14974502220358413
0.03058469297690793 -0.004019636362101923 0.14958438328489929
0.03181720227300574 -0.007172071600435368 0.1483914350711941
0.0339366187461435 -0.009533006246415681 0.14649746508988823
0.03173869206740942 8.080055501910127E-10 0.1528771286336444
0.03226796704979618 -0.002054846229655583 0.15194578894387148
0.033065324153845096 -0.00434508693975078 0.15161265993924344
0.03473248079808296 -0.007847974716375447 0.15017669053413235
0.03714815317364482 -0.009997831418533849 0.14793172656227713
0.03385946014388442 -2.1235987591228856E-9 0.15486249510056072
0.034360169908179916 -0.002198263385998433 0.15404282894117607
0.03540112872673984 -0.004634481582112695 0.15367720347323216
0.03716157669456203 -0.00809288814295956 0.15233503115479596
0.03980916227464526 -0.009827015362593878 0.14986426618241935
0.04960307216465573 -0.013034994070446303 0.14749601350239694
0.03646437481606658 -4.388495004643197E-9 0.15706465925089225
0.03666990950964885 -0.002674684394750209 0.15662671663092234
0.03747958468454613 -0.005041532607009751 0.1559972173923934
0.03943588428228623 -0.008357778974362528 0.1545945951170371
0.04230325844960985 -0.009923265998155581 0.1523564580125935
0.03902319536123235 -5.5537433114258314E-9 0.15906766957790353
0.03910711751158302 -0.00269058509986505 0.15867333054883678
0.039977961637414704 -0.005254972348281447 0.15804539949520902
0.04132790959939368 -0.008358543396373342 0.1564408812412231
0.04492339860537637 -0.009794467511699566 0.15500588191930337
0.041454059596110135 -5.505270021407496E-9 0.16086545244527506
0.0414819257181276 -0.002972605625262913 0.1605638199545468
0.042450425558723436 -0.005592871729708638 0.16025153888464497
0.044434505113715037 -0.007648889440680663 0.15909670667202838
0.04384000774233382 -5.209644179389028E-9 0.16293395429900986
0.04409709254396867 -0.0032182435040342696 0.16275576510310924
0.04534723018516259 -0.005806273965287076 0.1623663629158311
0.04688552931296266 -0.007669279075333396 0.16119042430160113
0.04629127705863585 -5.0662471690518926E-9 0.16516542234888618
0.046787784100008126 -0.0034714751312898864 0.16532736994941125
0.047405104437100005 -0.00581254847513308 0.16467809038518752
0.048201159906023555 -0.007617121652866915 0.1639371560846687
0.04833819461701179 -4.407958776329363E-9 0.16742426405985253
0.04846896229623593 -0.0035172613646189716 0.16774920657497985
0.04882105503350305 -0.005942856603697113 0.16728372702834238
0.04993447557592878 -0.008687168892818167 0.16665385257193113
0.05882131761179313 -0.011524651335333064 0.1657219982211256
0.04990760248560906 -4.252097309865172E-9 0.16968775520803298
0.049975118060261614 -0.003940085256628924 0.16984337952264353
0.05061284931423253 -0.0062105588388739336 0.1696742590265049
0.05559957490108356 -0.021744159813986596 0.17683423517591657
0.056828125984130104 -0.02684393834219367 0.176516329170146
0.05861632181870461 -0.032562450487290506 0.17566539248195215
0.06053477221268187 -0.037846943882219646 0.17494465244914345
0.06272810402460839 -0.04167269119124376 0.1734741940400157
0.0560751325394909 -0.02672364455432313 0.1783945245807645
0.05823984114926043 -0.032954254623995434 0.17699072172595545
0.0725841738265446 -0.05165649200718369 0.16888019574069082
0.0537747830515911 -0.023393743039324223 0.13592474869866508
0.05560705731778338 -0.027937724846058786 0.1307147553726306
0.05788789188191177 -0.03413580181102919 0.12997279874749193
0.06085151962236482 -0.03942012079897835 0.13080323712760672
0.06423455132142097 -0.04464786943166647 0.132325007403463
0.05947286973142256 -0.01887150222799386 0.15337207296815558
0.06047596678412773 -0.02972975871114936 0.14495517412729073
0.0614153751292381 -0.03293395331918901 0.1440030213791114
0.06213164332118072 -0.03698194792128019 0.14398809981264016
0.06373957883099875 -0.04055595053611953 0.14468873749919683
0.06634129833260058 -0.043534473460384894 0.14644308415424462
0.06945702873740638 -0.04626719770200842 0.149723811845401
0.07276221457121067 -0.04818173280789069 0.15501240132834943
0.07354778286354556 -0.04882705683640475 0.16409415786796785
0.07110299608329419 -0.04748063271952672 0.16578554735375897
0.06851826021874721 -0.04488857395018924 0.1663827326015439
0.06549776638399502 -0.04155514172343526 0.16690035016049004
0.06343373084889431 -0.03827278986151195 0.16791443434537356
0.06276005311146877 -0.034970512812059665 0.16912109246006718
0.06198675923990523 -0.031212354819305926 0.17003791749285577
0.06158907099255418 -0.02679161283792955 0.17073593744252571
0.06209785217029841 -0.022546689287666646 0.17093028332501495
0.062489332319039914 -0.019444878150390695 0.16939508196498576
0.06267972813615826 -0.01720969551924206 0.16775086619253074
0.06341671101293568 -0.015644770802063543 0.16647889703162486
0.06312194593675119 -0.014318848603827563 0.16500544397522937
0.05941658104599106 -0.016116178841989702 0.15572820019020764
0.05772753247722375 -0.016345544158441246 0.15201766917919943
0.05839314799063944 -0.029286058773668286 0.1420764800946325
0.05984086814365584 -0.03366317212728805 0.1407836972141409
0.06090619103903818 -0.03828892075562302 0.14131767558664413
0.06299203495644427 -0.04207671790619196 0.1426074900563793
0.06594536070030786 -0.044883426545511494 0.14475744342867966
0.06914113116075465 -0.04752016726173516 0.14710910763726473
0.07346603095552609 -0.04984396494287515 0.15203590231446784
0.07524860182609275 -0.051715199472278046 0.15793889469163552
0.07636528372455599 -0.052197844311837986 0.16209606637559956
0.07489580896147038 -0.051311354202608926 0.1648485937260629
0.06548066002640898 -0.042734127173230815 0.168992662099005
0.06312714102485541 -0.03955311587466949 0.17020087203075823
0.061826132094813226 -0.036238741552599554 0.17107740253110432
0.06084065297294231 -0.031999492850424915 0.17195363466280464
0.05971722887335175 -0.02711720328047548 0.1727009530158157
0.059745081335167614 -0.022442558546750552 0.17305241801818297
0.0599499864278392 -0.018629008843986165 0.17176464704112335
0.05982119409880648 -0.015737434317222788 0.16963860530199393
0.060097005871072584 -0.013625274913300383 0.16794967110669715
0.06539202367706745 -0.044117035360733005 0.17107886474060602
0.06280396847502459 -0.04074665343124717 0.1723352915932335
0.061029301160166666 -0.03699645207628723 0.17330823477733814
0.05948827830598682 -0.032272796018973544 0.1740250080936636
0.057933666219193235 -0.02698146274414105 0.17458228164949038
0.05738839644024037 -0.021914733326289557 0.17492221787254583
0.0576066165528354 -0.017869165044327697 0.1737020763453955
0.057396054257868395 -0.014416723841115978 0.17181671492729658
0.06247758341517121 -0.013294713495543481 0.16317777635333583
0.0580712525055923 -0.01316867399579439 0.15867184413897306
0.057275309779667716 -0.02855414439198043 0.13955875620445407
0.059253762814909065 -0.033827104229051934 0.13866226523528136
0.060728307117037625 -0.038831412172307386 0.13945929506001203
0.06300556772729515 -0.04274607044433529 0.14090284131381173
0.06579937363084351 -0.04592045714294228 0.14287185237753877
0.06950850577244148 -0.049133662141888655 0.14519597494036
0.05911838094622117 -0.021070658647978906 0.08284760060745568
0.057275433781654624 -0.01578898446209897 0.07943737807172993
0.056658315050488135 -0.013139447482713567 0.07858290058086151
0.05555658455816175 -0.01015621821230962 0.07799070499500108
0.054482531247300826 -0.006995766083076795 0.07778111223582206
0.0530681118405965 -0.001926894462156632 0.07759451196938391
0.048137522703304646 -0.020617792008237296 0.1029845142883305
0.044233711911295485 -0.015234856696406987 0.1050718094311974
0.04263396942219456 -0.012281467851083885 0.10581353017229075
0.04113638043445824 -0.006565378877461393 0.10558618029660212
0.04070883327475717 -0.003825819098045089 0.10465551295338221
0.04062702380412233 -1.0498647952411103E-5 0.1043337087746815
0.051665831634856704 -0.00996333894391068 0.08504859848966591
0.05098638798368348 -0.008271651431040847 0.08439006386757325
0.06158744893734402 -0.03321587047347912 0.08917125852625227
0.07014421565108643 -0.03325528737963514 0.07593328635163665
0.06964598222202943 -0.027920634475465285 0.0652106452861806
0.07101174071939688 -0.027718087307803885 0.059467115579970704
0.0667658560079039 -0.02537623093356444 0.061177856446996866
0.06309839685280182 -0.01609691609911085 0.08887755280725793
0.06072356886488123 -0.012880746196927206 0.08691416464913018
0.05957220254710021 -0.010602262133253949 0.08593956520250408
0.05838538667727723 -0.008786201204350294 0.0846318695030433
0.05710191905226193 -0.006449314877858476 0.08415469971226547
0.055769469848227574 -0.0026043991957265217 0.08357017641375993
0.0601124784 -0.0204973616 0.18366012
0.0699004461 -0.013754692 0.155665861
0.0692231915 -0.0239351656 0.150294734
0.0693713217 -0.027311059 0.14938706
0.0699687565 -0.0318175154 0.148447402
0.0720996049 -0.0369436066 0.14898256
0.0762214057 -0.0420916954 0.154262108
0.0777561005 -0.0451539438 0.159324527
0.0784376743 -0.0463253906 0.163127525
0.0756409591 -0.0470248931 0.165337675
0.0745446996 -0.0475149657 0.169873759
0.0725314006 -0.0462747515 0.173319002
0.0700250535 -0.041795951 0.174735622
0.067799159 -0.0375319572 0.176148132
0.0666542193 -0.0340524066 0.178795146
0.0664109853 -0.0296338209 0.179458601
0.0678526124 -0.0244443514 0.180283102
0.06892701 -0.020005988 0.17887117
0.0697497609 -0.0163024835 0.175945084
0.0698209492 -0.0134772489 0.172530793
0.0685052869 -0.0119789938 0.169434036
0.0672337894 -0.0131641454 0.157614698
0.0675649087 -0.010701638 0.162747423
0.054839969601977574 -0.028868528828356724 0.12688578670690015
0.03867307143282009 -0.016595621693992563 0.13161391093665134
0.05369560649238804 -0.009548416009008211 0.16581413099204043
0.05459700068212594 -0.02185486701727849 0.17897100103267205
0.06396795876031275 -0.01972687342911799 0.1536005489044441
0.06317837622256256 -0.029406529680260682 0.14958911430465283
0.0639398754038906 -0.03283726796946582 0.14886912709547467
0.0647919359860215 -0.03614388104006135 0.14863723608779147
0.0663620544850084 -0.0394305620721582 0.14912758148170815
0.06956579644383985 -0.04266996998565706 0.15119478535634714
0.0715512928214851 -0.0450241362850745 0.1551475548973571
0.07178561450100653 -0.04611939607343265 0.15936559665761704
0.07157302230206888 -0.04628477908473122 0.1618702801710404
0.06996128242337374 -0.045232916863573634 0.16334353134942872
0.06805392349841867 -0.042968022950418266 0.16378515957013307
0.06584103355998332 -0.039835080849289994 0.16405854133703554
0.06407604490962353 -0.03649071486813638 0.16492333611979562
0.06264613232256078 -0.03339859512633975 0.16607874708202666
0.06195786317946944 -0.029525962533098252 0.1672040009978542
0.06320625271638594 -0.026670899588920115 0.1673261892216171
0.06423739780472457 -0.023217509826486144 0.1672175286501393
0.06442548188672013 -0.020427300976809636 0.16656658934847157
0.0645572309622917 -0.018322652363872354 0.16555232721131602
0.06462660542746992 -0.016947857141572382 0.16453340043521947
0.06438240654059958 -0.016157064519179105 0.16342503948829734
0.060631435339073725 -0.018076761704789265 0.1547827738125583
0.064466853868121 -0.015866445113064256 0.16151611144864658
0.06344508100902954 -0.016040386182387303 0.1601348825077939
0.05678977598689098 -0.01865625021620028 0.08607993204788565
0.05483202136668544 -0.013368552229144792 0.08277027715457029
0.0542116737371387 -0.01109163042810499 0.08209127794720188
0.05330675392374331 -0.008804302290685987 0.08148801746237974
0.052308500404368616 -0.006259675659877539 0.0811682313446092
0.05155164291382793 -0.0019579444964275645 0.08136689018148084
0.0694763547 -0.0114192056 0.158681085
0.041847580134686514 -0.016222643818363622 0.12725136903316617
0.06452179084949136 -0.01778550786524282 0.1562188940186688
0.03761409636266516 -5.685263635735554E-7 0.09819808453569327
0.03771922673786065 -0.0013329418632856275 0.09826072995518298
0.03823083949899667 -0.0031574668988207733 0.09860504971672711
0.03871376459744624 -0.00474046835521999 0.0988067496747928
0.03952012224922475 -0.007041461468679548 0.09931883143163862
0.04048292394179124 -0.00919135791049397 0.09949050419468686
0.041556882805496215 -0.011128219357074193 0.0992535002311717
0.04334833513433743 -0.013138561276443805 0.09849456797269626
0.045913637890999864 -0.015329170849494493 0.0976029813604294
0.04882006295919035 -0.018921892584614804 0.09694027332825839
0.052000467676915005 -0.020502551964888507 0.09664010530264294
0.053873551700113875 -0.020921442429208074 0.09498450870737726
0.05250447959145456 -0.01940006201435001 0.09379897739102018
0.049877638874390805 -0.016468904492338718 0.09250893660919125
0.04735806861067261 -0.014038458967159202 0.09048806860118329
0.04568927571193218 -0.011752351833710336 0.08912918818998437
0.04428842642761102 -0.009450978585222657 0.08829577297404288
0.043060694993118126 -0.007808065524607153 0.08811515318488983
0.042499432577280435 -0.006119274136187136 0.08842748170332854
0.04182033267869597 -0.004106393813443038 0.0897000407978486
0.04150982088620618 -0.002014537647094217 0.08991441774982668
0.04123082047430549 2.747606344934421E-8 0.09002891704127935
0.038859554340570326 -4.5998518839805725E-7 0.09713891019311742
0.03918116025224816 -0.0013833840371619047 0.09729005584103338
0.03953103782919856 -0.00260498042044506 0.0975071909313778
0.04010985858965254 -0.004417315729475247 0.09779868388165705
0.040573598597717885 -0.00639115219044724 0.09782457265817067
0.04159645230730907 -0.008393855038991597 0.09776613108432146
0.042666389623996756 -0.010256795314855929 0.09775304263808375
0.044434010591364516 -0.012285804786585825 0.09722026458008906
0.04645383809834734 -0.014541268827846678 0.09708967439484723
0.04938390643212039 -0.018323229136957952 0.09663104022059624
0.05246806929931999 -0.020297042223755717 0.09648894501443274
0.054126383465962866 -0.021022496288543486 0.09589656176291628
0.05240601933113309 -0.020015979993354655 0.09542889064124477
0.04973296912568865 -0.01640006703766226 0.09451971270184574
0.04759371964067862 -0.013718427300554647 0.09314613458091173
0.04558032758008675 -0.011693350324568268 0.09205546115182252
0.043847520611056616 -0.009640979953072254 0.09167871855507226
0.042807474037340455 -0.0077911531789054645 0.09151883526740294
0.042276832918818626 -0.005957770674622373 0.09164466092311493
0.042130892064924236 -0.0040693858469376095 0.09210602032672302
0.04232394035673713 -0.0020694181266000177 0.09253180545988116
0.04239945592477117 1.9542523059406275E-7 0.09262925971057198
0.04012299688793417 -1.3694209518719394E-6 0.09687496220933924
0.040744846450407365 -0.001365291696110534 0.09699432161004623
0.041087022183258964 -0.002583495062562106 0.09713036351471338
0.0414156290803186 -0.004164904767936598 0.09727785465745475
0.04203725154522299 -0.006156950107687186 0.09718194624266004
0.04276192356184143 -0.007549221663483484 0.0971756546323705
0.04405592427868053 -0.00961583977714276 0.09692205094613775
0.045566074858739904 -0.011656938841714115 0.09688142026083872
0.04731846383527516 -0.013864971745467733 0.09697409631750926
0.05025328433840792 -0.017451028328748758 0.09672399159167924
0.05317885790976889 -0.02035600314977578 0.0964900530756452
0.053112781812387704 -0.020162134298173935 0.09645112794925643
0.05041247695407098 -0.01677847402857885 0.09629806346951049
0.04830166301696482 -0.013862577025799462 0.09566700897793413
0.04661596965892267 -0.011883169081568166 0.0944194868913808
0.045153259226753895 -0.009781198548144018 0.09378075169812591
0.04411785017648544 -0.007965613052432482 0.09360919573206244
0.04350193679066898 -0.006123079466945188 0.09352846029530497
0.043006187610212375 -0.004173907864501975 0.09358582837410524
0.04311435046801545 -0.0021061231505009317 0.09390567466851077
0.043603165377754126 6.186213675151902E-7 0.09400398619098327
0.04427909824574585 -0.00828034894964997 0.08494399167808167
0.045354540153582895 -0.010199818487417175 0.08531067562965668
0.06189001465085547 -0.03118638855926456 0.08474287290364639
0.059654755765729886 -0.02411258605149089 0.07760176079853044
0.056130053663760116 -0.018608592431471747 0.07423902754174726
0.0548967587680556 -0.01567336464217229 0.07373751607315782
0.05384387596242325 -0.012431445555499734 0.07363587676655958
0.05214430974118269 -0.008810019361551107 0.07335574866288903
0.05079567023020378 -0.002681372764770533 0.07279959176344725
0.046819471581523935 -0.022227199257224498 0.10544021555044572
0.042307373086801665 -0.016265622651250873 0.10815542051032004
0.040931783141737545 -0.013342587030797397 0.10927662130135668
0.03850032215663949 -0.006320393800242472 0.1110094260956055
0.038577961404843014 -0.003484226365438772 0.11038545453157142
0.03877958819039056 -1.2641226443657502E-5 0.10970497064525236
0.08395977173732815 -0.06120307081452442 0.12178540968878655
0.09235946653919602 -0.06551048188723871 0.11766691579580832
0.10948384253346644 -0.07394340842898844 0.10963046216839116
0.11985505632305009 -0.07244384613628688 0.10613792493276708
0.1268494849215963 -0.072095023757627 0.10305030245804021
0.1332356864114034 -0.07112388829807494 0.09973462020483484
0.08664579017385282 -0.06369428712050507 0.1309614502570012
0.09570738430645272 -0.06668004691530631 0.1281400575973147
0.11307932646325419 -0.0748700143263018 0.12150639465237913
0.12235660055168371 -0.07491936089804975 0.11849349745723238
0.12922313292786855 -0.07320473136942118 0.11651794798676521
0.1368006444353927 -0.07242849920843397 0.11418381315365533
0.08929942084690982 -0.06494259291155749 0.13974827698695197
0.09869470676315291 -0.06855914674598117 0.1375429640766041
0.11600671428864427 -0.0751583585940185 0.1323380197742812
0.12449405121563678 -0.07592079566636202 0.1296237579120813
0.13179355261600714 -0.07563255959220144 0.1273996396387445
0.13930999139503877 -0.07295449880119172 0.1264497825512273
0.05208502928264698 -0.020744349273194674 0.1807428989383343
0.05398742393158084 -0.02733039727061924 0.18054426277584812
0.05659903136520982 -0.03405298873125447 0.17873818351185802
0.07248965965430905 -0.05413008048001521 0.17023584251306642
0.048190967771365924 -0.004605853640817662 0.18179962268707264
0.048433069104309695 -0.010896449452143393 0.18245722237242618
0.04948117024746361 -0.01636733520803675 0.1829415624061591
0.05667163047836622 -0.034452063414228566 0.18077394218048806
0.06022703255734952 -0.04168066641923524 0.1792514269935423
0.067751806095501 -0.051116473495054715 0.17916236538281055
0.07577326140568341 -0.05650739644317247 0.17609721017435945
0.08434411574136105 -0.059883819581920114 0.17469781073849938
0.04908320534722488 -0.0043952115771330935 0.18808188634920714
0.04927421984234138 -0.01185109048896992 0.1888126584933762
0.050616141304053786 -0.018462657726330323 0.18876472190007068
0.06143267909609133 -0.042180866303382636 0.18479348234635634
0.06865327903261607 -0.0509580208033536 0.18501944086782765
0.07761726040520418 -0.055217909615615346 0.18400669903886588
0.08572396362629653 -0.059138826835804334 0.1825419939962754
0.09422794649009845 -0.06392106748314434 0.18173752761604972
0.11075866626872573 -0.07173267569960048 0.17975178638599892
0.1276759533163223 -0.07501488601020466 0.17869411188180287
0.13506261974819012 -0.07773435511307701 0.17770223935114235
0.14310222534829842 -0.07907208631160488 0.177284726770815
0.15029924554425889 -0.07955578531429776 0.17675819525621872
0.051926523 -0.004079976 0.197691758
0.0522793558 -0.012134156 0.19799392
0.0540634628 -0.020930676 0.197157282
0.0641022574 -0.041418844 0.194087519
0.070459564 -0.0495312842 0.194457703
0.0785189916 -0.0547149066 0.194561987
0.0873490641 -0.058282966 0.19408877
0.0953129297 -0.0630214032 0.1940467
0.112344988 -0.0714871608 0.193506073
0.13058766 -0.0766836433 0.193615266
0.138107232 -0.0788268369 0.194282679
0.14628789 -0.0792012942 0.195062391
0.152776474 -0.0811174429 0.195681735
0.0746643076024558 -0.048667563394799655 0.10193579440234372
0.085235430327271 -0.05414446126388322 0.0974731901118748
0.08298770648179803 -0.043336087086252036 0.06891790164370094
0.09083060176143616 -0.002704266738596227 0.034359108784644
0.09291424974776716 -0.011603657476353805 0.03505396576095773
0.048536077854651465 -0.0028143069354554205 0.06497696560056812
0.05062605929392712 -0.009965726094585072 0.06554718582700006
0.053240494684152075 -0.014508997944178348 0.06579565189837644
0.05601614744308822 -0.01762869966093251 0.0662750319256121
0.05753776624446284 -0.01989297379024438 0.07065264481766474
0.055594007336000444 -0.01680144386095961 0.07016027402607566
0.0537525141897273 -0.013756507545597376 0.0697998352809843
0.05158930547445413 -0.009426132858907428 0.06933675737680417
0.04910033371805313 -0.0025714378908611615 0.06778045716823825
0.04861528073574786 -0.002909978200720578 0.06264497454873648
0.05044770802610703 -0.010402489332455916 0.06254075877629733
0.05327463871613173 -0.014569844953048548 0.06254796755311884
0.04998827854833538 -0.0031135915221633874 0.059558312274193795
0.05157031898274202 -0.010487316610820974 0.059183259816336535
0.052424163841271805 -0.003246111128041796 0.05480058893956226
0.05464746884369794 -0.010390692288912332 0.05437209528234171
0.08781161851681338 -0.0029283307285988317 0.03498124641908481
0.08900341778500259 -0.01171061888382213 0.035147640243928586
0.07982039105417318 -0.031321223362005504 0.05402588803256975
0.07500229851539804 -0.024339409052761662 0.050379363345670544
0.0698567722398917 -0.01803510426639809 0.04883894587755821
0.06597092669437454 -0.013048184077358114 0.04875006667360938
0.06424424081559268 -0.009810542585778709 0.04820811180350653
0.061523237226154485 -0.0029303488050813533 0.047746593161768686
0.09791468803925095 -0.037294839426510414 0.04893512675424054
0.08095336442818053 -0.015266308818383879 0.039687630206179964
0.07906299693338266 -0.01034763932953599 0.03947277310089319
0.07702690461357434 -0.002712650506982508 0.0387801503660622
0.1019675787539803 -0.03866012005433838 0.04630410553880987
0.05086514843077817 -0.02758133367959572 0.11528662426635988
0.04816602843739429 -0.024175188094851925 0.10970342587877308
0.03852496147560359 -1.8670368765365486E-6 0.11453394728587851
0.03791779648887214 -0.003464800194755707 0.11450611143957558
0.037972553384173276 -2.002388163078907E-5 0.11761885998833996
0.037778746819030415 -0.0017126348521628117 0.11768699924984681
0.0356808079243002 5.886272043625024E-7 0.12130218489235375
0.03586921450109002 -0.0013473422387762118 0.12135694254815534
0.03602875355905833 -0.003114116497163015 0.12170394082937643
0.026383725557058063 1.157130235558493E-7 0.12692397558351137
0.026543874795936357 -0.001356906544675739 0.12716246188194968
0.02687905523046511 -0.002898619286798454 0.12744550416323558
0.027133518127843436 -0.004521252275494945 0.1279923487338732
0.02825680160484825 -0.007076949273047134 0.12895600915522124
0.035870541036685855 -0.01392976833458123 0.1321069304712191
0.03862492632732907 -0.015259814284573367 0.13006124881414388
0.040802598934756344 -0.018456292991998056 0.12768530049692478
0.023412153730260257 4.940684995544238E-8 0.12995619797889393
0.02346500956174083 -0.001405733551698177 0.12990908602058976
0.02358821824002925 -0.0032348073841071494 0.12994815372534133
0.023811833336728965 -0.005646173806738659 0.12986934902994163
0.024928078401559573 -0.008274047809355154 0.13010693385957778
0.034057819605523544 -0.015261556873424256 0.13341876182789886
0.021323827574084003 3.064037977872163E-8 0.1342312636135432
0.021337416142064806 -0.0014502677912496254 0.13423212611043267
0.021469401900134733 -0.003376933224904695 0.13415545007554472
0.02181351209264265 -0.005781762998614002 0.1339074822208132
0.020495018890280943 1.6364656148597955E-8 0.1381739743115681
0.020536875599178526 -0.0016055408749498172 0.13840029996176728
0.020694405379602782 -0.0035543463916040217 0.13823052349959197
0.02140217518531182 -0.0060251585753800215 0.13755388136585245
0.022133098253820475 1.4353428141487939E-8 0.14258354948394147
0.022353918241644937 -0.001674394948640958 0.14264851184884023
0.021994402609906014 -0.003819228316662878 0.14213510698022444
0.02237648738358309 -0.006377101457592083 0.1411976649072728
0.024644324560154373 6.745106433311428E-9 0.1456855997174708
0.024725475022517467 -0.0017440924625731658 0.14565631960583464
0.024575564607753935 -0.004112462994127787 0.14497146957911852
0.024662454682213987 -0.006671994706152388 0.14415585810969242
0.026767240697313458 5.51816136776442E-9 0.14853705749711393
0.026301985053093647 -0.00182615313908562 0.1480867413454263
0.026557173352677654 -0.004382210588120956 0.14757584901048224
0.027696550842414003 -0.00688142803319144 0.14649133609214687
0.028144828446937383 3.224517258379377E-9 0.15050594358121464
0.02891545744486036 -0.001975628828558592 0.15046061749494222
0.029365896681299186 -0.0045981437462919664 0.15018833206339297
0.0306025412953557 -0.0075550769300713715 0.1488453454641518
0.03314959004389265 -0.010225719595229372 0.1468039650219445
0.030410795243735092 1.5486864058963937E-9 0.15278833918056703
0.03115269520129282 -0.0022323808455019553 0.15266249277360835
0.03177089026896111 -0.004987156945628034 0.15218549872587947
0.03328456972953547 -0.0080184284936823 0.1505129059328124
0.03621562716429954 -0.010594058341500618 0.14805144047592325
0.03266495230516183 -1.9030108981418365E-10 0.15490889626026058
0.03314913440615862 -0.0025177622425846665 0.15475416310564163
0.03405020966368958 -0.005197370043905331 0.15397398815963975
0.035765686206393504 -0.008421167403746427 0.1523092204128465
0.03875862023678948 -0.01068219489866128 0.1499883899138544
0.046377313871481717 -0.01482554412550161 0.14564098223650643
0.03476105421582755 -1.0849532309498128E-9 0.15712321741754373
0.035265864655387516 -0.00294118496549999 0.15714615932736337
0.035944346250058365 -0.005705248720987492 0.1561557010783962
0.03807432820639468 -0.008807649891080462 0.15433738182509257
0.0411905074907353 -0.010636113726228098 0.1523549212420359
0.03653535007351423 -1.5214777530788675E-9 0.159097656591203
0.03739430340203608 -0.0033211225716507447 0.15928427591667887
0.03805605972127357 -0.005996842773853093 0.15826114044555398
0.04048132700997583 -0.008815252979676953 0.1564385147289983
0.04390098842180097 -0.010439881007421093 0.15500235371487459
0.038427162471462065 -1.6900559645324202E-9 0.16080452972664203
0.03954006131059477 -0.0036728561973419028 0.1612254654737878
0.040296119503396385 -0.006322293980497598 0.16061725715058012
0.042840738593366366 -0.00879117632276963 0.1592606236242526
0.040590781569385476 -1.7370408413888398E-9 0.16269741211294197
0.04146738609394574 -0.00361902533954963 0.1627649407831247
0.04233223961496517 -0.006295714467719948 0.1622651691580063
0.04441071054025844 -0.00818538932632403 0.16117189728130654
0.042998295071513544 -1.7012293352836325E-9 0.16491407453407853
0.04427807287984729 -0.00364096117850243 0.16504567607678644
0.045118627986869685 -0.006100711904777408 0.16442789309440592
0.04717924853954413 -0.007852384737491083 0.16371622951021764
0.045291596856754844 -1.6190749037232342E-9 0.16720891820972714
0.046492971323517394 -0.0036560497581119484 0.1675109225188967
0.04701803743994838 -0.006154807424624425 0.16700656675985456
0.048563747077649384 -0.008518341509077761 0.16621188263428313
0.05743011556971547 -0.011551251540907467 0.16562542881773962
0.04772979294620328 -1.2459097925383733E-9 0.16970644179217462
0.048584387077564246 -0.004159331417016016 0.16989461504969458
0.04924706991203622 -0.006709513231949923 0.1697541692356065
0.05456885094163979 -0.022418848502939168 0.17693780146643068
0.05585535221791361 -0.0277215065006515 0.1765112611638318
0.0575960652548549 -0.033576119826137694 0.1756363854139324
0.05948551930802712 -0.03892294005419433 0.17477912122653014
0.06179061325731059 -0.0435085668438235 0.17389909862150285
0.055007939318102175 -0.027584832065168614 0.17841075712293492
0.05719444788476921 -0.033969820024218514 0.17700961900612214
0.07151581927575282 -0.053050907541141064 0.16866667549107645
0.053435085269943366 -0.023707030119622205 0.13603733822194847
0.05519285968836169 -0.028372885058080093 0.130569271279644
0.057257873912889196 -0.0346606188096889 0.12940762017770635
0.060062495119698654 -0.040192182318683684 0.12984214989454715
0.0637309894275304 -0.045910752852545464 0.13144866715285405
0.0586465657969668 -0.01929176809882674 0.15279130254283652
0.05978462504046877 -0.030201197011142468 0.14446479085673372
0.06076253034802054 -0.033627535821960784 0.14354503194676385
0.061471667796335214 -0.0377213576881384 0.14364280784192948
0.06313001076467223 -0.041422071071789815 0.14445883824042807
0.0660027481023816 -0.04445317787589692 0.1464621252427248
0.06891732121351303 -0.04676627436398327 0.1499799527809312
0.07186174426470822 -0.0489022099132668 0.15504566258958452
0.07281321175824751 -0.05009130410390148 0.16407383477598197
0.07018124870390448 -0.04883791099041613 0.16566718495336777
0.06768888371164826 -0.046166539489722 0.16625971609002504
0.06471325070199443 -0.042660536869272445 0.1668427473402641
0.06278861288737927 -0.03923494381238653 0.16794046633596796
0.06194879385482518 -0.03603429389096326 0.16906201331634158
0.06122970081154333 -0.032225817235027564 0.17000859959911738
0.06078206593537311 -0.02770232370766017 0.17071995206509435
0.061208776488134664 -0.023282413087681985 0.17099823953442356
0.06164108016939299 -0.019990756043997988 0.16956249928547087
0.06172971521338179 -0.017684314699568618 0.16784689897097338
0.06266036296585709 -0.016198917736358773 0.16653282632866673
0.06217786760342905 -0.014858674227730063 0.16509608847534532
0.057662099088095393 -0.01617393715115999 0.15455029309019946
0.0566272018035302 -0.016829234261022633 0.15116038539718477
0.05775639308745523 -0.02978714573408566 0.14146774071330867
0.05906010487997934 -0.034284238958427166 0.14019580493268596
0.06073966105153017 -0.03845079026153245 0.1410085547124766
0.06270022578315128 -0.0423787523316078 0.14239164974669982
0.06538474292150738 -0.04577934689361306 0.14451050810017702
0.06845527438596723 -0.04814469064073688 0.14734104735726808
0.07216089476810149 -0.05031022451149255 0.1514892328976333
0.07446493815559274 -0.05229143717512153 0.15771721704558286
0.07536799843100726 -0.05286632220290935 0.16221014978988116
0.0743079653687313 -0.05240589784928199 0.16470775486501282
0.06468084834630203 -0.04384771467904121 0.16890974106960832
0.062516043575761 -0.0404613725582863 0.170108507045725
0.06099805798643456 -0.03729284991796916 0.1710041668734842
0.059956377477717156 -0.03306196447414791 0.17191545465548896
0.05889076783637015 -0.02803956432719749 0.1726946008124167
0.05887276624710451 -0.023175991614460243 0.1731529319094968
0.05943026359110101 -0.01919512546348526 0.17179712125671884
0.05894890665825884 -0.016119384702999923 0.16989040431282462
0.05902928735006642 -0.013825244855830542 0.1681174624114695
0.06424002107183249 -0.04545045269964003 0.17102889629830342
0.061776614899848696 -0.04205457231427625 0.17219872007358675
0.06001577958244875 -0.03808536414213957 0.17319723377963794
0.058507305804376644 -0.03330709591626844 0.1739646134994624
0.057056426114091945 -0.027884601894304823 0.17456662744787652
0.05636775784870276 -0.022658612459091437 0.17495094920433574
0.0566910219486946 -0.018389117375691832 0.1739927039640792
0.05646316109443787 -0.01486640938657546 0.17217433034857543
0.061170036334663176 -0.013667616142431057 0.16294700572958312
0.056522572620475636 -0.013234550102922175 0.15813350593509753
0.05671102944574351 -0.028963702444837383 0.13907014949454047
0.05852784112647049 -0.03444762065418211 0.13806566463690717
0.06051374526977327 -0.03908653637533848 0.1390645189551289
0.0626021922874857 -0.04324452588318507 0.1405734487857561
0.06524326895334058 -0.0468624380495406 0.1425431986477261
0.06870975141497611 -0.050099758637238034 0.14505652998556254
0.0578305324188642 -0.021913872846149547 0.081561066799255
0.053699033790547315 -0.01658650196144505 0.07774470066444066
0.05262629118824963 -0.013955315134353042 0.0770088495896354
0.05234557106388429 -0.011114165830546955 0.07684557403995365
0.05099539512194549 -0.008140192341710258 0.07643859736554509
0.05061686472402851 -0.0027349985399766834 0.07625622970163862
0.04640719604028106 -0.020299008181533882 0.10284158239500048
0.042035020300019474 -0.015129693308091172 0.10533837154296817
0.04062658504723211 -0.012273395668664554 0.10654106900575819
0.038469330349743244 -0.007340782857530852 0.10732259634170445
0.03789419793080722 -0.004423709473665618 0.10504216544629073
0.037843724063785486 -7.776611538407702E-6 0.10510213962671758
0.04777743696844293 -0.010724646296075691 0.08309630376785795
0.04644093777860581 -0.008856526332370801 0.08252419746208002
0.0604730714068243 -0.033809425569307466 0.08806957926262926
0.06856515210975618 -0.03473359077938114 0.07397415394504031
0.06735593781649495 -0.02919576428936285 0.0635160547413225
0.06933121664309297 -0.028990934646204412 0.05782022091237991
0.06491605278234557 -0.026421782732951957 0.060277550875654624
0.054405346967144136 -0.029120405931268276 0.12671442667821298
0.037682213965765515 -0.017499883419383612 0.13114399771404106
0.05195069442397581 -0.009865229006059247 0.1656490895476538
0.05348160224492001 -0.022526155017064706 0.1790961641845072
0.062261090208845786 -0.02067395105577055 0.15392714952683756
0.06316944161990873 -0.030042826052895516 0.14947120491401222
0.06362696763976984 -0.03354002287116838 0.1487650437667775
0.0643352503359135 -0.03697765880250133 0.1486714381083155
0.06605768533616092 -0.040305634887171496 0.14930363105534683
0.06928104008048622 -0.04360216938822786 0.15149312360298167
0.07092938045867626 -0.045793081935895014 0.1553795152640065
0.0714653232770088 -0.04723795917595127 0.1595705681551978
0.07122113265576445 -0.0473549151580525 0.1620940094997529
0.06926124405957594 -0.04647787822759576 0.16333329306323355
0.06727662243616689 -0.04422147863163364 0.16372843948341806
0.0651175798538901 -0.04097821731304797 0.16405257327001113
0.06328727005921285 -0.03760971396944291 0.16489200467750278
0.06200663109497211 -0.034390848622109574 0.16598954972166746
0.06130847639418291 -0.03027472680816481 0.16718458467683878
0.06242391003877156 -0.0275562614451887 0.1672829167972941
0.06325052003022803 -0.024044519667992936 0.16716899539791694
0.06378394290822109 -0.021052702097709514 0.16658302756414162
0.06398638815832311 -0.018936892915504232 0.16560773594988193
0.06408563324504725 -0.017593884987647152 0.16473028225753197
0.06382573942126538 -0.0167998777308518 0.16367685874539784
0.05935712716980303 -0.01860783790074417 0.15441359918600495
0.06377605848496055 -0.016661429355713662 0.16181307058121328
0.06222338550954592 -0.016473378735217835 0.15986243452395074
0.05418082568664967 -0.020183881906344524 0.08460080082368593
0.05129217748377855 -0.014579389271744639 0.08069290142941934
0.05015005204963274 -0.012144239682577085 0.0799586450399897
0.04926254610109728 -0.009935661095108411 0.07937309911260086
0.04903679682883849 -0.007350665584834287 0.07949772744255042
0.04772412207864717 -0.0024865188199689634 0.0799719023856057
0.04143712745086079 -0.01659367065143499 0.12671184038883468
0.06313488243405534 -0.018945653084901346 0.15671108815959234
0.09853925712164047 -0.030744094870768266 0.043705358685364494
0.10115953666198481 -0.028380951745280443 0.04927762461953434
0.105709351 -0.0227247095 0.0641484429
0.1198719690482021 -0.05307150883569668 0.06399197906765546
0.11934366851929991 -0.05598776959575788 0.06283322765033934
0.09741447455724855 -0.0237772710099708 0.038824670740158315
0.10111530294099544 -0.030271821172488445 0.04215791850815798
0.11471293910665833 -0.05023942714968934 0.05620986141969372
0.1010472985246035 -0.021056447095517548 0.04379527576380276
0.10548085030460322 -0.02842349482046299 0.0469284963776847
0.11594143825886104 -0.047310424575615434 0.05784184951815673
0.10917553527668418 -0.03429113934003261 0.05040606470443517
0.10535300523862588 -0.03835800617232377 0.045148366510708464
0.109094856 -0.0177499979 0.0573265062
0.111284596 -0.0226131838 0.0599013136
0.1132167 -0.0271440924 0.0620525799
0.1041303540913658 -0.0027841458222404537 0.03154647021554302
0.10558745177843848 -0.010301154564442952 0.03226673119022986
0.10819363689903749 -0.014513649490589966 0.032213092561166855
0.10914143639721866 -0.020671278291103472 0.032096620073902835
0.10837162239526761 -0.029784192135154174 0.03383712207089598
0.11226123831457506 -0.03739811531312206 0.03735889754922829
0.12100426802350156 -0.051210563038842805 0.04665996375320121
0.12760738336658087 -0.056824896388348915 0.05431504442622095
0.10645232207934134 -0.002869522412063262 0.033497693480198154
0.10719905803660539 -0.009683777101065326 0.03359241964251825
0.10949913575533625 -0.01449354643527742 0.03420908276941691
0.10940437714692007 -0.020690693268336693 0.03383330008083394
0.11070951735503663 -0.02884827849573165 0.035186273117173664
0.11474442426813568 -0.036266173105642376 0.03826360963998302
0.12333111550859355 -0.04938118499137592 0.04701713460609036
0.12875811500288484 -0.05571649985877882 0.054066931257482576
0.112707803 -0.00345619488 0.0375315924
0.112731086 -0.0101689662 0.0380310287
0.114231206 -0.014356434 0.0385360905
0.11594587 -0.0192409865 0.0393644417
0.116974997 -0.0268172452 0.0413490399
0.119693886 -0.0334390198 0.0429918746
0.127291199 -0.04538714 0.0480401271
0.130691863 -0.0511600729 0.0548908598
0.0885082577468957 -0.002578336578837198 0.037533309633361794
0.09041394931463496 -0.010363607917893241 0.0386760657591943
0.08709362547774448 -0.0149195140719092 0.04002763781951187
0.10524604945855706 -0.06296141194425915 0.084391100980167
0.10547396078222881 -0.060373650399889275 0.08502620372860245
0.0913581748502184 -0.020754365470591195 0.04520932616707424
0.08957463309756894 -0.023329737983677316 0.04071516313547514
0.08600166373787743 -0.016226328754079124 0.03687107718646695
0.08348104778255531 -0.0026224401369376025 0.03826642719913384
0.08339871244907664 -0.002698587269501903 0.03614757182581844
0.08549338110837172 -0.010075228631324802 0.0389967469167208
0.08420377386009592 -0.011049892247244864 0.03629250745920312
0.09498531005428537 -0.032434185540797626 0.055018451708250454
0.09282219504926627 -0.03566093181458959 0.05029448267048863
0.09090765573705197 -0.026371746931182858 0.05127843420707028
0.0881724370740784 -0.02894624570136287 0.044831841519477444
0.08676217972976048 -0.04558232327691328 0.06690234025519419
0.08955560184691758 -0.04319246054475842 0.06924693573931967
0.08359223217991647 -0.03329499126257255 0.05196325490178213
0.08808017147316748 -0.03447956162379217 0.05087321066200681
0.0856911562020219 -0.03040096929592972 0.055671188552165185
0.08984204483695944 -0.031513941776063134 0.05519566550256776
0.09114760657700771 -0.046940557644655094 0.0654690246406428
0.09537860014827465 -0.048288010516636636 0.06372246224697832
0.09338520145019369 -0.04404901150982805 0.06768942378351693
0.09717673844683335 -0.04516187553599122 0.06611928880857672
0.07935587769609467 -0.02568692085316458 0.04805388794859482
0.08352886224397017 -0.027611537446367868 0.04568713474002449
0.08156894472684385 -0.02339141653980931 0.05170142138851354
0.08603078730199056 -0.025129031820677612 0.05106584158747534
0.07472979864228108 -0.0190365490817295 0.046585674346957345
0.07940073819102199 -0.02074007122408483 0.0438120825192438
0.07651796786971966 -0.017560253987815095 0.049271579770793085
0.08140870112702324 -0.018726055360867966 0.04733498590622476
0.07050310373838654 -0.013335511133305876 0.04628624137637154
0.07547652565153624 -0.014114993698893212 0.04305677049088575
0.07251469539806951 -0.01274342127263984 0.047769061851959276
0.07704703588276264 -0.013341027478146469 0.044834951572199945
0.06874150008919934 -0.009809770792378837 0.04594275117280526
0.07351756161620375 -0.010079721533653068 0.04276526970468787
0.07072879791867644 -0.009225894831056156 0.04761494909093555
0.07511601125412322 -0.009488330245617157 0.0445375547621849
0.0670351357997403 -0.002772599526468808 0.04561360797533012
0.0714199745248178 -0.002819805851923949 0.04262970554937715
0.06837635273687045 -0.0025358598539338283 0.04726250617182126
0.07266617068511798 -0.0025068023189497904 0.04448929896153558
0.12459806859518706 -0.05608450705315935 0.07637689948698527
0.11966198918317796 -0.05841956394943537 0.07853739596220854
0.11273844127651775 -0.06036543016289817 0.08162170642091404
0.12423228333593316 -0.06316588108191272 0.07419415660768792
0.11924085243204442 -0.06278530932355209 0.07730285158092039
0.11273286036729473 -0.06338163088118272 0.08055679537102832
0.0862188364585642 -0.05932953677062917 0.1412850869273818
0.08230695166276389 -0.05951368473649171 0.13374866364893084
0.08441097560114193 -0.06270477731717215 0.14066886292322742
0.0811842121633849 -0.06198133723587108 0.13245054182297886
0.07937725289744625 -0.056652667848659036 0.1251014307305118
0.07836715033486459 -0.05872986554752183 0.12432992814793167
0.0915124998 -0.0530353094 0.145100049
0.090552442 -0.0513560447 0.13651442
0.088371441 -0.0446639562 0.129657007
0.07473291805831911 -0.05364969764852856 0.14718559152400804
0.07366508591727676 -0.05455353304378723 0.1469774315099337
0.07961671657714027 -0.05749857721913042 0.15153396987282966
0.08034548427617358 -0.05631789660220358 0.15183937980087397
0.07566590746836349 -0.056300094643359874 0.14540393458241768
0.07625637674657175 -0.05507487396101193 0.1456434666410452
0.0820815345138697 -0.05818654040672425 0.15934831427157298
0.08290305286628559 -0.05719466706058071 0.15934017517493412
0.07744387085338318 -0.056278462890978743 0.15307717829271641
0.07828119477651725 -0.055494081145638675 0.1532618096837552
0.09427963474949971 -0.059298343121617296 0.0914183072766438
0.09956561460739564 -0.06104281743568559 0.0882984403680901
0.09696115573399798 -0.06808378525216878 0.11528080759529666
0.10240777232802273 -0.07137860679748799 0.1125602704119809
0.10031624392028501 -0.06915972116476356 0.1262566639978294
0.10534369595334878 -0.07286089315260165 0.12422585314557917
0.10328647394908977 -0.0707450303715829 0.13628294889325762
0.10818209701352578 -0.07394566539049427 0.1347546799456906
0.1002271983643736 -0.05891270268734681 0.08851269898419868
0.09510673549103395 -0.0574196544190265 0.09179034711027625
0.10356915650621636 -0.06836181356857562 0.1132920796952063
0.0984183788629 -0.06592148812640149 0.11565121739214272
0.10604499092666017 -0.07011103848650875 0.1251796980508503
0.10103910218344805 -0.06720401881753178 0.12706403361990753
0.10885587950299788 -0.07108649397034567 0.13553939276577517
0.10361632588724351 -0.06862771893663515 0.13703295152371717
0.11604310967067512 -0.07268503905826654 0.17945275748475947
0.12180420078754055 -0.07410551063772679 0.17903099778837414
0.11650754283242648 -0.07106797147924047 0.1803200558635471
0.12195660417252538 -0.07283612094595907 0.17981122184970422
0.09481571681111114 -0.06466247800140563 0.13937182768508266
0.09389090896396506 -0.06674952941632246 0.13872795313066494
0.09202903906909683 -0.06333547349328196 0.13018255734540513
0.09118411458171746 -0.06497875175549958 0.12961357690646713
0.08921967305142273 -0.061317098744639774 0.12030662166025723
0.08826417309977969 -0.06310697165704245 0.11976954326423611
0.0809136379776578 -0.050365210550280676 0.10021233738562939
0.080636762401595 -0.051573145180241475 0.09976037831354581
0.09957206782656809 -0.06720765415604292 0.18079887328676425
0.10507099343070211 -0.07007748535567225 0.18014395157389038
0.100549515 -0.0661152164 0.193806999
0.106434941 -0.0687339325 0.193603114
0.117944037 -0.0731095366 0.193466301
0.124171245 -0.074578448 0.193308125
0.101319931 -0.0651860893 0.194173689
0.107107971 -0.0675507616 0.193902823
0.118330185 -0.0709492306 0.193944896
0.124408991 -0.0727700344 0.193885301
0.10040219606335218 -0.06459248519269987 0.1815488231310594
0.10575177334024849 -0.0672204307277508 0.18140884906015778
0.09047351689999106 -0.05899449361308456 0.18282030660522733
0.08967986524540182 -0.061577971834261974 0.1824004299413205
0.08230623740659548 -0.05527921597810985 0.18220951508245944
0.08071657133143377 -0.05576019005194774 0.17471653367464005
0.08184351666376535 -0.056998568775824744 0.182404879471834
0.08012847761089846 -0.05725951284862516 0.1748340180964974
0.07832500429542275 -0.055410943587421026 0.16551196449764283
0.07743229176691896 -0.05641342516651438 0.1653094994116272
0.07233322914340166 -0.05250782658317933 0.17748482231452858
0.07087711707238362 -0.05175299639634774 0.175295541080176
0.071650818959412 -0.05381165843877329 0.1776285179520661
0.06996438072615924 -0.052862236292492516 0.17490449946934628
0.07390505075669968 -0.05177905130031576 0.18409626702521514
0.07319040828888722 -0.05301684317071971 0.1843902603794617
0.06580091188410526 -0.045824888259547523 0.1845594619802708
0.06501584865094055 -0.04613040373567954 0.18044092629144953
0.06467776250009573 -0.0473905274336394 0.18492988650479772
0.06253133716488218 -0.04801130778910116 0.17914495894214275
0.06428670738020231 -0.04501258945567019 0.17790240643555943
0.06240578410875056 -0.046653872929942046 0.17690819513789052
0.05502856717860733 -0.032666498587428885 0.1867325959994593
0.056743376003977046 -0.03132243792085827 0.18632504309276532
0.0579074238 -0.0261303027 0.195433057
0.0567394266 -0.0269555816 0.195991766
0.0631089236 -0.0356515702 0.193717151
0.0618023248 -0.0368996185 0.194415476
0.0678369232 -0.0447339104 0.19365821
0.0668810604 -0.0459508885 0.194294179
0.0752830515 -0.0507657232 0.193762686
0.0746472989 -0.0519346249 0.194407402
0.0833377727 -0.0552134163 0.193714467
0.0829064075 -0.0565160704 0.194359518
0.0919173196 -0.0584684754 0.194614513
0.0912822442 -0.0598907437 0.194134543
0.051581974760754136 -0.024197258938480185 0.10134475368254511
0.05239553752698239 -0.022213845218835817 0.09936430080970336
0.05065669259529051 -0.024564523456617457 0.1007535933916836
0.051823294532390415 -0.02192409259020358 0.09825675239752052
0.05418815053980971 -0.022478701332714894 0.09661565156882046
0.054202923089368554 -0.023149932598683105 0.09756515329114075
0.05440201046304002 -0.021056509400820374 0.09411639805018018
0.05375624646303909 -0.01987893637157097 0.090535251829846
0.05578020263717023 -0.018428394970481484 0.09048573590872522
0.05642054818664555 -0.020329449811378242 0.0940442000725809
0.05804054508505594 -0.020615905909440853 0.08800882808938544
0.056478274063353325 -0.022100611251545634 0.08747197247786564
0.05926868285049819 -0.0220520725870867 0.09012116569825107
0.05771844882870845 -0.02065511388723778 0.09302101398568478
0.058043954553545656 -0.023071115295109107 0.09053913984148794
0.05532055728817609 -0.021416221084930392 0.09334390286904126
0.049675699763374374 -0.022557063063898264 0.10202679000900247
0.050863313699217656 -0.020153226950123237 0.09974904612095872
0.048660418390416904 -0.022767226524833612 0.10148645951876169
0.04917930941867025 -0.02029626910298835 0.09849457251546839
0.052873232435162336 -0.025171784745636836 0.10105649093768529
0.05350925646966212 -0.023953077787341546 0.09883128637286574
0.05203405750829878 -0.025402084943548238 0.10043359451485748
0.05227254945469851 -0.023942957214880912 0.098245113443576
0.05451523597701793 -0.02143157806007749 0.0968150327408926
0.05498442103702514 -0.020049531833240684 0.09788203924487784
0.05456169546604945 -0.02208519547022655 0.09651263005496073
0.0546732287479226 -0.02186850164036721 0.09654335425584448
0.056368000024400705 -0.02235319791798091 0.096267748812806
0.054609658191968106 -0.023128640891174987 0.0963243705171725
0.05465666382381373 -0.022899816044215333 0.09693212396075007
0.055521712828233434 -0.022323901799997613 0.09734099737241987
0.05675922040947749 -0.022447508341817222 0.09555964596790018
0.05468050179245918 -0.023288512455698213 0.09582718031512491
0.05525204611902181 -0.02344245269620298 0.09534130641559535
0.05746334683030279 -0.022380079749983326 0.09503721615544858
0.049724908109554995 -0.015334882232735934 0.08681831142905823
0.05345844403285303 -0.013792912997516239 0.08699782885211124
0.05827313168370982 -0.012641192636769053 0.08957215049572628
0.06238810045088996 -0.01538726369175371 0.09156834253844795
0.05521727694850101 -0.004349821506039453 0.08567582556519542
0.05003067178495916 -0.004188366647857912 0.08424938240374365
0.045434377760972706 -0.0044516773606880855 0.08316032484753486
0.043228942302658085 -0.015229891784949944 0.10100607897348901
0.046135644314833635 -0.015372506983485927 0.10100091347927427
0.04972633407655579 -0.015278368864423244 0.10307809384442981
0.04612466230420469 -0.017543367055338627 0.10461311098259805
0.04363230591094865 -0.017549359821161882 0.10496965268802534
0.055019661613002216 -0.014467589932089785 0.10744134114197045
0.04478032538308736 -0.0193368784297587 0.10712335288394703
0.04591969169076518 -0.019412210009739157 0.10744859681038514
0.055524479848670656 -0.015475010149468935 0.10997509009855554
0.04449779026308866 -0.014268790191538164 0.10278753358404423
0.046129791310596704 -0.016436163847190537 0.10244780174558124
0.04165532503418864 -0.014189973939203373 0.10374914388544358
0.04327773480878272 -0.01641091225781832 0.10254760583748795
0.048750420250653764 -0.013990412474858369 0.10420921810457542
0.04990628740349514 -0.016002169459172117 0.10425856432307187
0.048551335650567816 -0.019523946600642588 0.10138237161697944
0.04614670405422796 -0.01886889972073416 0.10124159905715081
0.051750103453245044 -0.01802904276271669 0.10361417872695297
0.039140304804047676 -0.009101174061127844 0.10288559447811928
0.042056735081008004 -0.00870325472421109 0.10277883784401418
0.04580014638869938 -0.008397020604119546 0.10265792159169071
0.04000104539465678 -0.01164115924518554 0.1048418562333623
0.04283409154724666 -0.011727096424026945 0.10385341554786365
0.04714342987822039 -0.011346418685680818 0.10431006893206769
0.046119869954532204 -0.02099727953611559 0.11108187107958087
0.04730901915888019 -0.021145563389676006 0.11167266717017632
0.05710314704806157 -0.01699751613998594 0.11475132260362643
0.041790161098587526 -0.009343386472916585 0.10608961878380335
0.03920370516752411 -0.009953651533267768 0.10701371447210374
0.05064874459291265 -0.008296897262982359 0.10649278443227655
0.045825606836621284 -0.008349304786057938 0.10385688469515557
0.041927490194691885 -0.009080620729271597 0.10441779986781395
0.04534859445466029 -0.005048375847002369 0.10352535204249835
0.04114133846278957 -0.00635778967711487 0.10410860906975675
0.039293252413734374 -0.009893607560548646 0.10525500620894786
0.0380486639727913 -0.007364023193036235 0.10512959578648809
0.041290815816476485 -0.008906483005134507 0.11008462449114842
0.03953346113276096 -0.009961401604810361 0.11000635931779809
0.0516603471280761 -0.00850265766080241 0.10953587400033506
0.04162316119388073 -0.00929421815393381 0.11340733254159958
0.03987670861491503 -0.00985368376172388 0.11371404644401888
0.05228476116671935 -0.00839561146469277 0.11261952362669608
0.04913226607932197 -0.005626223060704034 0.1041484969607373
0.048974659397742266 -0.005463721093850335 0.10301359079624614
0.048725525824049716 -0.004371768553960664 0.10177777725765133
0.048627054829925596 -0.003827548986413773 0.10092303598595546
0.04714150753352978 -0.00399989676345908 0.09892756501995952
0.05040513794453815 -0.008085578431658825 0.10509385505268941
0.050227960720643235 -0.007839238264709938 0.10378977441069183
0.050003477505380325 -0.007564255045363244 0.10285551174439007
0.049556722837443674 -0.006995115734434175 0.10181290599370933
0.04815316368159421 -0.006395029350346244 0.09962921458396803
0.04949222648585373 -0.00811042043676404 0.10063158908317245
0.051687269218331486 -0.010204637799224012 0.10593529888236142
0.05144063410688396 -0.009860934352415772 0.10469663732670632
0.05105762756475798 -0.009501246469649146 0.10355937646029473
0.0508158794187659 -0.00898710580681488 0.10271211412620355
0.05054145447563035 -0.009820586766142177 0.10116116230530485
0.0531200625166708 -0.012723891718048153 0.106400199277127
0.052696828913721086 -0.012233698986921318 0.10532917566661906
0.05240502083847185 -0.011647681974929144 0.10429556800564434
0.05202104445098686 -0.011119738453464006 0.10334168987706858
0.05252832969455911 -0.011839616348180652 0.10201629070959388
0.054723745874548785 -0.014398913407191825 0.10630677702338887
0.0543275617195571 -0.013981831618446157 0.10548806007129068
0.05378109596206444 -0.013392406431427343 0.10478938583188449
0.05343399642769944 -0.012860542286172099 0.10394935548678572
0.05433594028707735 -0.01409167293744147 0.10271520400938439
0.055838099254430444 -0.01586266605302196 0.10588417787527638
0.055531104048325355 -0.015556257185834203 0.10500100776585422
0.05535754597617547 -0.01521338322672475 0.10447036834650048
0.05504466032195401 -0.014833658706215284 0.10413685966687272
0.056359315960399975 -0.016538217028298084 0.10826376902745254
0.05536310495552834 -0.014900621950779038 0.10832357173697434
0.053655930214388026 -0.012961393436248476 0.10895020736374147
0.051971115266522885 -0.010751366744482455 0.1079478235444631
0.05094699246701464 -0.008266703137906855 0.10755693395016432
0.04978127380688033 -0.00611005203079356 0.1067001578547503
0.04909415344128936 -0.0042888852069451 0.10610617811613297
0.041002527875232626 -0.003643729538038111 0.1026345527863292
0.03751269334254294 -0.0038756867203765095 0.10326620044647099
0.040266760743238025 -8.122911037644987E-6 0.10261835111660497
0.037055181025967915 7.180626887212443E-5 0.10293992115593581
0.04423907401688961 -0.0025151448827333014 0.1021139420074019
0.04410973664179198 -0.0025517019762267435 0.10057018901976243
0.04406112709645582 -0.0025310100470961367 0.09937222142368812
0.04403048787545307 -0.0025843416302639907 0.09810942965080229
0.04399301002777638 -0.0024640031760701613 0.09681715918538754
0.044407124055997955 -0.00261492247418035 0.10331787042084455
0.04852047590701576 -4.11483830001164E-5 0.10421519911174594
0.048840173336795745 -2.4216929683896676E-5 0.10556424432439067
0.044667434447986744 -1.2718551784410131E-5 0.10187271018410883
0.04455680785609779 -1.1546814606267533E-5 0.10051237910920256
0.04420403126955694 -9.283658364390434E-6 0.09924277980493758
0.04404559807839737 -7.496474551651184E-6 0.09797894802608767
0.04349815737757743 -5.428993274400573E-6 0.09672441511070108
0.04479502674883578 -1.205875889835134E-5 0.10315351885920578
0.04021105727575659 -0.0014367402359682197 0.11366772873101084
0.04055255403885112 -0.0014520121713321491 0.10994871132232865
0.03810151624927457 -0.0015566865639576328 0.11465074664248179
0.03875974462259591 -0.0019752136791665394 0.11012954689810231
0.05086933699916621 -0.0018253420663056632 0.11155929771591991
0.04984241966852297 -0.0019460313425104618 0.1084719995451355
0.040660250109868394 -0.0017270044279823595 0.10442630261800415
0.037729010981914834 -0.0021579425731219023 0.10499933237864802
0.04920972136239137 -0.001944538400558788 0.10572887297176922
0.04890214087475014 -0.0018809413453808569 0.10452950843129204
0.04074658525836423 -0.0015568467007969942 0.10182921651184589
0.03721155186355767 -0.0019889324955609635 0.1028701309900582
0.040620402710389046 -0.0014339413940611893 0.10089479488963272
0.036894135400525135 -0.0016514165350526929 0.10122839949987655
0.044805721481392745 -9.772754906118577E-4 0.10313889712083073
0.04462347470797221 -9.578572238180048E-4 0.10197010903030328
0.04443323621760864 -9.551414328798688E-4 0.10033896488267277
0.04435915332908549 -0.0010661993757715544 0.09913729323836772
0.04394727296835544 -0.0011372323963720647 0.09798796666559209
0.04351759733492858 -0.001209733843360057 0.09674443009110557
0.048386835795137556 -0.0026118122585612846 0.1000017905822917
0.04877735478339715 -0.0037628157574605067 0.10354614964701227
0.04860180023456236 -0.002979350366789007 0.10217013330335083
0.04852068534474953 -0.0027767732219603778 0.10120674387082228
0.046504333579974126 -0.0025102999083099742 0.09833096242863167
0.04809044707394043 -0.0014366372017454363 0.09926265980783165
0.0486157887228898 -0.001834050866871002 0.10345786143798458
0.04835918380009094 -0.0016723433236042926 0.10179737946173825
0.04828852481960588 -0.0015514655766039906 0.10068417622852711
0.04605488091853232 -0.0012657035982281879 0.09732326817980945
0.04725961836116104 -1.1491142167615127E-5 0.09893521405918686
0.04821113847688098 -2.134897326722117E-5 0.1029406138232282
0.04803714580980098 -1.533713920926452E-5 0.10136393066310749
0.04768859245694426 -1.3848087283004114E-5 0.10022811087659071
0.046149213517515414 -8.450009158665958E-6 0.09743054726076118
0.05718582442791052 -0.01824121209742679 0.09746079790472272
0.05994420292692737 -0.017358835141219345 0.0953081626915038
0.05589410629044937 -0.018897910634360842 0.09862853679956765
0.06252678937404108 -0.017121994717774862 0.09392296200529987
0.06385542276116772 -0.01749311313348122 0.09284529606215786
0.05558497178184173 -0.01623643162585717 0.0840737040345986
0.052481364601992375 -0.01735108600708478 0.08222388062580531
0.05173195399457755 -0.004096773798577466 0.08114016013755199
0.048757510667912285 -0.00498464112335086 0.07977910967238852
0.061839736565274854 -0.014709125105074158 0.08786468989739543
0.06417746829142565 -0.017593886507288218 0.08987334519834382
0.06444149634966045 -0.019147477747720236 0.09112350312607248
0.05642227931830196 -0.004398707424235223 0.08383181752092107
0.05992201885044703 -0.02334318882704589 0.09220939267792591
0.058597818632375294 -0.02241238027561593 0.09411723945641706
0.05873575539718526 -0.02409920836858589 0.0924925919515025
0.05591916538342549 -0.023708999216868046 0.09469983422426385
0.05681730071317299 -0.0207578948075183 0.09822487887583287
0.05800034217978758 -0.019086675735016687 0.09791414826630956
0.06038126571519002 -0.018397456595164865 0.09636531304408077
0.0625250935346803 -0.01834850742945676 0.09510314965354244
0.063760331308928 -0.019069865721099498 0.0938887662238112
0.06709875637352547 -0.016928433074778364 0.08725579882247257
0.05816350564051367 -0.01850757841362666 0.0809730449339486
0.0645399061430797 -0.020229322368255698 0.09283423039910949
0.05607753602429602 -0.025580213100855575 0.095422744616997
0.05843864363538169 -0.024039002157935904 0.09553475850485478
0.05590159333218256 -0.025443991865876803 0.09574273741155541
0.057706814641940926 -0.024178508639462432 0.0961055693872491
0.05588438878463595 -0.025207937203883146 0.09598677974873158
0.05783502362751066 -0.02339158615992582 0.0964939439230758
0.05607816939657396 -0.02484884771373357 0.09626743437423131
0.05665425401430301 -0.024146716257274003 0.09678231567445768
0.05806967122014712 -0.021169675515954355 0.09834659204354358
0.05908867637575807 -0.01928828996569504 0.09837057667909725
0.05981233221341522 -0.01898859836697086 0.09826493009943454
0.06099873864259882 -0.019364790207637112 0.09755552189384364
0.06327180870015812 -0.019389719939525485 0.09571166831895718
0.06432689288975872 -0.020197848079325235 0.09526068062896405
0.05017100249209515 -0.02134353989767003 0.10096805089629658
0.04926270974548053 -0.0215059498481481 0.09998554411206544
0.051747239527469985 -0.022891935639108477 0.10043088298456654
0.05314549062172783 -0.024646937072864496 0.09981030375547569
0.051241034562175394 -0.023321463529423797 0.09979376524062004
0.052292608176732674 -0.024728754163484704 0.09935303371565236
0.05571907663854064 -0.015603054896221866 0.10211969258883641
0.055958591127615816 -0.016044606079676206 0.10376179885218913
0.055923213536034536 -0.01619960315044494 0.10424242076009742
0.05595221480494001 -0.016489529016734047 0.10476719359636902
0.05621256248327754 -0.016845669766926762 0.105794370038093
0.0565580101055883 -0.017265455585605688 0.10702433950774541
0.05305693755493827 -0.0187836751678728 0.10244376901263194
0.05303010455832453 -0.019484106488911437 0.10350438282622178
0.056816238474325355 -0.01772877492318113 0.10794131552038416
0.056434473336948794 -0.01707372153181974 0.10127488815104488
0.05649403679509753 -0.016926378863686198 0.10307413548344571
0.05657875524834763 -0.017259957598969478 0.10356411690800939
0.05690463160124667 -0.017966368336647505 0.10432336982887717
0.05780024101552958 -0.019121053890796692 0.10567903088771423
0.05826730406836055 -0.019569088565426163 0.10688963988715502
0.054634958929663975 -0.020423648708982205 0.10207623973041963
0.0544558128785378 -0.02101714125342612 0.1031754974949394
0.05853398099519377 -0.019622409602785055 0.10749364166498067
0.05663630983016495 -0.018568102142343328 0.1003827308630619
0.05712678894513044 -0.017701483902749292 0.10205091487255814
0.05748626955437072 -0.018244756180700192 0.10283350405637427
0.05916112470608862 -0.019658527767528217 0.10418610534466882
0.06085579808039299 -0.02039191717718279 0.10574268303830384
0.060848413430172554 -0.020405311543431025 0.10649450280773841
0.05594540790235478 -0.022372568243859105 0.10173130775993432
0.05600165631590837 -0.02262538840879155 0.10290866078321903
0.06085035195477453 -0.02031470452805596 0.10699871106284838
0.0561048534322193 -0.021863301857762158 0.10075580026389783
0.05631575850934714 -0.021162172793343103 0.1000340652715922
0.054503449777752816 -0.02258887496409318 0.0973394828330179
0.05552219173123315 2.653103023604582E-7 0.0882060552452987
0.054415871019953675 -5.427720309263854E-7 0.08966608755239978
0.05315537991860228 -4.801973516077764E-8 0.09296258787557966
0.05151024790041902 4.961701430806858E-7 0.09431757611718054
0.05838776907425162 -0.0027534737543509504 0.08487614143106606
0.05752557389996106 -0.002759091453553491 0.08697662929260298
0.057061733351933375 -0.002793999713674695 0.08847649434900773
0.05612668381420498 -0.002909481097512218 0.09010874177892368
0.05383781528271826 -0.0021403203411881383 0.0925238069052708
0.05168494019913576 -0.001907408679705295 0.09484719086019135
0.059235419419312055 -0.005515217720774811 0.0854770896647421
0.05841489347654471 -0.005288451768435064 0.08737392401653506
0.057379833624354115 -0.0049429907359718524 0.08855740101347143
0.055951849459656464 -0.00423237882835018 0.0903784559155457
0.05395371775412928 -0.003790947693188572 0.09339058731943764
0.05065056109412164 -0.003760263522131677 0.09558627355500021
0.059814948113995584 -0.007643315791688161 0.0856326080827758
0.05905303008103847 -0.00688869292507399 0.08776640884740787
0.05790815916314177 -0.006403190732671783 0.0892103538501684
0.05589856234995942 -0.005844783397017292 0.09129418783303915
0.05375487789300565 -0.005428821380153925 0.09390720788656828
0.050362801453535014 -0.005545001661832524 0.09638665377243168
0.06000222196841933 -0.008523998570360375 0.08568957098036149
0.05934465957518237 -0.007951033488296367 0.08766371102647501
0.05792225655094737 -0.007145513364639564 0.09031749248368869
0.05623936951077661 -0.007193372252438638 0.09198620519838319
0.053715125820979634 -0.007112563712055964 0.09468657746681415
0.05056957453885247 -0.007629263850503149 0.09749055203670375
0.06252129359003243 -0.012432446176036366 0.08657594599089695
0.059038393768834616 -0.00805367837111997 0.08912646711307615
0.05766970481309959 -0.00849364279368331 0.09079966296848678
0.0565123091692669 -0.008107955429381686 0.09255817756971527
0.05394082968582249 -0.008499707816228339 0.0952859111681399
0.050577455758964156 -0.009467238101422738 0.0980458246174424
0.06323728162650374 -0.013299686931135616 0.08759607709700594
0.058902291391567455 -0.010333097260664057 0.08955033921748642
0.05792808494197461 -0.009885798571702574 0.09106132797571015
0.0569218245832502 -0.009201813470523677 0.09295697512538345
0.05459607772741665 -0.010114489383631693 0.09618926225593138
0.05072913454917193 -0.011175628834170425 0.09816938947529301
0.06392651756019035 -0.014365325437442948 0.08847626254623828
0.060574438182492994 -0.01253985786615568 0.09076530621273686
0.05889913753982525 -0.011812242791409973 0.09190559681178144
0.05779535504036124 -0.011254746842885719 0.09353969020948902
0.05608323994547462 -0.012263538298534358 0.09723185526994849
0.05375498247516424 -0.012993600716352617 0.09940598423276444
0.06456500496711019 -0.015767736272612676 0.08926555366115542
0.06186994619190537 -0.013812257820174697 0.09121247198930876
0.060106873408796425 -0.013461961369491213 0.09264761756961067
0.058903574807326456 -0.012966414323351808 0.09431931102798256
0.05742167514588749 -0.014280239895640982 0.0981615842139029
0.05585309084083021 -0.014897340557280984 0.0993758532088413
0.06541358897433683 -0.01706217697666502 0.09049689525067134
0.06367098219773654 -0.014860631275675227 0.09197707401326713
0.06221596397621733 -0.014434714492208074 0.0935385244987326
0.060102406944823675 -0.013954489239907789 0.0950283983482881
0.057630397425707094 -0.01603402471044124 0.09829096765350125
0.05652979710758569 -0.01673985599301468 0.09935433070848214
0.06566634145535798 -0.018391826399386288 0.09170055746845715
0.0647029892514433 -0.016808546236332628 0.09329912790220392
0.06327766361057528 -0.0161660579026057 0.0946297319365985
0.06063183391387321 -0.015708295229222357 0.0961137956671351
0.05768485430795991 -0.017343399693254675 0.09846452910019417
0.05681722240358925 -0.018069370523835164 0.09924629787290361
0.06570918658254565 -0.019027517400917487 0.09349627635592227
0.0646671275241129 -0.017848334866296594 0.09433681826245402
0.06324183831252674 -0.01720639639092795 0.09579576420078265
0.06089230223869297 -0.01704398611469938 0.09734470578898055
0.05839317768775108 -0.017664999568680947 0.09898303712201723
0.057223525078340276 -0.01862121677355901 0.09965520143800126
0.06558083519752246 -0.018985225727062578 0.09624754285869239
0.06428228514564445 -0.0181996638402344 0.09665376665549762
0.0630291687092327 -0.017789372375717635 0.0977650984155269
0.06158835744653298 -0.017142216905665607 0.09894419190325054
0.05999318182013701 -0.017445316462648408 0.09951137890811595
0.05790557764244198 -0.018817245789470218 0.10016712065452396
0.05480132041150661 -0.019403288877718968 0.07900475189924809
0.06147253594077918 -0.020394286696703078 0.0779203941746187
0.057212652794703965 -0.021429136155020158 0.07545331459787291
0.06190108997083454 -0.02210280916578494 0.07216646213750441
0.05957764200437631 -0.02285459631792885 0.07175416321306163
0.06320830762979403 -0.0267626478486496 0.08261352466457153
0.06441205371169854 -0.029024240374592978 0.07652963265104674
0.061118572327084404 -0.027810739029116644 0.08077790977336567
0.0628385100992817 -0.029818707957377098 0.07628713893015558
0.06053303379570825 -0.024512222829637647 0.08635301448749572
0.059324591492418595 -0.025524665730558945 0.08519661665489384
0.061481655919610634 -0.025627032805674858 0.08823645208115317
0.06372756457347568 -0.028427278873518848 0.08482021265958209
0.06003792478992907 -0.026890986501304406 0.08726959121933776
0.06181773977737097 -0.029332276834549073 0.08275828313302563
0.06517523311775121 -0.031369364693668696 0.0784237557177772
0.06342310908661182 -0.031988742427069276 0.07781027690105813
0.06264860287030984 -0.02497693510301063 0.08101800794586068
0.06426583722769182 -0.027622462210584623 0.07498248292954446
0.06025191747815839 -0.026154652897203725 0.07894434762731219
0.06206341323090642 -0.027810338055432444 0.07444066576198738
0.05975508146963865 -0.023053633271337613 0.08445837624262996
0.05842020291360607 -0.024058509020509503 0.0832573624358308
0.06869252967189016 -0.019063254277767137 0.09239742474643169
0.07540882089110225 -0.02304436758374283 0.09174472549666833
0.08000092214884932 -0.025341127651556373 0.09009177602051748
0.06892649761528512 -0.01988364064880736 0.09423260536197946
0.07600171926019932 -0.0226998852186172 0.09457622108016477
0.08068357325947631 -0.02557282081947943 0.09361555495393632
0.06818849642473242 -0.018581842885173165 0.09036342016624317
0.07444193263945559 -0.02224317999409241 0.08978427752579955
0.07865820561307019 -0.024424140161251717 0.08728185322377649
0.054995527749211987 -0.023052086980227763 0.09700960055522496
0.05666501308336171 -0.021778109807950155 0.09785679992987426
0.054943789071812556 -0.023881195883648815 0.09699967828635873
0.05690019761705201 -0.021947539733137632 0.0988886744509843
0.05774395350856428 -0.01823557123454254 0.10145941970140178
0.05683286478721514 -0.019021174508785987 0.09997783229233032
0.05466566690250786 -0.023634831936254562 0.09655740776598501
0.05479063208919125 -0.02332179780245692 0.0965370803087116
0.05467264666999756 -0.02459429298549857 0.09717999516628677
0.056962276830801455 -0.02238706508384181 0.0995927321796908
0.0544073279250969 -0.024173980798165316 0.09674519254971885
0.0581714591646041 -0.01869207947184174 0.10223517436685793
0.054409474559238474 -0.025168152115060665 0.09756589215143695
0.05697055073074533 -0.02284312685595545 0.10043488488495057
0.05378296893785186 -0.024842751469506045 0.09706562414992957
0.05997715454538273 -0.019994242405688936 0.1036397268650827
0.05424346160480193 -0.02574041891899508 0.09831581954486567
0.0571693201837345 -0.023006014305363327 0.10160044837643749
0.053313390968214136 -0.025528056644426953 0.09760973434125271
0.06156862919435963 -0.02096527057180135 0.10478410673584847
0.05413342590754735 -0.026252497439544407 0.09939170988531545
0.05747560915120814 -0.023194911557786798 0.10270214535401506
0.05326322457910991 -0.026206988750472556 0.09868249592841101
0.0618261455768218 -0.02108806237097275 0.10543375707864995
0.05407980025810658 -0.0265376451945014 0.10039227199298081
0.062047833126133545 -0.021101720837835822 0.10596087347910972
0.05321485942068531 -0.02668771339225272 0.09971627337689533
0.05615641031464322 -0.025167525164271193 0.09673567525935149
0.05812269842453676 -0.021572099544433326 0.09903206205566023
0.055471576837912276 -0.025651604636955448 0.09635935096040406
0.05893444772629281 -0.01880949767190552 0.10097907300416545
0.055791605436761385 -0.0259453812604751 0.09677825375467969
0.05812976680513397 -0.021928883510286438 0.09944144374276885
0.05515718617485473 -0.026058205169152263 0.09643632611112257
0.059555742967726824 -0.019237591543303473 0.10157366948393588
0.05558805450792065 -0.026421758245371938 0.09706666310044727
0.05841534714778987 -0.021935754090919576 0.10041084695061665
0.05473787345304276 -0.026420736118792955 0.0965752246154434
0.061172995089442295 -0.020028833275683677 0.10285168572635942
0.055655624881376944 -0.02683607999633181 0.09769806853267038
0.05905063055416849 -0.022615873170783996 0.10122842423541159
0.05465185208959479 -0.02680794188091319 0.09697324705375289
0.06257232071353783 -0.02064778189074891 0.10402280023131634
0.055449139055258556 -0.026506905997610172 0.0955559917838985
0.057114097138251566 -0.025988490483689647 0.09599639090426529
0.0609155138563711 -0.02006076097750346 0.09991416745354817
0.06288458125308674 -0.018968620277334234 0.10157244593369857
0.05617428235586645 -0.027315724598763344 0.09885394640644103
0.060230809674909014 -0.022606219133936383 0.10242708380851702
0.054649919482388114 -0.027507903826346974 0.09754080409087082
0.06329495462727999 -0.02059724142458087 0.10423428947668295
0.0559842634409442 -0.02728066925729954 0.09495108938824773
0.05762585865502099 -0.02679852203670643 0.0957933917799284
0.061270675968279294 -0.020146975795640724 0.10013065061079782
0.06423921624858932 -0.020269152983539773 0.10242694757501711
0.05649802177840819 -0.02765463713292352 0.1000894644331059
0.06354393870421342 -0.020844116713386686 0.1048036296107538
0.054799668854419205 -0.028032101778234016 0.09824758722356511
0.0575600522728204 -0.028241899367418853 0.09394545498888814
0.05905858082820489 -0.027394304283899037 0.09540254141026874
0.06536365794409808 -0.020986597182132177 0.10175878120803555
0.04939921396684581 -0.023911786083074284 0.10404896162936624
0.04827575220625057 -0.02437474245601914 0.10380709884599203
0.05164718256742419 -0.02481651450479979 0.10346737566888223
0.05027518640286459 -0.025780875131475783 0.10265333138749326
0.05336483297039688 -0.025390253620884973 0.10345439107818807
0.05179329042612776 -0.026415938451301507 0.10227757240094221
0.05512420640333524 -0.02656868025180962 0.10286272861369457
0.053276508759010306 -0.027841299063478472 0.10113189264351052
0.05781673879355888 -0.018537579315209822 0.10958644907970244
0.0595479816951649 -0.019900260722391795 0.10908804411676884
0.06124702610464401 -0.020638295989369778 0.10811787215164036
0.062448636983468746 -0.021079269025767636 0.10728782612469327
0.06441944143843435 -0.021607082554910978 0.10618500633863223
0.05086828152630449 -0.005484889778782006 0.07633865885193387
0.05103159909155535 -0.005543429832347201 0.07296952296048123
0.049793478405562176 -0.005344393660226077 0.0683176496567118
0.04888992008455355 -0.005694421034368563 0.06512915005421628
0.04906831516889291 -0.006147873435320194 0.06261584890496363
0.05037882712354976 -0.006361002592127252 0.05947778886658788
0.0530682861369667 -0.006397307797131605 0.054562214541820614
0.06281111364800544 -0.005990327957600277 0.04800194725240408
0.06765846123967509 -0.005769021702186363 0.04597360219057639
0.07214424027478317 -0.006067001072282065 0.04262038586983674
0.07767708480399296 -0.0061146962351653344 0.03923279705587693
0.08356033182649612 -0.006488333822720642 0.036102056184030125
0.0882138759821056 -0.006733473309748371 0.03487887769281669
0.09161026507544733 -0.006884603629903264 0.03438295327356709
0.10750210254192463 -0.006351137441182543 0.033597892643182
0.05333319813459219 -0.004216196874820591 0.07787705583937005
0.05356972531003318 -0.00508450711319978 0.07369857804162043
0.052422098778941516 -0.005167220002191862 0.06931598784426705
0.051233027474440564 -0.005416841736147343 0.06551762658896719
0.05116005857952301 -0.005892151372011613 0.06324797012328727
0.0524453046539014 -0.0060256633314573664 0.06133440316607719
0.0557233202567534 -0.005929033342800189 0.057564892564630314
0.06454304010716808 -0.0055994368928069214 0.05024326153072027
0.06914710685318476 -0.005722889827288195 0.047418912475647765
0.0733657639469751 -0.005761032698415717 0.044187749704922334
0.0783314400692607 -0.005895282519849414 0.04109227248497327
0.08402713728708106 -0.005984349792267814 0.03841973436854004
0.08897568921133886 -0.0060198275084451325 0.037648375509531276
0.09386259465222416 -0.006324146190978659 0.0376291077996767
0.06087859258881981 -0.005524448476358262 0.08170906900116909
0.06267449709922894 -0.005373769854378804 0.07819139936644305
0.063577876614539 -0.005139522352714375 0.07419742149993004
0.06374645277175994 -0.005018561155355005 0.06978163203376116
0.0638349383 -0.00506651384 0.067130557
0.0637772542 -0.00496064089 0.0643099836
0.0636194431 -0.00467075976 0.061077004
0.0687089123 -0.00552398616 0.054571133
0.103647418 -0.0055243004 0.0522292859
0.0875512304 -0.00562569855 0.057146991
0.0744824568 -0.00278186308 0.0567282334
0.0817633029 -0.00246760719 0.0570743489
0.0918479291 -0.0023308376 0.0560342042
0.0965610321 -0.00231162843 0.0554299875
0.0748288749 -0.00532100669 0.0563278518
0.0811973294 -0.00574974923 0.0566875992
0.0943523083 -0.00557093151 0.0564846847
0.0992140047 -0.00553757993 0.0552947372
0.0757274163 -0.00842965351 0.0562794747
0.0819304192 -0.00844788648 0.0572072355
0.0953903872 -0.00905506033 0.0578352288
0.100454528 -0.00902170055 0.0565715127
0.07774715 -0.0120340015 0.0572022293
0.0836595137 -0.0120803683 0.0584294072
0.096965782 -0.0129824544 0.0597643363
0.101896341 -0.0128956478 0.0586676072
0.0814314809 -0.016100931 0.0587337729
0.0872858183 -0.01633731 0.0608764397
0.0988101698 -0.0165888757 0.0623096115
0.10518431073950948 -0.006297151280899521 0.03325929758712799
0.112715307 -0.00654408403 0.0377532574
0.05498731354600456 -0.00322251527020309 0.05125885035866418
0.05793387367272033 -0.0030183852955003474 0.0490776251368414
0.057928948035023846 -0.0028372080085194464 0.054700413504851185
0.060332609428805 -0.0027734634155442304 0.05200518925463273
0.0635153591 -0.00230852009 0.0591456033
0.06491492 -0.00260489215 0.0569100145
0.05592195864831724 -0.006180441363805857 0.051454493497220075
0.0590218972872711 -0.006125834541986413 0.049117319737151166
0.05844422581808372 -0.005663658727733845 0.054473346187550134
0.06119688964653228 -0.005542004873501071 0.05193628421462113
0.0641665107 -0.00483045054 0.0590127507
0.0652671247 -0.00516894345 0.0568026068
0.05778625099992349 -0.01019946390936241 0.05157503274288154
0.06080240594614009 -0.00999512636957101 0.04948915900971684
0.060494728405526374 -0.009010391872217886 0.0547176904591057
0.06345932027322165 -0.009026393051945282 0.05229541642458078
0.0652340502 -0.00777124236 0.0589135343
0.0666893883 -0.00811133313 0.0563003266
0.05962371684154657 -0.013139795145514858 0.051841716681171636
0.06269167926643027 -0.012972914366500686 0.05002725844460268
0.06515716347441933 -0.011945099652196584 0.05241883704671431
0.0695523759 -0.0114626265 0.0567485953
0.07396682069373985 -0.0191493817506454 0.07567849699637912
0.07188343240076973 -0.02013395345428876 0.08583603133429446
0.07518060241850998 -0.021574700302987294 0.08185813780605401
0.06335637239482261 -0.017383270429045528 0.052592514818069445
0.06630041527258479 -0.017565567411341344 0.050487050154658264
0.0686134896530957 -0.016253821512167043 0.05287053708303098
0.06765438591544636 -0.02371301090100856 0.05341903209608245
0.07114159458086083 -0.023992706679927287 0.051617405007946406
0.06929851806100706 -0.022780604659256163 0.05528737360748241
0.07297712174740173 -0.022591920601340593 0.05376906440898394
0.07340797367745543 -0.029551204892322144 0.056769938115813885
0.07676505756889979 -0.03019947582359083 0.05541816954075662
0.07523524630313845 -0.02763243844815834 0.0589308223814921
0.07901057483859272 -0.02804085822029061 0.058041548639376696
0.0732099259 -0.0154745617 0.0582496845
0.0752992163 -0.0197820439 0.0613269157
0.0781956075 -0.0206069358 0.0597924978
0.0804882119 -0.024120554 0.0673876028
0.0819629546 -0.0259741219 0.0653939565
0.100876244 -0.022886127 0.0651472197
0.0956873382 -0.0222390109 0.0644673153
0.0901515812 -0.0215665509 0.062875186
0.0860189399 -0.020949288 0.0601398425
0.0993714424 -0.028800145 0.0666810364
0.0935288787 -0.0281538632 0.0631825681
0.0883825585 -0.0277715491 0.0625228737
0.07677898322584971 -0.021965760322750803 0.07809506779686247
0.07269485562784371 -0.03200606974858614 0.06215650593982991
0.07352365836028188 -0.03581654277149232 0.0665149278907047
0.0763001115682076 -0.03392472028046833 0.060736758959336376
0.0779201315626974 -0.03790672330033538 0.06531518518504087
0.07978789655782195 -0.0358684665618103 0.05934542635049503
0.08188842719759067 -0.040174099636285335 0.06376298207770986
0.08327528319721153 -0.03773702710444025 0.057645982108345095
0.08580822923584726 -0.041952693232895986 0.062067408278839914
0.08737929077859119 -0.039109181652052384 0.0559021397145106
0.0897696915307429 -0.04362400584188337 0.06009839891093957
0.09176663363314223 -0.04012630521779912 0.05487858354944382
0.09405321079031362 -0.044621221687420144 0.05897925096009066
0.09621788209552196 -0.04080004001129384 0.05385116761762335
0.09858868020046746 -0.04536823641299717 0.057834345877989426
0.10112943379459019 -0.042252149373475156 0.05198206917445266
0.10386193496706729 -0.04617507056694543 0.05673636052973292
0.10578423057681048 -0.04256900710632059 0.050404969968168636
0.10867899974092152 -0.04621818230411721 0.05500065523331341
0.10927283402606494 -0.04216114571351814 0.04930412288611487
0.11222356471070574 -0.04614126221780882 0.05275934002558199
0.06853264905407958 -0.03154274524123015 0.0685605196405402
0.07446656326451365 -0.030399764064238003 0.0640439895975251
0.07574458318771267 -0.033684097812312866 0.06866294858976565
0.07880323846397738 -0.03204821981888969 0.06328647377111818
0.08050963589971478 -0.03593393419004658 0.06759853255364233
0.08214288490037866 -0.03379894155399636 0.061994474709143696
0.08434270832354002 -0.037948197149075144 0.06627824166530202
0.08554963620219355 -0.035634976359710704 0.060494721947525344
0.088228872706802 -0.039762530381783186 0.06452424234115413
0.08980434302951042 -0.036907557252732405 0.059429977232638605
0.09226514730197415 -0.0409177260887035 0.06307102006249238
0.09375367666853804 -0.037509875546525136 0.05857503225528391
0.0959436090087034 -0.04182534624505521 0.06182964864450372
0.0980511337707446 -0.038400730793089886 0.05697950201815715
0.10006042125951733 -0.042888737847511765 0.060071965416887176
0.10216273680582046 -0.039508561884269995 0.05552479437774769
0.10434563887647301 -0.043871094792311896 0.05865030090804053
0.10662492187861364 -0.04007517531587171 0.05375793886911605
0.10897229531954426 -0.043925413958158445 0.05694393254095688
0.11178612439083138 -0.03924375600414446 0.05279924707935137
0.11381601864725531 -0.043311032926767794 0.05513472765843485
0.0707450921802933 -0.030209923587496846 0.07021739132856741
0.06411208220193469 -0.028224185766927555 0.06988064546243411
0.06639795382150956 -0.02697486321846444 0.07171800502491821
0.06475608976520264 -0.031542392453123506 0.07536184893945466
0.06643515019567857 -0.031049787597528265 0.07672384337600131
0.07416337134479505 -0.04020841198557665 0.07809803167226192
0.07409530817533916 -0.04192195778575547 0.08350665320315331
0.07928360840504046 -0.04272547891008806 0.07623703261079935
0.07944687088204119 -0.04486933392573421 0.08170346022751684
0.08379908545935369 -0.045601282311744366 0.07421990536253277
0.08403749471783772 -0.0478357508915801 0.0795546970931726
0.08776115230237778 -0.048012536275738725 0.07240137559298306
0.08847718075112275 -0.05044007174808364 0.07773852565514201
0.09224559125208023 -0.04961434987281851 0.07090931996093526
0.09314969563265699 -0.05215202018541495 0.07618785000730127
0.09685622713383357 -0.051091694181768635 0.06930031405619982
0.09789269689146478 -0.053654341248059186 0.07418277952336295
0.10193875125252733 -0.052630388578322244 0.06728043698233124
0.10305002003120092 -0.05517394302589921 0.07148640981141824
0.10766793948658981 -0.05282643535567107 0.06531730922090123
0.10917159974645047 -0.05513729850637876 0.06900504975764898
0.1128012269884957 -0.05266351508055004 0.06296225547281395
0.11455852615211028 -0.05522757661334542 0.06626978602791686
0.11714472420174399 -0.053439127488411585 0.05920322288273405
0.06867602064424082 -0.03712835045659211 0.0798079557061012
0.06803773427394814 -0.039110039495272614 0.08491572640832092
0.06370062453515696 -0.03641874243435837 0.08602742470066051
0.07580276269244698 -0.03926708982597351 0.07994004447529107
0.0753161529270244 -0.04106477380405389 0.08494283725820005
0.08148143177972983 -0.04165425339558406 0.07832636563804962
0.08114225572670039 -0.04382062099262964 0.0827304775086877
0.08632595690495777 -0.04425480312945212 0.07602891437818048
0.08603640096156702 -0.046628694509792214 0.08025664167090071
0.09032648511653464 -0.046213599575062055 0.0739655045478826
0.09048439905555367 -0.048598208618884225 0.07844119472135075
0.09416249796688546 -0.04711925350684244 0.07283881884672247
0.09447187143114896 -0.049402562060444855 0.07727544390471981
0.09831731383375254 -0.04816610429766093 0.07118670959647393
0.09890990722150207 -0.050643970122052975 0.07514687594800845
0.10265128308829567 -0.04968359825968876 0.06890244032929788
0.10371403402443506 -0.051623538121772436 0.0729248459564099
0.10815516098051443 -0.05045397349099726 0.06668863321862488
0.10950523466383723 -0.051829189370370655 0.07057814679878122
0.11337936224866832 -0.05039313707304939 0.06417078429188372
0.11509330969738786 -0.05231348929259647 0.06730105225942586
0.11795565208941287 -0.050591475547557295 0.060680441615855035
0.06933745701070873 -0.035986252356861315 0.08124377762148724
0.06873032306149417 -0.038198605272451946 0.08612562698902014
0.06424471620465327 -0.03623319952422592 0.08707493575937274
0.07996161905972445 -0.023765466661890194 0.07612606140505318
0.0832722062 -0.0257189221 0.0749014675
0.0856642078 -0.0279671885 0.071756785
0.0869672631 -0.0296056467 0.0682896273
0.0894773013 -0.031342428 0.0660799397
0.0924986664 -0.0325762192 0.06581398
0.0960866947 -0.033462438 0.0657625982
0.101342277 -0.0331732147 0.0671294557
0.105357127 -0.0329399382 0.0689495697
0.109732161 -0.0324607719 0.0670352421
0.115180965 -0.031327828 0.0647562848
0.07915388341961516 -0.02437117040321282 0.08408936855646162
0.08378643977060347 -0.02688489998725637 0.08324242930983966
0.08656599657438199 -0.028410861581179024 0.0803386756736684
0.0896648799 -0.0306886456 0.0771979505
0.0913376067 -0.0325022435 0.0740744696
0.0933721024 -0.0347582564 0.0708038701
0.0964540389 -0.0365192001 0.0696746046
0.10028931 -0.0363994531 0.0679885512
0.104434859 -0.0360372928 0.068438662
0.108163195 -0.0351939127 0.0699581191
0.111653737 -0.0356423545 0.0695362002
0.116166606 -0.0349925126 0.0667343185
0.08346492441849693 -0.026588961882867742 0.09288018155790323
0.08638951707020955 -0.02780239438890845 0.09241351971265425
0.08962467414391731 -0.030047006846620566 0.08835473512651593
0.09245732073214473 -0.03201921981898798 0.08467039814419325
0.0952553951 -0.0347543929 0.079829455
0.0971101073 -0.0369580436 0.0768201568
0.0988817597 -0.038411505 0.0728344905
0.10170111 -0.0395121751 0.0711188104
0.106008217 -0.0393893374 0.0708759116
0.110788088 -0.0392632019 0.0711250005
0.113667854 -0.0381138946 0.0712797119
0.117593265 -0.0383384094 0.0685691952
0.08258446155376331 -0.025103388721181487 0.09903885014336031
0.08659675558198048 -0.027580854503710034 0.09770606909879444
0.09088776841420165 -0.028804403665826768 0.09522045200318228
0.09441635996524758 -0.03144311903525361 0.09175617339388051
0.0979957525 -0.0349777726 0.0872895918
0.0999241642 -0.0378735688 0.0819990057
0.101551192 -0.0398811588 0.0788047422
0.104089729 -0.0404987751 0.0766074121
0.107576368 -0.0412435292 0.0749633277
0.11186935 -0.0418026588 0.0738215396
0.115045093 -0.041442484 0.0726710937
0.118527057 -0.0403682739 0.0716421613
0.08039990263004934 -0.024976316573843332 0.10374158497559188
0.08514558921153031 -0.0279270340405794 0.10172570968805165
0.08975663269111515 -0.02935509632723274 0.09897705246373556
0.09398512708445222 -0.030402784617207267 0.09531173292268037
0.0991193661 -0.0345195654 0.0914828524
0.100496543 -0.0390705644 0.0864092734
0.102693819 -0.0404661729 0.0836541559
0.105803505 -0.0409385058 0.0813349275
0.109102322 -0.0418594333 0.078926209
0.112796228 -0.0428011806 0.0772231931
0.116085734 -0.0432931433 0.0755022511
0.120595772 -0.0414193206 0.0728445893
0.07809460024692153 -0.02858179917715007 0.1163077519283965
0.08359377822924498 -0.030407704036270477 0.11543603383566861
0.08814068011654823 -0.03119534653784848 0.11428779521421956
0.09111949731144017 -0.031067472472219592 0.10881835668090786
0.09556281672119242 -0.03205180689346145 0.10592115154750707
0.103344094 -0.0379007401 0.101755143
0.106475393 -0.0400322718 0.0988867705
0.109319966 -0.0417092633 0.0950030125
0.112470108 -0.0426617723 0.0916157875
0.115745559 -0.0441334423 0.0880777728
0.11960357 -0.0447874457 0.0844080724
0.123984158 -0.0457901584 0.0810376364
0.08159293399599672 -0.033403330516104904 0.120055811023493
0.105692269 -0.0456475945 0.123615607
0.109358124 -0.0471828599 0.121559323
0.114013054 -0.0474787606 0.119519151
0.117986512 -0.0485685033 0.117054091
0.106907609 -0.0494177569 0.13255388
0.113229119 -0.0520411853 0.129530377
0.113127274 -0.0457952727 0.151108621
0.115505199 -0.0469741008 0.149370143
0.117221943 -0.0487588751 0.147074823
0.119147527 -0.0509435644 0.144440254
0.119540853 -0.0606054458 0.18257083
0.124416701 -0.062126227 0.18198578
0.101957555 -0.0513285181 0.1842044
0.11092189 -0.0562450625 0.183520945
0.121809554 -0.0626747165 0.197961853
0.126861498 -0.0647049974 0.19822038
0.102733406 -0.0536381503 0.198004393
0.112366889 -0.0579494322 0.19786818
0.05589073552676747 -0.028380625541857 0.0955971344840146
0.05757303975416317 -0.028112520165494006 0.0973063769625099
0.058669010332193704 -0.032015512769476874 0.09989684421388909
0.058824602685568314 -0.028924588367234202 0.09831809770260433
0.057799990504556135 -0.03228808794147875 0.0992205377516502
0.056456844937544534 -0.0300666638273407 0.0964458352953904
0.06295416764524286 -0.0385689032715438 0.10804710273076365
0.06220742232989486 -0.03951446375911146 0.10772578913384433
0.07139313066402582 -0.052706441133604315 0.1277716785255499
0.07070066835126841 -0.05402299951678441 0.12767732838252063
0.056605101246224636 -0.03479836993674505 0.12516256927885122
0.05730312136421428 -0.034597352988110563 0.1258077341277108
0.07077916343035641 -0.05209181020720243 0.11978559231105582
0.06991538224469114 -0.04905653568643875 0.11164158002350973
0.076232035111022 -0.05515188256071152 0.11727913098710835
0.0749949392536318 -0.05198671881460632 0.10962958696318933
0.08194976773654061 -0.057800706797305014 0.1145580021501332
0.0807780453901883 -0.05452798624698554 0.1070724461740497
0.0865059318300928 -0.06019213626595009 0.11194238348317859
0.08552504284569828 -0.056871657428039284 0.10437600134774304
0.09081161347274598 -0.06299901758679416 0.109283716431955
0.09002967079438014 -0.060052057095629253 0.10133848836484188
0.0952217561275945 -0.06548251102913574 0.10679498668512957
0.09456614187358728 -0.062432789081377796 0.0986104569669622
0.10099153833259247 -0.0676915112538433 0.10364956339615887
0.10019434394286938 -0.06403213119999138 0.09537793356100442
0.10799524522445655 -0.06945252382824615 0.1000484699558319
0.10656417064492132 -0.06593032804169494 0.09135368483122439
0.11620139481039345 -0.0717875948144399 0.09500369341185824
0.11403300004621203 -0.06784066076839386 0.08657371898555957
0.12366748531660982 -0.07127228703276609 0.09144307426558418
0.12076015589682855 -0.06837279349589925 0.08253813085910298
0.1294626732909239 -0.07035091740407581 0.08887884831004425
0.12626656769427302 -0.06737877050812976 0.08009409525433171
0.07129939245686215 -0.050790443874356994 0.11967330757596313
0.07695724770891803 -0.053457876392396436 0.11772654773754379
0.07568393665037006 -0.05078415002394368 0.10991124703691568
0.08282176385712803 -0.05626480503909967 0.11487360210452759
0.08114498740699835 -0.053500080948957925 0.10748725909835631
0.08734680901810397 -0.05848619244271527 0.11247495006978853
0.08621669101038748 -0.055309025901008016 0.10509383363964464
0.09209017024705504 -0.061057013840673496 0.10966794678328969
0.09104018889743579 -0.057995042669338304 0.1021370038159057
0.09675969697041721 -0.06300194709461357 0.10714956977085185
0.09569400954491288 -0.06025609202257126 0.09918795897991106
0.10230467462656953 -0.06429862180447482 0.10433426232605668
0.10105191509933659 -0.06149508978305888 0.0959291269720354
0.10873449107349419 -0.065749311299898 0.10109010442019983
0.1069133424883275 -0.06294907340335362 0.0923122986054603
0.11662337139844564 -0.06607437947219486 0.09718445711004076
0.11408454534628477 -0.06335706676829492 0.08817676340638385
0.12318285251307519 -0.06559702865079403 0.09327006529045086
0.12078632921052362 -0.061605296709506374 0.08452092317363548
0.12925398415136194 -0.0639600391611787 0.09046007384032424
0.12627152421741786 -0.06135977446305127 0.081953619702449
0.0843073096 -0.038296135 0.127052285
0.0889561526 -0.0386391282 0.125247147
0.08902814579246796 -0.03332524299963929 0.12026538689227957
0.09362517875573893 -0.039158057895287125 0.12161023528821788
0.09200499301260708 -0.03369067288519261 0.1152726148582906
0.09872717728603107 -0.040187658595637415 0.11922699166637647
0.09590863113226418 -0.03302361877416309 0.1124054718555227
0.104794898 -0.0417459998 0.116165841
0.103245855 -0.0383747044 0.109032081
0.108098632 -0.0441104086 0.112875559
0.107039313 -0.0417749897 0.105710292
0.111892174 -0.0448669889 0.110185135
0.110490213 -0.0429617538 0.102200899
0.115657293 -0.0459363105 0.107129762
0.113977615 -0.0440985436 0.09864387
0.119787013 -0.0461258798 0.104378583
0.117613644 -0.0450097363 0.0952826467
0.12464724 -0.0469880661 0.100851657
0.121887904 -0.0459013035 0.0915860366
0.129488576 -0.0469852461 0.0971881752
0.126226807 -0.0460349939 0.0867915077
0.0680754792600994 -0.04761048748220093 0.1126556782875073
0.06789579197948645 -0.04979201809193415 0.12051903687126202
0.0648194627171412 -0.044980083739852995 0.11356490071532786
0.06532028988766328 -0.04715153891469532 0.12173191809991692
0.06235270059968202 -0.04142363854904461 0.11508350399171534
0.06855627011881771 -0.04673075938268642 0.11304262128865486
0.06866266300443828 -0.04904686199530227 0.12089941356628486
0.06550338556307843 -0.04446537408636257 0.11420430167612358
0.06563355990564684 -0.04645663064383123 0.12238523186839163
0.06253987017939393 -0.04067510919592339 0.1159287391567164
0.021800378116572067 1.6865676928224347E-8 0.1387843961687017
0.042429928276239745 -0.014164945393438596 0.11677330464117561
0.043325769911230536 -0.013658320192748217 0.11730317083916034
0.037932726777579806 -0.00655116797503516 0.11803324483705391
0.04013922289243066 -0.010111413038032866 0.11771173818725818
0.03989516191190603 -0.0065919184091639 0.1179759199483218
0.041119445716178496 -0.010363683747047025 0.1181712744680909
0.03737637990110584 -0.006198920516544729 0.12273079165163382
0.040731641522080815 -0.010121043713461939 0.12225977428852774
0.03872229871418162 -0.0060757890227891055 0.12360565811919226
0.04107814801950713 -0.010280029383307007 0.12258400800891803
0.03444396740394787 -0.0053178850586552235 0.1250141878034997
0.031017404704683563 -0.0048317203673549506 0.12698086340603054
0.034886900927005415 -0.0049656350262990345 0.12674586284738093
0.031845092128262344 -0.004830754919825662 0.12881883087955961
0.033154518492715335 -0.00297341077426926 0.12410687624030156
0.02998826569991862 -0.0026637670965277394 0.12605974794433208
0.03372950093361224 -0.0030124869333742043 0.1256789344795222
0.030651715730699303 -0.0027332313919410703 0.12757885423251064
0.03278317232765141 -0.001375692111337961 0.12363162419763923
0.029604081632037735 -0.0012526248737476059 0.12551397121643312
0.033234415969057025 -0.0013516834601799308 0.12519225580271184
0.03019822163499757 -0.001245098539881851 0.12703764967590603
0.04633617820697405 -0.009966769180974966 0.15788658753977733
0.05009177752621239 -0.011149266490340705 0.15715949437315482
0.047652598178016974 -0.009207829939012318 0.15775609086982392
0.05150111416219426 -0.010679959995632093 0.15727776090846524
0.04801485350721238 -0.011836468244970417 0.15382787021908362
0.04900591063956108 -0.011222509896200142 0.1538941223046414
0.044906236407640326 -0.011968307458765457 0.15054682729101598
0.04600239513923707 -0.011337813714092693 0.15054965053876715
0.042117480696755666 -0.011993744290647678 0.1477803000574403
0.04308320144929629 -0.011164194463804563 0.14770008536089962
0.039654549127594335 -0.012558018507766697 0.14607699914947123
0.04050614989281375 -0.011731933887409706 0.14597905129548544
0.02914608220475657 -0.013172881624124872 0.14122771973343376
0.031024072910990273 -0.012200122548508819 0.1414939030363687
0.025121843396248313 -0.011321807710932625 0.13533628537548395
0.027517454271393876 -0.010738285761595764 0.1359478001579649
0.027590823182777186 -0.010619881568927469 0.13175881484944812
0.03038427974467602 -0.012950200062670484 0.13317169980242377
0.030299211403485907 -0.009737065425564682 0.1336197830352774
0.03245263302851479 -0.012343110720305124 0.13472569629783002
0.03086201720196733 -0.009933810524798244 0.13030594104191048
0.0333699677482015 -0.01198818375319746 0.13208906434737583
0.03216556106051 -0.009111163331459293 0.13221634225600165
0.03433573973213213 -0.011599750022694734 0.13345080049424923
0.026617223481601487 -0.011944148833156545 0.13807676961426094
0.0255203201670634 -0.010970546397346044 0.13346588012698232
0.028785529010326237 -0.01140020900879457 0.13861361481985313
0.028006551763025318 -0.010319941687031155 0.13458703681252956
0.03252759465187665 -0.015574597567535594 0.13973313638284718
0.029898796562820126 -0.014860614992203121 0.13747152046733263
0.02865774161916857 -0.013851187258728779 0.13536854782402274
0.028988134059649104 -0.013142467519209727 0.13440673230408737
0.03404527666220358 -0.014658259793462256 0.13996620880633467
0.03158313766955075 -0.014202184071954064 0.13808867359621663
0.03054296178209544 -0.01325637915800547 0.13625827208746347
0.030823662669932743 -0.012843960099304394 0.13541338062551064
0.040284722392979505 -0.01487394972160433 0.14203760002586713
0.04137303092089998 -0.013570297772981698 0.1416294516467704
0.049260781041296595 -0.01750397026019741 0.1439515752498428
0.052531921032728926 -0.013206545914017627 0.14822184278770872
0.03637230617923477 -0.017463489504755705 0.13748777170733262
0.037481725962729244 -0.01660378988818662 0.13749487569037544
0.03995768232798754 -0.017723437759261714 0.13874842067357776
0.04086750480170699 -0.016458671197775762 0.13831288879419265
0.03427491972621969 -0.017184085765932427 0.1361479998589339
0.03563230587502573 -0.0160886247443424 0.1364836361485615
0.044118913465392345 -0.01627688946284803 0.1389400960153366
0.04504399104175837 -0.014852114285410301 0.13845416257653728
0.046850492518430584 -0.01685215006708419 0.14100150139223624
0.04774029165196136 -0.015791864197594395 0.14079945788829995
0.046947014113228304 -0.017926033453413735 0.13692972159930802
0.04808072666166334 -0.01629997507787696 0.13653417200909024
0.04001835663029385 -0.019333430878833987 0.13390264392234744
0.04165694211933539 -0.017366162760908636 0.13388062537513135
0.051316834587289396 -0.019958546514670824 0.14206484070194084
0.05499105680173294 -0.016363507438584533 0.14397234132265038
0.0433215213110944 -0.01879894994373664 0.12575523255126522
0.04342053202076715 -0.017816625478135777 0.1264589805207926
0.044594842987381554 -0.01834576326683146 0.12407292180808055
0.0449887649530779 -0.017706255116316807 0.12480930917867546
0.043986683108721863 -0.019985555041486164 0.1306118015138388
0.04727490637549923 -0.01932765919260581 0.1325663832820055
0.04505113212624282 -0.018482252533338066 0.13077816724532748
0.047996221610375416 -0.018113968342008114 0.13255183035032284
0.04565138596321718 -0.016883960746448212 0.12022700047961714
0.04596595929238201 -0.01674912859383373 0.12067253295788445
0.041874727116480354 -0.013548946061159898 0.12285416800074825
0.04240590755120907 -0.013700927466155963 0.12303452577738899
0.04711077214689032 -0.02245743479338824 0.11456060620088646
0.04813728140227306 -0.022600670131320312 0.11531350558008212
0.04874881284201904 -0.026581305474836548 0.11249028092861757
0.049932064319898196 -0.026405496324249038 0.11296097846824817
0.04699686218838072 -0.018768079572820822 0.11991597953602877
0.04744223718209481 -0.01874475945376662 0.12015990191373813
0.04507402615322658 -0.0176537855007132 0.12218835352956604
0.04558075718136077 -0.017060386497240027 0.12273573921984254
0.04299027208694027 -0.015565854070334862 0.12232377682431578
0.043229581353089123 -0.014788057885950508 0.12294398794521122
0.058126373167334926 -0.03305343588236674 0.10597356376038834
0.050142234080376644 -0.020498300230901222 0.12265206278364163
0.050611668448421486 -0.020286981544499014 0.12315346377706952
0.050514797678949425 -0.019919596961339447 0.12576740679249912
0.05097696645030515 -0.019040075701721903 0.1263614768520622
0.048123281623516125 -0.020215932436203295 0.12820115027171913
0.048327332914289395 -0.01919167647721621 0.12870029435910088
0.05064000892507816 -0.01968201656275386 0.13012848026882118
0.05111740016342836 -0.018489985135996218 0.13027852411132776
0.05212486796749362 -0.01977723205825135 0.1316328211885151
0.052702225199795054 -0.018495324363471764 0.13167458116451794
0.05241654878563086 -0.019736666931542322 0.12832071511562465
0.052746073473284624 -0.018629291542852883 0.12867780224256958
0.051250228067342696 -0.02347762576140726 0.12179284628588204
0.051991518443084805 -0.022771758436830963 0.12273849940613699
0.055303022903167416 -0.032626842344477665 0.11693791329557267
0.05588115617884008 -0.0325883815727796 0.11792117077625519
0.05918342872126256 -0.039045570186565626 0.12055359077570418
0.0596148189571845 -0.038628398251837 0.12080240525106357
0.05597333940161169 -0.03442000526871871 0.12115553520094151
0.056623126272241434 -0.03422993410165768 0.12180645327146965
0.05365210100149946 -0.029195423130566254 0.12306243968545097
0.05409993824051419 -0.028982559062708396 0.12341592437415336
0.06309207489205 -0.04424867032917812 0.12079928793224094
0.0634179072205712 -0.0435302298605536 0.12158397657620679
0.053480549559263416 -0.023236495639128035 0.1294071903513752
0.052673750693776514 -0.02369493065729185 0.12549560354100628
0.05370014232317123 -0.02265777388634764 0.12939233131389716
0.05340223842170401 -0.02300320814797331 0.12599903698195813
0.05431428117690888 -0.024641180257207403 0.13833099065173296
0.05472502590265448 -0.024307513274270758 0.1381963873462845
0.05173900017043086 -0.02069573856805998 0.13796152947046472
0.053733787577458975 -0.01863280612523006 0.13833229515618312
0.05271466670045091 -0.022122448635682482 0.14025769956840256
0.05305315240196643 -0.02192757644243843 0.13995394902817057
0.058077415777875854 -0.021254813466084814 0.14998561705657998
0.05819403036847843 -0.02392396761598204 0.14792952521712904
0.05594146369532904 -0.019374610561768885 0.148433061695186
0.05567737984013604 -0.02259164295799158 0.14626136117493568
0.05274606845133057 -0.01780294556026392 0.14717447685403381
0.053253212860127117 -0.021153056112723095 0.14448402205383995
0.058405016427195436 -0.02593668520323133 0.14672338310123356
0.0589649869764373 -0.027994515950573482 0.1455559227500464
0.05606818077527374 -0.024723967113094082 0.14464014938162373
0.0568493904886612 -0.026953819337121897 0.14302594161400417
0.054094836483749305 -0.023423709741120152 0.14253413191817513
0.05542197071092352 -0.025770078680687942 0.14073603548879152
0.055818413115256836 -0.028443319844880587 0.13644174084234925
0.05551502931955685 -0.028179263351986013 0.13381614673473047
0.058085537152455145 -0.0345325440958233 0.13524604294284956
0.05766441883188105 -0.03459314482089985 0.1323785216559027
0.059428768757781095 -0.039055638951398755 0.13639169749424265
0.0598733597751723 -0.03991978955007483 0.13313606876838574
0.06278460038787756 -0.044417501890962614 0.13787936742016574
0.06315629852130827 -0.04533096624593023 0.13486467885354222
0.06579746963154857 -0.04837459798863012 0.140140400656952
0.06632441630817058 -0.04965811146540933 0.13724473091568093
0.06921501382996653 -0.051603705448293735 0.14277757661026025
0.07013554741107592 -0.05328448911010934 0.1403230284206407
0.05865092958621115 -0.020671357908530644 0.15063901817509306
0.05876244173426986 -0.023547635185587345 0.14843387125631663
0.05753881631130298 -0.018012727011470355 0.14944341802527977
0.056045101822611514 -0.0221647992103549 0.14656716821633137
0.056751210812186675 -0.01457400537216559 0.14955071189727773
0.05683646468567125 -0.017200849999892468 0.14664099666703476
0.05905562335448292 -0.025667546414210447 0.1471653806274441
0.05964488393535513 -0.027699082813771855 0.1460432073236051
0.05631566069086226 -0.024434440622356623 0.1448912078607895
0.05727042658606875 -0.026737203849123835 0.14341253530346462
0.05437954482402869 -0.023045300002277683 0.14250393675157244
0.055862947759759814 -0.02541359216242631 0.1408569285887224
0.056339317405399096 -0.02811823032237404 0.13682455441795577
0.05582341949518992 -0.02792685765403337 0.13410276670847668
0.05871844396838928 -0.033901140546443026 0.1355775760080596
0.058251113894727584 -0.03403914962366438 0.13264301983914148
0.06037853904059024 -0.03864013353309103 0.1364830373793457
0.060643823898868646 -0.03902834547287951 0.133483583214132
0.06341033221528218 -0.04355938120088744 0.13830778361119836
0.06385865998556499 -0.044284483198762985 0.13545868730847455
0.06658500994933664 -0.04732281272364099 0.14058106918668709
0.06708011379580876 -0.04844396254101252 0.13779381425923024
0.07007744673192108 -0.05061664158823372 0.14292637947265016
0.07088237323361724 -0.05214767177170232 0.14058885305695926
0.05236199440923673 -0.01755689527481209 0.13503778466526686
0.05111564254010915 -0.018904624897006617 0.13504952549284932
0.04706971384696051 -0.01856718122109367 0.125199374167081
0.04318743146559188 -0.015913360791510955 0.12468540201944907
0.04662823036583689 -0.01953430569636195 0.12440049191396436
0.04265554854802797 -0.01622433582696147 0.12410962487681379
0.05031833810560648 -0.02740576537609314 0.10670687955475276
0.0546223005278453 -0.0305856945937643 0.11323947490518803
0.05102714232852168 -0.027115462579216106 0.10712844449937774
0.053402673694708865 -0.03053476567037971 0.11322663856845093
0.05503657168996471 -0.03099039459251737 0.10824235086921354
0.05291248517479554 -0.028642322247598783 0.11062813074612432
0.0538161222444925 -0.031688607229099476 0.1073922049108161
0.051105830596091084 -0.02931565875694026 0.10994538482183593
0.06349686329482086 -0.038141690718176496 0.09249505482149335
0.06461074942031986 -0.039078871460335604 0.09950230205720509
0.06804733132327384 -0.04084177580914437 0.09090594296061336
0.068603970102855 -0.042647314178273346 0.09749949757225879
0.07424640282036372 -0.0438005867773717 0.0892692927017678
0.07496031049566974 -0.045485579414106476 0.09572047764223238
0.07967354978651892 -0.04679786505866781 0.08728460583891663
0.0806991624287602 -0.04870144084142863 0.09364613931186135
0.0845075631340126 -0.04923318942663085 0.08512764534777897
0.08496270985157317 -0.05160952313627532 0.09128282304946429
0.08902420678575611 -0.05251300195694506 0.08282453353749256
0.08948207733427264 -0.05466139776403678 0.08833957771700378
0.0937014758118622 -0.05440510157587717 0.08091358255622061
0.09407685780910291 -0.056711034633504284 0.08596518193366777
0.09872316589801199 -0.0555971828653534 0.07866964264668226
0.09907889858065241 -0.058544384020285244 0.08322959396571582
0.10387881057621105 -0.05712147485658628 0.07570573700042199
0.10446630888162876 -0.05999731902341367 0.07993036837536657
0.11039329743104516 -0.0572082830771947 0.07300061005680744
0.11180449763499445 -0.059638158012310996 0.07641306502599872
0.11623084735533533 -0.0567029304429689 0.0698369750758828
0.11772327819000379 -0.059561528410565535 0.07331335615453005
0.12111852273596986 -0.05823877813703368 0.06634052220293751
0.12261724757183051 -0.060524356077112165 0.07003009359611578
0.06404737097770226 -0.03768527268453996 0.09308669451951247
0.06472924925169744 -0.039041146285212075 0.09944618807448276
0.06885462563472283 -0.04030577464472513 0.09113014713597763
0.06959072266119644 -0.04219791034135956 0.09792653779496702
0.07467783516175237 -0.04323372848796205 0.08985675874073785
0.07561940981090562 -0.04511959851881844 0.09648802939743284
0.08050475108682051 -0.0462736652232362 0.0875407575976915
0.080932513636467 -0.048305605191161644 0.09370697333364253
0.08559480013521224 -0.04868074680762924 0.08531840939354576
0.08565196658315469 -0.050862696724648 0.09150698141244652
0.09049263697662528 -0.05090554384859134 0.08351131681938694
0.09051499357129267 -0.05313891312047233 0.08907872980139742
0.09472470142580026 -0.05178836382080613 0.08200834959720933
0.09491092319581097 -0.05448118296459779 0.0868162681668683
0.09974528938993327 -0.052498093492508995 0.07984042150709476
0.10006432712451237 -0.055483099434365496 0.08417442876763284
0.10468439693268144 -0.05341170306041603 0.07739381491069881
0.10520692029313362 -0.056484072658662496 0.08137498185497558
0.11099704928924459 -0.053685941355936996 0.07431900610159482
0.11209410504523709 -0.056356233034646624 0.07812013461806147
0.11664380331601194 -0.05405487389532951 0.07075230532339022
0.1182760697682781 -0.055822167376257704 0.07456033584448611
0.12158391277980435 -0.054191645090613895 0.06773795365764854
0.12315705454287335 -0.05501113243238142 0.071903933356994
0.07694959657318126 -0.02685119307998722 0.10706993460131835
0.0765295377149239 -0.028012313400191564 0.11056774326294534
0.08108302874849545 -0.028967209574102037 0.10562703733661102
0.08333675441516464 -0.02892156087809053 0.11090621315105031
0.08864161008491787 -0.03024681199936513 0.1023726120261611
0.08727019729616396 -0.029458403272932858 0.10936667319680234
0.0935436551328495 -0.030502570470513392 0.09885024770971357
0.09165252590403798 -0.03049828565752022 0.10396106221154144
0.09852749773026664 -0.03436523979183424 0.09486377056356203
0.09813405365862518 -0.03456835825056647 0.09951924308690664
0.101772303 -0.0385791462 0.0909017706
0.102835825 -0.0380108187 0.0959908491
0.103984948 -0.0404712963 0.0880407221
0.10570515 -0.0397186696 0.0931443258
0.106588026 -0.0418139357 0.0850644286
0.107987574 -0.0416153497 0.0897082213
0.110172805 -0.0423645579 0.0824086694
0.111296981 -0.0421313838 0.0866623908
0.113554369 -0.0431274129 0.0794907149
0.114437981 -0.0438114495 0.0833422884
0.117071072 -0.0440242506 0.0781700005
0.118179553 -0.0443245783 0.0804884452
0.122122606 -0.0428742273 0.0731420756
0.122572893 -0.0454781588 0.0770178011
0.06284154796380106 -0.03735425929637053 0.1012409922943151
0.06221414130878095 -0.038132664532921155 0.10058656642306957
0.060693054227927735 -0.0350093378478098 0.10406966366162675
0.05695892627190808 -0.033490230790140796 0.10528199764385877
0.06001597949835351 -0.0352521779103934 0.10307185300791342
0.07895042018033521 -0.05648465208458458 0.14382000548163892
0.07450241536463637 -0.056123532721423036 0.13600500647050134
0.07771778126076301 -0.058634926712902595 0.14341943303670138
0.07376076268072145 -0.05735359762793265 0.135788403919215
0.08353079769797007 -0.06120755939421245 0.1493216672150462
0.08617084620011166 -0.06164285264130217 0.15804919694949374
0.087764842854211 -0.06342543946435962 0.14867384939325504
0.09020448463784268 -0.06452158941231428 0.15744529423587303
0.09199062468557917 -0.06602532125063147 0.14790238732036473
0.09458243560914911 -0.06721895594880987 0.1565436380168615
0.09647037930050056 -0.06817358423120162 0.14708954002844593
0.09931695423503398 -0.06940271152505435 0.1557704376096829
0.10120298316174972 -0.06996151648949056 0.14609496492483565
0.1041845215764499 -0.07129116238430082 0.1549440761490831
0.10614890188475729 -0.0718570639601653 0.14491054877501378
0.10915093442896255 -0.0729096231668918 0.1541198231088876
0.11147293727641504 -0.07380113449587061 0.14341679449765418
0.11455224530079924 -0.07439391108222122 0.15318375970073028
0.11870843878462377 -0.0760175012685077 0.14156169624960666
0.12143326118487414 -0.07594056538571828 0.1519503128049615
0.1270189878763702 -0.0773021182961848 0.1403884503884268
0.1295335501465879 -0.07715870739933492 0.15063310475289743
0.1337078403528653 -0.07621143159828524 0.1376077492971857
0.13634827609294425 -0.07644999760859769 0.14847975102879357
0.14129694474610813 -0.0743445214103928 0.1364042602374798
0.14371436322966621 -0.0750209599815465 0.14723162329748377
0.08528851918280814 -0.05810483671499383 0.15012582305194078
0.08778741437024354 -0.0588297925583725 0.15880819605374474
0.08949970358353805 -0.05988965947178815 0.14921224664867935
0.09201158832621872 -0.06075958847540306 0.15795700190543008
0.09364489905205209 -0.06325363005373305 0.14808719866145686
0.09636615630084895 -0.06391555194199795 0.15687397711932727
0.09762646801148818 -0.0654154112405936 0.14728903248721012
0.10042231745542814 -0.06598702958277701 0.15605186027925566
0.10189248863001912 -0.06754681854830592 0.14631170000137778
0.10491391577595555 -0.06818347070954615 0.15521580633743273
0.10641248804908493 -0.06952531630866593 0.14530518869709935
0.10939400706546673 -0.07023903391484797 0.15446634363916412
0.11154413575417382 -0.07130332576835878 0.143839117193956
0.11448869175710831 -0.0727825551550551 0.15323153240542142
0.11872169043271366 -0.07387633570114696 0.14206018337093637
0.12139149558514639 -0.07473944139292184 0.1519470292288706
0.12700809390756618 -0.07487827097231474 0.142143483751571
0.1286324432580498 -0.07559360110889823 0.15001526736221182
0.13311775539905052 -0.07425745057208535 0.13866530122736268
0.13577508515466064 -0.07428037231157962 0.14930100223044687
0.14118195547169887 -0.07154532731386734 0.137759678720958
0.14363950189150967 -0.07234144419293845 0.1483170685273185
0.0898672451 -0.0531815365 0.152730903
0.0908942884 -0.0530140821 0.16079802
0.0936624271 -0.0539651205 0.152216376
0.0961624507 -0.0540925131 0.160651761
0.109925876 -0.0458186451 0.157231384
0.109196192 -0.048352592 0.16402414
0.11511689 -0.0464055331 0.157330548
0.11378772 -0.0497188183 0.163555846
0.117327355 -0.0475047185 0.156235175
0.116438514 -0.0508705453 0.162698186
0.118874946 -0.0488798392 0.154503826
0.118757096 -0.0523542327 0.161478477
0.120632415 -0.0513479368 0.152594051
0.121415673 -0.0543559544 0.159845871
0.124578788 -0.0529623 0.150876092
0.125876947 -0.0562758997 0.158576438
0.129260966 -0.0545976387 0.148577287
0.131117031 -0.0571382943 0.156998444
0.134267434 -0.0563390992 0.14604261
0.136395588 -0.0579970511 0.155379141
0.13979392 -0.0573814594 0.143351668
0.142269271 -0.0588555037 0.153279757
0.08149509437517177 -0.059212163386154086 0.1503701514947747
0.08253309719322152 -0.05705033063317742 0.15100991335565034
0.0842556663441718 -0.05967944103334108 0.1586532444325739
0.08541819798305586 -0.057899141604625746 0.1589619634007914
0.06871718762301086 -0.05189030861071903 0.1726046463194427
0.07400480571320898 -0.05507109713628828 0.17281583461113678
0.06970816824991871 -0.05071373674334386 0.17302086879362935
0.07479354273019018 -0.05366164143883208 0.17271947055748835
0.078006517634072 -0.05500389464714121 0.17003918344647212
0.07742248323970558 -0.05635103183198559 0.17013104429028372
0.0811950461802253 -0.05655999298034444 0.16650906149396444
0.08046886394407034 -0.057833115759956664 0.16643098356555355
0.08705707297511464 -0.06273401466783958 0.16668893281252503
0.08818425487171004 -0.06271725583264776 0.17478052490734758
0.09125617308800511 -0.06523499671415865 0.1658360603119469
0.092468756893266 -0.0650284375001997 0.17397324075681203
0.09640474422661785 -0.06771258446239016 0.16466576884321785
0.0979264606321516 -0.0678040360572088 0.1728173910119656
0.10171586218113687 -0.07019739408188934 0.16382544269242696
0.10351509485215042 -0.07061555339959817 0.1720309454845211
0.10692271251890376 -0.07202825613463468 0.16317183512900155
0.1090429893737939 -0.07235242274899627 0.17151287819481675
0.11174669128251702 -0.07340751685665863 0.1627211206231822
0.11399046826966916 -0.0733545353700767 0.17120828864984994
0.1172509516941168 -0.07456197365326533 0.16213490449533097
0.11964221677742289 -0.07423844041259535 0.17080715390209675
0.12378208454391555 -0.07544014781298512 0.16130438023314778
0.12588617828004803 -0.07485759614357372 0.170250504899825
0.1324243244295201 -0.07598833017848114 0.15887235825248971
0.13359011523359965 -0.07624266877163856 0.169140761887929
0.13886411166628726 -0.07767132825477696 0.1579040245449333
0.1410952149417188 -0.07859342850914168 0.16783178891228365
0.1458612104770441 -0.07574068725581821 0.1570956247939524
0.1481485402421215 -0.07752102733090724 0.16698699024207755
0.088350320052843 -0.05964561236683642 0.16715674026015623
0.08926418820391126 -0.05943201055550227 0.17512306419166615
0.09297836723172474 -0.06151414773712527 0.1664011506738634
0.09393005377141835 -0.061771487109483936 0.17461763984938458
0.09796221323325896 -0.06428784187489835 0.1651885649561754
0.0991001745565904 -0.06474007887369099 0.17345058991670476
0.1023493752331006 -0.06670183918835719 0.1646810268084499
0.10396074672058979 -0.06731654902690473 0.1731841091026469
0.10742962283611351 -0.06849911950417507 0.16405744086101434
0.1094526277792057 -0.06906808503883922 0.1726652559766272
0.1119876084238705 -0.07050869286699896 0.16346658058540067
0.11431520026865245 -0.07089116168299787 0.17209269608527664
0.11724981139020386 -0.07274319118225948 0.1627104354723841
0.1197121219997648 -0.07218505553903949 0.17169179980076224
0.12378050070093216 -0.07370856282290625 0.16191819143852054
0.12604422281246497 -0.07324864977521377 0.1710584593440451
0.1313334191894453 -0.07502557393665979 0.1603267216290896
0.1332707889195883 -0.07416954265530758 0.17020419589552482
0.1383688287220098 -0.0749128808683922 0.15891294617828744
0.14074010967245615 -0.07632856814946923 0.1687865359615547
0.1458425279116422 -0.07321319641965424 0.15804081402127867
0.1480820345029767 -0.07511339247708165 0.16774555120455248
0.09647986 -0.045061062 0.172253392
0.0958399919 -0.0479570705 0.177837987
0.102298483 -0.046188629 0.172483221
0.101337347 -0.0500794058 0.177934002
0.107735882 -0.0500427231 0.17082801
0.106376702 -0.0532091857 0.177124491
0.111024683 -0.0529185313 0.169564875
0.110335218 -0.0552000938 0.176606101
0.113899074 -0.0551262389 0.168652109
0.113869713 -0.0574439833 0.17589695
0.117369121 -0.0570437661 0.167693841
0.117915534 -0.0596575773 0.174996993
0.121742825 -0.0582256953 0.166724401
0.122636425 -0.0611204522 0.174105528
0.126640419 -0.0596961969 0.165678861
0.127848826 -0.0619541391 0.173522926
0.132222003 -0.0604476464 0.164478415
0.13351586 -0.0630236443 0.172536119
0.137972584 -0.06055971 0.16315479
0.139627761 -0.0629819465 0.171657954
0.144035179 -0.0609590351 0.1614189
0.146169071 -0.0631011289 0.170387832
0.08363481500784238 -0.06001262794985087 0.1673981812640787
0.08454789381062756 -0.05817293146124632 0.16748965585822365
0.07075004136302644 -0.04578036588506321 0.16262672136631098
0.07228627723240869 -0.048201078451412714 0.16497475915877607
0.0702229939716758 -0.04693975568648816 0.16274118032463003
0.07147040062339614 -0.04950719932864632 0.16491400260283834
0.07322226848354527 -0.05053924514206516 0.1660597535315591
0.07251488023453652 -0.051688944463984816 0.1660041917377363
0.07452127101862875 -0.05253775847987759 0.16713700202232526
0.0735940127179893 -0.0537740212875906 0.1668908552944998
0.07568341482320612 -0.053924275201519385 0.16836844679822016
0.07496462560136079 -0.055283004806383325 0.1680813617517082
0.04918217773814156 -0.009188339980532858 0.16061596853599877
0.054423201996675497 -0.010623341604981979 0.1611451299554454
0.05069301602264199 -0.008834681153962045 0.16090727419741502
0.056480242880482895 -0.010496895185065558 0.16189267732569898
0.05026814963978514 -0.008356794097232827 0.17626292291943296
0.05154450278452062 -0.007967930465003627 0.1760819583776328
0.06401823066325751 -0.017080712437971816 0.16427036100201903
0.06366728973401152 -0.01669948697858455 0.16289900526897447
0.06248820819625193 -0.015575699001121896 0.16582301495119
0.06174662281991379 -0.014177787060704078 0.16420360014089905
0.0583561162930634 -0.012531294571531319 0.1669693743513769
0.05610961391377778 -0.010911961421931085 0.163694368198732
0.05393400027125983 -0.010537964472173438 0.1678922627203781
0.05025871403788665 -0.009390078153680943 0.1630655615355425
0.0645436900980391 -0.01646450728724133 0.16404539304484772
0.06429773617235426 -0.015983280156336096 0.16261822815794771
0.06333786445945719 -0.014956619065324925 0.16572589716228583
0.06283289362214237 -0.013756721606324235 0.16419284884517305
0.05952399463952903 -0.012432244975683552 0.16688975297108127
0.05786236672810427 -0.01074411769840887 0.16403989899054472
0.05531318444239656 -0.010239127051911486 0.1678169094666981
0.051953333261703 -0.009130393288299093 0.16341116365390038
0.07967635745256525 -0.031997823671738285 0.12046783323421037
0.07382014670929113 -0.022766370766690674 0.10338555045323061
0.06472288118686213 -0.021033051093766762 0.10352889361375069
0.06702803720601141 -0.022922833665283276 0.10358449699833383
0.0663711730311019 -0.022690250290583983 0.1047034937452487
0.07224046490524623 -0.025316955438566876 0.10816759150876579
0.06806536855244101 -0.02475797431639468 0.10885302148144324
0.06470379145928824 -0.024065194170127664 0.10983534991210928
0.06735498774549432 -0.023512545271862775 0.11398044127295935
0.06559555613372738 -0.022626875113785815 0.11464053774227731
0.07268226833378914 -0.027204273576941163 0.11139259257199491
0.07143968598418787 -0.025565805950898222 0.11430082413377869
0.06966659885666134 -0.024297621896124635 0.11584170477602565
0.06848861949307632 -0.023683337035125564 0.1164644675042633
0.0669051170963462 -0.02291622944064732 0.11668868098169317
0.06348596502539461 -0.020775954951243947 0.11740667206143292
0.05932766614026985 -0.017890321772188127 0.11785390943615394
0.0576418082684033 -0.014524945911113408 0.11823873349154419
0.055040912478537915 -0.010709093561283214 0.11807813277282882
0.0543894900146206 -0.007620180123343119 0.1179516459313429
0.05363745545871328 -0.005025250051468475 0.11743190758385046
0.053217148266021315 -0.0033784008434766533 0.117131791355695
0.05307748806180756 -0.001538988287745074 0.11708044800807534
0.07376582564480372 -0.026536910200548814 0.11801121905173578
0.07128445847206799 -0.025629534276212892 0.11920245175449684
0.07063248398140472 -0.024594653368894853 0.12011261002386017
0.06889411757756726 -0.023300973954028886 0.1206931182099014
0.06417797496774426 -0.021317462037761175 0.12179649685998946
0.060506711117973504 -0.018866922760628582 0.12225372637769262
0.05839314914530511 -0.014947569543613405 0.12174748640708091
0.07721749490218553 -0.028868991029993563 0.12190645025089765
0.080500278 -0.0346209166 0.126940615
0.0799046217 -0.0423729635 0.13146034
0.0796704331 -0.0492162803 0.137738792
0.0864722015 -0.0493015984 0.147686544
0.0872464108 -0.0521212499 0.153371272
0.0892663844 -0.052645479 0.161356116
0.07470146506089918 -0.025755443593009218 0.12330167550629377
0.0772635055 -0.0312043168 0.128079794
0.0774389992 -0.0388620053 0.133050337
0.076043878 -0.0290348053 0.127631406
0.0754423572 -0.0318059845 0.131731266
0.07323575318732282 -0.02459885206480229 0.12331025001027514
0.0735545187 -0.0248621702 0.127313561
0.074061323 -0.0259733786 0.131336772
0.07071404713305862 -0.022812754049307014 0.12420885087089659
0.0712961419 -0.0235283033 0.127351267
0.0720808776 -0.0235725466 0.131009115
0.06684724612421461 -0.021200578996952053 0.12503783451035502
0.0675748263 -0.0214123434 0.127613532
0.0677095292 -0.0213146722 0.13048367
0.061164580416891594 -0.017941041104111606 0.12541855505701438
0.062464632 -0.0174651462 0.128010301
0.0627953388 -0.0162533089 0.131638038
0.0531722424 -1.623353E-9 0.197169467
0.0517552831 0.0 0.197731162
0.05040577654711387 -1.0850990283127556E-9 0.1878326620895565
0.04860928560917504 1.2398359748790198E-9 0.1881845928960368
0.04989851340932824 -4.193282321574721E-9 0.1813619509969193
0.04764034808348399 1.2420950885273802E-9 0.18167182396508208
0.050747750768242 -4.083190575625542E-9 0.1783195654486272
0.048400024456024836 9.848160938455425E-10 0.1787823445970461
0.05107050452868271 -3.1499060065321004E-9 0.17548292011024272
0.04941686493211297 2.747410363285921E-10 0.17556028543477217
0.0586477532 -5.6097E-11 0.198088062
0.0572356465 -7.577126E-9 0.190599904
0.056204812 -5.933962E-9 0.185014214
0.0570190512 -6.589894E-9 0.182646502
0.0579517604 -1.7287042E-8 0.18030242
0.03263364699789811 3.447460996180289E-7 0.1232334344675412
0.029511646155101018 2.9415491308196294E-7 0.1251639558020571
0.033082500650773485 3.227556041915351E-7 0.12478411213796295
0.029804143893848167 5.990725809144932E-8 0.12673949961876776
0.0578381025 -0.00792131916 0.180084189
0.05286199540902589 -1.1528597947517315E-5 0.11700278201062284
0.051542081288460946 -1.4494628781556502E-6 0.08138885652546533
0.05001645381224726 -7.956324413714386E-7 0.08465600944308486
0.0485284436372998 -1.4107030768853085E-5 0.08011315771256342
0.044375215265114745 9.24641603416543E-7 0.08376750751766017
0.05300808028622587 -3.0731729021642353E-6 0.07751289606553007
0.05100254368502282 -1.2009621460478437E-6 0.0762258790128362
0.053192900720387445 -1.236087391110329E-6 0.07335541606731948
0.050706272961082405 6.836992048059178E-6 0.0727196073696213
0.05205419647486878 -1.6223720550010618E-6 0.06879874295935628
0.04871643851176915 -2.8558702085003025E-6 0.06766763721172199
0.05099812815519303 -2.3053142549203343E-6 0.0652793928087491
0.04831169508411432 -6.248585985973682E-7 0.06492553249001087
0.05115113122149916 -1.9611605609354433E-6 0.06327242720915845
0.04824830257990178 -8.32398050781109E-7 0.0626197923261807
0.051954826189246926 -2.4490577570335416E-6 0.061657506044360294
0.049588815768031744 -7.103482563555612E-7 0.05964695764941212
0.10630386883193292 -1.558148238711725E-8 0.03354213141115586
0.10417542446664009 -3.912884967113872E-8 0.03133773579569699
0.09223672232330578 7.533933089265405E-8 0.03661994633234841
0.09054511577654102 -6.490395975873299E-7 0.03423519414224875
0.08854889205685514 -6.342024528923069E-6 0.03741256647172456
0.08747485064205983 -1.7006531434760467E-7 0.034827859971470525
0.08347586754494368 -1.6695866137442993E-7 0.038363031547554244
0.08228543678630847 -9.429123611870661E-8 0.03579257707902003
0.07723635217658967 -2.260550149956951E-7 0.041080662526119194
0.07648132185170575 -1.0133696601370249E-7 0.03890276485331732
0.07238079506448028 -5.893231090196916E-7 0.04475507189343785
0.07079590335552535 -9.71147317068547E-8 0.04277448563917495
0.06802928186247008 -9.313013702760761E-7 0.0472800534280713
0.0660541220866789 -1.650898418121481E-7 0.04577114706782864
0.06278979678813214 -1.9361936671258083E-6 0.050151683419652586
0.06046639131724822 -2.8683447372028247E-7 0.04769598975945077
0.059809144472976535 -2.5555931172786637E-6 0.052158229961137205
0.0571648609878387 -3.839402918228133E-7 0.049194092468378844
0.05762270351746417 -3.329475223054498E-6 0.05489179725298344
0.05444145772099714 -4.565481049836594E-7 0.05163849271453354
0.05511658839780812 -3.3476619696263975E-6 0.05806588417487725
0.0518747885201206 -5.750857355034601E-7 0.05522715948785884
0.057455511113088394 -9.373080016488959E-7 0.08471178399429576
0.05659490143900581 1.2469648872119677E-7 0.08652477242929585
0.055787205394119396 -2.2008806676553615E-6 0.08355433979136535
0.0538464567400546 -2.7257624840356873E-6 0.08591307925559877
0.0599598408297646 -2.0421986498311373E-6 0.08097069869096649
0.06150269373845795 -3.2703485621656174E-6 0.07815094254369781
0.06228864576355427 -4.03496567805652E-6 0.0736609870491129
0.0620405640004386 -4.638309163710198E-6 0.06915410811346216
0.0617025608 -4.68462592E-6 0.0668684849
0.0616575562 -5.05620528E-6 0.0640134185
0.0619446963 -5.08794924E-6 0.0612566432
0.0625025299 -4.80930132E-6 0.0593009251
0.0645970467 -4.12965982E-6 0.0574517725
0.0672416984 -3.03147505E-6 0.054858997
0.0733044472 -1.6117856E-6 0.0556015284
0.0834666812 -7.39692758E-7 0.0570383795
0.0870970342 -4.4330674E-7 0.0570526755
0.0912001434 -2.88723847E-7 0.0566109755
0.0954233415 -1.72989524E-7 0.0563655928
0.102054806 -1.16999231E-7 0.0555171937
0.112652911 2.5513513E-8 0.0375692056
0.11525728456410893 -0.04254131223119436 0.040416732328050924
0.11820947930829362 -0.04697776885561922 0.04347669251248008
0.11757522601542696 -0.04142199650452412 0.04100266833540683
0.12056043081050412 -0.04547566325556403 0.04391047060107144
0.122886892 -0.0386534398 0.0448943084
0.12426687 -0.0423677781 0.0459908709
0.12429978970452171 -0.05396856518531275 0.050642430540290474
0.12606340136348784 -0.05257021318700712 0.05045462733471055
0.128852453 -0.0487250629 0.0513156212
0.09351168712557019 -1.0797968485343604E-7 0.033480294291136116
0.09900059878860497 -4.911190823250552E-8 0.03238706369888594
0.09398021511287817 -0.0027755292889998203 0.03321185490983192
0.0992261159348316 -0.0027744366382603733 0.032248969941107763
0.09438539626305488 -0.006344613447929005 0.03396222356766334
0.09960025361914591 -0.006291558207137565 0.03359265774033078
0.09567317098085562 -0.010763184747751032 0.03462010488918247
0.10034975999958222 -0.010296346974991948 0.03354457923721535
0.09705961987316722 -0.016319778941919685 0.03438278430902709
0.09976908020515603 -0.01526184006585535 0.03306447798548016
0.09969675045784994 -0.023888891709905182 0.036099896627662456
0.1023122949200046 -0.02284854257560464 0.03371078356004731
0.10263565017761586 -0.030205550987716177 0.03874715300238611
0.10566902440707165 -0.030816240788816857 0.03581247803230308
0.10809513206821036 -0.03805156032241815 0.043183424668836436
0.11053374442193772 -0.037453589109154535 0.04087905466354835
0.11173495678268822 -0.04215043966753157 0.04729170103034441
0.11380208884443646 -0.042157914240444454 0.044441008503993594
0.11449690293503531 -0.0463884219318532 0.0504923020207551
0.1165636592644519 -0.04656541178816675 0.047463758789981846
0.11673990700082267 -0.05065602238557607 0.05344882116358203
0.11892479435580128 -0.050944365059363256 0.05043034777775142
0.11918921113261521 -0.05399257093765607 0.056662107489206914
0.12181461159069494 -0.05378919205968569 0.054038320340032496
0.12206986759320113 -0.05642415964387549 0.0603237826997775
0.12472955441187873 -0.05672787631967144 0.05754194863717113
0.09622974569001344 -4.7359174314702806E-8 0.03581714016125395
0.09951845166158124 -2.1222888548280832E-7 0.034594476204965044
0.09625864768588747 -0.0026334196309762657 0.035627745505278766
0.09964972471813008 -0.0027661801573519197 0.034699549050485376
0.09721426742281544 -0.006664710823918587 0.036315608230284645
0.09992743955143313 -0.006343505342920973 0.035288236065066474
0.09803142241020715 -0.010944465309284128 0.0366202200561514
0.10078190909087223 -0.010100525966661207 0.03503952044252368
0.10045893882994651 -0.015758092566951737 0.03859469101386551
0.10268487986687072 -0.015924193170894465 0.035036231335026966
0.10355125411807142 -0.021115731256930177 0.04092389880614661
0.1047750603915984 -0.02203481384752886 0.03636018424898741
0.10745654028308775 -0.029328712155555707 0.04380171374284894
0.1084619537372385 -0.029475035052802454 0.03931051506473907
0.11146248083491436 -0.03525480122045176 0.04755672718334314
0.11337280452427366 -0.035755440118194474 0.04368494497424523
0.11407450596232385 -0.04004663448771418 0.05036674791129206
0.1160340159769683 -0.040702161339904085 0.046523622377030886
0.11613456198418542 -0.04426282347955058 0.05278147837069875
0.11839935725105892 -0.04495229062183096 0.04908851433870755
0.11816410510631467 -0.048302474857564476 0.055433157474178284
0.12058372155158205 -0.04907272793389935 0.051840746408238554
0.12037950543173166 -0.051497870378740346 0.05840558573425288
0.12297582876059655 -0.052307026322414525 0.055051920553810633
0.12263188417069648 -0.053892203550848755 0.061481454118703115
0.12561537003739978 -0.05473944653915827 0.05821765519917241
0.105958335 5.9579175E-8 0.0470844145
0.109191123 4.1301489E-8 0.0405487362
0.105743235 -0.00230689407 0.0470253232
0.10897305 -0.0026727774 0.040560533
0.107073206 -0.00552777813 0.0479575538
0.109432423 -0.00597031345 0.0409335209
0.108174672 -0.00899258091 0.0491962784
0.110170105 -0.00971409422 0.0415570099
0.110128785 -0.0128519974 0.0507351912
0.111525167 -0.0137235618 0.0426103334
0.112389094 -0.0177496814 0.0522907639
0.114108545 -0.0192325711 0.0446056453
0.1148907 -0.0226104901 0.0545562737
0.116460468 -0.0251922813 0.0463775886
0.11747231 -0.0284927044 0.0568402497
0.11900673 -0.0310244666 0.048930683
0.118802752 -0.0325646585 0.0584059092
0.120477965 -0.0359322245 0.0505507018
0.120122151 -0.0359566497 0.0605788107
0.12218819 -0.0395478705 0.0527726702
0.121235802 -0.0392553947 0.0625546032
0.123754912 -0.0432152983 0.054813946
0.122780034 -0.0410589455 0.0657720854
0.125689298 -0.0455282141 0.0579198214
0.124424494 -0.0426204985 0.0685306247
0.127595428 -0.0470215265 0.0614489692
0.118363712 2.5936935E-8 0.0345277809
0.119367331 -0.00300727299 0.0346781832
0.115944571 -0.00317995443 0.0315857036
0.115489031 1.7134496E-8 0.0314039498
0.119370503 -0.00610101569 0.0350615752
0.116207019 -0.00632586016 0.0317838769
0.119384012 -0.0100559729 0.0354468482
0.116605776 -0.00986384949 0.0321663879
0.119411135 -0.0140286987 0.0353548588
0.117367682 -0.0142348289 0.03192039
0.119428281 -0.0188711312 0.0356959019
0.115354423 -0.0205152101 0.0329031074
0.119435723 -0.025353727 0.0367543099
0.115882927 -0.0268485443 0.0334074397
0.122172361 -0.0340496179 0.03599897
0.11974781 -0.0342289902 0.0328576414
0.123966366 -0.0403809577 0.0371003673
0.120042458 -0.0422244641 0.0351293862
0.126248052 -0.0445287206 0.037730719
0.122686261 -0.0468957623 0.037149299
0.129705224 -0.0480970779 0.0411620682
0.126152429 -0.0508137001 0.0407821855
0.132395629 -0.0509558764 0.044764165
0.129707148 -0.0534278832 0.0443949106
0.134496714 -0.0545350602 0.0483928336
0.132405266 -0.0571974627 0.0485128745
0.113597152 -0.00278265134 0.0293792436
0.112611352 0.0 0.0293758826
0.113959612 -0.00637593903 0.0300384986
0.113734384 -0.0101419696 0.0307844
0.115552552 -0.0145419531 0.0304086012
0.114587398 -0.0207058653 0.0314680527
0.114581105 -0.0276070737 0.0319095583
0.118782467 -0.0346697955 0.0316534231
0.118687907 -0.043441148 0.0340610432
0.120615186 -0.048200758 0.0370789055
0.124093416 -0.0522756072 0.0406944559
0.128193455 -0.0548779758 0.0445161117
0.13134025 -0.0582227805 0.0487778548
0.12495137836536867 -0.055947761352134716 0.06470645381040983
0.1242980948340988 -0.05870040447438803 0.06397265023741376
0.12828768028466708 -0.05666005325023463 0.061758600130065754
0.1275859341729065 -0.05852061056187269 0.06147441826202959
0.13160914099654036 -0.05757905016800865 0.0583191961579923
0.13072127331391734 -0.05891497582486994 0.05871318083812525
0.135075785 -0.0602551454 0.0530319006
0.134291051 -0.0612488223 0.0534814972
0.125575698 -0.0435445408 0.0713319697
0.129333375 -0.0482885699 0.0640944146
0.132967594 -0.0527895833 0.0584334074
0.136551319 -0.0567555478 0.0525654802
0.1264709907835391 -0.05752808196095858 0.0689356304444183
0.12617828854999977 -0.06102503047193594 0.0679520974994328
0.1303151845299757 -0.058737731945333826 0.06559477293665696
0.12998635248574097 -0.061319057054922355 0.06550447302437795
0.13433932776355362 -0.059784251167229886 0.062208128781166466
0.13330802215785925 -0.061792213249282316 0.06294724792056265
0.138415191 -0.0621111072 0.0577418616
0.137559537 -0.0634949234 0.0583125408
0.127080587 -0.043633102 0.0730549753
0.131417539 -0.0481590133 0.0680562954
0.135113429 -0.0532522594 0.0629423673
0.139353328 -0.0578543733 0.0577399528
0.12829466729833092 -0.05922571713109809 0.07325608541437101
0.12796851609512958 -0.06325530243526338 0.072328639978553
0.132498711204423 -0.06042205075902881 0.07032189028491159
0.13198950754106323 -0.06365409218251099 0.06986561334827449
0.13672104439529523 -0.06140748937632627 0.06721063352212962
0.13585486774737895 -0.0639359801086857 0.06746141922787316
0.141393529 -0.0631586869 0.0631771163
0.140614368 -0.065099051 0.0637024813
0.129141306 -0.044276707 0.0743452524
0.133103614 -0.0475693921 0.0723629978
0.137448853 -0.051707834 0.0679543951
0.141904364 -0.057015525 0.0636346337
0.13086978069292537 -0.061689107863445426 0.07991750892362294
0.13074763471279793 -0.0664126807214828 0.07847888444158663
0.13550535425572174 -0.06177404932551064 0.07780852288170037
0.1353828889782111 -0.0657766473309394 0.07699585224213219
0.1401051698301593 -0.06232294599211978 0.0758017287095214
0.14017870683745165 -0.06548890939920406 0.07497770314463344
0.145866625 -0.0638057365 0.073194897
0.145309818 -0.0660948299 0.0727077122
0.13096995 -0.0472845994 0.0840662325
0.135319048 -0.0477572413 0.0805634771
0.13944258 -0.0500971347 0.0791176299
0.145854128 -0.0541980621 0.0749891556
0.13405145029097607 -0.06315585547461891 0.0883395654550471
0.13428614682559345 -0.06876981211106674 0.0872538370181133
0.133953182 -0.0475937446 0.0931283373
0.138067336 -0.0491039583 0.102944686
0.13788257358208822 -0.06436268018817534 0.09891353793878309
0.1380817153426071 -0.06947160035063445 0.09784245526621933
0.14164146188043847 -0.06596941447315814 0.11393196066471266
0.14178828846507982 -0.07104945596912905 0.11336383822911285
0.142336836 -0.0524789519 0.117017493
0.1445459976680948 -0.06791040415099699 0.12708052214537424
0.1447770368746488 -0.07082508577475158 0.12578101424420382
0.146324115 -0.0550318547 0.129942463
0.13907891311791415 -0.06219939831887247 0.08628178954385234
0.13923931976255954 -0.06723633637287608 0.08560692132170367
0.138508596 -0.0477145175 0.0896890896
0.142100985 -0.0487768488 0.0995484621
0.14300707673957963 -0.06359315100715442 0.0962624409868213
0.14306291826818154 -0.0688021923263525 0.0958071949057351
0.14731552581839943 -0.0651266172025593 0.11220502552915798
0.14831613295260548 -0.07024034991277056 0.1102397872833082
0.147061814 -0.0523186606 0.115695086
0.15032155337727104 -0.06739444613420127 0.12549130559157848
0.1500584984875328 -0.07094949267566392 0.12462219855627216
0.150390177 -0.0543588682 0.129401966
0.14402251265055965 -0.06335923689174118 0.08400031931265398
0.14433372398202385 -0.06730092414955745 0.08339295762497301
0.1426223 -0.0484723594 0.0879947144
0.14776877772779465 -0.06471591288591085 0.09367255032541338
0.14825339274363844 -0.06916584746275316 0.09351639949685836
0.144842576 -0.049582187 0.0968319918
0.15235675463446818 -0.0668488615271417 0.11039518916749942
0.152315042885747 -0.07100052351619292 0.10961476197662776
0.151569572 -0.0519004459 0.112464648
0.15559977114643286 -0.06797930815031641 0.1238454164202636
0.15537775973075932 -0.07260010949521596 0.12319863986603193
0.155738023 -0.0537560827 0.127390303
0.149514103 -0.0650704864 0.0815510668
0.149415567 -0.0671983758 0.0810527882
0.147854028 -0.0523678271 0.0843606642
0.153295283 -0.0660555234 0.0909935322
0.153530337 -0.0691773376 0.0912930045
0.151071187 -0.0509107582 0.0936363179
0.157968489 -0.0681337526 0.108524893
0.157657691 -0.0715452191 0.107954502
0.156186745 -0.0529612252 0.109673727
0.161023721 -0.0690967878 0.122198343
0.161102904 -0.0731653287 0.121797161
0.160533125 -0.0540367542 0.125418774
0.1467170518263104 -0.0662759954923154 0.1382447890276596
0.14697742991469498 -0.0690659992612991 0.13728092574136969
0.146758431 -0.0563564699 0.141649332
0.15274680097192367 -0.06856217852544623 0.13691536351621525
0.15177373940778785 -0.07222963707872937 0.1355465357787896
0.153380024 -0.0558241234 0.140446244
0.15864711650595695 -0.07125969890647353 0.1355719097809077
0.15822867738889387 -0.07474740070520822 0.13462954962133608
0.158572444 -0.0554410982 0.13938176
0.164213779 -0.0710959846 0.134409827
0.164141724 -0.0751769919 0.133451624
0.164398469 -0.0552610815 0.138183793
0.1493434549709727 -0.06701029843853354 0.14842898122517137
0.14860062755147493 -0.0715109267440696 0.14829035658265233
0.149227604 -0.0580235448 0.151546417
0.1553178577222991 -0.07040722059762765 0.1479345343220254
0.1552274798132406 -0.07523593903147187 0.14654123150168394
0.156301816 -0.0573594191 0.151377572
0.1613638757041248 -0.07512341924988188 0.14683759450229958
0.1610435384358735 -0.07777833614310353 0.14553490497567262
0.161777357 -0.056828307 0.151224044
0.167029919 -0.072105553 0.146297155
0.166983625 -0.076192436 0.144963
0.166945292 -0.0563791423 0.150839566
0.15206733848058882 -0.06827883435487123 0.15884406680751176
0.15208382370366788 -0.07155456159397186 0.15824645724382216
0.152005184 -0.0592101318 0.161591775
0.1573967502228399 -0.07316287336936607 0.15800194217867045
0.1567538479684356 -0.07806170398874411 0.15679180969306908
0.158990715 -0.0585202036 0.161615767
0.16328796321140596 -0.07631016632434953 0.1572780186770985
0.16285625668869474 -0.07936850346016401 0.15620413035250247
0.164465317 -0.0578331636 0.16180955
0.169433824 -0.0731795381 0.156953383
0.169398203 -0.077747869 0.155696205
0.169530764 -0.0570048046 0.161876285
0.15460666706043696 -0.06990125784432702 0.16870182191883307
0.1543512979063838 -0.0728419613275909 0.16810124311723695
0.154475439 -0.0620288123 0.170744026
0.1595072297143167 -0.07222882789258445 0.16783533230478134
0.15924342067428962 -0.07541325847197139 0.16721019287199465
0.160953167 -0.0625799714 0.171118851
0.16546117738869365 -0.07539341671832073 0.16698378629753585
0.1651025265549579 -0.07945240663417424 0.16580585198352896
0.167248951 -0.0632056288 0.171013546
0.171923135 -0.0748817387 0.167197172
0.171873162 -0.0791049772 0.166195767
0.172582466 -0.0627730172 0.17148351
0.15597975802776265 -0.07331800143959193 0.1778998835165851
0.1559627049397105 -0.07571688712295799 0.1772961295421901
0.156402928 -0.0648116736 0.180506646
0.16055706957036514 -0.07518630847538539 0.1771545197537342
0.1602935511010974 -0.07757313560749947 0.17650589674838088
0.162383056 -0.0654263032 0.18064119
0.1673819452648076 -0.07665634535545632 0.17683171090328673
0.168295980986654 -0.08021303047817485 0.17544373494248025
0.169958904 -0.0655076217 0.181180063
0.174210479 -0.0769171907 0.177251119
0.174290842 -0.0821237617 0.175987814
0.174840213 -0.0653027549 0.181062613
0.159782765 -0.0731698338 0.198132315
0.160024334 -0.0747306973 0.197874008
0.159212265 -0.0655791238 0.202316158
0.164813598 -0.0737497979 0.19811897
0.165350997 -0.0771607376 0.198033262
0.164593166 -0.0650324045 0.202659013
0.170782222 -0.0772224816 0.197570728
0.170485807 -0.0819940233 0.196069175
0.171298707 -0.0655027858 0.202278932
0.176859304 -0.079008421 0.196889321
0.176909034 -0.0843347337 0.195442794
0.176636295 -0.0648666077 0.201737672
0.057325408558764786 -0.00978673629737533 0.12163913194658595
0.05574159707702171 -0.006959481723193077 0.12195357494092916
0.05575033322020804 -0.00450900233020259 0.12156029131327012
0.054824249836137665 -0.002965177091168842 0.1208919276425567
0.05486742459994878 -0.0013293874637444279 0.1212429540246332
0.05453080244816918 -1.0464023254184843E-5 0.12149676590694222
0.05822741347552432 -0.012585728941549091 0.12180192246116457
0.060139965862506375 -0.015480471951908768 0.12564590070982723
0.05896410733927646 -0.014055552551598498 0.12562475555496228
0.058311479701301565 -0.012079702271604646 0.12509052007893526
0.05752737550054998 -0.011099052761781834 0.12474436694539753
0.055810549586189924 -0.009421530831193434 0.12437775511711206
0.0625079682 -0.0251313994 0.19658412
0.0619342832 -0.0287933189 0.190036476
0.0649316206 -0.0305371398 0.195860644
0.0678279432 -0.0344490857 0.195304827
0.0698470185 -0.0388706162 0.195147991
0.0667084347 -0.0397965932 0.181576611
0.06701887 -0.040748668 0.183228157
0.0681646236 -0.0410045037 0.184816174
0.0701916446 -0.0413027814 0.189139072
0.068523219 -0.0433513214 0.181288761
0.0737545617 -0.045258505 0.189368598
0.071946315 -0.0452499021 0.185146683
0.0698514325 -0.0445438419 0.182798836
0.0719830665 -0.0468339872 0.18100988
0.0719794034 -0.042446511 0.195344322
0.0755606459 -0.0446918626 0.195591171
0.079660419 -0.0464276367 0.196019957
0.0839070617 -0.0478763691 0.196599053
0.0885076402 -0.0488356865 0.197099373
0.0932478583 -0.0496731656 0.197471542
0.07753716 -0.0477965993 0.188770685
0.081496161 -0.0482220959 0.187376637
0.0858040939 -0.0473082052 0.185891721
0.0908343674 -0.0473462078 0.184569643
0.0756537788 -0.0480062604 0.184463471
0.0806118697 -0.0483651347 0.182209083
0.084799525 -0.0476887938 0.179927915
0.0897618148 -0.0473034235 0.17809862
0.0738897878 -0.0474723869 0.182449173
0.0792681894 -0.0488812204 0.176724642
0.0801478421 -0.0486911121 0.17951483
0.0759599756 -0.0475571981 0.16842579
0.0754524653 -0.0479440698 0.170528729
0.0767072563 -0.0479192946 0.171348248
0.079523399 -0.0471331007 0.172054637
0.0887956078 -0.0490362628 0.170235895
0.0824839249 -0.0481327408 0.174202163
0.0841503108 -0.0483518206 0.177108942
0.0844784424 -0.0493449928 0.169213207
0.0869884633 -0.0506916181 0.169451504
0.0846294751 -0.0513376906 0.164188585
0.0869536262 -0.0522744579 0.162450399
0.0827924074 -0.052255559 0.157675147
0.0847175092 -0.0520075962 0.154907411
0.0809881488 -0.0498760729 0.153136937
0.0835614469 -0.0488488728 0.149904102
0.0764564593 -0.046463778 0.147730852
0.0769990288 -0.0475379147 0.144285472
0.0659386976 -0.0208616816 0.139854056
0.0668385886 -0.0204647357 0.136964523
0.0697064105 -0.0250326839 0.139415803
0.070593257 -0.024744853 0.13677078
0.0719164373 -0.0311174256 0.136847187
0.0719143353 -0.0382213672 0.137609526
0.0728818192 -0.0442594045 0.139938373
0.0720684656 -0.0308622247 0.139244182
0.0722247738 -0.0375419651 0.139660008
0.0731408504 -0.0429508756 0.142519624
0.0506057252 -0.00658007439 0.160309292
0.0542589179 -0.00857758568 0.159326479
0.0590209585 -0.0102749312 0.158992104
0.0612228562 -0.01123916 0.156370961
0.0586666694 -0.00814871792 0.162595248
0.0622858191 -0.0103719457 0.161180478
0.0596308304 -0.00731083387 0.164836689
0.0627736379 -0.00876261589 0.164610618
0.0674682976 -0.0105082665 0.164097923
0.0674833352 -0.0105408877 0.165347617
0.0676464496 -0.0107920002 0.1665943
0.0679842105 -0.0112654313 0.167932769
0.0647352217 -0.00911425074 0.165407973
0.0647900248 -0.00881994171 0.166665511
0.0650885513 -0.0091189229 0.168006295
0.0655519546 -0.00980246674 0.169656911
0.0621740809 -0.0071774801 0.166180099
0.06165846 -0.00654377847 0.167945642
0.0615129995 -0.00695848144 0.170061864
0.0621159048 -0.00811841171 0.172690366
0.0598340579 -0.00625221082 0.166709058
0.0597373373 -0.00610069968 0.168716527
0.0597911287 -0.00673398804 0.171026325
0.0601673244 -0.00796588532 0.17361576
0.0619384179224899 -0.027536271617372838 0.15009841969000484
0.06249895650882739 -0.025469066880944875 0.15070496692777435
0.06261043778226018 -0.023455553908869275 0.15138861689055408
0.06325853879714026 -0.02143800168466084 0.15234129660932755
0.06172927938341753 -0.02811552645698751 0.15001860424232863
0.061624311200249485 -0.026353622710418426 0.15064956546178215
0.06161754248439121 -0.024339606834078827 0.15146250903868308
0.06176735132634298 -0.02222670736800143 0.15259998749359546
0.0701048858 -0.0154461416 0.154218054
0.0700069939 -0.0173858559 0.152981764
0.0696837954 -0.0194042137 0.151897314
0.0693276153 -0.0214781755 0.150998528
0.0665810724 -0.0157584315 0.154147045
0.0658755628 -0.0169735286 0.151771342
0.0656932715 -0.0185349734 0.149601268
0.0659470091 -0.0205588983 0.147839661
0.0647786641 -0.0149836827 0.154519157
0.0635225864 -0.0159959388 0.15119156
0.0638572229 -0.0173303735 0.148391735
0.0645910339 -0.0197274408 0.146347148
0.0622820552 -0.0119795606 0.152327116
0.0606045702 -0.0136104358 0.148799848
0.0611066436 -0.0156890632 0.146118266
0.0624013311 -0.0178903813 0.143883922
0.0624209505 -0.0162901118 0.141174201
0.0622005588 -0.0158287416 0.138175723
0.0604358523 -0.0138981499 0.128384269
0.0616699134 -0.0116722217 0.133415638
0.0611935787 -0.0132274284 0.130508464
0.0570089117 -0.0112575551 0.149625886
0.0605084854 -0.0111219263 0.137728874
0.0607881409 -0.0135130364 0.143450654
0.0605748443 -0.0118933336 0.140234545
0.0588674285 -0.0116684034 0.142828988
0.0593112663 -0.0125549104 0.146193521
0.0550883122 -0.0106929951 0.150559541
0.0497990413 -0.00916210318 0.151989979
0.046423575 -0.00766351656 0.153983029
0.0440626883 -0.00623734098 0.155983906
0.0420781988 -0.00323123723 0.157430727
0.0412334655 -0.00142250714 0.157727022
0.0412282639 -4.744024E-9 0.157721288
0.0541373872 -0.0111581113 0.143589603
0.0373274108 -5.79568189E-4 0.154023384
0.0496260919 -0.0103060234 0.145300714
0.0456919971 -0.00828431288 0.147647842
0.0421857508 -0.00696978792 0.150009759
0.039674654 -0.00524209299 0.152307206
0.0380464062 -0.00178409042 0.153534925
0.0373253034 -6.393954E-9 0.154025219
0.0566075316 -0.0112647177 0.138812052
0.0507541859 -0.0112065998 0.140112954
0.0460578315 -0.00952709949 0.142192145
0.0419692223 -0.00825051501 0.145360674
0.0385694689 -0.00656463611 0.147969354
0.0366714122 -0.00448508541 0.150099954
0.0354905986 -0.00135164777 0.15121283
0.0351759411 -3.20725484E-4 0.151486069
0.0351755152 -7.23912E-9 0.151485884
0.0601540356 -0.011554677 0.131992502
0.0557291719 -0.0121016936 0.13537282
0.0492688364 -0.0136985931 0.136903935
0.0454221612 -0.0122826128 0.138336928
0.0420447861 -0.0109187254 0.141327048
0.0386712746 -0.00941549483 0.144002876
0.0359307854 -0.00626472581 0.145904107
0.034140248 -0.00377069343 0.147340105
0.0331600221 -0.00123931526 0.148497647
0.0329160488 -5.38240946E-4 0.148604846
0.0329186597 -7.360644E-9 0.148602139
0.0577127247 -0.0128592829 0.130561891
0.0513775612 -0.0144479783 0.133651006
0.0420655838 -0.0135406462 0.138438574
0.03764975 -0.0111786817 0.141039772
0.0458200404 -0.0136893856 0.135221102
0.0355011776 -0.00899579538 0.143286746
0.0330902261 -0.00606012695 0.14411449
0.0315719187 -0.00339134592 0.145088792
0.0306234811 -0.00130184297 0.145736757
0.0304198165 -5.5483891E-4 0.145913917
0.0304212391 -3.269929E-9 0.145909253
0.0560659458 -0.0147804778 0.12756124
0.0502958719 -0.0167648817 0.128558128
0.0480552332 -0.0158500909 0.131670138
0.0437298724 -0.0149256631 0.134426073
0.0402226089 -0.0139867017 0.138367089
0.0352435222 -0.0120097483 0.140247233
0.0401265214 -0.0128304235 0.137378642
0.0334836228 -0.00950774607 0.141738496
0.035224667 -0.011849493 0.139965086
0.0355032367 -0.0114544437 0.13900975
0.0312130608 -0.00593550037 0.141855166
0.0298093143 -0.00323707059 0.142285381
0.0288559702 -0.00125160354 0.142846266
0.0284723782 -5.69622967E-4 0.143156992
0.0284732757 -2.9013E-10 0.143153702
0.03219135 -0.00913675287 0.139618759
0.0301011804 -0.00547113111 0.139170704
0.0293753999 -0.00402966823 0.139245874
0.0300858314 -0.00385150321 0.136666358
0.0314103421 -0.00639643853 0.137263966
0.033383838 -0.00942410783 0.138389316
0.0283948599 -0.002021217 0.139474553
0.029041505 -0.00183467846 0.136623513
0.0276208671 -5.57861654E-4 0.13981451
0.0276207161 1.4037762E-8 0.139809252
0.0281928812 -3.73026457E-4 0.136836315
0.0281919644 3.640996E-8 0.136832215
0.0309832158 1.55059214E-7 0.133799109
0.03574193 3.44376472E-7 0.131459481
0.0452267669 3.40548746E-7 0.127844603
0.0504255386771114 -8.449812411251114E-6 0.125491902249167
0.0309850558 -3.3772853E-4 0.133805098
0.0357484424 -4.92826775E-4 0.131472381
0.0454334683 -9.0306936E-4 0.127944049
0.05064402749777731 -0.001220117899634527 0.12577393949701243
0.0318464708 -0.00185623036 0.133700129
0.0366138324 -0.00208965091 0.131478977
0.0461715671 -0.00283497894 0.128009428
0.05149403524279297 -0.002700803414132813 0.12597451841569965
0.0328559253 -0.00383930018 0.133943529
0.0374234579 -0.00396426412 0.131553882
0.0465693427 -0.00505989214 0.12786795
0.052323038165805184 -0.004057727597144902 0.12573486557607277
0.0499809333 -0.014541473 0.126896674
0.0478336918 -0.0158547972 0.128518781
0.052344262 -0.0154424482 0.127005089
0.0501839575 -0.0165252018 0.128350647
0.0466184348 -0.01648009 0.129723935
0.0395280389 -0.0124428941 0.136864917
0.0426207395 -0.0144599525 0.133685479
0.0402852873 -0.0114260523 0.134567281
0.043146797 -0.0126482402 0.132315517
0.0343512961 -0.00641179925 0.135028097
0.0360578239 -0.00886618458 0.136603475
0.0377466007 -0.0109746835 0.13752135
0.038111175 -0.00599828484 0.132217003
0.0385731289 -0.00810249901 0.133493247
0.0391566422 -0.0101231933 0.134687079
0.04525087377293658 -6.050170372809355E-6 0.105153483391826
0.04527100047184767 -0.0013220421731371436 0.10512973316390234
0.0462533082057804 -0.0013316304094904336 0.10849389366994514
0.04626354975729391 -2.2918334561061912E-5 0.10853968591730517
0.04545587200174517 -0.0026683276983369896 0.10525479192532777
0.04635879994726874 -0.0032173662325420214 0.10844404454918488
0.04592456517533173 -0.005524435763233795 0.1053886454913693
0.04665020809507287 -0.005530558977361722 0.10836001067465358
0.04634509267615043 -0.008407593658400048 0.10562853139878615
0.04709279281013084 -0.008443190743794229 0.10838973995680974
0.04737631084807021 -0.011659571612321456 0.10579135633054922
0.04828001570160491 -0.011995470909086866 0.10858140574380705
0.04928290218691387 -0.014459866458893507 0.10626210958472225
0.04955623194938183 -0.014988525901629721 0.10842927243460893
0.0503197059980335 -0.01713502507261251 0.10558475826538925
0.05119547416778693 -0.018225725340583022 0.10763132191497904
0.05205089215516165 -0.019148471730130786 0.1053131911559286
0.052963825784314994 -0.019970516267569773 0.10734228154717847
0.05346400121963333 -0.020498882151918026 0.1049852106148853
0.05395966837857388 -0.021067648860815417 0.10690031363480688
0.054943682411342565 -0.02186405781248271 0.10442221917537378
0.055674835486076886 -0.0220934436612099 0.1063411647586282
0.05622812053605684 -0.022861602168459574 0.10377842899699065
0.057072403162552174 -0.022929312556798403 0.10572371935891382
0.05722220486002708 -0.023848764100728455 0.1029139667760252
0.05850243101567571 -0.02358368852541448 0.10494281179080849
0.06026577138719796 -0.023274382852985828 0.10278766559725043
0.060794176302064656 -0.02356594342633631 0.10451500009138118
0.06274142034769488 -0.023186597791589908 0.10272969703327785
0.060675421388996245 -0.02274185357622307 0.10094556579653094
0.06429450155033238 -0.022637963400362504 0.0998742017191583
0.062090799727426524 -0.021480071919654297 0.09944856606575901
0.06982130800640284 -0.02502042515546722 0.09359385313922798
0.06635850861969085 -0.022410677974902992 0.09440105643399994
0.06491044888692153 -0.02307569518642606 0.09084994708382972
0.06907380805600971 -0.025509581628672413 0.09009647275933813
0.06390421637398128 -0.022698188025058175 0.08899500208805994
0.06846859943616482 -0.024753492494296512 0.08740537931503682
0.06317176295742587 -0.02159073818046354 0.08727718597565252
0.06772643208052342 -0.023413815325461166 0.08534429277003683
0.06260669572925906 -0.0199131570111877 0.08565829475418653
0.06695872620901712 -0.022010058735644742 0.08329109187113876
0.06206375910788251 -0.017899612155083497 0.08420685134915482
0.0660789783213436 -0.020020754239758645 0.08159300802335151
0.06162947478584742 -0.015545052133341552 0.08276407949377
0.06519609389003894 -0.017512698350785342 0.07988962424296743
0.06124077093768436 -0.013065609504781075 0.08151602769000763
0.06380608643723369 -0.014542257055773576 0.07836637348047074
0.06079893141044858 -0.010084026588123761 0.08071947582360776
0.06214613228537649 -0.011078967019047271 0.07722272331298052
0.0590319680327818 -0.007314730065968777 0.08059665028926805
0.0601208364567731 -0.007637893878240152 0.07713852168391165
0.057679720489019 -0.004269176451327991 0.08021841586329859
0.05897894351792853 -0.004092130993014016 0.07626555879519807
0.057692012612316886 -0.0024713286556642686 0.07997309828822528
0.05880002754916489 -0.002391418822437814 0.0761311104083892
0.057656890685417544 -2.407391585719439E-6 0.08000434042353442
0.05879443064597919 -3.31408602424886E-6 0.07609831933218578
0.06790825188601134 -0.025009733653114756 0.09823004781410749
0.058349653071191845 -0.002410994291864513 0.07165401823572819
0.05834358952247739 -3.6930723682427478E-6 0.07166554660606016
0.059116323062058884 -0.004068004043705047 0.07262740765521251
0.060574459891157256 -0.008207679236775912 0.07285923181871382
0.06284493904196319 -0.011962075548044201 0.07281456338792587
0.06477985487823348 -0.015231997107019541 0.07361535473633324
0.06645425451057545 -0.01832312734198214 0.07460832225877118
0.06794833940060256 -0.02133473168180537 0.07560416861459664
0.06915557269367018 -0.023788721385261294 0.07754836804503866
0.06999798418310602 -0.026106556295688952 0.07989471732205988
0.07060250751522829 -0.027423358088310066 0.08231295711007337
0.0714569480825768 -0.02910376905541447 0.08547323341482299
0.0730106700606256 -0.030098905206499466 0.09103351318312826
0.07174804027994666 -0.029155644511363307 0.09666225721186256
0.0706469304388348 -0.02972281557463233 0.10161812050517652
0.06560475250801079 -0.027332054007010352 0.10386746757491784
0.06226759283341453 -0.027588487485583593 0.10479735200545837
0.060043649646433106 -0.0270099516117352 0.10615655720174272
0.05993734607315336 -0.024131123086648353 0.10929619253359725
0.05744145451404411 -0.022519593408434454 0.1110357690428367
0.05466776496522159 -0.02081953845800685 0.1124245479252594
0.052048593677584576 -0.018913197693224727 0.11271039234815723
0.050538198279973794 -0.015998444123833663 0.11301989015258146
0.048921005104969405 -0.012033775345828857 0.1125103576662202
0.04792302806318584 -0.009369642578864483 0.11237649557169777
0.04749978676472541 -0.005604666815043246 0.11183189186367322
0.047172338876263584 -0.0033951674313255895 0.11165379975338535
0.04710739603149154 -0.0014659353601676915 0.11181351195784678
0.047047471911648646 -4.8111806452981144E-5 0.11181823638368717
0.05759102989199892 -0.002467912572554491 0.06777095765906725
0.05718605955024617 -4.37129955521978E-6 0.06790675846486037
0.05903074710594131 -0.005238346724221719 0.06762326312919227
0.060876437024956764 -0.00841517663268173 0.06820790823848123
0.06289773858397836 -0.011913618458608331 0.06871339902729175
0.06520368846696618 -0.015298050812955946 0.0693709341632353
0.06683814756002796 -0.018716656110470863 0.07007377899997946
0.06995785619961097 -0.0226800858587932 0.07153748105691034
0.0719475449232422 -0.025337878838899184 0.07639235705421026
0.07374994661326924 -0.029101212859858384 0.0837750000315743
0.06933794229320459 -0.03325886495864416 0.10565704302301615
0.06681897080511323 -0.03197740730709037 0.10669140869911568
0.06487014064272448 -0.02916134760232365 0.1090792311473225
0.06280473473098604 -0.026938785952084945 0.1113370028730692
0.06097914996305536 -0.02569683897133308 0.11324009601938527
0.05868523060933511 -0.02466419211885132 0.1147243893701702
0.0558866271279459 -0.023017934599628878 0.11609102941905006
0.0530389003470347 -0.020339130457115728 0.11709817874922986
0.05115015513100255 -0.01667289002273045 0.11772182841209669
0.050306581210003316 -0.012692685869690584 0.11756167882919513
0.048675334840441384 -0.009279666842987625 0.11755207947946408
0.047806997835066145 -0.006779705373410771 0.11721428740348236
0.04739602741007458 -0.003418062985694587 0.11652297976450458
0.047266422128836444 -0.001478783793657091 0.11669322936613731
0.047263148851594376 6.220287516052937E-6 0.1168031263075432
0.05759547892961881 -0.002618149867782011 0.06449500149873787
0.05682065909838778 -4.982617176980896E-6 0.06474717067004582
0.0581751259595329 -0.00535666030118238 0.06457768743812692
0.060615118235737196 -0.008380088178427966 0.06517559782005204
0.06314900667551009 -0.011305770859741566 0.06584633887059689
0.06550956205966693 -0.014678213234511031 0.06636865518126016
0.06792400512780135 -0.018922988584801737 0.06678765549415847
0.05838994620402898 -0.0027080607621484715 0.06246613578215892
0.057228757980295496 -5.252368076158781E-6 0.06276573903851426
0.058417049364101484 -0.005372048279414354 0.062198190916011385
0.06103138010598692 -0.00806731269939046 0.06240459421276181
0.06310517785561354 -0.010905896147101798 0.06271237717958723
0.06578325858556104 -0.014270914737977746 0.06326243160698843
0.05931811563288593 -0.002547702728262031 0.05919231504403228
0.05816118145792643 -4.930962064821561E-6 0.05910992972677578
0.05952246972461538 -0.005165533529162453 0.059017514204085804
0.061605596438765016 -0.00789202964243509 0.05916334429088993
0.06379685053050224 -0.010822333676448668 0.05932333729625227
0.06061609854006073 -0.0024825007039325987 0.05664382948478337
0.059810671760571546 -4.426263843718203E-6 0.05636400424443703
0.06111968584272193 -0.005057652042835028 0.056388570488974596
0.06311526609967913 -0.00809246198702463 0.056424061265446995
0.0652994914774343 -0.010916170173482816 0.05637473747923192
0.06864088945618388 -0.01526789697500248 0.05692433389314269
0.06695997039509219 -0.014474401605069498 0.059676824211054656
0.0629091590430903 -0.002606042717901221 0.05436446627459595
0.061633556372639335 -3.5778891884888746E-6 0.05387873452662701
0.0634862619248368 -0.0050999927926581885 0.054094013096161755
0.06569125585705922 -0.008333295297004993 0.05418875404231911
0.06773705396096621 -0.011135001027853137 0.054301084251540455
0.07082737491678873 -0.015791024789620307 0.05491647925458462
0.06781864052427923 -0.016899291266412576 0.06182071856173649
0.06639417831462946 -0.0026664274789867403 0.052431518648261795
0.06464226333369663 -2.837756081165336E-6 0.05181037005995546
0.06704579270156535 -0.005358614771385856 0.05239760100126127
0.06849228883512637 -0.008559252763640024 0.052404178717865214
0.07069514940581643 -0.011453524067713208 0.05293949004396599
0.07407381135466692 -0.016101081479395932 0.053791888673013794
0.07123379252165567 -0.002645131168754764 0.05059161212715755
0.07120409157543034 -1.5484864979560932E-6 0.0501923392740643
0.07202957155141962 -0.005401291756763418 0.050725335195119126
0.0733344476018271 -0.008665575053677035 0.05112601008847011
0.07522478530945084 -0.012113102148661351 0.05166035071481627
0.07888025924688924 -0.016575360394445852 0.05332172925296026
0.07577060362360981 -0.0026384199113126394 0.04932870209004933
0.07644178767668074 -8.155026945325923E-7 0.04911321405047127
0.07684336700582127 -0.005462108645932706 0.049795233349151126
0.07811655451429236 -0.008844344472290861 0.050140594155917935
0.07994697128141277 -0.012527385077186098 0.05077854403960086
0.08423123168333563 -0.017050738713749052 0.05375001509156677
0.08121985222378479 -0.0026532914009851525 0.04709155773906216
0.08168395996711865 -4.838420695927355E-7 0.0468658487833775
0.08213229690507517 -0.005373093751871957 0.048183491566777925
0.08555686470200631 -0.012841105936188642 0.05029173569696474
0.08351292337855008 -0.008895102286815776 0.04893376968670851
0.08796151813387575 -0.002658562932381727 0.0460959366696064
0.08676023204136321 -1.9106813069618114E-7 0.04507495564748265
0.08918481443305618 -0.005833849047480019 0.048365570093589015
0.10119352485173985 -0.019601512332142194 0.05458755713172662
0.09591102520479676 -0.01789153638123373 0.05573792172823648
0.09294219456343689 -0.014249059712725044 0.05232964140481602
0.09798872549034202 -0.01428559743710576 0.05170712540750043
0.10397078453853383 -0.006270637839098338 0.03628873026428685
0.10507805280129666 -0.010294242196328353 0.03716672718337114
0.10312933339336978 -0.00951775349130864 0.04429323518857249
0.10117389283914481 -0.005914020205726666 0.04196438661113846
0.10332515414595037 -0.002719682876110378 0.03572543833473691
0.09969160102048995 -0.0026993357467077223 0.040393446570147644
0.09846868570666266 1.1696617977884576E-8 0.03893600645094302
0.0965502142485715 -0.0026884922308082052 0.04283901960481651
0.09542623965919295 -2.746143598721939E-7 0.04147661574969776
0.09810818141535328 -0.005887085404758502 0.0446492250326807
0.11030957479094594 1.830616412444711E-8 0.034417135949881016
0.1111786754175654 -0.002920093432128284 0.03402558460190074
0.10307246935728022 -1.946651128257745E-8 0.03620927124923622
0.09337768893799053 -0.00585723672910804 0.04681436061212645
0.09230778166477764 -0.0026746657641768773 0.044393340911728904
0.0913016349800924 -1.3053491667947901E-7 0.042759640271612755
0.10330668381523003 -0.014320366538854233 0.049264775385170115
0.09543054034270779 -0.00944601435157937 0.048832164558694546
0.1003729023595226 -0.009482322735481571 0.04662896137353677
0.117112155 2.2791581E-8 0.0327078568
0.117262113 -0.00313950412 0.0329364761
0.11781744 -0.00636226183 0.0332114254
0.11201907621795006 -0.006361211930915137 0.03406156474992229
0.10604998976333868 -0.01436169808662539 0.04640009682585063
0.09058636824728661 -0.009411274068380793 0.05004331355228113
0.08953913462611271 -0.017446450417372687 0.05478685593251367
0.09977506324422798 -0.024473257502408606 0.05895292644175124
0.09390180452126265 -0.024151682888999864 0.05856388093132513
0.10619562043962674 -0.01962440696066713 0.05194221317323208
0.0883832713573483 -0.022673144243291154 0.057153260200005634
0.10419076939711998 -0.02442216157631779 0.057145410445195645
0.10888144933746643 -0.024436600427448902 0.05427236628830469
0.1068189208031725 -0.015099011607487337 0.03851520689373465
0.11003296208768534 -0.00983671337311637 0.03424689502629517
0.118037238 -0.0094789674 0.0333615651
0.116924396 -0.0139895499 0.033385437
0.11052541492783424 -0.014185983995519616 0.03578823377378718
0.116388586 -0.0194646016 0.0338764241
0.11117869367628601 -0.021033675139576234 0.036285500882522075
0.10969472093868599 -0.021020479040819055 0.040651083850380444
0.10856990938902387 -0.019680190182925536 0.047932296561148266
0.117618564 -0.0262600934 0.0343369966
0.11396709327800311 -0.028022852569850078 0.0372479738076526
0.11296135570240298 -0.02713184466325128 0.04332030175708705
0.1112522225059621 -0.024487333664758467 0.04958867637002697
0.08388324491767199 -0.021781262463579244 0.05619801465981476
0.07888926547080642 -0.021404495918246277 0.056178636509070866
0.07567020287239141 -0.021384045400310882 0.05686405606146533
0.07258225590520902 -0.021149028035352867 0.05776556028381584
0.07063224494547084 -0.0201236865589064 0.059835551361327934
0.10677760149213048 -0.030412042388610613 0.05940949970270106
0.10259909885964505 -0.030469699002937358 0.06076650970870394
0.0973932836072734 -0.02975870504538805 0.06093548701315547
0.07184668198588723 -0.022121817923345884 0.06494436846473672
0.09141442085855525 -0.02958665848882102 0.059786668529685616
0.08705479773068332 -0.029042088330378895 0.05910401434080706
0.08343136051155761 -0.02757579798602789 0.05951349328829797
0.08091541128366816 -0.026438224938334146 0.06115279375860482
0.07794864064318663 -0.025268028862731017 0.06299696011071072
0.07497223895349855 -0.023991579147519187 0.06377302370718774
0.121054602 -0.0347964487 0.0350105088
0.11704853498969092 -0.0349740922049437 0.03909751164782447
0.11627738547435858 -0.033199152063713884 0.04641916515504476
0.11403960959465083 -0.030472679334027218 0.05207130324913044
0.11158258703268123 -0.0304209408533041 0.056581357972542795
0.121763611 -0.0412088016 0.0359232361
0.11978339289536845 -0.039957233501702855 0.041646763841786776
0.11815898802538445 -0.03843680484029171 0.04840587010833654
0.11639127051819857 -0.036246138405774495 0.05419733602683256
0.11358730158073968 -0.03480144440724238 0.058327507662750855
0.10838753630877138 -0.03518683700841117 0.0602772494719359
0.10396002030178951 -0.03504967919534746 0.062085929524829164
0.09941427546422955 -0.0352635557721467 0.062287666395294795
0.09473209261834264 -0.03519737935878756 0.062276657671761416
0.09092399161181312 -0.03464689560756507 0.06253684749013903
0.08742950010244872 -0.033387547580174155 0.06311449317106654
0.0845136189231502 -0.0315721860780063 0.06512427353756424
0.08202690010830438 -0.029873763120334223 0.06715083344100377
0.07864957741928058 -0.027257176474432224 0.06868458090256106
0.07471043517343173 -0.024896244537489377 0.06981082172794718
0.076824156405473 -0.028290484192598997 0.07540292849215537
0.08100998920226077 -0.0310692704335281 0.0736487482381204
0.08486349482647532 -0.03311345511273037 0.07197114957407172
0.08782208733102266 -0.03486131978213125 0.06997445805295348
0.09044871766994372 -0.03731951286492507 0.06745210998460105
0.09459519621650493 -0.03795714037946113 0.06652409867156886
0.09780541380328325 -0.03901738991243643 0.0651605883996398
0.10169178785702244 -0.03909031544156947 0.06458380466389173
0.10583104864667034 -0.03894846338024392 0.06366955009698234
0.11025447854273557 -0.038782805843064365 0.0625324767318085
0.11507165216680636 -0.03881854459305113 0.0599433233157936
0.11803375363784514 -0.040206650232584525 0.05618263688315604
0.12019713573393585 -0.04237827949121844 0.050783414939278224
0.1226041319707315 -0.04383327011673955 0.044494422230974
0.124471977 -0.0457085851 0.0374105511
0.12795796 -0.0494295883 0.0409455861
0.12541267003116846 -0.04728723912423537 0.04747124920934644
0.12210362927730531 -0.0462306219953998 0.05319264617947425
0.11969481038939345 -0.04382762435275803 0.05834971951085508
0.11671162360875986 -0.04246041444434765 0.062415077226666046
0.11191458059057574 -0.04236516747411734 0.06522863065119042
0.1077795044679469 -0.042396232782063004 0.06682438758632805
0.10284512131362268 -0.042762463069667044 0.06784783966514657
0.09905153475020345 -0.042348023400705585 0.06865095846173506
0.0958873841273236 -0.04144671587688692 0.07022969042851604
0.09350726916523912 -0.03954501815537587 0.07298549124802725
0.09030278350146786 -0.03787048508552078 0.07545296989749008
0.08682711703034704 -0.035897884122109903 0.07815413891240922
0.08270800312584366 -0.0343084699875471 0.08039409695701472
0.07763078348501105 -0.03169046869836569 0.08299581889979867
0.08748762016722114 -0.03973126379277818 0.08877198162988813
0.0824308542934856 -0.03752958852985409 0.09182751930580664
0.08330356508656338 -0.036295978790582856 0.08726324901275007
0.08783309035114335 -0.038049920848849894 0.08442645671002323
0.08720305582857608 -0.04109398603047624 0.09274898092627153
0.0817077000741389 -0.03884603793941776 0.09579242367360041
0.09481675281643998 -0.04446461333884927 0.08191095685939134
0.09160669348517016 -0.04217480821153558 0.08522709447668761
0.09182033151084255 -0.04017034851266861 0.08104516486417723
0.09460950658763559 -0.042584549288718174 0.07780612475852196
0.11182317582537618 -0.05446814569607208 0.10445035278544401
0.10675929898582429 -0.05345481814073943 0.10735033008851012
0.10529903353591769 -0.05127413618300292 0.09916254040497492
0.11008232214047221 -0.05204055707930375 0.09596970889185177
0.1030528322424845 -0.048763169987434886 0.08682510143446392
0.10389982326949743 -0.04998670538752911 0.09181642573010682
0.09955014388854005 -0.04919758097159271 0.09485745366796836
0.09894649652121726 -0.04797387877426204 0.08951769803563116
0.10055974882627085 -0.04444834147365209 0.07387251618881277
0.0974494616581198 -0.04359877453940608 0.07573783631233626
0.07560135390037194 -0.03485962987099048 0.10463855586902357
0.0755434277167995 -0.037972827737659975 0.11042550269860249
0.0705472511155883 -0.03452762609022253 0.11158109824572929
0.0746307745538736 -0.03494974880165928 0.09855121718644684
0.07629890598789663 -0.034308511455000315 0.09410862198731686
0.077177234576524 -0.03364716275224621 0.08944203124534696
0.11035188777914087 -0.047192781134907186 0.0739279771187814
0.10542489659493526 -0.04661353377554887 0.0760568061200192
0.10409011197694126 -0.04544157417135088 0.07178128812274688
0.1090517367610097 -0.04554276188816073 0.07018506848671259
0.10147204117299229 -0.04599237782847819 0.0780110644468469
0.10228570621551437 -0.047287365201347215 0.0822309288597742
0.09829332191281905 -0.04683099285440397 0.08451966132203712
0.131087441 -0.0521670063 0.0445500886
0.12743126643506744 -0.050737438246591715 0.05075532535499706
0.1240818298371776 -0.04927356350751143 0.05623337369029779
0.12158204333162322 -0.04640405409221866 0.0612398058389609
0.11841342838110337 -0.045258603191885766 0.06483505318219503
0.11369151483628862 -0.045124934739465966 0.06846512964199437
0.11521268546380445 -0.046910512438556214 0.07145396901127063
0.11649967938442991 -0.0481438898576489 0.07431060008677706
0.11148851063314603 -0.04848769989581306 0.07735693476302552
0.12342606137626762 -0.04849201639124634 0.06417956767233282
0.1252571848113401 -0.049798355787008995 0.06713964669624388
0.12145836709324277 -0.04814185632305602 0.07125288001359298
0.12007663483920887 -0.047286590842480776 0.06769418415365971
0.12969781926422685 -0.05350989104378804 0.0544027392256008
0.1263561383176889 -0.051298092658705684 0.059551925626312244
0.13345326 -0.0558747461 0.0484194298
0.135803271 -0.0585255485 0.0527693731
0.13225915454007028 -0.05524615697810866 0.058303890349247094
0.10766298929753432 -0.04875562344178796 0.08436454267881859
0.10852499673220348 -0.05031689383039244 0.08892010370006677
0.10667934863430577 -0.04747976071746578 0.08008698209671651
0.09505116249655585 -0.047069746759915404 0.09190794369622111
0.0953220764777654 -0.048042795589151824 0.09775279072561686
0.0909112886417934 -0.04574408032092071 0.10108336562882554
0.09111376601150495 -0.044770576561474595 0.09476336290619038
0.0979429682815806 -0.045238729850098476 0.08014420821683312
0.09481485239542538 -0.04602991166148384 0.08660575493343443
0.0912268957621167 -0.04370493021779999 0.08951785670397586
0.08688712453427784 -0.04259716926041226 0.09788844437570404
0.11554972337285108 -0.05202765697284883 0.09257234367361533
0.11388229206763724 -0.05086480322465258 0.08561853314092285
0.08613665916316793 -0.04393800911450618 0.1036522216715192
0.0812886941350527 -0.04118059458348988 0.10810249485239011
0.08281343277548042 -0.03774921157779929 0.1023520431720488
0.08159291430824304 -0.043464417917657296 0.11475709056548039
0.07563830378675315 -0.04102235779463844 0.11635082595661715
0.09106082574211012 -0.048210557426842375 0.10783158103936853
0.08597092538488112 -0.046766251210511124 0.11064866264118585
0.07357767446936432 -0.03968705457683955 0.11719774383022091
0.09635203516518988 -0.049328091361157844 0.10499950498370518
0.10082075050729825 -0.05046098472524734 0.10215976345544137
0.11277511050998955 -0.04921846686556926 0.08136115750696764
0.11777653274001632 -0.04923475704695142 0.07813069463106288
0.11916856763379768 -0.05079032095967889 0.08229840683188985
0.12860137143362965 -0.05287557107702486 0.0626720227154492
0.138869634 -0.060020131 0.0577142288
0.134704625425463 -0.05654749690720966 0.062485393325454754
0.1307008406624566 -0.053631699566500775 0.06664631708551473
0.1269454412697154 -0.05028139494182202 0.0711442228385005
0.141620613 -0.0601190937 0.0633617262
0.13705242464949632 -0.05657345443785268 0.06745645958536746
0.1327756212556808 -0.05371503020607596 0.07118077358342993
0.145855656 -0.0590448974 0.0739914815
0.13973201051602702 -0.05611377593258168 0.07727305256432361
0.148687907 -0.0583868624 0.0827127864
0.140472820645402 -0.05511276554358416 0.0859495490557689
0.123078530402491 -0.04861650796244399 0.07448012404334982
0.14188043655684765 -0.05538887579090759 0.09547939785406723
0.15186018486841282 -0.059314533034769086 0.11124870558979265
0.14670999125417578 -0.058466448541490974 0.1136146597327319
0.13888430679177205 -0.055256568508878716 0.09848890192453869
0.151629685 -0.0587085008 0.0917263284
0.156981185 -0.0605193545 0.108970694
0.160723344 -0.0615663143 0.123671338
0.15562834965956152 -0.06087132150437187 0.12545295346986468
0.163848917 -0.0627397208 0.136288304
0.1584513979963136 -0.06236443156763955 0.137345191808079
0.15035873209059603 -0.06087963411026769 0.12726012772029904
0.13538532162246464 -0.053859682898001145 0.0888359347363527
0.14120346854398255 -0.0592464087196068 0.11588546771573961
0.13675253132173099 -0.056369041055360274 0.10143397066403045
0.13519784085319886 -0.054446108833065957 0.07967665775785028
0.1308690792329229 -0.05318998970446528 0.08234114420390612
0.12843711552781256 -0.05102788308146651 0.07519807000579853
0.1330343025742188 -0.05449193381472921 0.09146093311259532
0.1444647687693075 -0.061477581190708244 0.12920003529152235
0.12335408976142834 -0.0505931704007059 0.07870216905693395
0.1258762395624265 -0.0521890869042007 0.08539580831551864
0.12088298986051979 -0.05231698449471966 0.08888747897120833
0.12865890798882643 -0.054623959785399315 0.09450165653138902
0.12615363789514947 -0.058097379288566564 0.10806083653843859
0.12851207465412695 -0.06224012938427442 0.12083185517656171
0.12234933292682584 -0.06269845148548837 0.12321097694798969
0.12004315956928802 -0.05859190493333029 0.11098537876285314
0.13196558257602142 -0.05729966260453006 0.10443645666486645
0.13562521045664064 -0.06089507407651779 0.11841553976081813
0.12333488607252185 -0.05457886559939491 0.09777745347105359
0.1176624370434001 -0.05451890049755822 0.10130603653948278
0.11363288540260398 -0.05824754761083209 0.1139414573919379
0.10838936715367821 -0.05695864742651016 0.11644938980380996
0.1158563989634912 -0.061909396795175556 0.12577099569825137
0.11002211018016503 -0.06025091463939148 0.12819807396231678
0.10202021237242981 -0.052732974808442946 0.10990859478698566
0.13812453352030318 -0.06263240501696157 0.13060409299330158
0.131281370569674 -0.06426638598422801 0.13221332934969282
0.12449115847213238 -0.06435365327448142 0.1344370109031385
0.13319433174484535 -0.06560924954870724 0.1421218023338905
0.12779817095642068 -0.06635052472098012 0.14614919920862005
0.166851838 -0.0636320623 0.148473292
0.16124999521950262 -0.06398177993632835 0.14894123373801058
0.169430921 -0.0648282314 0.159321088
0.1638086106200407 -0.06548062800168991 0.15946972193737738
0.172041148 -0.0679467841 0.169435925
0.1660856935059967 -0.068073175806398 0.16927735201846136
0.174361365 -0.0704904233 0.179181822
0.1681608248182345 -0.07071169519966643 0.17880841998270197
0.176683192 -0.0714499149 0.199198108
0.171073844 -0.0700585546 0.199826709
0.1529772965454183 -0.061678143460917545 0.1385952522239466
0.15565864556046974 -0.06254180076776594 0.1495855872320239
0.164753946 -0.0690068102 0.200275977
0.16125351206570404 -0.0710386334273486 0.17865132408578754
0.1601699567580387 -0.06664332566957117 0.16956833403872845
0.1581899026197653 -0.06409944805572293 0.15977196906600613
0.146671027606827 -0.06135467886018917 0.13981026373472377
0.14925285060284318 -0.06233470263613878 0.14991437923370388
0.1520160708499245 -0.06336563100874822 0.1601509399231151
0.1544920115856989 -0.06543707318239059 0.16990398647859872
0.15611105658869834 -0.06946922687762463 0.1790570085151147
0.159536295 -0.0689741338 0.200113179
0.151625583 -0.0735430997 0.198448262
0.14908937799437907 -0.07114382713537283 0.17874026821582376
0.144916495 -0.073017101 0.197850598
0.1419684839057297 -0.07102835729284632 0.1794457797062818
0.14706857267106735 -0.06897140858270887 0.16895937261296098
0.1401883897485505 -0.06938186812574906 0.1701465192089519
0.1448858217054704 -0.06701188216055076 0.15958973219401534
0.1380260394268336 -0.06768643335564974 0.16090372174250106
0.14278507024417217 -0.06555686200813622 0.1506305528401508
0.13586817294171616 -0.0662357823548331 0.15208762703028697
0.14049801862441944 -0.06448367128561695 0.14041985640901297
0.12944438492682594 -0.0666786351274855 0.15317528648175655
0.12100567623758542 -0.06410331121459466 0.14607018664796728
0.11832719635120681 -0.06342141346311708 0.13684182165293862
0.1231716336589854 -0.06600896295135228 0.15491938899115568
0.13151152287520884 -0.06791801129405489 0.16224197280085267
0.13335362507264412 -0.06850659909888102 0.17125510228299062
0.1349492105131495 -0.06980526300886943 0.18000441474008044
0.138174412 -0.0719364736 0.197123878
0.131001332 -0.0704272468 0.196260032
0.12873819830803343 -0.06831535166981524 0.18058539984321537
0.125701637 -0.0686121133 0.195996246
0.12316444577313412 -0.06745887288768361 0.18080267357949967
0.1269416112864044 -0.06749033600074628 0.1721731341692291
0.12504900691190313 -0.06682232064359754 0.1635795900941555
0.12120822520629214 -0.0664756702901872 0.17279604434085788
0.11941540879268195 -0.06543498489637121 0.164545873422039
0.1176157375188072 -0.06388180838347128 0.1561992499388996
0.11544454178419834 -0.061835952724926556 0.14773044763631074
0.1129038300884872 -0.06155182712784025 0.13899224967009313
0.11141375660146144 -0.059612621582407196 0.1491271007231522
0.10880229217040856 -0.05933161263986272 0.14085717454030683
0.10805000212247162 -0.05782936125942046 0.15039945997767243
0.10503553295429296 -0.05769386495735663 0.14237396921585252
0.10135542001293242 -0.05753172083806242 0.13103348527497857
0.1051835002845633 -0.05867670292234684 0.12982576285760664
0.11325891987104011 -0.061557356623890946 0.15740082553088594
0.1093786449038961 -0.05991583457429146 0.1581899310827369
0.10065893106884344 -0.05646170296280535 0.14304432956890195
0.10406929542464571 -0.05627870669041551 0.15116686657026432
0.09882169540876762 -0.055129704489983694 0.15150686120876572
0.09597610621676828 -0.0553822918566435 0.14355019649986187
0.09932481946007331 -0.054110612746980355 0.12092502087608209
0.0948606832553794 -0.05273579506842007 0.12288066527995356
0.09234917014543975 -0.05037183211696451 0.1150820022414745
0.09765764248263814 -0.05135343040944038 0.1126196296399659
0.09810115171414902 -0.05665304801447354 0.13211382323059398
0.09373560883778488 -0.055602512262189326 0.13341823360871827
0.09008760165097456 -0.0519853768014372 0.12455793780683198
0.11039326837092539 -0.06158989488862371 0.16624049468771315
0.10612917683489363 -0.059998467201680845 0.16685317166109814
0.10571169218746294 -0.058284698682963855 0.1590402170528434
0.11460324154529089 -0.06352692670139282 0.1654784082784625
0.11618863703198642 -0.06495591735167455 0.17349774258455972
0.11163444566443152 -0.06301012296043265 0.17422924831727604
0.08367442794519862 -0.050471338336676656 0.1273072150941638
0.07857542134456012 -0.04925301090178975 0.1284938284096257
0.07758126045493081 -0.04486859523767054 0.12330041542683133
0.08289515723595099 -0.046439963307022124 0.12187531697610685
0.10352295221105866 -0.05566536914062169 0.11871909304516597
0.08739079283281956 -0.049164630591547916 0.1174127091086187
0.120183102 -0.0664848697 0.19586377
0.11801320641157843 -0.06578934286836279 0.18136228465999693
0.114749897 -0.0643190173 0.19559565
0.11308835391136852 -0.06386050032797393 0.18194145490946373
0.110022221 -0.0620341181 0.195734139
0.10837225291741413 -0.06155898605239171 0.18240854126724487
0.1070083352203712 -0.06119666302206888 0.17476650257676835
0.10100061299496965 -0.056777141148917847 0.1595707818793824
0.10234290893067285 -0.05757646647060595 0.16767564663602358
0.10272438904538062 -0.05883075120979214 0.17518131962171915
0.10356577821298993 -0.05892636335436541 0.1826464053247758
0.10443555 -0.0605554789 0.196067324
0.0993276709 -0.0581123163 0.19633592
0.09871750193903527 -0.05603788295963912 0.1833467886451545
0.09797001874527457 -0.05498699329580278 0.1764478345677906
0.09804565436393067 -0.05275546860794846 0.16980146890114722
0.09418250342746089 -0.05781959742746035 0.15912904996040045
0.09166779751270987 -0.05713529847185986 0.1507860690477042
0.0898529279693775 -0.05638751199036284 0.15970335033988187
0.08760402961648045 -0.055778315745973424 0.1513854756553912
0.08884841699933764 -0.056157918570737736 0.1430739238850196
0.08391828145738316 -0.054744684652516036 0.14376969253502725
0.08591189167167926 -0.05513320726036265 0.13540731073224668
0.08037235239380548 -0.053722847143626684 0.13488474367523562
0.0769940268684537 -0.05271424111060165 0.13675867418464774
0.07430536874853806 -0.05043007458723125 0.1388848622935761
0.0726742268477109 -0.04510474358102941 0.13095850072652168
0.0754134310275272 -0.047768219093093554 0.12949547756814947
0.07107344857669266 -0.03899427845185608 0.12552916640147027
0.07426683636666404 -0.04214032873418757 0.12401740345908024
0.06954977538989775 -0.03855719081240331 0.12957710880379023
0.06718688278012298 -0.032571634496862505 0.12912376990469418
0.06604818977930249 -0.031514240712471664 0.12483172990197729
0.06931989742094594 -0.03628405550694943 0.12507497608235163
0.09259315945307822 -0.052171779049549845 0.1694412131601489
0.09279652809951155 -0.052719208176002695 0.17650083822328946
0.09350538150289806 -0.05326080711353713 0.18341557729610763
0.0947766772 -0.0547878831 0.196203969
0.0905236704 -0.0531615128 0.195444183
0.08845182970930313 -0.05142223848357129 0.18351911716251634
0.08756819876299778 -0.052627426744423784 0.17605872713386722
0.08742214336804806 -0.0545092667130541 0.16860231050325175
0.08746895643996362 -0.05568384193301454 0.16001989481934967
0.08483949297118995 -0.05465142247396283 0.1521423360877689
0.0822165710410842 -0.05305167578540184 0.14551819236810198
0.0859619064 -0.0519610187 0.195375512
0.08399329229157201 -0.0508842795929505 0.18404635953004875
0.08282563833325794 -0.0518504805652327 0.1772061391509655
0.06691002625526823 -0.032544529779662844 0.11399998671786073
0.06432220006221336 -0.030813871223171727 0.11536006256592998
0.06249025845400245 -0.028468705472509712 0.1172340121428226
0.06040299943019445 -0.026655651395415494 0.11837817887224666
0.05716391044254091 -0.02420446905601375 0.11977218906747843
0.07063788183692289 -0.03665995062707259 0.11877875022393353
0.06770840079565124 -0.03293253290493772 0.12058560893966261
0.06478640717467518 -0.030118731371307175 0.12079655696613091
0.06355078293612852 -0.028470744536926197 0.12530711551452378
0.06050449162436535 -0.024713000527837318 0.12595320681778024
0.05938155991017829 -0.024666281929432998 0.12324323599305971
0.06230099265825833 -0.02746516648954714 0.12226919928473222
0.05466228478284433 -0.0208199302824655 0.12128968564931468
0.052278680407205194 -0.017162827689641894 0.12152985124742546
0.04792338165437613 -0.009069987110740576 0.1215028576761489
0.04659590980991093 -0.006550332309235889 0.12118475907902393
0.046087114421302346 -0.003295787752682958 0.1204671728180795
0.06464598202197418 -0.028468884227620214 0.12897103039740612
0.06119993987718411 -0.024254514887747877 0.12898068772361249
0.059229305359879685 -0.018390186597880612 0.13020023286700372
0.05820053014927611 -0.01996056250215384 0.12685981645642824
0.07117142066059395 -0.04466304247842682 0.13584238599184195
0.06917588088474082 -0.03891321759045818 0.13439104968243396
0.06691033771774742 -0.03332588582940003 0.13305380908099304
0.06789382560762884 -0.041265459439083066 0.13674232191309516
0.06643107868356928 -0.03527190993912104 0.1353090708605304
0.06457448881829833 -0.02842591603918726 0.13199807470195088
0.061713977344583615 -0.023301169902390804 0.13236431394190526
0.05592906457036479 -0.02088788221215824 0.12441886100115508
0.07393158740115069 -0.04986143449687778 0.1423456808848396
0.07968386436858405 -0.05193357341045449 0.14762221219192045
0.058310856478857094 -0.018650173768731626 0.1336843758421613
0.06172020978218646 -0.023166633900631367 0.13559968389765487
0.0647073942257557 -0.028637758738604333 0.13494439784598758
0.08251454069018246 -0.054178669145367474 0.15349428299724724
0.07329669278352799 -0.04848784021520649 0.1452980172335058
0.07792682323542606 -0.05160382751028426 0.1502984493534502
0.0840162090637641 -0.05394544483574004 0.16785728274000192
0.08482482669616698 -0.05509791416331143 0.16072507958088603
0.08223950004863159 -0.054141765624856376 0.16217514570050612
0.08055489692687437 -0.05398933265868853 0.1558985469938804
0.08107551050661892 -0.05281832793445694 0.16706159196317139
0.08066814540546687 -0.05135019872660215 0.17314739430985698
0.07837634015917272 -0.050657009946580865 0.17066645472138403
0.0800302184651133 -0.052449064073207055 0.1633984368945248
0.0787644012437261 -0.05125008279048806 0.16686261788081538
0.0797676744758452 -0.05104936680674173 0.18551853455769332
0.0815885826 -0.0505494603 0.195182428
0.0756335884676308 -0.04995372729861468 0.18640329754196827
0.0775204927 -0.0485267803 0.194857688
0.07153149526741501 -0.04753532840198604 0.18704799023233865
0.073382097 -0.04651537 0.194718017
0.06800216978393242 -0.04339868019955863 0.18670687818285628
0.0699221669 -0.0435758596 0.194483856
0.06476082097053491 -0.03854867531864427 0.1866151872148843
0.067528456 -0.0395600195 0.194272039
0.0655906723 -0.0349975135 0.194450774
0.06186368186778068 -0.03458259787530176 0.18684013971027116
0.0627445468 -0.0309949019 0.19507788
0.059346055720561904 -0.030022269761120508 0.18814534156936186
0.0602512046 -0.025611262 0.19596005
0.056602089015306556 -0.02548029536490844 0.1890435064958511
0.0578146641 -0.0196778809 0.197073403
0.05457795007391996 -0.01788612792004328 0.18937732244062644
0.0565376641 -0.0120250111 0.19751805
0.053592089649968914 -0.011973168464130896 0.18937938342008132
0.0557471506 -0.00378053379 0.19762447
0.05387335370109033 -0.003977431141743236 0.18895849642645268
0.0561339528 -1.298367E-9 0.197495554
0.053939092933059984 -5.938080222851541E-9 0.18909633232373002
0.07861083148064354 -0.05149192008187687 0.17902519234845543
0.07420926214209737 -0.04984704751990386 0.1810019793393154
0.06666426065554734 -0.043472316386710196 0.18254727395612172
0.07035320423327257 -0.04744835101504079 0.18208080186804046
0.06397555725102484 -0.03868401129398746 0.1818995196172963
0.06056825530985227 -0.03194005226237913 0.18278765747174117
0.05706189813530547 -0.025629240896831433 0.1845875365140607
0.05503057258730001 -0.020314667601423243 0.18482069615980604
0.05379614958174421 -0.015697049404702287 0.1841516150638054
0.053050375398365754 -0.010748560764278818 0.18375043777764388
0.053218919340386125 -0.004332494953458757 0.18319811876941788
0.053275509581440506 -6.958485579517744E-9 0.1831965171555525
0.05390325359687468 -0.004211834596229931 0.1805503899294472
0.05409047824705376 -9.619489900597243E-9 0.18055099368303199
0.05410660995504139 -0.009198554412109695 0.1802779078845113
0.05488917620577311 -0.014323377727272775 0.1808522528798916
0.056120229030569645 -0.01961805381434292 0.18247449648284175
0.05793798621438275 -0.025500868552515137 0.1826645262237959
0.060804267289959565 -0.03197835855085772 0.18101206906640901
0.06363135605476174 -0.03922730505198256 0.1802170669307651
0.06555669680743481 -0.04299553822839165 0.18053192004493038
0.06886177315961793 -0.047521628836063805 0.18018301051098007
0.07231243026621761 -0.049702044335574395 0.17885097901800925
0.07730150327146916 -0.05168092860893653 0.17588766371724307
0.0759282253587282 -0.0510979260051048 0.1731888478324164
0.06156216590574414 -0.02374517611943582 0.13846847105478663
0.05875037298042828 -0.02004063363909726 0.1397073445561789
0.05823080811211376 -0.019278195951473665 0.13699572560876214
0.061573922657397515 -0.024755927376559756 0.14129235481870833
0.06452784204160747 -0.028897906685266855 0.13778210497881235
0.06437333377073752 -0.02933819605533965 0.14058686819393815
0.05880415827239448 -0.021872560553771445 0.14243837919885077
0.06418196586475408 -0.029523844517001987 0.1422335257262485
0.06209182753899518 -0.025707729385985825 0.1437518858945836
0.0665450686632803 -0.03504528586338318 0.1380113765955391
0.065733507487386 -0.03495820179321113 0.1407033395625703
0.06542817898106691 -0.03473091150319602 0.14202527388377056
0.07000288933718585 -0.046355393302465 0.13899960118225027
0.06988386203887481 -0.045070206900303354 0.141867765243572
0.06728814737870044 -0.039768833189768545 0.14162740385474173
0.06782167277440058 -0.04054927636286159 0.139322317541936
0.0690807145872425 -0.043564949182349794 0.14408894995295293
0.0724292854537812 -0.04707369148508668 0.1479471953705194
0.07655526992397839 -0.05069309228874919 0.1534760816691061
0.07899914015256755 -0.05294526355379788 0.15849308324187952
0.07668213994399381 -0.05056074881839208 0.16905869224462644
0.07450750731209688 -0.05053471779986447 0.17114903904446163
0.05453939465350877 -0.003924849961679697 0.17791901222565132
0.05466451637237846 -4.2859239950097096E-9 0.1780354454912967
0.05496283048166635 -0.0035301327882523385 0.17479996624727498
0.05471289265243141 4.067319200369652E-10 0.1749894161901512
0.05427631438118761 -0.003218487181102324 0.17193012143484732
0.05425976650371733 -5.1943027020658875E-9 0.17209579865657998
0.05311897177144147 -0.003045836150752024 0.1700169369385043
0.053238749195827786 -3.953364513545677E-9 0.17002214163635412
0.04599765305655018 -0.0014725566169916317 0.12069677411716544
0.045855136367728415 -3.12660505245453E-6 0.1214218337607426
0.0427300213082909 -0.0057906996636145356 0.12496821644398604
0.04267311232196699 -0.0033799494124125925 0.12450386868803029
0.04182318630431621 -0.001444373202835238 0.12441086228328799
0.04124701953460269 -2.557249739120948E-7 0.12470419058823504
0.03858030008269052 -0.004815830170885726 0.1282478518576741
0.03777834695429464 -0.0027973985317505706 0.1277033914997042
0.03723537655681346 -0.001097180027211608 0.12748878397071828
0.035605979697179956 3.0619021349223255E-7 0.12753714748284992
0.03137014455375004 -9.028828454632685E-4 0.13033261434192134
0.031005376615366086 2.0682089777611924E-7 0.13013067817865856
0.032091847392952164 -0.002489110476674145 0.13050701209138676
0.027846941127486306 -6.950164302485629E-4 0.13259785303398905
0.02756562030608873 1.5743861194116383E-7 0.13249061029688994
0.025609525264077768 -7.506370841360257E-4 0.13586897526112682
0.025328618350765456 1.9463135915731786E-8 0.1359246088526333
0.026435502854700272 -0.002360532375699496 0.1357550977361844
0.025774451156079473 -0.002540994615947822 0.1387092324093845
0.024996215398442084 -9.136108124829922E-4 0.13906484269455419
0.027556243833901546 -0.00439122711809602 0.13562585191931828
0.028789282279952578 -0.006897547628288934 0.13574960389142693
0.027805310913233735 -0.006596613982199768 0.13791427353494307
0.026809971858296963 -0.004554519642930285 0.1382962350066126
0.051192565842734565 -0.015280737857725575 0.12447629457872447
0.04927628289169532 -0.014131516529460377 0.12426386434676917
0.05014167376211281 -0.012440884975858688 0.12170236872650242
0.0515228098113127 -0.014777213468915541 0.12175450574996564
0.05476920717694255 -0.01844317012704541 0.12473086985024702
0.05297944481309112 -0.016629281842509138 0.12475358189944206
0.032915199057449884 -0.004273535166574105 0.13091622718789192
0.02867730141528669 -0.002333208340096743 0.13268221926058024
0.02975075375319262 -0.004209575794009544 0.132974677950961
0.02476824718219691 3.47858372929134E-8 0.1393509590466031
0.031043059437335853 -0.006752204324572702 0.1338089598811583
0.026272101898107435 -0.0010179009749709733 0.14270838442643366
0.02625004966723081 4.054643549488462E-9 0.14303978264059442
0.02804755316656432 -0.001047983627519811 0.14549587584298784
0.028063960212038597 4.2500234725418835E-9 0.14595219398406756
0.030148197230329406 -0.0011215867063908624 0.1479794323420508
0.030084108770794333 -2.7239549999666127E-9 0.14828699751687086
0.03262022128782883 -0.0010594210613190267 0.15056069095553387
0.03222785889204206 -4.694858031797997E-9 0.15091414095736555
0.03477185711437682 -0.0013037863972056197 0.15292091325122137
0.034491892772810714 -9.422703349258315E-9 0.1534001221892422
0.03771701404895468 -0.0018029459132131926 0.15578566409504796
0.037461518602844586 -5.744896726620323E-9 0.1561969724291771
0.04200244928102507 -0.0028256444652499674 0.15960178990915513
0.04196790002319639 -5.648325112545936E-9 0.15972253367862632
0.04444105610788749 -0.0027523043306678097 0.16161520016245134
0.04678745879921425 -0.002743866675358504 0.16349832422511087
0.04695688188887044 -5.298161502555474E-9 0.16361360978923511
0.044534141058905456 -4.361342776029746E-9 0.16169209949950591
0.048934306165610085 -0.002913757378879291 0.16590103682219692
0.05145605887370342 -0.003093843359764355 0.16816574841934953
0.05161666018681427 -4.8614758027859864E-9 0.16795409319759766
0.049299883758051825 -5.340915221864945E-9 0.1657746963212074
0.05499315587930533 -0.007773919824836665 0.1779527062117072
0.055510107262464074 -0.011571271871409798 0.17785119915140243
0.0576882114887016 -0.017356810624362378 0.17893225328607806
0.058366689862198826 -0.020986792413326225 0.17947967995131087
0.060151506463585046 -0.021195575411284005 0.17818621978642138
0.060999192256839425 -0.025989960801110185 0.1783504997475624
0.05966254331237918 -0.025747032502552277 0.17949077918221207
0.0637379814231111 -0.026173542169412343 0.17623768298996048
0.06552017536537337 -0.025284685609310804 0.1734728557313955
0.06410935283399988 -0.0299535518369798 0.1728939224706957
0.06400369737225435 -0.03112656509517369 0.17565219374339833
0.06478996290195424 -0.035167310059593546 0.17477781566615194
0.06423885483610195 -0.03418528292505393 0.17180623274515838
0.06566002419982857 -0.03735190141555357 0.170181878330473
0.0653499012534388 -0.03834633980997458 0.17336955975629237
0.055860517160501146 -0.006041582921765975 0.1745024775146419
0.056666831779879696 -0.008982800914225387 0.17389870170466548
0.05593480596684295 -0.008159703193300293 0.1711150455033369
0.0551710179620367 -0.005284811910052827 0.1714862104226297
0.054835261860250666 -0.0074023890642781415 0.1686136349367467
0.05398798441944498 -0.005111507497473815 0.1691365575108334
0.04479526635656558 -0.007326226805011457 0.1573010354872432
0.04271981130392359 -0.00501844045236048 0.15902582975810664
0.03868331045641994 -0.0039005103486184005 0.15543334989142887
0.04056817960711013 -0.007086704328671875 0.1540485141667589
0.05313237027202316 -0.006633030301758348 0.1666488974398956
0.05228916071523456 -0.005223341419466351 0.16730248746872742
0.04987845481162628 -0.0051481729149496945 0.16548241159147814
0.045226148678585675 -0.005012859966232186 0.16098603336700992
0.04773674962107433 -0.0048867585482915135 0.1629867670612344
0.0473409113245107 -0.007324348460523511 0.1593450694612289
0.03556265251307258 -0.0030311772062065613 0.15248826235241625
0.027507068125127827 -0.004489562818720186 0.14143419766658322
0.02666685048260911 -0.0022797507619573914 0.14220838658951873
0.0288586606144984 -0.007150363587353581 0.14084927564002162
0.029169353015535186 -0.004671677042873733 0.1443326853933131
0.028221461453360182 -0.0024277472522674457 0.1450761263727295
0.03052781054559712 -0.002561281388693728 0.14781495147097878
0.033051780012773736 -0.0026472633931049223 0.1503185294686564
0.031519137485373425 -0.005149904733943221 0.1467139757831012
0.034242369474221504 -0.00578173317774537 0.14914330122976385
0.03716847042931528 -0.006565162067301 0.15119500787531748
0.030682813470576418 -0.007426788632507207 0.14341469590512743
0.0343520059573596 -0.006264534177881493 0.13192792032411377
0.03552381454278205 -0.008702942127060983 0.13348915483496873
0.03319549028084044 -0.00942729621074575 0.1354681544982598
0.036207061456456566 -0.008044233775167307 0.14714443910749342
0.033407319072521084 -0.007740867320138292 0.1453950194123324
0.030663937655389408 -0.009924415494083948 0.1366069848354218
0.03689508272425821 -0.01098775275984707 0.13457971802782492
0.035193617595193696 -0.011882518063635807 0.13669886335313242
0.0331864735502101 -0.012289752663193081 0.1375186296247886
0.03853313629081745 -0.01260045646413245 0.1341488330530988
0.03766398121513814 -0.013725106523961032 0.13625144695336872
0.041174600241369624 -0.014004314154953828 0.13173916683642167
0.04064747343898098 -0.015829397040195013 0.13291560631862565
0.038000656726801946 -0.01422571503497465 0.13710022668196706
0.044408944321051684 -0.016504858730766837 0.12747733800725278
0.04380190475046895 -0.017303750661232367 0.12864254367545297
0.02984907534744396 -0.010010777024387157 0.1379228677109014
0.03110717499256297 -0.010714215037574498 0.1405687988489992
0.03290535222271184 -0.012719611783523873 0.1384321876749328
0.03961511094378801 -0.00836183867533993 0.14889037227617227
0.04311781340495618 -0.008556361483255023 0.15179371764240498
0.04761315733362636 -0.008852883628751761 0.15524272233559036
0.050511814538336065 -0.008955669907505005 0.15812009811247424
0.04648213110776457 -0.009923745840752278 0.14958683120897734
0.043062928182765345 -0.009762167009862344 0.14663732238910418
0.045916979993775246 -0.015977945761708492 0.1254937118270996
0.048159564269844336 -0.0129487011118181 0.1239834539111485
0.04793648345190909 -0.017224191858020845 0.12578150747251005
0.050939651843763034 -0.017345839321223695 0.12649663653409088
0.046208898515972194 -0.01776815484065042 0.12706241766365728
0.05579839152230503 -0.016436754219382173 0.1273006399156988
0.0575749134340373 -0.015318141091154694 0.12941312609318584
0.04713301417335953 -0.018388526322591785 0.12785717518283954
0.05244528531691992 -0.016793729050201166 0.12974591300367153
0.04518795868829964 -0.017458509957797498 0.13023037349749123
0.04141369587237772 -0.016243716447992003 0.13380449621409538
0.03798601214802828 -0.015375299747935377 0.1378522780427836
0.03401298651857077 -0.013132347913047897 0.13977494539092652
0.03324222543296803 -0.010767884613830535 0.14271673784542122
0.03595982736659111 -0.013153922554199643 0.14096194970675166
0.03614100970942958 -0.011269108115629348 0.1438927334288786
0.03956335103403467 -0.01015902130776854 0.14495498631571668
0.050544439246611825 -0.010477053570785927 0.15354911307481553
0.03955557029097865 -0.013066862081803807 0.14162719571986113
0.04365533450858307 -0.011454791561369146 0.14168865207818693
0.04688508364274602 -0.011984946865655396 0.14395265573550342
0.052220821561742334 -0.011780886625379032 0.1489369838044815
0.05549894198024445 -0.012067914566161833 0.15247330366238934
0.039155456980322835 -0.015457607139228322 0.1381232977190062
0.04305825782407926 -0.014323679870108068 0.1383258948095266
0.04756387244719338 -0.013130564988370159 0.13897225548016698
0.050648514558978196 -0.013757402252991609 0.1421747914404436
0.05521435315906875 -0.014276166366060758 0.14108470851334196
0.05188691463499325 -0.014347162261618245 0.13768244610880573
0.04647642077901895 -0.015319854855094822 0.1356332822738925
0.04368246734125376 -0.015709274254345228 0.13463931861980652
0.0478016500805309 -0.017002052079025172 0.13218953994184446
0.05145834687754151 -0.01567952350893773 0.13400928133169215
0.05654331117882873 -0.014049138571061258 0.13638506054975727
0.05565466646043472 -0.014995065233284094 0.13113636509005455
0.05749730360050276 -0.014590248847639127 0.13250349682610457
0.05474142685648215 -0.012184397520236687 0.14888854704830506
0.05721030731335241 -0.014339880683328424 0.1450776149595805
0.057364596128250234 -0.014889278841389311 0.139293734225747
0.06686194715767654 -0.039380356686654974 0.14282401323303123
0.06690672413893678 -0.03874312388857261 0.14446237474354306
0.0656116833023816 -0.03429281212329471 0.1439154670324171
0.06449716595678226 -0.029643086047238018 0.14447231401357777
0.06877011673642985 -0.04287640762936355 0.1453816602178036
0.06338245207222609 -0.026315747678980775 0.14590275516705972
0.06917352153286734 -0.042324311207366426 0.14708175999427964
0.07204217592822369 -0.046112101769408755 0.1494320418284075
0.07284446520219626 -0.04605797916292587 0.1519315678522225
0.057056575488867466 -0.017464459362381772 0.14174836209541142
0.05760449432547723 -0.01941644834619265 0.14437718923859916
0.06055115584585835 -0.02355682568446661 0.14510015524054307
0.05973163158404795 -0.02115833961574607 0.1467796204636821
0.062494216584322526 -0.02436970920295033 0.14707662456135318
0.06192439981528946 -0.022251272777697385 0.1484841134157451
0.0661964071260957 -0.030228158170707807 0.1487487662694727
0.06618851946971721 -0.026642549917072027 0.1498167140873725
0.06715680757424398 -0.034167774958463674 0.14810127016446625
0.06905911052024871 -0.03839491743844274 0.14881482765300466
0.07303717539665677 -0.042812746741382315 0.15228452025050287
0.074500642919466 -0.04514467389700986 0.1581008685681116
0.06628277475857082 -0.024360665266248926 0.15038813448066204
0.06662800060206142 -0.022290988560304596 0.1509824815376184
0.05870244663921145 -0.015359119911955618 0.14768928663159037
0.059757165053621795 -0.018628953678417014 0.14874260057213626
0.059053504847914995 -0.013458333904098238 0.150672532201453
0.06040397607057854 -0.016648787821570404 0.15231594651492997
0.06155009248374216 -0.020277280093981893 0.15038074094880444
0.0671617211156041 -0.02019740438897591 0.15186711775924516
0.06208148027089948 -0.01847553561972982 0.15288816383928588
0.06760847884711464 -0.018272790438818274 0.1530631667973781
0.06777514233508991 -0.016678057716049934 0.15454343691056088
0.06434758313478474 -0.01648018521112307 0.1551179514801381
0.0617598788096766 -0.014854385084746648 0.15529453010337219
0.0678741419566246 -0.014505753996896763 0.15729263347583985
0.06558579025757592 -0.015488886636184892 0.15633369888835066
0.06358031918127129 -0.014207766067796205 0.15844205839285405
0.0659590771863491 -0.0133666880656042 0.16167192260558047
0.06021864742408204 -0.013454993301895576 0.1547070510770053
0.06181833102867916 -0.012501289348879546 0.15887321125669288
0.06340603423416301 -0.012051147878445483 0.16249552945071472
0.06662876677761133 -0.012981615614006126 0.1627349343553571
0.0639242241189388 -0.01138803268274142 0.164413465002514
0.0667115573294387 -0.013098068753976377 0.1637797985876257
0.0639583613290461 -0.011497913322095984 0.16537233463600323
0.06671253745782697 -0.013428447410465102 0.16469076228975452
0.0640077422751812 -0.011905821228566062 0.16624337590011995
0.0666592283163692 -0.013916853577901777 0.1655335382129468
0.06401566226540327 -0.012489758235499486 0.16713142561274397
0.06651566164949942 -0.014552162920851723 0.16635586681402278
0.06393334000255962 -0.013205596845693862 0.16818292385696573
0.06651401680569688 -0.01587018721809654 0.16811713511629514
0.06380948598607827 -0.014859298217848045 0.17066250834826385
0.06682017648460892 -0.01814971918997079 0.17039061431105376
0.06422172832304482 -0.017917230572737964 0.1736264281386813
0.06666949651346123 -0.02134416398374394 0.17260251794131123
0.06404753195130458 -0.0216538451790024 0.17594106148371838
0.06062949695045317 -0.011939918341811118 0.17049123097662833
0.05990981957913593 -0.010268690314370464 0.16896367935001605
0.059821262983139896 -0.009283997529069967 0.1675717592112197
0.05989767641892844 -0.009005619518617003 0.16616873583908817
0.061699515594463995 -0.014378888684616497 0.17296169089804317
0.0567764274673832 -0.008305671005749629 0.16838419616757563
0.056343259589300934 -0.007953739750377144 0.16650968198933974
0.05726769909019262 -0.009275408842112953 0.17022050661311205
0.0583085677313558 -0.010977217331522989 0.17223139069540158
0.05931025371982646 -0.013901592318629188 0.17473827369417444
0.05702502860551052 -0.012227970428337497 0.17625651714216292
0.05999572640716899 -0.009241905634415827 0.16458519331505464
0.05580028115231097 -0.00801618994196027 0.1644813032320888
0.05159023398209571 -0.006831731115893293 0.16399389849363152
0.05331012421066701 -0.008468298306754279 0.16141164172795466
0.04984006938047069 -0.006744852463780636 0.16191850283968096
0.05835261658215306 -0.010228872789496957 0.16195939115495095
0.05583128728524304 -0.010763549395227086 0.15809042023010603
0.06221896289557598 -0.01765245943755477 0.17547452801294522
0.05984231733498975 -0.017257901072899328 0.17686319464307576
0.06233426248816084 -0.021641721515491527 0.17715033180485124
0.06258786753414405 -0.026317347431711536 0.17732519135497352
0.05740448223419036 -0.021168664913572305 0.18123822569271458
0.059006775573388646 -0.025648943406746696 0.18102480931242665
0.061349543211285024 -0.031913017351596754 0.17979858070603894
0.0617154643464882 -0.031543615425411446 0.1788805328246468
0.0625779711949547 -0.031291634027749975 0.17792362296081957
0.06338799922955846 -0.03141751868639487 0.17682663236493867
0.06397403249465983 -0.035721348058564445 0.17599349612478138
0.0631451392925731 -0.035992124540443794 0.17726409729181575
0.06289405470562398 -0.03637007792533401 0.17826544429212138
0.06497630803281143 -0.03918169980970748 0.17478596919193096
0.06455958565520147 -0.03976167559454263 0.1764456052571053
0.06290915880301264 -0.03730552358534308 0.17911828077863678
0.06450712634130223 -0.040358842277172804 0.17722252192673552
0.06453946475941587 -0.04152199385636203 0.1780029696099967
0.06779019625863852 -0.04093212961511395 0.16908662313390604
0.06683493332097046 -0.042105202317138934 0.17177776398722933
0.06727197757479023 -0.04626767804597032 0.17799447323200884
0.06660747013766967 -0.04493919301469324 0.1765814882811236
0.06658948964690199 -0.04332410916480492 0.17529974351640537
0.06652040804844808 -0.042879228865636144 0.17365193241838628
0.0701558488654029 -0.04489201715265543 0.16831476722760935
0.06939137430784689 -0.046003706340348616 0.17035407135243327
0.06897426490904393 -0.046542716374747724 0.17190248429770555
0.06877266431700065 -0.046996924958620186 0.17335473809764548
0.06920114860823871 -0.04798354753364807 0.1751376406637878
0.07057467463085308 -0.04919494231032279 0.17701211500840772
0.07294638499317022 -0.04914692062040043 0.16927142988562482
0.0721470526658622 -0.04667661193683873 0.16667293961779203
0.07223127080158699 -0.04777535207076751 0.16832182674874294
0.0746621632963288 -0.04979834968198558 0.1681262036792892
0.07362817640333272 -0.048369162776914026 0.16734563728459392
0.07311332776559532 -0.04689614283187078 0.16562738030692212
0.07405204515465398 -0.04688489426369501 0.16449222519595774
0.07505942422117169 -0.04874204626150957 0.16631001391372988
0.07634939268471293 -0.050141817670202385 0.1668573637543529
0.07818622796765608 -0.05066371962089592 0.16425215107165667
0.07644663943137259 -0.04907901703829348 0.1644669697776797
0.07490663864840796 -0.04710622757397446 0.16333338001520412
0.0776630438969427 -0.050727854062306045 0.16085412827683407
0.07645574814147471 -0.048975535359925826 0.16213211997196758
0.07569979560046618 -0.04939876896788905 0.15631129744856087
0.07481264269342539 -0.04839649091111924 0.15831963460704276
0.07509757228797224 -0.04631860959668454 0.16189378111244188
0.05374885501653698 0.004277898086391803 0.08730022611893559
0.05583650903754112 0.010043613210851768 0.08985724093333153
0.056780271686083135 0.011867095444999178 0.09071567764023342
0.05840421039368215 0.013886113741451619 0.09185114668778908
0.06095810439981772 0.015178179688089601 0.09288471536018332
0.05471433581948116 0.01955872538246782 0.1012867201744551
0.053482080091507275 0.01789693764631483 0.10163554097528253
0.05210674615732937 0.016322790774113995 0.10197800856042333
0.04933365447039448 0.014067969255753503 0.10220459122152704
0.04798108080760476 0.012322925291518435 0.10180478557368952
0.04681877947787136 0.01022956241814727 0.10146389303579777
0.045856104057228314 0.007948544367959332 0.10137374384784013
0.04806355675771126 0.004154302761122969 0.08665053498029483
0.050570310705330565 0.011041033644432038 0.08752489075557555
0.051872340271909234 0.012954422200583373 0.08881656210463315
0.0537835956953817 0.015205743538763385 0.09069117054107008
0.055144709988144566 0.01796890212975367 0.09241386990834136
0.05382090334265657 0.0235297111097127 0.09815322039854404
0.05276632025900771 0.02192602818596086 0.09878656184037438
0.051100485719631834 0.01932110129228601 0.09896672264948721
0.04903963132739368 0.017705875619108656 0.09921310027367529
0.046049900534794644 0.014130762687455677 0.09985845733934152
0.04473764834059376 0.012333166016502067 0.09996424218729512
0.0430859344897706 0.009993444731859905 0.10079375538737297
0.042184141790361 0.007973595572977355 0.10147027111668723
0.04095619198435872 0.002904097091595002 0.09992807643471312
0.04062935247202307 0.001272312903123593 0.09952918366901077
0.07054302436577055 0.04797355448803225 0.11202038522971645
0.06526193819201463 0.04149957513647188 0.10588749152011019
0.058937196133361056 0.03592918011651653 0.11588894858468146
0.0577421152614664 0.027407174256453948 0.10203139506073856
0.03898823401204511 0.008096018931083587 0.10130826196302382
0.04004412891182642 0.010197329561664198 0.10118921464206611
0.04307436325811069 0.014110997677974434 0.09972053485173368
0.059708055600530385 0.029460610870626357 0.09371919082262724
0.0741005511 0.0184239307 0.0644662637
0.0849240621 0.0478519175 0.134109921
0.0887947081 0.0500029828 0.146642796
0.0594782808 0.0242664428 0.186620047
0.0645405845 0.0334433485 0.188956875
0.1067699 0.0128589002 0.0552951285
0.0745415519 0.0186604745 0.0727823945
0.0694031338 0.0140411948 0.0661446181
0.104002745 0.0178321839 0.0611064798
0.05511120129534619 0.013477855077557124 0.11409593911851001
0.05157784180585875 0.005748342000727853 0.11230735833370468
0.0639535387 0.0122507381 0.15620666
0.0586074088 0.0053882582 0.176987801
0.0590875412 0.0125653747 0.17865928
0.0602299124 0.0170461831 0.181788289
0.0576221678 0.00388490091 0.180056104
0.0580581357 0.0119428264 0.180051381
0.0710016782 0.0470840362 0.178159332
0.082370543 0.0497892629 0.165739849
0.0790806768 0.0495420113 0.157027011
0.0739376245 0.0386356851 0.13628885
0.07768529500311289 0.05700102929976087 0.1355020802986806
0.08115423468679081 0.05680203096883436 0.1421596433934543
0.05455409786503538 0.02692834842183923 0.1826134057999322
0.05915799143582343 0.03601104549542632 0.18497660291986154
0.0781148084 0.0480980113 0.165274507
0.0706800095 0.046877862 0.176708003
0.0595459505 0.00752354932 0.173554042
0.10638164900781956 0.04762721238393729 0.06259258455658089
0.0758312656140551 0.036693928592414125 0.07405399952451679
0.0974479832871548 0.015709548259044335 0.040481356284526614
0.06557906563966688 0.03379263287584799 0.08185207295971828
0.06411861728129188 0.024518197844730954 0.06793882971604716
0.06105954251515665 0.02108456745083232 0.06384562329846791
0.059624618740863805 0.01630350194677165 0.061071679251929176
0.09614130581344914 0.020999390060113463 0.045062251581764294
0.0685415641360233 0.05071848819924418 0.12893948036690486
0.045852903122885695 0.01828161687040763 0.11652651080385916
0.045069903168870516 0.017396016576474858 0.11284520334220373
0.05643417835842009 0.030654983161316707 0.10287469242325432
0.04054053933884756 0.005842595251047674 0.11357931022736344
0.035736988621370556 0.01498297331930481 0.13589029326865815
0.02829664769164187 0.00865395688524491 0.142386242826327
0.03963640043800398 0.01760138395933197 0.13243544916831357
0.04286772181012069 0.018511754756618502 0.12901873756747625
0.04494967853007048 0.019212513659507508 0.12697602371011582
0.04820413874818425 0.018190345910172996 0.1231009869221372
0.03708172413195385 0.01479723166146271 0.14129103765024933
0.03724025109787616 0.012130794151474285 0.1446647758458794
0.04411600878489905 0.017309556832329844 0.13506238093649342
0.055041955801899904 0.0138349270774549 0.15115346946620697
0.05253276989384961 0.00689989569463808 0.17242620233485054
0.05450192121767156 0.012243955864384563 0.17416813608858803
0.05505570759585004 0.01771168065385918 0.1764256561084667
0.05074543603484074 0.004202101892797868 0.1760116582944924
0.05259845831369506 0.011435003524676059 0.17595032360743867
0.06869220222082141 0.049379809287238285 0.17093036563796934
0.06294832509368065 0.04285024909230523 0.17472742917266332
0.06658643124320665 0.048282583499094554 0.1745428214759377
0.07807747311830456 0.05423756599742238 0.1611914659378004
0.07330561395665842 0.05195765358816071 0.1490411205376888
0.06771742812660772 0.0493358418452493 0.13452312816827042
0.07430019868000319 0.04950563424708502 0.1627723633762733
0.06832739332097848 0.04775492675402106 0.16916124897734194
0.05220993181308269 0.008804282588018035 0.1692752247788335
0.059147800621578414 0.024115520729430687 0.09494835832990879
0.06621927757234854 0.022163695953104356 0.05714023131699902
0.05470527325355133 0.0026113370051500085 0.08601480729466827
0.05587931558947209 0.00621168364395467 0.0861577626225486
0.05747960605251818 0.010645764466276911 0.08856397205837285
0.06005121568868774 0.014276042244665303 0.09063118233078214
0.05178540027708346 0.01728365465175701 0.10253998194719982
0.048560703266374634 0.013246889210083138 0.10305905522394117
0.046832514880742394 0.01084108986780838 0.10267649107649612
0.04518586744655163 0.004879938021915232 0.10241791111841414
0.0500545156125521 0.002119858990603175 0.08440083715010122
0.05047227143831109 0.0060799808803093 0.0842356690691991
0.05250080713160272 0.01164427723194865 0.08578029553556805
0.054807190556937946 0.016396340412837062 0.08878971373403638
0.048955117636666545 0.018897567630121556 0.1000343649656805
0.044768379392697635 0.013526002783736536 0.10117954576034188
0.042944609318167175 0.010803559078278518 0.10214944675845816
0.04110418982910946 0.005930851790060043 0.10268180433372506
0.040946464135326106 0.0033068163492253593 0.10126634223782512
0.06953272244935232 0.04469238795397776 0.10459829914594924
0.06052309235663138 0.03599527553722673 0.109321530128506
0.04018938686982948 0.010957367477061221 0.10284694636912942
0.041411718469532316 0.013315696890347336 0.10187866216641267
0.046071630768094 0.017326439043991552 0.09989689965686545
0.0717862952 0.0161762987 0.0650768494
0.0595202965 0.0245136202 0.19028767
0.07677000495432218 0.02288952555378944 0.08380484183786246
0.0696906062 0.0142639172 0.0706563829
0.066759079 0.0108081132 0.0650343949
0.05404968746911518 0.011410550295162676 0.11400799564625562
0.0646187805 0.0112697441 0.160742806
0.0569508905 0.00966170294 0.182186846
0.0575001169 0.0145189197 0.182842843
0.0658821733 0.0374124275 0.183536897
0.0751259524 0.0435479211 0.140379663
0.054108546231326604 0.026215559849556317 0.18774262127586241
0.060334758 0.0315837557 0.194444804
0.078212998 0.0477528048 0.165022286
0.070606341 0.0466063688 0.175701344
0.0601971757 0.0104950811 0.175691855
0.08112400803906042 0.03905807599200689 0.07282371701301565
0.10130791525437804 0.046613286127332704 0.06452645418054757
0.06346369312345289 0.024762719358337675 0.07379385065711716
0.060093731225701344 0.020195519262937563 0.06706296323649284
0.057717493503355595 0.016753572820973072 0.0635958523696846
0.05640213543630151 0.013542687936147883 0.060583910238104347
0.09647532855502713 0.027169551500964215 0.05058453261297703
0.06035265778128742 0.03948670860061979 0.1259466946570459
0.0724207299994268 0.053513722245983726 0.138298777474744
0.042736319116033414 0.012865098217762593 0.11334310276237158
0.05009407520645775 0.022417672775008814 0.11900080264542492
0.05744122869713021 0.03285332015360147 0.11185181091608679
0.04357569809866932 0.01427477751650322 0.1211984722095287
0.025527254171244844 0.007605921422585244 0.1364077147773534
0.026538412479816812 0.008171911912114027 0.1394427892670986
0.03366581378422061 0.0127980241222199 0.14329715967138526
0.05156592404538104 0.017187327088276163 0.13931992440840574
0.05517771043127199 0.013155761012600862 0.1540044994001596
0.05123653290154423 0.009044051785920227 0.17837669178739882
0.05199779687567683 0.014256149001917873 0.17905534786862218
0.06155569782026676 0.041052435891073456 0.17712893965016205
0.06813710502714748 0.049960646320874776 0.1773654582317119
0.08013198618295538 0.05617760923023391 0.16029305618986445
0.060823507519804955 0.0337667325540648 0.09658701189555023
0.07205021952476583 0.04675511705187619 0.16087974631174728
0.0684306781500905 0.04634071641301378 0.1679076072490332
0.056538577317985665 0.011502463842285628 0.16957222517614828
0.06019317383134419 0.024516752983347163 0.09401890299455404
0.06290829333172601 0.01848660381208107 0.059847292870410324
0.053420104680216 0.0025650285051285948 0.08833931801752537
0.05439324520837068 0.005966734975959879 0.08791965324991136
0.04522519638942129 0.004642286929511093 0.10089202137582631
0.04838482774274057 0.002133273093294378 0.08708733831438749
0.048377150627574646 0.006062612322608985 0.08634990428470124
0.04123063916653787 0.005350920215970436 0.10123416023811978
0.06423466393047832 0.044917086172661984 0.12700923265337447
0.073763120552927 0.05456981032194855 0.12681125167106827
0.05327048272833688 0.02932862253628357 0.10484478535440522
0.03808551387086849 0.006594485123367914 0.10282514588966936
0.06264346041030999 0.02630798759376781 0.09116347433187424
0.06984159588076762 0.020100475397010088 0.09823641665937936
0.0703931539 0.0146187569 0.0628757668
0.0575369432 0.0194337104 0.186387783
0.0670891925 0.0109951905 0.0622113341
0.0928560686 0.0167800894 0.0620468007
0.0624985659 0.0157272406 0.134938803
0.0579071098 0.00303360293 0.177179116
0.0590427217 0.00889711603 0.176313487
0.0569080259 0.00444335525 0.182517194
0.0681738502 0.0430073683 0.180537085
0.0653246639 0.0358345825 0.182618237
0.081330212 0.0475154248 0.169132993
0.081340983 0.0512202873 0.160548291
0.052305861284011164 0.021269552612308586 0.1832620912311107
0.0835906298 0.0422661237 0.129397878
0.0789383134 0.0480271355 0.163366623
0.075149243 0.0482306925 0.172729275
0.11106665976471992 0.047495034458878954 0.060742979673438405
0.09045619754405103 0.0552153015278186 0.0949678229369703
0.0923088893823126 0.015001809323528069 0.04083441401876573
0.05934778678554745 0.01252776074016524 0.05709282299532765
0.08581695233199929 0.01979476228735997 0.0459029475873904
0.05342147382545035 0.02833526454709965 0.1198064925795223
0.039735277456853235 0.003931033714515437 0.11775348230049061
0.026216370805438337 0.0073832756412776255 0.1340708826784272
0.030948672004726396 0.009215661687706846 0.1447702249299586
0.05348129716328956 0.022619973809982253 0.13263344925931222
0.04429820991159634 0.013950441609212274 0.14314443119980094
0.05142830915028659 0.012801956467721044 0.14962118354488
0.05135267532764798 0.004237567747645087 0.17271836213223576
0.053827422037230434 0.009284411433009523 0.17187214124364222
0.05049923981857013 0.004159850260496304 0.1786276821618096
0.06562540156490339 0.04623793535964838 0.1727441684682816
0.06047227321363936 0.03894218597279956 0.17596933762914319
0.0765556478164541 0.053361414905592285 0.165223020302822
0.07661819494882949 0.05410278702956633 0.1551836110248821
0.07381439500799186 0.04958106408151162 0.16004657631446959
0.07165654869347617 0.04961639874494066 0.16711070553758817
0.06253228492349082 0.015551361802214354 0.0573022279639627
0.04279605557773964 0.004311947736650531 0.08611285348440946
0.04668534969154517 0.012271820847186782 0.08626069069717142
0.048212761227290644 0.014656423190843051 0.08807429684787849
0.0506490564521016 0.017156745768767225 0.09024406509649308
0.0528141650190588 0.01926034322105994 0.09224980299789001
0.052613618911820474 0.02320158759670868 0.09733231413007253
0.051828908326078935 0.020848975518733822 0.09710966726616635
0.048820058055002044 0.019641396863948085 0.09755820597756382
0.04564793533906668 0.01602527601696804 0.09863805244056141
0.04136433250336902 0.01224462968423923 0.10067723477885616
0.03736693790169214 0.0032594713754626544 0.10005082670243282
0.03694730871164765 0.0013760394518976427 0.0996424149115813
0.06449055042885184 0.04260450280000735 0.105766567363095
0.058495398132620606 0.0360855135377891 0.1157454401482013
0.054732965616343644 0.029402878418804984 0.09826503176510833
0.058082141489245905 0.03070757756737857 0.09158306866095824
0.07603879043796606 0.059443637840336606 0.13434659708292726
0.0796151327448181 0.06078505259926696 0.14165430189436815
0.053381520479563516 0.02775476972775557 0.1827577211159424
0.058043750010243186 0.03720409127482885 0.18534393165085591
0.10598940759844094 0.0498555222825815 0.061536096578894764
0.07401057993719218 0.037745700979779986 0.07226639493442019
0.09523457665188928 0.01638371392822182 0.03715184026829489
0.06469244378136664 0.03408383217539313 0.0809627614130638
0.0630084073536944 0.02535341568158506 0.06754626453684064
0.061323515523942156 0.022393945724398515 0.06324463774153342
0.05770842168148995 0.017648646138228856 0.05996478736645424
0.09429643095470552 0.023802819611977884 0.04014539852574086
0.06803115086153527 0.05173025102906007 0.12867661783210835
0.04520848233732974 0.018322401061375483 0.115908964285925
0.04398395195095093 0.01747758349330005 0.11207013703561257
0.055252014874867125 0.03091767660022635 0.10196697075399452
0.03813379271708955 0.006362858630839147 0.11459111660817219
0.03358127202436433 0.016365806152152544 0.1351401615506644
0.02625725806182061 0.009548659973878387 0.14263363942902377
0.03830020449103505 0.018658102377761835 0.13231411773252322
0.04218575183345735 0.019854313619273013 0.12877225880215307
0.044674001044044065 0.020073207451547163 0.12637744219548985
0.04775973433362088 0.01876334492352937 0.12243910482074412
0.03575178963835721 0.01607808891687279 0.1413838191449791
0.0363311314676063 0.012878477836417457 0.14491348750498775
0.04355986656849761 0.018716067576857127 0.13577208602977828
0.05271396354321068 0.015104770981776853 0.14995904082118483
0.05091702736396719 0.007238049423618329 0.172684215824205
0.053475910626069156 0.01266999572115085 0.17451006312157555
0.05405036631925237 0.018236165505408408 0.17668049287344648
0.04933880331009494 0.004496158324565396 0.17616316709272514
0.051464284045272965 0.01187052147410975 0.17620531391411517
0.06785968115966184 0.050717783688599916 0.17080819625079485
0.06162480431945362 0.04541700499939968 0.1745989647607844
0.06533018066284506 0.04855812525634479 0.17462813035884087
0.0772538937425188 0.05503540543658933 0.16107683524347757
0.07242115934840063 0.0525912018274549 0.14907745575877718
0.06706678504071782 0.05063082761995713 0.13369089878345514
0.07344048514122321 0.0504795332061453 0.16266939173736666
0.0675765334656511 0.04898586943965925 0.1690534372547705
0.050830156172361786 0.00920443882858561 0.1693932437051592
0.05658477286044888 0.0257059850555494 0.09498678257244353
0.06481231253354688 0.023043244934211792 0.056058635087267765
0.04477127051445204 0.0022110016456302695 0.08341203360582675
0.045942514571144843 0.006634699174172451 0.08264290969500616
0.04856400824782612 0.012870517754191686 0.08402584289100035
0.05178916987751382 0.018081921561427093 0.08834550038455129
0.037245030380931375 0.0036108415086363193 0.10143665764758611
0.06899666144568849 0.04564677976395234 0.10420789038932153
0.05955638349290509 0.036366244854477425 0.10937333250184733
0.05291069083450594 0.02703601028869137 0.18800172225911327
0.0592383492 0.0325187781 0.195027259
0.0786543617106921 0.04043567365746392 0.07076652721926868
0.10032467832745116 0.04927558167642902 0.06271201874248221
0.06145391873021842 0.025403039024904112 0.07300785208202114
0.059574038109903034 0.02112712255705719 0.06691132040379719
0.05649296419958541 0.01775073642604137 0.06293739682088637
0.05396545119608058 0.01427729171359886 0.05920049737572698
0.0943693816573096 0.029637988128149783 0.04594795028204622
0.0597077576864854 0.039942389413207845 0.12525548905106496
0.0718906459357974 0.05527353090922178 0.13779341956880475
0.041682554730139765 0.013589369042862325 0.11299829208434417
0.048927878373284786 0.02259433626949011 0.11812082643851203
0.056332671157242706 0.03329226590498241 0.11139634312443845
0.043305747825329644 0.014772186659636827 0.1203737855049365
0.022674418766495338 0.008497945983754316 0.13654404553274643
0.02390974069994285 0.008985717091353134 0.1396096915234448
0.032456419046780094 0.013386352894375087 0.14360982661798335
0.050126805739773524 0.018622888092063666 0.1393693264406024
0.05337864680055873 0.013426438041455907 0.15342088800203108
0.04990824236587446 0.009439521182992147 0.1785484560915686
0.05080242437847799 0.014756276344864636 0.17925916379752843
0.06026502395816405 0.04122166729782015 0.17715985587586525
0.06666980230592248 0.04996111616230184 0.17695755745790295
0.07907612626476512 0.05710815705547915 0.15996971474408359
0.06009553489018497 0.034285225043981356 0.09586323303675112
0.07172595879733802 0.0478110356466599 0.16108522269371928
0.06755033525535382 0.04761587454455046 0.16777685941907905
0.05546540484023166 0.011904574135396414 0.16984214947437337
0.058410940857773604 0.02558207667756479 0.09385732563731027
0.06139343002593075 0.020354514469322287 0.058138184589040576
0.041878425218188776 0.0022390543717673572 0.08643897474249701
0.043497775414236835 0.006362441672736664 0.08513408654007519
0.038146758720744633 0.005564592729526697 0.10091671175506195
0.06390949629811819 0.04584494327188314 0.12630386503881114
0.07337043682160907 0.05614352368884911 0.12668351264852173
0.0523581403323302 0.0295964673382011 0.104512590278537
0.06060171371155857 0.027747733692721984 0.08977012706340957
0.051073578533803135 0.02192584268932656 0.18346640263098168
0.11077399209450842 0.04974802515743191 0.05947330258350324
0.0897560126289476 0.05711902597316321 0.0942074982324743
0.09115385171436127 0.01657185596626229 0.03705289130692811
0.05674494219495593 0.013711418364443409 0.05472269918278348
0.08388720490879764 0.02274390334305082 0.040708782786031295
0.05281817585654434 0.028425358733518168 0.11887126787636867
0.037206221459348605 0.0037599797786053435 0.11806104807864953
0.022995591590451375 0.008429555324535806 0.1333892551631446
0.02945963411190258 0.010132459486158327 0.1452428566092091
0.05330143791472956 0.02293887283514776 0.13280430104171922
0.04356787805206196 0.014844691577818214 0.14319494480408493
0.04894693444972313 0.014556251683435807 0.14866113402589337
0.0496284189241852 0.004542204093663017 0.17286847185245527
0.0526109235508425 0.009728614704913386 0.17216712485809754
0.048988335625214166 0.004441856665705727 0.17888211721211245
0.06456009399903974 0.04708524686599915 0.17289629971104198
0.059326118202586826 0.039987098801668654 0.17580925102956943
0.07579931002024072 0.054371916829172175 0.1649427391287656
0.07587185250926984 0.054538187519221154 0.1551076807715587
0.07304135354504983 0.05035038414337944 0.159841801731878
0.0708304003972998 0.05082150507640309 0.16714548260924258
0.06039333225402303 0.017605067465056072 0.054997091676877746
0.045174381471785124 0.004517210741130262 0.09983960394294954
0.04595550073306064 0.0074503641895226754 0.09977742589993245
0.04685326745829363 0.009315505812745204 0.1002917790473953
0.04779380579260495 0.011524098052949698 0.10089874646097553
0.049076034071992534 0.013180409175766723 0.10154917251730815
0.052371512351945454 0.015536168167129716 0.10160766674306315
0.05392382439304725 0.01710379056417174 0.10134433957859743
0.05522244327687797 0.018997833877588674 0.10088579122451072
0.058870076754330036 0.015276281785087612 0.09434442489833292
0.057603708565591126 0.013559899923518807 0.09356429585671647
0.056438381073813715 0.011219867418322258 0.0926008075520836
0.05508456865867327 0.009621478502238497 0.0915437516704844
0.05404371035917889 0.008393974424431686 0.09085870811565502
0.0533570406702557 0.007346735377628914 0.09020869307348843
0.05281481631233662 0.005751973978251586 0.08987426592813544
0.05255175816375153 0.003996957578665829 0.08968990564628837
0.05188752643617153 0.002424563905250312 0.09021654757614835
0.04524828468738851 0.004246509456047658 0.09836446370460002
0.04609917623713246 0.006846956151084629 0.09829050792862033
0.04706454613560628 0.008460887233215062 0.09900039861629595
0.048076302651298586 0.01041401170424812 0.09981008317990019
0.04901893496860752 0.012243095839505128 0.10065550691820563
0.05265500412358604 0.014414512105201375 0.10116496728767801
0.05440817348791527 0.01619009079450757 0.10098662292398691
0.05550184165848187 0.018299181739337318 0.10035166774979173
0.05627465219182788 0.020430039427957927 0.09957998786183482
0.056686530333638435 0.016570203854529647 0.09737308319652035
0.05626562608773657 0.01449161958910155 0.0972459353682105
0.054729278461176784 0.012177507747177508 0.09639740031710169
0.05259512253539253 0.010034408031480592 0.09505254068994422
0.051858106493502504 0.008558322257279346 0.09453840897785946
0.05136043865759543 0.00717632136182869 0.09399709272458029
0.05121413849373005 0.005527390735860244 0.09341700162053947
0.05155919631072684 0.003779034186815087 0.09292853609004631
0.05102916370780355 0.002435421928842987 0.09316341791559475
0.04451969214570263 0.0036550409770872943 0.09703265267141355
0.04586103487162871 0.005711287744798245 0.09713844260562017
0.04728260056208915 0.007380886148310008 0.09788182731407173
0.04837819593513804 0.009268275957378912 0.0985062868922463
0.04910371057022274 0.01118694059169306 0.0992813255129806
0.05178107188540052 0.01319488980214658 0.10047291043946752
0.05443185180562701 0.015644631173937364 0.10016896596772833
0.055290833746050504 0.017594290807004514 0.09940129709870901
0.055957637777315015 0.020126338589937013 0.09856116140503021
0.055161966572245646 0.017168718500062578 0.09893467259772859
0.05405206613042455 0.015304529300184803 0.09907835650786548
0.051254700046874414 0.013454066663502897 0.0989999408352822
0.04900322405446008 0.011651387674335193 0.09772883269320386
0.04873913304656435 0.009742525711309636 0.09755224671380155
0.048698023528612376 0.007982763612170242 0.09719870835042783
0.04814928998909217 0.005812513840874065 0.09622467246747828
0.04820922893992795 0.003942599266705896 0.09575578807560466
0.04874242569740922 0.0020526633538354966 0.09551582047330656
0.05491658210187758 0.007483649564371387 0.08872127560119156
0.05507472903581911 0.00863859173338653 0.08913221077936559
0.04108483871942441 0.0012722037173268368 0.09866984273320539
0.04127871254144277 0.0026254904715454492 0.0987626147368822
0.04155396120486593 0.004739860940523428 0.09965403842978462
0.04230238403349433 0.007353669532962472 0.09995989042943274
0.04330561783861904 0.009289608021399937 0.09958067803531268
0.04499972233457877 0.011367431434715396 0.09891404664523216
0.046131854922440915 0.013112277310053445 0.09892782556088923
0.048874360326507604 0.016409397465389858 0.09870446382423817
0.05165299732816685 0.01897833326390723 0.09828507535293264
0.053366215954502534 0.021794507296385598 0.09814802013895782
0.05570864027884715 0.020109376110518804 0.09482614412053957
0.05453186307172009 0.018011258031064698 0.09372898752060153
0.053105933917159245 0.014740359228578704 0.09245428170548364
0.05120745382238089 0.012582474672356557 0.09092138673308894
0.04955551264519552 0.010786068471532394 0.08959990821004434
0.04831741498216459 0.0091870152963722 0.0887825970628015
0.04742042054344154 0.00764259625287729 0.08842413265280191
0.04674247911160206 0.005907926595728891 0.08864465828827489
0.04651241137574603 0.004011460446574762 0.08921504904983094
0.04706017098024258 0.0020810589027069684 0.08986020399470043
0.04151538130375274 0.0012774531294294515 0.09790070844497284
0.04192403403210904 0.00261635678901414 0.0981878708538123
0.04223378404723986 0.004261702877804179 0.09815818868342893
0.0428277615788043 0.006569635682034228 0.0983137331727296
0.04391316352895924 0.008186169233349779 0.0979245896062877
0.045209804517446876 0.010326016662183687 0.09754084176666249
0.04653638196245571 0.012173104042663386 0.09805067987299691
0.048308790014994926 0.014740663221077132 0.09831674743101351
0.05182887044877151 0.017531353401562377 0.09799718852387714
0.05369389089557661 0.02068467843757675 0.09787406064688899
0.05546138825477077 0.019987210554156098 0.09640772474803078
0.05444950664947433 0.01886273483915591 0.09596598541063948
0.05279766714829544 0.015023911073375975 0.0959190585770562
0.050485705465434176 0.01274885986411919 0.09458670727681369
0.04893023803649326 0.010831719953366774 0.09318917997951386
0.04751728188079096 0.00918283444539179 0.09238443117421992
0.04669153615556829 0.007559368013632862 0.09210296470203685
0.04620093112536712 0.005781461326375333 0.09213600805688155
0.04634714811476448 0.003918792809059326 0.09258945458709415
0.045628882184376746 0.0020512755232941346 0.09262877197507906
0.04221384467563653 0.001305491591099331 0.0968696613431002
0.04238207968278074 0.0025359086440797708 0.09696892859930205
0.042586300878622745 0.003944372446018247 0.09698711395202164
0.04315007889820518 0.00592941579231176 0.09683943405865407
0.04399467034794462 0.007323978559236866 0.0968049190087796
0.0456684798707388 0.009355396166492376 0.0970040308198148
0.047147228990880495 0.011424878819712657 0.0975360318197913
0.048396659278980514 0.013452899219710738 0.09775123713836457
0.05187374912248243 0.016282691742656 0.09791314126976126
0.05378449111052151 0.018694952962182734 0.09768662108415455
0.05506579948735771 0.021559522656953257 0.09744319304127518
0.05392810962582686 0.018157465041235894 0.09806980285631153
0.05206132494614303 0.015958120729055805 0.09819826114060842
0.04942525217149263 0.013856194649819563 0.09795629306961633
0.047768770369297275 0.011971907545868334 0.09666480654194969
0.04647470576185556 0.009729505355852007 0.09570384190923509
0.04604097068801162 0.00814314969521753 0.09549082994473697
0.04526629411131302 0.006024244022496713 0.09532197681059276
0.044448159250203643 0.004103292291283093 0.09517794121233256
0.04449011787812616 0.002189750081452176 0.0951327351375474
0.04890397126023985 0.007783103652114548 0.08633778753809436
0.04957305597028312 0.009412360318859092 0.0866994369589243
0.06358730568167341 0.030527763118367232 0.08674996334127505
0.06227008271059626 0.022951229315027702 0.07944087065105261
0.060100589335797 0.017906598589914575 0.07636218224770283
0.058330158685337474 0.014784164288430112 0.07511229072264475
0.055645297032105766 0.011790821648699322 0.07427073702752766
0.054167951247833045 0.0078083399396382 0.07386098311691246
0.05333388145224855 0.0024036139586671927 0.07334661092526702
0.04785639111445342 0.022217861134510186 0.10535160575501953
0.04357114217980736 0.0160997391659776 0.10896024586537525
0.04225045325886034 0.012844580306174025 0.10971823745928445
0.04070400195266095 0.00596201339125987 0.11024795311458511
0.04058954207454336 0.003255420285015722 0.11006601819435036
0.05670035221297674 0.009144005884119743 0.08773942096589007
0.056274305263269056 0.00782669684048364 0.08665924069878841
0.0755819053446525 0.022888158902867915 0.09817245213548911
0.073238381509156 0.021184936898089774 0.08757537701689558
0.06963791834280249 0.01812992830663242 0.08396577179508287
0.06748397769255454 0.015823965399872204 0.08191840139190125
0.06452011346227178 0.01199770308003036 0.07999891421276746
0.06320189986729503 0.008159778053177639 0.07857377633275879
0.061912482105773346 0.0026334478645751386 0.07810109189769202
0.0673617876013769 0.017949142755257937 0.08849606337324527
0.0664104109031397 0.015832451963912076 0.08516296414420944
0.06499727343074302 0.014256311050713849 0.08447216246103947
0.06331387023414942 0.011994358616328771 0.0834324688208584
0.061424383215335304 0.008316259024365367 0.082139520283828
0.06026454303553183 0.0027854852093200802 0.0813079377512745
0.056166349867230646 0.016121149750738265 0.10731227532546082
0.0535412879316962 0.01304347051429738 0.10767866308176903
0.05184807194045922 0.010509749218420067 0.10716723622184682
0.049474655532398826 0.0058342927354703205 0.10547183043226999
0.048876576429327905 0.0038522813222939376 0.10470709934029115
0.056701812185323774 0.016540783328385617 0.11063544741808816
0.05425227646801051 0.013252455409231367 0.11095609738674073
0.052575728028874426 0.010656956003298678 0.11009895677252657
0.0503852413019527 0.006054128105701903 0.10915840828981724
0.04994846129029701 0.004110181152088243 0.10883610174652768
0.0767987916 0.0201238595 0.0704028453
0.0787600812 0.021934682 0.0688762912
0.0994600313 0.0449502802 0.126428357
0.102530404 0.0443220852 0.125126454
0.122502504 0.0492650472 0.114441965
0.127398783 0.0486718243 0.111521436
0.133107188 0.0492557595 0.107260342
0.103144079 0.0482955971 0.134255616
0.105181111 0.0489795535 0.133847692
0.108913029 0.050311736 0.13052684
0.119583614 0.0534422084 0.128849443
0.125130566 0.0532873453 0.126894567
0.130790801 0.0525796937 0.12455181
0.135992211 0.0537419711 0.120087811
0.103416451 0.0466253379 0.148200516
0.121240681 0.0533687275 0.141511516
0.128262942 0.054015225 0.138338612
0.13226973 0.054914528 0.135711404
0.140424732 0.0552889269 0.13309316
0.0587908085 0.0191568082 0.184480146
0.0606669286 0.0244551365 0.18499872
0.0639487586 0.031097326 0.183776916
0.0562597579 0.00454951237 0.184942585
0.0558503097 0.0113868734 0.185178511
0.0565040879 0.0157671066 0.185552459
0.0633287541 0.0307003123 0.185330792
0.0663743731 0.0367669086 0.184909549
0.0569518432 0.00393568422 0.19033437
0.0565676813 0.012827296 0.190160433
0.0572514592 0.0179056373 0.190332611
0.0669264105 0.0367214177 0.189032937
0.0965009732 0.0491753551 0.184030984
0.106622037 0.0537448824 0.183841016
0.114865952 0.0585064801 0.183088758
0.12956348 0.0632461929 0.181781921
0.135179757 0.0642849202 0.181274831
0.141560245 0.0650765925 0.180746538
0.148093106 0.0653013357 0.180121323
0.0580294746 0.00386234008 0.198218992
0.058810291 0.0124003345 0.197923663
0.0600692822 0.0192488292 0.197663504
0.0977054109 0.0510717655 0.197772664
0.107617996 0.0559406642 0.198005278
0.116719632 0.0601675336 0.197681055
0.131878561 0.0662544914 0.198433505
0.138276526 0.0674435517 0.199241694
0.144676166 0.0679486501 0.199839471
0.150732159 0.0683031325 0.200503504
0.102905127 0.00230728705 0.0539559335
0.10523389 0.00899015405 0.0536212639
0.06261509462691951 0.00253212386077035 0.06951659437890165
0.06493566789377314 0.00768204659543997 0.07030483608400595
0.06646580532608137 0.010905372409379763 0.07158937486652357
0.06928567229903236 0.01449086353792613 0.07309232203557249
0.06255409997798284 0.002493002458182309 0.07398865444133584
0.06455738763203879 0.007939572887622964 0.07486982172428784
0.06553421667873638 0.0108768064462083 0.07562173629349703
0.06841535856965646 0.015523637880535412 0.07756004223005442
0.07216894959532928 0.01902684052155252 0.07980870130753034
0.0626914722 0.00261926404 0.0670784575
0.0650200532 0.00777570318 0.067851418
0.0666324782 0.0109160186 0.0688509549
0.0626246349 0.00250084993 0.0641988562
0.0650215508 0.00769225029 0.0645758727
0.0628024872 0.00258426014 0.0611650774
0.0650819538 0.00789186294 0.0617395835
0.0714383547 0.0149202277 0.0594835112
0.0675159476 0.0111408856 0.0590118877
0.0842411077 0.0267978008 0.0626373806
0.0813776771 0.0211135027 0.05934459
0.0764293676 0.0160934013 0.0575445542
0.0726867187 0.011733016 0.0559524455
0.0706207011 0.00808228829 0.0548735871
0.0679715349 0.0030897317 0.0546205479
0.103193969 0.0285543848 0.0668207466
0.090151191 0.0130225009 0.0593883765
0.0887298214 0.00912758529 0.0580406685
0.0869259914 0.00236079186 0.0564570735
0.107539627 0.0284735996 0.0662790735
0.0616107021775832 0.020554338013323046 0.11515353772804335
0.051153552553228704 0.003835481976360612 0.11196981819654835
0.0478505751 0.0028355114 0.162718435
0.0485863823 0.00475584621 0.16195378
0.0500936693 0.00274231937 0.164731753
0.0508457761 0.00467962517 0.164049663
0.0540241205 0.00609999595 0.162599509
0.0524848173 0.00260717259 0.166613435
0.053603272 0.00445387052 0.166019586
0.0562176482 0.00575279888 0.164512403
0.0548404363 0.00250890988 0.168546843
0.0559417353 0.00433732745 0.167717697
0.0573186618 0.00582983742 0.166238346
0.056881735 0.00258767843 0.170464696
0.0576307601 0.00441259173 0.169166964
0.0581165814 0.00525540254 0.168526452
0.0578564809 0.00261329937 0.172367761
0.0585386404 0.00437750196 0.171178194
0.0589703589 0.00596612659 0.170476961
0.0582127657 0.00265939812 0.174385374
0.0590730346 0.00460863928 0.173902382
0.0611260325 0.0202423475 0.182363622
0.0628387917 0.0245763249 0.182844387
0.0648246278 0.0306527313 0.182524981
0.065202022 0.0350206823 0.181926308
0.066799286 0.0387014571 0.181312258
0.061966411 0.024505427 0.183861614
0.0644351162 0.0310454726 0.18302984
0.077163423 0.0483162574 0.174168166
0.0674920428 0.0207675498 0.133717092
0.0708690896 0.0241748979 0.133296587
0.0729970344 0.0271311322 0.134666489
0.0740833131 0.0325297249 0.135499056
0.08496764012587868 0.05926608735799695 0.12238245565759136
0.09399084826575725 0.06382229719126215 0.11772557998757878
0.11023554541842723 0.07005020814685056 0.11049518132538846
0.1194742542481026 0.06985209974414852 0.10715307625936364
0.12671101238879146 0.06895118798851518 0.10405941587807707
0.1327616550948773 0.0667030280300716 0.10106781793523188
0.08753341955335395 0.06162628817254903 0.1317128413266103
0.09643229909733002 0.06507004208764407 0.1286210897195984
0.11334789424277354 0.0721859332152881 0.12221572723751144
0.12183688492740533 0.07310525169848336 0.11918481171757873
0.1289764967211044 0.0720046316932046 0.11697034599491664
0.13641623013922674 0.0689107657220072 0.11535473754013238
0.09068511675194309 0.06224252364139171 0.140126601874637
0.0990785340429444 0.06650619073671836 0.13830218012371684
0.11634468077849754 0.07286777756537029 0.13307062949767326
0.12392061763561911 0.0738676848925 0.13027901291790728
0.13130753343806087 0.07360402665439782 0.1280054669919611
0.1391757784574298 0.07018484222443955 0.1275275581427589
0.05326557522847276 0.020119697026335273 0.18057427098911052
0.055115020019315404 0.026487378741769617 0.18047595330540286
0.05766656205589057 0.033038281659819424 0.17865709249158063
0.07339261522262606 0.05270176717606857 0.17030235296220442
0.04977989115016634 0.004319074118621052 0.1814694915810029
0.049822377518066084 0.01043533295439496 0.18222676060587925
0.050762074338234583 0.01579061463428467 0.18273910315673336
0.057785629747075344 0.03342224753886378 0.1806035821809767
0.061606662067766056 0.04084339072801475 0.1791085821852236
0.06856997380493672 0.04991277061511962 0.17906672798513676
0.0763540622833483 0.05500754137962799 0.1759339549544753
0.08499551770563295 0.05807265559992735 0.17441890476732366
0.05053690259731325 0.0040440074781146656 0.18773065771236033
0.050591923582344475 0.011340840775581876 0.1885006763895016
0.05187285328221769 0.017831673789730166 0.18846414655917187
0.0625997015273635 0.04069973848784567 0.18442085993712756
0.06952267332376771 0.04965930063231116 0.18476600417980882
0.07818048719125614 0.05384282399342421 0.1837051438166784
0.08616537536394088 0.05729455966573948 0.18246080246411495
0.09526821537411548 0.06152671726874387 0.18257271619046808
0.11131020601824038 0.06937640490843437 0.1809315424002934
0.12797312695640856 0.07339714472012392 0.1795638757906277
0.13481269900374623 0.07533127014383825 0.1789043616037967
0.14249254465658182 0.0770259864727093 0.17830755443305835
0.15013707783480693 0.0771610523002199 0.17749601212342453
0.053275242 0.0036998898 0.197158873
0.0537627258 0.0116231039 0.197385241
0.0554283786 0.0201546178 0.196581561
0.0651434812 0.0402368027 0.193445683
0.071195714 0.04838554 0.193864829
0.0790528505 0.0534919632 0.193893341
0.0877029597 0.056888557 0.19345729
0.0961337064 0.062315663 0.194611038
0.11233492 0.0696858574 0.193789094
0.130140665 0.0747224551 0.194171589
0.138117635 0.0765737474 0.195072705
0.14537543 0.0779287991 0.195934332
0.152612405 0.0789706774 0.196440358
0.0662601559 0.0139950431 0.155927453
0.0666103934 0.022751365 0.146606277
0.0680799771 0.0260449603 0.14523643
0.0687164474 0.0311158011 0.144223218
0.0700709033 0.0365141688 0.144228178
0.0720432241 0.0407479379 0.14786199
0.0753350632 0.0454348045 0.154815287
0.0775832165 0.0478368717 0.159788372
0.0768216937 0.0477705288 0.169021413
0.0739744725 0.0477515163 0.171933225
0.0715525234 0.0465219165 0.175795146
0.0690715981 0.0418798278 0.177483615
0.0679937837 0.037502332 0.179202776
0.0672510109 0.0346117587 0.180634594
0.0663102298 0.0306518841 0.181456518
0.0660969672 0.0254543088 0.181983438
0.0659927885 0.0207081747 0.181183142
0.0659902211 0.0166510916 0.178737458
0.0661728078 0.0129642323 0.175831024
0.0660598276 0.0107687047 0.171813102
0.0673310667 0.0118105029 0.160148626
0.0645936064 0.0133573809 0.156311272
0.0659276273 0.022156971 0.144863733
0.0683612253 0.0254988436 0.143446879
0.0694557969 0.0307191675 0.142639079
0.070650646 0.0362566748 0.14250984
0.0714102027 0.0405573144 0.145589161
0.0748864551 0.0447935382 0.151939924
0.0781605158 0.0480868439 0.158672361
0.0799443603 0.0489384179 0.162466644
0.0800810687 0.0477952921 0.166529175
0.0780439667 0.0474780847 0.169586594
0.068282695 0.0424361254 0.178810635
0.0676190836 0.0380459721 0.179818805
0.0663676661 0.0347649342 0.181043259
0.0661230912 0.0306577679 0.181968283
0.0656882802 0.0254038818 0.182261628
0.0649554214 0.0207663512 0.181529319
0.0643512899 0.016795809 0.179662442
0.0631291461 0.013718771 0.177045882
0.062558423 0.0105127683 0.174887262
0.0682896639 0.042116692 0.179803084
0.0667430815 0.0384079691 0.180842433
0.065300998 0.0348919173 0.181435387
0.0657422198 0.0303789239 0.18226008
0.0643756524 0.0249125492 0.182486409
0.0629941372 0.020443166 0.181758297
0.0619726696 0.0167254418 0.180449494
0.0606629032 0.0138459937 0.178003938
0.06514607 0.0100762439 0.164074577
0.0656640373 0.0215870141 0.142554895
0.0689841178 0.0252428449 0.141951152
0.0703907596 0.0306531382 0.141584141
0.0713843679 0.0363992825 0.141576292
0.0719584204 0.0409403478 0.144585637
0.0754867125 0.0453155575 0.151061253
0.07539489411544366 0.047235717619549936 0.10206731361463399
0.08585718551320161 0.05252255892448424 0.0981149268464258
0.0859935746791659 0.04127096236787803 0.07125329510543278
0.09262778620963293 0.0027573062904932316 0.03685806984381246
0.09479101401926184 0.010919324658834864 0.037960679613317366
0.05118179620515402 0.0027697533555222343 0.06537775312198107
0.052249048478020796 0.00949496467972788 0.06592333440946556
0.05420704501754222 0.01385812196208872 0.06609269870053099
0.057296375161046374 0.016945852272446865 0.06643729462046777
0.059936955827515084 0.019032689645042844 0.07152442104499665
0.05788332676805696 0.016240255468159288 0.07085929116745922
0.055283979055812824 0.013083445675581774 0.07025528123727183
0.053241893014081575 0.008687648870843777 0.06985284891806638
0.05211596547610124 0.00238028144383691 0.0688853840473178
0.05105578401480161 0.0028931609475459944 0.06331231995699436
0.052565375571296494 0.009895489848752282 0.06328211587149601
0.05451477133261723 0.013902201889929015 0.06319853916873688
0.05226197907901682 0.003004932587471964 0.06156687282818199
0.054477276534185555 0.009855750860098808 0.06068602626559393
0.05544171470507874 0.0029429331720478144 0.05783490991346592
0.057539352078837404 0.009334108116781108 0.057177172322738716
0.06584603942681366 0.015833687362585842 0.055122824963818276
0.06224139586995627 0.011877685689710009 0.0547391579851046
0.08200761904544074 0.029005668281443926 0.056814211852318774
0.07633750301621947 0.022388808720414825 0.052697752534369556
0.07164330739298516 0.016781203829920037 0.05113022789212498
0.0681467016851529 0.012192616424986672 0.05060350805249241
0.06644521103031231 0.008969316058038537 0.05043946816661263
0.06382446718929657 0.0027113872857755174 0.0502683017816551
0.10000228890115688 0.034148814297279374 0.053748312184427355
0.08197050111167344 0.014275328128006118 0.04185262241802517
0.08003046442684773 0.009661890559701541 0.04149819996164262
0.07760226378813674 0.0026950381402610275 0.040950977447487574
0.1041605505153737 0.03561350822243461 0.05143469689843993
0.05176563500307232 0.02718477651533214 0.11571108211391665
0.04946855312902591 0.024180027172493398 0.1101053903967679
0.0403716118227672 0.003255899075202618 0.11368405383877035
0.03962669818393986 0.001531806247132951 0.11760415737870486
0.03705103078081049 0.00139259831131036 0.1221065576950236
0.037731654591551804 0.003207028189404535 0.1219491134121483
0.02737813781813675 0.001272648379393046 0.12863755092375412
0.02789472667693561 0.002764613558727187 0.128882590332405
0.02836333417295183 0.004345733725241819 0.12961943774363507
0.030428831344027654 0.006485850449766578 0.13054953740282751
0.036715367999043874 0.013447434703840975 0.13312315532137164
0.03938907425515797 0.014857992672525413 0.13079954501907576
0.04153354099918073 0.017575978813434354 0.12797233860974955
0.024807212638157498 0.0010509162407545257 0.13122310286248462
0.02559437248680527 0.0028111199057156712 0.13144715662922343
0.026714447787934373 0.004590981802162135 0.13174571283092112
0.02777215526199051 0.007067694028344387 0.13212269245731323
0.03565740009798714 0.014524854898884868 0.13479406172971445
0.023053553716638673 0.0011262496640287135 0.1348636968886008
0.023860915090499403 0.0028808650099801086 0.13481779630833798
0.02506362697100299 0.0049201344324003886 0.1344791619631128
0.022283279118794422 0.0012679710552269087 0.1382510226563345
0.023133749596706187 0.003058866284913705 0.13791061016365105
0.024284598011007377 0.00506635536009509 0.13730915969781365
0.023753862390712463 0.0014613583294096604 0.14219441329109014
0.024235335302438127 0.0032767327281227067 0.14144318230585115
0.025185748874549642 0.005649886779138548 0.1403558389046105
0.02593514370102745 0.0015311708103628479 0.14499126150845487
0.02600029720198904 0.00351541089407721 0.1443502281374476
0.026817708848963666 0.0058741669901530135 0.1434183685880146
0.027711182902564517 0.0016916444313495034 0.1475122128409913
0.028069236759400495 0.0038363466212043076 0.14709666377386585
0.02909385729433893 0.006414052291840673 0.14593293833302093
0.030108065390292 0.0018287124144057768 0.14974502213877072
0.03058469610861928 0.004019641427197493 0.14958438207260086
0.0318172083030885 0.0071720811092152465 0.14839142964070834
0.03393662423722873 0.009533020275182371 0.14649744884785182
0.032267967548876675 0.0020548476461760955 0.15194578829772123
0.033065324720743805 0.004345088930254161 0.15161265921873632
0.034732478804174856 0.00784797518253713 0.15017668638674364
0.03714814154755913 0.00999783587002329 0.14793171877438138
0.03436016970862377 0.0021982628077076463 0.15404282880723294
0.03540112743109758 0.004634480398264429 0.1536772032438555
0.037161570653384365 0.008092884262284907 0.1523350319351561
0.03980914021694299 0.009827012170838244 0.14986427201668837
0.049602911160168836 0.013034903761769507 0.14749616017013742
0.036669908585682656 0.00267468227382377 0.1566267171146052
0.03747958275176446 0.0050415295975991545 0.1559972184960034
0.039435876205047786 0.008357773449247317 0.1545945992715098
0.04230323797827003 0.009923261202784485 0.152356471977188
0.039107116736805406 0.002690582594783749 0.1586733312089571
0.039977959494454915 0.005254969211619467 0.15804540120641059
0.041327902355271236 0.008358537944216213 0.15644088681821208
0.044923382220036216 0.00979446125392553 0.1550058968566583
0.04148192504146742 0.00297260296879951 0.1605638206458492
0.042450423197007266 0.005592868518296274 0.16025154125746716
0.044434500347756825 0.007648885601795376 0.15909671142725829
0.04409709190153887 0.003218240886372712 0.16275576586657073
0.04534722794649914 0.005806271073069094 0.1623663653913272
0.0468855250107694 0.007669276084882153 0.16119042931769828
0.04678778344497651 0.0034714725349234633 0.16532737087059488
0.047405102100749316 0.0058125456151628995 0.16467809327954072
0.04820115596836124 0.007617118934081991 0.16393716052265686
0.04846896161297155 0.0035172588714240086 0.16774920774152424
0.04882105272731735 0.005942853733353935 0.16728373011894
0.04993447104617055 0.00868716647262509 0.16665385779858338
0.058821312517163285 0.011524649253298092 0.16572201602500725
0.04997511740416579 0.003940083357687972 0.16984338094460388
0.050612847474195706 0.0062105569044647955 0.16967426204987157
0.055599590094304784 0.02174418102864027 0.176834231252851
0.056828159462413506 0.02684397681798354 0.17651631073184798
0.05861639776682628 0.03256251441947534 0.17566533567381756
0.06053491937964396 0.03784702552846751 0.17494452524580809
0.06272834653996584 0.04167278872969002 0.17347399446575465
0.056075162635574036 0.026723678661869886 0.17839450621213518
0.05823990941380048 0.03295431541928947 0.17699066544183478
0.07258476949283481 0.05165649938370533 0.16887934443279906
0.05377397006051411 0.023393646741188948 0.1359274265235341
0.055606341209966104 0.027938403568694474 0.13072008749978734
0.05788644976682892 0.034135796327812974 0.129978440391073
0.060846944183492534 0.03941825167931358 0.13080689595443173
0.06421869574162133 0.044646847451361195 0.13232534649140773
0.0594728730495623 0.01887127965876634 0.15337270428976457
0.060475073824976085 0.02972945117549458 0.14495944144237283
0.061413833942089595 0.03293432438792101 0.14400882664084616
0.06212996613801004 0.03698337594919756 0.14399521725339184
0.06373861261419646 0.040558878491392863 0.14469514220652896
0.06634351344364653 0.04353993764917471 0.14644431885172787
0.06946158366170103 0.0462734860980677 0.1497178654186017
0.07276502511775855 0.04818667999020691 0.15500664490030164
0.07354830422260236 0.04882882596829028 0.16409225550058376
0.0711036887611001 0.047481368363695015 0.1657843790902335
0.06851906436624595 0.04488883659142995 0.1663821848452318
0.06549842109394756 0.041555260134137476 0.16690011831966228
0.0634341566499018 0.03827290541672647 0.16791427619318255
0.0627602919572133 0.034970605461360514 0.16912101033940574
0.06198687773457238 0.03121242025468461 0.17003787751110824
0.06158911497564022 0.026791653959811913 0.17073592578712374
0.062097864461178424 0.02254670914115571 0.17093028352190207
0.06248933633353888 0.019444889552260012 0.16939508778674653
0.06267973060682952 0.01720970385513428 0.16775087759322133
0.06341671524370278 0.01564477614107099 0.16647891799113568
0.06312195203201461 0.014318847916091103 0.16500547899601214
0.059416564901104 0.016116099601402204 0.1557284913119863
0.05772748607314254 0.016345374136511846 0.15201809159894922
0.05839160623636414 0.02928564443269919 0.14208090990796676
0.05983823655379957 0.03366339932315384 0.1407897763926269
0.06090297369518899 0.03828999282909363 0.14132531234542314
0.0629897327569171 0.0420800446582464 0.14261358302707647
0.06594745295915455 0.044889090593644834 0.14475732117582701
0.06914831606395633 0.047525419272396494 0.1470990900794643
0.07347201043327514 0.04984679364455316 0.1520236621515221
0.07525162668801486 0.05171768463786378 0.15793091660465342
0.0763664394764834 0.05219897798459479 0.16209192033709882
0.07489668603467461 0.0513119425103729 0.16484653459246038
0.06548117667791245 0.042734254041397524 0.1689923851985781
0.06312746834919084 0.03955323485275718 0.17020068634624713
0.06182634058554722 0.036238839852464545 0.1710772834544212
0.0608407577715905 0.03199956490312349 0.17195358039486272
0.059717271298857025 0.027117248801062803 0.17270093438690445
0.05974509453136961 0.022442582509942383 0.17305241558946932
0.05994999001724656 0.01862902166904082 0.17176465100281124
0.05982119390294279 0.015737441959822907 0.16963861319457593
0.06009700379641075 0.01362527898252019 0.16794968401875143
0.06539242641985844 0.04411714736936443 0.17107856948183842
0.06280423092256335 0.040746760174894744 0.17233509936966168
0.06102946546351784 0.03699654061048592 0.17330811185886347
0.059488366343211994 0.03227286399771363 0.1740249499580593
0.05793370406794158 0.026981505296484097 0.17458226279510372
0.057388410628375144 0.02191475613702486 0.1749222149479782
0.05760662143729341 0.01786917758880032 0.1737020792883596
0.05739605402197115 0.014416730114057108 0.17181672018367367
0.06247758758100811 0.013294704892236515 0.16317782875309986
0.058071222978343925 0.013168656184152215 0.1586719476519822
0.05727381603661043 0.028553770937591157 0.13956288902970743
0.05925073335544527 0.0338271831134482 0.13866865809519074
0.06072365923003755 0.03883239646951266 0.13946697154654353
0.06300151973556256 0.04274918717447201 0.1409085703822233
0.06580159379954072 0.04592512604558738 0.14286946459633737
0.0694539529236329 0.04905921067840255 0.14519886099747725
0.05911928959755364 0.021069375229435833 0.08284444293031584
0.05727534591529999 0.015787471032241672 0.079434611270636
0.056658004480214325 0.013137796069348399 0.07858063424699932
0.055556137214482056 0.010154247594299552 0.07798891950406137
0.054481767862217235 0.00699301158691767 0.07778031489728911
0.0530667356195433 0.0019240003856208613 0.07759428488456714
0.04813678824223273 0.020605168935407623 0.10300250289892551
0.04424355652653726 0.015214472758415408 0.10508827877235767
0.04265891343658928 0.012249843429779002 0.10583969109050508
0.041147558405117364 0.006546347761044684 0.10559893442587753
0.040712121971834936 0.003807134515406613 0.10466504349942057
0.051664618635843894 0.009962367114253018 0.08504601018591074
0.05098530686381981 0.008270643236823744 0.08438812911309268
0.06158823057277304 0.033213470923819925 0.0891711102060159
0.07014380402071675 0.03325447626737894 0.075932440596179
0.06964566108323685 0.027920559921510463 0.06520967763420105
0.07101159248143074 0.027717964001892706 0.05946638846416725
0.06676563358127238 0.025376066150720022 0.061176972788381516
0.06309931923457113 0.0160938447574759 0.08887476862776145
0.060723292219068706 0.01287864262547777 0.08691175699680974
0.05957156339961519 0.010600635499662309 0.08593768943689199
0.05838466774490763 0.008784874491160296 0.08463047567530234
0.057100983518074126 0.006448432980568354 0.08415392352961777
0.05576935274382788 0.002604280353601098 0.0835697452202241
0.0601124784 0.0204973616 0.18366012
0.0699004461 0.013754692 0.155665861
0.0692231915 0.0239351656 0.150294734
0.0693713217 0.027311059 0.14938706
0.0699687565 0.0318175154 0.148447402
0.0720264803 0.0368506471 0.148978404
0.0761491993 0.0420570621 0.154324507
0.0777561005 0.0451539438 0.159324527
0.0784376743 0.0463253906 0.163127525
0.0756409591 0.0470248931 0.165337675
0.0745446996 0.0475149657 0.169873759
0.0725314006 0.0462747515 0.173319002
0.0700250535 0.041795951 0.174735622
0.067799159 0.0375319572 0.176148132
0.0666542193 0.0340524066 0.178795146
0.0664109853 0.0296338209 0.179458601
0.0678526124 0.0244443514 0.180283102
0.06892701 0.020005988 0.17887117
0.0697497609 0.0163024835 0.175945084
0.0698209492 0.0134772489 0.172530793
0.0685052869 0.0119789938 0.169434036
0.0672337894 0.0131641454 0.157614698
0.0675649087 0.010701638 0.162747423
0.054839756209226154 0.02886969550957648 0.12689197542123934
0.038673882194914556 0.01659521321314557 0.13161281523451104
0.053695600827586905 0.00954841386387782 0.16581413936259415
0.05459701711898727 0.02185488621996415 0.17897099452456003
0.06396808977932915 0.01972668216317626 0.15360105758969117
0.06317911223935217 0.029405672184758404 0.14959228797358085
0.06394097088460292 0.03283700399424907 0.14887363215671287
0.06479347914020771 0.03614505565296583 0.14864294145593
0.06636492197078483 0.03943393047614103 0.1491320900770471
0.06956766370362172 0.042675073013145354 0.1511952769138657
0.07155135164921582 0.04503015914812518 0.1551442841790965
0.07178496035785359 0.04612551885795335 0.15936191919710466
0.07157279319308256 0.046288773561415364 0.1618673660140407
0.06996196903008486 0.045234301631140214 0.16334218356148325
0.06805484086893628 0.042968385511828126 0.16378473826983134
0.06584179648540327 0.039835139479768425 0.16405843750009813
0.06407655712545272 0.036490784519047394 0.16492326935771942
0.06264642099545305 0.03339867549704242 0.16607869367537847
0.06195798612356385 0.029526016371435974 0.16720397820478758
0.06320631088170571 0.026670919696215083 0.16732618807610963
0.06423741674834915 0.023217518113467246 0.16721753188239225
0.0644254891029802 0.020427308357639517 0.1665665963443134
0.06455723901594457 0.01832265995492122 0.1655523424871462
0.06462661865749565 0.016947862738368975 0.16453342740933874
0.0643824261976598 0.016157066262223088 0.16342508613479734
0.06063146479310917 0.018076613376399053 0.15478321995061897
0.06446688376761026 0.015866437669790876 0.16151619127844177
0.06344511607397725 0.01604036516052839 0.16013502917886924
0.05679033437297443 0.018654774608102404 0.08607458116856878
0.0548314480925911 0.013367121373774661 0.08276715672727662
0.05421105850593474 0.011090291508584602 0.08208887318288882
0.05330621555053825 0.008803212081849195 0.08148628549319152
0.05230848319556341 0.006258742039117151 0.08116759930938018
0.05154851022973828 0.0019547372197342636 0.08136454057994472
0.0694763547 0.0114192056 0.158681085
0.04185050555765019 0.016224043220212127 0.1272480162225565
0.06452188016618067 0.017785417684621573 0.15621915154273727
0.03772161599589294 0.0013316388841630672 0.09826384031786538
0.03823603724158469 0.003054936221052501 0.09861244025603198
0.03877987798484813 0.004731680985025723 0.09906319596099109
0.03953281773144686 0.0070293803907822685 0.0993308806940241
0.040485385336860885 0.009238650717579277 0.09920136971781607
0.041575420684468185 0.01111219034529103 0.09927365577611791
0.04336672629427773 0.013116904127335311 0.09851556584759985
0.04592780467171982 0.015304772758790964 0.0976252964899706
0.04883941774178668 0.018890976247359213 0.09696261432098309
0.0519771384104148 0.020478178092014267 0.09665448343875543
0.05387284241745926 0.02092177859025898 0.09494943472502766
0.0525000537191714 0.019402349661038022 0.09378394015401999
0.04987428065892507 0.016470626292647367 0.09250087637586045
0.047355350665313906 0.014038846540128644 0.0904821307546541
0.045686889456045744 0.011751623244254798 0.08912442623079075
0.04428661128323714 0.009449398592204455 0.08829194202029335
0.043059392951583446 0.007806012472605258 0.08811176999677309
0.04249820194746231 0.006118062369262431 0.08842567161480183
0.04215216420205924 0.004039852041747882 0.08959637150296446
0.04167813047878654 0.002000318648541865 0.08990239185768382
0.03918379436885884 0.0013815008811453163 0.09729337625137445
0.03953619061665072 0.002601725801956262 0.09751326749320757
0.04011942744267488 0.004410811502297709 0.0978076289171683
0.04058719717880893 0.0063811668639372765 0.0978367697960975
0.0416137883790713 0.008380322298420008 0.09778190844080734
0.042684988066946185 0.010240317405059665 0.09777326981548957
0.0444573124409053 0.012264327089741118 0.09724181503135366
0.046466753557807994 0.014513736402807117 0.09711285221378496
0.0494045378204173 0.01829855875023655 0.09665574941025933
0.05245287152665707 0.02025674019971979 0.09651510987542092
0.054135075248057114 0.021022797994757435 0.09584677476478577
0.052400090718979594 0.020023376224339955 0.09541141381597598
0.049730520083272736 0.016404391580777847 0.09451183379662378
0.04758977573440606 0.013719927179987702 0.0931395806508401
0.04557775634626204 0.01169394248011883 0.09205068172629521
0.043845403979499646 0.009641046689194322 0.09167460734425796
0.04280580173205148 0.007791329206154858 0.09151587766570751
0.042275624262895224 0.00595787946434623 0.09164283475135723
0.04213012703334546 0.004069679639636271 0.09210464964842702
0.04232331990218497 0.0020700900096130566 0.09253098145265762
0.040747709358359155 0.0013608550144758994 0.09699763845905122
0.04109273010566762 0.002577479266935492 0.09713627565342024
0.041425602949582016 0.0041568235253419085 0.09728725660801252
0.042051942996655337 0.006146052889915942 0.09719464933123446
0.04277961114112397 0.0075362608387467295 0.09719245580578346
0.04407742171383456 0.009597518332355745 0.09694094040412411
0.04558779952532983 0.011637407831281562 0.096908207052688
0.04733881734362982 0.013833779530329795 0.09699346359958995
0.05026432990932402 0.017428697891186527 0.09675758896480531
0.053187137491823126 0.02032197941263884 0.09650382350148991
0.05310970473032391 0.02017908663270344 0.09643914848272911
0.050409030769641226 0.01678352085860857 0.09628537910512007
0.04829629323213129 0.013867199118494314 0.09566175993793544
0.046613161918945344 0.011885019469567838 0.09441396043530197
0.04515052862825565 0.009782655543181858 0.09377699185524017
0.04411603085001439 0.007966617685818448 0.09360613469996214
0.043500602020065865 0.006123974245179136 0.09352635203178976
0.04300516286688249 0.004174798939219385 0.09358445498375517
0.04311381843013973 0.002106785355615848 0.0939046928213686
0.044277433591054356 0.008276981373654327 0.08494103625431271
0.045352624836591714 0.010197595326331754 0.08530708466245053
0.061890702482489866 0.03118369267701198 0.08474283267011228
0.059654774143633425 0.024111744476772078 0.07760010657614634
0.056129631867130735 0.018607632457936323 0.07423688828911311
0.05489619091222755 0.01567201143915896 0.07373553092289226
0.05384322032002593 0.012429736520012138 0.07363426065893548
0.052142882708433404 0.008807248556893764 0.0733549113984773
0.05055862601353952 0.002683016254284599 0.07279547779735636
0.046816593795690205 0.022234172179022058 0.10544509319113078
0.042325527973972536 0.016222319243933754 0.1081823131329633
0.040955254542465874 0.013316108061885226 0.10930205898775017
0.03851608481167093 0.006315613478583042 0.11101540026400947
0.038270968417355104 0.00347277638716086 0.1105566504242653
0.08395554703996258 0.06121315198956924 0.12175614286197776
0.09236150235438886 0.06551641570870727 0.1176501994047713
0.1094867019091987 0.07394522701348792 0.10962610862285618
0.11985709640158462 0.07244463488912181 0.10613590575908938
0.12685096039563634 0.07209551304653093 0.10304920932412956
0.133236772636631 0.07112419407629246 0.09973402922378231
0.08664408033207309 0.06369536212187502 0.13093941564013573
0.095707204639905 0.0666816339313432 0.12812791362925505
0.1130802852888754 0.07487072712468894 0.12150384545223301
0.12235756536971702 0.07491975605117139 0.11849249198187342
0.12922388298920234 0.07320494565458964 0.11651756188727844
0.13680117042725368 0.07242863907990796 0.11418380644995654
0.08929434416791458 0.06492449485664425 0.13973002623028594
0.09868977893524307 0.06855236360074735 0.13753464569980178
0.11600513891918775 0.07515732685524264 0.13233672169942
0.12449312371735956 0.0759203574918709 0.12962340840902775
0.13179303989654076 0.07563244182828835 0.12739973441294028
0.13930973510565378 0.07295448848938522 0.12645005115222926
0.0520850443870691 0.020744364910336405 0.18074289402453006
0.053987452380467954 0.027330426254559913 0.18054424279188444
0.05659910401563496 0.03405304504237922 0.17873812462595925
0.07249031517932085 0.05412993227990034 0.17023493675525048
0.04819096797008647 0.004605856781414704 0.1817996229763038
0.048433071628440315 0.010896456051400808 0.1824572215463509
0.049481176654562704 0.01636734591305519 0.18294155933824569
0.05667169037633918 0.03445210992424868 0.18077388431697472
0.06022714175164534 0.041680739983995005 0.17925128184583256
0.06775201201679383 0.05111656100472367 0.1791621542747384
0.07577373200678837 0.05650730171553316 0.17609637438542197
0.08434450152298767 0.059883375073237134 0.17469588514682688
0.04908320581451271 0.004395214497280955 0.18808188605364654
0.049274221255315394 0.011851095715770473 0.1888126566337805
0.050616146721551035 0.018462667658448853 0.18876471662120323
0.061432728957677575 0.04218091379968961 0.18479340063539584
0.06865343489207602 0.05095806741506621 0.18501930547025203
0.0776175774510603 0.05521783485941712 0.18400629681574335
0.08572428361582196 0.05913863474951344 0.18254108900490418
0.09422808290055787 0.06392063175690241 0.1817361207497787
0.11075794461068654 0.07173166336694377 0.17975021364371183
0.12767526274506827 0.07501442267268811 0.17869356920139118
0.1350620480162554 0.07773399532493658 0.17770189367513828
0.1431017644718112 0.07907183136339553 0.177284479270723
0.15029881276024887 0.07955561758584305 0.1767579688356593
0.051926523 0.004079976 0.197691758
0.0522793558 0.012134156 0.19799392
0.0540634628 0.020930676 0.197157282
0.0641022574 0.041418844 0.194087519
0.070459564 0.0495312842 0.194457703
0.0785189916 0.0547149066 0.194561987
0.0873490641 0.058282966 0.19408877
0.0953129297 0.0630214032 0.1940467
0.112344988 0.0714871608 0.193506073
0.13058766 0.0766836433 0.193615266
0.138107232 0.0788268369 0.194282679
0.14628789 0.0792012942 0.195062391
0.152776474 0.0811174429 0.195681735
0.07466258485378971 0.048659355333793834 0.10193097093575189
0.08523452924887927 0.05414112660658674 0.09746661544674068
0.08298733502477995 0.043335790171369355 0.06891720609029715
0.0908306020350001 0.0027043111569290206 0.034359024614904185
0.0929142486152867 0.011603593307305555 0.03505382359646253
0.04853606717883122 0.0028124826389771527 0.06497681531152588
0.05062553837510967 0.00996489645032033 0.06554624344527968
0.05323996153892566 0.014507926256435814 0.0657947302952116
0.05601554243017224 0.017627872771087915 0.06627388354842839
0.057537206241598186 0.01989224372803232 0.0706510897151381
0.05559336643515642 0.016800445724540532 0.0701588600126658
0.05375174752981787 0.01375522252280554 0.06979866197967313
0.051588762332864906 0.00942414907516539 0.06933638136905261
0.049100567943493066 0.0025701043451545314 0.0677781609873822
0.04861510867842744 0.0029084907663838445 0.06264452415650551
0.05044730481021691 0.010401381320569555 0.06253984733055991
0.053274143276268726 0.014568978983705664 0.06254704826919284
0.049988174013358026 0.003112242565604141 0.05955800332661827
0.05157000854974976 0.010486299660484904 0.05918247358918056
0.05242408919905441 0.0032450643209729142 0.054800337024125935
0.05464730879767747 0.010389856567476626 0.05437150200907063
0.08781157209965344 0.002928283813983188 0.034981258494632156
0.08900337569130924 0.011710498514911752 0.03514753175917609
0.07982042943790713 0.03132103708586488 0.05402547033329855
0.07500235834652388 0.024339178325272846 0.05037903124618008
0.06985682011459232 0.018034819509389174 0.048838648177211695
0.06597095184544656 0.013047830545702901 0.04874981067000807
0.06424426277214759 0.009810136085412811 0.04820789365802167
0.061523255214041804 0.0029298301800611266 0.047746515230076274
0.09791467707762966 0.03729464860292992 0.048934866048390556
0.08095337715394146 0.015266098016160455 0.039687546498394975
0.07906301293138586 0.010347439262972684 0.03947272624749549
0.07702689311848125 0.0027124395071838107 0.038780126431196736
0.10196755423208792 0.03865996806177953 0.04630386707435965
0.05086149353149286 0.027594858077120102 0.11529749627119804
0.04816315824967724 0.024187029208003828 0.10971303235327168
0.037922040886183735 0.003464509582356698 0.11450561043776097
0.03777970554956608 0.0017129671702194433 0.11768810253980597
0.0358694981245094 0.0013485372031601037 0.12135706122563181
0.03602883881559444 0.003115115166096378 0.12170440934048701
0.026543797237083142 0.0013572120555253812 0.12716247878776696
0.02687892900115776 0.002898840750149024 0.12744557451428729
0.02713336979280018 0.00452149973216842 0.12799239183533728
0.028256713120049282 0.007077104518597633 0.12895609384694273
0.035870864437698054 0.013929506821309563 0.1321065714341035
0.03862627257903381 0.01525949735072331 0.13006029726525573
0.04080474756491505 0.018456479780914296 0.12768343319105432
0.023464971158545195 0.001405832278041071 0.12990911517487194
0.02358815668255392 0.0032349272582944083 0.1299482102134592
0.023811742455674176 0.005646299482846082 0.12986944134748152
0.024927997172932422 0.008274198584683123 0.13010702475192173
0.03405812495400483 0.015261412540924797 0.13341838715377966
0.02133740981957235 0.0014503217325827786 0.13423214951263648
0.021469376904521515 0.003376999890569009 0.13415550433817372
0.021813484777517215 0.0057818486717302634 0.1339075622978442
0.020536874066676578 0.0016055870020754079 0.13840031860490712
0.020694410035999432 0.003554389553466697 0.13823056126620395
0.02140217831012855 0.006025217307691916 0.13755394553262548
0.022353925738944368 0.0016744157391530318 0.14264852160532535
0.02199441488910096 0.0038192609615675904 0.14213513378297934
0.022376509011496647 0.0063771417044276 0.14119770568747736
0.02472547963746086 0.0017441112177103532 0.14565632371915815
0.02457557987352017 0.004112482438796835 0.14497147915277228
0.024662478754826134 0.0066720244039056315 0.1441558780362624
0.026301988975262133 0.001826163361606739 0.14808674226407742
0.026557183122758364 0.004382224934099528 0.14757585125570744
0.027696567461915195 0.006881448459718517 0.1464913399867062
0.028915459472923382 0.0019756357252585645 0.15046061742184375
0.029365900525575545 0.004598150818561686 0.15018833038080318
0.03060255038088753 0.007555087441760958 0.1488453413961835
0.03314959740957221 0.010225736859317788 0.1468039449924467
0.03115269559933243 0.002232382751247388 0.1526624921459991
0.03177089158147227 0.004987160137131381 0.1521854979345447
0.033284568726347843 0.008018431215032961 0.15051290102430848
0.03621562123239098 0.010594063335531617 0.14805143171128932
0.03314913425575196 0.0025177618412411226 0.15475416327609212
0.03405020779622223 0.005197368435633143 0.15397398682508026
0.035765681772256766 0.008421166300777133 0.15230922208796663
0.0387585978618576 0.010682190045638121 0.1499883886562067
0.04637710665263276 0.014825468433685603 0.14564107574279941
0.03526586359055695 0.0029411822722352787 0.1571461595392567
0.03594434333805135 0.005705245788007277 0.156155702953263
0.03807431947616239 0.008807643669978864 0.1543373848880345
0.041190486936841395 0.010636111856741902 0.15235493554228882
0.03739430198461062 0.0033211189938724514 0.15928427704794582
0.03805605661785316 0.0059968382412389585 0.15826114276653502
0.040481319354347386 0.008815249175272526 0.15643852080112067
0.043900968199011896 0.010439872651507658 0.15500236959660757
0.0395400599119493 0.003672852150202034 0.16122546694060164
0.04029611620152265 0.006322289432567593 0.16061726022173026
0.04284073226880604 0.008791172220117287 0.15926063006636015
0.04146738488010815 0.00361902139356434 0.1627649421474392
0.042332236607097555 0.006295710262610704 0.16226517248395
0.04441070608437043 0.008185386182626549 0.16117190228277867
0.04427807176689936 0.0036409575813851507 0.1650456774091174
0.04511862540046961 0.006100708142368467 0.16442789601054225
0.04717924446359084 0.007852381915440387 0.16371623428733745
0.046492970258039126 0.0036560462652129033 0.16751092390430883
0.047018034726334375 0.00615480363999558 0.16700656999344315
0.04856374271312936 0.008518338613357466 0.16621188738460355
0.05743010940709991 0.011551250160314776 0.1656254439260385
0.04858438608928238 0.004159328643731838 0.16989461674242992
0.04924706746481736 0.006709510279046791 0.16975417277177524
0.054568868646125 0.022418871447006813 0.17693779652808606
0.05585539374232232 0.02772154843788594 0.17651123953091893
0.057596153190779244 0.033576188049974524 0.17563631976815597
0.05948569558075178 0.038923023945713384 0.17477897128635017
0.06179086248613004 0.04350865013538254 0.1738988776739586
0.055007974105332674 0.027584868104666996 0.17841073444862274
0.057194529066442304 0.0339698849354842 0.17700955703304
0.07151644753725228 0.05305088567159374 0.16866588288385526
0.05343418855618724 0.023706911576444292 0.13604001709862446
0.055191860777801645 0.028373582356446454 0.130574764939028
0.05725653171793925 0.03466070886174038 0.12941320473700127
0.060056654636973184 0.040189184701095504 0.12984501367595835
0.0637142137752997 0.045909251295400785 0.1314459035565143
0.05864652830866466 0.019291515607333373 0.15279204179295566
0.059783490756275585 0.03020079573202075 0.14446943022257272
0.06076081521511777 0.03362787640369333 0.14355121645082916
0.061469923318795285 0.03772272888055023 0.1436502730098097
0.06312932118037447 0.04142537715872403 0.14446530434524532
0.06600619108051832 0.04445969358885599 0.14646195178304292
0.06892260049052727 0.04677378001300653 0.14997272309047352
0.07186545967707558 0.04890829149831713 0.15503856313139452
0.07281412764092327 0.05009270366189714 0.1640721886918026
0.07018187556405477 0.04883843163718582 0.1656664399802727
0.06768964765988886 0.04616673585139134 0.16625917209936858
0.06471395358715631 0.04266064735811074 0.16684243742601892
0.06278908348227935 0.03923508524831833 0.1679402496113998
0.06194908100800034 0.03603441312627906 0.16906188629103702
0.06122984441040875 0.03222590161471772 0.17000854032489784
0.060782122613465724 0.027702375840407828 0.17071993406786037
0.06120879305850762 0.023282439224600254 0.17099823754589313
0.06164108556067236 0.01999076884157993 0.16956250454282892
0.06172971772135364 0.017684323082748105 0.1678469074120992
0.06266036648642126 0.016198923996381707 0.16653284328294374
0.062177869882429904 0.014858676269431822 0.16509611881509048
0.05766204453448919 0.01617385440090702 0.15455062249141083
0.05662709884611727 0.016829036168363024 0.15116091693513406
0.05775465380682528 0.029786613867189435 0.14147236021705345
0.0590571673228299 0.03428422756563 0.14020225790865135
0.0607362683231067 0.03845176069522826 0.14101627710135828
0.06269781436867253 0.04238202461354241 0.14239796947554437
0.06538823992882876 0.04578608364879618 0.14450905604058867
0.06846444569835226 0.04815171876842137 0.14732891821019267
0.07216922759631747 0.050314505773506046 0.15147418097915077
0.07446930195043025 0.05229411353874609 0.1577076371495752
0.0753694939274141 0.05286754902842711 0.1622058323048312
0.07430891619106272 0.05240630086616317 0.16470577059669061
0.06468140828832954 0.0438478163879399 0.16890939802911206
0.06251640752899068 0.0404614951539941 0.17010828874903475
0.0609982996372172 0.03729295576735524 0.1710040188970132
0.05995650390900927 0.03306204553168231 0.17191538559748107
0.05889081960323234 0.028039615517467146 0.17269457782565126
0.05887278413561253 0.023176019283433925 0.17315292778701538
0.05943026847465655 0.019195139144366838 0.1717971249415921
0.05894890703154175 0.01611939241831466 0.1698904110468989
0.0590292850902153 0.013825249063571304 0.168117472911312
0.06424045158495377 0.045450532531832066 0.1710285667036484
0.06177691866195584 0.04205467315827945 0.17219849197270076
0.06001597227263384 0.038085457662425395 0.17319708831383596
0.058507409091088806 0.03330716801664745 0.17396454497648545
0.057056471535078035 0.027884648643273818 0.17456660600344379
0.056367775551345985 0.022658637798703522 0.17495094520877838
0.05669102853069711 0.018389130943754817 0.17399270647719547
0.0564631616540954 0.014866416042351028 0.17217433496591675
0.06117003179915605 0.013667608793543357 0.16294706866334785
0.05652253113849291 0.013234536164279343 0.15813361575726753
0.05670940920064981 0.028963258369930772 0.13907446481433575
0.058524594218912505 0.034447435739455835 0.13807206842576097
0.06050866794127894 0.039087376022512055 0.13907211123557423
0.06259802811945611 0.043247906025025123 0.14057900337534537
0.0652480486845893 0.04686734150972578 0.14253971318415215
0.06872399802017291 0.05010124269798097 0.14503693254139136
0.05783121933065599 0.021912921071367965 0.0815581215594714
0.053698606802261746 0.016585164250212683 0.07774162704719251
0.05262575570914601 0.013953698305358343 0.07700607265326036
0.05234494877825696 0.011112244144689481 0.07684341030228842
0.050995054167754315 0.00813805504293741 0.07643603479518915
0.05061310776369881 0.0027310622000273435 0.0762657966677689
0.04640549722901773 0.020287030134506143 0.10285258989656876
0.042050072711132154 0.015102364754139525 0.1053647954109785
0.0406487287062108 0.012249919165205018 0.10656199711625108
0.03848700339026661 0.007327692071944209 0.10733686906350413
0.03790276527952329 0.004409483241745894 0.10505482295764758
0.04777603562172904 0.010723143639642621 0.0830932074902061
0.046439485844733175 0.008855032025007049 0.08252179177871735
0.060473639665987566 0.03380771050634424 0.08806939072912305
0.06856469113946656 0.0347331309743201 0.07397355834119956
0.06735565083557636 0.029195649858918832 0.06351511876761533
0.06933113128596508 0.02899076005521223 0.05781939588135774
0.06491581917790393 0.02642159408353378 0.060276590012363455
0.0544050451724961 0.029121538199694277 0.1267205207141023
0.03768317043603337 0.017499212142442516 0.13114280146047436
0.05195068844984972 0.00986522700729482 0.16564909671322228
0.053481621159022906 0.022526175488502168 0.17909615744264137
0.06226121069561062 0.020673738672609472 0.1539278630562866
0.06317022311513464 0.030042052419398908 0.1494746848744565
0.06362803430082076 0.03353995312399907 0.1487701657358203
0.06433704782905109 0.036979266753716204 0.1486775278164199
0.06606075058360387 0.04030933842842229 0.14930787855301336
0.069282953620784 0.04360815099090052 0.15149203825161822
0.07093010289117889 0.04579995605730337 0.15537474334869003
0.07146551292771193 0.04724418049528689 0.15956657601659405
0.07122117980731521 0.047358472159556866 0.1620922431936356
0.06926158469937445 0.04647894416303457 0.16333266466618054
0.06727742550523784 0.04422169862054257 0.16372804542353692
0.0651183982357616 0.040978281537539456 0.164052372018814
0.06328784788157195 0.03760981397472769 0.1648918658507632
0.06200697950636905 0.03439096451043351 0.16598945462923861
0.061308625095040765 0.03027481057868004 0.16718454091247362
0.06242398594210359 0.02755630037400638 0.16728290749666833
0.06325054626386842 0.024044536772317503 0.16716899672966015
0.06378395173581136 0.02105271111613792 0.1665830330796566
0.06398639569183937 0.018936899621491324 0.16560774669415076
0.06408564466042668 0.01759389104005289 0.16473030189583762
0.06382575506044713 0.016799884443843463 0.1636768987709037
0.05935712474273031 0.01860765393535404 0.15441416321457863
0.0637760845758408 0.016661428739866264 0.16181316028209097
0.062223404559337774 0.016473359907821797 0.15986261591020812
0.05418107365477104 0.020183237833082353 0.08459518014336609
0.05129145854533939 0.014578012858704859 0.08068918844015718
0.05014929917550514 0.012142873487763842 0.07995559967783475
0.04926217330913231 0.009934620047324268 0.07937057043229831
0.04903684205446418 0.007352217954118193 0.07949613163845017
0.048066578165335244 0.0024779249283805615 0.07997768514248564
0.041440385698322015 0.01659527919073721 0.12670866823594493
0.06313497613397656 0.018945569803886463 0.15671144788861657
0.09853924705443246 0.030743936414862092 0.04370520264563968
0.10115953790268857 0.028380818748975523 0.04927751791168825
0.105709351 0.0227247095 0.0641484429
0.11987203928421461 0.05307148948205991 0.06399151299508364
0.11934371537716926 0.05598779616394926 0.06283271920866108
0.09741447056930318 0.02377713420816892 0.038824561810339754
0.10111528763809123 0.0302716891274607 0.042157789024281474
0.11471292550282619 0.050239362184274106 0.05620949912977338
0.10104729820279593 0.021056332264417124 0.04379520852484147
0.10548084493235757 0.02842339255354683 0.046928399956165656
0.11594144507622033 0.04731033781941135 0.05784155061443379
0.10917552894978133 0.034291037257203366 0.05040594485880487
0.10535298637305675 0.038357885201007566 0.04514816708097967
0.109094856 0.0177499979 0.0573265062
0.111284596 0.0226131838 0.0599013136
0.1132167 0.0271440924 0.0620525799
0.1041303447158892 0.0027840749730357684 0.03154646009801476
0.10558746230814815 0.01030108507563253 0.032266701681134616
0.10819364521142717 0.014513595125263923 0.03221305978757644
0.10914144655032718 0.020671220877213892 0.03209657030948249
0.1083716183003506 0.029784122495330294 0.033837033624007126
0.11226122309104068 0.037398088465777114 0.03735881387915427
0.12100424534864312 0.05121057392708043 0.046659862137649395
0.1276073751633915 0.05682493788685819 0.0543148952733234
0.10645232057108249 0.0028694730841188044 0.03349767983444254
0.10719906353878565 0.00968372335161723 0.03359240479621815
0.10949914157859375 0.0144935077193506 0.034209060438626294
0.10940437767911573 0.020690640516578127 0.03383325905166358
0.11070950722611736 0.028848231701020213 0.03518621776323226
0.11474441298157272 0.03626615009616611 0.03826355490346348
0.12333110836830342 0.04938117946154786 0.04701706484248053
0.12875811434957224 0.05571651666221262 0.054066821164309796
0.112707803 0.00345619488 0.0375315924
0.112731086 0.0101689662 0.0380310287
0.114231206 0.014356434 0.0385360905
0.11594587 0.0192409865 0.0393644417
0.116974997 0.0268172452 0.0413490399
0.119693886 0.0334390198 0.0429918746
0.127291199 0.04538714 0.0480401271
0.130691863 0.0511600729 0.0548908598
0.0885083246596888 0.002577943679876442 0.037533213483149655
0.09041396559734614 0.010363467057978679 0.03867600734732566
0.08709364249953204 0.014919324701050509 0.040027563016641995
0.10524690615202902 0.06296178792191946 0.08438791980481769
0.10547472314079435 0.06037392967628682 0.08502320371656204
0.09135818672196602 0.020754192931953307 0.04520923319487378
0.08957465010069018 0.023329544202416855 0.04071503403265583
0.08600167012687403 0.016226143530007838 0.036870987215487254
0.0834809875849401 0.0026223041098349478 0.03826646862070992
0.08339872808169362 0.0026983632663333894 0.036147556782431096
0.08549337429787426 0.010075065342918183 0.038996702505485786
0.08420375195321 0.011049705319806574 0.03629245414905692
0.09498531973175413 0.03243400064305786 0.05501827860709308
0.09282220634788532 0.03566072372327316 0.050294197094542185
0.09090767055027824 0.026371576951708626 0.051278310137280916
0.08817246901763078 0.028946036071584993 0.04483163153486259
0.08676193834282948 0.045582150394249725 0.06690149185703093
0.08955538518462418 0.04319218168634261 0.0692461950972576
0.08359226973658637 0.03329478728410204 0.05196289402610867
0.088080202252951 0.034479350191105006 0.050872893400915754
0.08569118495329081 0.030400788297859426 0.05567093919674164
0.0898420649293664 0.03151374962491104 0.055195453437638736
0.09114744055674628 0.046940337792727486 0.06546821754195174
0.09537850074911265 0.0482878126978479 0.06372162728742939
0.09338506521307062 0.04404881319697613 0.0676886789898368
0.09717667497386025 0.04516167417784764 0.06611858346331403
0.07935592277144744 0.02568670924536166 0.048053644324552953
0.08352889671757402 0.02761132899450545 0.04568691115082539
0.08156898909125487 0.023391229744465225 0.05170125937638927
0.08603082087988594 0.025128848172417746 0.05106569438451362
0.07472985127930945 0.019036313481167248 0.046585483595998754
0.07940076920909399 0.020739857311596624 0.04381193048578431
0.07651801029686227 0.01756005349871613 0.04927144664357406
0.08140873909607067 0.0187258645019986 0.0473348731599042
0.07050313990940776 0.013335256330727014 0.04628608561666669
0.07547655896185164 0.014114770988294808 0.04305666646648534
0.07251473284013256 0.012743194032334202 0.047768948724881126
0.07704707088208516 0.013340816974233857 0.04483486838458268
0.06874154030002803 0.009809477117730269 0.045942633227868054
0.07351759272389785 0.01007949875287124 0.04276519697362493
0.07072881755997942 0.009225670847658804 0.04761486125929854
0.07511604709730219 0.00948811586488318 0.04453749522095649
0.06703511435651732 0.002772310926594193 0.04561357628473375
0.07141999901498383 0.002819543008217755 0.04262969922813915
0.06837642189809541 0.0025355918936706963 0.04726250115723279
0.07266602611781908 0.0025066350388122335 0.0444893473673757
0.1245984008319981 0.05608454060850476 0.07637627474511287
0.11966255305658083 0.058419666882551596 0.07853631377393683
0.11273922014203029 0.060365683551191325 0.08161974888999891
0.12423278637934548 0.06316607783697628 0.07419322046887453
0.1192415849999542 0.06278552963695064 0.0773014805563863
0.11273382420252226 0.06338192807647168 0.0805545939118049
0.08624512372237876 0.05867619444866318 0.14123740249335975
0.08230810336567813 0.05888263731272127 0.13379564914500786
0.08441106687547595 0.06267952313775711 0.140641444013959
0.08118033212103545 0.06197869673402553 0.13242680514955438
0.07936047847686693 0.056508538912489574 0.12512552862579973
0.0783565656204052 0.05874067332090424 0.12429877424189435
0.0917756709 0.0530355584 0.145395704
0.091198758 0.0485064152 0.135794694
0.0886135892 0.0443430515 0.128988722
0.07473834761313541 0.053534471138015266 0.14716636621633397
0.07368543496588267 0.05454074490735631 0.14694210292405868
0.07962745829902956 0.057480445075779554 0.15150269869445354
0.08035473341113539 0.05630114993853021 0.15181228177504874
0.07568323491410628 0.05627635544274052 0.14536860776312863
0.07634212518445707 0.05473067928899141 0.1455177816421894
0.08208019733008859 0.058185379406359324 0.1593365247762012
0.0829009773843627 0.057194699166844436 0.15933105755360508
0.07745473658391613 0.056271151558560044 0.15305103895335195
0.07828964856159348 0.05548619228734499 0.15323951168889538
0.09427963182304867 0.05929761226529548 0.09141313057470996
0.09956609074984459 0.061042882072619126 0.08829436193913505
0.09696368928026307 0.06808777324471292 0.11526962062016005
0.10241053775030631 0.0713814524774028 0.11255311883539636
0.10031661763680381 0.0691610581702581 0.12624879743256973
0.10534443292482512 0.07286191738837858 0.12422110695102474
0.10328301303624184 0.07074137279818854 0.1362777150230783
0.10817954698587802 0.07394341571300338 0.13475172727269977
0.10022768685852723 0.05891270514086684 0.08850887261507648
0.0951068409099425 0.057418852800806094 0.09178557077034769
0.10357152445505785 0.06836438957612834 0.11328483828845144
0.09842049190273984 0.06592507714292042 0.11564042893487374
0.10604533136683758 0.07011190203995411 0.12517456236906777
0.10103910276086223 0.06720504747401983 0.1270556646732354
0.10885324412537739 0.07108420461350741 0.1355358512196514
0.10361275016322909 0.06862378183306464 0.13702686572652248
0.11604227309191333 0.07268419380336419 0.17945155009902233
0.12180336951493045 0.07410484895122514 0.17903012573721563
0.11650680606067836 0.07106736633640923 0.18031905405185497
0.12195585243815026 0.07283561937723813 0.17981046031370024
0.09478074416880067 0.06453434297200533 0.13933046230499965
0.09388540892559055 0.06673789691856992 0.1387152468072499
0.09199862739908102 0.06319418134942668 0.1301703406108841
0.09118328143908085 0.06497999818404822 0.12959644407080706
0.08921894830705754 0.061325461293732966 0.1202833812577546
0.08826431679386822 0.0631155677138225 0.11974622188497175
0.08091227310844093 0.050359601260249374 0.10020621505043069
0.08063500096580498 0.051567734185026276 0.09975375532070059
0.0995719553138746 0.0672069321429667 0.18079720403041022
0.10507056159540175 0.07007650095256211 0.18014215320453542
0.100549515 0.0661152164 0.193806999
0.106434941 0.0687339325 0.193603114
0.117944037 0.0731095366 0.193466301
0.124171245 0.074578448 0.193308125
0.101319931 0.0651860893 0.194173689
0.107107971 0.0675507616 0.193902823
0.118330185 0.0709492306 0.193944896
0.124408991 0.0727700344 0.193885301
0.1004020246309139 0.06459194241187281 0.1815474631983914
0.10575136858470453 0.0672197764539344 0.18140751801233926
0.09047369438678583 0.05899432565878151 0.18281943390042163
0.0896801091209864 0.0615777099341266 0.18239922593757116
0.08230654356168751 0.05527916935793981 0.18220897435272335
0.08071692199277541 0.05575985812977564 0.1747152609295298
0.08184386967530699 0.05699848535644699 0.182404237983042
0.08012890810042607 0.05725895829078316 0.17483265077189827
0.07832447519822057 0.0554117203009124 0.1655089984185063
0.0774320265049664 0.05641368835482989 0.16530616068771795
0.0723335413601083 0.052507854748082894 0.17748440733913423
0.07087746585467157 0.05175301204136698 0.17529511567219344
0.07165120068991196 0.05381165514644085 0.1776280389329426
0.06996478438460108 0.052862243847319995 0.17490404322858907
0.07390523834338654 0.051779091328434494 0.1840960629567714
0.07319064127911322 0.05301686887669437 0.1843900137637842
0.06580097092101911 0.045824948404332586 0.1845593832775252
0.0650159541744357 0.04613047570827068 0.18044078135078317
0.06467785240858505 0.047390594664204935 0.18492977127532972
0.06253150864907506 0.04801138146140615 0.17914473557150906
0.06428684929463016 0.04501266628150267 0.17790223611444764
0.062405999305410305 0.046653944275306766 0.17690796957468324
0.055028599337898346 0.032666524439271316 0.18673255944565118
0.056743400023123544 0.03132246169583128 0.18632501620356404
0.0579074238 0.0261303027 0.195433057
0.0567394266 0.0269555816 0.195991766
0.0631089236 0.0356515702 0.193717151
0.0618023248 0.0368996185 0.194415476
0.0678369232 0.0447339104 0.19365821
0.0668810604 0.0459508885 0.194294179
0.0752830515 0.0507657232 0.193762686
0.0746472989 0.0519346249 0.194407402
0.0833377727 0.0552134163 0.193714467
0.0829064075 0.0565160704 0.194359518
0.0919173196 0.0584684754 0.194614513
0.0912822442 0.0598907437 0.194134543
0.051584877759298896 0.02418375823134638 0.10137083902021463
0.05238827490801636 0.022194498445894464 0.09940132545816141
0.05065803078263427 0.02455031450744466 0.1007745329218897
0.051823352703664664 0.021902688304693246 0.0982887640773093
0.05424966286890626 0.02241716278375501 0.09685365688064192
0.05420581467363946 0.02313575131296127 0.09764282323834335
0.054402464624719496 0.021056402950817343 0.0940863152198815
0.053755221609343755 0.01987855220049951 0.09052390134658041
0.05578061410273826 0.018426615028934897 0.09047603210659055
0.056422870140297635 0.020329523458996364 0.09402707020074896
0.05804251271231175 0.020614613917433765 0.0880027735768062
0.05648008481962065 0.022100561323437202 0.08746554515784916
0.059273272355278385 0.022051845953308342 0.09011599105308439
0.0577213695566 0.02065438004950463 0.0930086954112405
0.05804768979866331 0.023071894468952414 0.09053240114464436
0.05532207103595274 0.021416604654446447 0.09331926271487502
0.04967887595056109 0.02254201399851469 0.10204742152320177
0.050862761364589185 0.020128806336527336 0.09977793224895458
0.048663537884647494 0.022751288254930505 0.10150503073345031
0.049179371762734736 0.020268766611809826 0.09851736096747495
0.05287348544499085 0.02515487449556349 0.10108182616080397
0.05350924087621571 0.023937566776817784 0.09888145944238183
0.05203364532917104 0.025388360808825346 0.10045887238207983
0.05225785969109401 0.0239199766553508 0.09830096233678616
0.05453225254772094 0.0214599466452606 0.0966840256747338
0.054972584109065824 0.020069888839266598 0.09786358560134507
0.054571443433353024 0.022036083260306837 0.09664055224623923
0.05464213396675741 0.02179050194478535 0.09676796203974411
0.056370122407157386 0.022358527475609773 0.09623112109399407
0.05459302943377429 0.02314407601501951 0.09624717172732147
0.05463290734040017 0.022916673803250513 0.09686297065842722
0.055526664721877 0.022335181443048146 0.09730058003979933
0.05676239633545476 0.0224532128420527 0.09553489006755353
0.05467546142257527 0.023301084245281357 0.09575247177157169
0.05525475674496312 0.023451925118217618 0.09528426186730538
0.05746548127950379 0.02238380889123258 0.09502147776506574
0.04972311408094004 0.015333976149051649 0.08681251917899838
0.05345718477580215 0.013791800591121766 0.08699344510340418
0.058272053283546746 0.012639851239127451 0.08956957285775298
0.06238761201062506 0.015384801466291469 0.09156687355905697
0.05521625041952757 0.00434943838403794 0.08567465125872581
0.05002959404778188 0.004185789761937921 0.084246844122486
0.04543524987189901 0.004445451273213075 0.08315696230007992
0.043241454431674736 0.015207742910748109 0.10102665579662487
0.04614922671718988 0.015351214993167283 0.10102389814164384
0.04973466073933241 0.01525899167796826 0.10311310817648596
0.046124418176654546 0.017536744405431907 0.10462806451467345
0.04363356431805718 0.017525672577597434 0.10499114299616666
0.0550098805857225 0.014441483861271781 0.10747900829664482
0.044767344941522305 0.019325453371139674 0.10714101720013422
0.045906176152183384 0.019425647076216288 0.10745879861049495
0.05555932662438553 0.015467662232406844 0.10997637254627765
0.04451094969299056 0.014250059291975705 0.10280853594225055
0.046138517411539334 0.016418026705944007 0.10246787345591661
0.04166961524307582 0.014164525048943858 0.10377275360737964
0.043284346239663186 0.016390569875563376 0.10256473666363725
0.04876380945006408 0.013974780033783168 0.10424194269280128
0.04991395081243458 0.015987629654566102 0.10429269162529678
0.048553698189819534 0.01950412101965273 0.10140407500838478
0.04615139498462409 0.01884782081748141 0.1012575533450794
0.051753620319124206 0.01800983214077779 0.10364291139533355
0.03915586242466223 0.009086903479192944 0.1029026061426675
0.04207346151435968 0.008684183969641476 0.10279757474929213
0.04581457918997695 0.008372146275074897 0.10267803730744406
0.04002299052175649 0.011621006192524477 0.10486531021871152
0.04285311667761453 0.011702938092657874 0.10387567055934116
0.04716294795093863 0.011334058992334152 0.10433693248610612
0.04611386558857184 0.020990292673913225 0.11110144351804269
0.047299108690240795 0.02114868281359054 0.11168903941586154
0.0571079369089878 0.01700153980594214 0.11475662981644619
0.041816235899825666 0.00932501546638157 0.10611045072934475
0.03922516987845919 0.00993579995086649 0.10703224123423334
0.05063076488928698 0.008257151520519725 0.10651261016666581
0.04584032087267028 0.008320517999445401 0.10387609475967369
0.041947068346021264 0.00906115905371531 0.10443715772794317
0.045355567961271034 0.005020189794867953 0.10353916374507584
0.04115157032293456 0.006340667867556819 0.10412204043644972
0.03931248511446083 0.009876376195783515 0.10527463637976898
0.03806320796943259 0.007351008416488533 0.10514536429880661
0.04132220300095017 0.008893826020077242 0.11009590770473887
0.03956298269752088 0.009946718037232344 0.1100195469581754
0.05166111028362052 0.008393961441154875 0.10959293758261048
0.041653584213544564 0.009285705251915785 0.11340743110441898
0.03990648754477064 0.009848518176026062 0.11371486359334303
0.05226779714077519 0.008294245383021459 0.11270282707852068
0.04913753453259693 0.00558719841289613 0.10417016159698061
0.048980917097089634 0.005428296566329199 0.10303477389629996
0.04873175636798425 0.004339007889979778 0.10179660882348673
0.048633594435680216 0.0037972894425459193 0.10094038654810512
0.04715087526653256 0.0039774811638235 0.09894323002280302
0.05040456636588409 0.008050716596611867 0.1051195115324737
0.05023480544211776 0.007808596678347963 0.10381738814184965
0.05001299245826483 0.007535255985909846 0.10288308520996559
0.04956768290769003 0.006967054163281553 0.10183889986458515
0.048166735877019494 0.006370693199169718 0.09965180135412154
0.04950643584590111 0.008087154074077571 0.10066122568935834
0.051678397216188804 0.010175638999483672 0.10597775922781892
0.051439864374048114 0.009836736895561802 0.10473656179591083
0.05106378512486944 0.009477187929002652 0.10359708345749208
0.05082580856563852 0.008962899008220363 0.10274724354583267
0.050555152389932606 0.009797832888549084 0.10119887463913141
0.05310460487726846 0.01270004411001725 0.10646421134722182
0.05269188699334824 0.012211967529268628 0.10538321572570353
0.05240620212069554 0.01162681676941051 0.10434383841406378
0.052026581129575325 0.011098755981713853 0.10338716807728458
0.05253762929499086 0.01181997456053465 0.10205994412345003
0.0547097646004062 0.01437716134075122 0.10635178643136874
0.0543129429455134 0.013962244292345058 0.10553716462308685
0.053773829483635904 0.01337238520644415 0.10483916112317518
0.053435425647269406 0.0128388522245089 0.103996458200881
0.05433475865785664 0.014071441288996612 0.10275949860653848
0.05584777586798693 0.01584023168119934 0.10590456877028243
0.05553238189267094 0.01553563128679858 0.10502995427518519
0.05535133437928747 0.01519725582052875 0.10450550464240278
0.05503185595702265 0.01482448812951593 0.10417724851075107
0.0563996921430901 0.016528420086759515 0.10826243256067158
0.05538181741028985 0.014878163742625728 0.10834919962342568
0.053610472391993985 0.012908160756383137 0.10902447914300603
0.05193040508997265 0.010634569771731984 0.10801036075725157
0.050942500059083774 0.008199904468597648 0.10757765686399784
0.049774643514237174 0.006071063232007662 0.1067404687620098
0.04909840619444308 0.004243567054098244 0.10610994329125324
0.04100644856270866 0.003627747721727771 0.10264199700690689
0.03751875352353142 0.003863651815380596 0.10327673876909728
0.04424259621253117 0.0024929634091864963 0.10212092914860059
0.04411501461771073 0.002532424366912671 0.10057771686144494
0.04406687136345211 0.002514255778548444 0.09937974847200404
0.04403686299921339 0.002570334372834983 0.09811711227372208
0.04399992098202838 0.0024533945598985488 0.09682423072952702
0.04440692665113355 0.0025935785028923736 0.10332493557452085
0.04021324205661193 0.001429905777489721 0.11366934334591876
0.04055375934460044 0.0014263809389914964 0.1099518453212423
0.03810258494761666 0.0015541852065757392 0.11465018543646889
0.03848085016701449 0.001953575732054993 0.11015545330259224
0.05084894475176568 0.0016594884387562292 0.11158293957629864
0.04984038494842456 0.0019285267081008682 0.10848496345712752
0.040660569223775464 0.001706112949352798 0.1044304814366345
0.037733766120115725 0.00214233670543118 0.10500690807463914
0.04920328674391621 0.0018906764593070405 0.1057307461451752
0.048892647440908196 0.0017988981859712897 0.10453160326176152
0.040747716515646196 0.0015417201246650705 0.10183178220709964
0.03721571822899384 0.0019780875427403777 0.10287556736135675
0.040622048489119406 0.0014209994456231049 0.10089749517238913
0.03668537741915794 0.001645527036334469 0.10124390134218383
0.04480351774662907 9.548155791313372E-4 0.1031418949208637
0.04462488198452957 9.357309946780753E-4 0.1019736638528045
0.044435185492578404 9.356400852188078E-4 0.1003419090698479
0.04436159168214937 0.0010494073725354632 0.09914051163713135
0.04395005336773385 0.0011240949902333488 0.09799124295221057
0.04352088509674219 0.0012005700860854228 0.09674771260488814
0.048391938092904305 0.002584342810703024 0.10001465494920861
0.04877584770166565 0.0037176082611576878 0.10356322726700266
0.04860308864030003 0.002941846475553693 0.1021857299702502
0.048524163545881537 0.0027446663818626693 0.10122106525860378
0.04651062969426487 0.0024912868475958413 0.09834084667712868
0.04809367585597385 0.0014124043296629002 0.09926975557351897
0.04860954274572441 0.001779719599705015 0.10346783657257072
0.048359723140881807 0.0016371497807140221 0.10180701266790852
0.0482907631574677 0.0015216864182491532 0.10069250916016222
0.04605835571164292 0.0012510886405005845 0.09732806984241923
0.05717666909733695 0.018251348562552904 0.09745506341514923
0.05994015543881266 0.017360260555939474 0.09530617768331028
0.0558876672052831 0.018911868983258032 0.0986089346050315
0.06252396329330952 0.017120114238669014 0.09392306719621131
0.06385454075309706 0.017490324073773798 0.09284464487777624
0.05558472531094457 0.016234940226269357 0.08406948273420807
0.052480841462928585 0.017349937236828473 0.08221929578085668
0.05173047398038242 0.004093156750718096 0.08113818555570775
0.04875796306855436 0.004994900856969361 0.07977674330821406
0.061840073025943854 0.014706437180775028 0.08786192406258744
0.06417895925138632 0.017590627769038726 0.08987093248917813
0.06444296739900707 0.01914471872257447 0.09112161038924498
0.05642173144714256 0.004399170985050205 0.0838303410438795
0.05992437571700791 0.023344185803617315 0.09220907984226495
0.05859879949395774 0.022413734008351106 0.09410788157478399
0.058737732519271335 0.024100926185705866 0.0924866472443402
0.055924673327412217 0.023717345440492 0.0946634046063088
0.05680695506608522 0.020772382718972256 0.09820651710837537
0.05799442324687237 0.019096621087638467 0.09791290373486804
0.060375380923919905 0.0183997541493802 0.09636448721826227
0.06252089059884848 0.018347489935885735 0.09510215674048242
0.06375838142319155 0.01906676549981086 0.09388604862944296
0.06709946982444746 0.016925203533358333 0.08725304323751239
0.058163846690493945 0.018506074033534797 0.08096987456358469
0.06454487747967748 0.020225157148789606 0.09283254848275255
0.056071382446065604 0.025590195081514767 0.09540234083296775
0.05843425252397251 0.024043331170961704 0.0955239257404011
0.055887762764889826 0.02545356311563202 0.0957136400883797
0.057702542027353365 0.024184960000953805 0.09608931425334016
0.055862982303765955 0.02521808486436168 0.09594910503411189
0.057834750320809064 0.02340080697855743 0.09647649711992679
0.05604370074097666 0.02485018858249671 0.09625579620610371
0.05660532021924058 0.024186841633266818 0.09661030719029241
0.05807806507212981 0.02117546875057219 0.09836066300640572
0.05908291732313116 0.01929554169983942 0.09837254588404523
0.059805811265469876 0.018994432986795016 0.09826357949013394
0.060992389352748276 0.01936728168985564 0.09755272056668016
0.06326700719415439 0.019389774569569987 0.09570905716159622
0.06432319055750596 0.02019507827041293 0.09525582349420449
0.050170999154620075 0.02132410552488817 0.10099264166046476
0.04926465852686752 0.021483936665369192 0.100007449012065
0.0517452923279101 0.022875244430163262 0.10046417434984804
0.05314607594315658 0.024634420374080635 0.09984417142123672
0.051234482447157864 0.023302918872596987 0.09982421282696347
0.0522914786327546 0.02471809026416747 0.09938596811008836
0.05572388946968932 0.015577898356912659 0.1021500535686017
0.05596849698170376 0.016021193080728025 0.10378505113863787
0.05593450328996036 0.01617947583912679 0.10426291681537873
0.05596559990446017 0.016469589298488886 0.10478369034594849
0.056231159336011034 0.016827193319000684 0.10580404001088259
0.056586645594070485 0.017252393651611877 0.1070260976465305
0.053060050331198455 0.0187609331755614 0.10247192813371611
0.053031366303221535 0.01946336969745464 0.10353096528974899
0.056845288720474355 0.017720558068031182 0.10794227577765599
0.05644364811437213 0.017051124751514223 0.10129589314774347
0.056502458387123165 0.01690966360141751 0.10309542773082114
0.056588251331353395 0.01724463931718211 0.103578512954904
0.056916961582002226 0.017955037647655395 0.10433076321352962
0.05781193387505825 0.019116305025117613 0.1056817440450489
0.05827115292689833 0.019571073973582 0.10689148243178914
0.054641000644969566 0.02040312231313426 0.1021005809461264
0.05446017878250305 0.02099342808407867 0.10319559753276898
0.05853835997158643 0.019624916316965276 0.1074938131092239
0.05664810005284471 0.018553388243392203 0.10039521890418433
0.05713584631529005 0.017689796186501145 0.10206821515201915
0.05749433264501359 0.018234526106118108 0.10284361477308973
0.05916546275349613 0.019656491975130735 0.10419211404295949
0.06085225352898718 0.020396286167453346 0.10574714645160033
0.06084378266439815 0.020410144532734067 0.10650086428604041
0.05595236663545133 0.022362004039798204 0.10174292224604992
0.0560043068846246 0.022615270086134887 0.1029204590254423
0.060845555500289576 0.020311187166982422 0.10700684021046247
0.05611488502234674 0.02185489052934391 0.10076559483720503
0.05632606945026569 0.02115320085573976 0.10004727078956453
0.05450639892059528 0.022566435975077057 0.09744729242775785
0.05838689247523436 0.0027530637450345332 0.08487533421742238
0.0575247852836585 0.0027591253529356424 0.08697601353781674
0.05706088918282763 0.0027944479197005534 0.08847611315550571
0.056125568355692934 0.0029105492069798054 0.09010836267955379
0.053837007547610526 0.0021423569440125953 0.09252340791703383
0.051684232157052784 0.0019099808175817594 0.09484680515556697
0.05923451668119592 0.005513976359244044 0.08547654488923387
0.05841377032755038 0.005288078764546592 0.08737337181676315
0.05737862517452607 0.004943206979869978 0.08855678574570079
0.055950479874789565 0.0042333828698141365 0.09037800801756585
0.05395225586566423 0.003793371681580098 0.09338991035816847
0.05064924805500302 0.0037631766524215456 0.09558537448312464
0.05981422817300834 0.00764203832654717 0.0856315721923158
0.059051778354248845 0.006888218200343385 0.0877658984650425
0.05790657234983912 0.006403326680861021 0.08920969932374313
0.055896674571500965 0.005846092879847265 0.09129360156020219
0.05375284805476328 0.005431514572354582 0.09390633516349471
0.050360762254101854 0.005548550730455926 0.09638527880599634
0.060001390317270975 0.008522489679510104 0.08568826253823394
0.059343403012706325 0.007950174383705764 0.08766279750291524
0.05792033757065501 0.007145884072773447 0.09031692779097222
0.056237010985219965 0.007194916953433309 0.0919855506035885
0.05371243499824751 0.007115955950821325 0.09468554472078979
0.050566591551709415 0.0076341140288784465 0.09748850718765367
0.06252105705394032 0.012429837936059349 0.08657349202121288
0.0590368064296479 0.00805319211534264 0.08912566418120678
0.05766757298623491 0.008494108704753296 0.09079884911575863
0.05650957182447905 0.008109736664280286 0.09255756139044463
0.053937558522816675 0.008503913490323659 0.0952847957823439
0.050573652200140845 0.00947293728965908 0.09804296869691177
0.06323767544746886 0.013296434047756881 0.08759369240749096
0.0589005710674464 0.010332356279880023 0.08954877652652635
0.05792581546823215 0.009885925535387719 0.09106029266211633
0.05691861093786826 0.009203706089447454 0.09295642168920355
0.05459177440543913 0.01012036532486504 0.09618796310045095
0.05072473084735429 0.011182648436812964 0.0981657874306438
0.0639267957246977 0.014362315659525749 0.08847400148150275
0.06057304551545101 0.012538095008459524 0.0907633637097085
0.058896687901750726 0.011811919218126214 0.0919042575088655
0.05779163208779008 0.01125630610882272 0.09353904390129084
0.05607715594191823 0.012271563676498998 0.09723046735724312
0.05374815870837519 0.013005460612705674 0.09940201730816693
0.06456545811622896 0.0157645915035813 0.08926351976049747
0.061868927767423226 0.013810154238972768 0.09121103730426101
0.06010445102300503 0.013461145479017519 0.09264623844117452
0.058899352385541316 0.012968049017406946 0.09431873191495539
0.05741358146785227 0.014290251245157539 0.09815935813675011
0.05584411977149935 0.014910393465521046 0.09937063022590048
0.06541371119242073 0.01705880039450321 0.09049488749200449
0.06366946922338186 0.014858354379899961 0.09197661634945628
0.062212883656946126 0.014433373867669918 0.09353821113401332
0.06009709882115141 0.013956122930201771 0.09502803742187622
0.05762198032417824 0.016043693777892474 0.09828719578319425
0.05651822529229298 0.016753499747539053 0.09934807804294654
0.06566751080136746 0.018386189914671874 0.09169796151157271
0.06470062449891091 0.016805563420808554 0.0932986436171017
0.06327408149307179 0.016163771316124353 0.0946299230275077
0.060624962204929106 0.015710189220112226 0.09611325359078333
0.057676486130438 0.01735384348887713 0.09845973050104596
0.05680528837687745 0.018084305888034464 0.09923881277809753
0.06570884286502351 0.019022744312316566 0.09349428814633425
0.06466416031974508 0.017843436721301602 0.09433589008134631
0.06323680526695005 0.01720557567281623 0.09579594298741032
0.06088472820794288 0.017046934302743625 0.09734296192610536
0.05838442240859329 0.01767261024702354 0.09897802800253146
0.057217339247645896 0.018631082050524606 0.09964963366636435
0.06557602806571088 0.01897753466552801 0.09624379253710902
0.06427647593184854 0.01820007226134614 0.09665100423650848
0.06302316138177676 0.017792809373281256 0.0977620295638389
0.06158215802912368 0.01714274356171454 0.09894063231334947
0.059986123636324565 0.017446139481677406 0.09950481018173912
0.0578980601521239 0.018814199525271528 0.10015901922472159
0.054801168435732364 0.01940232549090097 0.07900157307794439
0.06147262295453342 0.020393174238049726 0.07791827702099069
0.057212441836186075 0.021428367569594646 0.0754512611808978
0.06190062038467015 0.02210236953148961 0.07216501324169217
0.05957714228375558 0.02285409167630392 0.0717527063629258
0.06320877733802324 0.02676106750678443 0.08261205054030576
0.06441221169470689 0.0290233493692757 0.0765287381493385
0.06111835528713471 0.027809511428374734 0.0807766714373727
0.06283852742635086 0.029817888997525792 0.07628651631075449
0.06053515911203161 0.024510658812165624 0.08635184211047715
0.05932672381578361 0.025522794444080434 0.0851960278055236
0.06148546447945184 0.02562504453436044 0.08823668928450464
0.06372764590142808 0.028425240688877824 0.08481897958055684
0.0600392552659219 0.02688853369540162 0.08726795808004752
0.061817765451312574 0.02933079617966059 0.08275804672194252
0.0650607451538181 0.03127742988304676 0.07841949860692012
0.06342404383482161 0.031987510133561894 0.07781033535049948
0.06264903734340763 0.024975607852547616 0.08101636182938253
0.0642656714614702 0.02762186706637066 0.07498141681304428
0.060252062223077885 0.026153705295864176 0.07894287181734552
0.06206332431494081 0.027809834865760073 0.0744396849253302
0.05975671510214963 0.023052358613558276 0.08445586614179898
0.05842137206692988 0.02405755176760137 0.08325548964002552
0.06869470044914781 0.01905778048918171 0.0923937332016298
0.07540939499450947 0.023040727323733124 0.09174262935997356
0.07984705875893076 0.02526411802928308 0.09020641949192522
0.06892717197548863 0.019877524928294296 0.09422907548948363
0.07585045644302557 0.022498315556683898 0.09453291211245293
0.08071319440625604 0.02562113564818114 0.09371193217558264
0.06818993614614924 0.018577006640301947 0.09036036272102034
0.07444335496309097 0.02223963958659359 0.08978168445015823
0.07849908450304215 0.02433583044186445 0.0873421741651974
0.05499168705229977 0.0230233120061636 0.09709119066779898
0.05666808346003997 0.021784295695782347 0.09785309368341018
0.0549428322515037 0.02386979085273645 0.0970250739350101
0.0569099627917148 0.02194995235568742 0.09889092958718207
0.057746254715944315 0.018225631589429303 0.10146915705558066
0.05683870443215602 0.01900905468342079 0.09999243193331009
0.054650857715657135 0.023605137398598475 0.09658505283124137
0.054805921941276876 0.023287896755253765 0.0965496429280162
0.05467859519335215 0.024582619910495814 0.09720538002667452
0.056966889016518266 0.022385276995602013 0.09959539226820571
0.05437466547982907 0.024162034203314066 0.09674802602521983
0.05817926434867936 0.018685845064003486 0.1022432961152064
0.054420112223714776 0.025158321005749818 0.09759800599589467
0.05697380029180619 0.022838759481159605 0.10043778747143486
0.05382627968270893 0.024798907864211333 0.09732359199077152
0.05998136128867262 0.019994741243719187 0.10364291288637434
0.05424608607274809 0.025734494144426044 0.09834799008648103
0.05717477858308592 0.02300034749101249 0.101602153349118
0.05330230421158657 0.025525343738548197 0.09764602266368469
0.06156588974194917 0.02096503031718404 0.10478979890898531
0.054134432234056784 0.02624434312454221 0.09941085666181101
0.05747936048298382 0.02319032910056746 0.10270780712778253
0.05326469151495254 0.02619509121565254 0.09871228882945836
0.06181929848726526 0.021083681875294427 0.10544333527471629
0.05407945508382408 0.02652869162889609 0.10040972103765303
0.062042239687496385 0.02109909151048846 0.10596989311801787
0.05321342585755186 0.026677507658068728 0.09973614775397195
0.05613224684984862 0.025170225047838488 0.09669618039509989
0.058123605212250205 0.021571831047732033 0.09902425219485966
0.05544702630619599 0.025654826231834325 0.09635818912985863
0.058936650520819145 0.01880987812957738 0.10098321592902354
0.05577396243242165 0.025942603744756224 0.09675643839358891
0.05813050666579694 0.021928199010729184 0.0994348956969053
0.055140383533542545 0.02605361597132404 0.09644379200250679
0.05955738958501003 0.01923895537851605 0.10157565854836556
0.05557671818694439 0.026417637339500987 0.09705489917208295
0.05841580422549077 0.02193541234271811 0.10040828346596822
0.05471567745076168 0.026414817614460965 0.09656213198391429
0.06117607821682482 0.0200260171163249 0.1028546801785936
0.055649697329830126 0.026829489670096643 0.09769452652052585
0.059051728823137785 0.022613099256426752 0.10122814717780064
0.054638436728841146 0.026800554757504813 0.09697798285810212
0.06257194697123772 0.020652910765009476 0.10402448624785905
0.055440461479710164 0.026512504050864635 0.09554855586871205
0.0571059153759216 0.025988892089136403 0.09598925912294687
0.06091288177382693 0.020061159491910476 0.0999128638626643
0.06288477449393551 0.0189696458468131 0.10157320804033407
0.05617111923808248 0.027308239157902658 0.0988547569555761
0.060231879545384975 0.02260572580008745 0.10242805307981231
0.054643971065278824 0.027499827624585353 0.09754820544006387
0.06329111335219105 0.02060295830216488 0.10423628140140057
0.05597907497710267 0.0272841704438513 0.09494850583260642
0.057620461772713794 0.026797296772380998 0.09579017134385273
0.061267575050640934 0.02014765627076675 0.10012960712524481
0.0642394408868631 0.020276845090456144 0.10242456015773248
0.05649597652292444 0.027648139121197478 0.10009334469787233
0.06353647052522904 0.020841404434993833 0.10481064402681141
0.05479769645296034 0.028023468799831953 0.098254742353394
0.05755813111980557 0.028243097303296553 0.09394416369326751
0.059056432249239156 0.027393373268002938 0.09540260683928543
0.06536874510993804 0.020986379319028487 0.10174639440533843
0.04940605980433 0.023904260817030818 0.10406374366802838
0.048283976163376305 0.02436584241848186 0.10381916575061616
0.05165253520056906 0.024800893989798168 0.1034865010292179
0.05027746392772026 0.02577052396118845 0.1026682426803751
0.05336652990970939 0.02537566580340921 0.10347255897395857
0.05179616450697657 0.026403793439054 0.10229349293283756
0.055124518339356283 0.026559038442941697 0.10287565053075304
0.053276042469274955 0.027830586427425773 0.10114642349382028
0.05782778040694593 0.01854459368270227 0.10957973546122184
0.0595550991559156 0.019892292959877024 0.1090899029653934
0.061242383429979376 0.02063754774511721 0.10812685936407407
0.0624436491908827 0.021078760748084742 0.10729675310921513
0.06441619558729896 0.021596981070502057 0.10619126681836055
0.05086701143100849 0.005480955928898676 0.07633902882295572
0.05103059911632097 0.005534357328742285 0.07296914250667477
0.049793292422347965 0.005345264980050317 0.06831648109835835
0.04888961396332813 0.005692904371495006 0.06512804496176622
0.049068089652416845 0.006146528071827672 0.06261511851182723
0.050378609244576184 0.006359766900188398 0.059477170823886025
0.05306818061538885 0.006396325157771264 0.05456178832455451
0.06281114142011875 0.0059898573896152475 0.048001800817257384
0.06765848330209169 0.0057687449366830715 0.04597355350837728
0.07214424367063232 0.006066781505354111 0.04262032758480976
0.0776770941573866 0.006114508934982694 0.03923274305203059
0.0835603180252824 0.006488158116133911 0.03610200968532669
0.08821391257561799 0.006733185944252602 0.0348788848154609
0.09161021336694998 0.00688428978972464 0.03438299690090971
0.1075021036797633 0.006351092125278408 0.03359788481719971
0.05333156331989309 0.004212633552098181 0.07787635645924507
0.053569219262816624 0.00508331024570714 0.07369831590934904
0.052422003348286624 0.005165824854145964 0.06931495786235478
0.05123288705310961 0.005415798127945017 0.06551665920461079
0.051159821856420706 0.005890946031020206 0.06324723618368955
0.052445075207505 0.006024575494780434 0.061333794215251584
0.05572318101553492 0.005928228954990883 0.05756449287606911
0.06454303767629808 0.005599097406018454 0.05024315813029457
0.06914716009758376 0.0057226000115664765 0.04741886119687945
0.07336578093274856 0.005760826747563264 0.044187707246750814
0.07833147483118187 0.005895123327808326 0.04109221267175347
0.08402711771554633 0.005984145925233993 0.038419735117255334
0.08897558246060766 0.0060198372355130154 0.03764834902371166
0.09386267314495841 0.006324237639490257 0.037628932402634124
0.0608781246710221 0.005523043172716886 0.08170838321579761
0.06267426914263612 0.0053722914003528546 0.07819060040745472
0.0635775372988816 0.005138188348429868 0.07419680646968435
0.06374626632301668 0.0050178807804002745 0.06978131060747274
0.0638349383 0.00506651384 0.067130557
0.0637772542 0.00496064089 0.0643099836
0.0636194431 0.00467075976 0.061077004
0.0687089123 0.00552398616 0.054571133
0.103647418 0.0055243004 0.0522292859
0.0875512304 0.00562569855 0.057146991
0.0744824568 0.00278186308 0.0567282334
0.0816909888 0.00246592907 0.0569248222
0.0918479291 0.0023308376 0.0560342042
0.0966824885 0.00231168879 0.055491575
0.0748288749 0.00532100669 0.0563278518
0.0811973294 0.00574974923 0.0566875992
0.0943523083 0.00557093151 0.0564846847
0.0992140047 0.00553757993 0.0552947372
0.0757274163 0.00842965351 0.0562794747
0.0819304192 0.00844788648 0.0572072355
0.0953903872 0.00905506033 0.0578352288
0.100454528 0.00902170055 0.0565715127
0.07774715 0.0120340015 0.0572022293
0.0836595137 0.0120803683 0.0584294072
0.096965782 0.0129824544 0.0597643363
0.101896341 0.0128956478 0.0586676072
0.0814314809 0.016100931 0.0587337729
0.0872858183 0.01633731 0.0608764397
0.0988101698 0.0165888757 0.0623096115
0.10518431102560473 0.006297085618276222 0.033259279374685355
0.112715307 0.00654408403 0.0377532574
0.05498728524104886 0.003221645345807315 0.051258674908517814
0.05793385223602742 0.0030176770266556008 0.04907749324668032
0.05792890665963172 0.002836541670534997 0.05470027106101238
0.060332601389406264 0.002772937217876382 0.05200509289718059
0.0635153591 0.00230852009 0.0591456033
0.06491492 0.00260489215 0.0569100145
0.055921907759973695 0.006179635460371991 0.051454185374484304
0.059021882735407205 0.006125194119793504 0.049117088224516096
0.05844416307794993 0.005663045230367646 0.054473075078151814
0.06119687308069859 0.005541522490727931 0.05193610694336122
0.0641665107 0.00483045054 0.0590127507
0.0652671247 0.00516894345 0.0568026068
0.05778618699941373 0.01019878647440862 0.0515745876281825
0.06080239692782245 0.009994579376596294 0.049488835446168
0.060494654944622944 0.009009905770863512 0.054717354750199364
0.06345930063819653 0.009026015161416913 0.052295191624131876
0.0652340502 0.00777124236 0.0589135343
0.0666893883 0.00811133313 0.0563003266
0.05962364211904332 0.013139217574290488 0.051841221844557986
0.06269167174220251 0.01297245476929983 0.05002689283960272
0.06515714512184696 0.011944772215319279 0.0524185780728374
0.0695523759 0.0114626265 0.0567485953
0.07396698105874062 0.019148576373606434 0.07567742093481737
0.07188474535246292 0.020131013661043695 0.08583327731940116
0.07518123735648499 0.02157290224533373 0.08185605027155103
0.06335632529075584 0.017382859138824962 0.05259196652982818
0.06630043053082209 0.01756521726746575 0.05048665317946072
0.06861348870248007 0.016253565202112453 0.05287025307546916
0.06765438003849211 0.023712720157410765 0.05341841120334925
0.07114163934260802 0.02399244270116169 0.05161693086274637
0.06929847443843985 0.02278037032264464 0.055286841061433306
0.07297714243983759 0.02259170410625667 0.053768700065892655
0.07340794352720241 0.029551041793133274 0.05676929539767277
0.07676507925238228 0.030199309775849465 0.05541764942101294
0.07523520709700549 0.02763231824923013 0.05893026016293697
0.07901057927575549 0.02804071295971864 0.058041181529232724
0.0732099259 0.0154745617 0.0582496845
0.0752992163 0.0197820439 0.0613269157
0.0781956075 0.0206069358 0.0597924978
0.0804882119 0.024120554 0.0673876028
0.0819629546 0.0259741219 0.0653939565
0.100876244 0.022886127 0.0651472197
0.0956873382 0.0222390109 0.0644673153
0.0901515812 0.0215665509 0.062875186
0.0860189399 0.020949288 0.0601398425
0.0993714424 0.028800145 0.0666810364
0.0935288787 0.0281538632 0.0631825681
0.0883825585 0.0277715491 0.0625228737
0.07677933013711849 0.021964597701583346 0.07809351281789759
0.07269467264799041 0.03200602952019527 0.062155671972655493
0.07352336923731227 0.0358164897858464 0.06651417922876904
0.07630002941300328 0.03392463420133943 0.060736056002456296
0.07791990225554431 0.03790664182146515 0.06531447577629601
0.07978784970638918 0.035868345557549 0.059344826647861476
0.08188826197500865 0.04017398111909587 0.06376229227268258
0.08327526747357068 0.03773686550029886 0.05764543386666886
0.0858081287310538 0.0419525279738938 0.06206674679771009
0.0873792940174314 0.03910897842560736 0.0559016472083575
0.08976962860261804 0.043623813279419874 0.060097771165893314
0.0917666364171945 0.04012608011511316 0.05487814268477268
0.09405317275387158 0.04462100196974562 0.0589786461968862
0.09621787137617073 0.04079982276290299 0.05385078720890756
0.09858865730661671 0.045368010503707236 0.057833797057028506
0.10112941279557605 0.04225196600009781 0.05198172810480834
0.10386192377006266 0.04617487525303365 0.056735882467323716
0.1057842110079933 0.042568864123571325 0.05040468502055241
0.10867898798809966 0.0462180371911991 0.05500027883882031
0.10927281582232981 0.04216103730340125 0.04930389841998578
0.11222354737794615 0.04614116627516245 0.05275905735736462
0.06853225455035049 0.031542648804688295 0.06855958163238916
0.07446638027342413 0.030399737957388026 0.06404324176592811
0.07574425583511071 0.03368396607633125 0.06866212308934126
0.07880309870371922 0.03204816889093281 0.0632858930552818
0.08050940427943347 0.03593381701063224 0.06759784241010557
0.08214282221783269 0.033798832926963895 0.06199395518347402
0.0843425363780305 0.03794805959933711 0.066277620114121
0.08554960518258399 0.03563481904289129 0.06049428001957691
0.0882287658631845 0.039762365154081186 0.06452366091789652
0.08980433283496096 0.03690736826170377 0.05942960075778818
0.0922650875789749 0.040917527857434695 0.0630704891704708
0.09375367222423235 0.037509671537226986 0.05857471530617517
0.09594357617127809 0.04182513112987733 0.06182916513222322
0.09805113713553733 0.03840051804313814 0.056979212041631734
0.10006041037019262 0.04288851323982392 0.060071516354415065
0.10216273527246676 0.03950836333467232 0.05552451677056209
0.1043456395636195 0.04387088110283778 0.05864988969972662
0.10662491430002913 0.04007501599126335 0.05375769678451983
0.1089722949006015 0.04392524655965486 0.05694360884059233
0.11178611846789008 0.03924364831793977 0.0527990844673713
0.11381601637043132 0.0433109284742427 0.055134509241720996
0.0707446860001974 0.030209873577813746 0.07021644114681852
0.0641116130863016 0.02822402147769777 0.0698795431416594
0.06639744696391299 0.026974506333111686 0.07171694777851913
0.06475563642750658 0.03154155568284459 0.07536175201668638
0.06648428655511146 0.031127127873837084 0.07664508814282654
0.07416286949715885 0.040207070751203625 0.07809768633235353
0.07409470796417066 0.04191953800116194 0.0835060547478049
0.079283069651499 0.04272458135477742 0.07623638221441141
0.07944632223204134 0.04486754312786392 0.08170260679155916
0.08379860999644353 0.0456006501516368 0.07421907485213636
0.08403689742960069 0.04783448928658616 0.07955368123422994
0.0877607459212136 0.04801214151881648 0.07240043645481818
0.08847659444155521 0.050439201706695 0.07773718313123783
0.09224528022531653 0.049614048667971394 0.07090822183233532
0.09314926741349751 0.05215155127247062 0.07618628950328868
0.09685607784843009 0.051091521344003944 0.06929914923560139
0.09789254616831462 0.0536541851481847 0.07418116234782658
0.10193874809453485 0.05263023007498888 0.06727928188299324
0.10305009418021926 0.055173859018641316 0.07148489919852025
0.10766801451249239 0.052826288408456414 0.06531636021468196
0.10917175848587161 0.05513721939731737 0.0690038799423955
0.11280128122678286 0.05266342467993739 0.06296160005224564
0.11455864523760866 0.05522754801099862 0.06626900766213399
0.11714472503493867 0.05343910905417199 0.059202798396175815
0.06867566393807074 0.03712676611437663 0.07980759619052928
0.06803752219813383 0.03910720941866432 0.08491567475593277
0.06370105334468726 0.036415763401829754 0.08602721993195253
0.07580236344373024 0.03926546429225989 0.0799393334603351
0.07531566495619521 0.04106208553682965 0.08494196166426525
0.08148102127444931 0.04165310501832141 0.07832556615638474
0.08114199183699364 0.043818684215330965 0.0827293275361107
0.0863256066283699 0.044254191547197695 0.07602795568157075
0.08603599114423302 0.04662729397444122 0.08025551645561092
0.09032615969968144 0.04621306899423113 0.07396441435269487
0.09048398487134773 0.04859738576761798 0.07843983628960266
0.0941622815041321 0.04711895998886536 0.07283773229567084
0.09447160983281054 0.04940212774544507 0.07727390911655974
0.09831722959173014 0.04816591123779769 0.07118564691649219
0.09890982990800486 0.05064379346063227 0.0751454036272263
0.10265128658102464 0.04968343135362905 0.06890145201971104
0.10371410942814566 0.05162342428036106 0.07292354270204515
0.10815523021854158 0.050453814774766285 0.066687821991019
0.10950538441404375 0.05182906676404007 0.07057716707173628
0.11337942863868493 0.050393017058834456 0.06417021376736014
0.11509343296123901 0.052313400829622846 0.06730037775508281
0.117955680616345 0.05059142040095602 0.06068006064784508
0.06933728273382377 0.03598421516360312 0.08124328897400858
0.06873034499775378 0.038195320528325256 0.08612540985118179
0.06424529201618032 0.03622973154578169 0.0870745792284393
0.07996188055431831 0.023764638708912066 0.07612480853137399
0.0832722062 0.0257189221 0.0749014675
0.0856642078 0.0279671885 0.071756785
0.0869672631 0.0296056467 0.0682896273
0.0894773013 0.031342428 0.0660799397
0.0924986664 0.0325762192 0.06581398
0.0960866947 0.033462438 0.0657625982
0.101342277 0.0331732147 0.0671294557
0.105357127 0.0329399382 0.0689495697
0.109732161 0.0324607719 0.0670352421
0.115180965 0.031327828 0.0647562848
0.07915451439542538 0.024368992892310523 0.0840873570095855
0.08378656747886491 0.02688277132005888 0.08324091775028626
0.08656635934619913 0.028409584533716153 0.08033743940028708
0.0896648799 0.0306886456 0.0771979505
0.0913376067 0.0325022435 0.0740744696
0.0933721024 0.0347582564 0.0708038701
0.0964540389 0.0365192001 0.0696746046
0.10028931 0.0363994531 0.0679885512
0.104434859 0.0360372928 0.068438662
0.108163195 0.0351939127 0.0699581191
0.111653737 0.0356423545 0.0695362002
0.116166606 0.0349925126 0.0667343185
0.08319359076517571 0.02648849701843519 0.09290929218033524
0.08615950190706292 0.027686006201263602 0.09246171883679064
0.08947131792931548 0.0299736822747889 0.0883275877037663
0.09245709771616044 0.03201774459788292 0.08467079885473612
0.0952553951 0.0347543929 0.079829455
0.0971101073 0.0369580436 0.0768201568
0.0988817597 0.038411505 0.0728344905
0.10170111 0.0395121751 0.0711188104
0.106008217 0.0393893374 0.0708759116
0.110788088 0.0392632019 0.0711250005
0.113667854 0.0381138946 0.0712797119
0.117593265 0.0383384094 0.0685691952
0.08197762727499848 0.02479125885150969 0.09938471092607602
0.08632997893872335 0.027467566616887703 0.09774733182627399
0.0907196415588522 0.028701173112517978 0.09516085110062926
0.09405365411585763 0.031599942592358675 0.09147558650175244
0.0979079185 0.0349329069 0.0872295191
0.0999241642 0.0378735688 0.0819990057
0.101551192 0.0398811588 0.0788047422
0.104089729 0.0404987751 0.0766074121
0.107576368 0.0412435292 0.0749633277
0.11186935 0.0418026588 0.0738215396
0.115045093 0.041442484 0.0726710937
0.118527057 0.0403682739 0.0716421613
0.08015136695036253 0.02501006565549124 0.10378923068113906
0.08492782221736514 0.027839523510815745 0.10170418233813812
0.08959415836191874 0.029276884601574824 0.09888930358159198
0.0937921383488238 0.03037935343031056 0.09514945333247779
0.0989886618 0.0345097224 0.0913598756
0.100496543 0.0390705644 0.0864092734
0.102693819 0.0404661729 0.0836541559
0.105803505 0.0409385058 0.0813349275
0.109102322 0.0418594333 0.078926209
0.112796228 0.0428011806 0.0772231931
0.116085734 0.0432931433 0.0755022511
0.120595772 0.0414193206 0.0728445893
0.077959814684837 0.028582762053175656 0.11611190552482237
0.08357710764813507 0.030272399418452056 0.11507706016692197
0.08807891585923337 0.03112750229407944 0.11399407122696506
0.09104968308550096 0.03102371905331145 0.10856340077814136
0.09548296849812057 0.03200345486107106 0.10569272466041621
0.103285333 0.0378642576 0.101604759
0.106430667 0.0400078628 0.0987808559
0.109319966 0.0417092633 0.0950030125
0.112470108 0.0426617723 0.0916157875
0.115745559 0.0441334423 0.0880777728
0.11960357 0.0447874457 0.0844080724
0.123984158 0.0457901584 0.0810376364
0.08150794257050631 0.03323479458886717 0.11976092453595251
0.105788277 0.0454944095 0.123387033
0.109413429 0.047099075 0.121407822
0.114046694 0.0474358281 0.11941608
0.117986512 0.0485685033 0.117054091
0.107085 0.0492410547 0.132437142
0.113295852 0.0519854731 0.129467572
0.113255324 0.0457959213 0.151157003
0.115621083 0.0469692745 0.149407427
0.117221943 0.0487588751 0.147074823
0.119147527 0.0509435644 0.144440254
0.119540853 0.0606054458 0.18257083
0.124416701 0.062126227 0.18198578
0.101957555 0.0513285181 0.1842044
0.11092189 0.0562450625 0.183520945
0.121809554 0.0626747165 0.197961853
0.126861498 0.0647049974 0.19822038
0.102733406 0.0536381503 0.198004393
0.112366889 0.0579494322 0.19786818
0.055886169458087866 0.028379253975380988 0.09560089842317497
0.05756989579355931 0.02810673407193284 0.09730562849993254
0.058667741619717925 0.03201014420615132 0.09989985885962993
0.05882333156263148 0.02891872849596097 0.09831750692220197
0.057799712422034355 0.032282170664824396 0.099223230229183
0.05645518285790441 0.030062549569189773 0.09645009261027432
0.06295457953073233 0.03856223944156362 0.10804844615017604
0.06220826840609031 0.03950753106081756 0.10772747391134853
0.07137481182335674 0.05271623920159751 0.1277503737782386
0.07068338949529278 0.05403148515002973 0.1276535754860524
0.05660480567114374 0.03479893489485949 0.12516794930486635
0.057302406412803035 0.0345977140205946 0.12581329217948553
0.07076644466239596 0.05209173180601956 0.11975613922339091
0.0699109130113079 0.04904661428612906 0.111629352318041
0.07622302774160089 0.05515275988853879 0.11724972098897576
0.07499083543352965 0.05197874241363697 0.10961429847271373
0.08194586818531743 0.057801996538908704 0.11453276406070263
0.08077562505553901 0.05452255181629216 0.10705873197847222
0.08650482621086786 0.06019380789373828 0.1119223303922076
0.08552391339943043 0.056868863831234004 0.10436417545450766
0.09081250056168963 0.06300145790381409 0.10926866216384944
0.09002965424083327 0.06005113579119853 0.10132858877782158
0.09522369665584828 0.06548464436781835 0.10678395064824209
0.09456684019468173 0.06243282007736473 0.09860248465380284
0.10099384461872693 0.06769335734161452 0.10364211136429076
0.10019549488096341 0.06403268333513408 0.09537214858334622
0.10799750389403305 0.06945392887106003 0.10004395459316018
0.10656555272817049 0.0659310940238807 0.09134984154762568
0.1162032661885692 0.07178849655025206 0.09500112120963267
0.11403435321587509 0.06784128330000372 0.08657124726832278
0.1236689717923925 0.07127286314621513 0.09144148939801083
0.12076132299141175 0.06837324177732376 0.08253645104550626
0.1294638260029391 0.07035131202593589 0.08887782960185238
0.12626746908361047 0.06737909029080023 0.08009295864007117
0.0712880339211274 0.05079039392329111 0.11964501371425422
0.0769478694228584 0.05345869468076739 0.1176970728342408
0.07568116587758196 0.05077554255123383 0.10989932685901052
0.08281773167630867 0.05626529426312382 0.11485147157634701
0.08114309719192722 0.05349483525269799 0.10747415851272839
0.08734576732548892 0.05848797507649174 0.11245574231655205
0.08621590717587256 0.05530608722664287 0.10508290719372988
0.09209113797007339 0.06105881110437533 0.10965401955206025
0.09104046726120438 0.057993989854879115 0.10212762812862396
0.0967612551701505 0.06300360799793671 0.10713944478795333
0.09569474453191006 0.06025594908975058 0.09918066850283859
0.10230667120090225 0.06430012374907805 0.10432734523639707
0.10105302811725435 0.06149553110930732 0.09592375952851533
0.10873644911848637 0.06575041015703985 0.10108579025562367
0.10691463107305346 0.06294968412022535 0.09230853992601437
0.1166250008920941 0.06607505334193481 0.09718199880824185
0.11408572665287481 0.06335754979191897 0.08817440341574224
0.12318406858634534 0.06559744872782981 0.09326860008940191
0.1207871784780183 0.06160556444261924 0.08451957239371587
0.1292548202006717 0.0639602869820146 0.0904592462123574
0.1262721699570743 0.061359950478496864 0.08195275101053075
0.0841195035 0.0380686292 0.126395613
0.0889561526 0.0386391282 0.125247147
0.08896841878584116 0.033146595530334215 0.1198467855101822
0.09362201571191063 0.03892448938318276 0.12120909422590587
0.09195157358031616 0.03358328682594172 0.1149547585518012
0.098745187064307 0.040029527012084766 0.1189267551873173
0.09585887714569974 0.0329358845456257 0.1121170072862945
0.10480807 0.0416488232 0.115937958
0.103209351 0.0383154204 0.108829814
0.108106259 0.0440578439 0.112722396
0.107014649 0.0417396213 0.105576352
0.111895664 0.0448395674 0.110079145
0.110490213 0.0429617538 0.102200899
0.115657293 0.0459363105 0.107129762
0.113977615 0.0440985436 0.09864387
0.119787013 0.0461258798 0.104378583
0.117613644 0.0450097363 0.0952826467
0.12464724 0.0469880661 0.100851657
0.121887904 0.0459013035 0.0915860366
0.129488576 0.0469852461 0.0971881752
0.126226807 0.0460349939 0.0867915077
0.06807146826704027 0.04760016264033308 0.11264593293979959
0.06787971217824605 0.04978801408816038 0.12049320417123188
0.0648179169494131 0.04497000560430993 0.11356061411687818
0.06530486958815661 0.0471452971901785 0.12171475771657511
0.06235447348594174 0.041416499783042085 0.1150838745170216
0.068553123066499 0.04672015660760877 0.1130352215094
0.06864520476040589 0.049044291867959625 0.1208722943468844
0.0655036504319295 0.04445515826738162 0.11420182415306407
0.0656183952676289 0.04645113385308532 0.12237063290164801
0.06254223090957868 0.04066837175680456 0.11592980100039782
0.04246722663084054 0.01416074337173271 0.1167679569276205
0.04336577044747774 0.013653245796306494 0.11729199540748825
0.03793766279647574 0.006554209209798721 0.11803421061860979
0.04015830345216138 0.010113105220063702 0.11770427877903059
0.03990003026124939 0.006592256867721201 0.11797989875305535
0.04113575413918503 0.010363726323222704 0.11816673556094821
0.037376550235326766 0.0062002201752217375 0.12273038152732309
0.040728841670457344 0.010128877088043595 0.1222576391011695
0.038720972484122027 0.006079690783307603 0.12360626002061251
0.0410733290997227 0.01028939190176408 0.12258414065118622
0.034443229155113726 0.005319095135057598 0.12501440230463343
0.031017217318506114 0.004832226929648818 0.12698098532800145
0.034886600332099414 0.004965846673826921 0.1267458900163373
0.031844916710148205 0.004830884079717092 0.12881885211730595
0.0331544327416136 0.0029741687750781554 0.12410671066217226
0.029987920185006872 0.0026644492899235515 0.12605959687081048
0.03372904475138949 0.0030136057486420415 0.1256789112145887
0.030651671532236746 0.0027336359893548874 0.12757874052882429
0.03278305189644933 0.0013765195405352172 0.12363161509991885
0.029603979840647564 0.0012529860885654577 0.12551392204822456
0.033234312155141096 0.0013524021506380734 0.12519215028227978
0.030198148901230355 0.001245994437828297 0.12703769890428737
0.046336166707904275 0.009966764930962086 0.15788660126596957
0.05009175092608639 0.011149257715008297 0.15715952976622713
0.04765258881037138 0.009207823871009404 0.15775610109409335
0.05150109084661835 0.010679950431851765 0.1572777938028811
0.04801480878326226 0.011836474076019557 0.15382792987389815
0.04900586732906234 0.011222502973655697 0.15389417555837134
0.04490616206270616 0.011968288247252044 0.150546868265294
0.04600232321814093 0.01133779187300016 0.15054970187818886
0.04211742734696427 0.011993745335277748 0.1477803172204986
0.04308314478194682 0.011164182519797065 0.14770009635170883
0.0396545042057187 0.012558024832764716 0.1460769779457068
0.04050610541545171 0.011731935317142065 0.14597904126833555
0.029146168694505314 0.013172952120639349 0.1412276682682539
0.03102413247571744 0.01220017669695603 0.14149385315651675
0.025121877248801553 0.011321901137085364 0.1353363599140765
0.02751750166287279 0.010738360997190968 0.13594782841133768
0.027590810408789166 0.010619987828087629 0.1317588722860054
0.03038435771782225 0.012950222271648066 0.13317164392981312
0.030299220661733003 0.009737110745783368 0.13361980276961
0.03245275621043508 0.012343106937620068 0.13472559412953403
0.030862011464800228 0.009933853114957225 0.13030593009466182
0.03337002733981825 0.011988071899813307 0.13208898268935904
0.03216556443478029 0.009111135020257448 0.13221633472575015
0.03433582919522867 0.011599697961745422 0.1334507415162237
0.026617298971319016 0.01194422932241181 0.138076787345022
0.025520324079566937 0.010970647529639737 0.13346595327427058
0.028785599316912092 0.011400274191033176 0.13861359905924567
0.028006575130550434 0.010320019387619467 0.13458706895924338
0.032527737805823936 0.015574661566883833 0.1397329260901181
0.029898973624793733 0.014860686857059038 0.13747140537179925
0.028657846104313184 0.013851258970046115 0.13536851604971925
0.02898820870856923 0.013142529900983076 0.13440672033085346
0.034045364581040356 0.014658331787421795 0.13996604889152464
0.03158328108853453 0.014202241032192522 0.13808853472318317
0.03054308442625488 0.01325642814229859 0.13625818607371928
0.03082377717620594 0.012843996259489577 0.1354133046286815
0.040284673252630576 0.014873997812670839 0.1420374811498456
0.041372973141336686 0.01357032641823275 0.1416293850465373
0.04926035273205526 0.017503803391848573 0.14395208910974447
0.052531790134081956 0.013206437929588774 0.14822205787377896
0.03637249603623868 0.01746343010123692 0.13748719910796917
0.03748184686816711 0.016603747569640236 0.1374943926724804
0.03995763136467318 0.0177234697975227 0.1387479450861603
0.040867460001285875 0.016458720649550583 0.13831259249064898
0.034275202668629656 0.017184029562604303 0.13614748141918873
0.03563252435985336 0.016088558853042705 0.1364831820666378
0.04411879921159458 0.016276930917570327 0.1389399654825104
0.045043909125700665 0.01485213942188163 0.13845411023490298
0.046850158658143994 0.016852068644069646 0.14100165386297517
0.04773998868785746 0.01579176529025374 0.14079965010975815
0.046946780910107455 0.017925989442593035 0.13692973031957198
0.048080505153834115 0.01629990006464993 0.13653428118705424
0.04001857852480061 0.01933319997813916 0.13390149478503227
0.04165710448204494 0.017366071223696804 0.13387996130323637
0.051316156870162326 0.019958246674238424 0.14206602804142712
0.05499079493741059 0.016363296259443195 0.1439729774914147
0.043325832581768565 0.018801331937615302 0.12575269762391666
0.04342419654426312 0.017818847106061485 0.12645583228625987
0.044602294365895044 0.018350310910290463 0.12406823046229691
0.0449950592026156 0.017710152303707212 0.12480470028896362
0.043987372322644804 0.01998536481128237 0.13061069047186588
0.04727480788288044 0.01932751899811034 0.13256619979078738
0.04505162452056399 0.018482201243514094 0.1307773262966693
0.04799610433222594 0.018113858906992696 0.13255186297831262
0.04568082064067407 0.016879998807016194 0.12021806700574438
0.045994070484709396 0.016745174921574093 0.12066207026119861
0.04187654785518368 0.013561154956624466 0.12284684049249364
0.04240840753118009 0.013711368386209814 0.12302862614718203
0.04710406962633793 0.022443513508408237 0.11458426098346715
0.0481297113548568 0.022589753581867673 0.1153356305515318
0.048748495162801886 0.026593627989746287 0.11249755159092038
0.04993038777718582 0.026421746514529804 0.11296810184560614
0.04702922738581028 0.01875209357877074 0.11990665739391917
0.0474746500156664 0.018729020735160598 0.12014853439525977
0.045091725653129175 0.017653935807902043 0.12217867994000445
0.04559233473427471 0.017062317766880473 0.12273191921838447
0.04300185020157412 0.015573097232832702 0.12231593559812586
0.04323611659410504 0.014796206137989173 0.12293978293055723
0.05812706758647927 0.03304668709899322 0.10597793526008284
0.05015318888967677 0.020492049766615776 0.12265004402132763
0.05062192480727892 0.02028147826555113 0.12315153057742338
0.05051721316413192 0.01992030775674022 0.12576796579248814
0.05097910872337601 0.01904129793564447 0.12636300255092314
0.048124578627712335 0.02021623137829186 0.12820115321368178
0.0483281293056867 0.019191813947237294 0.12870038058460453
0.050639983008163594 0.019682188794295057 0.13012976671596355
0.05111739258483306 0.018489804537354472 0.13027958828130773
0.052124470252862806 0.019777254375694532 0.13163475534320915
0.05270202647715958 0.018495232228080152 0.13167619847101716
0.05241697470912173 0.019737637748010566 0.12832376994792863
0.05274653645494602 0.01862997122165421 0.12868104636559402
0.05125384236339184 0.023477697198970884 0.12180053306806705
0.05199554967732696 0.02277162347493552 0.12274448668646161
0.055304557391406474 0.03262850092206152 0.11694160108673955
0.05588257142974611 0.032590320036065365 0.11792570623373673
0.05918336657461026 0.039042606782589015 0.12055554065667011
0.05961489782314096 0.03862546426920461 0.12080472633081102
0.055973646610207414 0.03442136156637141 0.12116015484223541
0.05662336544459576 0.03423078828239856 0.12181119304982778
0.05365311030363534 0.02919764736597844 0.1230697878303184
0.05410097806287687 0.02898467918329302 0.12342287304102063
0.06308353578191433 0.0442420141654799 0.12079139630721754
0.0634106742207317 0.043524702253217536 0.12157749049024066
0.053480441743833006 0.023237197848493957 0.12941128878025634
0.052675612676512634 0.023694106605177314 0.12549939894924217
0.05370014366783706 0.02265842072325538 0.12939644718823565
0.05340385258857237 0.023003062781112294 0.1260028735499636
0.05431320464214597 0.02464089686020859 0.1383339223757274
0.054724082756541316 0.024307255206266087 0.13819925374859693
0.051738227101968286 0.020695531627087448 0.13796306755825324
0.05373327057984855 0.018632599502181414 0.13833350530253763
0.05271392405003682 0.022122162846395208 0.1402595437560589
0.053052409524063475 0.02192728465421212 0.13995579856380538
0.05807733005871129 0.02125438866311044 0.14998684363622422
0.05819387419421835 0.023923355441900038 0.1479315060274542
0.05594122492434359 0.01937419131322759 0.14843419938144753
0.05567694077009263 0.02259105590524666 0.1462632901550371
0.052745680150693086 0.017802650617661325 0.14717526545906567
0.05325258053600907 0.021152617324140793 0.14448564134391192
0.058404705034079595 0.025935991508548445 0.14672612277592625
0.05896433054988249 0.027993888616058383 0.14555953654089704
0.056067516204241226 0.024723345488418598 0.14464277734334108
0.0568483460915882 0.02695321535765355 0.1430294159208058
0.05409404691882573 0.023423232690116973 0.14253633252506032
0.05542090132308892 0.025769647230794723 0.14073915445456048
0.05581707558332866 0.028443136925817736 0.13644616635281928
0.05551382999848211 0.028179422991061444 0.13382097110720478
0.058082228154901015 0.03453221425064426 0.13525187659592053
0.05766214325163906 0.034592855285675496 0.132383882900952
0.05942314850299898 0.03905551737580425 0.1363979121878656
0.059866959968419016 0.03991801396792488 0.13314052457343892
0.06277897957099668 0.044419060431836015 0.13788241695719383
0.0631449555801527 0.04533061552806004 0.13486656042535275
0.06579906515926846 0.04837599489883157 0.140135408333144
0.06631839360480664 0.049659336156084324 0.1372362929298693
0.06922969786548203 0.0515987193736429 0.1427558645131181
0.07014538575799913 0.053277870772238306 0.14029869540051185
0.05865088350924695 0.020670978245661505 0.15064006532308663
0.058762360931076306 0.0235470524837188 0.14843567048892567
0.05753871198024337 0.018012443565926253 0.1494441333627685
0.05604473776404329 0.022164253052505224 0.14656890593112937
0.056751158715499614 0.014573865641530102 0.14955101030760865
0.05683631809701992 0.01720061989469509 0.1466416669512142
0.059055433306532734 0.025666885590399948 0.14716791369970128
0.059644427852323205 0.027698486986694186 0.14604655809995415
0.056315056742513726 0.02443383133156724 0.14489372121106447
0.057269492922952456 0.026736642335380215 0.14341589264665142
0.054378806139937695 0.023044834442559354 0.1425060638797961
0.055861949898668904 0.025413176786974762 0.14085993862171056
0.05633801820109701 0.02811806153335744 0.13682886437141345
0.05582223863124209 0.027926974636408346 0.13410746724591754
0.05871544039580086 0.03390109979365638 0.13558346786506545
0.05824898980208261 0.03403909513613216 0.1326486536712353
0.06037266396268934 0.03864053287152712 0.13648966230129736
0.06063809821527605 0.03902734810189844 0.1334882573800743
0.06340387175959188 0.04356163910616343 0.1383115499284313
0.06385014742840134 0.04428504877693949 0.1354591458619544
0.06652443297001291 0.04724660697614664 0.1405568593797869
0.06707363035370881 0.04844374204585066 0.1377850333540639
0.07004074360044665 0.050454412992911306 0.14288430974344052
0.07096378989272839 0.05180975393094574 0.14049962533679342
0.05236163668130893 0.0175567479006559 0.13503858040873565
0.051115140553318755 0.01890452375144806 0.1350503835590247
0.04707549967804472 0.018568663394504772 0.12519622651539386
0.0431933874743878 0.01591957970695779 0.12467857783533
0.04663668830503958 0.01953470059237548 0.12439619830174131
0.042663016593403054 0.016231846214938846 0.12410248837975425
0.05032442918760382 0.027401513132766838 0.10671234672414974
0.0546257769381829 0.03058437590566742 0.1132425031954371
0.051033460542646535 0.02711040628492665 0.10713654306707829
0.05340701960604199 0.030536509252389713 0.11322975388608231
0.05503893493064594 0.030983427043137717 0.10824700375217476
0.05291645144901996 0.028640763830259337 0.11063337303494022
0.053818712881732206 0.0316809038500433 0.10739660561215729
0.05110924641377122 0.029319714337647473 0.10994850490303323
0.06349737284122534 0.03813713068686686 0.0924952765238307
0.06461167860214409 0.039070085412390244 0.09950306519772652
0.0680469639330444 0.04083716260822988 0.09090588722219713
0.06860335196136859 0.042640341827965125 0.09749855261619973
0.07424582984743901 0.043796795325024604 0.08926852429301614
0.07495936409718712 0.04547980342202308 0.0957179868069989
0.0796728301187205 0.046794881679235796 0.08728317714550411
0.08069827482448037 0.04869719276159037 0.09364296835336418
0.08450698498437419 0.04923098406682902 0.08512579836868826
0.08496186552984278 0.05160655829917609 0.09127929676007704
0.0890235138413981 0.0525116252795499 0.08282244363404549
0.08948142172581115 0.054659701497892996 0.088335969382834
0.09370103571220233 0.05440445264378759 0.08091126777838059
0.0940765829686064 0.056710251615520804 0.08596175177269785
0.09872312921463836 0.05559702262144989 0.07866743518093326
0.09907908186101423 0.0585442824941674 0.08322649888031353
0.10387904971192871 0.05712147456527365 0.07570377055725212
0.1044668504137779 0.05999745634459723 0.07992777663773622
0.11039363885255167 0.057208281101407674 0.07299914189086425
0.11180509856592528 0.05963825683476344 0.07641129394967404
0.1162310758546636 0.056702942305868934 0.06983607803959248
0.11772370035074164 0.05956162871831654 0.0733122297178825
0.1211186458265396 0.05823885264993635 0.06633990960166995
0.1226175226536828 0.060524482896805426 0.0700293291097323
0.06404799161735135 0.03768043404021492 0.093086762217595
0.0647301900700617 0.039032245442225166 0.09944685182685489
0.06885414704676353 0.04030116994685208 0.09112971254591685
0.06959064004823991 0.04219081472929209 0.09792537529098572
0.07467736906237706 0.04322979149266196 0.0898557189477909
0.07561865246905809 0.04511338314161323 0.09648543258626921
0.08050411972762293 0.046270648989737734 0.08753914556810544
0.08093175791380998 0.04830144018252068 0.09370377926513539
0.08559442595040814 0.04867850968160223 0.08531639250522637
0.0856513100995341 0.050859764384472435 0.0915035246111129
0.09049217908432813 0.05090411063247094 0.08350921005259465
0.09051464046451618 0.053137207786948616 0.0890751786444383
0.09472447662917449 0.05178773459422933 0.08200620949529422
0.0949107745731733 0.054480326035264634 0.08681305479056148
0.09974532796573565 0.052497940986206824 0.07983844824065645
0.10006455185300078 0.05548298374526371 0.08417165062034893
0.10468462285420418 0.05341167089875741 0.07739214690229244
0.10520737583789452 0.05648416272696806 0.08137272874569869
0.11099733118107047 0.053685889096463414 0.07431782861405667
0.11209458692397613 0.05635629994946923 0.07811864859246324
0.11664402484139995 0.0540548205433833 0.07075151580421853
0.11827644002032582 0.05582216706490716 0.07455942673806264
0.1215840484278787 0.054191646529930165 0.06773742584681954
0.12315727935613208 0.05501114335968531 0.07190335868095916
0.07695016925175935 0.026845863010698124 0.10706699694327468
0.07644728988429521 0.027957553988375017 0.11046334955510723
0.0809858407247306 0.028975381459484372 0.10552033350981736
0.08327128724953062 0.02895467457723437 0.11068530416908944
0.08851938868287504 0.030195255639440886 0.10221056311928561
0.08721443543886967 0.029441733760147092 0.10910119987515586
0.09340196579383021 0.030452534101488543 0.09869463407839442
0.09154611848096582 0.03045698950467036 0.10375608859843134
0.09841084902242889 0.03432946202534934 0.0947330317938518
0.098042992113362 0.03452610057319054 0.09936138404605645
0.101703256 0.0385589741 0.0908253178
0.10276562 0.0379826948 0.0958809194
0.103984948 0.0404712963 0.0880407221
0.10570515 0.0397186696 0.0931443258
0.106588026 0.0418139357 0.0850644286
0.107987574 0.0416153497 0.0897082213
0.110172805 0.0423645579 0.0824086694
0.111296981 0.0421313838 0.0866623908
0.113554369 0.0431274129 0.0794907149
0.114437981 0.0438114495 0.0833422884
0.117071072 0.0440242506 0.0781700005
0.118179553 0.0443245783 0.0804884452
0.122122606 0.0428742273 0.0731420756
0.122572893 0.0454781588 0.0770178011
0.06284281825852835 0.03734639061206376 0.1012430685211551
0.062215419057806816 0.03812489141891915 0.10058807227628634
0.06069350955544443 0.03500301526844927 0.10407360203739902
0.05695878156943499 0.03348329315682773 0.10528663338843498
0.060016590510940916 0.035245807527131474 0.10307511404437013
0.07908594705435466 0.055791131399961946 0.14378524799022688
0.07458039999084155 0.05565377286235603 0.13598743437848987
0.0777300870954176 0.05860615207086155 0.14338467984891762
0.07375929079035155 0.05734592874651855 0.13576284531761545
0.08353276216768309 0.06118159075862592 0.1492927268055499
0.08616819346776539 0.061637756169990926 0.1580329526213441
0.08776100876180817 0.06340339801751706 0.1486509391824762
0.09020058846008143 0.06451566010574163 0.15743063123199794
0.09198365344926247 0.06600798789341052 0.147885281409234
0.0945779076981309 0.06721272658081194 0.1565313744934368
0.09646284388013432 0.0681612813185933 0.1470773240101951
0.09931223237433054 0.06939680253103583 0.15576135534575095
0.10119644838524605 0.06995315567753557 0.14608695577692932
0.10417989506530301 0.07128580607748755 0.15493758125833762
0.10614355146446415 0.071851316845256 0.14490567710912067
0.10914650969900158 0.07290510100542169 0.15411528972266808
0.1114686920255923 0.07379733173592991 0.14341401605308896
0.11454824621498734 0.07439043237523407 0.15318089181949257
0.11870531486031208 0.0760153242132527 0.141560564112104
0.12142992957428984 0.07593831586659282 0.15194889405779965
0.1270166950085689 0.07730105102591525 0.14038824496080854
0.12953104082795458 0.07715748629759434 0.15063261119676005
0.1337063297403336 0.0762109743023688 0.13760789027622045
0.13634642969075328 0.0764493777314734 0.14847964479461742
0.14129591767039684 0.07434441929289834 0.13640454272317276
0.1437131316165723 0.0750207763279329 0.14723165092358198
0.08529214645106432 0.058080445702639524 0.15009908226304758
0.08778802346692804 0.05892270569049961 0.1588421434323144
0.08950125599637357 0.05977187211126849 0.14915982612703294
0.09200798388094932 0.06075913648874196 0.15794925609392035
0.09363924841512919 0.06323830039612277 0.14807001865901048
0.09636246130334505 0.06391247752341465 0.15686555294022822
0.09762057492750262 0.06540516134836553 0.14727736571455652
0.1004182158083402 0.0659822931595675 0.156044067085505
0.10188677990298266 0.06753925745127597 0.14630360041482476
0.10490971903189485 0.06817868914717766 0.15520968804277172
0.1064074555719089 0.06951980904420872 0.14529982566633148
0.10938995587704005 0.0702348404920664 0.15446187669262862
0.11154011523096581 0.07129963750921862 0.1438359310889424
0.11448489129716863 0.07277917826505594 0.15322861649605646
0.1187186848143363 0.07387420639813332 0.14205879276149297
0.12138829533600669 0.0747372394550742 0.15194558317172874
0.1270058744852869 0.07487718817571533 0.1421430988344979
0.12863001582679254 0.07559236776683113 0.15001469498199047
0.1331162863861173 0.0742569756181444 0.13866532920751942
0.13577338178373174 0.07427978549994431 0.14930082626978539
0.14118114668555956 0.07154521926609288 0.13775984540151154
0.14363855944417134 0.07234128260956034 0.14831704911956844
0.089840446 0.0536479658 0.153048308
0.0908942884 0.0530140821 0.16079802
0.0936589696 0.0538171237 0.152258686
0.0961624507 0.0540925131 0.160651761
0.110022786 0.0458120663 0.157264864
0.109196192 0.048352592 0.16402414
0.11511689 0.0464055331 0.157330548
0.11378772 0.0497188183 0.163555846
0.117327355 0.0475047185 0.156235175
0.116438514 0.0508705453 0.162698186
0.118874946 0.0488798392 0.154503826
0.118757096 0.0523542327 0.161478477
0.120632415 0.0513479368 0.152594051
0.121415673 0.0543559544 0.159845871
0.124578788 0.0529623 0.150876092
0.125876947 0.0562758997 0.158576438
0.129260966 0.0545976387 0.148577287
0.131117031 0.0571382943 0.156998444
0.134267434 0.0563390992 0.14604261
0.136395588 0.0579970511 0.155379141
0.13979392 0.0573814594 0.143351668
0.142269271 0.0588555037 0.153279757
0.08150175352900944 0.059187804517176625 0.1503388872562945
0.08254098650987657 0.057026016247753296 0.15098023448556025
0.08425390148781117 0.05967685847910147 0.15863877467356854
0.08540794677310076 0.057995309486663094 0.1590137462975444
0.06871762060773959 0.05189034532735581 0.17260415928633946
0.07400530945044467 0.05507095911201777 0.17281493285628033
0.06970855799026113 0.05071375510547631 0.17302043255256097
0.07479393767235647 0.053661529829092565 0.17271866827181215
0.07800697757884333 0.05500352806541773 0.17003747731320423
0.07742286553524799 0.05635053042397915 0.17012954788831378
0.08119408321743254 0.056561134301666725 0.1665064972231889
0.08046770633079202 0.05783384981576572 0.16642852036804492
0.08705574785539291 0.06273551987396542 0.16668553752436951
0.08818457656572068 0.06271641147992156 0.17477816059113557
0.09125486796153713 0.06523509519662117 0.16583093163195864
0.09246860642967684 0.06502756689132153 0.17397024466654656
0.09640304837424445 0.06771088188336476 0.16465980561017157
0.09792578015133725 0.06780281338365189 0.17281391818172004
0.10171359514338119 0.07019451932978976 0.1638198768674454
0.10351393987618548 0.07061397762232204 0.17202761262030086
0.10691999766301871 0.07202512264708454 0.16316724915162148
0.10904152014651596 0.07235076034288992 0.1715099813252781
0.11174382108508318 0.07340466521541741 0.16271761537342072
0.11398882298909545 0.0733529608340417 0.17120590230665017
0.11724814267082266 0.07455963231064758 0.16213245505222112
0.11964056988903722 0.07423716591893342 0.17080542413068092
0.12377959437462911 0.07543854805117765 0.16130294715012153
0.12588477314647925 0.07485670412896575 0.17024941835366803
0.1324225384324916 0.07598749816135156 0.1588718042438591
0.1335890605467029 0.07624209323835168 0.16914024229911487
0.13886269250595604 0.07767077040713492 0.15790373540089112
0.14109435957463412 0.0785930354812338 0.16783146432045368
0.1458601275242546 0.07574046575254735 0.15709541564711746
0.14814781876565455 0.07752082386078146 0.16698672342191434
0.08834907137111798 0.059646349737961415 0.16715346896587427
0.08926416745339205 0.059431670607224416 0.17512087635421475
0.09297702301821179 0.06151395114663304 0.16639657605123992
0.09392965620139321 0.06177110855875696 0.17461521744341868
0.09796016176830212 0.06428618273589441 0.1651833337875142
0.0990995015956731 0.06473938504937363 0.17344776765614758
0.10234719333638792 0.0666997817461485 0.16467630065131902
0.10395978343188611 0.06731533198892549 0.17318129141774027
0.10742724913739309 0.0684966600059299 0.1640534844350177
0.10945140787804312 0.06906672264277418 0.1726628324519178
0.11198510803106426 0.07050621611990965 0.16346337979636003
0.1143138001147555 0.07088983685254688 0.1720906540761359
0.11724725502861845 0.07274101574985735 0.16270808745610282
0.11971070595270536 0.07218398610554795 0.17169027568252554
0.12377824561556114 0.07370707679630097 0.1619167903956007
0.12604297363737751 0.07324793130218739 0.17105749126434494
0.13133164531305772 0.07502472165458163 0.16032606780020217
0.1332698215551808 0.07416908236663418 0.17020367447969093
0.13836751798249342 0.07491241551233666 0.15891264499705066
0.14073929724011708 0.0763282142945181 0.1687862059074561
0.14584172894438147 0.07321302242756011 0.15804062165822969
0.1480814710266068 0.07511323051714178 0.1677453186790307
0.09647986 0.045061062 0.172253392
0.0958399919 0.0479570705 0.177837987
0.102298483 0.046188629 0.172483221
0.101337347 0.0500794058 0.177934002
0.107735882 0.0500427231 0.17082801
0.106376702 0.0532091857 0.177124491
0.111024683 0.0529185313 0.169564875
0.110335218 0.0552000938 0.176606101
0.113899074 0.0551262389 0.168652109
0.113869713 0.0574439833 0.17589695
0.117369121 0.0570437661 0.167693841
0.117915534 0.0596575773 0.174996993
0.121742825 0.0582256953 0.166724401
0.122636425 0.0611204522 0.174105528
0.126640419 0.0596961969 0.165678861
0.127848826 0.0619541391 0.173522926
0.132222003 0.0604476464 0.164478415
0.13351586 0.0630236443 0.172536119
0.137972584 0.06055971 0.16315479
0.139627761 0.0629819465 0.171657954
0.144035179 0.0609590351 0.1614189
0.146169071 0.0631011289 0.170387832
0.08363359749565835 0.06001373978001254 0.16739632716534353
0.084546951355976 0.05817355908436103 0.1674869569409014
0.07075049247002899 0.045783015335013263 0.16262445995470384
0.07228684428566083 0.048202291309579176 0.1649732405494819
0.07022298492930669 0.046941843006461426 0.1627403005142476
0.0714710001206503 0.049508141198955115 0.1649130177475235
0.07322306591050579 0.050539672429684164 0.16605849408633347
0.07251556579761503 0.051689298048207884 0.16600313555850596
0.07452195949650646 0.05253779132094758 0.167135518675232
0.0735945952822734 0.05377395170481722 0.1668896529467454
0.07568406599811484 0.0539240881234237 0.16836682976639522
0.07496502361001157 0.055282823756206904 0.16808000472521312
0.04918217105653715 0.009188335982569453 0.16061597661938384
0.05442318609539025 0.010623333444927193 0.16114515601736606
0.05069300906560102 0.008834675770748352 0.16090728267449306
0.056480231255910784 0.010496884888184328 0.16189270253153618
0.05026815012403147 0.008356796957067529 0.17626292452556502
0.05154450299263574 0.007967932820814065 0.17608196001333115
0.06401824384852954 0.01708071898650551 0.1642703884070238
0.06366730946294773 0.016699494162172326 0.16289906274613927
0.062488211065997376 0.015575704003240999 0.16582303774745463
0.06174662278306332 0.014177786689110947 0.16420364145784147
0.05835611180063046 0.012531296006524289 0.16696938714304452
0.0561096045566102 0.010911957270093179 0.16369438733499114
0.05393399542396229 0.01053796380672206 0.16789226974485588
0.050258707846493056 0.00939007568143578 0.16306556789406654
0.06454370633753319 0.016464510997247207 0.1640454282614407
0.06429776117140061 0.015983278267631594 0.16261829077122594
0.06333787012424862 0.014956621776333586 0.165725925370758
0.06283289979026717 0.013756716067173633 0.16419289182729474
0.05952399096617606 0.012432246060719904 0.1668897686233802
0.057862359636882174 0.010744111481501875 0.16403991979394203
0.05531317994061985 0.010239126571160242 0.16781691741783616
0.051953326512163805 0.009130389801866425 0.16341117236074482
0.07956881046279808 0.03182511872964401 0.1202147699939179
0.07364343339368701 0.022731233966654586 0.10338899547614677
0.06472215314033417 0.02104934136821672 0.10352201050106484
0.06703496896766814 0.022926393928183304 0.10357205642277167
0.06637423952295482 0.02269229414604114 0.10470933486987423
0.07215985046607473 0.025251645166025693 0.10812501938878585
0.06798245982203971 0.024660425087119166 0.10880738246705578
0.06470782719997106 0.024061353039277037 0.10984006119669229
0.06727030547844755 0.02348326727340592 0.11391620640247946
0.06552868193065868 0.02260388661469022 0.11457784018564143
0.07259666450154897 0.027155144084535638 0.11129357828599226
0.071330434650305 0.025542865291391416 0.11420568444908154
0.06956851335199915 0.0242687272433002 0.11574072429337143
0.06839919531409928 0.02365529740137165 0.11636688515721141
0.06682231662182771 0.022892227892479973 0.11660067532291024
0.06349421907876697 0.02077832650219039 0.11741394385326465
0.05933457261274624 0.017894277271908288 0.11785978588556842
0.05763043203148686 0.014476969122918126 0.11827221666490605
0.05506007740060994 0.010684582881394919 0.11812639596963843
0.054415908294463564 0.007603153679230846 0.11801020551774138
0.05365269487313021 0.005009270971343212 0.11746586899990666
0.05321910350611306 0.0033702316830388455 0.11715550236403184
0.05307894794884098 0.0015275477163863979 0.11708879511676143
0.07366248752477556 0.02647301521890794 0.1178703295094409
0.07119035810615242 0.025568135730474457 0.11906864030974437
0.0705347456906788 0.024537432597799967 0.11997481944474789
0.06880568639507703 0.023247584164091072 0.12056390155516936
0.06411385669032162 0.021277312714999205 0.12171422622033998
0.06051067184046654 0.018862167314198 0.12225934642375967
0.05840310371016014 0.014949760382593881 0.12175574996874707
0.07706103462575298 0.028784066500807455 0.12167300586177386
0.0803111476 0.0342346227 0.12660056
0.0789272747 0.0427015305 0.129771625
0.0809126738 0.0436599901 0.136381427
0.087263386 0.0500891492 0.150446383
0.0871321266 0.0524242863 0.153489698
0.0892663844 0.052645479 0.161356116
0.07453432550681927 0.025700340152386536 0.12314379169277878
0.0770270885 0.0311001371 0.127775171
0.076643611 0.0378584627 0.131834888
0.0758290222 0.0289340176 0.127363339
0.0750939983 0.0316139604 0.131356508
0.07313187000634604 0.024487779169747335 0.12312907235317559
0.0734047726 0.0247618979 0.127118695
0.073905488 0.0258765625 0.131099874
0.07060175268058806 0.022724401430701452 0.12405288605606135
0.0711728504 0.0234249378 0.127180685
0.0719620678 0.0234707485 0.130833874
0.0667567424957198 0.02113085019986773 0.12492816318632333
0.0674802068 0.0213327851 0.127499334
0.067624687 0.0212343828 0.130379229
0.06116877201718698 0.017942327997925122 0.12542161918844885
0.062464632 0.0174651462 0.128010301
0.0627953388 0.0162533089 0.131638038
0.0578381025 0.00792131916 0.180084189
0.11525726167284199 0.04254129649437903 0.04041665996253923
0.11820945029396711 0.04697776419996596 0.04347661530946467
0.1175752113318091 0.0414219785305929 0.04100261194297851
0.12056041878478241 0.04547565201155303 0.04391041488231438
0.122886892 0.0386534398 0.0448943084
0.12426687 0.0423677781 0.0459908709
0.1242997770884551 0.053968587645224136 0.05064230386942985
0.1260634003666458 0.05257021441367077 0.05045454334409475
0.128852453 0.0487250629 0.0513156212
0.09398020899615869 0.002775358787928995 0.03321182696779306
0.09922611456307535 0.002774322408305038 0.032248965359572036
0.09438539494707063 0.006344450316258184 0.03396217532253248
0.09960024498929856 0.006291453231426645 0.03359263874104631
0.09567319384138105 0.010763076502442154 0.034620010774165766
0.10034976853198713 0.010296236595162317 0.033544536781110926
0.09705961524216512 0.016319661428916905 0.03438272943555647
0.09976908748152111 0.015261731691395502 0.0330644118153512
0.09969674932730939 0.023888766096834685 0.03609980089988956
0.10231229314375899 0.022848434428947573 0.03371070698175835
0.10263562973043032 0.03020544553301204 0.0387470362310237
0.10566901158625859 0.030816158604747675 0.03581237357299833
0.1080951150324668 0.038051473391646745 0.04318327082176662
0.11053372631599921 0.03745353253167295 0.04087894774369579
0.11173493406012264 0.04215036890933463 0.047291533328829495
0.11380206747146131 0.042157873100052964 0.044440894252778085
0.11449688097794808 0.04638836288972182 0.050492091301416964
0.1165636375749329 0.046565380430823616 0.04746361995857219
0.11673988185939103 0.05065598806941943 0.05344855178785271
0.11892477295318164 0.050944353879422075 0.0504301615581065
0.11918919758863106 0.053992573854257646 0.05666177172582594
0.12181460458044821 0.053789201592799374 0.05403808511677544
0.1220698799447792 0.056424203914260354 0.060323393723696564
0.12472955536849327 0.05672792181310236 0.05754167014456157
0.0962586560633907 0.0026332904581018914 0.03562772785587391
0.09964971670345942 0.0027660795986045148 0.034699551094964164
0.09721425763909514 0.0066646083359792494 0.036315582320801974
0.09992743209758573 0.006343397101580222 0.03528820665787852
0.0980314224680114 0.01094437010802495 0.03662016243850043
0.10078191200443977 0.010100431070156348 0.035039472054574514
0.10045893756361457 0.015757973383569168 0.03859463927885438
0.10268488160328983 0.015924102011013824 0.03503617746773523
0.10355125014008248 0.02111563632403543 0.040923829927224695
0.10477505653184752 0.022034726883658935 0.03636011429436605
0.10745653238183377 0.029328626313470284 0.04380161847018354
0.1084619431363752 0.029474967037394443 0.039310426060787156
0.11146247233476975 0.03525472288797858 0.04755661592262234
0.11337279467665977 0.03575539087087631 0.04368485397393447
0.11407450064791358 0.04004655732287963 0.050366609303041134
0.11603400742897085 0.04070211870053258 0.046523519372796404
0.11613455801098331 0.04426275364642637 0.052781294673974674
0.11839934901517632 0.044952256218687696 0.04908838955671996
0.11816410463443616 0.048302426947755744 0.05543291320330155
0.1205837137451123 0.04907270941057214 0.05184058353954116
0.12037951595745333 0.05149785102021566 0.058405279783756134
0.1229758258017809 0.05230702942547438 0.05505171435473676
0.1226319165762165 0.0538922168473082 0.061481095735825185
0.12561537477642618 0.054739475013390736 0.058217413051700674
0.105743235 0.00230689407 0.0470253232
0.10897305 0.0026727774 0.040560533
0.107073206 0.00552777813 0.0479575538
0.109432423 0.00597031345 0.0409335209
0.108174672 0.00899258091 0.0491962784
0.110170105 0.00971409422 0.0415570099
0.110128785 0.0128519974 0.0507351912
0.111525167 0.0137235618 0.0426103334
0.112389094 0.0177496814 0.0522907639
0.114108545 0.0192325711 0.0446056453
0.1148907 0.0226104901 0.0545562737
0.116460468 0.0251922813 0.0463775886
0.11747231 0.0284927044 0.0568402497
0.11900673 0.0310244666 0.048930683
0.118802752 0.0325646585 0.0584059092
0.120477965 0.0359322245 0.0505507018
0.120122151 0.0359566497 0.0605788107
0.12218819 0.0395478705 0.0527726702
0.121235802 0.0392553947 0.0625546032
0.123754912 0.0432152983 0.054813946
0.122780034 0.0410589455 0.0657720854
0.125689298 0.0455282141 0.0579198214
0.124424494 0.0426204985 0.0685306247
0.127595428 0.0470215265 0.0614489692
0.119367331 0.00300727299 0.0346781832
0.115944571 0.00317995443 0.0315857036
0.119370503 0.00610101569 0.0350615752
0.116207019 0.00632586016 0.0317838769
0.119384012 0.0100559729 0.0354468482
0.116605776 0.00986384949 0.0321663879
0.119411135 0.0140286987 0.0353548588
0.117367682 0.0142348289 0.03192039
0.119428281 0.0188711312 0.0356959019
0.115354423 0.0205152101 0.0329031074
0.119435723 0.025353727 0.0367543099
0.115882927 0.0268485443 0.0334074397
0.122172361 0.0340496179 0.03599897
0.11974781 0.0342289902 0.0328576414
0.123966366 0.0403809577 0.0371003673
0.120042458 0.0422244641 0.0351293862
0.126248052 0.0445287206 0.037730719
0.122686261 0.0468957623 0.037149299
0.129705224 0.0480970779 0.0411620682
0.126152429 0.0508137001 0.0407821855
0.132395629 0.0509558764 0.044764165
0.129707148 0.0534278832 0.0443949106
0.134496714 0.0545350602 0.0483928336
0.132405266 0.0571974627 0.0485128745
0.113597152 0.00278265134 0.0293792436
0.113959612 0.00637593903 0.0300384986
0.113734384 0.0101419696 0.0307844
0.115552552 0.0145419531 0.0304086012
0.114587398 0.0207058653 0.0314680527
0.114581105 0.0276070737 0.0319095583
0.118782467 0.0346697955 0.0316534231
0.118687907 0.043441148 0.0340610432
0.120615186 0.048200758 0.0370789055
0.124093416 0.0522756072 0.0406944559
0.128193455 0.0548779758 0.0445161117
0.13134025 0.0582227805 0.0487778548
0.12495145406502565 0.05594780877633746 0.06470604259854928
0.12429816703846798 0.058700492011717585 0.0639721740518985
0.12828770953471755 0.05666010841487227 0.06175832703037805
0.12758597098446675 0.05852068792237278 0.06147409053288963
0.1316091390221045 0.05757908538317896 0.05831906039780455
0.13072125915005275 0.058915045038733516 0.058713005454736934
0.135075785 0.0602551454 0.0530319006
0.134291051 0.0612488223 0.0534814972
0.125575698 0.0435445408 0.0713319697
0.129333375 0.0482885699 0.0640944146
0.132967594 0.0527895833 0.0584334074
0.136551319 0.0567555478 0.0525654802
0.12647115897353065 0.057528152861143225 0.0689351344559864
0.12617845847851752 0.06102516235937089 0.06795152502751056
0.1303152622819264 0.058737822737846127 0.0655944396870955
0.12998644945329715 0.06131918405955164 0.06550408002100112
0.1343393409287299 0.059784312469810814 0.062207970244454895
0.13330803257004425 0.0617923358713198 0.06294701812006502
0.138415191 0.0621111072 0.0577418616
0.137559537 0.0634949234 0.0583125408
0.127080587 0.043633102 0.0730549753
0.131417539 0.0481590133 0.0680562954
0.135113429 0.0532522594 0.0629423673
0.139353328 0.0578543733 0.0577399528
0.1282949641666311 0.059225808344543815 0.07325552180164059
0.12796884942871808 0.06325549185536669 0.07232795845976428
0.13249887852670006 0.06042216780670577 0.07032150605341929
0.1319896987093036 0.06365427341043663 0.06986516520692798
0.1367210892336214 0.06140758180467929 0.06721043927327583
0.13585493352622113 0.06393616438653577 0.06746116568229314
0.141393529 0.0631586869 0.0631771163
0.140614368 0.065099051 0.0637024813
0.129141306 0.044276707 0.0743452524
0.133103614 0.0475693921 0.0723629978
0.137448853 0.051707834 0.0679543951
0.141904364 0.057015525 0.0636346337
0.13087026279677283 0.06168924418510159 0.07991691701783551
0.13074828603778482 0.06641293866846416 0.07847811387114557
0.13550566897103128 0.061774170381740726 0.07780814282111102
0.13538328531101113 0.06577686520659361 0.07699538450784231
0.14010531162407933 0.06232305107157465 0.07580153235920666
0.14017888203654777 0.06548911054300839 0.07497747295968876
0.145866625 0.0638057365 0.073194897
0.145309818 0.0660948299 0.0727077122
0.13096995 0.0472845994 0.0840662325
0.135319048 0.0477572413 0.0805634771
0.13944258 0.0500971347 0.0791176299
0.145854128 0.0541980621 0.0749891556
0.13405202000773325 0.06315601179518454 0.08833906975888477
0.1342869908507412 0.06877010379692014 0.08725318921080857
0.133953182 0.0475937446 0.0931283373
0.138067336 0.0491039583 0.102944686
0.13788310903469078 0.06436279752907198 0.09891328604806214
0.13808245243631628 0.06947182090034765 0.09784215007550819
0.1416417184794015 0.06596946963872856 0.1139320226062664
0.14178863599028776 0.07104956733333032 0.11336394224678986
0.142336836 0.0524789519 0.117017493
0.1445458511708919 0.06791043542197467 0.12708072716522845
0.14477689211913444 0.07082508739993594 0.1257812627654458
0.146324115 0.0550318547 0.129942463
0.1390792651731113 0.06219950772742692 0.08628152447555111
0.13923981240988292 0.06723656173662249 0.08560658373088953
0.138508596 0.0477145175 0.0896890896
0.142100985 0.0487768488 0.0995484621
0.14300740817605334 0.06359323925703748 0.09626233668878023
0.1430633347265389 0.0688023793696529 0.0958070776625903
0.14731568319261612 0.06512666086853298 0.1122051315523957
0.14831632158083546 0.07024044685819462 0.11023990605515582
0.147061814 0.0523186606 0.115695086
0.1503214998465869 0.06739446000069016 0.1254914683653978
0.15005845869428028 0.07094949712805151 0.12462237263678067
0.150390177 0.0543588682 0.129401966
0.14402268586823908 0.06335933794379628 0.08400019692184157
0.14433394152427134 0.06730113829215345 0.08339280976056987
0.1426223 0.0484723594 0.0879947144
0.14776895015854233 0.06471599439666831 0.09367251340099746
0.14825359090786155 0.06916602294346232 0.09351636277921298
0.144842576 0.049582187 0.0968319918
0.15235683515861512 0.06684890861835215 0.11039527906262368
0.15231513386203707 0.07100061636587916 0.1096148554079518
0.151569572 0.0519004459 0.112464648
0.1555997626338468 0.06797930791528042 0.12384551616329614
0.1553777593226305 0.0726001011504743 0.12319874797284025
0.155738023 0.0537560827 0.127390303
0.149514103 0.0650704864 0.0815510668
0.149415567 0.0671983758 0.0810527882
0.147854028 0.0523678271 0.0843606642
0.153295283 0.0660555234 0.0909935322
0.153530337 0.0691773376 0.0912930045
0.151071187 0.0509107582 0.0936363179
0.157968489 0.0681337526 0.108524893
0.157657691 0.0715452191 0.107954502
0.156186745 0.0529612252 0.109673727
0.161023721 0.0690967878 0.122198343
0.161102904 0.0731653287 0.121797161
0.160533125 0.0540367542 0.125418774
0.14671671189571434 0.06627604954362161 0.13824489437941448
0.1469770170157956 0.06906601035272478 0.1372810752572637
0.146758431 0.0563564699 0.141649332
0.15274660096327625 0.06856215752495162 0.13691547439044888
0.15177361421348318 0.07222957329667573 0.13554664511560208
0.153380024 0.0558241234 0.140446244
0.15864706898863745 0.07125964376405379 0.13557197208763222
0.15822863761602796 0.07474732751351336 0.1346296198853064
0.158572444 0.0554410982 0.13938176
0.164213779 0.0710959846 0.134409827
0.164141724 0.0751769919 0.133451624
0.164398469 0.0552610815 0.138183793
0.1493430822916014 0.06701034445441094 0.14842897674438096
0.14860005256786574 0.07151085021990566 0.1482903674851429
0.149227604 0.0580235448 0.151546417
0.1553175935151595 0.07040716589271076 0.14793455333860883
0.15522731640662205 0.07523583850927804 0.1465412596038802
0.156301816 0.0573594191 0.151377572
0.16136381098286526 0.0751233195434809 0.14683760901568935
0.16104345800720038 0.0777782206146837 0.1455349292238869
0.161777357 0.056828307 0.151224044
0.167029919 0.072105553 0.146297155
0.166983625 0.076192436 0.144963
0.166945292 0.0563791423 0.150839566
0.1520670234516222 0.06827885795403416 0.15884398357769544
0.1520834461760428 0.07155451423888318 0.15824636398557124
0.152005184 0.0592101318 0.161591775
0.1573965256231771 0.07316278801667138 0.1580018999749432
0.1567537478266045 0.07806158317395002 0.1567917766731174
0.158990715 0.0585202036 0.161615767
0.163287899944605 0.07631006567569949 0.15727799387637495
0.16285615211281063 0.07936837430373604 0.15620411321511546
0.164465317 0.0578331636 0.16180955
0.169433824 0.0731795381 0.156953383
0.169398203 0.077747869 0.155696205
0.169530764 0.0570048046 0.161876285
0.154606455579081 0.06990125273924942 0.16870172510315196
0.15435099910051742 0.07284190062715082 0.16810112571924687
0.154475439 0.0620288123 0.170744026
0.15950707441465653 0.07222877422136924 0.16783527248364086
0.1592433082136393 0.07541318012678426 0.16721013958003558
0.160953167 0.0625799714 0.171118851
0.16546113162750686 0.07539334933266593 0.16698375017076106
0.16510247676571974 0.07945231661833284 0.1658058139165016
0.167248951 0.0632056288 0.171013546
0.171923135 0.0748817387 0.167197172
0.171873162 0.0791049772 0.166195767
0.172582466 0.0627730172 0.17148351
0.15597959232291914 0.07331798334742055 0.17789977926054767
0.1559624986514912 0.0757168316932961 0.17729600574041252
0.156402928 0.0648116736 0.180506646
0.16055695456273092 0.07518626712542809 0.17715445541273075
0.16029346464512798 0.07757306380119686 0.17650583354195967
0.162383056 0.0654263032 0.18064119
0.1673819047344775 0.07665630150886459 0.17683168316256076
0.1682959517447649 0.08021297078907662 0.1754437097810909
0.169958904 0.0655076217 0.181180063
0.174210479 0.0769171907 0.177251119
0.174290842 0.0821237617 0.175987814
0.174840213 0.0653027549 0.181062613
0.159782765 0.0731698338 0.198132315
0.160024334 0.0747306973 0.197874008
0.159212265 0.0655791238 0.202316158
0.164813598 0.0737497979 0.19811897
0.165350997 0.0771607376 0.198033262
0.164593166 0.0650324045 0.202659013
0.170782222 0.0772224816 0.197570728
0.170485807 0.0819940233 0.196069175
0.171298707 0.0655027858 0.202278932
0.176859304 0.079008421 0.196889321
0.176909034 0.0843347337 0.195442794
0.176636295 0.0648666077 0.201737672
0.0573463724135609 0.009761990667798953 0.12167991459558222
0.05637671821340651 0.006936872086346843 0.1220004772484155
0.05576214480477458 0.0044846235444577194 0.12158931451537905
0.05483057832058807 0.002941603545754849 0.12091036532523954
0.05486768020679254 0.0013057626227597006 0.12125212484232613
0.05824313872577626 0.012578944581308548 0.12183442394353283
0.06014642768425898 0.015481549735666707 0.12565140856411572
0.058971723610799234 0.014054114915079238 0.1256352384079134
0.058320958164454414 0.012079785308992369 0.1251128755657404
0.05753774771464889 0.01109932403879833 0.124777206688553
0.055820152473637176 0.009418646394710418 0.12441820796413254
0.0625079682 0.0251313994 0.19658412
0.0619342832 0.0287933189 0.190036476
0.0649316206 0.0305371398 0.195860644
0.0678279432 0.0344490857 0.195304827
0.0698470185 0.0388706162 0.195147991
0.0667084347 0.0397965932 0.181576611
0.06701887 0.040748668 0.183228157
0.0681646236 0.0410045037 0.184816174
0.0701916446 0.0413027814 0.189139072
0.068523219 0.0433513214 0.181288761
0.0737545617 0.045258505 0.189368598
0.071946315 0.0452499021 0.185146683
0.0698514325 0.0445438419 0.182798836
0.0719830665 0.0468339872 0.18100988
0.0719794034 0.042446511 0.195344322
0.0755606459 0.0446918626 0.195591171
0.079660419 0.0464276367 0.196019957
0.0839070617 0.0478763691 0.196599053
0.0885076402 0.0488356865 0.197099373
0.0932478583 0.0496731656 0.197471542
0.07753716 0.0477965993 0.188770685
0.081496161 0.0482220959 0.187376637
0.0858040939 0.0473082052 0.185891721
0.0908343674 0.0473462078 0.184569643
0.0756537788 0.0480062604 0.184463471
0.0806118697 0.0483651347 0.182209083
0.084799525 0.0476887938 0.179927915
0.0897618148 0.0473034235 0.17809862
0.0738897878 0.0474723869 0.182449173
0.0792681894 0.0488812204 0.176724642
0.0801478421 0.0486911121 0.17951483
0.0759599756 0.0475571981 0.16842579
0.0754524653 0.0479440698 0.170528729
0.0767072563 0.0479192946 0.171348248
0.079523399 0.0471331007 0.172054637
0.0887956078 0.0490362628 0.170235895
0.0824839249 0.0481327408 0.174202163
0.0841503108 0.0483518206 0.177108942
0.0844784424 0.0493449928 0.169213207
0.0869884633 0.0506916181 0.169451504
0.0846294751 0.0513376906 0.164188585
0.0869536262 0.0522744579 0.162450399
0.0828052581 0.0523518413 0.157747505
0.0846946693 0.0522788902 0.155144216
0.0809271833 0.0498475799 0.15349969
0.0837703229 0.0486226074 0.150982324
0.0761182588 0.0462100424 0.148122773
0.0762985509 0.0464634689 0.145060213
0.0659386976 0.0208616816 0.139854056
0.0668385886 0.0204647357 0.136964523
0.0696588639 0.0249684623 0.139302325
0.0705255536 0.0246724268 0.136635985
0.0717541668 0.0309862772 0.136574503
0.0714778103 0.0378365616 0.137239989
0.0720038163 0.0431110875 0.139929859
0.0719513447 0.0307543416 0.139006829
0.0719181081 0.0372228486 0.139411969
0.072635635 0.0424472724 0.142618843
0.0506057252 0.00658007439 0.160309292
0.0542589179 0.00857758568 0.159326479
0.0590209585 0.0102749312 0.158992104
0.0612228562 0.01123916 0.156370961
0.0586666694 0.00814871792 0.162595248
0.0622858191 0.0103719457 0.161180478
0.0596308304 0.00731083387 0.164836689
0.0627736379 0.00876261589 0.164610618
0.0674682976 0.0105082665 0.164097923
0.0674833352 0.0105408877 0.165347617
0.0676464496 0.0107920002 0.1665943
0.0679842105 0.0112654313 0.167932769
0.0647352217 0.00911425074 0.165407973
0.0647900248 0.00881994171 0.166665511
0.0650885513 0.0091189229 0.168006295
0.0655519546 0.00980246674 0.169656911
0.0621740809 0.0071774801 0.166180099
0.06165846 0.00654377847 0.167945642
0.0615129995 0.00695848144 0.170061864
0.0621159048 0.00811841171 0.172690366
0.0598340579 0.00625221082 0.166709058
0.0597373373 0.00610069968 0.168716527
0.0597911287 0.00673398804 0.171026325
0.0601673244 0.00796588532 0.17361576
0.061938960163647916 0.027535311234454407 0.15010111789583278
0.06249943858720985 0.025468278288155184 0.15070682343880695
0.06261078885200304 0.02345498735578437 0.1513899054360168
0.06325875161925104 0.021437664064536996 0.15234212111500067
0.06172980885425451 0.028114558425268492 0.15002157256579143
0.06162478730932608 0.02635272067459564 0.1506518998242354
0.0616178955081719 0.02433892053414952 0.15146417810655366
0.061767549655464965 0.022226293221879186 0.15260109152328627
0.0701048858 0.0154461416 0.154218054
0.0700069939 0.0173858559 0.152981764
0.0696837954 0.0194042137 0.151897314
0.0693276153 0.0214781755 0.150998528
0.0665810724 0.0157584315 0.154147045
0.0658755628 0.0169735286 0.151771342
0.0656932715 0.0185349734 0.149601268
0.0659470091 0.0205588983 0.147839661
0.0647786641 0.0149836827 0.154519157
0.0635225864 0.0159959388 0.15119156
0.0638572229 0.0173303735 0.148391735
0.0645910339 0.0197274408 0.146347148
0.0622820552 0.0119795606 0.152327116
0.0606045702 0.0136104358 0.148799848
0.0611066436 0.0156890632 0.146118266
0.0624013311 0.0178903813 0.143883922
0.0624209505 0.0162901118 0.141174201
0.0622005588 0.0158287416 0.138175723
0.0604358523 0.0138981499 0.128384269
0.0616699134 0.0116722217 0.133415638
0.0611935787 0.0132274284 0.130508464
0.0570089117 0.0112575551 0.149625886
0.0605084854 0.0111219263 0.137728874
0.0607881409 0.0135130364 0.143450654
0.0605748443 0.0118933336 0.140234545
0.0588674285 0.0116684034 0.142828988
0.0593112663 0.0125549104 0.146193521
0.0550883122 0.0106929951 0.150559541
0.0497990413 0.00916210318 0.151989979
0.046423575 0.00766351656 0.153983029
0.0440626883 0.00623734098 0.155983906
0.0420781988 0.00323123723 0.157430727
0.0412334655 0.00142250714 0.157727022
0.0541373872 0.0111581113 0.143589603
0.0373274108 5.79568189E-4 0.154023384
0.0496260919 0.0103060234 0.145300714
0.0456919971 0.00828431288 0.147647842
0.0421857508 0.00696978792 0.150009759
0.039674654 0.00524209299 0.152307206
0.0380464062 0.00178409042 0.153534925
0.0566075316 0.0112647177 0.138812052
0.0507541859 0.0112065998 0.140112954
0.0460578315 0.00952709949 0.142192145
0.0419692223 0.00825051501 0.145360674
0.0385694689 0.00656463611 0.147969354
0.0366714122 0.00448508541 0.150099954
0.0354905986 0.00135164777 0.15121283
0.0351759411 3.20725484E-4 0.151486069
0.0601540356 0.011554677 0.131992502
0.0557291719 0.0121016936 0.13537282
0.0492688364 0.0136985931 0.136903935
0.0454221612 0.0122826128 0.138336928
0.0420447861 0.0109187254 0.141327048
0.0386712746 0.00941549483 0.144002876
0.0359307854 0.00626472581 0.145904107
0.034140248 0.00377069343 0.147340105
0.0331600221 0.00123931526 0.148497647
0.0329160488 5.38240946E-4 0.148604846
0.0577127247 0.0128592829 0.130561891
0.0513775612 0.0144479783 0.133651006
0.0420655838 0.0135406462 0.138438574
0.03764975 0.0111786817 0.141039772
0.0458200404 0.0136893856 0.135221102
0.0355011776 0.00899579538 0.143286746
0.0330902261 0.00606012695 0.14411449
0.0315719187 0.00339134592 0.145088792
0.0306234811 0.00130184297 0.145736757
0.0304198165 5.5483891E-4 0.145913917
0.0560659458 0.0147804778 0.12756124
0.0502958719 0.0167648817 0.128558128
0.0480552332 0.0158500909 0.131670138
0.0437298724 0.0149256631 0.134426073
0.0402226089 0.0139867017 0.138367089
0.0352435222 0.0120097483 0.140247233
0.0401265214 0.0128304235 0.137378642
0.0334836228 0.00950774607 0.141738496
0.035224667 0.011849493 0.139965086
0.0355032367 0.0114544437 0.13900975
0.0312130608 0.00593550037 0.141855166
0.0298093143 0.00323707059 0.142285381
0.0288559702 0.00125160354 0.142846266
0.0284723782 5.69622967E-4 0.143156992
0.03219135 0.00913675287 0.139618759
0.0301011804 0.00547113111 0.139170704
0.0293753999 0.00402966823 0.139245874
0.0300858314 0.00385150321 0.136666358
0.0314103421 0.00639643853 0.137263966
0.033383838 0.00942410783 0.138389316
0.0283948599 0.002021217 0.139474553
0.029041505 0.00183467846 0.136623513
0.0276208671 5.57861654E-4 0.13981451
0.0281928812 3.73026457E-4 0.136836315
0.0309850558 3.3772853E-4 0.133805098
0.0357484424 4.92826775E-4 0.131472381
0.0454334683 9.0306936E-4 0.127944049
0.050644573174645394 0.0012037231935229423 0.12577793098816467
0.0318464708 0.00185623036 0.133700129
0.0366138324 0.00208965091 0.131478977
0.0461715671 0.00283497894 0.128009428
0.05149520275258452 0.002682792514992369 0.12598300584959032
0.0328559253 0.00383930018 0.133943529
0.0374234579 0.00396426412 0.131553882
0.0465693427 0.00505989214 0.12786795
0.05232686241969559 0.004039308983175128 0.12574518333406887
0.0499809333 0.014541473 0.126896674
0.0478336918 0.0158547972 0.128518781
0.052344262 0.0154424482 0.127005089
0.0501839575 0.0165252018 0.128350647
0.0466184348 0.01648009 0.129723935
0.0395280389 0.0124428941 0.136864917
0.0426207395 0.0144599525 0.133685479
0.0402852873 0.0114260523 0.134567281
0.043146797 0.0126482402 0.132315517
0.0343512961 0.00641179925 0.135028097
0.0360578239 0.00886618458 0.136603475
0.0377466007 0.0109746835 0.13752135
0.038111175 0.00599828484 0.132217003
0.0385731289 0.00810249901 0.133493247
0.0391566422 0.0101231933 0.134687079
0.045264426757020124 0.001306500540826147 0.10513489647867026
0.04625426964339404 0.0012878120095286293 0.1085007298077405
0.04545246698031605 0.002643858975719274 0.10526107745114016
0.04636203028301091 0.003176745763889158 0.10845429291281639
0.04593014049055418 0.005492564898140451 0.10540960082235318
0.04665169684545308 0.005481338013662251 0.10839287083079847
0.04635072115821176 0.0083745255141323 0.10564716889214383
0.04709900378912722 0.008395483033228183 0.10841786884411377
0.047400473303023764 0.01166144374858405 0.10581374616120172
0.048341837609432683 0.011979753246258123 0.10858637979450093
0.04928984478827491 0.014474142662720778 0.10629743396230881
0.049569198691786547 0.015062859757736474 0.10844981522319236
0.050331155527451925 0.01712294771765898 0.1056126273155489
0.05120177705324609 0.018209364966016783 0.10765206421994132
0.05205362204868734 0.019126842860942583 0.10534043785803177
0.05294964078649573 0.019945558540524082 0.1073706875802851
0.05345939694523768 0.020475583702767152 0.10501106204883025
0.05394819640309438 0.02104084965136398 0.10692299477600267
0.054944559147472725 0.021841365023380768 0.10443954400016912
0.055669129271830736 0.022075209008996743 0.10635615377877802
0.05623158346935513 0.022858679836643334 0.10378954044284057
0.057076273127957974 0.022924112186235086 0.10573002812423456
0.057227743179780736 0.023844637026567545 0.10291815509676526
0.058507937469548146 0.023582604450063587 0.10494545185873264
0.060267467321533805 0.023273968996387496 0.10278847919123825
0.060799632607388875 0.02356402743196814 0.10451477051921922
0.06273938085164316 0.023190399333241133 0.10273414293945714
0.06067337660828557 0.022742188031047578 0.10094657934109008
0.06429153475064169 0.022634801848511535 0.09987264148665415
0.06208695327250385 0.021479571214576214 0.09944688282875105
0.06982131252407732 0.02501598354257407 0.09359257543299566
0.06635728947386843 0.022404405362272832 0.09439489849533421
0.06491586830866644 0.023070888833509422 0.09084692315108152
0.06907406427611362 0.025506334490078164 0.0900949932215523
0.06390706536064833 0.02269489876085 0.08899295432101083
0.068469910486415 0.024750344461841167 0.08740318340775884
0.0631738323242777 0.02158824860128922 0.08727462685174354
0.06772753501469736 0.02341109396459299 0.085342188782308
0.06260808903101557 0.019910897172031213 0.08565543590562857
0.06695954507455545 0.02200784461049681 0.08328897234768083
0.062064333561939 0.01789767446302729 0.08420399864212587
0.06607957009286784 0.020018891168157322 0.08159073385223872
0.061629721614755176 0.015542928588126738 0.08276148805839972
0.06519631904513531 0.017511060916301155 0.07988732506779021
0.061240684805968726 0.013063622384637078 0.08151381347823809
0.06380603013366157 0.01454064288984531 0.07836439781959387
0.060798563901663126 0.010082161662931952 0.08071783135826124
0.06214575725090507 0.011077313200657617 0.07722122923413745
0.05903115880199267 0.007312738858997963 0.08059589328563788
0.06012044557798928 0.007636407129112163 0.07713749704518423
0.05767915268320934 0.004267333752837807 0.08021700023201031
0.05897868883675938 0.004090195410786074 0.07626508385936662
0.057691832411142965 0.002469703897329853 0.0799723252250605
0.05879942884104874 0.002389291663969047 0.07613089231285586
0.06790648066580802 0.025001064071619398 0.09823201359393846
0.05834949971407338 0.0024095975354181663 0.07165407674999588
0.0591160251816142 0.004066702158092851 0.07262716488025109
0.06057400041849911 0.008206430851238428 0.07285834953855792
0.0628445221745588 0.01196096617778398 0.07281339092830984
0.0647795223599541 0.015231040927698506 0.07361401330919962
0.06645403478559761 0.018322270154214195 0.07460690509287445
0.067948262583487 0.02133390089602813 0.07560269756131692
0.06915575928108911 0.023787696328849483 0.07754680797630674
0.06999825601979864 0.026105022197592566 0.079893230534143
0.07060266317164803 0.02742139902958641 0.08231168823934536
0.07155474266209415 0.029184159419958784 0.08544079818525203
0.07310137483579615 0.03001891562582886 0.09086239467211342
0.07167169452119784 0.02909071205566585 0.0965904064195789
0.07055668861511165 0.029694597490106254 0.10155774621670534
0.06560488236215666 0.02733127411151991 0.10387406248056817
0.062270565188325376 0.027585458340772088 0.10479952029580233
0.06004752453987609 0.027004900807687995 0.10615990201186898
0.059939639699654455 0.024127878844038064 0.10930084206838962
0.05743485837897156 0.022506771369176733 0.11104603154186793
0.05466055734194396 0.020812267355454085 0.11243873537020513
0.052047431662753725 0.018950373563369902 0.11273438085391407
0.0506039077751598 0.016025659690212524 0.11300538655154299
0.04899597224288513 0.011994446471066709 0.11248693487852603
0.0479327897774394 0.009326526367192323 0.11241294443840208
0.0474994710573432 0.005537015546962942 0.11185940309474497
0.04716958822022654 0.003310208211285673 0.11166384485610467
0.047108273734246954 0.0013744943659525872 0.11181780389158218
0.05759099266250926 0.0024668954436289116 0.06777059485638105
0.05903039360475154 0.00523762436990503 0.06762281044200076
0.060876031102561644 0.008414479947697798 0.06820735925629498
0.06289727478401055 0.011913068049098556 0.06871262839846144
0.06520319115753052 0.015297695997798011 0.06937004711794219
0.06683765472177892 0.018716457955549833 0.07007275615938566
0.06995748988142937 0.022679926113622354 0.07153641569265966
0.07194766044944043 0.025337169817912394 0.0763910174601297
0.07371908536212878 0.028973001511178435 0.08388406021961363
0.06926190426647909 0.033204934381198314 0.10560300124371214
0.06675431628059181 0.03191645580311856 0.10662743895273936
0.06487222790683578 0.029156846085850518 0.10908427639776463
0.06280804714220573 0.026935079587282616 0.11134041734847022
0.06098180308536115 0.02569167031567899 0.11324456859817791
0.05868278767611286 0.024658970093557997 0.11473155188284505
0.05588443219212951 0.023027379433675853 0.11610294060269134
0.05306373233253503 0.02037409576114494 0.1171032115841781
0.05121602607130518 0.016649352393752214 0.11769721229216756
0.05030634471667162 0.012685430594626559 0.11759029395009452
0.048682101875819214 0.009276836741660598 0.11758586284522937
0.047813242603464166 0.006782635470335474 0.1172407474054413
0.04740197979667894 0.003423981996666924 0.11653378691001012
0.047269136581212574 0.001490868608026168 0.11669728551637529
0.05759531815740976 0.002617317427131953 0.06449463295428078
0.058174887703617804 0.005355982613839485 0.06457715345037786
0.06061486818528651 0.00837957249967252 0.06517502212951347
0.06314863675443773 0.011305392938725005 0.06584577353298178
0.06550921298204584 0.014678019393020193 0.06636783908078579
0.06792362706469605 0.018922830083612407 0.0667866874467431
0.05838984135576014 0.00270744405845262 0.06246586844896645
0.05841688578705659 0.005371437136384955 0.06219777172439153
0.061031217127403746 0.00806694176192507 0.0624041966203201
0.06310500657806024 0.010905586628796819 0.06271192728508804
0.06578338765155552 0.01427070876158325 0.06326189099337348
0.059318054165755446 0.0025472248735570846 0.05919213261951552
0.059522386835534 0.005165055095174714 0.05901723143751385
0.06160548798937222 0.007891704504481125 0.05916304355935087
0.06379683407436687 0.010822141741809795 0.05932305249152457
0.06061608906042615 0.002482109700595811 0.05664370812474749
0.06111965249475925 0.005057265446724225 0.05638839073229409
0.06311522540013588 0.008092193679651236 0.056423850564702685
0.06529945111195741 0.010915960584493683 0.05637451614521207
0.0686408590652558 0.015267760409498569 0.05692411182086092
0.06695990404692372 0.014474192112688048 0.059676634877141574
0.0629091489149807 0.0026057593398630457 0.054364405817087506
0.06348625948278866 0.005099712057087293 0.0540939052665429
0.06569125323747539 0.008333078907678438 0.05418863281087492
0.06773705050721945 0.011134835822061645 0.054300956505539504
0.07082738475729099 0.015790860540141748 0.054916313741971416
0.06781859161111198 0.016899028601227776 0.061820308295677265
0.06639421190992495 0.002666243276917464 0.05243151340736604
0.06704580983437672 0.00535840997478485 0.052397579856125365
0.06849228813116688 0.008559090173876776 0.05240411483900938
0.07069516388388355 0.01145337598206873 0.05293941523909798
0.07407383006602958 0.016100938754972247 0.05379179040659499
0.07123374223598138 0.0026449754405622186 0.05059156299339297
0.07202952071285833 0.00540121831265574 0.050725286042350125
0.07333445935706533 0.008665453099744523 0.05112598235856706
0.07522479784170884 0.012112972881592346 0.05166030788469016
0.07888027635794234 0.0165752465094647 0.05332167941892186
0.07577106505885316 0.002638216688181848 0.04932842896190072
0.07684340545806967 0.005461982195175336 0.049795240196910846
0.07811656328865324 0.008844216775783093 0.05014057995511955
0.07994698921374557 0.012527261515434117 0.05077850599737894
0.08423123984270617 0.01705064419609005 0.05374998152806277
0.0812197569381285 0.002653200384292646 0.04709174543212778
0.08213227793981578 0.005372889723998575 0.048183589980076685
0.08555688553089658 0.012840972282500803 0.050291694684473254
0.08351294227367936 0.00889497191356331 0.04893374892795556
0.08796157351931769 0.0026583835306025695 0.0460958735121753
0.08918483098927273 0.005833762674043899 0.04836552640753268
0.10119351679367823 0.019601449547909277 0.054587527936358696
0.09591102549549689 0.01789147024856287 0.055737894319995346
0.09294219439033632 0.014248959182071318 0.052329608117613016
0.09798873044964632 0.014285505575656913 0.05170708557172922
0.10397078021770288 0.006270544481396943 0.03628872549428855
0.10507806051863046 0.010294199059931555 0.03716668939577559
0.1031292886636157 0.009517641873190597 0.04429324699758602
0.10117389325606929 0.005913981577280628 0.04196424643221366
0.10332515201676946 0.0027196331626684273 0.035725417290885575
0.09969155685357696 0.002699189538841165 0.040393556822046706
0.09655036065808073 0.0026891581091429266 0.04283911984841115
0.09810798478721412 0.0058867913687988705 0.044649381372006074
0.11117867693153827 0.0029200638190335125 0.03402558200796242
0.09337781616325332 0.005856935951214873 0.04681419047304294
0.09230764235493268 0.002674860435868991 0.04439350148653048
0.10330666469271375 0.014320297041613422 0.04926475681437036
0.09543051396171046 0.00944587459226672 0.04883214427250292
0.10037291177935993 0.009482192890807834 0.04662890448910746
0.117262113 0.00313950412 0.0329364761
0.11781744 0.00636226183 0.0332114254
0.11201907720309787 0.006361204203728148 0.034061560047056946
0.10604998729686542 0.01436164615356994 0.04640006549947982
0.09058639819217587 0.009411119822995149 0.050043270621802874
0.08953913603093297 0.017446371924042706 0.05478682626716611
0.09977505257010712 0.024473202012599334 0.058952902078412285
0.09390179670194229 0.02415161834705983 0.05856385231422655
0.1061956179599348 0.019624355903414905 0.051942182184365464
0.0883832681413093 0.022673070118185108 0.05715322884735895
0.10419076275414461 0.024422105014951456 0.05714538083722582
0.1088814437452383 0.024436554559852025 0.05427233905927366
0.10681891043533781 0.015098947151646868 0.038515182483251705
0.11003296382514766 0.009836672563995928 0.03424688939951639
0.118037238 0.0094789674 0.0333615651
0.116924396 0.0139895499 0.033385437
0.11052542228545147 0.014185956712733467 0.03578821352810609
0.116388586 0.0194646016 0.0338764241
0.1111786918755034 0.021033635243902025 0.03628547423214155
0.10969471913536896 0.021020433827838938 0.04065104169612572
0.10856989996759277 0.01968014478557017 0.04793227295200754
0.117618564 0.0262600934 0.0343369966
0.1139670928470895 0.0280228240429734 0.03724794399014624
0.11296134866164113 0.02713180807389588 0.04332026088798319
0.11125221989213131 0.024487293401999115 0.04958864425190292
0.08388325300616509 0.021781167903597146 0.05619797302038049
0.07888929023500771 0.02140437297499165 0.056178525217699386
0.07567021412627596 0.02138390412115812 0.05686385048854973
0.0725822461551215 0.02114886598862373 0.057765185404781386
0.07063215662924877 0.020123569580336603 0.059835098110584864
0.10677759244270126 0.030411967658923997 0.05940945157220682
0.10259908717434972 0.030469619929952414 0.06076646198255861
0.0973932695201607 0.02975863203202698 0.06093544747358039
0.07184647608162097 0.02212178839256224 0.06494366267290762
0.09141441976457637 0.029586555907963788 0.05978660121383589
0.08705481302838462 0.02904195579541338 0.05910388460466625
0.08343138036677665 0.027575680719836296 0.059513314352429604
0.08091542375485113 0.026438149814259997 0.06115256808785391
0.0779485996366509 0.02526798524155583 0.06299664477273827
0.0749721761926521 0.023991538097539337 0.06377249183091994
0.121054602 0.0347964487 0.0350105088
0.11704853180295043 0.034974073627326005 0.0390974755949017
0.1162773807238538 0.03319912471102295 0.046419121455796825
0.11403960573175259 0.030472636475202104 0.052071263584317865
0.11158258243175972 0.03042088348132406 0.056581312751737445
0.121763611 0.0412088016 0.0359232361
0.11978338967034415 0.03995721911668293 0.041646727027671936
0.11815898490669476 0.038436773674090464 0.048405807019688184
0.11639126688730081 0.03624608811194185 0.05419727269793129
0.11358729763211815 0.03480137747690889 0.05832744232704383
0.10838752966722283 0.035186725860159036 0.06027714828789551
0.10396000655803538 0.035049565834260214 0.062085833783335966
0.0994142655803175 0.035263426073767486 0.06228755269773516
0.09473209433665315 0.03519722206092747 0.062276471489351705
0.09092398372720784 0.03464674362573727 0.06253659724378091
0.08742949352092629 0.03338742777763083 0.06311417007955467
0.08451356933233554 0.03157212128487003 0.06512393233252202
0.08202685048321624 0.029873723285992162 0.06715033462998393
0.07864941584715686 0.027257178759521813 0.06868391796078253
0.0747101657914364 0.02489635548329268 0.06981009387922375
0.07682399087224406 0.02828996510206347 0.0754019241204751
0.08100973929185455 0.03106923541365312 0.0736481630099214
0.08486331529722402 0.03311336857706298 0.0719705629129511
0.08782201160578619 0.03486123974418561 0.06997399426132606
0.09044864165104753 0.03731938228506 0.0674516830734402
0.09459519205830257 0.03795699772051631 0.06652377082315483
0.0978054193752872 0.03901721659006867 0.06516031082913723
0.1016917869786349 0.03909014515963241 0.06458360551951241
0.10583103948959614 0.038948320543148604 0.06366938550557823
0.11025447703226919 0.038782682784874886 0.06253232643162991
0.1150716519519256 0.03881846007719269 0.059943215730040605
0.11803375228771104 0.04020659665822452 0.05618254750277871
0.1201971351465098 0.042378253130126595 0.0507833385069869
0.12260412888899169 0.04383326041914971 0.044494390032063486
0.124471977 0.0457085851 0.0374105511
0.12795796 0.0494295883 0.0409455861
0.1254126720051351 0.04728723265771402 0.04747121681375604
0.12210363108233452 0.04623060086987389 0.05319254004999204
0.11969480739524622 0.04382757057887657 0.05834958354519054
0.11671162841311228 0.042460322804486784 0.062414909933786046
0.1119145930417497 0.04236502883579557 0.06522840715698384
0.10777952630527605 0.042396055737554325 0.06682410266542653
0.10284514049049755 0.04276226476118675 0.06784741918947484
0.09905152889793944 0.04234783484242486 0.06865042559514842
0.09588732307960655 0.04144655600305019 0.0702291245963878
0.09350714876022916 0.039544877886374626 0.07298490669836818
0.0903026142677229 0.03787002703901163 0.0754526325654301
0.08682738693159776 0.035897340902948605 0.07815355963171322
0.0827080001353096 0.03430720267949431 0.08039325374853731
0.07763087211745041 0.03168850560715688 0.08299493514669018
0.08748733607338934 0.03972827236846302 0.08877108830394245
0.08235093738210682 0.03747428389501301 0.09179140933162602
0.08320843026208172 0.036244155067569846 0.0872524658629632
0.08783326547377109 0.03804792785397679 0.08442549909146443
0.08720335470027661 0.04109019015496971 0.09274730619097844
0.08164718318915415 0.03880263651152198 0.09572039450597443
0.09481664394713613 0.044463878981118164 0.0819094942167291
0.09160649973063073 0.042173171265171665 0.0852255919143494
0.09182018670419542 0.040169004587175476 0.08104439794681176
0.09460932478572506 0.04258419199059823 0.07780536005138645
0.11182439797196733 0.054468521035737655 0.10444768812905077
0.10676056667026707 0.05345523492800621 0.10734617112960627
0.10529997190927674 0.051274219331443174 0.09915954360780818
0.1100832059493192 0.05204072940183155 0.09596762755978723
0.10305322554026516 0.04876311476726833 0.08682329643683612
0.10390047566638681 0.04998669127468973 0.09181415662588224
0.09955063101454359 0.049197160231687825 0.09485460341662737
0.0989468383918323 0.04797362686732906 0.08951559338964915
0.10055974748372713 0.044448229053496636 0.0738717691779638
0.09744940012146783 0.04359858501179981 0.07573697187818154
0.07552802524576652 0.03481756112178365 0.10454003324755856
0.07546650641623893 0.037941706525714665 0.11031053287244846
0.07048897922742284 0.03445863540946522 0.11146456742661855
0.07455912176401867 0.03490974069081149 0.09848384815969817
0.0762455488182162 0.0342479560664608 0.09403803536228342
0.07717766578967653 0.03364341892053477 0.08944096492313462
0.11035201933756812 0.04719268375340412 0.07392733626802415
0.10542500898758765 0.046613458381116066 0.07605597654616772
0.10409016570651973 0.04544143286251861 0.07178058663631831
0.10905181052733363 0.04554259361188231 0.07018456674527819
0.10147211631680776 0.045992249987395414 0.07801004302277913
0.10228590163607477 0.04728726119575521 0.08222956868041337
0.09829343460660463 0.04683065276680665 0.08451789310246463
0.131087441 0.0521670063 0.0445500886
0.12743127144316066 0.0507374316760766 0.05075527804663238
0.12408183240480258 0.04927355533673447 0.05623322904881402
0.12158204492939027 0.046404017329251764 0.061239636389520145
0.11841344538438238 0.045258520113383355 0.06483482645245328
0.11369156389300024 0.04512478764538903 0.0684647985230082
0.11521278949198521 0.04691039083713807 0.07145355169726998
0.1164998337732543 0.04814380302265078 0.07431012991963763
0.11148871549985798 0.04848766556769013 0.07735617225642794
0.12342608065340867 0.048491995526786354 0.06417936323042726
0.12525722295508762 0.04979834870865033 0.06713942647423832
0.12145844733450632 0.04814178986538857 0.07125260009120726
0.12007667760928843 0.04728651996981554 0.06769391593325226
0.12969782430721283 0.05350989231628492 0.05440266869608934
0.12635614603179782 0.05129810011487379 0.059551760407997235
0.13345326 0.0558747461 0.0484194298
0.135803271 0.0585255485 0.0527693731
0.13225916070046123 0.055246167662721044 0.05830380430513652
0.10766332955001627 0.04875565461459502 0.08436330550219914
0.10852554794205324 0.05031697746974286 0.08891847920672248
0.10667954390343647 0.04747971839627706 0.08008599204108602
0.09505122749791296 0.04706845910270069 0.09190579708450253
0.0953221249373813 0.048041010178166414 0.09774954524539893
0.0908891256708074 0.04571466496564109 0.10098004297602158
0.09111375986357113 0.04476772073284421 0.09476119374971806
0.09794295357904045 0.04523844121130993 0.08014303506270364
0.09481483999264062 0.046029159671701916 0.08660393508277792
0.09122651756652887 0.043702943045654384 0.08951644119095553
0.08684767171764068 0.042562051433005295 0.09779403867624571
0.11555038476176992 0.052027785284776765 0.09257110093106813
0.11388276189913908 0.050864888327876084 0.08561745460788392
0.08610972507931289 0.04390735646417528 0.10352959013762125
0.08124885873377848 0.04113677907896079 0.10794631127629589
0.08275074679823 0.03771759307904085 0.10222794020064095
0.08154371956448934 0.043379335727400714 0.11452754746502371
0.07556049268048966 0.04092909231605965 0.11611089613952186
0.09105517667321804 0.04817334198740701 0.1077038031479382
0.08596050662017306 0.04671380883509571 0.11048692639331016
0.07347279690106481 0.03960273823738694 0.11696080028798773
0.09635192232051384 0.04932646249182743 0.10499419306793162
0.10082145327250028 0.0504607309748391 0.10215554143327613
0.11277541276626764 0.049218489235274734 0.08136029462437384
0.11777674416748372 0.049234722304268286 0.07813017217408849
0.11916888580394472 0.050790341101674914 0.08229777485288554
0.12860138877160096 0.05287559757303105 0.06267183529472609
0.138869634 0.060020131 0.0577142288
0.1347046403871896 0.05654752658776098 0.06248527918120758
0.13070088548595218 0.05363174180325891 0.06664612090082944
0.12694551020474146 0.05028138475648984 0.07114400837909739
0.141620613 0.0601190937 0.0633617262
0.13705246411431893 0.05657348805100156 0.0674563356164989
0.1327757016797507 0.05371506255890824 0.0711805871573567
0.145855656 0.0590448974 0.0739914815
0.1397321027438904 0.05611379889470544 0.07727292455421704
0.148687907 0.0583868624 0.0827127864
0.1404729481798979 0.055112780476157905 0.0859494491736598
0.12307864469636759 0.048616454278157716 0.07447984874205014
0.14188059818823734 0.055388883488514534 0.09547935140098329
0.15186023409183744 0.05931453819441588 0.11124877831455446
0.14671006885280646 0.05846646054525793 0.1136147331188839
0.13888451532332433 0.05525657041933884 0.09848880936818794
0.151629685 0.0587085008 0.0917263284
0.156981185 0.0605193545 0.108970694
0.160723344 0.0615663143 0.123671338
0.1556283411444929 0.06087133257621679 0.12545302202112774
0.163848917 0.0627397208 0.136288304
0.15845133648219972 0.06236444259606884 0.13734523277607114
0.1503586925540277 0.06087965682939703 0.12726022677487428
0.1353855252633862 0.053859689763322234 0.0888357583799763
0.14120359025558407 0.0592464213375193 0.11588550351271469
0.13675282195675756 0.05636905560715703 0.10143382349147052
0.13519798871621305 0.05444612835018445 0.07967646350837418
0.1308693015240617 0.05319000536686106 0.08234085553018165
0.1284372203704983 0.05102786649701153 0.07519784912988521
0.13303460999549188 0.054491962562211206 0.09146066622377143
0.1444646775701027 0.06147761129364935 0.1292001414544626
0.12335430694066474 0.050593152472346664 0.07870177448862208
0.12587654369560214 0.05218910765544608 0.08539537895590109
0.12088346880458067 0.05231705851490421 0.08888673312562594
0.12865933880031835 0.05462401467675218 0.09450121357880464
0.12615427165984514 0.05809748152348499 0.10806014921485878
0.1285122654698947 0.062240167270597384 0.12083139590941783
0.12234950101443465 0.0626984808258248 0.1232097774853339
0.12004410022281826 0.05859213082659776 0.11098393510200227
0.13196603211368238 0.057299716901821354 0.1044361303137957
0.13562538928769957 0.06089510560244403 0.11841545892826762
0.12333553465549352 0.05457897377773042 0.0977766634058112
0.11766334694894641 0.054519094446379396 0.10130460963904202
0.1136342038087286 0.05824805939658485 0.11393837720975174
0.1083909194464305 0.056959471393842116 0.11644409833341711
0.1158564714401745 0.06190942311076669 0.1257682479215994
0.11002201965222617 0.06025105322381657 0.12819265554777992
0.10202134291031119 0.0527333522787839 0.10990206556861105
0.13812433241689848 0.06263240562686795 0.13060413560946182
0.13128089752242028 0.06426624951442463 0.13221310162282837
0.1244902479573322 0.06435332766886322 0.13443625166318385
0.13319340065623408 0.0656089490262092 0.14212163059186378
0.1277965987536074 0.06634977379898752 0.14614863399840836
0.166851838 0.0636320623 0.148473292
0.16124990825496818 0.06398178693586279 0.14894123384728924
0.169430921 0.0648282314 0.159321088
0.16380853902877063 0.06548062534314757 0.15946970192951512
0.172041148 0.0679467841 0.169435925
0.16608564213652555 0.06807316321957833 0.16927732908171061
0.174361365 0.0704904233 0.179181822
0.16816079258001151 0.07071169123380039 0.17880840001841253
0.176683192 0.0714499149 0.199198108
0.171073844 0.0700585546 0.199826709
0.15297718341314792 0.061678170014605765 0.13859530672166276
0.15565852338651331 0.06254182472398022 0.14958558304277184
0.164753946 0.0690068102 0.200275977
0.1612534369241905 0.07103862711043997 0.17865127785475243
0.16016987244261868 0.06664331621255676 0.16956829699274006
0.1581897959739584 0.06409946103822026 0.1597719391497126
0.14667086187584955 0.06135472238457594 0.1398103076089932
0.14925268441925113 0.06233474751248942 0.14991436798200514
0.15201595565002368 0.06336566673292741 0.16015089496475957
0.15449193350456594 0.06543708887948042 0.16990394196927483
0.15611097621780506 0.0694692353990805 0.1790569466042243
0.159536295 0.0689741338 0.200113179
0.151625583 0.0735430997 0.198448262
0.14908918341629826 0.07114379779174258 0.17874015095233792
0.144916495 0.073017101 0.197850598
0.14196821332135381 0.07102828562123094 0.17944563659505594
0.1470682568640326 0.06897135375175882 0.16895923516962374
0.1401878931864533 0.06938173153200221 0.17014629573396636
0.14488536044775788 0.06701183567136844 0.15958960138636813
0.1380252990160791 0.06768622356024945 0.16090347439867883
0.1427845304395473 0.06555681886327473 0.15063050205178655
0.13586723813160884 0.06623548855556918 0.15208741429478181
0.14049755526119811 0.06448363871394483 0.1404198749542661
0.12944292789211415 0.06667795653700095 0.15317474246721352
0.12100349125685443 0.06410196733441209 0.14606885957218757
0.1183254499828871 0.06342051386968886 0.13683991842403145
0.12316959017144231 0.06600760246174292 0.15491821223856694
0.13151039755636687 0.06791757192540127 0.16224146492204988
0.13335300379814777 0.06850640996156797 0.1712547640580288
0.134948866667847 0.06980516864128287 0.18000421573845074
0.138174412 0.0719364736 0.197123878
0.131001332 0.0704272468 0.196260032
0.1287378105750158 0.0683152434213473 0.18058512380303704
0.125701637 0.0686121133 0.195996246
0.12316399781643061 0.06745872139099256 0.18080227339091517
0.12694089035497863 0.06749004300476273 0.17217259391363246
0.12504764355390727 0.06682153350330944 0.16357865827921314
0.12120738184513968 0.06647520998499858 0.1727952023854411
0.11941387406027512 0.06543377895364835 0.16454441589815702
0.11761342816311131 0.06387975869413469 0.15619725514285815
0.11544170306154516 0.0618336183592843 0.14772792786404673
0.11290120107773363 0.06154993845065921 0.13898866989865533
0.11141079362986718 0.05960952658265488 0.14912332717468949
0.10879879096205952 0.05932867479847459 0.14085170175533585
0.10804714559530908 0.05782577196530866 0.15039448480937176
0.10504726035806404 0.0575487152034156 0.14232732536173795
0.10136173552769924 0.05732002692689136 0.13097123634161853
0.10518729497706722 0.05856610430875213 0.12977749284209406
0.11325676392264664 0.061555044100668456 0.15739813226647062
0.10937678539130115 0.05991366943721179 0.15818658958320958
0.10068630750830809 0.05621401047131118 0.14297820812795972
0.10406705755403033 0.05627509182056265 0.15116044243599386
0.09882142710035785 0.055129461451449494 0.1515008931850228
0.09608247616278127 0.054981449369459055 0.1434743586943546
0.09935067540368307 0.05399892061723152 0.1208203347345233
0.09490978783849306 0.052535796083996465 0.12272084852817963
0.09236179236017651 0.05029201738070731 0.11492582905056513
0.09766733644728089 0.05130024843156766 0.11250287479413254
0.0981137704009575 0.05626608336430984 0.13203536244529024
0.09378038777830747 0.05467213465199187 0.13327926901138062
0.09016800600968813 0.05169158931346885 0.12433110869097308
0.11039200462486767 0.06158861810987594 0.16623830924673563
0.1061279726422358 0.059997370016091504 0.16685071252006695
0.10571036893523893 0.05828332378227627 0.1590369745145476
0.11460175494497249 0.0635254909835055 0.1654764642017751
0.11618778557739705 0.06495531807569575 0.17349664502675996
0.11163367776318993 0.06300945482178434 0.17422790901380367
0.08374908221978151 0.04971196564352053 0.1269561786526883
0.07861238880841931 0.048443044490877205 0.12818497148331967
0.07742362897652118 0.044618376155004164 0.12282272213556734
0.08287973049205462 0.04619171569855364 0.12149553730151318
0.10352473272943251 0.05566688221122474 0.11870987873451551
0.08739009490415243 0.04906160009928834 0.11721514753071566
0.120183102 0.0664848697 0.19586377
0.11801276539319039 0.06578915390424674 0.1813617752882321
0.114749897 0.0643190173 0.19559565
0.11308796384025972 0.06386030269511514 0.18194086085352085
0.110022221 0.0620341181 0.195734139
0.10837192694248067 0.061558808814479435 0.18240789608713034
0.10700778793776487 0.061196161517242144 0.17476501257787214
0.10099928703129736 0.05677544915096271 0.15956798979963566
0.10234224671184847 0.057576628708624004 0.16767367555848575
0.1027239418540552 0.05883037652160914 0.1751799809765768
0.10356556268531586 0.05892625351692009 0.182645689852371
0.10443555 0.0605554789 0.196067324
0.0993276709 0.0581123163 0.19633592
0.09871742893880144 0.05603786021611236 0.18334617728352345
0.09796975752937101 0.05498685435431823 0.1764467919805599
0.09804525922411918 0.0527562292642603 0.16980142157889647
0.09418144598623651 0.05781842407550261 0.1591253583031168
0.09166580515592586 0.05713178232364247 0.15077685521387138
0.08985226300019471 0.05639025208370649 0.15970289901658247
0.0876389960492081 0.055913960146721765 0.1514866512453389
0.08900268564962377 0.05532610145927364 0.14301016207398332
0.08418340154065011 0.05316525122325995 0.14384349348255188
0.08623379304530024 0.05377844950152603 0.13541227189694247
0.08077499129893645 0.05061465404205291 0.1350053268798175
0.0776537422734853 0.050818788689389716 0.13706330666158184
0.07471597789247547 0.04810762144859994 0.13870094294674531
0.07230025691830361 0.04445413436708948 0.13063041058185856
0.0753412278579611 0.04659625908143302 0.12925229408869005
0.0708056102271067 0.03879089400568598 0.1251088294951495
0.07398643984252701 0.04201041220371834 0.1234558341918465
0.0691972759383319 0.03825966237703595 0.1292197353881325
0.06698973545535096 0.03241881602109516 0.1289271727960594
0.06591743734543316 0.03141022861991011 0.12467846881546396
0.0690940489942267 0.03611707399020818 0.124775019121888
0.09259259515464636 0.052171476353277714 0.16944030861148762
0.09279646855234483 0.052719397624193726 0.17650001106323931
0.09350540473644743 0.0532608021158503 0.18341508627017228
0.0947766772 0.0547878831 0.196203969
0.0905236704 0.0531615128 0.195444183
0.08845194180713582 0.05142226466057827 0.1835187824777873
0.08756820098486214 0.05262750500124054 0.17605788843742978
0.0874217409360219 0.05450931603635691 0.16860037064738606
0.08746652392804817 0.0556865979001285 0.16001947262254387
0.08480987932782154 0.05497634735373796 0.1524037206016803
0.08257157822964678 0.051028684689553655 0.14527554819598684
0.0859619064 0.0519610187 0.195375512
0.0839934043994563 0.050884286683888225 0.1840461399906157
0.0828258057486011 0.05185056501194736 0.17720562400121032
0.06683153399260913 0.032497229120261886 0.11391009077907985
0.06425426601067019 0.030771660305848245 0.11528172664884705
0.06249234762771669 0.02846661113297892 0.11723862131945174
0.06040539145627053 0.02665793183850144 0.11838321132741454
0.05716863547350997 0.02421326444598395 0.11978273282196063
0.0705430254506355 0.03655497200986821 0.11858500532676793
0.06761149928376858 0.03283922859457842 0.12042758730150871
0.06469438158838076 0.030058972533085926 0.12069138082857699
0.06346234642409107 0.02840060395235577 0.12521100999319712
0.06050599977786908 0.024714551989732568 0.12595924993101684
0.05938434138864982 0.024667420468666053 0.12324979117249385
0.06223511565390911 0.0274189735821791 0.12219531465946919
0.05466892436016937 0.02081529134830349 0.12129420686836143
0.052294104029528596 0.017162062858795943 0.12152513532197454
0.047927747523275534 0.009064532543171664 0.12153225214694244
0.0465979366505806 0.006546764171484005 0.12120157881110337
0.04608847781942735 0.00329408903799497 0.12047574866248179
0.06454007199163787 0.028377577069281075 0.12885960797565346
0.06120088602227871 0.024255553449011286 0.12898542311711744
0.059230018001201055 0.01839046820541377 0.13020294927804835
0.0582030887381712 0.01996192432207721 0.12686515663384215
0.07063387251431569 0.043997979376128094 0.13566515332481022
0.06874948467771708 0.03854723785463139 0.13411560710262344
0.06670506933845886 0.033153507127045866 0.13287814015089244
0.06750669112628996 0.04094260072592008 0.13661467332618205
0.06622282009017486 0.035080912295393334 0.13515995216140847
0.06447265672006756 0.028331431162366076 0.13189588020057635
0.06171428644003525 0.02330170228398999 0.13236770021678354
0.05593334976087844 0.02088895235917551 0.12442347281676959
0.07374909622629428 0.04893538847891769 0.14237190012022943
0.07967828921448443 0.051430709457634394 0.1478907997284377
0.05831077894701727 0.01865017704755056 0.1336862894229527
0.06172007491958711 0.02316689790483926 0.13560221921604973
0.06461607573349996 0.02854595394453606 0.13485367069125012
0.08251563359072696 0.054253073558874536 0.1536190633904526
0.07304711608852445 0.04813958647013426 0.1454547815510106
0.0778957496616348 0.05146562919844394 0.1504512049040786
0.08401601538516576 0.05394546347167665 0.1678552051443083
0.08482203013123736 0.055100707611750004 0.1607243535057872
0.08223790206058101 0.05414349956317576 0.16217309397002685
0.08055742538127718 0.053985760269043004 0.15588807002915211
0.08107532792368813 0.05281850490764099 0.16705981286859237
0.0806681585226649 0.05135031921793119 0.17314665974854856
0.07837647842927682 0.05065709370621699 0.1706656390401795
0.08002970059940318 0.052449718931838266 0.16339640362115634
0.07876439791631129 0.05125039261722609 0.16686121130212103
0.07976779732662001 0.05104938865157868 0.18551837480573424
0.0815885826 0.0505494603 0.195182428
0.07563366969183388 0.04995376386725416 0.18640321149798014
0.0775204927 0.0485267803 0.194857688
0.07153153655186652 0.04753536668650672 0.1870479481746649
0.073382097 0.04651537 0.194718017
0.06800218394628109 0.043398708139090386 0.18670685906040313
0.0699221669 0.0435758596 0.194483856
0.06476082811352439 0.03854869533634578 0.18661516723309549
0.067528456 0.0395600195 0.194272039
0.0655906723 0.0349975135 0.194450774
0.06186369271758753 0.03458261490926007 0.18684011861993477
0.0627445468 0.0309949019 0.19507788
0.05934606397128594 0.03002228201249459 0.1881453292683278
0.0602512046 0.025611262 0.19596005
0.056602094158271894 0.025480304840069058 0.18904349962753747
0.0578146641 0.0196778809 0.197073403
0.054577950898305354 0.0178861323873781 0.18937732080537314
0.0565376641 0.0120250111 0.19751805
0.053592089829527824 0.011973170916819287 0.18937938277843316
0.0557471506 0.00378053379 0.19762447
0.05387335358993667 0.00397743230374182 0.18895849641184848
0.07861102798300472 0.05149184302397165 0.17902482419403878
0.07420937834880874 0.04984710132642931 0.18100183099066816
0.06666428573485322 0.04347235074229785 0.18254723244570786
0.0703532602370142 0.04744839822148769 0.18208073951558099
0.06397558065727187 0.03868404153189051 0.18189947798847486
0.06056827677673142 0.03194007990373094 0.18278763056524938
0.057061911195097924 0.02562925635396754 0.18458752529087652
0.055030579769556554 0.02031467786784974 0.18482069086478178
0.053796152764960345 0.015697055944407515 0.18415161316330797
0.053050376062680545 0.010748564574996825 0.1837504372792685
0.05321891924262598 0.004332496502473225 0.1831981189300135
0.053903253565531425 0.004211835925672921 0.18055039017225522
0.05410661014283072 0.009198557149019234 0.18027790823557868
0.05488917942967554 0.01432338383807603 0.1808522521244395
0.05612023636912916 0.019618063737502446 0.18247449302967614
0.05793800199962901 0.02550088689452481 0.18266451399024428
0.0608042930287138 0.031978391761781924 0.18101203887951983
0.06363140279687592 0.039227347988607206 0.18021700037534003
0.06555674273416187 0.042995582852563254 0.18053184466761152
0.06886185481060832 0.04752169133952377 0.18018291166438685
0.07231255895694726 0.0497021222862443 0.1788507996516104
0.07730175544634237 0.05168082836560636 0.1758871738244073
0.07592849961255366 0.05109783368869873 0.17318825915035854
0.06156160632396898 0.023745247410934818 0.13847102268859257
0.05875007471812649 0.02004047018864005 0.13970876320492764
0.05823055045036527 0.01927809973642484 0.1369973819270539
0.06157336242808903 0.024755978960154836 0.14129496453677232
0.06445512125148102 0.028816406552293013 0.13770977698687262
0.06431933317154559 0.02927060079110521 0.140532414544385
0.058803753145606354 0.021872263428445015 0.14244019804184638
0.06418017278022425 0.029524249426624696 0.14223764637929334
0.06209141088819989 0.025707620499050437 0.1437542105140687
0.0663749399425081 0.03487541333102475 0.13789713672396364
0.06562000182489577 0.034831435172409574 0.1406406893322132
0.06534339359204712 0.03462958847628105 0.14197989964702232
0.06964890787123215 0.04576965703791551 0.13894358275647312
0.06948723535438814 0.04464048101765524 0.1419009159006968
0.06708790862438202 0.03956360515847279 0.14159574428164495
0.0675120650719972 0.0402477583128606 0.13924194760603567
0.06884836943291255 0.04334454897044497 0.14413064141493506
0.07226138093869308 0.04694313351106328 0.1480660996702762
0.07650858483509734 0.050680190161430924 0.15357164254691602
0.07900022664746507 0.052945347462497724 0.15848647073577507
0.07668237847371345 0.05056079961866329 0.16905775162658312
0.07450788221168962 0.05053468565865517 0.17114838932553225
0.05453939462293785 0.003924850905268219 0.1779190126603521
0.054962830409799525 0.0035301331401258796 0.17479996684357965
0.05427631422429122 0.003218486951491991 0.1719301221153851
0.053118971542303293 0.003045835421243016 0.1700169376098277
0.0459989678830826 0.0014687022196959811 0.12070035072806501
0.04273100976184049 0.005790379315728217 0.12497076360964404
0.04267319882749074 0.0033782574864661395 0.12450500671900253
0.04182314349963221 0.0014433219620358774 0.124411103820495
0.03858004861757637 0.0048162924780674275 0.12824791250377537
0.03777786907427745 0.0027974987044392975 0.12770367095413712
0.03723515608324661 0.0010968162574144372 0.12748874304935034
0.03137013765795949 9.032896005358113E-4 0.13033265558663057
0.032091868050388314 0.0024892750653882105 0.13050696374974444
0.0278469436176673 6.95045224908553E-4 0.1325978447821196
0.02560952121597748 7.507149933095477E-4 0.13586899389423218
0.02643550129409599 0.0023605588072370836 0.13575511196032397
0.025774456298397735 0.0025410274043631133 0.1387092498105905
0.0249962196893963 9.136201628069048E-4 0.13906484385220041
0.02755623451693581 0.00439127760708861 0.13562589003915249
0.028789281922832605 0.006897586753330272 0.13574964222286923
0.027805320101371024 0.006596652648477497 0.13791430001672644
0.026809977730336963 0.0045545435299410245 0.13829625419648534
0.05119915210730598 0.015278994851944843 0.12447862508238737
0.049281725361001914 0.014130808964407925 0.12427098708852584
0.05015038298191517 0.012433892338596115 0.12172865327310377
0.05153141902165475 0.014775030612686701 0.12176912639197367
0.054774549431327646 0.01844445973840726 0.12473495427424201
0.052984786895801626 0.016630119999070422 0.12475680608073093
0.0329151492963562 0.0042735911437848705 0.13091625302801838
0.02867727129256874 0.002333307663592798 0.13268227519106135
0.029750724839000032 0.0042096298075541844 0.1329747237045162
0.03104303175642567 0.0067522608839537075 0.1338089881185517
0.0262721053442332 0.0010179260327590769 0.14270838784786188
0.028047555006261885 0.001047985427255518 0.14549587530110436
0.03014819868311133 0.0011215934123088892 0.14797943215228182
0.03262022131739796 0.0010594213873756772 0.15056069072590886
0.03477185702713534 0.001303786749659284 0.15292091318092618
0.037717013710381615 0.0018029447025582205 0.15578566423799406
0.042002448880357236 0.0028256428863322872 0.15960179036374877
0.0444410558765906 0.002752302828448097 0.1616152004680413
0.046787458659353146 0.0027438653080962385 0.1634983244607362
0.048934305925728595 0.0029137558238033854 0.16590103724736813
0.05145605860834669 0.0030938421493486076 0.16816574899395542
0.05499315577330762 0.007773921444319487 0.17795270695486273
0.055510108334831255 0.011571276024932454 0.1778512000072533
0.05768821653206672 0.017356819406008174 0.1789322528886541
0.05836669897359062 0.02098680722125993 0.17947967608174664
0.06015151329354447 0.021195590025611725 0.17818621755461997
0.060999207308354314 0.025989984177337305 0.1783504891341608
0.059662560645862464 0.025747056535767338 0.17949076729754518
0.06373799341477607 0.026173557846063768 0.1762376775663945
0.06552019268788657 0.025284690538228294 0.17347285833858245
0.06410940878943962 0.029953576063584144 0.17289391461689585
0.06400373348707765 0.031126591310258633 0.17565217721644036
0.06479003185615011 0.035167349330877715 0.1747777815240335
0.06423898171454305 0.03418533429805748 0.17180619800929267
0.06566028136351867 0.037351968239284564 0.17018181475946942
0.06535002006505003 0.03834640870730368 0.17336948558667126
0.055860516926148046 0.006041583431982556 0.1745024786895925
0.056666831228937196 0.008982802395304343 0.173898704044994
0.055934804454431976 0.008159703387065505 0.17111504957271867
0.055171017614075626 0.005284811458331793 0.1714862118803067
0.05483525926742572 0.007402387392862066 0.1686136400143899
0.053987983778578406 0.00511150640383028 0.16913655908399705
0.0447952622992453 0.007326223162994321 0.15730103928955586
0.04271980969893064 0.005018437965008775 0.1590258311606907
0.03868330971832571 0.003900508956713378 0.15543335028116537
0.04056817523776838 0.007086700316714264 0.15404851580860604
0.05313236765288654 0.006633027946478991 0.16664890153344275
0.052289159594555254 0.005223339822300531 0.16730248943691098
0.04987845347919067 0.005148170969030732 0.16548241353668602
0.04522614734839692 0.005012858127495814 0.16098603486352814
0.04773674859037738 0.004886757155557339 0.16298676836170367
0.04734090817546067 0.0073243452599547065 0.15934507288102592
0.03556265241890324 0.003031176590848759 0.15248826182153347
0.02750707794377682 0.004489582812960122 0.1414342068847903
0.02666685724534673 0.0022797592799477 0.14220838733543784
0.028858676902310205 0.007150384953059382 0.1408492822103952
0.029169360625400365 0.004671687094774609 0.14433268582176725
0.028221466653234075 0.0024277576501333916 0.14507612795268182
0.030527812582366403 0.00256128470497277 0.14781495068493583
0.033051780744885774 0.002647265270930375 0.1503185290616985
0.031519142375408246 0.005149911937937257 0.14671397332470457
0.03424236997864349 0.00578173530392928 0.1491432984832065
0.03716846800035376 0.006565161566609077 0.15119500738861988
0.030682825541399138 0.007426805278653055 0.14341469441996663
0.03435202881911164 0.0062644746739013695 0.13192799203471087
0.03552382587578339 0.008702937652119495 0.13348911190888413
0.03319551725203079 0.009427303075096408 0.1354681587728278
0.036207060188783766 0.008044238665540923 0.14714443213325462
0.03340732469827446 0.007740877318628022 0.145395014023153
0.030663980103558103 0.009924460926172177 0.13660698087981094
0.03689512960206479 0.010987733051483458 0.13457969389768584
0.035193699666918675 0.011882529848508332 0.13669879330626872
0.033186580562469696 0.012289773816703051 0.1375185439291449
0.03853330061136846 0.01260028515956413 0.13414862408631936
0.03766406502906735 0.01372514214701822 0.13625130334398242
0.04117495173728011 0.01400436787296241 0.1317388763500813
0.04064786115939228 0.015829223667051757 0.13291482001233154
0.038000753341849616 0.014225746821207847 0.1371000597056666
0.04441152756825999 0.016506327580048556 0.12747457039603524
0.04380347178002091 0.017304286600697136 0.1286406408075646
0.02984911491008982 0.010010831800686513 0.13792286339420204
0.031107209966458275 0.010714262146584596 0.1405687777965613
0.03290545265360889 0.012719637101580993 0.13843209108708213
0.03961509759857178 0.008361834481531995 0.14889037140067518
0.04311779992071449 0.008556357495227046 0.15179372719243048
0.047613149417192406 0.008852879350801073 0.15524273044528855
0.0505118072296385 0.008955664324318944 0.15812010693694775
0.046482092811835074 0.009923724508647069 0.14958685515864173
0.04306289712975258 0.009762162298443828 0.14663733179906763
0.04591989138820979 0.015981745280443656 0.1254895186210902
0.048163715336620304 0.012949278124360449 0.1239949551441099
0.047940007138617756 0.017227155032517913 0.12578082090394957
0.05094215843470399 0.01734736730017419 0.12649893527848285
0.046211249856127914 0.0177687998672349 0.12706075955705468
0.055800150830070026 0.01643751033913606 0.1273048964279313
0.057575286305164404 0.015317857862057466 0.12941491009852515
0.047134218944960886 0.01838874129900412 0.12785624658169037
0.052445130934998495 0.016793365294280965 0.12974622971895763
0.04518843836610382 0.01745864773217038 0.13022971057922592
0.041413879504969435 0.016243597119493365 0.13380393857673134
0.037986074866725776 0.015375335898412359 0.1378519959900161
0.03401304894140574 0.013132376788921573 0.13977485645504978
0.033242243605450944 0.010767916391949453 0.1427167130860842
0.03595983948405838 0.013153955385626748 0.14096189768433245
0.0361410083981416 0.011269129435943178 0.14389270653544245
0.039563329285254564 0.010159022915217898 0.14495498012109848
0.05054440301772068 0.010477034484616576 0.15354916082216766
0.039555547647861185 0.013066894857481758 0.14162714377987887
0.04365530048932034 0.011454792877253995 0.14168864842499054
0.04688497559202381 0.011984895235972643 0.14395269344768674
0.052220744332167245 0.011780830422117946 0.14893709288716186
0.05549890453772303 0.012067876512044906 0.15247340724636985
0.03915549147187122 0.015457674577026535 0.13812308588254216
0.043058223681354 0.01432370855781164 0.13832582420608558
0.047563802740093426 0.01313054861522291 0.13897226860843312
0.05064831958319271 0.013757313810600755 0.14217499419133095
0.05521417946793068 0.014276078518401797 0.14108508705172454
0.05188673893218061 0.014347073368907906 0.13768267846778218
0.04647634097423472 0.015319828168138651 0.13563325750197489
0.04368245840154029 0.015709221118226493 0.13463910207126714
0.04780169436699493 0.017002141503097756 0.13218954839837124
0.05145818261164277 0.015679461684333446 0.13400958171126282
0.05654316039752047 0.01404908009015701 0.13638545557598347
0.055654531065567586 0.014994890638878126 0.13113691791242116
0.05749719843577473 0.014590086326074798 0.13250413852911108
0.05474138478918068 0.012184336845908729 0.14888866217940994
0.05721020879403813 0.014339774748059624 0.1450779236718949
0.05736445984217519 0.014889170671703698 0.13929420736805181
0.06671726340933438 0.03922626441064219 0.1428068695201921
0.06681235433776142 0.03862918056715395 0.14444749744459529
0.06555678670047906 0.03421648344618445 0.1438772212727034
0.06449625720194159 0.029643381815952514 0.1444757244743174
0.06861130793886619 0.04272321165552289 0.1454150723940207
0.06338223582403911 0.026315525487393257 0.14590485047256202
0.06906008509762816 0.042212602362318156 0.14711525862904537
0.07193006990522167 0.04603303989315471 0.14951454206367876
0.07277274591276531 0.046013050053069916 0.15199669396166365
0.05705630736634674 0.017464276957004175 0.14174924975834677
0.0576042288172612 0.01941616059123646 0.14437835015947895
0.06055098136053532 0.023556486288523998 0.14510199256909198
0.05973155288505529 0.02115796431059854 0.14678078349468981
0.06249424066329884 0.024369343850456308 0.1470781468710646
0.061924490090626574 0.02225090323493064 0.14848520162599066
0.06619701388860574 0.03022778535783541 0.1487507489658677
0.06618908490398528 0.026642059638450077 0.14981781105360228
0.06715820891950605 0.03416800614731058 0.14810413092951774
0.06897912502082384 0.03829538081919244 0.14881207443497932
0.0729460178193196 0.042750682664586884 0.15234272065684162
0.07449903901949373 0.04514731492333978 0.1581004584004184
0.0662832005203953 0.024360287411072972 0.1503888354395378
0.06662829491715518 0.022290759820343765 0.1509828667856742
0.058702415904377234 0.015359006719016174 0.1476895628925249
0.059757129090344085 0.018628679691960394 0.14874326259110743
0.05905350653329234 0.013458270818329314 0.15067265572744487
0.06040399773597576 0.016648621614853462 0.1523162825508395
0.06155017390235203 0.0202769742195301 0.15038149224663017
0.06716190189484299 0.02019728743542359 0.15186732378290183
0.06208153768326185 0.018475344821265807 0.1528886282901139
0.06760857644131828 0.018272733314472645 0.1530632719044096
0.06777519873489361 0.016678033819775312 0.1545434920786838
0.06434763460195485 0.01648010700198649 0.15511812110018847
0.06175990063434069 0.014854316391631987 0.15529468462541945
0.0678741773675342 0.014505742480752232 0.15729263684056882
0.06558583532198854 0.015488842971277901 0.15633378824580269
0.06358034743518735 0.01420773499914983 0.15844214810664914
0.06595910913787825 0.013366679457852236 0.16167195606787918
0.06021864391793296 0.013454939303074814 0.15470718260413752
0.06181832991663135 0.012501273258518762 0.15887327739217108
0.0634060407980624 0.012051138746473374 0.16249556193188028
0.06662878909147968 0.0129816113527038 0.1627349582782342
0.0639242299315766 0.011388027184072821 0.1644134818252632
0.06671157662512874 0.013098065591479033 0.16377982244889727
0.06395836465946271 0.011497909293005195 0.16537235077187118
0.06671255432396216 0.013428446515388442 0.1646907865715712
0.06400774483679492 0.011905819026950093 0.16624339294906765
0.0666592420714719 0.01391685539487285 0.1655335615532918
0.0640156642078689 0.012489758442335719 0.1671314422918437
0.06651567199934551 0.014552166889685223 0.16635588781393687
0.06393334140751514 0.013205599481349313 0.16818293854608093
0.06651402254922255 0.015870193071506614 0.168117148462942
0.06380948621679597 0.014859303735237557 0.1706625175157993
0.06682018015906424 0.018149724983344176 0.17039062129525961
0.06422172865588649 0.01791723778131291 0.1736264322631821
0.066669502005665 0.0213441679697355 0.1726025220715255
0.06404753479596893 0.02165385414088429 0.17594106173198992
0.0606294952780548 0.011939921828719146 0.1704912391666243
0.05990981729831213 0.010268690882338812 0.168963687924937
0.059821260993990225 0.009283995933978093 0.16757176760019052
0.05989767525709444 0.009005616301950533 0.16616874388626798
0.06169951525357688 0.014378894765891565 0.17296169679712278
0.0567764246509529 0.008305670103311914 0.16838420263646786
0.05634325641534655 0.007953737312152584 0.16650968870321065
0.057267696553236096 0.009275409568524334 0.17022051252993167
0.058308566223154126 0.01097722019872778 0.1722313956167728
0.059310254431411344 0.01390159806571973 0.17473827726575963
0.057025029512751596 0.012227974557754288 0.1762565190775681
0.059995725423618425 0.009241900211883236 0.1645852026658295
0.05580027760519311 0.008016186387841604 0.1644813097781949
0.051590231080180106 0.0068317285373290775 0.16399390260761415
0.05331011898505879 0.008468293295307093 0.16141164881641348
0.04984006717006433 0.006744850030725001 0.16191850589463821
0.058352610367402864 0.010228862328666603 0.1619594116681805
0.055831271686785776 0.010763537838559975 0.15809045487949672
0.06221896400895597 0.017652467494180295 0.17547453081284414
0.05984232065615259 0.017257909667876267 0.17686319614859639
0.062334266459664715 0.021641733746616855 0.17715033065334282
0.06258788029850897 0.026317367022402286 0.17732518282787263
0.057404491960557094 0.021168677825030666 0.1812382200769755
0.05900679111576708 0.025648964734480213 0.18102479815038247
0.061349571737673296 0.031913051651215725 0.1797985490586874
0.06171549439149763 0.03154365083571294 0.17888050219109866
0.0625779995429433 0.031291665947196096 0.1779235977579146
0.06338803000931915 0.03141754813102937 0.1768266107755196
0.06397409765532708 0.035721395377288606 0.17599344592384505
0.06314520180231424 0.035992176641725764 0.1772640365289865
0.0628941125361994 0.03637012725575937 0.17826538190231186
0.06497642135677738 0.03918177802838807 0.17478587716281863
0.06455968829090801 0.039761742773898226 0.17644550716820412
0.06290921281674991 0.03730557240910787 0.17911821567630173
0.06450721713017525 0.04035890607464992 0.17722242535998278
0.06453955256446624 0.04152205357883069 0.17800286111595748
0.06779064653587871 0.040932277039796704 0.16908648820643168
0.0668352090751952 0.04210533894423769 0.1717775787080339
0.06727207674971081 0.046267746958070795 0.17799434208376516
0.0666075881868786 0.044939263334632634 0.17658133162560866
0.06658962196859432 0.04332418925874326 0.1752995950362657
0.06652061758523244 0.04287932384129596 0.17365175096745664
0.0701564603086136 0.04489234120050631 0.16831419359089855
0.06939180465221909 0.04600385858617124 0.17035364864277866
0.06897461616233719 0.04654282504456257 0.17190212932009688
0.06877291251948268 0.0469969905915718 0.17335448379953927
0.06920131849058123 0.04798362187592503 0.1751374497825842
0.07057482033284668 0.04919503597465806 0.17701194191037667
0.07294685856934469 0.049146999654602626 0.16927071723448564
0.07214778884968209 0.04667736498503557 0.1666714670692487
0.072231839600914 0.04777557557701927 0.1683209762414588
0.07466261574593877 0.04979843311257353 0.16812524023511238
0.07362870417287964 0.048369446128891685 0.1673446184455088
0.07311381356987627 0.04689729736211604 0.16562534612503876
0.07405247858858992 0.0468864380131258 0.16448988643042392
0.07505992632028703 0.0487422260923164 0.16630896288647232
0.07634963806922167 0.05014202355086468 0.16685609668123294
0.07818627917586572 0.05066417624681058 0.16425044949885637
0.07644696091703562 0.049079546832632014 0.1644655412018928
0.07490639016597431 0.04710833396298334 0.16333125976103724
0.07766347732440591 0.05072881243655536 0.16085132959334225
0.07645605411035 0.048977011634538326 0.16213007424871542
0.07570156369131682 0.04940066244407714 0.15630642279028215
0.07481405179672566 0.048399610054600146 0.15831595250129224
0.07509593813472246 0.04632147062236301 0.1618921267154685
