0.046958522453316706 -5.225456681050732E-6 0.08756251997966273
0.049009952774223396 -0.0033661553015283128 0.08744402417400421
0.05065851823857424 -0.007333161877649184 0.0903894783220344
0.05168026762332374 -0.008506707795613615 0.09141504105809259
0.05351830650065504 -0.009735652257350026 0.09281830834609738
0.05635785582097939 -0.010680564084765982 0.09424569327501069
0.049593273230867665 -0.015407948171931642 0.09889101706849425
0.04832442313913855 -0.014003687546132852 0.09900324701429046
0.04697061243247352 -0.012656288812592854 0.09900787710009369
0.04414866246772136 -0.011022121649161285 0.09881225493405049
0.042535716342227955 -0.009827712187088156 0.09831196573685476
0.04117603481020093 -0.008260457898052555 0.09798673157782208
0.04018245140646685 -0.006475275984912434 0.0979849994312503
0.043233695423775545 1.3452310347700197E-5 0.08490888476679297
0.04323878753465588 -0.003716208254703433 0.08443658212277567
0.04569765151145819 -0.009408687811038511 0.08651739196479298
0.046772663660035435 -0.010757095690569764 0.08823122338591574
0.048634995061573594 -0.0120861004931419 0.09052513839268053
0.05021170394561859 -0.01388870006774004 0.09235647931454828
0.04835106753900779 -0.019288723117952503 0.09524074014761989
0.047249351102957145 -0.01804525087060414 0.0959230864404068
0.045404000402772274 -0.01611784885726508 0.09594705650953086
0.043176596820735755 -0.01506309143340748 0.0961543684135155
0.0400105301348338 -0.012220203794364908 0.09696116000016623
0.038639859512513426 -0.01076979763781547 0.09723894896309523
0.03720569046954452 -0.008731217189968327 0.09845030052474736
0.03654528188357364 -0.006894179636960225 0.09937114673697167
0.03470068583831269 -0.002584539509905878 0.09819626949463331
0.03421670874603017 -0.0011222677509651398 0.09791320247820681
0.06915640903224787 -0.04700968869356533 0.11174665883648505
0.06232160345146172 -0.040170202660016543 0.10550058329120104
0.05685589684891344 -0.03480197323640307 0.11516118336902097
0.05198424147465133 -0.02322193946353145 0.09876756562597182
0.033462753117431555 -0.00739113222548971 0.10041325542577889
0.034582855604346645 -0.00911033996156947 0.10023329022836977
0.03710495892059142 -0.012696845248134246 0.09752365843556166
0.05341743362415164 -0.024567058544035174 0.09068645923541466
0.0741005511 -0.0184239307 0.0644662637
0.0833605688 -0.0498330076 0.134529553
0.0881633365 -0.0515319506 0.145840133
0.0594782808 -0.0242664428 0.186620047
0.0645405845 -0.0334433485 0.188956875
0.1067699 -0.0128589002 0.0552951285
0.0745415519 -0.0186604745 0.0727823945
0.069548064 -0.0141958782 0.0664034152
0.104002745 -0.0178321839 0.0611064798
0.053381798728758645 -0.011169365491823473 0.11316719495605401
0.05030642043467737 -0.004339217912293304 0.10967158639840381
0.0639535387 -0.0122507381 0.15620666
0.0580191594 -1.2368587E-8 0.177383591
0.0586074088 -0.0053882582 0.176987801
0.0590875412 -0.0125653747 0.17865928
0.0602299124 -0.0170461831 0.181788289
0.0576221678 -0.00388490091 0.180056104
0.0580581357 -0.0119428264 0.180051381
0.0710016782 -0.0470840362 0.178159332
0.082370543 -0.0497892629 0.165739849
0.0790806768 -0.0495420113 0.157027011
0.0749741725 -0.0396006095 0.13682053
0.07738816573666502 -0.05731440081397096 0.1352515088088718
0.08094181502873474 -0.05763458175675372 0.1421095469751885
0.05455414501389744 -0.026928362255954706 0.18261336284386182
0.05915804586867784 -0.0360111058487453 0.18497654699839775
0.0781148084 -0.0480980113 0.165274507
0.0706800095 -0.046877862 0.176708003
0.0595459505 -0.00752354932 0.173554042
0.10617402699146627 -0.04759846160114123 0.06272844023801455
0.07472056717017725 -0.035391216748213536 0.07502314601315221
0.09742894813052701 -0.01574205747609903 0.04052220779716155
0.06272759220793263 -0.030875444973614614 0.082778683570568
0.06359153656207696 -0.0237050459314992 0.06866914203728833
0.06084102888665575 -0.020742991653448496 0.06428339965041892
0.05954457329717786 -0.01618462822467824 0.0612572115089325
0.09610641823514975 -0.021044745921736056 0.04511167495605954
0.06830075101036465 -0.050227280861985524 0.12880439559498214
0.04443473216054868 -0.016774106318434654 0.11494554743621214
0.04285364946045156 -0.015189916724520762 0.11062740688510696
0.05041270929310877 -0.026845652441692444 0.0998118361373092
0.03938274644311135 -0.00491276201108665 0.11259918021785113
0.03574512907486728 -0.0149850324802626 0.13587583535740125
0.02829896281497787 -0.008655995897700029 0.14238787493171848
0.03966790832163715 -0.017570120893333922 0.1323594787984001
0.04290009891983138 -0.0183963470679569 0.12882718476975166
0.04493525586277611 -0.018957439741845453 0.12666470819135095
0.047814756474577134 -0.017730434214944548 0.12228259421449983
0.03708568861532928 -0.01480166483785376 0.14128232769974852
0.037242489192403055 -0.012132373412637393 0.14466187965944077
0.04411513715309757 -0.017316224383549673 0.13501526843137848
0.0550424622893818 -0.013837720997096802 0.1511454557697524
0.05114708111159758 -1.2722936788071485E-9 0.17283266032277325
0.052532831214021115 -0.006899941118404381 0.17242611557906642
0.0545020131402034 -0.012243957069463834 0.1741680474490964
0.05505578366812869 -0.01771166132906011 0.1764256001596131
0.05074546415675878 -0.00420212040771151 0.1760116076753891
0.05259852381327102 -0.011435012479131713 0.17595025198762027
0.06869313310489798 -0.04937994273187044 0.17092970972895352
0.06294858796054421 -0.042850481701038785 0.17472724108451246
0.06658699974806519 -0.04828283621565842 0.17454244297629848
0.07807765345244658 -0.05423576992413759 0.16118498246845514
0.07326840829158211 -0.05193397382121645 0.1490090793586066
0.0675871714827467 -0.04912316063251406 0.1344169531709816
0.0743002158926683 -0.04950543152363247 0.16276861743075877
0.06832829377926758 -0.047755066330058944 0.16916059803805578
0.05221006791723966 -0.00880433956728974 0.1692750732316467
0.053657847087950045 -0.01916604652067557 0.09342165284291523
0.06607419789313651 -0.022095505552379987 0.057521201225906586
0.05075864923762278 -0.002054225622291709 0.08678505718518209
0.051999788280658155 -0.004689482141849896 0.08730705170027953
0.052890932093068325 -0.00777013725164378 0.08971413391851232
0.05549771020370649 -0.010161888083825612 0.09210243415090465
0.04682493923837429 -0.013315693941950986 0.09954154526464834
0.04367749031213191 -0.010174714955585739 0.099471456102969
0.04171107481335461 -0.00850459603952071 0.09906939202243954
0.04002521894230839 -0.003847278600717029 0.0990381191081014
0.04627945295710615 -0.0018171783434074728 0.08335224430316168
0.04679964756677502 -0.005178478887293278 0.08328709620358328
0.04823859881271421 -0.009613476777956454 0.08551256002701574
0.04981201480864157 -0.013129969067807246 0.08897660684484493
0.043320291486491136 -0.015979311889573255 0.0970205590316509
0.03911542082494241 -0.011634149999451239 0.09850407792124098
0.03758711015330226 -0.009297110274162518 0.09985304181526784
0.03594765667940923 -0.005058431429653723 0.10090440606803665
0.035211207462642474 -0.00288401625597495 0.09950418811854828
0.034446879803880615 1.9031972215805767E-5 0.09925860678781714
0.06725225436897204 -0.0432745394139074 0.10431433731078449
0.05721680626848018 -0.034408868967295184 0.1082284173100258
0.035199317249493704 -0.009688973673083748 0.1014907955845903
0.03607790407423876 -0.01186700038300175 0.10012585806048352
0.04035679565878588 -0.015151162486968165 0.09718912838339407
0.0717862952 -0.0161762987 0.0650768494
0.0595202965 -0.0245136202 0.19028767
0.07433920667396438 -0.02171875145559984 0.08495261683845097
0.0696906062 -0.0142639172 0.0706563829
0.066759079 -0.0108081132 0.0650343949
0.052359392424771584 -0.008928286928750485 0.11217339857184601
0.0646187805 -0.0112697441 0.160742806
0.0569508905 -0.00966170294 0.182186846
0.0575001169 -0.0145189197 0.182842843
0.0658821733 -0.0374124275 0.183536897
0.076419861 -0.0469668342 0.139553184
0.05410856473183938 -0.026215575353230238 0.18774259027260085
0.060334758 -0.0315837557 0.194444804
0.078212998 -0.0477528048 0.165022286
0.070606341 -0.0466063688 0.175701344
0.0601971757 -0.0104950811 0.175691855
0.08024647899098979 -0.03806247293153379 0.07364658427265303
0.10100734976666538 -0.04653853834833036 0.06473330552322663
0.062161787076610325 -0.023125339692127326 0.0747172558626374
0.059695978100711575 -0.019605917969867583 0.06758182801115022
0.05755861580210307 -0.0165160197681792 0.0637804555480114
0.056348225715207305 -0.013468919352025214 0.060603963643796645
0.09640908308989557 -0.02722139100340578 0.050642751172327596
0.05964293187933955 -0.038872113303112396 0.1257709998246411
0.07222069176255595 -0.05365259080026408 0.13814075268561918
0.041035563526668095 -0.01111271456267008 0.11155349907109052
0.048953037162189024 -0.021280480319428596 0.11742993866677104
0.05433687797057753 -0.03116448709066448 0.11035938821734086
0.04324154129483013 -0.013867765369124877 0.12018740709597206
0.02552437616339751 -0.00760839788773619 0.13641503306373476
0.026539143448062408 -0.008174398763398576 0.13944777889528034
0.03366930860628653 -0.012800949108426862 0.14329442465691197
0.05156420253994555 -0.01718253618441347 0.1392826000673751
0.05517867004336765 -0.013157184718990635 0.1539996687225297
0.05123657174421892 -0.00904406327934724 0.17837663795075723
0.051997843669211896 -0.014256150168624427 0.17905529819629212
0.061555872579240854 -0.04105261258934496 0.17712880987864357
0.0681376900862368 -0.049960945761439286 0.17736510115249035
0.0801323325299779 -0.056174230661012944 0.16028462152535355
0.054522957364936876 -0.030012588199233324 0.09495279199947197
0.07205068788047918 -0.04675521130809952 0.16087381847882207
0.06843157686441709 -0.046340849261168104 0.16790693376389906
0.056538738051432266 -0.011502453388696985 0.16957202400141944
0.05455294210436124 -0.019492274072213885 0.092593068005075
0.06280828515636269 -0.01837437683539224 0.06012799038510818
0.04801715183555445 -0.0020643318420583956 0.08817900072782088
0.04949039798347064 -0.004555398017215505 0.08824612956998165
0.03935586776818427 -0.0038267516540092176 0.09753761016433808
0.043324935001649766 -0.0018902084645140412 0.08491908787832045
0.043748477686220394 -0.005393697872096271 0.08434532469875124
0.035507715971625775 -0.004655808970387308 0.09942587901591918
0.034199450311009724 2.430055148941299E-5 0.09808922545646537
0.06375982991713938 -0.04439682967417674 0.12692248350945648
0.0734546335435686 -0.05418422884556407 0.12655617166191208
0.04795375907236094 -0.0258227259038224 0.10143354903647415
0.03309815983928623 -0.00597362289761865 0.10218437426747111
0.056835037333330826 -0.021969527622452443 0.09009579277518494
0.06577058865489098 -0.01847544619938844 0.09836754612555729
0.0703931539 -0.0146187569 0.0628757668
0.0575369432 -0.0194337104 0.186387783
0.0670891925 -0.0109951905 0.0622113341
0.0928560686 -0.0167800894 0.0620468007
0.0624985659 -0.0157272406 0.134938803
0.0579071098 -0.00303360293 0.177179116
0.0590427217 -0.00889711603 0.176313487
0.0569080259 -0.00444335525 0.182517194
0.0681738502 -0.0430073683 0.180537085
0.0653246639 -0.0358345825 0.182618237
0.081330212 -0.0475154248 0.169132993
0.081340983 -0.0512202873 0.160548291
0.05230589876236071 -0.021269558928851972 0.1832620507858685
0.0837584206 -0.0434684985 0.130468167
0.0789383134 -0.0480271355 0.163366623
0.075149243 -0.0482306925 0.172729275
0.11093897920440726 -0.0474801348763103 0.0608302123027604
0.08957676544584345 -0.05411557092756314 0.0950629241105845
0.09228666098512643 -0.015042669270366136 0.04087910620911968
0.05933525954807801 -0.012541446279185584 0.057093861059868314
0.08576309306943658 -0.019855549532984067 0.0459724926953925
0.05191654224091088 -0.027294140909694956 0.11878719958494786
0.03965796226584347 -0.0033404143076006137 0.11776953911217619
0.026210790590118722 -0.007385896103582933 0.13407933578650416
0.030950847192306046 -0.009217439000828878 0.14477052855171046
0.05338359442949531 -0.022486156501170203 0.13240186298924833
0.044300598097899394 -0.013953681652371467 0.14313717983621865
0.051430236466385046 -0.01280440859591259 0.14961552870571193
0.051352702998683976 -0.004237603591221685 0.17271830863662638
0.053827524706579824 -0.009284443418706004 0.17187202074056465
0.0504992628065195 -0.00415985948181834 0.178627639418026
0.06562593495246817 -0.04623817411185151 0.17274382085339746
0.06047244087256535 -0.03894233736956105 0.17596922751731198
0.07655648603735878 -0.053361039442776086 0.16521959818003956
0.07660916843951258 -0.0540937966372722 0.15517117081064827
0.07381412254392708 -0.04957970706892893 0.16003955394801098
0.07165761167145557 -0.04961634177768109 0.167109306617525
0.06248677912127432 -0.015535390349177848 0.057432025229987894
0.03696273062628253 4.2867857853796274E-5 0.08193519379079857
0.03809016303848166 -0.004295719092429792 0.08172703687122021
0.042423204138336654 -0.011454798057283298 0.0840759084931312
0.0434939149591465 -0.013385981280759008 0.08668437214934928
0.04566071139094098 -0.01498318456241036 0.08976146967199786
0.04789295487348229 -0.016051698990653687 0.09221327455773973
0.047430164299681464 -0.01907518236692414 0.09410524786980327
0.0464095335654098 -0.017406203497970167 0.09404309091956016
0.04311864313499548 -0.017092309406562572 0.09438679182141586
0.03957720972765529 -0.014284558422490932 0.09589724513187112
0.035609268751972345 -0.011023700103570884 0.09898031389582962
0.03127789405839403 -0.0027624585997998584 0.09963910229554165
0.030711032165627514 -0.0013005799083693247 0.09937092726215967
0.06181172677530749 -0.04129262224640534 0.10554048123780456
0.056427539125788524 -0.0349430687157245 0.11504431606004094
0.048705999499886146 -0.024510692228185634 0.09524716942666664
0.051754606444501125 -0.026389589505540458 0.08869634294659605
0.07587819657371195 -0.05915988061621178 0.13412133496159248
0.07951780948072963 -0.06072119947278891 0.14150321804045365
0.053381570577867236 -0.027754785107474415 0.1827576741139481
0.05804381839179462 -0.03720414684903537 0.18534386283879978
0.1057607625961037 -0.049806903275402575 0.061705697823829585
0.07294822452028296 -0.03646903268738559 0.07332249591113613
0.09521390616177318 -0.01641981727497836 0.03720278096185781
0.06213571711693851 -0.03128616242202321 0.08165668209675436
0.06244514769958374 -0.024545491355126313 0.06827106257625948
0.061107704315820965 -0.02206330928040364 0.06373882821595983
0.05762708286702168 -0.017576083005701387 0.060143101813618066
0.09425673781396503 -0.023852577270188247 0.04022177030515574
0.06779285113111756 -0.05123908980412811 0.12854986344597
0.043525081617606994 -0.01649816557743898 0.11432734792744019
0.04143672813596611 -0.015021674134519252 0.10992808956796665
0.049062413597928935 -0.02668078512634187 0.09864040400137637
0.036678842944150754 -0.004928197704793921 0.11417147319223978
0.033595865196833205 -0.016363428205777946 0.13512118874633147
0.026260354454578593 -0.009551099823117906 0.1426372324936049
0.03833544472779837 -0.01861892541945123 0.13222707883145932
0.04222240096745576 -0.019693918836531096 0.12852708736848767
0.04463811416861611 -0.019771126517807363 0.1260143410331178
0.047316352821881194 -0.01820604537120072 0.12149322983619176
0.03575751453887219 -0.016082820406694346 0.1413705601579069
0.03633377324758482 -0.012880221447832413 0.14491038776982218
0.043554305245980904 -0.01871770507608332 0.13570733621335215
0.052717189961204766 -0.0151086618201137 0.14994545056653602
0.049195397946403825 4.136850617977408E-9 0.17292403700310374
0.050917101222604275 -0.007238098851678758 0.17268412383116702
0.053475998836637256 -0.01266999988275712 0.17450998566844317
0.05405044030365312 -0.018236152059670004 0.1766804399978198
0.04933883843155708 -0.00449617963435603 0.17616311539746443
0.05146434860205347 -0.011870530221613176 0.17620524805495646
0.06786075922004084 -0.0507179200549882 0.1708075169966901
0.06162523951388722 -0.04541724884548056 0.17459871396051482
0.0653307722361173 -0.04855840155465296 0.17462775245792703
0.0772541978863747 -0.05503310563840376 0.16107023377560448
0.07238288769981471 -0.05256002772950611 0.14904251058977946
0.06691867995127904 -0.050266667497639236 0.13355451444350522
0.07344103459296597 -0.05047857539893639 0.16266519972362822
0.06757751179520757 -0.048985988171130666 0.16905279494757847
0.050830305423955786 -0.009204505430111965 0.16939308802681696
0.05067283237065378 -0.020372235110718395 0.09265036954397704
0.06467722701926777 -0.023001580069443334 0.056462055822570974
0.0417626362273025 -0.0020981723273073277 0.08033768273493008
0.04294048804064441 -0.005958779245542617 0.07996394386675248
0.044777101717147716 -0.011513780675109449 0.08260366502526405
0.046913760952279344 -0.01574958314883318 0.08829136304130482
0.03166099714557527 -0.00304128783925837 0.10103511234481882
0.030956501384138725 3.5235575773483006E-5 0.10099184416548312
0.06680888015430717 -0.04421886501281729 0.10388642949049856
0.0563427021560781 -0.03473691535163063 0.10833425405159003
0.05291071464973826 -0.02703602762352447 0.18800168157228572
0.0592383492 -0.0325187781 0.195027259
0.07783364943239589 -0.03944691314308829 0.07167936051499779
0.09997740770191431 -0.04917245555827571 0.06298912425559862
0.06036779770804586 -0.023749880677588948 0.07386758656630113
0.05918609432764382 -0.02054304777605858 0.06746158195204914
0.05636536160509991 -0.01753497530072165 0.063171122997794
0.053937804267424984 -0.01426251539342951 0.05916987555519946
0.09428562728154537 -0.029696283408849087 0.046053408436953894
0.05894678853565211 -0.03930284878209142 0.125111195952055
0.07178493319045201 -0.05506711449980181 0.13763326433356657
0.0396331036855339 -0.01150876047762307 0.11136964425741833
0.04760431176236275 -0.021219115371369886 0.11646076967005543
0.053129534324732115 -0.031429176291331774 0.10990133399781929
0.04290805949703835 -0.014149686368820889 0.11930940398162831
0.02267190040697722 -0.008500584438423222 0.13655418552688708
0.023910424969354513 -0.008988864712707607 0.13961776730339073
0.03246090445580257 -0.013389769922375224 0.1436072352517574
0.05012716182370782 -0.018616780510419022 0.139329383143572
0.05337999685243123 -0.013427649686296946 0.15341624438211493
0.04990828436098273 -0.00943953259853538 0.17854840173626021
0.05080247205466813 -0.014756279419091084 0.1792591140747493
0.06026521476910278 -0.04122185370827225 0.17715972453140422
0.06667045607017012 -0.04996137588755546 0.17695721999978692
0.0790767805611204 -0.05710458111599076 0.1599612870979792
0.054054594634748 -0.030346625260931657 0.09352908451793114
0.07172656212276188 -0.04781072207812246 0.1610796153353013
0.06755131486755586 -0.047615962493389515 0.16777615713679814
0.05546556871459824 -0.011904567417945846 0.1698419752925034
0.052327612657240494 -0.019922574453116126 0.09162781255210803
0.061289691256807596 -0.020271277361673393 0.058452945805339
0.03735592948763753 -0.0022226360390173445 0.08176508136149788
0.039552617114515444 -0.006224302681838596 0.08136551647060332
0.03227216073729203 -0.005183961469590378 0.10005459940035796
0.03058965769334569 4.6286890847435476E-5 0.0992754196616279
0.06341613870949576 -0.04531753218567904 0.1262462368173964
0.07308055577335747 -0.05561162896131372 0.12647871458516569
0.04713489088129351 -0.026107618971436413 0.10098357812911385
0.0544288015745421 -0.02307294228927105 0.08822102790691863
0.05107361726509443 -0.02192584991605007 0.18346635773559652
0.11064996379506076 -0.04971557362099878 0.05957657889492215
0.0888703464018229 -0.055986820379650894 0.09431425542240779
0.09112786673473232 -0.016618187097210697 0.0371127993691072
0.05677316116998133 -0.013767485159608397 0.05471900011964874
0.08383377012486096 -0.022812070498352984 0.04081054473013813
0.05116764161646161 -0.027265555932362365 0.1177554850385719
0.03672852671090377 -0.003104629386512919 0.11844024465084121
0.02298865698649936 -0.008432247333452181 0.1334004672250727
0.0294626646059925 -0.01013470576681292 0.14524339593667257
0.05320477292533484 -0.022807266304855738 0.13258383071565102
0.04357025106609253 -0.014847205807306226 0.1431866719594294
0.04895094707097088 -0.014558831205969994 0.1486540277921012
0.04962846089211813 -0.004542249142752321 0.17286841027216765
0.052611032051798554 -0.009728650737901566 0.172167006750644
0.04898836396604646 -0.004441865351462399 0.1788820728975327
0.06456069507003365 -0.047085496856213264 0.1728959226375278
0.05932629822098423 -0.0399872791937785 0.17580912056154607
0.07580068491138145 -0.054371238021866476 0.16493919232924018
0.07586248967524031 -0.054527774279326036 0.15509550189725904
0.07304144050759734 -0.050348655595700176 0.15983425850789929
0.07083153319010362 -0.050821390662320824 0.16714424585722323
0.060356409765668 -0.017634165741081165 0.055173004521076485
0.03882694545974792 -0.003816710027330383 0.09651344859753479
0.03956312005620903 -0.006281100859190607 0.09641697940281288
0.040691238116335945 -0.0077179669216320525 0.09683222631043174
0.04194137640072378 -0.009402671864217348 0.09744301306796462
0.04358195483635035 -0.010507437435485887 0.09811413342271902
0.04709477609508409 -0.012105613759343294 0.09859894367780984
0.04866649553572197 -0.01336965615455476 0.09875889767283214
0.05008564828625431 -0.01498935381722088 0.09863746406510979
0.05408813147406459 -0.010617171021099905 0.09516179537394791
0.05245534638199675 -0.009236348946528913 0.09419130924000599
0.05074587108766162 -0.007638966386291106 0.093051415003242
0.04919382261954811 -0.006845520089236166 0.09174287157415945
0.04811840371026433 -0.006228138282187682 0.09075872693871063
0.04749856537246189 -0.005641456898143729 0.0898776771269267
0.04687885962384547 -0.004506680977218314 0.089336759419938
0.046508469470004636 -0.0031818702660944905 0.08902831640250516
0.04542833807259046 -0.0020481645449888877 0.0891689653725433
0.044418416946868974 -8.14843696408007E-6 0.08903869075952767
0.038259845329130335 -0.0036988392440131155 0.09500040858431738
0.03904958669143736 -0.005949923995168237 0.09489568357630843
0.040300530819658724 -0.007190578997589473 0.09552053671027834
0.04172330026388554 -0.008693418872361353 0.09626337591177919
0.04312131996330129 -0.00994510000410418 0.09714976997759896
0.04714023671803226 -0.01132365263087908 0.09803768159012771
0.04903992895711365 -0.012622127770971478 0.09832942432938623
0.050241502042642376 -0.014445709234911423 0.09818831950322723
0.051240669353254026 -0.016114717865262224 0.09763191298275743
0.051932580374694615 -0.01184964033708163 0.09740536766840831
0.05096802811417522 -0.009752890175029361 0.0972270404157096
0.04863906964709404 -0.008076832638350686 0.09602027058600132
0.04586168114571628 -0.007279841654552472 0.09399513469049386
0.04472346038036608 -0.006427938328265966 0.0932458185784721
0.04397846398361985 -0.005526142408117404 0.09260058837072102
0.043669934048952724 -0.004308127197000961 0.09198738829526412
0.04392945004259808 -0.002940269624343256 0.09165515781369515
0.04312771621903873 -0.0020073245126422724 0.09161449092221474
0.041255561343481045 -7.490021668008547E-6 0.09079242574548678
0.03695856021819457 -0.003290468293116847 0.09399322699719682
0.03836699125105626 -0.005124807513056239 0.09366092566727306
0.03996280613056204 -0.006487084489558338 0.09430804307212623
0.04134215619664215 -0.007921978070169661 0.09490193056896326
0.042700024176849545 -0.009489385512362905 0.0956428000438892
0.045773845509691866 -0.010527809703503768 0.09739658460014944
0.04886750787897455 -0.012281707938853394 0.09746014161472608
0.049755320400772775 -0.013973060979316677 0.09719366531120717
0.05065638453199961 -0.016000088462545956 0.09669276343770417
0.0503896832438101 -0.012484392402001032 0.09800380030010122
0.04859789953036302 -0.011217121859943517 0.09827130206822064
0.04533793281661699 -0.010413952232946694 0.09715843511545987
0.04242790015962244 -0.009598968245066087 0.0954652181710072
0.04150085978791631 -0.008173854852719507 0.09500472056236876
0.040753363698067945 -0.0067546214028503734 0.09468979884828106
0.0396726334859443 -0.005091259845098651 0.0935792720566977
0.03948231151790812 -0.003435905893871922 0.09299494960738296
0.03983452930703182 -0.0017627508157980378 0.09291813844194981
0.039613585640311484 -9.185237681748617E-6 0.09258362006011799
0.04981067786133688 -0.005583646327191301 0.08911960320820167
0.049928994329801545 -0.00643435373444447 0.08950586607827617
0.03405618093818593 2.739392052603339E-5 0.09695560415880776
0.0343332537229004 -0.0011250157942408 0.0969240721310133
0.034563125915035284 -0.0023617470023987786 0.09695095599305754
0.03519635686952275 -0.004207695885077637 0.09775083429474317
0.0360715649922156 -0.006497447288242917 0.09783311966147873
0.03695014407315264 -0.00822753788480954 0.09716486131222186
0.038502248010971435 -0.010032033726907195 0.09606770401058182
0.039751317334622956 -0.011443443470122399 0.09591647521529255
0.0427913662040853 -0.014024247195767149 0.09561884482939076
0.045866617692090314 -0.015824840243730473 0.09535863620889366
0.047877022615670804 -0.017857757915184014 0.09547324643068661
0.05108196733330503 -0.015461145149490905 0.09447152123078602
0.04971801639382207 -0.013912245128528358 0.09338754195152281
0.047787792225564514 -0.011601416978679863 0.091936728021279
0.045673240176740224 -0.010470816823682587 0.08996622952149162
0.04409234170691219 -0.00941468360550703 0.08808784151548613
0.04294966511951201 -0.008259518594449006 0.08676600494579959
0.0420594062173075 -0.007004304648954979 0.08599845231916507
0.041182234343666295 -0.005493310690352654 0.08583376474789925
0.04059977438582004 -0.0037430204301715673 0.0861572325227511
0.04076551674829565 -0.001882087244219147 0.08689222259474927
0.04062951857366152 1.1540145086299989E-5 0.08702223261320655
0.03413852725432308 2.9657129384467296E-5 0.09603922817714314
0.03444987442017199 -0.001139850477581173 0.0960219949755231
0.0349650667619474 -0.002353247554260171 0.09615432043990726
0.03526720577683928 -0.0038317414540857456 0.09603816529796891
0.0359314481264459 -0.005891982836330694 0.09600915619141524
0.036874968622745766 -0.007366800831846771 0.09528980643689003
0.038372877760024626 -0.00920657105792525 0.09478968513132245
0.03985272105979071 -0.010661748078071685 0.09485926786589227
0.04198366632145114 -0.012662239881284724 0.09514611080931365
0.04586192319786814 -0.014593025580671003 0.09515880726339628
0.04811852927402979 -0.01691403143916254 0.09537503672981183
0.051062461081182856 -0.015343426601383102 0.09583090145920903
0.05002576895977942 -0.014296943191089935 0.09532023781127638
0.04758176320449244 -0.011320676443723315 0.09488506904108847
0.0445178661052952 -0.010500425976552284 0.09305543357780448
0.04257326752075273 -0.009475503878379364 0.09123673012597933
0.04102156031894607 -0.008389681139420888 0.08993394587879207
0.04003577919960656 -0.007077215951098566 0.08924895229322677
0.03931262696102665 -0.00549865649211019 0.08894736822608848
0.03904146096135984 -0.0037273195239283046 0.08927401825950398
0.03820703145140573 -0.0019675057082005347 0.08891664413488365
0.038376928102742194 1.064941419963516E-5 0.0892729961493645
0.03440322934007991 3.183217243030141E-5 0.09467966643845994
0.03471614063895327 -0.0011897069857916094 0.09476122602755603
0.034918993974749575 -0.002309103840519344 0.09480544711321058
0.03514653633420106 -0.0035821084228247584 0.09477244398810818
0.03565122638617654 -0.005367806306389574 0.09446806041390488
0.036565130746182305 -0.00660616939168207 0.0940632112530304
0.03850831891733489 -0.008321250586611846 0.09379088265445035
0.04030389702070224 -0.009885045283453188 0.09414324533442182
0.04191723470631341 -0.01151962794813818 0.09435663452489378
0.04577380827339706 -0.013572224090949308 0.09512812843387534
0.04794386989642646 -0.015277368950510094 0.09520937829879628
0.04965166109090406 -0.017340356346573087 0.09530631856752524
0.049549090410257325 -0.013541643558149971 0.0972941024652732
0.04696791023339768 -0.012033747629489819 0.09682575413301085
0.043887951730166914 -0.011067707708327797 0.09589315314349274
0.04135275282991106 -0.01058396114536297 0.09445657148935259
0.03928327579214765 -0.009109506482726626 0.09309705269467011
0.03845858737837875 -0.007746523977780844 0.0924465955573062
0.03727909913715334 -0.005889022798836858 0.09164727525438901
0.03623612961555303 -0.004109303208733814 0.09095587495769437
0.036230525788403016 -0.0021677015718924338 0.09090529608296284
0.03651536601445221 6.676649196889399E-6 0.09128677169847749
0.04432994822340434 -0.006868394563719564 0.08462437060621027
0.044906801574322405 -0.0081947858386179 0.08530840483379575
0.05874833999591738 -0.02715950750262017 0.08632144204896806
0.059798815785028256 -0.020492348638349433 0.08047574359002221
0.058656307133696135 -0.01626920829940758 0.07724552890637343
0.05748691664635559 -0.013516615788549317 0.07570847887962248
0.05530497353894545 -0.010675590309934624 0.07432147456954684
0.05445447113347512 -0.006890518115413434 0.07355958306545707
0.05391988996409016 -0.002062641357408297 0.07302226801933777
0.04272513191877944 -0.018138263599576886 0.10276814440071874
0.040121792236497096 -0.013485207281308446 0.10662783481017625
0.039365959789854306 -0.010871811229258514 0.1076674288209538
0.03837125112038669 -0.005346848694391433 0.10891519743065656
0.038210236977721 -0.0030055027952853044 0.10880145089267691
0.038124783277736385 -2.6777960264163283E-6 0.10869567085801826
0.05229467797177171 -0.006721021667912334 0.08879068481769349
0.05223261983790625 -0.005873273590657754 0.08779955397138398
0.07162444436531586 -0.022185360556513083 0.09874107429467874
0.06996990348323995 -0.019643691383613063 0.08902008006966217
0.06696130954766023 -0.01643724827859573 0.08554748152657458
0.06533911566741664 -0.014217039790705394 0.08348199975574222
0.06302332751851959 -0.010781943428370567 0.08150081723303715
0.06248857679545798 -0.007384780101983221 0.07978383713641929
0.06161872719772697 -0.002448195654733218 0.07891757967062954
0.06372368461343371 -0.015502396831252962 0.09046773212979718
0.06366859693612247 -0.013567574529305263 0.08711098011634286
0.062188334314023694 -0.012039851417238135 0.08630571864363996
0.06087143431836874 -0.009738511191713714 0.08543401507547506
0.060068452373109 -0.006710569465000537 0.08441307681004336
0.0591469585515404 -0.0023826610431420658 0.08321071691697303
0.052450635095149925 -0.011355665372961333 0.10488524134412235
0.050887786709523965 -0.008716637083259095 0.1038273894079218
0.049418940788959025 -0.00707490982332223 0.10248339973783788
0.04634578716067932 -0.0042275982035601956 0.10050946004521989
0.04533595033838205 -0.002811909549985323 0.09977183092114439
0.053730998911532137 -0.013023066526321696 0.10891925938852533
0.05170088520582277 -0.00948743722939118 0.10870030769301957
0.050417758278713636 -0.007595851131235475 0.1070350992079688
0.04913633300496257 -0.004160268121466282 0.10486961317555055
0.04882309553373055 -0.0028657354778449037 0.10484112801737588
0.04828600695691763 -4.6662011695943776E-5 0.10462608029231361
0.0767987916 -0.0201238595 0.0704028453
0.0787600812 -0.021934682 0.0688762912
0.0993142277 -0.0453085022 0.12684709
0.102393792 -0.0445727608 0.125447065
0.122502504 -0.0492650472 0.114441965
0.127398783 -0.0486718243 0.111521436
0.133107188 -0.0492557595 0.107260342
0.10278255 -0.0486639215 0.134420206
0.104953091 -0.0492172687 0.133972922
0.10879151 -0.0504317639 0.130625182
0.119583614 -0.0534422084 0.128849443
0.125130566 -0.0532873453 0.126894567
0.130790801 -0.0525796937 0.12455181
0.135992211 -0.0537419711 0.120087811
0.103298033 -0.0467816863 0.148167699
0.121240681 -0.0533687275 0.141511516
0.128262942 -0.054015225 0.138338612
0.13226973 -0.054914528 0.135711404
0.140424732 -0.0552889269 0.13309316
0.0587908085 -0.0191568082 0.184480146
0.0606669286 -0.0244551365 0.18499872
0.0639487586 -0.031097326 0.183776916
0.0562597579 -0.00454951237 0.184942585
0.0558503097 -0.0113868734 0.185178511
0.0565040879 -0.0157671066 0.185552459
0.0633287541 -0.0307003123 0.185330792
0.0663743731 -0.0367669086 0.184909549
0.0569518432 -0.00393568422 0.19033437
0.0565676813 -0.012827296 0.190160433
0.0572514592 -0.0179056373 0.190332611
0.0669264105 -0.0367214177 0.189032937
0.0965009732 -0.0491753551 0.184030984
0.106622037 -0.0537448824 0.183841016
0.114865952 -0.0585064801 0.183088758
0.12956348 -0.0632461929 0.181781921
0.135179757 -0.0642849202 0.181274831
0.141560245 -0.0650765925 0.180746538
0.148093106 -0.0653013357 0.180121323
0.0580294746 -0.00386234008 0.198218992
0.058810291 -0.0124003345 0.197923663
0.0600692822 -0.0192488292 0.197663504
0.0977054109 -0.0510717655 0.197772664
0.107617996 -0.0559406642 0.198005278
0.116719632 -0.0601675336 0.197681055
0.131878561 -0.0662544914 0.198433505
0.138276526 -0.0674435517 0.199241694
0.144676166 -0.0679486501 0.199839471
0.150732159 -0.0683031325 0.200503504
0.102882084 -0.00307546784 0.054058483
0.10523389 -0.00899015405 0.0536212639
0.06265364223854276 -0.0025890275759292217 0.06949351185219474
0.06492043259275634 -0.007623025868758819 0.070480154379418
0.06628787919270161 -0.010668920909895166 0.07197333009256959
0.06877582770906907 -0.014148446359124581 0.07348889809728086
0.0625392611514435 -0.0024816831016562426 0.07420605922123243
0.0643432530296728 -0.007664251989387706 0.07549059236764771
0.06503293300384853 -0.010297222269878432 0.07642410461797908
0.06716588671300712 -0.014550172848084244 0.0785931317429796
0.0703816694466806 -0.01786087563360723 0.0809192610406877
0.0626914722 -0.00261926404 0.0670784575
0.0650200532 -0.00777570318 0.067851418
0.0666324782 -0.0109160186 0.0688509549
0.0626246349 -0.00250084993 0.0641988562
0.0650215508 -0.00769225029 0.0645758727
0.0628024872 -0.00258426014 0.0611650774
0.0650819538 -0.00789186294 0.0617395835
0.0714383547 -0.0149202277 0.0594835112
0.0675159476 -0.0111408856 0.0590118877
0.0842411077 -0.0267978008 0.0626373806
0.0813776771 -0.0211135027 0.05934459
0.0764293676 -0.0160934013 0.0575445542
0.0726867187 -0.011733016 0.0559524455
0.0706207011 -0.00808228829 0.0548735871
0.0679715349 -0.0030897317 0.0546205479
0.103193969 -0.0285543848 0.0668207466
0.090151191 -0.0130225009 0.0593883765
0.0887298214 -0.00912758529 0.0580406685
0.0869259914 -0.00236079186 0.0564570735
0.107539627 -0.0284735996 0.0662790735
0.05983110278216998 -0.019566422175308625 0.11462268336733539
0.04968818988000098 -6.545333234565019E-4 0.10849706129488514
0.050033506777655 -0.003085070425578637 0.1091680550494069
0.0478907245 -6.928062E-9 0.162736114
0.0478505751 -0.0028355114 0.162718435
0.0485863823 -0.00475584621 0.16195378
0.0504315436 -6.219593E-9 0.164562792
0.0500936693 -0.00274231937 0.164731753
0.0508457761 -0.00467962517 0.164049663
0.0540241205 -0.00609999595 0.162599509
0.0528700612 -2.994489E-9 0.166440073
0.0524848173 -0.00260717259 0.166613435
0.053603272 -0.00445387052 0.166019586
0.0562176482 -0.00575279888 0.164512403
0.0552999373 -1.434215E-9 0.168473478
0.0548404363 -0.00250890988 0.168546843
0.0559417353 -0.00433732745 0.167717697
0.0573186618 -0.00582983742 0.166238346
0.057597875 -1.025996E-9 0.170521221
0.056881735 -0.00258767843 0.170464696
0.0576307601 -0.00441259173 0.169166964
0.0581165814 -0.00525540254 0.168526452
0.0587171839 -1.1051E-9 0.172722264
0.0578564809 -0.00261329937 0.172367761
0.0585386404 -0.00437750196 0.171178194
0.0589703589 -0.00596612659 0.170476961
0.058755735 -3.46959E-9 0.174614241
0.0582127657 -0.00265939812 0.174385374
0.0590730346 -0.00460863928 0.173902382
0.0611260325 -0.0202423475 0.182363622
0.0628387917 -0.0245763249 0.182844387
0.0648246278 -0.0306527313 0.182524981
0.065202022 -0.0350206823 0.181926308
0.066799286 -0.0387014571 0.181312258
0.061966411 -0.024505427 0.183861614
0.0644351162 -0.0310454726 0.18302984
0.077163423 -0.0483162574 0.174168166
0.0675562799 -0.0208371206 0.133803532
0.0709662967 -0.0242666056 0.133454376
0.073123472 -0.0272189792 0.134905697
0.0743992656 -0.0327657375 0.136023563
0.08456857846606423 -0.05865965350887142 0.12213266951960737
0.093534154192476 -0.06322310640286509 0.11749576142992275
0.10978803034812352 -0.06969100442962839 0.1103749684590621
0.11911844389484103 -0.06964311513635538 0.10707821583506592
0.12643836032703826 -0.06882879302224665 0.1040122950401857
0.13257884771722692 -0.06663456589095483 0.10103753717084767
0.08732290936224266 -0.06154143266461342 0.13144067472155585
0.09617119409099971 -0.06479318540129841 0.1283989171427756
0.11305554009565895 -0.07198192450948934 0.12206264630966082
0.12157083089378859 -0.07296208051954431 0.11906522275848681
0.12876457831964927 -0.07191430337688981 0.1168831770417195
0.13628538067810184 -0.06886301318525287 0.11529749235930968
0.0906182028262013 -0.06246098385037438 0.14003843159294022
0.09895440328548472 -0.0664280571678608 0.13815669771024383
0.11618630162579167 -0.07277166599686166 0.13293762601119724
0.1237642484149776 -0.07378708393427248 0.13016748524144936
0.13116882199145558 -0.07354344868085588 0.12791678895923803
0.1390865855180582 -0.07015384985951045 0.12746804249651342
0.05326562364496586 -0.020119698622052616 0.18057423013614715
0.055115079040262485 -0.026487388908384753 0.1804759073574048
0.057666643966995404 -0.03303834336828716 0.17865704020396672
0.07339391262592775 -0.05270171278449259 0.17030101393829666
0.04977991022825431 -0.0043190777576257765 0.1814694540723949
0.04982240146678918 -0.010435338606941626 0.18222671963103493
0.05076210339716411 -0.015790619963373026 0.18273906338532744
0.05778570446705801 -0.033422302846022774 0.18060352471573687
0.06160679139934316 -0.040843550167846764 0.1791084713144608
0.06857052979977253 -0.04991307635906604 0.1790664050669812
0.07635580932011289 -0.055007537726717744 0.17593248807926976
0.0849978280984672 -0.05807287243450295 0.17441428818957327
0.050536906308517114 -0.004044006545578857 0.18773063736091394
0.0505919269035188 -0.011340843905099743 0.18850065623031495
0.05187285911159911 -0.01783168116386768 0.18846412477866273
0.06259978018709066 -0.04069985271792258 0.18442079061003397
0.06952313281956148 -0.04965953176176139 0.1847657841872847
0.07818203262345291 -0.05384279470713045 0.18370424452226847
0.08616830838037759 -0.05729455304960368 0.1824580024296306
0.0952715790737987 -0.06152606379506443 0.18256702464547778
0.11131116085841772 -0.06937274735167043 0.1809206746743311
0.127970213321137 -0.07339309378723688 0.17955412799590684
0.13480880111611315 -0.07532680500142121 0.1788950874734188
0.14248777769915835 -0.0770214825038513 0.17829874332204582
0.1501318309218529 -0.07715742544842956 0.17748845430182814
0.053275242 -0.0036998898 0.197158873
0.0537627258 -0.0116231039 0.197385241
0.0554283786 -0.0201546178 0.196581561
0.0651434812 -0.0402368027 0.193445683
0.071195714 -0.04838554 0.193864829
0.0790528505 -0.0534919632 0.193893341
0.0877029597 -0.056888557 0.19345729
0.0961337064 -0.062315663 0.194611038
0.11233492 -0.0696858574 0.193789094
0.130140665 -0.0747224551 0.194171589
0.138117635 -0.0765737474 0.195072705
0.14537543 -0.0779287991 0.195934332
0.152612405 -0.0789706774 0.196440358
0.0662601559 -0.0139950431 0.155927453
0.0666103934 -0.022751365 0.146606277
0.0680799771 -0.0260449603 0.14523643
0.0687548621 -0.0311864193 0.144311634
0.0701765363 -0.0366490879 0.1442939
0.0721761053 -0.0408580869 0.147826021
0.0754028734 -0.0454646505 0.154743249
0.0775832165 -0.0478368717 0.159788372
0.0768216937 -0.0477705288 0.169021413
0.0739744725 -0.0477515163 0.171933225
0.0715525234 -0.0465219165 0.175795146
0.0690715981 -0.0418798278 0.177483615
0.0679937837 -0.037502332 0.179202776
0.0672510109 -0.0346117587 0.180634594
0.0663102298 -0.0306518841 0.181456518
0.0660969672 -0.0254543088 0.181983438
0.0659927885 -0.0207081747 0.181183142
0.0659902211 -0.0166510916 0.178737458
0.0661728078 -0.0129642323 0.175831024
0.0660598276 -0.0107687047 0.171813102
0.0673310667 -0.0118105029 0.160148626
0.0645936064 -0.0133573809 0.156311272
0.0659276273 -0.022156971 0.144863733
0.0683612253 -0.0254988436 0.143446879
0.069507561 -0.030804012 0.142766026
0.0708037921 -0.036451525 0.142636576
0.0716060628 -0.0407350128 0.145566407
0.0750041828 -0.0448553638 0.151831364
0.0781605158 -0.0480868439 0.158672361
0.0799443603 -0.0489384179 0.162466644
0.0800810687 -0.0477952921 0.166529175
0.0780439667 -0.0474780847 0.169586594
0.068282695 -0.0424361254 0.178810635
0.0676190836 -0.0380459721 0.179818805
0.0663676661 -0.0347649342 0.181043259
0.0661230912 -0.0306577679 0.181968283
0.0656882802 -0.0254038818 0.182261628
0.0649554214 -0.0207663512 0.181529319
0.0643512899 -0.016795809 0.179662442
0.0631291461 -0.013718771 0.177045882
0.062558423 -0.0105127683 0.174887262
0.0682896639 -0.042116692 0.179803084
0.0667430815 -0.0384079691 0.180842433
0.065300998 -0.0348919173 0.181435387
0.0657422198 -0.0303789239 0.18226008
0.0643756524 -0.0249125492 0.182486409
0.0629941372 -0.020443166 0.181758297
0.0619726696 -0.0167254418 0.180449494
0.0606629032 -0.0138459937 0.178003938
0.06514607 -0.0100762439 0.164074577
0.0656640373 -0.0215870141 0.142554895
0.0690131727 -0.0252964624 0.142043192
0.0704591611 -0.0307488465 0.141747987
0.0715753246 -0.0366293692 0.141744754
0.0722318767 -0.0411914871 0.14455437
0.0756486315 -0.0453973437 0.150897571
0.07354391954302962 -0.045654773253797895 0.10189640388956635
0.08470117749075388 -0.05121959650405686 0.09813780890933481
0.08536071581054293 -0.04058786097000485 0.07188194489787345
0.09261953560602922 -0.0027660081085672263 0.03688606745744665
0.09477661618303855 -0.010946598896431256 0.037997164630457894
0.05118442692494193 -0.0027164123384118646 0.0649296537259789
0.05217228523803486 -0.009301081290773967 0.06568840783573054
0.054024199952684565 -0.013547866920433405 0.06609797052342034
0.057028832174597234 -0.016525731780706283 0.066691503202977
0.059256865348497945 -0.01794953768515029 0.07211725315971175
0.0574305797043144 -0.015382679376820528 0.07120635597553045
0.055063002152877044 -0.01248129340753471 0.07029803078623935
0.053285965451158816 -0.00826440190121034 0.06954860227456176
0.05222934549492273 -0.002266658966803122 0.06839296359889196
0.051035049457540616 -0.0028594701027516286 0.06290602543102605
0.052493949503263526 -0.009792691637039478 0.06307061467812855
0.054404186497461995 -0.013748343274391037 0.0631802533789509
0.052250310892468114 -0.0029928022116463815 0.06119955668646478
0.05445079262393829 -0.00981953179862734 0.06052784314534933
0.055468866434782806 -0.0029501561070467463 0.05758067379355488
0.057551418715069094 -0.009351324567324735 0.05707471717157811
0.06580615806104431 -0.015855647948722573 0.055242257265532946
0.062246426328768166 -0.011907711312541784 0.054758928198981746
0.08179598363115961 -0.02901878246788789 0.0570635592245328
0.07621646972025045 -0.02245414853841422 0.05286004882322882
0.07158820847190313 -0.01684963278761068 0.05122736818165407
0.06814267186684698 -0.012247524114315808 0.05064306707339025
0.06646715378562672 -0.009010580692072678 0.05044509625629919
0.06388009548108622 -0.0027248572667918007 0.05022370421819493
0.09989786610733226 -0.03419129276745163 0.05383055449057922
0.08194489961567025 -0.014325810216015769 0.041904913939348844
0.08002144318692167 -0.009698069374913432 0.041532113110151446
0.07761006490701587 -0.002705837801762505 0.04096900418760073
0.10408264253559042 -0.03564391774780422 0.05151287633603157
0.04951565340148145 -0.02564811957904312 0.11416789449477074
0.046288298687462905 -0.021695723927322497 0.10726866704205498
0.039305835209506416 6.116528120356586E-5 0.11285507051776099
0.039362554441925275 -0.0026815106795776257 0.11282814436311558
0.03958355765090604 7.444708093802839E-5 0.11771603994191994
0.039565137449048035 -0.0012496624657223068 0.11764729606149313
0.03711917925486627 6.0410897499427254E-5 0.12232682410075116
0.03707130397311933 -0.0012389234579221796 0.12231604589817312
0.0377465532731999 -0.002927891750949661 0.12213896196980813
0.026719378330419458 9.476785984520473E-6 0.12819977369875657
0.027364267695880098 -0.0012666421286068603 0.128666501593657
0.027884531014162467 -0.002767162080672129 0.12890744981250857
0.028354630180450178 -0.00435300131856115 0.12963642399484954
0.030421986812324674 -0.006491725116928465 0.1305556099751866
0.03672072681735514 -0.013428387396481301 0.1331091066075784
0.03943894035796542 -0.014806158350204558 0.13079093130273953
0.04160173070116203 -0.017405790872097662 0.12781192171505146
0.02424714700611645 3.40189725967516E-6 0.1310296426464746
0.024796445910992015 -0.001048637424477358 0.13123613060820843
0.025583510966310032 -0.002809089042107563 0.13146138363145085
0.026703998539399046 -0.004591484143948955 0.13175947640675018
0.027763504186813854 -0.007072279225973126 0.132131456428232
0.03566361621742028 -0.0145233258090388 0.13477971582430062
0.02248449863167346 1.236146621926573E-6 0.13500676585987942
0.023046019940214987 -0.0011254903259072097 0.1348777657041914
0.0238538479870263 -0.0028816583434177014 0.13482872574638577
0.025056851835608344 -0.004921810065277688 0.13448805130197922
0.022280103060917524 -0.001268510424605278 0.13826179323482693
0.023131062412852708 -0.003059751246362965 0.13792081050520796
0.0242819259916761 -0.00506800164542154 0.13731813144747915
0.023738639669032047 -5.668784068843254E-7 0.14289792734999643
0.023755194101261874 -0.0014621100262463401 0.14220150096031178
0.024236048182372523 -0.0032778898986900963 0.1414495568232707
0.025186014760510068 -0.005651427328645289 0.14036157088078427
0.025989261025833765 -5.226742925777034E-7 0.14595323219469294
0.025936852587201353 -0.0015318879880877143 0.14499476618245866
0.026002258008222905 -0.0035163915153145456 0.14435370738678435
0.02681954883373928 -0.005875583403636998 0.14342160323706415
0.027742456301032153 -3.875830310334036E-7 0.1483398042166083
0.02771269521564072 -0.001692251588611486 0.14751427586281238
0.028070855485975127 -0.0038372550342389523 0.14709852694405234
0.029095695387921332 -0.006415282952089879 0.1459342207899836
0.02936803752064301 -2.796100763061528E-7 0.15043437543725294
0.030108959934595128 -0.0018291232927916984 0.14974604819630405
0.03058575744776187 -0.0040203133666180495 0.14958516868685165
0.03181858258209155 -0.007173063957224802 0.14839170362874857
0.033938315567817116 -0.009534417246191626 0.14649681167246742
0.031739215257985634 -1.38351480602953E-7 0.15287779319034092
0.03226850588478831 -0.0020551640628696435 0.1519463312110664
0.03306596435271282 -0.004345575658691844 0.15161294969657968
0.03473344204979895 -0.007848753126813919 0.15017646291080555
0.03714957897962322 -0.009998641416255923 0.1479304522448159
0.03385975117878676 -6.556960658463521E-8 0.1548627902697091
0.034360464741020044 -0.002198484667764715 0.15404308111608545
0.035401505594069266 -0.004634815937327871 0.15367725980826336
0.037162243564365045 -0.008093446314268678 0.15233463777249268
0.039810286782082024 -0.009827366071195453 0.14986304124562028
0.0496053523232065 -0.01303782420584357 0.14748994317799644
0.036464517409089583 -2.8123598725931937E-8 0.15706478599297424
0.036670080820349255 -0.002674847560491439 0.15662678875498395
0.03747982730358438 -0.005041786381209828 0.15599716390101498
0.03943636127575985 -0.008358185961546973 0.15459417860256383
0.0423040853362686 -0.009923453487641534 0.1523554304649591
0.039023270111234916 -1.5009896746092405E-8 0.1590677254808378
0.0391072172143415 -0.0026906973426289228 0.1586733484874336
0.03997812476503703 -0.005255162534547133 0.15804531206168612
0.04132825416546748 -0.008358842497174791 0.15644052150981846
0.04492393782998368 -0.00979468407483725 0.15500511845496337
0.04145409872710839 -8.684677622519882E-9 0.1608654759754201
0.0414819855681803 -0.0029726941402511953 0.16056381138398085
0.042450545007524036 -0.005593012188960222 0.16025142817599913
0.0444346976850747 -0.007649069070897956 0.15909647994677967
0.04384002469264289 -4.622866772714541E-9 0.16293395983302003
0.04409712921524812 -0.0032183127484035024 0.162755740883137
0.045347318405271654 -0.005806376480277694 0.16236626260202036
0.04688567903908206 -0.007669396207256204 0.16119022900320412
0.04629128286216335 -2.610475915084335E-9 0.16516541710776383
0.04678780984090776 -0.0034715335063714124 0.1653273366221857
0.047405184501786504 -0.005812631504295559 0.1646779917623424
0.04820128940942577 -0.007617206556500986 0.16393700408500697
0.048338196852883535 -8.643213305286383E-10 0.16742425032200461
0.04846898764650649 -0.0035173145603216633 0.16774916487666644
0.04882113778319308 -0.005942935564191209 0.16728362812672734
0.04993462806969721 -0.008687237645995228 0.16665369216376102
0.058821510002850436 -0.011524727279961964 0.16572146808757143
0.04990760545284503 -3.42543357217647E-10 0.1696877327281842
0.04997514652817045 -0.003940135688500452 0.1698433296014339
0.0506129278561103 -0.006210625265740883 0.16967416308331143
0.05559966109561456 -0.021744169231552413 0.17683418927306938
0.05682823598734575 -0.02684398948395684 0.17651627080658402
0.0586165003996145 -0.03256258486114226 0.1756652862535452
0.06053508001539126 -0.03784716677266425 0.17494442602048718
0.06272861159607794 -0.04167301200147335 0.17347381883009813
0.05607523233766479 -0.026723689885059913 0.17839446254653038
0.058240004401292705 -0.03295438456092652 0.17699061266054983
0.0725859293645578 -0.05165643582759628 0.16887802120145157
0.053736684745750905 -0.02330042221667355 0.13576468176308248
0.055319042652127545 -0.027579198468034805 0.1303575280708454
0.05749672378790266 -0.033648496626413456 0.12971310928721674
0.0605406760568396 -0.038965608233159345 0.13063708264454382
0.0640494999330201 -0.0442340370560416 0.1321728979453365
0.059468583229749857 -0.018876014563997387 0.153350250036801
0.06046527136427416 -0.029677063501883864 0.1448202514241425
0.0614064255844871 -0.032850178354334285 0.14385519577999506
0.062116080179813425 -0.03687504290182403 0.14383985273608038
0.06371521782608112 -0.04045509639009822 0.14455780125569628
0.0663100179931682 -0.04347033081626121 0.1463479244581747
0.06943654358972388 -0.04624059942846986 0.14967157990928415
0.07275779517874952 -0.04817704520628253 0.15498929591309726
0.07354886871690167 -0.04882882918696956 0.16408916098128373
0.07110473696056427 -0.04748147944049374 0.1657828358782787
0.06852002713138303 -0.044888930198317245 0.1663816095374428
0.06549905687132825 -0.04155541225078636 0.16689993450751123
0.06343452830098509 -0.038273092327175615 0.16791417099018735
0.06276050376014466 -0.03497074012058204 0.16912096395204718
0.06198701885980554 -0.03121248589477339 0.17003785491078327
0.06158919750622444 -0.026791653747854825 0.17073590568826735
0.06209790352031431 -0.022546637740960208 0.1709302285053355
0.06248935137547579 -0.019444762445289355 0.16939494998548107
0.06267970555544791 -0.01720954256302351 0.1677505531445417
0.06341659539740419 -0.015644648150096477 0.16647825487794735
0.06312178080123672 -0.014318887876032969 0.16500433831802183
0.05941586046618761 -0.016118301832270778 0.15571897043478725
0.05772589056734977 -0.016349438268275188 0.15200376399215715
0.05838706774271888 -0.029198976655179 0.1419154428454904
0.059826473100089476 -0.033515136603827066 0.14060873162357201
0.0608823970488224 -0.038118343191413134 0.14115520862704617
0.0629624340337914 -0.0419295876417846 0.14246545905271282
0.06591144931302029 -0.04478913115800009 0.1446486924326207
0.06910916695543334 -0.04747333851892212 0.14703824294200574
0.07345495411183063 -0.04983002438724111 0.1520016850566433
0.07524966653192236 -0.05171237918220237 0.15792103973464774
0.07636624045260111 -0.05219801289952566 0.1620873252464553
0.07489730548832722 -0.05131159116720181 0.16484377543799522
0.06548172860985917 -0.042734468939611796 0.168992142509058
0.06312777759038551 -0.039553432229119265 0.17020054223882994
0.06182653291065383 -0.036238985604131246 0.1710772052540383
0.060840882847655986 -0.03199963819828825 0.1719535399157159
0.05971735916475937 -0.02711726310297707 0.17270090582450495
0.059745160095517516 -0.022442543678105917 0.17305236983511768
0.059950061270048295 -0.01862893336720216 0.17176456045841215
0.05982128630113044 -0.015737331456006236 0.16963841200261792
0.06009712029647773 -0.013625206794045103 0.1679492994153618
0.06539294222406954 -0.04411737849691632 0.171078265122043
0.06280449638678119 -0.040746972083370005 0.17233494249007042
0.06102963432311298 -0.03699668113919793 0.17330802119562994
0.05948847675938183 -0.03227293579392006 0.174024902469944
0.05793378902347591 -0.026981520157347675 0.17458222717022065
0.05738848309590369 -0.021914733458238446 0.1749221722133371
0.05760670624625149 -0.01786912757998763 0.1737020075230099
0.057396175579288874 -0.014416671369429764 0.17181658581669582
0.062477492210874015 -0.013294996498738556 0.16317612537202994
0.05807190974466452 -0.013169155112888757 0.15866874068299072
0.05725716569356229 -0.028437124018734296 0.13938156899488222
0.05922112452010138 -0.03363117160924942 0.13847218754461013
0.060693121063678954 -0.03861242214861779 0.13928987001314524
0.06297008137289473 -0.04255997851011233 0.14075489851159276
0.0657592992722362 -0.04579096479630935 0.14275040894218696
0.06946508132680448 -0.04906795680637453 0.145108997619125
0.05486425737179723 -0.01675177389910703 0.08290870996755194
0.05447311799880205 -0.012523907387671994 0.07999890115207475
0.054628364018444696 -0.0104429690660967 0.07932118456680053
0.05431444853715546 -0.008097820354815915 0.07871484233824474
0.05388293025258227 -0.005589692676787346 0.07844457081704902
0.052928088057272095 -0.001538299197436887 0.07822311513047812
0.04297604475943407 -0.017103269100515742 0.09981751255755936
0.03984291878707724 -0.012696884111726797 0.10221334009410168
0.03858960598927459 -0.010395126398221542 0.10334271062226892
0.03701522569189722 -0.00528561502897942 0.1036387644102015
0.0362025323352287 -0.0029968150882631384 0.10281149252585091
0.03598596718395474 -3.6338860652737575E-6 0.10250883082019946
0.04765643846546462 -0.008333974087408574 0.08451914690086615
0.04722622131152124 -0.006982492125277007 0.08363029189140062
0.056149067260739725 -0.02961668912980309 0.08796305904295001
0.0685802065782674 -0.031533451711586544 0.07697672961240348
0.06917097979233536 -0.027367851739794627 0.06598622909285397
0.07074991227881552 -0.027529696312414 0.060034606626207986
0.06649118633589943 -0.025066816182175853 0.061774487348816944
0.05900659229199501 -0.012408433099435293 0.09092231879460315
0.05718147798191073 -0.009892027737271061 0.08900091585188809
0.05640495778941229 -0.008156723178161181 0.08812874039226964
0.05562589130560627 -0.00684861928756143 0.08678080349542416
0.054470910161695106 -0.005034678293947838 0.08610179002940281
0.05336933015679204 -0.0020559198409384203 0.08527535765333702
0.0601124784 -0.0204973616 0.18366012
0.0699004461 -0.013754692 0.155665861
0.0692231915 -0.0239351656 0.150294734
0.0693713217 -0.027311059 0.14938706
0.0699687565 -0.0318175154 0.148447402
0.0720996049 -0.0369436066 0.14898256
0.0762214057 -0.0420916954 0.154262108
0.0777561005 -0.0451539438 0.159324527
0.0784376743 -0.0463253906 0.163127525
0.0756409591 -0.0470248931 0.165337675
0.0745446996 -0.0475149657 0.169873759
0.0725314006 -0.0462747515 0.173319002
0.0700250535 -0.041795951 0.174735622
0.067799159 -0.0375319572 0.176148132
0.0666542193 -0.0340524066 0.178795146
0.0664109853 -0.0296338209 0.179458601
0.0678526124 -0.0244443514 0.180283102
0.06892701 -0.020005988 0.17887117
0.0697497609 -0.0163024835 0.175945084
0.0698209492 -0.0134772489 0.172530793
0.0685052869 -0.0119789938 0.169434036
0.0672337894 -0.0131641454 0.157614698
0.0675649087 -0.010701638 0.162747423
0.05422710294753634 -0.02827163867222777 0.12639328908348696
0.03871176314753121 -0.016550819914882154 0.1315548865730169
0.05369579728062714 -0.009548486058446262 0.16581388353429663
0.05459708024696481 -0.021854882766376517 0.17897095112864655
0.06396000084442487 -0.019730984140059183 0.15358199892664
0.063134052110899 -0.029402182249547663 0.14949788902446845
0.06388941154293049 -0.03281575487591666 0.1487648172352676
0.0647410233801012 -0.03611042814517585 0.14852704905171454
0.0663166858749442 -0.039398929498195324 0.14903470734583432
0.06954298618110412 -0.04265815899255274 0.15114930141926944
0.07154608093854105 -0.0450241164703981 0.1551259052481106
0.07178617872924235 -0.04612563345804604 0.1593536727304589
0.07157328574542504 -0.046289471527617816 0.1618635514333218
0.06996287444087979 -0.04523450307647954 0.16334083075406916
0.06805575572996225 -0.04296837911495522 0.16378441470047123
0.0658424706045228 -0.0398351686564267 0.16405838931343636
0.06407698736590547 -0.036490911484435354 0.16492324908128242
0.0626466824922919 -0.033398805593350935 0.16607867765081036
0.061958141307115334 -0.02952606506530639 0.1672039765758717
0.06320639623425874 -0.026670887243726096 0.16732618385502565
0.06423742931427943 -0.02321741396683864 0.16721747078455418
0.06442542974349687 -0.020427156346002954 0.16656641911074835
0.06455702106769787 -0.018322455845759054 0.1655518807416284
0.06462619008518955 -0.01694769244286358 0.1645325474060069
0.06438177386452265 -0.01615700435405771 0.16342351305557765
0.06062799861107089 -0.018080476357092395 0.1547678804652726
0.0644658282913623 -0.015866635070133788 0.16151342248676331
0.06344379264139617 -0.016041082475794527 0.16013004299568936
0.05192707716517302 -0.014964745881775723 0.08670061168713268
0.05124848203342808 -0.011127123512430191 0.08366358153849689
0.05107790817872905 -0.009122559149548312 0.08291641727808295
0.050591477989119935 -0.007059192294450799 0.08208267636784786
0.049946593522602584 -0.00485694882198925 0.08149937273241559
0.04934376875333942 -0.0014365399850858826 0.08156184793040896
0.0694763547 -0.0114192056 0.158681085
0.04192889640217763 -0.01603435625710737 0.12708926565307216
0.06451750979717119 -0.01778855274413596 0.15620980490828773
0.03083138767948311 5.093648095913804E-5 0.09774659517849328
0.03096135127677571 -0.0012623410839380511 0.09777541173819237
0.031598095751264016 -0.002985844493893376 0.09795246972892876
0.032174837846016574 -0.004469498798429585 0.09801086405532833
0.033215951826008595 -0.006518662953244279 0.0982653894376722
0.034263173405272865 -0.008403433584079986 0.09811332798977244
0.03530141219499628 -0.010123663937382949 0.09751986047630729
0.036974689090056495 -0.011911490171145175 0.09621839141181936
0.039614278553461 -0.01366501953094278 0.09474821601782855
0.04306939232331712 -0.016342813322822038 0.093725059697373
0.04667473428038509 -0.016948047365034972 0.09351829111405391
0.04919889458259856 -0.016572510573630718 0.09469436072954308
0.047761905393182424 -0.015942153526726677 0.09363868867628962
0.04467142822690734 -0.014364935327064949 0.09164797744691267
0.042134768338334926 -0.012973947028142417 0.0887489449386121
0.0405981742916948 -0.011195417985998072 0.08652811808889821
0.03934144723911849 -0.009232160727377743 0.08493221992229662
0.0381254552544279 -0.007786009705539087 0.08414434150374556
0.037364087297113956 -0.006157286665893949 0.08408930383717346
0.03611740461630147 -0.004205747421949382 0.08486772337054035
0.035629607293546146 -0.0020882789765906268 0.08483801847579363
0.0352853142754002 4.011377001996554E-5 0.0848000501018341
0.03163952703467029 4.912346175820641E-5 0.09628568332024877
0.03200295160259149 -0.0012974022073822004 0.09632042532181587
0.032424727615126346 -0.002449962240126165 0.09641360910966154
0.03310876792495319 -0.004110914437636941 0.09651143301453252
0.03363042296136827 -0.00592687847880432 0.09640355987801852
0.03467930242161506 -0.00770955772407083 0.0959997782805244
0.03581368753595742 -0.00936830813298717 0.09565154996889011
0.03762781144908309 -0.01113691365227267 0.09460518880935634
0.039986649586270503 -0.0128566314869996 0.09411874450627072
0.04355419316602623 -0.015604035984249906 0.0934384833462245
0.0470934689547661 -0.016522460679601968 0.09359732915048045
0.04961565081921704 -0.016481374267905028 0.09555965126987961
0.04819275553041576 -0.01580507697211921 0.09500778398205556
0.04456991867657601 -0.014042549206437487 0.09361575190758242
0.04185207520950581 -0.012576771277349822 0.09143203123908826
0.03972140598131783 -0.011211046896254765 0.08948452867199776
0.03786431659590876 -0.009556565425118306 0.08817228743000019
0.03669525427428751 -0.007897238214620043 0.08734587531997796
0.03593613786603887 -0.006112675731254133 0.08700964526988104
0.035440609794689694 -0.004202412364705823 0.08719603468404528
0.03530019172079406 -0.0021424201215564163 0.08753094063822256
0.03526665387143793 2.904925720650481E-5 0.08760700427038319
0.03274434753519677 4.257712193611932E-5 0.09557101000188883
0.03337575990210243 -0.0012592054328509471 0.09544991132222155
0.03376761656896273 -0.002387888171224353 0.09546332222478483
0.034149341045914154 -0.003817375823103203 0.09549755796709972
0.03476359801626179 -0.00563114985777135 0.09522976203746518
0.03551777597094943 -0.006888673634123898 0.09499016392992086
0.03685764508341308 -0.008728579608005016 0.09433707287962946
0.038575461910022514 -0.010449752374526892 0.09392328439377153
0.040724415555330816 -0.012114268418692651 0.09385633450886492
0.04435795149434334 -0.0145850332732658 0.09363808421363151
0.047749940789336365 -0.0164270723314643 0.09388891478197105
0.049069662009929724 -0.01559592566547875 0.09583465209746335
0.04575234660513873 -0.013411874227565982 0.09525026128438391
0.042497010275994083 -0.012118915882146903 0.09429573861088796
0.040394686891245264 -0.011014063426784577 0.09218100228906582
0.03855513896208908 -0.00947565505820985 0.09066131349343899
0.03723930546431506 -0.007921829227614365 0.08980454144082424
0.03635310441503544 -0.0061932065160534835 0.08923394377169276
0.03563356008109397 -0.004271602044498675 0.08886466728199499
0.03541024666006841 -0.002168002754133796 0.0890577420757197
0.03573213650537744 2.1514305577133724E-5 0.08931592858562615
0.04046763148510803 -0.007956989383952038 0.08157634181867796
0.04142512575092321 -0.009670678771929217 0.08245249753160427
0.05737713334382253 -0.028246983162852242 0.08454861505809876
0.05720886558959725 -0.02174582664171505 0.07801044847815557
0.0546578853822129 -0.017063996073854476 0.07416571532266159
0.05390720491796671 -0.014560660520126535 0.07354361328864159
0.05333812320569817 -0.011516375451207901 0.07322826014319304
0.05205404603410409 -0.007896666572872883 0.07268466185312486
0.05101619231178308 -0.0023774994224882626 0.07221935870677411
0.04178034923476927 -0.0181167392484714 0.10320577170689357
0.03873153016423843 -0.013803879175053983 0.10612641733301902
0.03808184129333151 -0.011478655410436498 0.10765287528280251
0.03656057593074281 -0.005484575462570144 0.11029897261534459
0.036507149921804344 -0.0029338752126863515 0.1097166015581529
0.03648961435934886 -7.834431828764534E-6 0.10899644077304503
0.08354839784938535 -0.06057666698987629 0.12147382280201668
0.0918872158261693 -0.06488476634163023 0.11739166319302226
0.10897444914561263 -0.07354493743455381 0.10948771066357689
0.11945715834656305 -0.07222270147508601 0.10605690047944426
0.12654241784421835 -0.07195322893364005 0.1030006694970849
0.13300458559148873 -0.07103450772117567 0.09970494526263339
0.0864085077255705 -0.06338233792179093 0.13066040449129135
0.09543128945962659 -0.066376295091041 0.1278804954854082
0.1127536066224994 -0.07464261735644602 0.12132945592222402
0.12207378568249397 -0.07476838347859144 0.11836712660663934
0.12900257141501634 -0.07310817334009738 0.11642807874166504
0.13664318840408468 -0.07236422328268118 0.11412106786228374
0.08918467799084832 -0.0648489507630483 0.1395596765405119
0.09855917688141055 -0.0684504033680515 0.1373687996979733
0.11583083980482715 -0.07504429487998446 0.1321902019915533
0.1243283827887943 -0.07583069811247704 0.1295085300269801
0.1316432938935261 -0.07556426450287197 0.1273072869551399
0.13919738521642083 -0.07291586309639224 0.12638261233749654
0.05208509620858923 -0.02074436763334614 0.18074285000740245
0.05398751247739792 -0.027330439925372856 0.1805441955545149
0.056599205260722554 -0.034053103971656125 0.17873805829654105
0.07249171630407664 -0.05412988692069293 0.17023360942329857
0.04819098958618298 -0.00460586061333552 0.18179958219454778
0.04843309745026212 -0.010896462544321235 0.18245717751122803
0.049481207455049005 -0.016367352665091216 0.18294151538930947
0.0566717705562441 -0.03445216327858126 0.18077382138026504
0.06022731630359619 -0.04168091932718901 0.179251148727438
0.06775272206145076 -0.05111679956253315 0.17916178070744274
0.07577566391314611 -0.05650698541895902 0.17609482493189438
0.08434698713873977 -0.05988372178881535 0.1746911539210631
0.049083212591830135 -0.004395213584815142 0.18808186126622103
0.049274227699541776 -0.011851099452431882 0.18881263149269675
0.05061615688575455 -0.018462675484571433 0.18876468870463398
0.06143285256631439 -0.04218104638604042 0.18479330125661847
0.06865400910168105 -0.050958286555117964 0.1850190215195907
0.0776192944224857 -0.055217745658220206 0.18400524670444535
0.08572801550359867 -0.05913817783012001 0.18253757776133156
0.09423270846467008 -0.06391910066307346 0.18172871185372008
0.11075946301911899 -0.07172566257149765 0.17973614419422368
0.12767229088490914 -0.0750085368313034 0.17868228958354399
0.13505776694872765 -0.07772745505958795 0.17769097447639934
0.14309638362526508 -0.07906587708200821 0.17727437788093756
0.15029214440095628 -0.07955077530089152 0.17674928356159228
0.051926523 -0.004079976 0.197691758
0.0522793558 -0.012134156 0.19799392
0.0540634628 -0.020930676 0.197157282
0.0641022574 -0.041418844 0.194087519
0.070459564 -0.0495312842 0.194457703
0.0785189916 -0.0547149066 0.194561987
0.0873490641 -0.058282966 0.19408877
0.0953129297 -0.0630214032 0.1940467
0.112344988 -0.0714871608 0.193506073
0.13058766 -0.0766836433 0.193615266
0.138107232 -0.0788268369 0.194282679
0.14628789 -0.0792012942 0.195062391
0.152776474 -0.0811174429 0.195681735
0.07293888808308585 -0.04705557618793061 0.10174389370645787
0.08417042218689695 -0.05283821665794253 0.09748763093109933
0.0822950726255213 -0.04258904426840446 0.06969466180632371
0.09082307519647967 -0.0027131602960954264 0.03439148318707407
0.09289771471563249 -0.011635135876530912 0.03509855945806107
0.048488143203966896 -0.0027664544545047656 0.06457057332949644
0.050520365242255345 -0.00977980167691376 0.06532998157220407
0.053032410292495856 -0.014235868415498492 0.06579999193815422
0.05574400469542626 -0.01725547676210968 0.06650812887465685
0.05693650884554928 -0.018907937844373196 0.07112078490227101
0.05517448252621312 -0.015996540368982036 0.07038592555954465
0.053512988548709485 -0.013137823411705619 0.06984560151190213
0.0515871503072239 -0.009016218279340585 0.06911710001837199
0.04912079865623139 -0.002490743666764946 0.06738364200993996
0.04856829157726849 -0.0028889641667793025 0.06222287062368702
0.05037433297566831 -0.010326625545656411 0.062324444574527404
0.05319168730257246 -0.01444962379267795 0.06253408469099773
0.04997952693852734 -0.0031134954113991712 0.05916683722710306
0.051551360243883765 -0.0104890844964184 0.058971907766278045
0.0524810299172045 -0.0032665249291990582 0.05449525446549201
0.054695992864667746 -0.010449142307489181 0.05423733723834439
0.08780705149481634 -0.002939363923254313 0.035013691470901435
0.08898861955486208 -0.01174799664619514 0.035196036644200714
0.07957963264145738 -0.031326668159926484 0.0543876727797658
0.0748635655595078 -0.02441621889986824 0.0506173905756665
0.06980056126954816 -0.01812558481225182 0.04898167724799355
0.06597723624477479 -0.013123859184799478 0.04879992821941293
0.06428511282524241 -0.00987305498246195 0.0482068563348178
0.06161448034547608 -0.002950343295742583 0.04766524857328672
0.09780391883735239 -0.0373320235620168 0.04907178547454786
0.08093072476529874 -0.015318025702293389 0.03974443154753514
0.07905592942533886 -0.010385128789758365 0.039511607077267315
0.07703669341629069 -0.002721832348475549 0.03880091574601447
0.10189948009115116 -0.03867946503348238 0.04641563347960447
0.04840691533662994 -0.02574492618684491 0.11376196267833846
0.044949823473674114 -0.021808884986945904 0.10678107386787714
0.03754158803358281 6.82152718325269E-5 0.11411240437999583
0.03673061481884159 -0.002794100192332886 0.11413424362501012
0.0376090814589186 6.695793662548216E-5 0.11783807358424218
0.037381727278044584 -0.0015590610583860768 0.11794192213100176
0.03571376926841588 6.596620778669178E-5 0.1215010029587045
0.03586583783853024 -0.0011162545906313358 0.12154320730820938
0.035956546090518085 -0.0028640968365390546 0.12195856125864483
0.02636665459644546 1.0283519514516065E-5 0.12693719314567217
0.02652993665607397 -0.001357161198789426 0.12717803716768109
0.02687979249751027 -0.0028999865744400747 0.12746593325179836
0.0271306585385232 -0.004508055006547234 0.12801019305978986
0.028242480683773802 -0.007078834546778203 0.12896571602381632
0.03587842903759294 -0.013906016880826353 0.13208862541142066
0.03868459467507265 -0.01518261150107601 0.13004115984078346
0.04085546301997762 -0.018267727578263823 0.12751974142714417
0.0234052754514924 3.5752329846322405E-6 0.12997627024052624
0.023457640963692662 -0.0013984536106662851 0.1299260799949126
0.023574847798481183 -0.0032291864052458896 0.12996079570309826
0.02379973573088916 -0.005648609228128424 0.12987975804156587
0.024918623117750074 -0.008274741700723651 0.13011656646748243
0.034070234898520325 -0.015257358849506839 0.1334033587145338
0.021311902293428657 1.2079683539273924E-6 0.1342455631358929
0.021327099614933044 -0.0014523601092626772 0.1342462692884337
0.02146327561445802 -0.0033797624982734717 0.1341690882616099
0.02180740624911815 -0.005782071400397036 0.13391989623765357
0.020493109614761463 -2.249339771500865E-7 0.13818854567191513
0.02053494629585758 -0.0016054109181226493 0.13841372382596837
0.020691071459383297 -0.0035551384972784894 0.13824334796939397
0.02139947047983814 -0.0060283562093670666 0.1375657718353557
0.022133728999499943 -7.346266757000873E-7 0.14259329450955435
0.02235497817726632 -0.001676050717349821 0.14265751447242483
0.021995822842806604 -0.0038212481095033246 0.1421442621031544
0.02237744443801455 -0.006379034233300746 0.14120653020365967
0.024646629859811052 -6.612992127845485E-7 0.14569043676756352
0.024727634170522175 -0.0017448395550086538 0.14566081703327172
0.024577763997285028 -0.004113819595437463 0.14497656549625668
0.024665098465802296 -0.006674288087343641 0.14416116882437538
0.026768560565563683 -4.56554151433183E-7 0.14853963084068939
0.02630355173677974 -0.0018270484625539586 0.14808958180089865
0.026559132659429906 -0.004383457525712356 0.14757845761866176
0.027698879490255554 -0.0068830075427598935 0.14649336951065497
0.02814591922402104 -3.623213488601905E-7 0.15050761733451598
0.028916546096320262 -0.0019761641635717008 0.15046197582828186
0.02936720339762665 -0.004599034043247307 0.15018941194048818
0.03060407892032811 -0.00755628828638562 0.14884597148324377
0.03315177394553545 -0.010227273945859459 0.14680307928119524
0.03041141050157147 -1.9930435275238453E-7 0.15278928522270224
0.03115329832398906 -0.002232815094870034 0.1526632056573093
0.03177170453022078 -0.004987840229617086 0.15218589695337492
0.033285746434289644 -0.008019308356163983 0.1505128685754155
0.036217209482222755 -0.010594978247164292 0.14805015482017392
0.03266531386295603 -9.329025298937059E-8 0.15490933352296868
0.03314950965953657 -0.0025180410768424434 0.15475447258955602
0.03405069711568513 -0.00519785782159509 0.15397411767244595
0.03576651865372306 -0.008421784704221578 0.15230881932223134
0.0387599120184008 -0.010682698080215405 0.14998720365833934
0.04638057657201472 -0.014828713173644233 0.1456331501043987
0.03476125550372281 -4.084150414205343E-8 0.15712341446058192
0.03526608365134829 -0.002941398895349472 0.15714626227191475
0.03594468085641713 -0.005705616458223284 0.1561556447791077
0.03807494603887366 -0.008808077184818724 0.15433689219770186
0.041191439496528974 -0.010636355649748273 0.15235386745950955
0.0365354817713512 -2.0857391318037103E-8 0.15909774512428415
0.03739445589967465 -0.0033212968462715694 0.15928427378940868
0.03805630556725917 -0.005997112425900378 0.15826100891961162
0.0404817146651867 -0.008815525514762102 0.15643811953515793
0.04390169000536342 -0.01044016123502287 0.15500142565786992
0.03842724678799629 -1.0309146279247149E-8 0.16080456937849233
0.039540165616727414 -0.0036730091662931343 0.16122542037842133
0.04029629720750119 -0.006322502001635123 0.16061710646246616
0.04284100990945767 -0.008791363190661348 0.1592603039456627
0.04059083326918349 -3.5053650360310854E-9 0.16269741485521674
0.041467458609137864 -0.0036191445499770256 0.16276489181298381
0.04233237378493571 -0.006295871136584192 0.16226502247335428
0.044410883188398524 -0.008185524517909685 0.16117168632151072
0.04299832551985725 7.159388240550644E-10 0.1649140589235832
0.04427812161992887 -0.003641042582632324 0.16504562478503143
0.04511872237530941 -0.006100822793513391 0.16442778305503222
0.04717938666281208 -0.007852471666538479 0.16371606221213028
0.0452916171016694 2.9941972761439645E-9 0.16720889311755127
0.04649301301024403 -0.003656121322589518 0.1675108695972805
0.04701813178959356 -0.006154904964453462 0.1670064592660639
0.048563891428545704 -0.008518421429849538 0.16621173409477075
0.057430337867398616 -0.011551303080772164 0.16562498080704374
0.04772980707979059 3.992136948852064E-9 0.1697064128365088
0.04858443066763837 -0.004159401071210144 0.16989455390228697
0.04924716783109168 -0.006709601248161338 0.16975405670003219
0.05456894299463366 -0.0224188632087386 0.17693775501757886
0.05585547515927443 -0.027721566333625457 0.1765111921934871
0.05759627547917636 -0.03357626626895461 0.17563626989592648
0.05948587891741225 -0.03892317988143707 0.1747788505781326
0.06179120570419302 -0.043508884740559 0.17389868040542447
0.05500804145115144 -0.027584884011748363 0.17841068479344582
0.05719464954747235 -0.03396995656760322 0.17700949947344458
0.0715177633383604 -0.05305072253615541 0.16866461496950672
0.05339868204831553 -0.02361445583162354 0.13587955718244954
0.05489410694358609 -0.027989375190273526 0.1302159864837318
0.056828168861732115 -0.03413264489425276 0.1291755671565779
0.05968894128293596 -0.03970308993349406 0.12972676553312693
0.0635091320375152 -0.04548025182664611 0.13133797232169575
0.05864257766090401 -0.01929628758552561 0.15276525042130357
0.059774718924430786 -0.030140453571272853 0.14431728233310823
0.06075227179530087 -0.03353003333782816 0.14338786973553472
0.061453887989400005 -0.037600812638568196 0.14348895494147385
0.0631020478444858 -0.04131094126798827 0.14432067265760382
0.06597050691944378 -0.044385280217368844 0.14636194992668466
0.06889891287888969 -0.046737847484421204 0.14992411471694841
0.07185880118358381 -0.048896003748038125 0.15501962337449773
0.0728149947015799 -0.050092319037727644 0.1640693799359368
0.07018299032059809 -0.04883837961130673 0.16566511209302714
0.06769067544254122 -0.046166808343894514 0.16625852723575327
0.06471465768988065 -0.042660830002016384 0.16684216987988912
0.06278951141010747 -0.03923530066145138 0.1679400967245113
0.06194933014513888 -0.03603457805518021 0.16906180608700175
0.061230004413756325 -0.0322259881664934 0.17000850428851894
0.060782220815291915 -0.02770239922980113 0.17071991371866005
0.06120884444040941 -0.023282391207628487 0.17099819790472215
0.06164111372323051 -0.019990657049957634 0.1695623972323227
0.06172971291707884 -0.017684191947288687 0.1678466949040418
0.06266028801394818 -0.016198781248418774 0.16653232676169832
0.06217783410124065 -0.014858622404643949 0.16509513579993987
0.0576621916447427 -0.01617599534937765 0.1545399812419168
0.056626411500977865 -0.01683391864032648 0.15114199728929448
0.0577467787230056 -0.029688397948161905 0.14129784883449079
0.059038434931379946 -0.0341167394494538 0.1400140844687368
0.06071357134259835 -0.038272237998658344 0.1408446543394099
0.06266773929582993 -0.042224651915845735 0.14224616279175575
0.06534698824180765 -0.0456736595970649 0.14439014428312852
0.06842308260386817 -0.04809312737517671 0.14726142925488067
0.07214916487353856 -0.050289907273383706 0.15144633531159296
0.07446720720466958 -0.0522885743825136 0.15769815487840103
0.07536983895481572 -0.052866077040060445 0.16220067701238575
0.07430979310338057 -0.05240590707981888 0.1647031951971717
0.06468206175727301 -0.04384803999329955 0.16890908861839338
0.06251676505551734 -0.04046171063482605 0.17010811271067988
0.06099852725330182 -0.037293117970772505 0.17100392148874047
0.05995664529409662 -0.03306213467436203 0.17191533539363218
0.058890915988105655 -0.02803964331835347 0.1726945489790411
0.0588728557953087 -0.023175996269481254 0.17315289060164984
0.05943033984828492 -0.019195059901256892 0.17179704961257206
0.05894900298377123 -0.016119289626641067 0.16989025446927408
0.05902941875425722 -0.0138251757700072 0.1681171737102155
0.06424107678177512 -0.045450767872619084 0.17102821603477866
0.061777255254355914 -0.042054908816216555 0.17219830246280993
0.06001617312752001 -0.03808561094537758 0.17319697996832745
0.058507533966859086 -0.03330725024034912 0.17396449411237863
0.05705656359174994 -0.02788467172471168 0.17456656892252176
0.05636785051632954 -0.022658624208636957 0.17495090692776769
0.056691113742343396 -0.018389091333531376 0.1739926452111295
0.05646328115883166 -0.014866366984191892 0.17217422018068962
0.06117020614125762 -0.013667848729074006 0.162945052677717
0.0565235294599999 -0.013234901884253402 0.15813023760949677
0.056684973506266896 -0.028835867783485646 0.13888655149248497
0.05848256826205803 -0.034231182394846106 0.13787633144015093
0.06047535970387728 -0.03885195496398876 0.13889342826132398
0.06256574558199526 -0.0430446852723614 0.1404207247299173
0.06519999922913099 -0.046718331500554704 0.14240707394056068
0.06866542824240497 -0.0500223518899429 0.14495241899643138
0.05347814967493941 -0.017302197329311042 0.08075249646805367
0.05077148979581029 -0.013158642244921658 0.07693626276626844
0.05046604238872902 -0.011292428985390186 0.0763083132495781
0.05097699385102759 -0.009222859880045694 0.07636855483376519
0.05029248012468137 -0.007150924158077356 0.07577858443048728
0.050221862033606644 -0.0026994141331374015 0.0757209439432247
0.0411459080685474 -0.017253964587986958 0.10008046355397213
0.037708425656012 -0.01306503974871518 0.10333371584200675
0.03678449742744596 -0.010642701087273476 0.10498831457320368
0.03518709569946822 -0.006473414875828304 0.10658751658580107
0.033645712011325137 -0.0038956899063994255 0.10447271048036331
0.03356363235152389 1.8142314063686916E-5 0.10451063719859167
0.044435688769541896 -0.009593420021277319 0.081286879154047
0.043413666604558795 -0.00798568714651574 0.08014119983378677
0.055165678724792166 -0.030843166964513804 0.08725514962362606
0.06716367051560547 -0.033070881602862326 0.07504755252228697
0.06695960376928492 -0.028703196078949753 0.06431848084490176
0.06905364085208869 -0.028835087615352806 0.058495659743476904
0.06467240221941364 -0.02616325722819765 0.06088897464509395
0.053777293338578114 -0.028494244713847497 0.12623498352977108
0.03772495709552036 -0.01743645716020424 0.13106609991597928
0.0519508897445806 -0.009865288350368805 0.16564887426959815
0.05348168877004646 -0.02252617432238691 0.17909611348273355
0.0622523861999829 -0.020678595503531662 0.15390134037124545
0.06312374939902264 -0.030035296212917836 0.14937520994589354
0.06357665395976232 -0.033514105423869164 0.14865203444642294
0.06428489229498927 -0.036939799065581355 0.14855259934887322
0.06601442217588147 -0.040272408941694524 0.14920658977008688
0.06926192032901071 -0.043587958234454445 0.15144489100897587
0.07092602577296482 -0.04579118180604176 0.15535586353311603
0.07146701835682448 -0.047243486887631844 0.1595592579091031
0.07122202150525299 -0.04735877999541646 0.16208906476939333
0.06926242705406642 -0.04647897369113787 0.163331569240007
0.06727834934289807 -0.044221635772179656 0.16372760767729924
0.06511915306389175 -0.04097833805133219 0.16405221779783094
0.06328833777997886 -0.037609971419710654 0.16489178494241152
0.062007284031117396 -0.03439112011604159 0.16598940663679215
0.061308801124031205 -0.030274894119912635 0.1671845238654926
0.062424094680611594 -0.02755630868449283 0.1672829061351732
0.06325057782673921 -0.024044472049243214 0.16716896259138692
0.06378391509694895 -0.021052596245416864 0.1665829163683426
0.06398622417600724 -0.018936757963654287 0.16560745206420993
0.06408529295856358 -0.017593723247556325 0.16472968538275426
0.06382524646779694 -0.016799648291307326 0.1636755555874837
0.0593540808158946 -0.01861219787101665 0.15439476875194938
0.0637752029872922 -0.016661369809017175 0.16181007577985979
0.06222254869383052 -0.016473983139457582 0.15985665321921316
0.04924312410611697 -0.01711799469094712 0.08440600828436268
0.047764137023163324 -0.012660176845934049 0.0801221606512294
0.047301588357361396 -0.01058133905642499 0.07904305172135201
0.04693660016399487 -0.00870216266224252 0.07818091991551844
0.0470001175785159 -0.006278812836342378 0.07829264158014396
0.0457012498553333 -0.0018978046421079555 0.07829689161594487
0.04150891953497353 -0.016378704806646115 0.12655070935651067
0.06313024831249878 -0.018948352215299898 0.15669825957307504
0.09848970629910614 -0.030783635740162654 0.043792002607125353
0.10110601303647418 -0.028421962848497736 0.0493330224157671
0.105709351 -0.0227247095 0.0641484429
0.11978539381660272 -0.053029771985329384 0.06404319610991842
0.1192645950699356 -0.05593478779070877 0.06288901888453897
0.09738708961404918 -0.023814986066731186 0.03889078018267299
0.1010853339801315 -0.030301957405428664 0.04222920217274905
0.1146558467687112 -0.05020693907431552 0.056275936545284504
0.10102341839907628 -0.02108867191735971 0.04383894085361622
0.10544888549607724 -0.02845065607979306 0.04697835716638838
0.11587794212906237 -0.04729092678279058 0.05789820884016963
0.10913663364683453 -0.034309414555337814 0.050456160591418775
0.10530350415046104 -0.038372307107789216 0.04523948357273369
0.109094856 -0.0177499979 0.0573265062
0.111284596 -0.0226131838 0.0599013136
0.1132167 -0.0271440924 0.0620525799
0.10412007494440163 -0.002785348093706824 0.031567557043128185
0.10557434690019961 -0.010317672198661641 0.032291753707529576
0.10818185142624992 -0.014528147006038671 0.03223916066548653
0.10912873795581264 -0.020688177201720045 0.032132456769114505
0.10836032550563733 -0.029796309654938378 0.03389018295891263
0.11225912416190678 -0.03739319740469955 0.03739982562454853
0.12100046475537388 -0.05119189470152857 0.04668269212831656
0.12759686498973374 -0.056804151568839965 0.05433650922786552
0.10644473771721254 -0.0028731743915780808 0.03350889320879696
0.10718981374455595 -0.009694235097599606 0.03360615549699676
0.10949084386296638 -0.014503854469764202 0.03422465449602726
0.10939753337216344 -0.020705275856990044 0.033862069814594234
0.11070622576183352 -0.02885576455961536 0.03521812814484048
0.11474221914736915 -0.03626391631736657 0.03828974220401279
0.12332578873978288 -0.049372076101213094 0.04703210174295566
0.1287489766486819 -0.0557042381727216 0.05408246098004667
0.112707803 -0.00345619488 0.0375315924
0.112731086 -0.0101689662 0.0380310287
0.114231206 -0.014356434 0.0385360905
0.11594587 -0.0192409865 0.0393644417
0.116974997 -0.0268172452 0.0413490399
0.119693886 -0.0334390198 0.0429918746
0.127291199 -0.04538714 0.0480401271
0.130691863 -0.0511600729 0.0548908598
0.08850303765345667 -0.0025869221190497832 0.03756089212207512
0.09039993772298091 -0.010394721663685115 0.03871352019744584
0.08706760631016949 -0.014968039460168642 0.04008134404175408
0.10465815148342034 -0.06251246406779531 0.08454463518961841
0.10490061362970872 -0.0599357747429306 0.08516511672620711
0.09131342081696674 -0.020809096222457694 0.045268971562687166
0.08952265651479654 -0.023391503762120895 0.040806145058183724
0.08597902181276655 -0.01627623623968799 0.0369334321246529
0.08348082686539574 -0.002632029131459925 0.03829243346412488
0.08339984483608368 -0.0027082275032031602 0.03617666248699974
0.08548050069767055 -0.01010969456582753 0.03903586619332248
0.08419298558902279 -0.011088800845696915 0.036338908968203305
0.09485491143034148 -0.032486064613103036 0.0551139991324357
0.09265888709286779 -0.03571103771021278 0.050482511681715254
0.0908191629646063 -0.026431068372710136 0.05135675912323588
0.0880614887225664 -0.029017601092995324 0.044983374377369156
0.08616194897267354 -0.045067906859218285 0.06756305386650054
0.08900088544926446 -0.04270255513412607 0.06978726330462515
0.08337009211586983 -0.03332436158431948 0.05226448548752713
0.087880201165817 -0.034527041359860615 0.05111656126848701
0.08549381318424558 -0.030434833402939468 0.05587250051362302
0.08967229513295114 -0.03156250111241464 0.05534385217419738
0.09061890857694314 -0.04659892650107428 0.06600822978012175
0.09493650800224868 -0.04809688572171686 0.0641215005671167
0.09293726743782396 -0.04377599027747113 0.06807569469781467
0.09680758423317987 -0.045013090778211674 0.06640493353352732
0.07924066487701183 -0.025756227564923906 0.048228025170444326
0.0834223967609563 -0.02767794580002277 0.045849591106257026
0.0814546984518657 -0.02345982047078149 0.05181937974005881
0.08592161759359594 -0.025195175392649198 0.05117022004808946
0.07466556890728403 -0.019114270590834925 0.04669776437775723
0.07934393468824356 -0.02080589430194903 0.043907131006612324
0.07645740198605802 -0.01762810475565113 0.0493485733206019
0.08134938935274343 -0.018789664567376126 0.04740768316173791
0.07049150030384897 -0.013400423850447242 0.04634043298442173
0.0754552844162543 -0.01416919146609612 0.043111616926367696
0.07249661871572287 -0.012802749127498994 0.0478138503453974
0.07702247380482848 -0.013394910229988398 0.044882678452425634
0.06875532857818277 -0.009860387359123436 0.04596294157215124
0.07351757115805373 -0.010121644344309741 0.04279656067121393
0.07073597700591852 -0.009268458300098046 0.047634029769323835
0.07511242149786562 -0.009528315703584481 0.04456455133591317
0.06708244870493306 -0.0027859667234594516 0.045597977896858745
0.07144221499748024 -0.0028316021261901346 0.042635335364243326
0.06841507731885607 -0.00254810853726223 0.047254665800409046
0.07268651187733521 -0.002517884050436183 0.04449555885000633
0.12447306956520751 -0.05603616694738312 0.07640067484205058
0.11943867077943661 -0.05832452471790725 0.07857727203122626
0.1123538653877526 -0.06015269855638955 0.081702338812846
0.12407049577516052 -0.06307777306318751 0.07424276330104107
0.11899206681698164 -0.0626537543951622 0.07736432311229614
0.1123233245865655 -0.06314118575850272 0.08066149104099521
0.08612946178519558 -0.059284878350221074 0.14116089550727662
0.08213127565842926 -0.05927107747618817 0.13351185767295778
0.08430444492693377 -0.06261061483306682 0.140480205440017
0.08098094500863641 -0.06167465391416698 0.13215822932706137
0.07901278993425681 -0.05610108041954668 0.1248345942660352
0.077995818728918 -0.05814867422753917 0.12404304975654352
0.0915124998 -0.0530353094 0.145100049
0.090552442 -0.0513560447 0.13651442
0.088371441 -0.0446639562 0.129657007
0.0746953475185918 -0.05361793480418483 0.14711554574938807
0.07362570077296789 -0.05451107476849303 0.14689669337265826
0.07959779262297757 -0.05748578896582035 0.15148746150979345
0.08032813093710386 -0.05630979358230534 0.15179817393129272
0.07561014132675153 -0.05625300718956343 0.1452997367119864
0.07620247736291598 -0.05504075951638024 0.14555791123338677
0.08208185007216359 -0.058179401244594045 0.15932680524228207
0.08290261235944796 -0.05718875444527204 0.15931842711753502
0.07743360168614709 -0.05626228701768609 0.15303923822307414
0.07827177211872025 -0.055481433143114864 0.15322515872523484
0.09347583154069877 -0.0583290920608709 0.09155534705735163
0.09884411823401158 -0.060324939073750285 0.08846640638763452
0.0964707984106304 -0.06749592082446655 0.11505408288316854
0.10190587361003182 -0.07086756410366829 0.11238365287966502
0.100021493911696 -0.06886208725852688 0.1260349443370934
0.10502495368466001 -0.07257842119820439 0.12402487711098203
0.10313884136704835 -0.0706266665005993 0.13611926870763197
0.10801617864229103 -0.07381671118851219 0.13458645667023603
0.09953736075456333 -0.0582349527318237 0.08866908112350069
0.09431277915129717 -0.056455651991466425 0.0919422242034104
0.10309430636774687 -0.06788431609899971 0.1131265321700206
0.0979550506728318 -0.06536958123295887 0.1154422192302589
0.10575578514328335 -0.06986142694486736 0.12499667623169516
0.10076649063061383 -0.06694005912876509 0.1268584611854607
0.10870383758214405 -0.07097907248600628 0.13539096340096315
0.10347587136442997 -0.0685255246549671 0.13688055804103763
0.11604186743043139 -0.07267790790587457 0.1794378599826711
0.1218012626538307 -0.07409849908798356 0.1790170155751286
0.11650621354085065 -0.07106328142235398 0.180307727822235
0.12195385377294987 -0.07283110088079207 0.1797990802417313
0.09469531921201113 -0.06459393547314347 0.13921585415831728
0.09376614714711502 -0.06664843063665933 0.13854454159461585
0.09178928060943103 -0.06305905602631212 0.12992876411050613
0.0909265094919996 -0.06467120175414678 0.12933003270499158
0.08878586840676472 -0.0607179986901379 0.12003474240215327
0.0878122296209376 -0.062473079990697906 0.11946772510216601
0.07953511032127462 -0.0489239329459462 0.10014947631275596
0.07929715822852501 -0.050115217007314944 0.09969372699446602
0.09957655621084395 -0.06720394604126069 0.18078663995132113
0.10507400953396759 -0.0700717541258956 0.18012883662825296
0.100549515 -0.0661152164 0.193806999
0.106434941 -0.0687339325 0.193603114
0.117944037 -0.0731095366 0.193466301
0.124171245 -0.074578448 0.193308125
0.101319931 -0.0651860893 0.194173689
0.107107971 -0.0675507616 0.193902823
0.118330185 -0.0709492306 0.193944896
0.124408991 -0.0727700344 0.193885301
0.10040532640493281 -0.0645902430165238 0.18153926641941612
0.10575370960560468 -0.0672169840581751 0.18139772741292404
0.0904767315138792 -0.058994109358192666 0.18281542861276134
0.08968439175961322 -0.06157660718917049 0.18239383216252378
0.08230881433703041 -0.05527918715076142 0.18220729963831533
0.08071887510538027 -0.05576001955620998 0.17471294088068873
0.08184655587250338 -0.056998174046482566 0.1824022146945126
0.08013096744216562 -0.05725924912671489 0.17483052077581934
0.0783261455691103 -0.0554110575791125 0.16550417094464065
0.07743388787602234 -0.05641275302818313 0.1653012779012762
0.07233464290370134 -0.052507919894919104 0.17748371789030093
0.07087846449972009 -0.05175309724744735 0.17529444896202756
0.07165251260908227 -0.05381182314104544 0.17762727574311535
0.06996589385826707 -0.052862408964643046 0.17490325847362903
0.07390612093637476 -0.05177926651434109 0.18409560868582178
0.07319170935331515 -0.0530169787466857 0.1843894463951583
0.06580117230803965 -0.0458251381145485 0.18455927107951553
0.06501621383882654 -0.046130691809731075 0.1804406005689969
0.06467815552152248 -0.047390815322724454 0.18492959143806273
0.06253190898220296 -0.048011674712030536 0.1791444729229813
0.06428710608572591 -0.04501289617896178 0.17790204510653354
0.06240640626409468 -0.04665420527895942 0.1769076995637275
0.055028645608806784 -0.0326665551752303 0.18673250493440308
0.056743435292568006 -0.03132249130946663 0.1863249768709259
0.0579074238 -0.0261303027 0.195433057
0.0567394266 -0.0269555816 0.195991766
0.0631089236 -0.0356515702 0.193717151
0.0618023248 -0.0368996185 0.194415476
0.0678369232 -0.0447339104 0.19365821
0.0668810604 -0.0459508885 0.194294179
0.0752830515 -0.0507657232 0.193762686
0.0746472989 -0.0519346249 0.194407402
0.0833377727 -0.0552134163 0.193714467
0.0829064075 -0.0565160704 0.194359518
0.0919173196 -0.0584684754 0.194614513
0.0912822442 -0.0598907437 0.194134543
0.045739222485027604 -0.01985338702351655 0.0982749015018618
0.04683189944594872 -0.018305983052161568 0.0964328523926955
0.04487601747565776 -0.020606574596620172 0.0979370347801276
0.04639107283792806 -0.018278188221990135 0.09522766571767004
0.04896517303693049 -0.01794034093190279 0.09469850878545392
0.048886570307928694 -0.018834534334038436 0.09484980100853801
0.0496496414183517 -0.016645313405261854 0.09378771393943001
0.04891525686872582 -0.01663890009099862 0.09077294874728846
0.05073433821179314 -0.014432337247107565 0.09069523773796884
0.05167521400132403 -0.015569767599492093 0.09383517905534108
0.05291690440952658 -0.016104628302965003 0.08821480246418759
0.051111733015643986 -0.018145260738781387 0.08750079395575612
0.05414805190302117 -0.01700438709386167 0.08982099437722114
0.05282250539744394 -0.015856977089561384 0.09298421800464428
0.052573309709286024 -0.018273234663306603 0.09029791347664198
0.0505134005280853 -0.016730518099124268 0.09306688857782078
0.044065784830294906 -0.0186467044758715 0.09899378502681892
0.04527100476761137 -0.016731982415111608 0.09675662308570279
0.04292764788668573 -0.019259936413702418 0.09854475568411149
0.043534638813845714 -0.01749441445282767 0.09542991798274243
0.046782616890542285 -0.020597983056898448 0.09796849653723573
0.04790671550310819 -0.019739689375903518 0.09585756759934756
0.045999330347772704 -0.021069945138611726 0.09751076260493007
0.046711121045976134 -0.0197606925620439 0.09503369299240982
0.05010855389547423 -0.01660626008130667 0.0960263187398005
0.050708356783402735 -0.015350162157837317 0.09709668245954259
0.04938572400362736 -0.017653897805496335 0.09417234387802126
0.049499233660349154 -0.017376077273230876 0.09425132690955261
0.0514302010988893 -0.017612472727229687 0.09522946457584983
0.04957791906947272 -0.01872047662931255 0.09507428821252008
0.04986310729252551 -0.01867617482630036 0.09648998960504604
0.05108340004545055 -0.01771349563827185 0.09604944377329504
0.051787254368753366 -0.017644846111152048 0.09457295819203601
0.04939104281557824 -0.018581140677846452 0.09475313562296193
0.049907276696524144 -0.01854765535028002 0.0941226596568263
0.052469369996529645 -0.017508821791457557 0.09420942001824426
0.04512750681617443 -0.01361658836653427 0.0859583077760926
0.048823513589654366 -0.011241336009970064 0.08692818325468969
0.053579346755204496 -0.009153982949916525 0.09078478539669936
0.05800374271011814 -0.011208395031980269 0.0932780696069231
0.05150886607160932 -0.0033366262378288687 0.08671008281991957
0.04632366038145222 -0.0035871537635698927 0.08314506256707457
0.04223251528569985 -0.0041396341896329635 0.08017788410971415
0.03767978247622071 -0.01350058175959534 0.09876702017887058
0.040535266745281386 -0.013081920720481557 0.09820422260377823
0.04494188082316228 -0.011614917095438212 0.09976956916378746
0.041597581671566956 -0.014490740458480086 0.10155171763184924
0.039099828169452906 -0.015039768367066468 0.10271924050589577
0.051539371986203154 -0.009979179843084308 0.10426063562548032
0.040705221349411826 -0.01597154616806253 0.10481249166270223
0.04174404728675447 -0.015862112444577744 0.10493505076011235
0.05247336426994933 -0.011714071348726195 0.10800738347704339
0.039442037287217555 -0.01215727807658293 0.10014929044505258
0.040994028424045315 -0.013809104193590957 0.09964486736635082
0.03686542040554096 -0.012390827792666072 0.10184455976430393
0.03813341783547442 -0.014394311281205637 0.10028322700988382
0.04433188874425152 -0.010142375969560054 0.1006225950991699
0.045586278677869255 -0.011703051981871835 0.10088769256724667
0.04318901681207822 -0.016354471149569904 0.09841613061408348
0.04072581395909305 -0.016239047427170132 0.09847271633672523
0.04705656506747216 -0.013485738913945684 0.10053196928770104
0.03423527891952642 -0.008105673768196544 0.10190929711530948
0.03696118726153725 -0.007386624389184797 0.10074409224023814
0.04070349901383947 -0.006610735014618516 0.0992257821240223
0.03565742678575707 -0.010204421297972112 0.10341506176587464
0.03813380433417717 -0.009870621005236032 0.10162030226727359
0.04273612771977798 -0.008525996103955994 0.10043488704014425
0.04320036034473957 -0.018450750904666167 0.10852592165738711
0.044528946875720635 -0.018610195826094 0.10915154355648797
0.055504699558055454 -0.014838298910633829 0.1136926436438589
0.03788830850723049 -0.007891124833528693 0.10392276397490736
0.03570129822527163 -0.008649426220202785 0.10599709094059334
0.04801534846552144 -0.005836054974111085 0.10178232093753568
0.041241748934519 -0.00638678795726262 0.1002962914866281
0.03749945594651129 -0.007551411765245312 0.10239735737239974
0.040710227763795154 -0.003770685278477274 0.10000220597686549
0.03656085119041996 -0.005257702690873932 0.10231926866182511
0.03515859379889112 -0.008678157503493957 0.10412404785236572
0.03391655138398528 -0.006507731621681927 0.10446750963809875
0.03880497205471149 -0.007693911920931528 0.10847255510488782
0.03716832158091283 -0.008738925904674478 0.1088660085967903
0.049570320217144324 -0.005883960535731878 0.10561504384578906
0.040287992316120236 -0.0079530787206236 0.11201369939155736
0.038116819818424276 -0.008037032475590466 0.11275463864026984
0.051052508545161086 -0.006232280741866186 0.11035851151226345
0.04505848771394599 -0.0040323892475482145 0.09922649598584114
0.044184896808513154 -0.003981278126730407 0.09809924241348404
0.04327650972988178 -0.0032865999538400437 0.09687674693950074
0.04275617969735273 -0.002996749739802452 0.09604986605220121
0.04041226915988655 -0.0033770638746287982 0.09472925534767412
0.046841193363615106 -0.00556463864333655 0.10012151941746233
0.04585873343490486 -0.005483316424471135 0.09869163125851557
0.045092914860307996 -0.005453151179690316 0.09774980082854261
0.04408740717915299 -0.0052465691906371376 0.09681550226057187
0.04164310175658415 -0.0052236383583366295 0.09530769779849745
0.04348401496469771 -0.006414538948853417 0.09582182720874746
0.04857403248174955 -0.006841001997763818 0.10094038352108223
0.047597035748180125 -0.006728162280436269 0.09958252092391898
0.0465631487687488 -0.0066825410549305065 0.09844416685196965
0.045847456507625985 -0.0065190929384078165 0.09751118074555065
0.04478707619492963 -0.007705536145447749 0.09657994972193369
0.050037517689799194 -0.008614447871342948 0.10214710583713316
0.04911568787123841 -0.008390857363423607 0.10080544674631632
0.04828260619104118 -0.008110715279439516 0.09958784783704679
0.04738150055968762 -0.0079218160663842 0.09853343284785576
0.04710481175082617 -0.008737182333762932 0.09769937294038367
0.051305009674375 -0.009902803052435481 0.10275250444871792
0.05077895680671035 -0.009642227078598499 0.1015515053855232
0.04991705697617791 -0.009317477555031473 0.10059779597077749
0.049082981034252855 -0.0091451797855056 0.09960386282545608
0.049697566019286384 -0.01042326391319975 0.09862151077607494
0.05209376974877049 -0.011280663694213827 0.10287164655338028
0.05169912365339126 -0.011061860387692822 0.10166384067369907
0.05147085333712005 -0.010754723561154133 0.10085091085648547
0.051136002783402586 -0.010368444078582242 0.10014526712729596
0.05282244317207478 -0.012136515986164643 0.10620193914219915
0.05198150644337829 -0.010501523756841472 0.10586923192610516
0.05093344038989247 -0.008873996964748448 0.10574284811466272
0.049775308261652565 -0.0070901244555875605 0.10378351325773247
0.04902478036618468 -0.005404254513264843 0.10290186873609278
0.047375307176712816 -0.004215320320436398 0.10198284786933391
0.04638660562265719 -0.003064022076165958 0.10152374958564502
0.03582309565839385 -0.003099195370874814 0.10084329848659274
0.032580386467965156 -0.003467810914578831 0.1027495128532867
0.03502142892306898 3.562386862812512E-6 0.1010233295249583
0.03196565815641929 1.020228027534607E-4 0.10254757134449129
0.03896722218128089 -0.0020008582098876063 0.0990515065924028
0.038122261219761394 -0.0021305357696407333 0.09759989418908535
0.03754423775928646 -0.002180024400166856 0.09644543846722133
0.0369740920917936 -0.0022701465930696028 0.09523163319853786
0.036387665399935855 -0.0022106253463154086 0.09399170592846696
0.03968561612693395 -0.0019331851059598583 0.10013757107335008
0.04470616361024033 -1.549965713214816E-4 0.0994415265282128
0.0459697526894532 -8.902772525168771E-5 0.1009842214271758
0.03930484170744328 -1.1624220969341697E-5 0.09864966483917921
0.03855163058787232 -7.991183793028314E-6 0.09735037158764889
0.037630915082209754 2.2177024795713044E-6 0.0962397946481387
0.03694524159921754 1.1133792719855216E-5 0.09506537188314991
0.03589779833474488 2.239928851932534E-5 0.09409924709170413
0.04005307656553855 -4.761644543083265E-6 0.09986508506897958
0.039230429957619974 -0.0011335310309050224 0.11286788852728086
0.038129474722365185 -0.0013185870018183885 0.10871424552496829
0.03705738280681328 -0.00133173459986421 0.11430083362044793
0.03662869818671866 -0.0016344156941030766 0.10942052190244377
0.049844630469749705 -0.0017677017114372307 0.1086737500039329
0.0487877401194034 -0.0013086069246407458 0.10439156843731369
0.03605976250226995 -0.0013596978553707963 0.10259979335599557
0.03342779645486937 -0.0018788356947139965 0.10447541635901234
0.04641035221256719 -0.0014965700819547692 0.10104734804427352
0.045317730284137256 -0.0014069172765930188 0.09960146983693235
0.03521667195380044 -0.0013251257045670747 0.10009392086411342
0.03208257069151634 -0.0017795650146443557 0.10241663735259594
0.03472709572740953 -0.001236498048071658 0.09923350086814296
0.031225082579794165 -0.0015348799662978606 0.10092179493200402
0.0400587573218229 -7.339195108939507E-4 0.09981143116957165
0.03929913226943309 -7.614610237151986E-4 0.09874717334713774
0.038343710197440005 -8.043449051964243E-4 0.09722682946240008
0.037737533811249495 -9.226874233811565E-4 0.09607290630417008
0.036848562988136324 -0.0010007635638856142 0.09512185368695625
0.03591266791759948 -0.001070699707543729 0.0941129861600393
0.04208604889568293 -0.002142974110418137 0.095190349854597
0.04441561618558082 -0.0027470279052831054 0.09859831851268583
0.043417633066282386 -0.0022287059091317812 0.09722310352534799
0.04280795094696336 -0.002139044325936168 0.0962966286887848
0.039493630770324716 -0.0022101485616209744 0.09440020549121213
0.04142900828678509 -0.0011996499950835478 0.09455026671374772
0.04426849303093216 -0.001360663011759695 0.098516108379056
0.04298309385690225 -0.0012701107359193314 0.09691342583787307
0.042312785056360214 -0.00121272161415997 0.09583524525119809
0.03859985060830385 -0.001187174996614357 0.09359244085713328
0.04046780335458287 -1.0678116150971164E-5 0.09457377039674031
0.04354376166423409 -5.753951494817215E-5 0.0981831994597517
0.04245246556026415 -3.337597510523962E-5 0.09662166578380066
0.04151228489762582 -2.1788544949462114E-5 0.09565013374153082
0.038733154978751835 6.576832822665221E-6 0.09362510785840204
0.05264370465492303 -0.013451373598170637 0.09743023546005937
0.05544718889767865 -0.012627709000633895 0.09598809140143709
0.051394819925078224 -0.01426745776256952 0.09818603812846129
0.05820565531352477 -0.012777200835516794 0.09518112006946101
0.0597018380731492 -0.013551032659291829 0.09441221108256255
0.05133895787921265 -0.013417923862020039 0.08484787793429287
0.048251774363291935 -0.015055160710522724 0.08185260722647386
0.049542991986095374 -0.0031025040136321486 0.08132851634603366
0.046815658323178626 -0.003920361024448131 0.0785538313184152
0.05796070566915835 -0.011346453540382377 0.08993554960925977
0.06007534061351214 -0.013684998275085535 0.0917757742481228
0.06026065930998092 -0.015223090590504865 0.09278635085914201
0.05395458814473162 -0.003441593880153721 0.08563102083754034
0.05455914845668643 -0.01799603647627163 0.09136131017362371
0.05356441949665152 -0.017513285559516537 0.0935169931157008
0.05293416158838278 -0.01862166218953125 0.0916326380974592
0.050580356566435156 -0.018575066193189133 0.0933991442621143
0.05212638576932314 -0.016236391870583754 0.09761678366264927
0.053467679041573124 -0.014320060203403338 0.09764138583792854
0.056037546905813286 -0.013781152590449446 0.09679688420282678
0.058289528675738826 -0.014049726336048481 0.09606625503977244
0.059520961291546055 -0.01514703883362055 0.09502386685714637
0.06388997986449942 -0.014563227783474133 0.08930521779012238
0.05459181216334745 -0.01468767960406045 0.0813225652828376
0.06015897901906606 -0.016601661995528913 0.09430358231158396
0.05021048428962213 -0.020338695412015207 0.09313268744903555
0.053033715480066385 -0.019146679994937896 0.09392067105656202
0.05012718677406617 -0.020353531738150576 0.09345658709553863
0.05232552687659285 -0.019375622329233313 0.09433535263510355
0.050257843525390415 -0.020270548830028136 0.0938143834820222
0.052653049222432476 -0.0186510935329867 0.09494768443258682
0.05061340432455615 -0.02000146486270646 0.09407244286037528
0.051300006559788384 -0.01941345693423235 0.09487493119352448
0.05334902590687869 -0.016542886580487887 0.09724141057384025
0.054748361614773 -0.014706179307665239 0.09802312828120002
0.055544125783603 -0.014503123802512511 0.0981981806503553
0.05666029010513673 -0.015094156574885375 0.09770984743422516
0.058952756603323074 -0.015394526925451773 0.09660733001585597
0.059733884963011 -0.01673379560477948 0.09649838909435872
0.04469382053064341 -0.01780277234026664 0.09793661098674292
0.04366497816458161 -0.018272494759516533 0.09690749449756407
0.04613771984791791 -0.018929628545580106 0.09741380587270848
0.04734431926236507 -0.020340868536486846 0.0966946266402619
0.045528301031882094 -0.019454352022355223 0.09663565515303554
0.04645391828318603 -0.020542573948348776 0.09614697509081675
0.05081817867889323 -0.011800835208331384 0.09892431919394737
0.0517110882625598 -0.011798024945195993 0.10035815498718147
0.05180396382011815 -0.011797921632046451 0.10102915049234562
0.051900354412138985 -0.011993543596951083 0.10180893004030565
0.05227540910072814 -0.0121567529718198 0.10317481795920619
0.0527316838117806 -0.012395887982943658 0.10481452738643339
0.04807426644236324 -0.014565702081532256 0.09970707816317437
0.04823551318210419 -0.014862901291694267 0.10059747423069446
0.05318437863120306 -0.013350625640235052 0.10590357343401076
0.05139245707759791 -0.01309668355770669 0.09847791444020729
0.0520226675887034 -0.012641580158774729 0.10015046344010752
0.05218491228122557 -0.012836633896876507 0.10087871206077358
0.052566824024844 -0.013403797178664969 0.10191569092288262
0.053621318844995144 -0.01450782381889012 0.10353353661063165
0.054395088135093896 -0.014929122064875665 0.10486789401780416
0.049559998186132735 -0.015975924660589415 0.09957234387381046
0.049421598036474376 -0.016340522264966677 0.10045060935506671
0.05478181880256258 -0.015509048588629708 0.10550108282673722
0.05166695090983 -0.014427065240648147 0.09830512901910544
0.05251163175367826 -0.013368273647081468 0.09982751270643625
0.05287963477741272 -0.013888893878681032 0.10082046685426453
0.054760811839768456 -0.015582289766110778 0.10248758242291829
0.05665656386590701 -0.016951658602269895 0.10402958452701802
0.05660782516027371 -0.01717563725498651 0.10464498328836627
0.05070012376745256 -0.017571935600075295 0.09933267921189665
0.05078289816605882 -0.017638416079707106 0.10033042408748045
0.056720763360811284 -0.017454513718695927 0.105051913611568
0.05091623945242719 -0.017269827555864103 0.09855499361285427
0.05123353160177743 -0.016702324736795508 0.09803475457277633
0.04923184109466385 -0.018257665782679816 0.09491089211200776
0.05011042306626295 -1.1153016990487384E-5 0.08910554400650443
0.048112645407186 -1.4986343643687911E-5 0.08982637331570145
0.04518909123562809 -2.4318717256807753E-5 0.09234588689963193
0.04297669049154785 -1.9934025137232166E-5 0.09291602328577529
0.05570630711209214 -0.0018793818876705437 0.08736267885716004
0.0531809204970705 -0.001687441716112115 0.08904849290917441
0.05172381294651677 -0.0015701005194661175 0.09020113244811082
0.049823538695732764 -0.001584944922884904 0.0911945054693951
0.04617237675274324 -0.0012777754146056045 0.09230726327940394
0.04296055682946535 -0.0012628786716249764 0.09360642695560369
0.056147054690420986 -0.003916605558462029 0.08796541986061404
0.05411014123070535 -0.0034373602877708197 0.08953837238040241
0.05228441646416281 -0.003152227243845421 0.09022273337089595
0.049710053129407065 -0.0025899766985614855 0.09129790730641436
0.04608659244628783 -0.002322147952966128 0.09320309865098665
0.04187174174772913 -0.0028546265444177603 0.09387794920882753
0.056671822614204094 -0.0055450857213552845 0.0880029928384489
0.054725194296296534 -0.004588868332382499 0.08997494548229519
0.052685734654009164 -0.004052447029582553 0.09083766929696326
0.049481856686323725 -0.003657291902776887 0.0919765076984611
0.04596912440574114 -0.003522897411343046 0.09352309081042448
0.041679866602419645 -0.0042188894375995226 0.09454559200789754
0.057073144355327 -0.0061368498795427205 0.08804456013089888
0.055148621109670844 -0.005477120319373022 0.0898296783236312
0.05233587101567211 -0.004415348704450565 0.09179984274307353
0.04980212679289772 -0.004491920486223365 0.09262193625967646
0.04600601217209501 -0.004625978952349353 0.09414494824118572
0.04247268357563057 -0.005651418417857316 0.09563928236569604
0.05924473716022103 -0.00928799038223098 0.08890175943610706
0.054300157502789506 -0.005271484347950723 0.0910721232489684
0.052056508870843184 -0.005490302840645798 0.09201103545779439
0.050056879412634425 -0.005043335084374794 0.09312222272280854
0.04647465758972752 -0.005422803006301376 0.09487703204481511
0.04320736039716376 -0.007321304277975103 0.09585284056894333
0.05923828371529699 -0.010230430717962377 0.08970180543517438
0.05435362684157686 -0.006985853302872313 0.09113214696817014
0.052474842377248185 -0.006515415504154889 0.0921485372247801
0.05059636745393348 -0.005694266728273352 0.09352552494658085
0.04766622144476282 -0.0063681633105457615 0.09590854801645309
0.04390210388398149 -0.00877281758642868 0.09618881600728178
0.05974043262700463 -0.011423919123940791 0.0902803479954176
0.056151117492429965 -0.008318441042758109 0.0924560090116899
0.05370658690928293 -0.007778715386781343 0.09300286972460475
0.0520305319574082 -0.007046040774067789 0.09420227624056123
0.049893520133690306 -0.007739699675160078 0.09715064508874853
0.04782570572920367 -0.008894072149568643 0.09841429572692416
0.06067189997723758 -0.01246541520734237 0.09109430357791518
0.05759384352335337 -0.00947701373885774 0.09301981758799288
0.05525729173353171 -0.009044944865660624 0.09384364213891777
0.053672347176693225 -0.008387443671305448 0.09508544994967968
0.05190655521870068 -0.009348962485838037 0.09843117775544266
0.05024224773483937 -0.010441947790563679 0.09882155954818575
0.06166368866922062 -0.013541115171968394 0.09226777828484518
0.05903074747565416 -0.011210925794013199 0.09355585753810289
0.05784001352781287 -0.009851142827886234 0.09497620746224995
0.05509194090661486 -0.009263390723435449 0.0959962683270986
0.0525851376768798 -0.011215403587403562 0.09858524388420921
0.05126596159112029 -0.012270633035001024 0.099062961327096
0.06168734626785178 -0.015294336070890435 0.09323222646510215
0.06077443877832627 -0.012685976983609484 0.09495985182847942
0.05894771223185652 -0.011942858190658665 0.09606538567791319
0.056036800175964824 -0.011010977396827661 0.0970351370906188
0.05298297853575789 -0.01265377003418242 0.09855268638199162
0.052174202312952 -0.013452783603122988 0.09890577925308912
0.06150718333834473 -0.016039610932196947 0.09480448795813091
0.060512526332481976 -0.014158554132100386 0.09560613367857085
0.059057371612488065 -0.013129113738296762 0.09684079686011085
0.0566784958711421 -0.012636462758251105 0.09808739392842515
0.05386975383400547 -0.012977019677804309 0.0988461368226124
0.05273657310542058 -0.014128813630516412 0.09936479256005297
0.061320423456346716 -0.015937010339347676 0.0970011984678659
0.060345691770224856 -0.014486194053956123 0.0974805482256018
0.0591527719149022 -0.013739500717125246 0.09862341954115969
0.057440721362392234 -0.013041280081559975 0.0996223413030564
0.05569677033215499 -0.013044105499679715 0.09973657867500246
0.05359159137158287 -0.014438804985414251 0.09925851656898671
0.0510885287732616 -0.015186910006668391 0.0778017985784227
0.05952526296295578 -0.01838783169716686 0.07899730410076444
0.05512156786045112 -0.019283358430810974 0.07540062790095049
0.06096742625439554 -0.020779660838932762 0.07293272403887587
0.05876017560574317 -0.021608395264687868 0.07256646170691748
0.059675633891336205 -0.023607170859648544 0.08332008402112519
0.0626419653553461 -0.026839345057557626 0.07753751856780558
0.058006935349373435 -0.024886061407259203 0.08118367290651674
0.061094383808657296 -0.02760820400361814 0.0770550888477657
0.05536877468210238 -0.019662485796128285 0.08568711764054031
0.05377171719282399 -0.020546048902455854 0.08404587579504187
0.05592514411499642 -0.020888431352667408 0.08739146048040879
0.05946853715453438 -0.025079163730412923 0.08500732043705221
0.05384254321654032 -0.021837037214820807 0.08602127794689825
0.05822550094494495 -0.026412014367764195 0.08302049424277515
0.06305684187157312 -0.028905471170711187 0.07943248602605402
0.0614562016950004 -0.029553730933432658 0.07848347317830758
0.05963612796473187 -0.022065146626761158 0.08190705785731664
0.06277215982882386 -0.025760624820053202 0.07597066775647504
0.0575541051911071 -0.023521819648483665 0.0794077045726106
0.0606743936345562 -0.025899208104289122 0.07524971746038195
0.05501209665959597 -0.018361946262629613 0.08410493839787078
0.053418878594138665 -0.01921039416678899 0.08213654093111579
0.06447884303930046 -0.016959528661110182 0.09388848810158916
0.07149368110955039 -0.02197634154918835 0.09293957955836733
0.07696103350021682 -0.024268597839288114 0.09101441939011466
0.06458423861185063 -0.018062635376373856 0.09533917878447691
0.07190616192376585 -0.021817969927276023 0.09550776539048687
0.0773253335364973 -0.024661098927260504 0.09445282970061064
0.06415622193178921 -0.016224176348286233 0.09218122842241629
0.0708075375008213 -0.02091577859004317 0.09109909969982728
0.07584041284594804 -0.023305271169816923 0.0883205151725556
0.04985220440736594 -0.018335839400819433 0.09431655519768518
0.05170202723855415 -0.017007177860974634 0.095931666901689
0.04962510350384661 -0.019135019807219045 0.09427682156817241
0.05183705085816872 -0.01726547663665113 0.09703605805799867
0.05315063403132781 -0.013936965914542989 0.09991702573617739
0.0520414788222748 -0.014573712176577993 0.09805620745709659
0.04952124621474259 -0.01887092402796623 0.09375232730329991
0.04966432507482438 -0.018644681084047193 0.09376849177109824
0.049169698289583466 -0.01990429079891346 0.09435179101460602
0.05180467637350961 -0.017760215927780907 0.09766511395410585
0.04905995457943231 -0.01940406314321604 0.09371589497230523
0.053569028130088805 -0.014387718087517539 0.10069063845919522
0.048756748699016805 -0.020648907595313293 0.09466034422062956
0.05165454176759956 -0.018063807429861998 0.09837413861835176
0.04823795312340975 -0.02025345391913777 0.09403118828684785
0.055640537827819705 -0.01626121014417953 0.10225389131596205
0.048465590027806996 -0.021328032611205937 0.09536087774723703
0.0517960149096968 -0.018114111763531768 0.0994016225151979
0.04756917383424523 -0.02103305153128188 0.0944717180196695
0.057542480594572475 -0.01810762674797312 0.10306435004952791
0.0482053644737507 -0.0217303911165247 0.09634614224361096
0.052014972981970956 -0.018308415196767652 0.10032021622530031
0.04727126074949716 -0.02180293641519269 0.09556928714779768
0.0579571645125742 -0.018560754785846144 0.10341992657435849
0.0476973781974877 -0.021677223762729153 0.09745452876428456
0.05815896985098426 -0.01889135661018565 0.10393164513733033
0.047151283485101315 -0.022240736288191648 0.09671404682935726
0.050506239890930074 -0.020376719890456016 0.09443100639028179
0.05326819770680997 -0.016990493621600763 0.09768595129649042
0.049769603709143184 -0.020762748233330065 0.09375248009864427
0.054535809627631805 -0.014628299759561161 0.10022216772650482
0.04992417223438009 -0.02112404782776203 0.09414307705109344
0.0531858636126126 -0.017307756253726825 0.09793514214308877
0.049343108632929504 -0.021149691543569722 0.09366107782367171
0.0551701312652888 -0.015215464146887505 0.10074003101543325
0.0495860177383655 -0.021604052696205394 0.09419847849434931
0.05347576157102803 -0.017265195050624384 0.09887290627364019
0.04883604192043815 -0.021518857055277132 0.0935952979588756
0.05671562970131993 -0.016884667606425905 0.10181109410609566
0.0495388774771391 -0.0221192503983155 0.09477607120869982
0.05393584828767889 -0.01780654952442838 0.0994972029692762
0.04868262297175029 -0.022113451916967904 0.09388169537619437
0.05870774473608274 -0.018934317746112594 0.10228647411553406
0.04937085730208144 -0.021163476541863343 0.09268949305070863
0.051214818105237855 -0.02087847021763798 0.09341055884836827
0.0564342687458273 -0.016036078744410334 0.09941706200747176
0.05901285827952223 -0.0157570013368583 0.10124997699782311
0.049878337541284436 -0.022414158503466185 0.09600090948060473
0.055331881147556904 -0.018456335909043945 0.10031697990799919
0.04879216548642154 -0.023048494124217445 0.09453644656438177
0.059815382003406345 -0.019605920414613273 0.10282688581958206
0.049628798147588096 -0.021795806759854625 0.09177667844790009
0.05152577663903684 -0.021521791174058006 0.0927471880921258
0.05670561305595793 -0.016144830701473326 0.09967501905157894
0.061504094806863 -0.017455556154783145 0.1011679809159245
0.05029956432725343 -0.0229401578011958 0.09694577689849505
0.060103814824487095 -0.019820474489479583 0.1031263887913211
0.04882390169446935 -0.023391366381841895 0.0953446270018621
0.05104756206023038 -0.0230446196364712 0.09080259191216912
0.052954284993212614 -0.02232065980301618 0.09241781975433971
0.06219020011788115 -0.019145642555841304 0.1009330525153261
0.043562234657949464 -0.01948258905883105 0.10157531969381747
0.04256474478792833 -0.020141239044895554 0.10156462493528054
0.045556737070550864 -0.020155923540538915 0.10079788731995129
0.044401131255435565 -0.02132107080729641 0.10014989088542763
0.04740956558912172 -0.020937046830784716 0.10056528494162009
0.04585697813757897 -0.02193828007516701 0.09945272431313464
0.04902983317211976 -0.022059259027762755 0.09985132429328564
0.0473284598442338 -0.023367072859477655 0.09814841490925526
0.05459908538050433 -0.015061893630600232 0.10770710871855488
0.05609548902717035 -0.01655507167027565 0.1071325307327098
0.0575599734747677 -0.018794949224726538 0.10596567279458344
0.05867946567735508 -0.019567969100016028 0.10542768943243763
0.06072217645235142 -0.02025174218165052 0.10468610485895193
0.05046865405530014 -0.005093376033537535 0.07583570644637773
0.051174618783608905 -0.004947639757967116 0.07226374935061532
0.049854579767899 -0.005162280973104245 0.06795770379250525
0.04883595659140394 -0.005601659242451491 0.06477932469933041
0.04901486110466744 -0.006103594723460486 0.06225991186526427
0.0503664725218161 -0.006364160885765923 0.0591423233104957
0.053126688831909664 -0.0064392215114901265 0.054310991624810026
0.06288261496437944 -0.006030341888969632 0.04795320465559972
0.06769366337344215 -0.005798136177455404 0.04596880867655525
0.07215862710737479 -0.006092656890191588 0.042634417197633674
0.07768149707853814 -0.006136172592460237 0.03925788882691399
0.0835573068702693 -0.006512981716112579 0.03613662971859742
0.08820569266925073 -0.006757798670059929 0.03491632354992522
0.09159951884149845 -0.006905837075408508 0.0344195962544777
0.1074941396815689 -0.0063579012757980155 0.03360790589497858
0.05298391437913126 -0.0033696976722451203 0.0784668695316711
0.05410709228121134 -0.004373802124933081 0.0733871565838081
0.052575430618448625 -0.0049024408194075 0.0688495584931496
0.05121928077926829 -0.005300953398099598 0.06512299026995147
0.05112101278015246 -0.005830782316856507 0.06289156755901884
0.05242431071414057 -0.00600229405197714 0.06102842487205926
0.05574485115961592 -0.005942206819586856 0.057354944852511254
0.06458908065694677 -0.005626553460597157 0.05021573114851181
0.06917399599043846 -0.005749814599267133 0.04742053754031215
0.07337794093237816 -0.0057858814570670766 0.04420074179782033
0.07833353758557247 -0.0059177315367687396 0.041115554626606925
0.08402255284788536 -0.006005821716356193 0.038450086827665514
0.0889675251959679 -0.006038956685196317 0.03767958208601679
0.09385267111247768 -0.006340867737547222 0.037658337830022585
0.059735673065562156 -0.004549993309675331 0.0838265399176173
0.06216155614156531 -0.004978041700440667 0.07915688713473008
0.06348670533374993 -0.0050816539941519355 0.07452971395656403
0.06375513381301198 -0.005028435366687865 0.06985681270445794
0.0638349383 -0.00506651384 0.067130557
0.0637772542 -0.00496064089 0.0643099836
0.0636194431 -0.00467075976 0.061077004
0.0687089123 -0.00552398616 0.054571133
0.103647418 -0.0055243004 0.0522292859
0.0875512304 -0.00562569855 0.057146991
0.0744824568 -0.00278186308 0.0567282334
0.0817633029 -0.00246760719 0.0570743489
0.0918479291 -0.0023308376 0.0560342042
0.0965610321 -0.00231162843 0.0554299875
0.0748288749 -0.00532100669 0.0563278518
0.0811973294 -0.00574974923 0.0566875992
0.0943523083 -0.00557093151 0.0564846847
0.0992140047 -0.00553757993 0.0552947372
0.0757274163 -0.00842965351 0.0562794747
0.0819304192 -0.00844788648 0.0572072355
0.0953903872 -0.00905506033 0.0578352288
0.100454528 -0.00902170055 0.0565715127
0.07774715 -0.0120340015 0.0572022293
0.0836595137 -0.0120803683 0.0584294072
0.096965782 -0.0129824544 0.0597643363
0.101896341 -0.0128956478 0.0586676072
0.0814314809 -0.016100931 0.0587337729
0.0872858183 -0.01633731 0.0608764397
0.0988101698 -0.0165888757 0.0623096115
0.10517430713117157 -0.006305655161049018 0.03327682678776504
0.112715307 -0.00654408403 0.0377532574
0.05508480668256576 -0.0032462366060551566 0.051035127653080645
0.05804270091259309 -0.0030413238672675614 0.04892512075506804
0.05798250480341954 -0.0028490998851097523 0.054530990970319465
0.06039824159941271 -0.0027876355104942702 0.051900867763915455
0.0635153591 -0.00230852009 0.0591456033
0.06491492 -0.00260489215 0.0569100145
0.056009743060221884 -0.0062251641575247745 0.0512772209477445
0.05911661550210491 -0.006171765623765984 0.049007523367449776
0.058492386420284176 -0.005688436306029987 0.05433962423420242
0.06125250492085762 -0.005569279519575418 0.05186158344142735
0.0641665107 -0.00483045054 0.0590127507
0.0652671247 -0.00516894345 0.0568026068
0.05784818582804668 -0.010264818379491444 0.05149502051142858
0.06086307723687745 -0.010063134296332356 0.0494530687785439
0.060522076309776636 -0.009039730551824644 0.05466464043775732
0.06348833927680574 -0.009064544609938384 0.052281111248656635
0.0652340502 -0.00777124236 0.0589135343
0.0666893883 -0.00811133313 0.0563003266
0.059656554012465446 -0.013212542906553985 0.051848643663393174
0.0627163381216756 -0.013051167260800741 0.05006355963362987
0.06516081325292948 -0.01199100125631954 0.05245117591633632
0.0695523759 -0.0114626265 0.0567485953
0.07295381292757838 -0.018617150907472263 0.07617504727898367
0.06888303474607722 -0.018459203577936904 0.0873873992037552
0.07306050584787943 -0.020406151479852624 0.08297859464099214
0.06332064420274656 -0.017450646284514496 0.05275336208718793
0.06625827164303512 -0.01765171256754416 0.05064074352005936
0.06856907042577966 -0.016308163130564927 0.05298187561919737
0.0675139450413681 -0.02374673900452801 0.053802732594148625
0.07099662345158113 -0.024066673663359277 0.0519359331582514
0.06916243395153318 -0.022781345798917062 0.055613348530904425
0.07284351573514641 -0.022636505950334937 0.054011617944644666
0.07313243525886905 -0.029476728530753137 0.05732571535837386
0.07650345811215045 -0.030171166729431976 0.05587511461555642
0.07498135903739148 -0.027524266221484645 0.059386631390131735
0.07878243247148503 -0.028016330879523352 0.058354137834735205
0.0732099259 -0.0154745617 0.0582496845
0.0752992163 -0.0197820439 0.0613269157
0.0781956075 -0.0206069358 0.0597924978
0.0804882119 -0.024120554 0.0673876028
0.0819629546 -0.0259741219 0.0653939565
0.100876244 -0.022886127 0.0651472197
0.0956873382 -0.0222390109 0.0644673153
0.0901515812 -0.0215665509 0.062875186
0.0860189399 -0.020949288 0.0601398425
0.0993714424 -0.028800145 0.0666810364
0.0935288787 -0.0281538632 0.0631825681
0.0883825585 -0.0277715491 0.0625228737
0.07529845766513439 -0.021108430016622538 0.07900018677702138
0.07227900358850141 -0.03160939487830219 0.06295178320924218
0.07287649701719362 -0.0350578743847268 0.06749121712599197
0.07589298608427125 -0.03364752925280689 0.06145372351896079
0.07732500315681833 -0.037291459337010384 0.06619559804281626
0.07940508681033356 -0.03566544720661675 0.059952239257345066
0.08136260855680717 -0.03974255797446071 0.06448801011187603
0.08291005527988891 -0.037615641513763884 0.058159391329995806
0.08533808129478065 -0.041666119835184916 0.06266047986655536
0.08705049544668421 -0.03906482979489528 0.05630403780371927
0.08935660560808496 -0.04346897246142996 0.06057182634429319
0.09148720848402526 -0.04012639099238707 0.05518500782030044
0.09369732418415751 -0.044539098707211566 0.05933712139923355
0.09601757939447857 -0.04081505763422105 0.05405965518576079
0.0983201498262978 -0.04533661455148192 0.05807961228843906
0.10099767044138058 -0.04226181603188661 0.05213220139161922
0.10368210862901357 -0.04616055266033586 0.05689810873531887
0.10569777672767414 -0.04257315688263303 0.05051616527590185
0.10857630014585329 -0.04620628923197257 0.05510714955349554
0.10921722223245499 -0.04216057647145565 0.049386910847973656
0.11216876566100839 -0.04612469414724904 0.05283330849259802
0.0677740881670054 -0.03055152823533992 0.0695366799826144
0.07405713209007585 -0.029986140321689912 0.06472955856808181
0.07504217680517687 -0.03286466872185332 0.0695646028392493
0.0784259046344581 -0.03173455784999221 0.06386371265276494
0.07995561948174819 -0.03534721295670823 0.06830818573711503
0.08177514922281709 -0.033600380320877025 0.06248454136244907
0.08383953564467478 -0.037508463005825936 0.0668788311954253
0.08521586054117873 -0.035519463086213864 0.060884173866959185
0.0878061918380805 -0.039508491322602445 0.06498396265162275
0.08951967812629669 -0.03686445266767209 0.05971359305717383
0.09190732041284382 -0.040784939200003444 0.06340782184850122
0.09352482313504999 -0.037514309990147536 0.05876755338188702
0.09565353839587358 -0.04177174469009287 0.06206875991958554
0.09786664799544535 -0.038429771597746985 0.05711987400224942
0.0998270375793373 -0.04287713092498946 0.060248270000827636
0.10202167247679654 -0.03953573148408776 0.05563780314050161
0.10417218486919365 -0.04387447032608368 0.05878015500436204
0.10653482459715993 -0.04009213579961961 0.0538446291833042
0.10886652506331794 -0.04392885311649966 0.05703149174116081
0.1117396343882571 -0.03925217579879886 0.05285238295789692
0.11376113459207084 -0.043306559486509355 0.05519017400896906
0.06995336149336226 -0.029179462081309525 0.07114458955823119
0.06323689285001333 -0.027089247453357293 0.07076014769518162
0.06545613147919939 -0.02571905250304766 0.07262301748555006
0.06312593822488963 -0.029520385290520777 0.07637928554475382
0.06464365464771339 -0.028995939806075535 0.07774893639980633
0.07252803161208557 -0.03843532582834835 0.07907516148042501
0.07194628336091081 -0.03982048667316389 0.08428249009033832
0.0781351505410252 -0.04137605841907543 0.07708856974599883
0.07799221064550879 -0.04325546408005853 0.08239395189768711
0.0829351735289962 -0.04456581346339995 0.07496506989969276
0.08299639984612268 -0.0465447564455385 0.08019019003176132
0.08702575330683023 -0.047248030333581756 0.07305748935372093
0.08760191531489879 -0.04944349077236551 0.07831870046177833
0.09159845130130825 -0.04906681352508319 0.07145580288896833
0.09240265442391221 -0.05141984954282574 0.07667969780982407
0.09633066634784222 -0.05076969105447868 0.06969664497266422
0.09728052651386503 -0.05319656211920602 0.07456221730687031
0.1015352949173077 -0.05245372763910157 0.06755666794880735
0.10258428428072107 -0.0549265996973907 0.07175195435196838
0.10740319021281029 -0.0527412704115867 0.06548625505463403
0.10887335704464847 -0.055019556227088734 0.06916316713896206
0.11265947755629845 -0.05261049944812731 0.0630589897904163
0.1143975234098706 -0.055157257065470894 0.06635705743103844
0.11708146599866624 -0.05339509885306415 0.05926260024851682
0.06640321792627539 -0.034852441836328914 0.08083085514714546
0.06490388967497615 -0.0363510043663838 0.08585129402063403
0.06013928793544616 -0.03296632534030946 0.0862740987803134
0.07408326095443593 -0.03754897741053531 0.08084791511007336
0.07313212789727871 -0.03908894070031471 0.08564720122134399
0.08027841234394426 -0.04031719313653801 0.07908226948938679
0.07967538866713889 -0.04227282722341777 0.08339621774017356
0.08549519333973701 -0.043292768267425924 0.07665481380846625
0.08503452432937347 -0.04544963789995396 0.08084247628596408
0.08964375111848032 -0.045485612308764835 0.0745112315264473
0.0896917789470228 -0.04768454121864282 0.07896064017862373
0.09359194356726565 -0.04664130475290004 0.07326732238660048
0.09379109009120151 -0.04872057333661081 0.07769937683435348
0.09785102757377863 -0.04788772909385242 0.07149391168700207
0.0983582551978221 -0.05024880291756445 0.07545353300694453
0.10229000505487704 -0.04954140220965777 0.0691182784745298
0.10330568707531107 -0.05142068287952252 0.0731300768126946
0.10791586119861504 -0.05039177283776431 0.06682007258084652
0.109245328972206 -0.051745311975401186 0.07069389558448605
0.11323780883293902 -0.05035969089234699 0.06425024995570425
0.11493800634967906 -0.05226783520837518 0.0673722772836707
0.11788266932496737 -0.05055939600651301 0.06073622678077932
0.06688174868094283 -0.03371125550938511 0.08221921103704596
0.06549738999657341 -0.035474380942484764 0.08702984592485816
0.060286295235733436 -0.03288240517414851 0.0873883602008547
0.07908565812449396 -0.023220659362599812 0.07673524204819454
0.0832722062 -0.0257189221 0.0749014675
0.0856642078 -0.0279671885 0.071756785
0.0869672631 -0.0296056467 0.0682896273
0.0894773013 -0.031342428 0.0660799397
0.0924986664 -0.0325762192 0.06581398
0.0960866947 -0.033462438 0.0657625982
0.101342277 -0.0331732147 0.0671294557
0.105357127 -0.0329399382 0.0689495697
0.109732161 -0.0324607719 0.0670352421
0.115180965 -0.031327828 0.0647562848
0.07679792057803538 -0.023288309836647012 0.08511568535458332
0.08200197867444496 -0.026024691890282874 0.08397026383186364
0.08534619538661051 -0.027796067947443298 0.08094958197359471
0.0896648799 -0.0306886456 0.0771979505
0.0913376067 -0.0325022435 0.0740744696
0.0933721024 -0.0347582564 0.0708038701
0.0964540389 -0.0365192001 0.0696746046
0.10028931 -0.0363994531 0.0679885512
0.104434859 -0.0360372928 0.068438662
0.108163195 -0.0351939127 0.0699581191
0.111653737 -0.0356423545 0.0695362002
0.116166606 -0.0349925126 0.0667343185
0.08041010844875839 -0.025711680272578797 0.09364032958834366
0.08375527140543512 -0.026968230176321824 0.09306481579813447
0.0879342966778851 -0.029342832748663658 0.0888354322244184
0.09135735840621242 -0.03154637414823486 0.08516742176543685
0.0952553951 -0.0347543929 0.079829455
0.0971101073 -0.0369580436 0.0768201568
0.0988817597 -0.038411505 0.0728344905
0.10170111 -0.0395121751 0.0711188104
0.106008217 -0.0393893374 0.0708759116
0.110788088 -0.0392632019 0.0711250005
0.113667854 -0.0381138946 0.0712797119
0.117593265 -0.0383384094 0.0685691952
0.07921740569770708 -0.024603883828396282 0.09962038154931065
0.08375999045787509 -0.026934358991812755 0.09810405236608744
0.08875889799984532 -0.028179485041758625 0.09554871551977571
0.09313240136988611 -0.031055080413292725 0.09201647091351514
0.0979957525 -0.0349777726 0.0872895918
0.0999241642 -0.0378735688 0.0819990057
0.101551192 -0.0398811588 0.0788047422
0.104089729 -0.0404987751 0.0766074121
0.107576368 -0.0412435292 0.0749633277
0.11186935 -0.0418026588 0.0738215396
0.115045093 -0.041442484 0.0726710937
0.118527057 -0.0403682739 0.0716421613
0.07700557118482029 -0.024719528377709514 0.10387120583151349
0.08216559083411609 -0.027352965553770276 0.1019490523886155
0.08750055354828323 -0.028724314417572734 0.09915948339820176
0.0923504742537764 -0.029946125969228694 0.0954737527457898
0.0991193661 -0.0345195654 0.0914828524
0.100496543 -0.0390705644 0.0864092734
0.102693819 -0.0404661729 0.0836541559
0.105803505 -0.0409385058 0.0813349275
0.109102322 -0.0418594333 0.078926209
0.112796228 -0.0428011806 0.0772231931
0.116085734 -0.0432931433 0.0755022511
0.120595772 -0.0414193206 0.0728445893
0.07645194904849843 -0.02834389807329019 0.11623648122867225
0.0820654304700095 -0.030184808760018767 0.11526102336666388
0.08664534028940807 -0.030875060147886366 0.11397188522089508
0.08948624212499233 -0.03071209947229565 0.10856932944480625
0.094301541125213 -0.031753109774693346 0.10575751278485784
0.103344094 -0.0379007401 0.101755143
0.106475393 -0.0400322718 0.0988867705
0.109319966 -0.0417092633 0.0950030125
0.112470108 -0.0426617723 0.0916157875
0.115745559 -0.0441334423 0.0880777728
0.11960357 -0.0447874457 0.0844080724
0.123984158 -0.0457901584 0.0810376364
0.08043646219992334 -0.03314871837318653 0.11979292365586451
0.105692269 -0.0456475945 0.123615607
0.109358124 -0.0471828599 0.121559323
0.114013054 -0.0474787606 0.119519151
0.117986512 -0.0485685033 0.117054091
0.106907609 -0.0494177569 0.13255388
0.113229119 -0.0520411853 0.129530377
0.113127274 -0.0457952727 0.151108621
0.115505199 -0.0469741008 0.149370143
0.117221943 -0.0487588751 0.147074823
0.119147527 -0.0509435644 0.144440254
0.119540853 -0.0606054458 0.18257083
0.124416701 -0.062126227 0.18198578
0.101957555 -0.0513285181 0.1842044
0.11092189 -0.0562450625 0.183520945
0.121809554 -0.0626747165 0.197961853
0.126861498 -0.0647049974 0.19822038
0.102733406 -0.0536381503 0.198004393
0.112366889 -0.0579494322 0.19786818
0.05000670773457182 -0.02337135607653652 0.09259097674728019
0.05132057997278 -0.022918634692197733 0.09395302729849098
0.05229067854226441 -0.02804939064042566 0.09728603147559955
0.052797425817190546 -0.024173814264357406 0.0949874892303522
0.0513326082569093 -0.028023171914249675 0.09647886315212743
0.050678895311586765 -0.025012555879557315 0.09351137119205986
0.05982636287117924 -0.03716856366674251 0.10739796301081865
0.05921124847260605 -0.03813188351772901 0.10724360174707766
0.07109434429464966 -0.05219985707733056 0.12759266816906945
0.07039466556606867 -0.05352430371299424 0.12749854973117364
0.055765891618919095 -0.03409127828330043 0.12484767518854989
0.05653194355572826 -0.03393474677281586 0.12547938216602753
0.07012686833273704 -0.05138330694428073 0.11958968592256561
0.06859597295475832 -0.04806802339930977 0.1113872050437075
0.07558069541403804 -0.05433993218105248 0.1170025662411499
0.07385889559853781 -0.050881899031557716 0.10932008290698017
0.0812822958615372 -0.056921582954473006 0.11425831844343701
0.07978616542094241 -0.05332779928357274 0.10682403778517244
0.08586420818830633 -0.05930508367934043 0.11168467357937996
0.08464413718736874 -0.05573621022109416 0.104230230258237
0.0901910331141737 -0.06214284475240686 0.10908789741970878
0.08925573332805455 -0.059015202002172445 0.10127734338135091
0.09460230629760766 -0.06469916042111272 0.10664358799865109
0.09382493268706042 -0.0615113515529856 0.09859166340886621
0.10038017945771398 -0.06703311908136127 0.10355380217717308
0.09949833446622905 -0.0632993197403957 0.09541850605386351
0.1074490285471531 -0.06898838329901823 0.10000114251190045
0.10598554098268206 -0.06545463687487599 0.09141314486203278
0.11574194713651795 -0.07149370490180139 0.09499422175015414
0.11360629832167903 -0.06755487150945187 0.08662617749713844
0.12330977211919737 -0.07109344528127429 0.09145271062694037
0.12043844881729839 -0.06819345272218963 0.08258963271214646
0.1291936692703954 -0.0702356230268482 0.08889289702813817
0.12603563849471408 -0.06726697069395189 0.08014103070521687
0.07058201602117874 -0.0500789538463831 0.11946075940675081
0.07627466886776574 -0.05266527612677292 0.11745854834430708
0.07448450138266909 -0.049703516039701495 0.10960520334593903
0.08213834750061862 -0.05540675901623977 0.11458243556688137
0.080140890601452 -0.052318466813084 0.10724467579373478
0.08667840709829674 -0.057614446301177485 0.11222673155487473
0.08527957703833124 -0.05418483693369628 0.1049549815581274
0.09148608012714993 -0.06023858924765956 0.10948159404218152
0.09027696059590586 -0.05699901248350083 0.10206663168907726
0.09616178576702081 -0.06224050484841588 0.10701916338392364
0.09497076958204459 -0.05934792804075057 0.09918257764185222
0.10172130148175518 -0.06368336673096257 0.10425441688958217
0.10038592770180153 -0.06080432430018492 0.0959654650720802
0.10822554638780384 -0.06532024013454249 0.10104153298291167
0.10635525545384646 -0.062491864117061195 0.09235993078216038
0.11622875232918638 -0.06581935958522482 0.09716463367223695
0.11366941522432708 -0.06309835912865237 0.08821716463523153
0.12289121020411437 -0.06544691292680742 0.09326664670665194
0.1205190685694207 -0.06147168349711598 0.08454781808459372
0.12905861160621385 -0.0638791552160185 0.09046113371128012
0.12609023631573385 -0.06128031730986034 0.08197507192848938
0.0843073096 -0.038296135 0.127052285
0.0889561526 -0.0386391282 0.125247147
0.08804909761789856 -0.03312226949281159 0.12000854703693152
0.09310980049452684 -0.038910880293896014 0.1213150667453338
0.09083668135897086 -0.03332976687914187 0.11494402500920951
0.0982542695433375 -0.0399473161567376 0.11893824926947416
0.09486045122392626 -0.03274412575922175 0.1120300372045164
0.104794898 -0.0417459998 0.116165841
0.103245855 -0.0383747044 0.109032081
0.108098632 -0.0441104086 0.112875559
0.107039313 -0.0417749897 0.105710292
0.111892174 -0.0448669889 0.110185135
0.110490213 -0.0429617538 0.102200899
0.115657293 -0.0459363105 0.107129762
0.113977615 -0.0440985436 0.09864387
0.119787013 -0.0461258798 0.104378583
0.117613644 -0.0450097363 0.0952826467
0.12464724 -0.0469880661 0.100851657
0.121887904 -0.0459013035 0.0915860366
0.129488576 -0.0469852461 0.0971881752
0.126226807 -0.0460349939 0.0867915077
0.06670187723234404 -0.04667694539575641 0.112403205670249
0.06723699280928691 -0.04911488747550901 0.12035320960657585
0.06320922306004116 -0.04410311358769771 0.11340312593606823
0.06458846510200181 -0.04655425820733693 0.12162911197174217
0.060594795796234766 -0.04049171185025994 0.11484801813252822
0.06716061941516217 -0.04580004642210723 0.11279423978178141
0.06797022271862332 -0.04839491368783626 0.12070263931043938
0.06391467237015876 -0.04357875199212697 0.11400296235829786
0.06488534407085154 -0.04585833886160389 0.12227231704758396
0.0608287161882067 -0.03976156580176539 0.11562771245302629
0.02179782270359813 -1.234164304996598E-7 0.1387958806952219
0.04081083999527739 -0.011703801460666224 0.1160194037643198
0.04215346022680305 -0.011875188559928036 0.11643378026388825
0.037340770348130166 -0.00505559517790901 0.11824761500056762
0.03918975253898719 -0.007944068110073364 0.11755157002773635
0.03963004784783813 -0.005553933243394197 0.11793583387187795
0.0403783251798699 -0.008680985454232234 0.11789849511074671
0.03738598204385917 -0.006139208475589339 0.12281010410983666
0.040524532703434236 -0.009925512547937335 0.12176961671565743
0.03876205114582729 -0.005851452406583558 0.12369159892076544
0.04085677301504753 -0.010142564173773454 0.12208353127338224
0.03451345018382804 -0.0052230953015150626 0.12507095574150554
0.031014077692593046 -0.004852828556438193 0.12699835296882928
0.03493367558686429 -0.004963810551274789 0.12677042957003545
0.031850835149446206 -0.0048558191573840935 0.12885004866372768
0.033195768153052176 -0.0029648966442883777 0.12417496569182077
0.029986188072143816 -0.002636380454869866 0.12611148795001625
0.033751843013904236 -0.002999474623363391 0.1257640169790321
0.030641900647091918 -0.0027349743549884863 0.1276302004947484
0.03273389235168335 -0.001382243300076189 0.12370734382590419
0.029629201957968185 -0.0012162128495843505 0.12558801433367903
0.03323009576231725 -0.0013126338692212376 0.1252949235053346
0.030187913896628782 -0.0012355460508906174 0.12710202062145431
0.04633654565120102 -0.0099669522021924 0.1578860210713355
0.05009253764453363 -0.011149501091929588 0.15715823167607412
0.04765289481643907 -0.009208044548240422 0.15775565618377801
0.051501759726512844 -0.01068022168930959 0.15727663884554402
0.04801601610906776 -0.01183620488401026 0.15382573804332123
0.04900706273137875 -0.011222661056291506 0.15389213863853493
0.04490828054204944 -0.011968593790863381 0.15054400421565214
0.04600422282338943 -0.011338445015474758 0.15054691995373695
0.04211952331638876 -0.011994075789323228 0.14777763230451854
0.043084999707412676 -0.011165026825655865 0.14769773371252
0.03965677931402904 -0.012558992274306654 0.1460740893311586
0.04050796332692032 -0.011732943430785651 0.1459765156158608
0.029150928443678493 -0.013177348877820126 0.14122781361729367
0.03102768702993912 -0.012203527613153131 0.14149362715048058
0.02512022452554649 -0.011325474192494875 0.13534479037914826
0.027516710508107712 -0.010742263690227911 0.13595291467539145
0.027583081926788513 -0.010623811909414728 0.13176522119600806
0.03038367817445818 -0.012952226012237996 0.13317157505144486
0.03029539801784991 -0.009740103927199458 0.13362328375678842
0.032455284010518545 -0.012344033703341717 0.13472347628024675
0.030854268330628983 -0.009936186140837492 0.13030634657707713
0.033368320351786974 -0.011986316576228123 0.13208898093388668
0.03216103364434987 -0.009115009931825626 0.1322168933129312
0.034334739624443215 -0.011596671704901371 0.1334503593306458
0.026619609364880375 -0.011947921279351964 0.138080803571384
0.025515770287302293 -0.010974117919494063 0.13347419661547635
0.028787964947658347 -0.011403412746942157 0.13861527984980226
0.028003720530578986 -0.01032338756660523 0.13459204307129438
0.03253644633096177 -0.015576704950861043 0.1397238913928148
0.029906331540551598 -0.014865214373462382 0.1374702328483571
0.028659203536293736 -0.013854972056329917 0.13537039756428948
0.028987401315683326 -0.013145777454975457 0.13440983567193907
0.0340516554063732 -0.014661690673765096 0.13995689274235767
0.031590490945892724 -0.014206182148955178 0.13808417406651247
0.03054706514530268 -0.013258851170324217 0.13625625024213128
0.0308267879005452 -0.01284612331420681 0.13541189404759912
0.04028745492091334 -0.014877792870679475 0.1420286216531547
0.041374669239294955 -0.013573941225474862 0.14162355947741498
0.04926517291824446 -0.017507466683056687 0.14392619338269247
0.0525339401583924 -0.013209427699122922 0.14821570257758857
0.03638461261262882 -0.017467764353407314 0.13745850022693715
0.03749034055990267 -0.016607166795471903 0.13747011232553516
0.039963914050478 -0.01772889768364668 0.13871309570241924
0.04087138259988098 -0.016464293514613856 0.13828878300922542
0.03428927850733189 -0.017184512900117077 0.13612023517407743
0.03564183348255637 -0.01609062622514037 0.13646086462305945
0.04411873161921884 -0.016282768126951664 0.13891687097489047
0.04504364786395487 -0.014857597326074645 0.13844002599591024
0.04685174367747013 -0.016854353764642324 0.14098167173386916
0.04773891015803409 -0.015794941356197797 0.1407808674870888
0.046944924130051614 -0.017934018215221233 0.13688648707939657
0.048075174422016816 -0.01630897442723754 0.13650437544498625
0.040038655092900347 -0.019307658126414613 0.1338004476611931
0.041670932029145825 -0.017357786874747125 0.13381423556055932
0.051321047584490756 -0.019952440291017944 0.14200966519369945
0.05499285844512381 -0.01636108644291163 0.14394367442478093
0.04331310621425823 -0.018493214978088205 0.12544362869802053
0.043455007489482445 -0.01754844816342758 0.1261408936046768
0.04447356428989465 -0.018005784320255614 0.1235892496950035
0.044886496504304034 -0.01738471429411074 0.12431823372702885
0.043981254508706415 -0.01993600433510449 0.13040859431460292
0.04726290919444705 -0.01934789758039303 0.1324681037332516
0.045047994311732474 -0.018471714228729594 0.13066693245623234
0.04798233961411051 -0.018135658218491207 0.1324801870428181
0.04517121448406962 -0.01610299818655522 0.11901267890723737
0.04554711420838126 -0.016058180955141957 0.11949499954345048
0.04160661525581948 -0.013418583263717374 0.1218866779952636
0.042156521620705295 -0.013506341170826535 0.12201074092917112
0.04515746373462358 -0.021055953735874308 0.11244931266619451
0.04627537955888446 -0.021060290966906463 0.11337569176693567
0.04600407848185075 -0.024953433011653686 0.1102352203045656
0.04706254384451445 -0.02433687898122316 0.11104969433917267
0.046364856905988856 -0.017950125412230934 0.11847137341300906
0.046814245120016654 -0.017973192690779544 0.11874040574184527
0.044867691538003684 -0.01721836293647275 0.12133140383878695
0.04533982091769235 -0.016674443734280637 0.12188072324713133
0.042772116775977184 -0.015305476854765099 0.12142286435412283
0.04300407108733179 -0.014543680046765801 0.12198812584576757
0.053345238414993446 -0.031094127329451954 0.10364111025025605
0.049553513244562586 -0.01992053948641332 0.12155157953375813
0.050064964797145936 -0.019769186717762705 0.12217544704918824
0.050184672944227876 -0.019550943390688767 0.12516182651732324
0.0507176516866001 -0.01875585840553024 0.12586268800773073
0.04807466475945543 -0.020059015416224794 0.12783592839069738
0.04828021860313816 -0.01911282876247468 0.12845201805782344
0.05056706580213114 -0.01966562719873076 0.12987443848953806
0.05105764109253092 -0.018494580947631723 0.1301184480370048
0.0520604781095121 -0.019729226053760835 0.13145486152540917
0.05265896604240126 -0.01847879027869379 0.13152819288913284
0.052227244546388565 -0.019572301903312557 0.12792820348650172
0.052625730955337534 -0.018544570540088862 0.12834801564058776
0.05032903116349055 -0.022578006556515113 0.12065153926700461
0.051198468090111394 -0.022052426431969308 0.12173143829272941
0.053305532742309605 -0.03140881348670607 0.1159683964883769
0.054036894387363435 -0.031471950218223625 0.11702847192675606
0.05793341146253449 -0.03824670638529123 0.12032596142444792
0.05836336532091593 -0.03783837963774182 0.12052570862994125
0.054696034417152845 -0.033508371850361804 0.12068145423045498
0.055400294957983785 -0.03337507673824766 0.12132223995752829
0.05264237595082235 -0.028368367856598943 0.12243842478719855
0.05311873221749469 -0.028200145378844185 0.12277834820902252
0.062095954716760215 -0.04357011414572904 0.12069209745483823
0.06245164470441208 -0.042866766931759115 0.1214355300954566
0.05322346419134096 -0.022952487059622294 0.12899594410408086
0.05208804705357748 -0.023138420327773 0.12478516630194289
0.053453960397234955 -0.02239875464725507 0.12896246458180616
0.05288614210334914 -0.02253737204818279 0.12532657625979526
0.05429617407285305 -0.024562345247861668 0.13817797578803126
0.05470463430945966 -0.024226273691282343 0.138043377946355
0.051728625136176674 -0.02066771840775258 0.13788114473427315
0.05373428104945517 -0.01861394832926524 0.13826150815719226
0.05271718732871694 -0.02209791302267193 0.14016489165750426
0.05305286917109562 -0.02189825077783753 0.13986001041745647
0.058069853195104666 -0.02125736261095191 0.14993886442711166
0.05818198513587658 -0.023920224210825188 0.14785281095510477
0.05594008091686476 -0.01937900279858444 0.14838706650648534
0.0556754194119939 -0.02258774529008473 0.14617970933472327
0.052751908183027794 -0.017808827643911437 0.14714212586607683
0.053258623532611724 -0.02114723961553405 0.1444124011364168
0.058392291177334237 -0.02592109326079755 0.14661847279981488
0.05895387271309728 -0.027959503725388808 0.145425915554307
0.05606670562069309 -0.024703196210799132 0.1445285434322078
0.056846756991780455 -0.026902944541807253 0.142882829047003
0.05409848207772931 -0.023402126004832473 0.14243242675753798
0.05541595509709691 -0.02570807503327014 0.14059216784919143
0.05575425554419114 -0.02827067283953884 0.13623031736882188
0.05537884277635728 -0.027941981498948602 0.1335584138072305
0.05797807786092024 -0.034237644043185626 0.13504891001984018
0.057431245865754266 -0.034195879155774406 0.13216897047302403
0.05934234618822625 -0.0387507074637827 0.1362356070883467
0.05969544806441427 -0.039536035561734004 0.13300211222106137
0.0627182546969355 -0.044153790569799935 0.13773447629813512
0.06304559040462615 -0.04498868605952109 0.13472290327984704
0.06574214662836418 -0.04817902078485649 0.13999563730446746
0.06624041958797215 -0.049388206909814915 0.13709563241649908
0.06915739560528064 -0.05149264757621748 0.1426476239782384
0.0700652020935823 -0.053122925362180634 0.14016106513248008
0.058643858752972525 -0.02067487658206173 0.1505997413348942
0.05874959301958957 -0.02354534550890514 0.14836504569457054
0.05753613936662182 -0.018016288681021914 0.14941641895071714
0.05604219157350726 -0.02216179760568576 0.14649441517496872
0.05675016890010627 -0.014576796169896987 0.14954097993272095
0.05683571018418768 -0.017200066286767006 0.1466128976076922
0.05904065577124046 -0.02565444471411008 0.14707011710111584
0.05963099515914071 -0.027668763270605475 0.14592435256394967
0.05631347994252663 -0.024415339654094207 0.1447852066701107
0.057267846113891296 -0.02668917124775588 0.14327536439385896
0.05438287220957817 -0.02302289418073994 0.14240578210410534
0.055857834920209 -0.02535241457316528 0.14071872232161786
0.056282816365306146 -0.027956586981829408 0.13661762403421637
0.0557007718366632 -0.02769996794139459 0.13384464534780766
0.058626579784259746 -0.03362599794724104 0.13536744031114195
0.05803401209557899 -0.03366056952769649 0.13240767395570252
0.06030411528678717 -0.03834098150554663 0.1363074646164543
0.06047284758000096 -0.038652475940593095 0.1333285547034762
0.06335706375179992 -0.043308172326996755 0.138159343792694
0.06375791593055387 -0.0439620157559539 0.13532121759864627
0.0665362706117713 -0.04714647307711584 0.1404485453419056
0.06700919226879949 -0.048199204955783996 0.13765482672802462
0.07002218340738132 -0.05052095760407174 0.14281752031074685
0.07081373803661209 -0.05200563392612692 0.14045143552435174
0.05235543080003063 -0.01755326752099298 0.13497778747110503
0.0510962716734899 -0.018895814138735208 0.13498248472864322
0.04691048577630242 -0.01820652898071721 0.1247048613782241
0.04309698945366207 -0.015673135909373866 0.12401043111021055
0.046484618343379 -0.01910755714227992 0.12386146536325092
0.04260723819884915 -0.015994822144007315 0.12347757661658629
0.04600883069423609 -0.024513797107589524 0.10338745517901705
0.051744150059107076 -0.028907349003337055 0.1116476318668456
0.04673669000132242 -0.024169818087920496 0.1039458921255863
0.05049292026428342 -0.028618688713684774 0.111637855651735
0.05068321740290148 -0.028862799943939196 0.10597618733593898
0.049225098737464446 -0.026426749341665813 0.10865345593094825
0.049296360993820384 -0.029395658790494144 0.10477738281098198
0.04755021240152475 -0.02731439308252699 0.1075325251470819
0.0585907554737218 -0.03500998273759644 0.09281486714655805
0.060583905224941274 -0.037507529672118914 0.09885229255634118
0.06452181773175386 -0.03778736912963052 0.09137509924954482
0.06558916849510302 -0.04029906887914641 0.09742795194737294
0.07177520865258323 -0.04163995970454711 0.08975610801267986
0.07263550658924912 -0.04348545875952534 0.09587225793501356
0.07802575544942296 -0.0450471129944243 0.08774940487092611
0.07916092940673589 -0.04709357972817056 0.09379641128644228
0.08330512548249397 -0.047806477431096776 0.08559401630197427
0.08378048843177634 -0.050178228562324845 0.09149951014048234
0.08809769143575291 -0.05138504050230017 0.08326758535685176
0.08854798186632967 -0.05349118715092435 0.08860388968441839
0.09289544525023606 -0.05354257510231066 0.08131208330386626
0.09326312186247367 -0.055772160676362814 0.08623858567539089
0.09804913648500835 -0.05503189780771589 0.07899419916546085
0.09836608868409942 -0.05788088669465102 0.083487086659294
0.10336282217497653 -0.056804900269916095 0.07594147023218963
0.10389793756130847 -0.059604504508823666 0.08013398456472512
0.11005236209224244 -0.05705486289423523 0.0731463057755776
0.11143651022255138 -0.05945281973624729 0.07653781585497664
0.11605522533349727 -0.0566255256631267 0.06991013899801807
0.11751988681689814 -0.05945955076874563 0.07338115973952508
0.12102569338103017 -0.05817587456355329 0.06639223693243626
0.12249449404086886 -0.060450124102658716 0.07008207437739745
0.059059974365150994 -0.03463240442389611 0.09348331451343415
0.06072800928534142 -0.03744622387667091 0.09890241204773303
0.06536644346233127 -0.03733654697459837 0.09163435105054252
0.06651905111384455 -0.03986870586395301 0.09790226586299734
0.07220323462999391 -0.04116857076739263 0.09031222662006028
0.07334155566933176 -0.04324451746863307 0.09661429602065516
0.07888458470579363 -0.044558087878283276 0.08801047767633169
0.07936927986379852 -0.04668133479218498 0.09386517615946582
0.08439992504353894 -0.047310019077277776 0.08577198166010641
0.08443013906020592 -0.04945684011589637 0.09172985502906131
0.08961438377806391 -0.04983153352404938 0.08391439622019964
0.08961312628774927 -0.05202573867062314 0.08932710978474763
0.0939562081353046 -0.05094107446040147 0.08237947089633169
0.09409937375890155 -0.05353659403210787 0.08708626946467284
0.09914202331962232 -0.05201006414045035 0.08010738859938481
0.0994075956391114 -0.05488721778665026 0.0843938795817375
0.1042282260502046 -0.05313995722748337 0.0775794398291962
0.10468550103696393 -0.056123762342271774 0.08154362628671921
0.11071486406876951 -0.053576738084212955 0.07441664080739616
0.11177098254840355 -0.056205180863389693 0.07820658283475489
0.11646940011793293 -0.053997614030594776 0.07081350894550241
0.1180807572889103 -0.05575137854076273 0.07460954083085691
0.12148526323504485 -0.05414787691598445 0.06777959291323474
0.12304767959808899 -0.054967589013136635 0.07193642586417376
0.07368874679575772 -0.026273727806567147 0.10814313923323135
0.07433696928910763 -0.02787150338644239 0.11096329897574614
0.07806707155249897 -0.028274015966556716 0.10569389891696623
0.08130156319403821 -0.028648778152669894 0.11072667206709427
0.08646479521191809 -0.029654464383646655 0.10243121870452687
0.08524269826743908 -0.029130013625048704 0.10917495964611301
0.09184579738683055 -0.03000418153775165 0.09888838893253511
0.08984468224272708 -0.030005659293087086 0.10387997859989842
0.09770740022993815 -0.03411829145833164 0.09495031445910304
0.09718349421893364 -0.03426357203585548 0.09952465102235895
0.101772303 -0.0385791462 0.0909017706
0.102835825 -0.0380108187 0.0959908491
0.103984948 -0.0404712963 0.0880407221
0.10570515 -0.0397186696 0.0931443258
0.106588026 -0.0418139357 0.0850644286
0.107987574 -0.0416153497 0.0897082213
0.110172805 -0.0423645579 0.0824086694
0.111296981 -0.0421313838 0.0866623908
0.113554369 -0.0431274129 0.0794907149
0.114437981 -0.0438114495 0.0833422884
0.117071072 -0.0440242506 0.0781700005
0.118179553 -0.0443245783 0.0804884452
0.122122606 -0.0428742273 0.0731420756
0.122572893 -0.0454781588 0.0770178011
0.058369926445201545 -0.03567827038338028 0.1000235740443068
0.05776173907770421 -0.036444469032329146 0.09912827350594235
0.05588873142737656 -0.03328906314641717 0.10214476285202448
0.05191409744829404 -0.031179847888166645 0.10277207564319055
0.05514796236314297 -0.0333860655198683 0.10088661353082518
0.07888229995840901 -0.05644888370113207 0.14371519782841025
0.07438031466689093 -0.05588630842423437 0.13580260878660677
0.07764182929017069 -0.058570720413138586 0.1432740539221053
0.0736379465634921 -0.05709493781802696 0.13556492368748896
0.0834948665226118 -0.06118805069612891 0.14924013580242473
0.08616579151407101 -0.06163460209393336 0.15802055797005912
0.08772175060696581 -0.06340437888356969 0.14858989926755692
0.09019426285485062 -0.06450983959055381 0.15740655448148566
0.09193992321879714 -0.06599913144602118 0.1478124292800452
0.09456739988189931 -0.06720331412397486 0.15649438490693118
0.09641380969883391 -0.06814160644291123 0.14699381705439327
0.09929716964491266 -0.0693818476878556 0.15571351004004788
0.10113959966276816 -0.06992106846369449 0.14599386113466023
0.10415962180046695 -0.0712657080535414 0.15488203962394687
0.10607647000690348 -0.07180687973160621 0.144803051698538
0.10912086796168825 -0.07288062456181968 0.15405449579499933
0.1113881260634876 -0.07374403944796808 0.14330397522646987
0.11451691985353853 -0.07436170313195098 0.15311717177216883
0.11861698629234267 -0.07595831570947528 0.14145799030457099
0.12139061632448137 -0.07590550722555073 0.1518838067763409
0.1269284646307206 -0.07724814758063883 0.14029999260428355
0.12948583164276395 -0.0771267352859321 0.15057217088955385
0.1336153667532433 -0.07616689172518903 0.13753086605227063
0.13630167043834 -0.07642265811936878 0.14842939981611233
0.14121597307027006 -0.07431746642739037 0.13634580447874356
0.14367131564311839 -0.07500161547075195 0.14719009831307409
0.08526060493843413 -0.058103846435632156 0.15007607752089153
0.08778262860634727 -0.05882153508962006 0.15878084484350743
0.08946217593732884 -0.05988371789349173 0.14915213858159534
0.09200108889013972 -0.06075261639384942 0.1579231260981995
0.09359344912165792 -0.06323849059916355 0.1480087996121269
0.09634958286303809 -0.06390546904847422 0.15682821712283132
0.09756875818116077 -0.0653923323287242 0.14720191003772665
0.10040115836856138 -0.0659728079596143 0.15599903568139048
0.10182739412575592 -0.06751443779242323 0.14621775819219565
0.10488849763284804 -0.06816389818941618 0.15515705464746962
0.10634070001753121 -0.06948550859706482 0.14520734339553332
0.10936446242728154 -0.07021417207442228 0.15440367500793006
0.11146378979695373 -0.07125679087479264 0.14373762443134477
0.11445287857997898 -0.07275201391172019 0.15316534931690237
0.1186333525243532 -0.07382462433551591 0.14196251913047409
0.12134948820214611 -0.07470586127951755 0.15188174621808007
0.1269299637296029 -0.07483508796325375 0.1420640172223492
0.1285840193220182 -0.07556175218364394 0.1499544049388667
0.13303395779437868 -0.07421806342527992 0.13859364610015354
0.13573238390375847 -0.0742566943302907 0.14925320260988884
0.14112161441447973 -0.07152430106515097 0.13770959005647035
0.14360655848767376 -0.07232681617715253 0.14828126742511544
0.0898672451 -0.0531815365 0.152730903
0.0908942884 -0.0530140821 0.16079802
0.0936624271 -0.0539651205 0.152216376
0.0961624507 -0.0540925131 0.160651761
0.109925876 -0.0458186451 0.157231384
0.109196192 -0.048352592 0.16402414
0.11511689 -0.0464055331 0.157330548
0.11378772 -0.0497188183 0.163555846
0.117327355 -0.0475047185 0.156235175
0.116438514 -0.0508705453 0.162698186
0.118874946 -0.0488798392 0.154503826
0.118757096 -0.0523542327 0.161478477
0.120632415 -0.0513479368 0.152594051
0.121415673 -0.0543559544 0.159845871
0.124578788 -0.0529623 0.150876092
0.125876947 -0.0562758997 0.158576438
0.129260966 -0.0545976387 0.148577287
0.131117031 -0.0571382943 0.156998444
0.134267434 -0.0563390992 0.14604261
0.136395588 -0.0579970511 0.155379141
0.13979392 -0.0573814594 0.143351668
0.142269271 -0.0588555037 0.153279757
0.08146971056890939 -0.05919856011236686 0.15030563524674848
0.08251052173776938 -0.05704707693194658 0.1509657504511198
0.0842529655965145 -0.0596712613007094 0.15862933296240989
0.08541599775918601 -0.05789151511794764 0.1589370095842499
0.06871878359558244 -0.05189044373124991 0.17260341742667284
0.07400706545573411 -0.05507071388642962 0.17281364457045154
0.0697095054120166 -0.050713898831069054 0.1730197812798159
0.07479541566167579 -0.0536615572016115 0.17271732155865288
0.07800839992115025 -0.05500370715169085 0.17003480813088576
0.07742416870903263 -0.05635067710547235 0.17012681985518785
0.08119563665261122 -0.05656088736241904 0.16650068314216557
0.08047013253613709 -0.05783302863811002 0.16642124856552248
0.08705908213030643 -0.06273081056231224 0.1666707856883528
0.0881884581995996 -0.06271757841433699 0.17477054927840624
0.09125720096183713 -0.06523007613574486 0.16581198551525134
0.09247328399150288 -0.06502684518545777 0.17395818213597133
0.09640342197108819 -0.06770407492694301 0.16463383705766868
0.09793040869265598 -0.06779931299222894 0.17279645943634347
0.10171181320357961 -0.07018428055150937 0.16378742697167895
0.10351732612635643 -0.0706067117543711 0.1720052454909546
0.10691526325594915 -0.07201062326943168 0.16312952653596866
0.10904219872155649 -0.07234089525307061 0.17148467168728157
0.11173565389144925 -0.07338634306375152 0.16267667247528517
0.11398670100947211 -0.07334188715269971 0.1711792926644033
0.11723520523388083 -0.07453874878467179 0.16208964398871625
0.11963549943244152 -0.074225683427745 0.17077912477998566
0.12376157834298622 -0.07541717635777495 0.16126034499609385
0.12587732347536654 -0.07484576317404594 0.17022512297669484
0.13239931890258483 -0.07596715382847868 0.15883335835244763
0.13357995027650796 -0.07623168596048437 0.16912003238712028
0.13883821015818965 -0.07765156475983356 0.15787181127126007
0.14108309036387878 -0.07858232713716233 0.16781243775202104
0.1458365634080283 -0.07572838175571378 0.15706919916307363
0.1481357488075011 -0.07751275084243159 0.1669713660026348
0.08835050304060116 -0.059646601500218 0.16714263405114785
0.08926724027119935 -0.05943185261209328 0.175114753660873
0.09297806601733175 -0.061512664644179815 0.16638087143275102
0.09393317125883215 -0.061770501392987114 0.17460548012304228
0.09795970490653748 -0.06428213483935218 0.16516050533777657
0.09910290845694243 -0.06473649149161463 0.17343286692103685
0.10234525288290384 -0.06669219520693156 0.1646478686062103
0.10396239087565445 -0.06730989486225887 0.17316263568815782
0.10742253892026239 -0.06848531855292228 0.1640206791174246
0.1094520464896799 -0.06905903860716255 0.17264166943574533
0.11197739838742428 -0.07049141724623106 0.16342717050791014
0.1143121215679699 -0.07088047756875238 0.17206767726330013
0.11723559386015915 -0.07272281230312205 0.1626688664914759
0.11970650755700302 -0.07217435514520898 0.17166732045565145
0.12376224682875316 -0.07368869789064031 0.16187816589573914
0.12603645734025953 -0.07323883368244678 0.17103592515802413
0.13131189888826797 -0.07500701322660193 0.16029026769830035
0.13326154041019608 -0.07416067989563258 0.17018526849587737
0.13834551882662388 -0.07489717676271607 0.15888247895133137
0.14072904674587536 -0.07631912569824202 0.1687686509330689
0.14582399630479395 -0.0732038014163907 0.15801811932494422
0.1480717210592539 -0.07510674313649421 0.16773141879329295
0.09647986 -0.045061062 0.172253392
0.0958399919 -0.0479570705 0.177837987
0.102298483 -0.046188629 0.172483221
0.101337347 -0.0500794058 0.177934002
0.107735882 -0.0500427231 0.17082801
0.106376702 -0.0532091857 0.177124491
0.111024683 -0.0529185313 0.169564875
0.110335218 -0.0552000938 0.176606101
0.113899074 -0.0551262389 0.168652109
0.113869713 -0.0574439833 0.17589695
0.117369121 -0.0570437661 0.167693841
0.117915534 -0.0596575773 0.174996993
0.121742825 -0.0582256953 0.166724401
0.122636425 -0.0611204522 0.174105528
0.126640419 -0.0596961969 0.165678861
0.127848826 -0.0619541391 0.173522926
0.132222003 -0.0604476464 0.164478415
0.13351586 -0.0630236443 0.172536119
0.137972584 -0.06055971 0.16315479
0.139627761 -0.0629819465 0.171657954
0.144035179 -0.0609590351 0.1614189
0.146169071 -0.0631011289 0.170387832
0.08363720404936043 -0.06001238267754845 0.16738631072089033
0.08454858906682068 -0.05817422918487073 0.1674797146179748
0.07075131453814708 -0.04578355435809656 0.16262203346157372
0.07228776354154584 -0.04820242032457404 0.16497095906789233
0.07022362254874936 -0.04694209213974973 0.16273866746463378
0.0714721056510378 -0.04950797716214933 0.16491115828609026
0.07322406858213057 -0.05053941165104068 0.16605648831762723
0.0725166348984366 -0.05168896894185989 0.16600143745855633
0.07452309408064063 -0.05253757381805739 0.1671333941816761
0.07359579707466 -0.05377368872661433 0.16688775568880676
0.07568528984792397 -0.05392415792374161 0.16836452253433495
0.074966740123555 -0.05528245085303723 0.1680773896489537
0.04918239734398108 -0.009188470917810656 0.16061565456870822
0.054423637852496064 -0.010623576152756968 0.16114435054334283
0.05069322838655514 -0.008834852677364186 0.16090697285330047
0.056480570083700214 -0.0104971863694537 0.16189193221292014
0.05026820505550276 -0.008356818600896366 0.17626285873757527
0.051544552025326366 -0.007967956174997903 0.17608189215915826
0.06401782194172095 -0.0170805114184238 0.16426949375054256
0.06366665271316722 -0.01669923710867721 0.16289711052682995
0.06248815147914491 -0.015575570303728617 0.16582231141256656
0.061746664707257294 -0.014177797063054269 0.1642023051165256
0.05835630278714982 -0.012531275579832917 0.16696900287773822
0.056109914711697344 -0.01091208159291033 0.16369379551870486
0.053934182503200506 -0.010537999558970727 0.16789205812947736
0.05025890242440267 -0.00939015504638889 0.16306535690514315
0.06454317224457651 -0.016464393944844075 0.1640442587155855
0.06429692188036498 -0.015983320717030607 0.16261615142308905
0.06333770556272658 -0.014956564504922281 0.16572501376625293
0.06283273563991734 -0.013756902834276288 0.16419149032013142
0.059524151148331664 -0.012432242367368194 0.1668892915338804
0.05786260167979012 -0.010744305621269386 0.16403927773978294
0.05531335949220448 -0.010239163020343002 0.1678166817886895
0.05195353983284417 -0.009130498025709729 0.16341089418876253
0.07848250371416562 -0.031772387414289574 0.12018181752846527
0.07051797617382331 -0.021665186519164287 0.10329783813509563
0.061132493425562 -0.019879764823186454 0.10236241936402675
0.06292269216672708 -0.020939177034480044 0.10268584951846933
0.06251202987449543 -0.021006486484734334 0.10366117767361253
0.06908658108545475 -0.023694894428248528 0.10898587293228568
0.06450209847618482 -0.02280835419042339 0.1089318869556453
0.061049242371083105 -0.02209050506880577 0.10917878266927965
0.06492907464217207 -0.022402215138001058 0.1140982678541564
0.06357106630161422 -0.021757036640249295 0.11430777956841469
0.07034624517788074 -0.02683768826688765 0.11140208889114964
0.0697707897654402 -0.02506606613000954 0.11406142066902214
0.0682669200558506 -0.02406623853497534 0.11557869404009029
0.06722349517217314 -0.023650833945674177 0.11588866716651337
0.06571708056883765 -0.022983672403054548 0.11613967643147384
0.06289202756515215 -0.02078434124507469 0.11668868212016668
0.05890289521997492 -0.01783235609386553 0.1171068415811915
0.057328619379555606 -0.014565116179235456 0.11769157802348715
0.05489166021912713 -0.010643551385863094 0.11769777514258606
0.05415589179515777 -0.0075319758389713306 0.11750062877303961
0.053403239429616764 -0.005090231268328101 0.11686223135236379
0.05305205825928297 -0.0034378273677076313 0.11639826484824871
0.05285440457447608 -0.001655370126896719 0.11636937103097285
0.0722506490331366 -0.026328788351676673 0.11771581116109793
0.06998406241257807 -0.025504255704206644 0.11880713089296926
0.06951574516589344 -0.024517196640981405 0.11981467521093872
0.06786794673471395 -0.023192562268622614 0.12033676012032239
0.06326717787301359 -0.021141060238102586 0.12127042725290363
0.059782511135345835 -0.01876411465169515 0.12160383549173087
0.05783475202901979 -0.015015639434858346 0.12111810128770677
0.07610216584376664 -0.028742424179145087 0.12164208194437674
0.080500278 -0.0346209166 0.126940615
0.0799046217 -0.0423729635 0.13146034
0.0796704331 -0.0492162803 0.137738792
0.0864722015 -0.0493015984 0.147686544
0.0872464108 -0.0521212499 0.153371272
0.0892663844 -0.052645479 0.161356116
0.07388996861325754 -0.025721417536708768 0.12305967769207828
0.0772635055 -0.0312043168 0.128079794
0.0774389992 -0.0388620053 0.133050337
0.076043878 -0.0290348053 0.127631406
0.0754423572 -0.0318059845 0.131731266
0.0725076870556285 -0.0245952116767136 0.12310965456728526
0.0735545187 -0.0248621702 0.127313561
0.074061323 -0.0259733786 0.131336772
0.07014531867978954 -0.022785636621876347 0.12402769357023194
0.0712961419 -0.0235283033 0.127351267
0.0720808776 -0.0235725466 0.131009115
0.06637321359401042 -0.021156259988241236 0.12480913032133238
0.0675748263 -0.0214123434 0.127613532
0.0677095292 -0.0213146722 0.13048367
0.060765473428174864 -0.017867250026606423 0.1250853480664127
0.062464632 -0.0174651462 0.128010301
0.0627953388 -0.0162533089 0.131638038
0.0531722424 -1.623353E-9 0.197169467
0.0517552831 0.0 0.197731162
0.05040578080375151 -1.1687202487015227E-10 0.1878326411100488
0.04860929356820789 2.3657729111597723E-9 0.18818456637595302
0.04989853035860368 -2.3014983276911637E-9 0.18136191646409633
0.047640369362333145 3.3968467503156295E-9 0.18167178498664197
0.05074776907025472 -1.6458298452457532E-9 0.1783195272626537
0.04840005032824883 3.5536674562956963E-9 0.1787823047895158
0.051070521418970775 -1.2117951862504448E-11 0.17548288064420084
0.049416889985312726 3.777522703384383E-9 0.1755602449728765
0.0586477532 -5.6097E-11 0.198088062
0.0572356465 -7.577126E-9 0.190599904
0.056204812 -5.933962E-9 0.185014214
0.0570190512 -6.589894E-9 0.182646502
0.0579517604 -1.7287042E-8 0.18030242
0.03255555348614568 4.2145723706761847E-5 0.12329846903009453
0.029542948749854154 2.3842539292860047E-5 0.1252496228854791
0.03306556748520212 4.100728259210396E-5 0.12489043681126355
0.029789345715752636 1.7548386292900718E-5 0.12680760767025753
0.0578381025 -0.00792131916 0.180084189
0.05263634119349344 -1.2893654896805974E-4 0.11630352293984705
0.049375413578448636 2.1166056987927107E-5 0.08160017276372972
0.04610369449717676 1.1568223461661483E-5 0.08358483314660138
0.04657338802530426 -4.666150935770497E-5 0.07884125076755662
0.040817594912282776 5.345905011260322E-5 0.08027281391161233
0.05291747168854917 8.463554006276591E-6 0.07816326549183028
0.05071194707000972 1.8136185421304074E-5 0.07587745486362826
0.053739374470219925 -1.2824938104931445E-6 0.07304700954423635
0.0509159957294324 7.48596045796956E-5 0.07215379724002126
0.05218061645978327 1.1486686799682504E-5 0.06829729672112578
0.048736390852505786 -1.4733878880794045E-5 0.06724666742513004
0.05099573840602789 1.9214430725253878E-6 0.06480301854379647
0.04826785118777825 6.710796095590434E-6 0.06451079811401506
0.051133910944057594 2.945933513881368E-6 0.06285412249927495
0.04820067425175699 4.483521757655538E-6 0.06217433629433675
0.0519424007109524 2.0158900316388344E-6 0.06126696521669481
0.049580126961463224 3.969621679538071E-6 0.05923235557271619
0.106296654346441 -1.6913710562077433E-7 0.033553548302049103
0.10416494604119267 -2.623522894983453E-7 0.031359292947396734
0.09222888338746262 -3.5959446355013794E-7 0.03664793119785609
0.09053826024971796 -9.86161362541608E-7 0.034267085496089034
0.0885443545204464 -6.761899380106706E-6 0.03743979244876791
0.0874715723900088 -5.625485875993446E-7 0.03485915763327881
0.08347672529897165 -5.378015739714825E-7 0.038388159716138404
0.08228914151769647 -5.108972968433084E-7 0.03582021742448235
0.07724611320106027 -5.224284547696762E-7 0.04109683976889688
0.07649263757660041 -4.2289725884984035E-7 0.038921608360334474
0.07240321688208623 -7.061708730117425E-7 0.04475979960965777
0.07082212491654842 -2.4719599925200044E-7 0.042776615573821175
0.06807144489812869 -8.450506472657978E-7 0.04726958126946066
0.0661111874486601 5.6400071502334115E-9 0.04574538530213223
0.06285485463947314 -1.3193388363762671E-6 0.05009079291458438
0.06056947562186157 6.049529184764629E-7 0.04759170340302447
0.059878581495596946 -1.404578594299196E-6 0.052036896523061954
0.057277514508669795 1.1014703508692078E-6 0.049018761784756684
0.05767694263683618 -1.5611273993826687E-6 0.05470685958281154
0.054538239696429715 1.727444659722275E-6 0.05139046721188358
0.05514390559354211 -4.969817660171581E-7 0.05778865915981011
0.051927562828410434 2.606717882181597E-6 0.05489078960067532
0.054893406841113636 -9.027224544943267E-7 0.08714521617961811
0.05232928667154338 -7.234411434045232E-6 0.0882348513407942
0.053427396808409675 -2.9531404013722105E-6 0.08530549440274972
0.04983065119999348 -2.545471645637177E-6 0.08629983641335344
0.05890783766822478 2.6798676727307497E-6 0.08248654941164643
0.061501449646259615 2.693702389551502E-7 0.0788980065750452
0.06262022175464889 2.5736684290289306E-6 0.07377516861230475
0.0620365543684364 -1.173175344947001E-6 0.06910509205571902
0.0617025608 -4.68462592E-6 0.0668684849
0.0616575562 -5.05620528E-6 0.0640134185
0.0619446963 -5.08794924E-6 0.0612566432
0.0625025299 -4.80930132E-6 0.0593009251
0.0645970467 -4.12965982E-6 0.0574517725
0.0672416984 -3.03147505E-6 0.054858997
0.0733044472 -1.6117856E-6 0.0556015284
0.0834666812 -7.39692758E-7 0.0570383795
0.0870970342 -4.4330674E-7 0.0570526755
0.0912001434 -2.88723847E-7 0.0566109755
0.0954233415 -1.72989524E-7 0.0563655928
0.102054806 -1.16999231E-7 0.0555171937
0.112652911 2.5513513E-8 0.0375692056
0.11525984922227389 -0.04253080499461413 0.040443599273366125
0.11821116715796773 -0.046963780153533724 0.043497894180335395
0.11757440864748238 -0.04141544254397153 0.041023005153616655
0.12055791016560316 -0.04546763753970757 0.043925827054038497
0.122886892 -0.0386534398 0.0448943084
0.12426687 -0.0423677781 0.0459908709
0.12429049523132601 -0.05394848470898532 0.05066556260306676
0.1260554261380698 -0.052560361475520165 0.05046948599410161
0.128852453 -0.0487250629 0.0513156212
0.09350231468179374 -4.813268115888969E-7 0.033512510963345114
0.0989873811860966 -3.782268625579055E-7 0.03241425685145985
0.0939702087718219 -0.002782606351963407 0.033244632348702924
0.09921284288850186 -0.0027795237598089413 0.03227652535114042
0.09437415187382397 -0.006360974205567384 0.033996809341104814
0.0995864844069247 -0.006304577042687402 0.033621822866277906
0.09565803882637282 -0.010789948635502982 0.03466070337947442
0.10033402758300686 -0.010318395298122332 0.033579046531818556
0.09704244905597566 -0.01635117522275732 0.034433698000096595
0.09975032978737174 -0.015292045588229436 0.03311091627350769
0.09967712631740751 -0.02391884343671631 0.036161076121101254
0.10229481526321196 -0.022874893973156216 0.033764685520801266
0.10262066695284693 -0.03022756666865286 0.0388121433439792
0.10565912885879769 -0.03083174835484414 0.035870278059211294
0.10806764578764827 -0.03805922380397118 0.04325377223222968
0.11052248351729901 -0.037456151131829284 0.04092915752853665
0.11170684682250327 -0.04214383864688784 0.047351831288267865
0.11379142742605898 -0.042149587447955196 0.044482106868011746
0.11446858098350711 -0.04637012552745349 0.0505452988993712
0.1165521793800632 -0.046549414717631625 0.04749969715847021
0.11670917223838383 -0.05062625010186198 0.05349814103469482
0.11890862467367264 -0.050919947015141354 0.05046788353139197
0.11914895033426039 -0.053953245551716565 0.056711850304287555
0.121789571138697 -0.05375986367853253 0.05407682404091673
0.12202127314728921 -0.05637969638165041 0.060368310472176584
0.12470055616595455 -0.05669447751176975 0.05757779794228729
0.09622031258093992 -3.891686065114822E-7 0.0358428720183357
0.09950784034972043 -5.051404283582156E-7 0.03461950454642838
0.09624867929534721 -0.0026402270985048815 0.0356544936862455
0.09963892500512478 -0.002772285666738806 0.034724429332143175
0.09720267827837484 -0.006680435514533745 0.03634398053179121
0.0999159364324254 -0.006356616818946484 0.03531474877791278
0.09801708966269972 -0.01096752093623915 0.03665517414100131
0.10076878275896803 -0.010119686746629107 0.03507250089324933
0.10044274605726357 -0.015784183347814035 0.0386351957823414
0.10267111504689783 -0.015947017073905174 0.035077193902207676
0.10353460198048578 -0.021140118392339053 0.04096822964290089
0.10476237063359659 -0.022054839634360293 0.03640780886598433
0.107435465672394 -0.029348181579001834 0.0438529321648384
0.1084513183553296 -0.029487618145645593 0.03936023441118104
0.1114358350085768 -0.03526509171195456 0.04760497130640893
0.11335930642231132 -0.03575757398781732 0.043726667428451084
0.11404237385542282 -0.040046675183553634 0.050413921052734144
0.1160185146169675 -0.04069575953913317 0.04656124302699334
0.11609834122523864 -0.0442508694710113 0.0528290373266195
0.11838361103048604 -0.044938509264274985 0.04912256641880244
0.1181234877858425 -0.04827861598618406 0.0554806291519483
0.12056541756704046 -0.04905210499195109 0.05187430406246742
0.12033278534708068 -0.05146575837783853 0.05845148857504071
0.12295289816218302 -0.05228148428402996 0.055085112039341085
0.12257839570792785 -0.05385490353455536 0.06152286505806942
0.12558911067481734 -0.054712068862573265 0.058248004916130615
0.105958335 5.9579175E-8 0.0470844145
0.109191123 4.1301489E-8 0.0405487362
0.105743235 -0.00230689407 0.0470253232
0.10897305 -0.0026727774 0.040560533
0.107073206 -0.00552777813 0.0479575538
0.109432423 -0.00597031345 0.0409335209
0.108174672 -0.00899258091 0.0491962784
0.110170105 -0.00971409422 0.0415570099
0.110128785 -0.0128519974 0.0507351912
0.111525167 -0.0137235618 0.0426103334
0.112389094 -0.0177496814 0.0522907639
0.114108545 -0.0192325711 0.0446056453
0.1148907 -0.0226104901 0.0545562737
0.116460468 -0.0251922813 0.0463775886
0.11747231 -0.0284927044 0.0568402497
0.11900673 -0.0310244666 0.048930683
0.118802752 -0.0325646585 0.0584059092
0.120477965 -0.0359322245 0.0505507018
0.120122151 -0.0359566497 0.0605788107
0.12218819 -0.0395478705 0.0527726702
0.121235802 -0.0392553947 0.0625546032
0.123754912 -0.0432152983 0.054813946
0.122780034 -0.0410589455 0.0657720854
0.125689298 -0.0455282141 0.0579198214
0.124424494 -0.0426204985 0.0685306247
0.127595428 -0.0470215265 0.0614489692
0.118363712 2.5936935E-8 0.0345277809
0.119367331 -0.00300727299 0.0346781832
0.115944571 -0.00317995443 0.0315857036
0.115489031 1.7134496E-8 0.0314039498
0.119370503 -0.00610101569 0.0350615752
0.116207019 -0.00632586016 0.0317838769
0.119384012 -0.0100559729 0.0354468482
0.116605776 -0.00986384949 0.0321663879
0.119411135 -0.0140286987 0.0353548588
0.117367682 -0.0142348289 0.03192039
0.119428281 -0.0188711312 0.0356959019
0.115354423 -0.0205152101 0.0329031074
0.119435723 -0.025353727 0.0367543099
0.115882927 -0.0268485443 0.0334074397
0.122172361 -0.0340496179 0.03599897
0.11974781 -0.0342289902 0.0328576414
0.123966366 -0.0403809577 0.0371003673
0.120042458 -0.0422244641 0.0351293862
0.126248052 -0.0445287206 0.037730719
0.122686261 -0.0468957623 0.037149299
0.129705224 -0.0480970779 0.0411620682
0.126152429 -0.0508137001 0.0407821855
0.132395629 -0.0509558764 0.044764165
0.129707148 -0.0534278832 0.0443949106
0.134496714 -0.0545350602 0.0483928336
0.132405266 -0.0571974627 0.0485128745
0.113597152 -0.00278265134 0.0293792436
0.112611352 0.0 0.0293758826
0.113959612 -0.00637593903 0.0300384986
0.113734384 -0.0101419696 0.0307844
0.115552552 -0.0145419531 0.0304086012
0.114587398 -0.0207058653 0.0314680527
0.114581105 -0.0276070737 0.0319095583
0.118782467 -0.0346697955 0.0316534231
0.118687907 -0.043441148 0.0340610432
0.120615186 -0.048200758 0.0370789055
0.124093416 -0.0522756072 0.0406944559
0.128193455 -0.0548779758 0.0445161117
0.13134025 -0.0582227805 0.0487778548
0.1248919255828085 -0.05590737738460815 0.06474388921341362
0.12423758064241523 -0.05865019385738399 0.06401581529114816
0.1282572689440939 -0.05663211917507017 0.06178610918669122
0.12755041158562413 -0.05848540594249194 0.061508445457868335
0.13159916658478407 -0.05756543355915554 0.05833436656512226
0.13071139122562875 -0.05889310712184644 0.058732951505294784
0.135075785 -0.0602551454 0.0530319006
0.134291051 -0.0612488223 0.0534814972
0.125575698 -0.0435445408 0.0713319697
0.129333375 -0.0482885699 0.0640944146
0.132967594 -0.0527895833 0.0584334074
0.136551319 -0.0567555478 0.0525654802
0.1263935724294411 -0.05748296345735131 0.06897075003096284
0.1261013020545431 -0.06096932868418405 0.06799298685741709
0.1302757546630897 -0.0587047381699313 0.06562288786770915
0.12994290405247153 -0.061278249526926246 0.06553795188049139
0.1343274846980989 -0.05976773630293189 0.0622239882524493
0.13329442468580638 -0.06176321024018682 0.06297073211264388
0.138415191 -0.0621111072 0.0577418616
0.137559537 -0.0634949234 0.0583125408
0.127080587 -0.043633102 0.0730549753
0.131417539 -0.0481590133 0.0680562954
0.135113429 -0.0532522594 0.0629423673
0.139353328 -0.0578543733 0.0577399528
0.12819569937351957 -0.059177931673065884 0.0732861596508692
0.12786485221327218 -0.06319023752155274 0.07237065985419215
0.13244423196919744 -0.060385741446367595 0.07034915546671881
0.13192892561490774 -0.06360519888925846 0.06990052760122226
0.13670282013930216 -0.061385921900989154 0.06722803146359362
0.13583077465484442 -0.06389700618391723 0.06748572887287976
0.141393529 -0.0631586869 0.0631771163
0.140614368 -0.065099051 0.0637024813
0.129141306 -0.044276707 0.0743452524
0.133103614 -0.0475693921 0.0723629978
0.137448853 -0.051707834 0.0679543951
0.141904364 -0.057015525 0.0636346337
0.13074433999235652 -0.06163734989730533 0.0799382580618435
0.13058751886258907 -0.06633599393308313 0.07851858085034051
0.13542792003102905 -0.06173918012016664 0.07782825380666737
0.13528715872277053 -0.06572367985386683 0.07702598079328266
0.14007021137487183 -0.06229949096811736 0.0758145656322777
0.14013739508100673 -0.06544809544317631 0.07499716473376905
0.145866625 -0.0638057365 0.073194897
0.145309818 -0.0660948299 0.0727077122
0.13096995 -0.0472845994 0.0840662325
0.135319048 -0.0477572413 0.0805634771
0.13944258 -0.0500971347 0.0791176299
0.145854128 -0.0541980621 0.0749891556
0.13392098270542677 -0.06310841591736782 0.08834141659409683
0.13409527898293017 -0.06869321491730881 0.08726848595154013
0.133953182 -0.0475937446 0.0931283373
0.138067336 -0.0491039583 0.102944686
0.1377685179736645 -0.06432692759854647 0.09889288822199804
0.13792498027315853 -0.06941050396570747 0.09782119511970247
0.1415589918348807 -0.06594409723116211 0.1138937226446567
0.14167776548755415 -0.07100174950029675 0.11331807616493876
0.142336836 -0.0524789519 0.117017493
0.14449100631355372 -0.06789633353333192 0.12704145786603258
0.14470900481180599 -0.07080035079730689 0.12573558763488488
0.146324115 -0.0550318547 0.129942463
0.13900020500410104 -0.06217150253649567 0.08628498828856082
0.13913198717115818 -0.06718504505335544 0.0856183787295446
0.138508596 -0.0477145175 0.0896890896
0.142100985 -0.0487768488 0.0995484621
0.14293708760509644 -0.06356928863141972 0.09625001739833854
0.14297329479106907 -0.0687552984928821 0.0957963430470635
0.14726623446900197 -0.06511067535467949 0.11217998660035167
0.14826030678016572 -0.07020589544796146 0.11021629484605286
0.147061814 -0.0523186606 0.115695086
0.1502870181628304 -0.06738288447159756 0.1254668724414858
0.1500220013214624 -0.07092681267878086 0.12459585504250738
0.150390177 -0.0543588682 0.129401966
0.1439836060078828 -0.06333763707037417 0.0840025824064571
0.14428716652461474 -0.06725878252003188 0.08340251177990757
0.1426223 -0.0484723594 0.0879947144
0.14773259015480725 -0.0646966660767952 0.09366621858126441
0.14821176058259106 -0.0691262582647545 0.09351420290137634
0.144842576 -0.049582187 0.0968319918
0.15233236180508153 -0.06683336886648714 0.11038029406636887
0.15228641505246665 -0.07096866200471666 0.10960161208114373
0.151569572 -0.0519004459 0.112464648
0.15558435783016192 -0.06796836229337203 0.12383113779368242
0.15536194730956754 -0.07257924041849606 0.12318493113532922
0.155738023 -0.0537560827 0.127390303
0.149514103 -0.0650704864 0.0815510668
0.149415567 -0.0671983758 0.0810527882
0.147854028 -0.0523678271 0.0843606642
0.153295283 -0.0660555234 0.0909935322
0.153530337 -0.0691773376 0.0912930045
0.151071187 -0.0509107582 0.0936363179
0.157968489 -0.0681337526 0.108524893
0.157657691 -0.0715452191 0.107954502
0.156186745 -0.0529612252 0.109673727
0.161023721 -0.0690967878 0.122198343
0.161102904 -0.0731653287 0.121797161
0.160533125 -0.0540367542 0.125418774
0.14668880748718144 -0.06627280201196069 0.13821784038875146
0.14694117945422505 -0.06905592967680406 0.13724894762413695
0.146758431 -0.0563564699 0.141649332
0.1527260086791021 -0.06855270622543733 0.1368965870631926
0.15175834920761833 -0.07221344771862559 0.13552760125665525
0.153380024 -0.0558241234 0.140446244
0.15863933155851107 -0.07124970727820451 0.13556188440051212
0.15822015031224923 -0.07473326892119726 0.13461996812263652
0.158572444 -0.0554410982 0.13938176
0.164213779 -0.0710959846 0.134409827
0.164141724 -0.0751769919 0.133451624
0.164398469 -0.0552610815 0.138183793
0.1493264554424788 -0.06700698671517867 0.14841058441131846
0.14857773905177515 -0.07150013165055344 0.14826701815164317
0.149227604 -0.0580235448 0.151546417
0.15530535310604024 -0.07039980912542784 0.14792206812438677
0.15521849372778304 -0.07522553725691766 0.14653059066529245
0.156301816 -0.0573594191 0.151377572
0.1613593370752189 -0.07511559913068291 0.14683099214299092
0.16103679111547917 -0.07776841942645761 0.14552806887541866
0.161777357 -0.056828307 0.151224044
0.167029919 -0.072105553 0.146297155
0.166983625 -0.076192436 0.144963
0.166945292 -0.0563791423 0.150839566
0.1520582352474513 -0.06827626451805827 0.158833004677182
0.15207312736694212 -0.07154918557417493 0.15823353381131205
0.152005184 -0.0592101318 0.161591775
0.15738911900173402 -0.07315688911459976 0.15799323641943672
0.15674882755515218 -0.0780534677735923 0.15678314521089173
0.158990715 -0.0585202036 0.161615767
0.1632847445113495 -0.07630506508871114 0.15727296529705478
0.16285040060640749 -0.0793612836808235 0.15619838679397915
0.164465317 -0.0578331636 0.16180955
0.169433824 -0.0731795381 0.156953383
0.169398203 -0.077747869 0.155696205
0.169530764 -0.0570048046 0.161876285
0.1546017833676014 -0.0698993530759841 0.1686956899809813
0.15434472381000314 -0.07283812690600297 0.1680935662606323
0.154475439 -0.0620288123 0.170744026
0.15950330847351252 -0.0722260536916338 0.16783055472055064
0.15924006667829443 -0.07540946716837889 0.1672049042716051
0.160953167 -0.0625799714 0.171118851
0.16545946635116618 -0.07539087508997822 0.16698068255315693
0.16510012998197213 -0.07944844977479312 0.16580218284658138
0.167248951 -0.0632056288 0.171013546
0.171923135 -0.0748817387 0.167197172
0.171873162 -0.0791049772 0.166195767
0.172582466 -0.0627730172 0.17148351
0.1559765826121375 -0.07331683263381722 0.17789554132615323
0.15595881614229276 -0.07571471503491957 0.17729108843514707
0.156402928 -0.0648116736 0.180506646
0.16055463931727829 -0.07518473447314619 0.1771512913596671
0.16029165856085167 -0.07757074988838576 0.17650263493674884
0.162383056 -0.0654263032 0.18064119
0.16738091036869635 -0.07665505385680733 0.1768301011194703
0.16829510549472704 -0.08021116002952372 0.1754422796752828
0.169958904 -0.0655076217 0.181180063
0.174210479 -0.0769171907 0.177251119
0.174290842 -0.0821237617 0.175987814
0.174840213 -0.0653027549 0.181062613
0.159782765 -0.0731698338 0.198132315
0.160024334 -0.0747306973 0.197874008
0.159212265 -0.0655791238 0.202316158
0.164813598 -0.0737497979 0.19811897
0.165350997 -0.0771607376 0.198033262
0.164593166 -0.0650324045 0.202659013
0.170782222 -0.0772224816 0.197570728
0.170485807 -0.0819940233 0.196069175
0.171298707 -0.0655027858 0.202278932
0.176859304 -0.079008421 0.196889321
0.176909034 -0.0843347337 0.195442794
0.176636295 -0.0648666077 0.201737672
0.0568939734395558 -0.010032903746652576 0.12093560763948713
0.05533805575575477 -0.007184072834925104 0.12122577827662503
0.055273892059009025 -0.004616353757496559 0.12071436076516817
0.054433035667067774 -0.003048922019899602 0.12001165763938725
0.05443873305788981 -0.0013857783471638917 0.120396445663563
0.05417051160904793 -6.6865779279206136E-6 0.12066626351808603
0.05774245713140322 -0.01276512006524529 0.12123538744384153
0.059791053389646055 -0.015492734390559175 0.1253658658510228
0.05856999768380084 -0.014096215847133343 0.12524346704848777
0.057794694569409825 -0.01216974083055974 0.12443535954054775
0.05702799115960098 -0.011236462780349895 0.124029180065746
0.05536786550003461 -0.0095836021373343 0.12349854000580845
0.0625079682 -0.0251313994 0.19658412
0.0619342832 -0.0287933189 0.190036476
0.0649316206 -0.0305371398 0.195860644
0.0678279432 -0.0344490857 0.195304827
0.0698470185 -0.0388706162 0.195147991
0.0667084347 -0.0397965932 0.181576611
0.06701887 -0.040748668 0.183228157
0.0681646236 -0.0410045037 0.184816174
0.0701916446 -0.0413027814 0.189139072
0.068523219 -0.0433513214 0.181288761
0.0737545617 -0.045258505 0.189368598
0.071946315 -0.0452499021 0.185146683
0.0698514325 -0.0445438419 0.182798836
0.0719830665 -0.0468339872 0.18100988
0.0719794034 -0.042446511 0.195344322
0.0755606459 -0.0446918626 0.195591171
0.079660419 -0.0464276367 0.196019957
0.0839070617 -0.0478763691 0.196599053
0.0885076402 -0.0488356865 0.197099373
0.0932478583 -0.0496731656 0.197471542
0.07753716 -0.0477965993 0.188770685
0.081496161 -0.0482220959 0.187376637
0.0858040939 -0.0473082052 0.185891721
0.0908343674 -0.0473462078 0.184569643
0.0756537788 -0.0480062604 0.184463471
0.0806118697 -0.0483651347 0.182209083
0.084799525 -0.0476887938 0.179927915
0.0897618148 -0.0473034235 0.17809862
0.0738897878 -0.0474723869 0.182449173
0.0792681894 -0.0488812204 0.176724642
0.0801478421 -0.0486911121 0.17951483
0.0759599756 -0.0475571981 0.16842579
0.0754524653 -0.0479440698 0.170528729
0.0767072563 -0.0479192946 0.171348248
0.079523399 -0.0471331007 0.172054637
0.0887956078 -0.0490362628 0.170235895
0.0824839249 -0.0481327408 0.174202163
0.0841503108 -0.0483518206 0.177108942
0.0844784424 -0.0493449928 0.169213207
0.0869884633 -0.0506916181 0.169451504
0.0846294751 -0.0513376906 0.164188585
0.0869536262 -0.0522744579 0.162450399
0.0827924074 -0.052255559 0.157675147
0.0847175092 -0.0520075962 0.154907411
0.0809881488 -0.0498760729 0.153136937
0.0835614469 -0.0488488728 0.149904102
0.0764564593 -0.046463778 0.147730852
0.0769990288 -0.0475379147 0.144285472
0.0659386976 -0.0208616816 0.139854056
0.0668385886 -0.0204647357 0.136964523
0.0697064105 -0.0250326839 0.139415803
0.070593257 -0.024744853 0.13677078
0.0719164373 -0.0311174256 0.136847187
0.0719143353 -0.0382213672 0.137609526
0.0728818192 -0.0442594045 0.139938373
0.0720684656 -0.0308622247 0.139244182
0.0722247738 -0.0375419651 0.139660008
0.0731408504 -0.0429508756 0.142519624
0.0506057252 -0.00658007439 0.160309292
0.0542589179 -0.00857758568 0.159326479
0.0590209585 -0.0102749312 0.158992104
0.0612228562 -0.01123916 0.156370961
0.0586666694 -0.00814871792 0.162595248
0.0622858191 -0.0103719457 0.161180478
0.0596308304 -0.00731083387 0.164836689
0.0627736379 -0.00876261589 0.164610618
0.0674682976 -0.0105082665 0.164097923
0.0674833352 -0.0105408877 0.165347617
0.0676464496 -0.0107920002 0.1665943
0.0679842105 -0.0112654313 0.167932769
0.0647352217 -0.00911425074 0.165407973
0.0647900248 -0.00881994171 0.166665511
0.0650885513 -0.0091189229 0.168006295
0.0655519546 -0.00980246674 0.169656911
0.0621740809 -0.0071774801 0.166180099
0.06165846 -0.00654377847 0.167945642
0.0615129995 -0.00695848144 0.170061864
0.0621159048 -0.00811841171 0.172690366
0.0598340579 -0.00625221082 0.166709058
0.0597373373 -0.00610069968 0.168716527
0.0597911287 -0.00673398804 0.171026325
0.0601673244 -0.00796588532 0.17361576
0.061899126139280836 -0.02753923756138747 0.15001195319853106
0.06246806731639469 -0.025476222933459382 0.1506432809008276
0.06258840814417274 -0.023462786903690903 0.15134425813473462
0.06324503784203689 -0.021443339709370693 0.15231223964409846
0.061687876889691864 -0.028117081610062305 0.14992453044219364
0.06158887331824494 -0.02635885834869184 0.15057287111002585
0.06159180049602766 -0.024347079683837588 0.1514050580143595
0.06175198335923057 -0.02223334745278411 0.15256095281184703
0.0701048858 -0.0154461416 0.154218054
0.0700069939 -0.0173858559 0.152981764
0.0696837954 -0.0194042137 0.151897314
0.0693276153 -0.0214781755 0.150998528
0.0665810724 -0.0157584315 0.154147045
0.0658755628 -0.0169735286 0.151771342
0.0656932715 -0.0185349734 0.149601268
0.0659470091 -0.0205588983 0.147839661
0.0647786641 -0.0149836827 0.154519157
0.0635225864 -0.0159959388 0.15119156
0.0638572229 -0.0173303735 0.148391735
0.0645910339 -0.0197274408 0.146347148
0.0622820552 -0.0119795606 0.152327116
0.0606045702 -0.0136104358 0.148799848
0.0611066436 -0.0156890632 0.146118266
0.0624013311 -0.0178903813 0.143883922
0.0624209505 -0.0162901118 0.141174201
0.0622005588 -0.0158287416 0.138175723
0.0604358523 -0.0138981499 0.128384269
0.0616699134 -0.0116722217 0.133415638
0.0611935787 -0.0132274284 0.130508464
0.0570089117 -0.0112575551 0.149625886
0.0605084854 -0.0111219263 0.137728874
0.0607881409 -0.0135130364 0.143450654
0.0605748443 -0.0118933336 0.140234545
0.0588674285 -0.0116684034 0.142828988
0.0593112663 -0.0125549104 0.146193521
0.0550883122 -0.0106929951 0.150559541
0.0497990413 -0.00916210318 0.151989979
0.046423575 -0.00766351656 0.153983029
0.0440626883 -0.00623734098 0.155983906
0.0420781988 -0.00323123723 0.157430727
0.0412334655 -0.00142250714 0.157727022
0.0412282639 -4.744024E-9 0.157721288
0.0541373872 -0.0111581113 0.143589603
0.0373274108 -5.79568189E-4 0.154023384
0.0496260919 -0.0103060234 0.145300714
0.0456919971 -0.00828431288 0.147647842
0.0421857508 -0.00696978792 0.150009759
0.039674654 -0.00524209299 0.152307206
0.0380464062 -0.00178409042 0.153534925
0.0373253034 -6.393954E-9 0.154025219
0.0566075316 -0.0112647177 0.138812052
0.0507541859 -0.0112065998 0.140112954
0.0460578315 -0.00952709949 0.142192145
0.0419692223 -0.00825051501 0.145360674
0.0385694689 -0.00656463611 0.147969354
0.0366714122 -0.00448508541 0.150099954
0.0354905986 -0.00135164777 0.15121283
0.0351759411 -3.20725484E-4 0.151486069
0.0351755152 -7.23912E-9 0.151485884
0.0601540356 -0.011554677 0.131992502
0.0557291719 -0.0121016936 0.13537282
0.0492688364 -0.0136985931 0.136903935
0.0454221612 -0.0122826128 0.138336928
0.0420447861 -0.0109187254 0.141327048
0.0386712746 -0.00941549483 0.144002876
0.0359307854 -0.00626472581 0.145904107
0.034140248 -0.00377069343 0.147340105
0.0331600221 -0.00123931526 0.148497647
0.0329160488 -5.38240946E-4 0.148604846
0.0329186597 -7.360644E-9 0.148602139
0.0577127247 -0.0128592829 0.130561891
0.0513775612 -0.0144479783 0.133651006
0.0420655838 -0.0135406462 0.138438574
0.03764975 -0.0111786817 0.141039772
0.0458200404 -0.0136893856 0.135221102
0.0355011776 -0.00899579538 0.143286746
0.0330902261 -0.00606012695 0.14411449
0.0315719187 -0.00339134592 0.145088792
0.0306234811 -0.00130184297 0.145736757
0.0304198165 -5.5483891E-4 0.145913917
0.0304212391 -3.269929E-9 0.145909253
0.0560659458 -0.0147804778 0.12756124
0.0502958719 -0.0167648817 0.128558128
0.0480552332 -0.0158500909 0.131670138
0.0437298724 -0.0149256631 0.134426073
0.0402226089 -0.0139867017 0.138367089
0.0352435222 -0.0120097483 0.140247233
0.0401265214 -0.0128304235 0.137378642
0.0334836228 -0.00950774607 0.141738496
0.035224667 -0.011849493 0.139965086
0.0355032367 -0.0114544437 0.13900975
0.0312130608 -0.00593550037 0.141855166
0.0298093143 -0.00323707059 0.142285381
0.0288559702 -0.00125160354 0.142846266
0.0284723782 -5.69622967E-4 0.143156992
0.0284732757 -2.9013E-10 0.143153702
0.03219135 -0.00913675287 0.139618759
0.0301011804 -0.00547113111 0.139170704
0.0293753999 -0.00402966823 0.139245874
0.0300858314 -0.00385150321 0.136666358
0.0314103421 -0.00639643853 0.137263966
0.033383838 -0.00942410783 0.138389316
0.0283948599 -0.002021217 0.139474553
0.029041505 -0.00183467846 0.136623513
0.0276208671 -5.57861654E-4 0.13981451
0.0276207161 1.4037762E-8 0.139809252
0.0281928812 -3.73026457E-4 0.136836315
0.0281919644 3.640996E-8 0.136832215
0.0309832158 1.55059214E-7 0.133799109
0.03574193 3.44376472E-7 0.131459481
0.0452267669 3.40548746E-7 0.127844603
0.05045927921265563 -3.299452902351048E-7 0.12499595614621282
0.0309850558 -3.3772853E-4 0.133805098
0.0357484424 -4.92826775E-4 0.131472381
0.0454334683 -9.0306936E-4 0.127944049
0.050681352630108055 -0.0012058613734913693 0.12525864830891187
0.0318464708 -0.00185623036 0.133700129
0.0366138324 -0.00208965091 0.131478977
0.0461715671 -0.00283497894 0.128009428
0.05148957713478553 -0.0026775962987634046 0.1254170187822243
0.0328559253 -0.00383930018 0.133943529
0.0374234579 -0.00396426412 0.131553882
0.0465693427 -0.00505989214 0.12786795
0.052303375195971225 -0.0039915619393989365 0.12510041315476073
0.0499809333 -0.014541473 0.126896674
0.0478336918 -0.0158547972 0.128518781
0.052344262 -0.0154424482 0.127005089
0.0501839575 -0.0165252018 0.128350647
0.0466184348 -0.01648009 0.129723935
0.0395280389 -0.0124428941 0.136864917
0.0426207395 -0.0144599525 0.133685479
0.0402852873 -0.0114260523 0.134567281
0.043146797 -0.0126482402 0.132315517
0.0343512961 -0.00641179925 0.135028097
0.0360578239 -0.00886618458 0.136603475
0.0377466007 -0.0109746835 0.13752135
0.038111175 -0.00599828484 0.132217003
0.0385731289 -0.00810249901 0.133493247
0.0391566422 -0.0101231933 0.134687079
0.041627930352247086 4.538216652561947E-6 0.10184692010660377
0.04164030689143574 -8.609751452668181E-4 0.10178873371392151
0.04427988037195532 -9.579240769070652E-4 0.10515571356303814
0.04433845887767827 -6.613449751096854E-5 0.10521290234855898
0.04184818372096938 -0.0017497779812310976 0.10180788563909456
0.04434952774614381 -0.002252113574692812 0.10503315902153414
0.04227724071197763 -0.0036824607446153406 0.10165882692358329
0.04452556764843277 -0.00393271936324319 0.10476436768851895
0.04263133225097492 -0.005657925185159282 0.1018030526038086
0.04486935564992343 -0.006139509991261581 0.1046731384169281
0.04360294553172253 -0.008374832172536342 0.10191937920460326
0.04582726959615759 -0.009054537495073525 0.1049637948672922
0.04569402083684309 -0.010715691239983192 0.10254143463261339
0.04698708095603422 -0.011458837628648102 0.10489426557488245
0.046420774595032695 -0.01324777472880748 0.10210258820785474
0.04813304498560411 -0.014515716896528133 0.10427211687382097
0.04797208809874648 -0.01504546319612452 0.10200391752470891
0.04967759547878446 -0.016195093251191735 0.10413297795106323
0.04924732082115206 -0.01628236017826712 0.10185444911871372
0.050395746347104635 -0.01732952829857085 0.10375440866361987
0.050392598884568415 -0.017542809134323694 0.1014405044111426
0.0516518038511665 -0.018410727362881327 0.1033412036094601
0.05129382304006317 -0.01817432220250401 0.10096497183587452
0.05258376697620575 -0.018996267680425286 0.1027986174618046
0.051687575688411494 -0.018925530031626732 0.10023326371599409
0.0535595106384266 -0.01981127172571865 0.10214623598833536
0.055064457203473714 -0.019177892856010865 0.10055655456014019
0.05568085122817967 -0.020497353739228164 0.10219729458346946
0.057582476092668755 -0.02039935706040971 0.1010047278096476
0.055506486390853836 -0.018353283360708267 0.09922225394263198
0.05908783820361493 -0.019837662755375747 0.09902012543205393
0.057202867197064716 -0.01755392142301916 0.09881405766994909
0.0649852622859352 -0.023377780400912637 0.09477283268003264
0.0613092080170584 -0.019890190723185958 0.09584713406888917
0.060018350615685584 -0.01986878090030746 0.09242514225579211
0.06477309971913144 -0.02328246503375129 0.09130086840074997
0.05937661099650347 -0.019178717587815856 0.09057290463577693
0.06480878601256687 -0.02220920157134986 0.08865889106214957
0.05914705988757981 -0.017969461519512914 0.08885269337934926
0.06457583783120921 -0.02082445355955979 0.08681334685300823
0.05905102872612177 -0.016292805497044566 0.08722378428549957
0.06426970845308111 -0.019598061974540126 0.08487499161629627
0.05891297253823589 -0.014391174771707413 0.08576034278106444
0.06379977225248575 -0.017891178447022066 0.08320490859371846
0.05900514963235056 -0.012453075904853058 0.0844567640820918
0.06341871371253938 -0.015788785687140185 0.08143712420663372
0.059224906406203544 -0.010536020997771943 0.08335885360085311
0.062556813489661 -0.013199492296698876 0.07972868325922801
0.05952041630276826 -0.008281335471097821 0.08271119026774018
0.06157419107157622 -0.010102085966908987 0.07836623204250719
0.05813129586417469 -0.006039616342474607 0.08253534196804937
0.06003808162536304 -0.006793192298563406 0.07812030038376824
0.05718151687803238 -0.0035003508735941525 0.08199832924185921
0.05939542287958588 -0.003559475104037973 0.07697255570993689
0.05737765432133663 -0.0019822275204323496 0.08175799466974319
0.059334480799440904 -0.0020612212892104683 0.07679623425528494
0.0573595539423348 3.4911336091009076E-6 0.08180638156230784
0.05935245762881582 9.030207931221615E-6 0.07677556355805178
0.06239240807067688 -0.023238812118992317 0.09936799992630979
0.05867051236828059 -0.0022694244048037577 0.0715576083495039
0.05865692562917124 2.189401611625701E-6 0.07158031955219085
0.059324953638854455 -0.003898345333815795 0.07267203178318166
0.06053041175460778 -0.007866882865208837 0.07314594033444559
0.06251260179826203 -0.011440605948978425 0.0733598400164207
0.06409523062111873 -0.01447559549953423 0.07436016006238767
0.06541307800534124 -0.017301298920171685 0.07546940412620029
0.06658744985558389 -0.02008321003234469 0.07655189604789872
0.06735874034431065 -0.022288976868409464 0.07861452020012748
0.06769575602099226 -0.02437295135701673 0.08099344955816089
0.067809878950797 -0.0255005499574681 0.08339930114176017
0.06809690513903018 -0.027076990376370937 0.08641526774675656
0.06892086655508046 -0.028207797298764232 0.09179180684381505
0.06690856600396933 -0.027465692720476442 0.09760361707464683
0.06520020383574184 -0.02745415459223822 0.10320167984096332
0.05997774325259069 -0.02499886479161178 0.10398089925277051
0.05667210760425174 -0.024922880841663036 0.1037217238550383
0.054857185311599076 -0.024226022939548345 0.10422505336277621
0.056050527120367184 -0.02180759530100195 0.10725633008155783
0.05458126573125758 -0.020183911529918535 0.10868706965409432
0.05264718485721609 -0.018629039916897017 0.10980760386079556
0.05039933371552407 -0.016758903420677512 0.1098041298374191
0.04908669840890554 -0.013739504981613462 0.11007859443630864
0.04748979288946323 -0.010067576708142399 0.10975562170897919
0.046638613844767314 -0.007720221562307512 0.10960999129636095
0.046443233042141326 -0.004492289709854916 0.10892916730032581
0.04618070491630699 -0.002821481212680909 0.1087560905037577
0.046215824279366165 -0.0013954747970590653 0.10901488100371588
0.046160148567758914 -2.875737109539095E-4 0.10906691633396241
0.05768637097528399 -0.0024243482864005003 0.06753237287606434
0.05730876700269239 1.827623141318991E-6 0.06763694864316545
0.05909082471849102 -0.005178085714863233 0.06747052193550863
0.06091609330273646 -0.008290147862752709 0.0682224179233662
0.06284760634048712 -0.01163217744120035 0.06895077553067518
0.06505373120539616 -0.014850995300418356 0.06978359067340702
0.06647735293727766 -0.018052613072151318 0.07063796302581636
0.06930045069408129 -0.02189523145525415 0.07222822078169121
0.07051525063935982 -0.02403691474356269 0.07736866307356899
0.07107290988344567 -0.02732806245685277 0.08477216591529982
0.06538437746163639 -0.032235022417732045 0.10570841484836302
0.06272975489060632 -0.030677013366368744 0.10619951806876622
0.06100078369375526 -0.027840208031746985 0.10804489062676756
0.05941130095207139 -0.02570811206004238 0.11006140344666918
0.05811551270280063 -0.024542775889757167 0.11187145722067601
0.05645973744734312 -0.023756841311090376 0.11328610339859087
0.05438926256110597 -0.02229598953645532 0.11446316400509138
0.05217192272535978 -0.019830173795633052 0.11514029820110269
0.05059260231105235 -0.016714240015493112 0.11585055376737595
0.04994313209235879 -0.012974942108407597 0.11603734740960961
0.048536316764582026 -0.009748701755439706 0.1164255580154457
0.04767076441873504 -0.0071133716351861375 0.11624889569639538
0.04721054940381204 -0.0035436684619151123 0.11551932192370702
0.04715659918284254 -0.001345594759537545 0.11581924378694335
0.04719813049433182 1.966096713684893E-4 0.11597605015843662
0.057624221052246426 -0.002608999670509448 0.06423580175016069
0.056859215909503144 -3.9965367768101974E-7 0.06443502060848699
0.05819668015329459 -0.005332015841028788 0.06439012980397424
0.06061209892965506 -0.008312954776145156 0.06515696492045397
0.06310592734649326 -0.011167946929081846 0.06598059229693079
0.06534906783061328 -0.014439967368905174 0.06669884370376272
0.06763524524448751 -0.018534344138219964 0.06725443973247522
0.05840928825526318 -0.0027038892634737607 0.06225483875286013
0.05725168670448326 -1.771890000701944E-6 0.06249216378218288
0.05842427648307773 -0.005360616101574106 0.062025790943589884
0.06102317343440021 -0.00804335950390672 0.06234733257903527
0.06306610836492235 -0.010853979852097285 0.06276575344026959
0.06570392913614212 -0.014189299806422896 0.06340689098576033
0.05934621778499496 -0.0025478945785902055 0.05903822211524482
0.0581949745138612 -2.7599224376747126E-6 0.058906189117614284
0.059543010574309684 -0.005167090771301112 0.058884155367432134
0.06160787311114875 -0.007892998137610433 0.05911604564076748
0.06378590404426576 -0.010808252958537868 0.059340137661986134
0.06065538603126654 -0.0024829523916044074 0.05654183280546784
0.05986007299272721 -3.038647118426303E-6 0.05623285910031014
0.061150263210498795 -0.005065918621797741 0.056306178041990305
0.06312791325819052 -0.008101275617160177 0.05639752759714266
0.06529411696507341 -0.010925675423242468 0.05639620004593378
0.06860123222261379 -0.015273830871118981 0.057007373482109686
0.06691476051011125 -0.01444318472903694 0.05977622945925776
0.06294556221090826 -0.0026111957441605402 0.05431415880210598
0.061682381781070494 -2.7250063988849676E-6 0.05379985206376826
0.06351832911026484 -0.005111821258309985 0.05405582815553374
0.06570325767769988 -0.008350570814368873 0.05418708565167375
0.06773214319612203 -0.0111566609244931 0.05432392798067009
0.07077989132203875 -0.01582326627336307 0.05498818659268326
0.06771575269222681 -0.01680449691757668 0.062008147402070786
0.0664203845533597 -0.0026726293707492427 0.052418830639806145
0.0646840985629935 -2.476504498950162E-6 0.051779764534976944
0.06706525390677041 -0.00537197911478853 0.05239194270292878
0.06849860566199352 -0.008582072827638463 0.052410701192706306
0.07068238560249995 -0.011484400691491807 0.052959925290769795
0.0740280120896656 -0.01614353300479582 0.05383991585222468
0.07124663319571668 -0.0026515716608519623 0.050594445278006606
0.07121930957220635 -1.5880745648731331E-6 0.05019661292353627
0.07203773518806689 -0.005415378472901283 0.05072970381115473
0.07333297626523483 -0.008689232888078699 0.05113511810523424
0.07520793868419093 -0.012146655475691472 0.05167827008375091
0.07884278370342689 -0.01661185977020092 0.05334903107889869
0.07577746889531119 -0.002645879302596035 0.04933419730444617
0.07644835639130305 -9.62099250510986E-7 0.04911870550355693
0.07684545782656106 -0.005478112482228225 0.04980269956309273
0.0781103542380688 -0.008869193405189237 0.05015254304820635
0.0799276926801816 -0.012560843793597646 0.05079799562054057
0.08420475057179799 -0.01707835565605479 0.05376596643312696
0.08122087848152576 -0.002662129337691322 0.047101584834858025
0.08168570583968073 -6.926971545706659E-7 0.04687532979364284
0.08212969412646193 -0.005389533043354639 0.048194375266640985
0.08553847674531041 -0.012872011531429337 0.05031138832294257
0.08350360802080076 -0.008919827447919745 0.048948644620325825
0.08795769822052593 -0.002666579498227823 0.046108675626364774
0.08675754221456078 -4.5241136496709085E-7 0.04508801686581292
0.08917912388248705 -0.005848616814909071 0.04837731557967617
0.1011805799614861 -0.019619671496155955 0.054600100732249024
0.09589742708891914 -0.017909080414249944 0.055746597370525515
0.09292822896940495 -0.014272580239186206 0.052343972013261186
0.09797869182092338 -0.014304797327544973 0.051720970387103146
0.1039619725304784 -0.006280312772142699 0.03630390079553868
0.105069864668303 -0.010307008553769289 0.03718511620656659
0.10312536355437305 -0.009529174875464048 0.044306530907847
0.10116919459344434 -0.00592381128262804 0.0419789046323979
0.10331636431073181 -0.0027247017543839906 0.035740387618731155
0.09968582687893109 -0.002705282095935533 0.04040961965612038
0.09846187261237861 -2.544597110654013E-7 0.03895459254167384
0.09654511891404739 -0.0026950708879271306 0.04285323315829949
0.0954210704403908 -4.3845102473810363E-7 0.041492002896316216
0.09810271333996326 -0.005899135334573497 0.04466323956890414
0.1103051608807549 -4.87977114994118E-8 0.03442094377844911
0.11117447194250764 -0.0029218958069565904 0.034028977422794426
0.10306421893602492 -2.226142430957724E-7 0.03622365319226237
0.09337179231686113 -0.005871257862390567 0.04682780407473308
0.09230234015909346 -0.0026824692849685187 0.04440802322909554
0.09129632819645705 -4.0138225398984125E-7 0.04277569196721492
0.10330049988927949 -0.014335172167015768 0.049278000569488646
0.09542325695649084 -0.009463653582880708 0.04884608568477055
0.10036749570619911 -0.009496464602853593 0.046642335086804716
0.117112155 2.2791581E-8 0.0327078568
0.117262113 -0.00313950412 0.0329364761
0.11781744 -0.00636226183 0.0332114254
0.11201465130567778 -0.006364000811434117 0.03406417457542711
0.1060461502513753 -0.014373179059890604 0.04641272689243375
0.09057789286573205 -0.009431059494640404 0.05005617078111727
0.08951928629877284 -0.01746918493139134 0.05479912937207143
0.09975833053582633 -0.024487760310045733 0.05896065492209207
0.09387621297913018 -0.02416787722690879 0.0585741161856512
0.1061872176713227 -0.019639466718370604 0.05195525764547471
0.088350393924096 -0.022695085981004143 0.05716679735728223
0.1041762746866637 -0.024438552442330803 0.057156491313800246
0.10887017874670085 -0.024450532137232292 0.054285247122645944
0.10681169083612836 -0.015112339952413683 0.03853810619980003
0.1100258092763638 -0.009843222040953305 0.03425395136567316
0.118037238 -0.0094789674 0.0333615651
0.116924396 -0.0139895499 0.033385437
0.11051835851165583 -0.014194522158150749 0.035800053726736676
0.116388586 -0.0194646016 0.0338764241
0.11117316718706174 -0.02104432552421971 0.03630403285579066
0.10968826983509729 -0.021032320394119047 0.04067613619828407
0.10856353002551229 -0.019692984278095356 0.04794747892318965
0.117618564 -0.0262600934 0.0343369966
0.11396218341705305 -0.028028172233079306 0.037264670218612586
0.112956363896368 -0.027139409283978556 0.04334325416758178
0.11124412558735239 -0.02449885668067561 0.04960440063484694
0.08383503471816793 -0.021814008267261886 0.05621860637295549
0.07880547797861807 -0.021443913320228058 0.05625173337921424
0.07556187521696414 -0.021409147074748947 0.057003232189184516
0.07245109571777245 -0.021132234901305422 0.05799751421348612
0.07052857825428967 -0.020054421660597302 0.06006616936709594
0.10675126628289512 -0.03042940069995874 0.05942486569886937
0.10256869870442346 -0.030487026407800606 0.060779534662454705
0.09735980849096178 -0.02977271146303199 0.060945716915315674
0.0716507203271094 -0.021911524551844214 0.06532753302037723
0.09133840954417341 -0.02961130359357395 0.059821890345191954
0.08692341501387994 -0.02907274742324409 0.05919454188780919
0.08327284234872649 -0.02758735867623528 0.059664136876783694
0.08077370908614531 -0.026410000150512133 0.06133884744051084
0.07778853025976112 -0.025164209627005073 0.06324745587822662
0.07476183513333837 -0.02380111741411125 0.06414190682999486
0.121054602 -0.0347964487 0.0350105088
0.11704387273757826 -0.03497382590219965 0.03911478515813905
0.11627115153243425 -0.03320060376057254 0.04643936255883795
0.1140288700883625 -0.03048152184011993 0.05208859590586132
0.11156583775839779 -0.03043355549179005 0.05659802083112489
0.121763611 -0.0412088016 0.0359232361
0.11977972743716932 -0.0399538112798818 0.04166043128033813
0.1181483489353626 -0.038434033361799555 0.048429909174188886
0.11637653284749697 -0.036250280110992045 0.05421824662499024
0.11356609468047701 -0.03481087518372941 0.05834704988403371
0.10834067599882549 -0.035204375377551424 0.06030498560593416
0.10390513489951093 -0.035066709679509284 0.062109459584500815
0.09933159641923987 -0.03528397640854279 0.06232213419370054
0.09458350789394812 -0.03521404121511637 0.062367322927875855
0.090713390743419 -0.03462933197421105 0.0627064511803203
0.08718269014120066 -0.033312957493330145 0.06337359773808252
0.08427652852508258 -0.031410994980376826 0.06542314681176926
0.0817342037027469 -0.029623842697341755 0.06754120570824426
0.07829922482300797 -0.026834294277776363 0.0691975161406701
0.074382485764105 -0.024384409694529995 0.07033778246272603
0.07580752964888623 -0.027265156552993247 0.07617919322081973
0.08047047780028471 -0.03033731387657575 0.07421601861969328
0.08440172426201709 -0.03258239880408941 0.07248272054542293
0.08749746921876562 -0.0345755076376075 0.07033041948451574
0.09012775191925188 -0.03711544723374436 0.0677710730062023
0.09437695405578685 -0.03790343602306028 0.06669004515244752
0.09762095634968192 -0.03900441728601202 0.06527261537103553
0.10157095984055857 -0.03910383953831554 0.064635810297968
0.10575124765380586 -0.03896128055805621 0.06370409771415309
0.11019650221783747 -0.03879339632180714 0.06256409460260083
0.11504087668799882 -0.03882350050497115 0.059968499947722735
0.11801480802080859 -0.04020475821245026 0.05620631178019566
0.12018483579620612 -0.042370389556742986 0.05080634211320292
0.12260056238189714 -0.04382932818359925 0.044503364445920644
0.124471977 -0.0457085851 0.0374105511
0.12795796 -0.0494295883 0.0409455861
0.12540823357561035 -0.047284225203084125 0.04747839776506775
0.12208825909388508 -0.046217864926841004 0.053216496493559286
0.11966935514655698 -0.0438173947988133 0.05837538064227394
0.1166681209320821 -0.04245629240277712 0.06244264195719151
0.11184017130019214 -0.042366704718578924 0.06526298536915365
0.10767052038960591 -0.0424000382957899 0.06686976603698339
0.10266613561578185 -0.04274633220571417 0.06793786248050028
0.09879020778627116 -0.04227433732835542 0.06881528941307144
0.09556545951283793 -0.04126115083514257 0.07047803950869584
0.09314231143086145 -0.039252614664631855 0.07327651943785418
0.08976809202183604 -0.0372852382800944 0.07591859743921801
0.08615456164013824 -0.03508315224063118 0.07864681538335118
0.08145271125792002 -0.03319236549091475 0.08105495616068338
0.07556067373618883 -0.030225097567426595 0.08383800506137098
0.08622726156975415 -0.03857277839267271 0.08914600974957014
0.08031888480019266 -0.03615575252361255 0.09221228730963535
0.08149419612950594 -0.03501251896347652 0.08780809995468121
0.08679178354646452 -0.03699635190985606 0.08489625727712712
0.08576393647419761 -0.039895724890302006 0.09297911551811884
0.07947299799195358 -0.03747701840660776 0.09603836922696884
0.0940857479192046 -0.0436833333676391 0.08227052150577359
0.09064725862847288 -0.04110276438654972 0.08559800393094869
0.09107268583444303 -0.039305449706113736 0.08149912563186096
0.09405831684903435 -0.0420608140506983 0.07817124891955453
0.11150230017337835 -0.05425164802036525 0.10441841634567449
0.10634816795769383 -0.05312566894244765 0.10729247821878903
0.10480679836939506 -0.05087773985906545 0.09917593860880583
0.10972719855768583 -0.05180639388482157 0.0959864507711921
0.10256673852953092 -0.04841242172625341 0.08696111587431997
0.10338411263642622 -0.04958370589924909 0.09191085269504122
0.09882825171784684 -0.048529829857982584 0.09495637246011283
0.09826130234339588 -0.04736614512429592 0.08969543838846472
0.10025122085432683 -0.04429786581292963 0.07403519386976193
0.0970208473054854 -0.043278377859281736 0.07598959875921786
0.07242265568666424 -0.03355872717760465 0.10460751810902615
0.07335779712749409 -0.03726288693332016 0.11018398547520883
0.06782288693589543 -0.03389790226153155 0.11131410743623718
0.0709544623655126 -0.033200385444704716 0.09886944711804607
0.07288286100949527 -0.032620736683869354 0.09475171010508573
0.07432032659285147 -0.03200630325654692 0.09016287073762702
0.11018568750596285 -0.04714771542282003 0.07398660283385601
0.10517541190476053 -0.04650541643037858 0.07615870462242758
0.10385519087516497 -0.04536878725841373 0.07189817212387316
0.10890111359513892 -0.04552206093622685 0.07024670613519336
0.10110798068636188 -0.04578036445851404 0.07817140740153686
0.10185519520322153 -0.04700546171049038 0.08238382139103735
0.09765116882431546 -0.04628600296394078 0.0847500921721029
0.131087441 -0.0521670063 0.0445500886
0.12742553932746872 -0.05073346184635243 0.050763931026767295
0.12406302607516745 -0.04925657832096064 0.05625745372525452
0.12155131346338784 -0.046388688849544994 0.061262661869713186
0.11835849036705333 -0.04524722710845638 0.0648602636894319
0.11359762241820709 -0.04511741915597456 0.06849940741020291
0.11510651750456187 -0.04689656605042764 0.07148514530129549
0.11638932000026447 -0.04812410715763634 0.07433659070929705
0.11130602530902908 -0.0484215483031299 0.07741016761664411
0.12338981841202824 -0.04847324806060676 0.06419995880473886
0.12521544705410143 -0.049779095644560574 0.06715462390753635
0.12139499371850627 -0.04812840239530851 0.0712680356849569
0.12001567753157924 -0.04727295262883224 0.06771482591372004
0.12969075099638586 -0.0535043004985342 0.05441266227795759
0.12633498503430865 -0.051279460148035 0.0595727187133758
0.13345326 -0.0558747461 0.0484194298
0.135803271 -0.0585255485 0.0527693731
0.13225145757640908 -0.0552396342042892 0.05831376053407766
0.10737271960479161 -0.04860451113960965 0.08443802817375379
0.10818516404063218 -0.05010990021473028 0.08897986776456725
0.10641893398297274 -0.047357641483759025 0.08016938121164134
0.0940919536216617 -0.04604840727646027 0.09210329881323494
0.0943604189391571 -0.04703176869715131 0.09781250985577922
0.08992327935075356 -0.0447171034718582 0.10106463680346012
0.09008008308905584 -0.04366269008525092 0.09490159789968619
0.09739222290855819 -0.04479859322743086 0.08039849301531862
0.09395196414792036 -0.04509690499126274 0.08690718465432325
0.09029721439514989 -0.04259993653932786 0.08977791875726628
0.08540654697416272 -0.04144300569635521 0.09794737340845211
0.11532505333384578 -0.051917230338655605 0.0925803068408304
0.11365940903671291 -0.050763230850584914 0.08565101071747093
0.08472336166915469 -0.04287804718469611 0.10355682032051025
0.07954360115232079 -0.04022166013019343 0.10786055946869286
0.08061916687124417 -0.036653601459381416 0.10234088221476158
0.08049580568350717 -0.042783928086140594 0.11455225732573693
0.0743051394342497 -0.04037940510101761 0.11611253807984175
0.09026985188760601 -0.04732383494972442 0.10770297458024905
0.08494665060920831 -0.045905751869417234 0.11043785588245726
0.07220744696071832 -0.03908025510016006 0.11695272701944909
0.09551964513801073 -0.04846355159490516 0.10491950314354234
0.10015655248096993 -0.04984126413454479 0.10214982342070976
0.11258324334968409 -0.049139958922413324 0.08140313363846309
0.11766182276304334 -0.04920622413089566 0.07814950745818858
0.11903619796364937 -0.05074949622018728 0.08231223470722338
0.12857753435014455 -0.052856321199385825 0.06268976479760335
0.138869634 -0.060020131 0.0577142288
0.1346940336024713 -0.056538749266448744 0.062496459788377104
0.13067260921087975 -0.053613482907957186 0.06666144318233566
0.12690154696687334 -0.050268134449451544 0.07115284347891422
0.141620613 -0.0601190937 0.0633617262
0.13703806803042576 -0.05656455764120713 0.06746749116323067
0.1327443096854727 -0.05369939933014799 0.07119190837984614
0.145855656 -0.0590448974 0.0739914815
0.13970840231040466 -0.05610700397840456 0.07727903148559474
0.148687907 -0.0583868624 0.0827127864
0.14044413428780253 -0.05510870134499257 0.08594845247472174
0.12301558087162315 -0.04860488361718082 0.0744892241299653
0.14184671797229342 -0.055384728680698506 0.09547010470129547
0.15184540708889868 -0.059314120203918456 0.11123667687115092
0.14668468887990757 -0.05846346753991273 0.11359795314975618
0.13884186938855944 -0.05525075077592102 0.0984773114923338
0.151629685 -0.0587085008 0.0917263284
0.156981185 -0.0605193545 0.108970694
0.160723344 -0.0615663143 0.123671338
0.15561835732052007 -0.06087163250003156 0.12544326818156049
0.163848917 -0.0627397208 0.136288304
0.1584437888156599 -0.06236374302937942 0.1373375419351261
0.15034052035937073 -0.060878595357596245 0.12724452162459643
0.13533953334729873 -0.0538538008736723 0.08883244510458699
0.1411616528896596 -0.05924042397686845 0.11586211344739672
0.13669331286862454 -0.05635765151472778 0.10141925041699489
0.13515708800911053 -0.05443515990485099 0.07968018026002742
0.13080686166376673 -0.053173942305374595 0.08234343749066242
0.1283936919220563 -0.05101645325757894 0.07520468711264652
0.13296724825823805 -0.05447815742331348 0.09145558916749351
0.14443683980225147 -0.061475183552568625 0.12917726580375025
0.12326949626737872 -0.05057404448268466 0.07871179896864335
0.1257879065864548 -0.05216527971932105 0.08539705272980846
0.12073718086323322 -0.0522656487598208 0.08889113466111569
0.12856314544064523 -0.05459616593530432 0.09449229849612018
0.1260233138761276 -0.05804415489203265 0.10802821167460983
0.12840679249303527 -0.06220101015957658 0.12077691942353348
0.12221114766666888 -0.06263719493767479 0.12313845600147741
0.11985004717039728 -0.05848946320522688 0.11093687926566413
0.13187475078315067 -0.05727257093736619 0.10441647882166254
0.13555280623798943 -0.060875832997877216 0.1183790971108672
0.12318883908702559 -0.05452227805835092 0.09776390874156034
0.11744841181056442 -0.05440850833430554 0.10128561603661498
0.1133799743076249 -0.0580713428815697 0.11387182845063273
0.10809724740310887 -0.056721446909749236 0.1163546610923372
0.11569741440777759 -0.061818208224288705 0.12568088189953924
0.1098581718872559 -0.06014021117423624 0.12809079486540179
0.10148243216166768 -0.05222545739323704 0.10981410802533341
0.1380804676068611 -0.06262322140679029 0.13057022444227506
0.13121300862820215 -0.06424363832428069 0.13216201419369258
0.12441323035200014 -0.06432626557727728 0.13437444816985183
0.13315153901369045 -0.06559289900907607 0.14207980956852442
0.12775463896872993 -0.06633129573645352 0.14610271685484386
0.166851838 -0.0636320623 0.148473292
0.161245359412482 -0.06398100161851264 0.14893617983406401
0.169430921 -0.0648282314 0.159321088
0.1638060963793996 -0.06547992678395678 0.1594669639105643
0.172041148 -0.0679467841 0.169435925
0.16608422745358364 -0.06807248214786797 0.16927564090646
0.174361365 -0.0704904233 0.179181822
0.1681601071587519 -0.07071156020962308 0.17880740621250127
0.176683192 -0.0714499149 0.199198108
0.171073844 -0.0700585546 0.199826709
0.1529661320429785 -0.0616777732992309 0.138583476199726
0.15565231714396474 -0.06254121508719196 0.1495781043276921
0.164753946 -0.0690068102 0.200275977
0.16125191595022462 -0.07103823577434482 0.17864908232016177
0.16016782317878758 -0.0666423240953399 0.16956568311158582
0.15818621156952473 -0.06409878546188155 0.15976749650668026
0.14665709962261864 -0.06135467421777567 0.13979547211781412
0.1492446954799866 -0.062334581094502906 0.14990437136847262
0.15201223130261832 -0.06336538061859122 0.1601456085368019
0.15448998361952276 -0.06543658629600316 0.16990111730319957
0.15610939306235067 -0.06946907657106727 0.17905439248334243
0.159536295 -0.0689741338 0.200113179
0.151625583 -0.0735430997 0.198448262
0.14908635980644905 -0.07114272771769625 0.17873540198901144
0.144916495 -0.073017101 0.197850598
0.14196530130692928 -0.07102675323154078 0.17944028472692883
0.14706279523508944 -0.06896880577804658 0.16895047322145929
0.14018192697628964 -0.06937809421786888 0.17013528382054632
0.14487492893395781 -0.06700824953654949 0.15957541827407185
0.1380129218221672 -0.06767946649016358 0.1608843684899855
0.14276702352299642 -0.06555249026551208 0.15060929638889334
0.13584603011574703 -0.06622607123079191 0.15206012012816292
0.14046669247558005 -0.06447626126079731 0.14038957341613376
0.12941722774611708 -0.06666382324301866 0.15314026114573207
0.12096087365993148 -0.06408398025258971 0.14602155977489026
0.11824274969957288 -0.06339069195717331 0.13677297825343399
0.12314570400912442 -0.06599193450229333 0.15487982730523944
0.13149796233251446 -0.06790864763856877 0.1622183803673757
0.1333477525482922 -0.06850293542638215 0.17124314181832404
0.13494631029548843 -0.06980382235861343 0.17999877726311433
0.138174412 -0.0719364736 0.197123878
0.131001332 -0.0704272468 0.196260032
0.12873587422699187 -0.06831419954323004 0.18057971183458912
0.125701637 -0.0686121133 0.195996246
0.12316260555696332 -0.06745772462795847 0.1807961981828661
0.1269368887431494 -0.06748657041978007 0.1721601957589319
0.12503717620993302 -0.06681153615548958 0.1635544958464355
0.1212044168980456 -0.06647126550036413 0.17278176375659793
0.1194060195261697 -0.06542340829777371 0.16451964190589774
0.11759422883124801 -0.06386645018977688 0.1561611052028521
0.1154055894510041 -0.06181977285755156 0.1476831536879057
0.11283030828808827 -0.06152665142938966 0.13892477738932385
0.1113827277327119 -0.059603059600214184 0.1490851521018027
0.10874280724342746 -0.05931936962461226 0.14079864710111223
0.10802523405204242 -0.05782606994594012 0.15036343634575003
0.10498682759707469 -0.05768963090100877 0.14232459161355862
0.1012140891153522 -0.05742870604536081 0.13090322331246654
0.10502371503505722 -0.058558290954239305 0.12970226896310397
0.1132432044842164 -0.061546375598597866 0.15736697041391673
0.10936635681935182 -0.059908965286771816 0.1581593899717577
0.10062170536780449 -0.05646397352686761 0.1430031653851594
0.10404968513606429 -0.05628033401864135 0.1511386662480771
0.09880667875228753 -0.05512936593310173 0.15148818582896761
0.09595462162680388 -0.05539683398105514 0.14352620731415094
0.09898362553773483 -0.0537221740578192 0.12075119011096665
0.09453442611890966 -0.05232704871996949 0.12266215017747947
0.09179443183676994 -0.04968434853598687 0.11490280855529571
0.09705651669232035 -0.05069005248258268 0.11247239622773379
0.09797150367906664 -0.056568193132419155 0.13198336835283256
0.09362325059442134 -0.055532507389528286 0.13329362817999912
0.08977138897019488 -0.05158145925792503 0.12431905435118651
0.11038966995650684 -0.061582002200703444 0.1662173336753213
0.10612786759684663 -0.05999408359845565 0.16683278927853173
0.10570236315168127 -0.05828107902610859 0.1590134874765754
0.11459678393723895 -0.06351639887499387 0.16545324475989803
0.11618628476242068 -0.06495156120814599 0.1734833913064574
0.11163352714169267 -0.06300643800006499 0.174216055358003
0.08337600772328538 -0.050111628328491226 0.1270985186032785
0.07828497717344188 -0.0488456039473544 0.12832682806740112
0.07698901650851428 -0.04430734201015191 0.12310996898725962
0.08229232820568456 -0.04587820001089931 0.1216530385266111
0.10318208866089325 -0.05533967401905667 0.11859022728866338
0.08678164502253047 -0.04851047908542811 0.11721589062894128
0.120183102 -0.0664848697 0.19586377
0.11801201106882636 -0.06578843544536846 0.18135604553639426
0.114749897 -0.0643190173 0.19559565
0.11308782932253335 -0.0638598524474732 0.18193549097841044
0.110022221 -0.0620341181 0.195734139
0.1083724055453737 -0.061558786080911344 0.18240324453904097
0.10700866239197113 -0.06119372600512671 0.1747541916735008
0.10099581787675029 -0.05677756925048626 0.15955059977736438
0.10234294837891439 -0.057575894561615694 0.1676617738211226
0.10272585365290221 -0.05882939743378257 0.1751713278628938
0.10356646046052179 -0.05892650375294871 0.18264180084399095
0.10443555 -0.0605554789 0.196067324
0.0993276709 -0.0581123163 0.19633592
0.09871857191123348 -0.056038282204137646 0.18334333113331658
0.09797128864531295 -0.0549870872208472 0.17644235802079453
0.09804695579607217 -0.05275768684326265 0.16979918489321774
0.09417646339717249 -0.057819992486672 0.15910984102256548
0.0916492752494557 -0.05713123198707769 0.15075580600280353
0.08984862427785156 -0.056389553692480644 0.1596875300952978
0.08758867420489679 -0.05576978949803158 0.15135791353683511
0.08880537171628874 -0.05615360498647673 0.14303082773647469
0.08388261110472738 -0.054749537166229725 0.1437164599380817
0.08580977985037545 -0.05504589153377203 0.13527857126321527
0.08024618901145068 -0.05356879810611056 0.13474153844707373
0.07689895555648167 -0.05257117415204058 0.13661909066030098
0.07424167704441298 -0.05031457200680063 0.13879214953766186
0.07250854982467488 -0.04471261631559314 0.13080109827774306
0.07516966983032247 -0.04732909190424611 0.12934546901232888
0.07044300153194051 -0.03849163532933312 0.1253478990805416
0.07360331303472213 -0.041599110092162266 0.1238369783372189
0.06924546334074072 -0.038148845648675864 0.1293731261386912
0.0668404530088309 -0.03224603866339698 0.1288089334266154
0.06516765735269636 -0.031082620637052992 0.12441199359203928
0.06853883816493939 -0.035793079903759795 0.12480844899588502
0.0925934432234495 -0.05217273718955426 0.1694398506314555
0.09279771392795579 -0.05271971051978138 0.17649729644680562
0.09350650126180315 -0.05326128641797794 0.1834133245918866
0.0947766772 -0.0547878831 0.196203969
0.0905236704 -0.0531615128 0.195444183
0.08845290288441642 -0.051422634145829496 0.18351771733217065
0.08756949614817611 -0.0526278623436899 0.1760558091315666
0.08742272081737214 -0.05450954753102383 0.16859769171874528
0.08746519583681567 -0.055686256555883 0.1600052994330419
0.08482982861751737 -0.05464042201338897 0.1521133543739014
0.08218489590407446 -0.05307647183878231 0.14550372031842412
0.0859619064 -0.0519610187 0.195375512
0.08399430539303818 -0.050884450195709835 0.1840454007089148
0.08282681698368771 -0.0518508832563437 0.17720443496037327
0.06428259833654312 -0.03173398975618209 0.11335653036881817
0.06187986727424523 -0.030019089926559158 0.11447210466616135
0.06046954136560563 -0.02788479467019825 0.11628996770763965
0.05871191993325941 -0.02615032016095 0.11743954261369051
0.055933793750043585 -0.023650256351220093 0.11876390000355021
0.06916345807913447 -0.03612891570233988 0.11854578940394835
0.06627744343526647 -0.032421630667021015 0.12020123981594376
0.06332777758377707 -0.029614331335542757 0.12022496459227552
0.06272920336116461 -0.02807949999978088 0.1247798311791736
0.05985548940112631 -0.024374012582779447 0.1253575849357818
0.05849594729936489 -0.024276817214684037 0.12254804055195266
0.06114296369335518 -0.027032415333144506 0.12163345151199999
0.05389629205585459 -0.020387230231006654 0.12023837117750848
0.05171930289695128 -0.016910693025643655 0.12049638616192973
0.047722063047386104 -0.008993311046760188 0.12068850575456104
0.04660000380024654 -0.00635483335492975 0.12056268711161389
0.04611930063496845 -0.003176020887054409 0.1199417465014881
0.06425607121512639 -0.028201463807687507 0.12860249472433338
0.060859747841152285 -0.02402732471450646 0.12855174568532726
0.059140051077981606 -0.018344176165219002 0.12995750616384372
0.05785413714056272 -0.019779868659269437 0.1263394536150303
0.07109542242108002 -0.04442740671672583 0.1357299060791137
0.069110284570091 -0.03866860922374524 0.1342589172460063
0.06678665301949589 -0.03307612257850542 0.13282765365198204
0.06785074252687265 -0.041023321444986535 0.13660777117799525
0.06637357233934944 -0.03503851734414008 0.13510228175366795
0.06438189650411842 -0.028215312421529075 0.13168790919259887
0.06158325839595816 -0.023177353900956103 0.13208717857978344
0.05535783356587769 -0.02055214155591077 0.12371952594931428
0.07388407325062708 -0.04981142340738568 0.14227754088990424
0.07966222204765147 -0.05192887238838927 0.1475967024818528
0.05827632333568265 -0.01860169208027235 0.13352502392225554
0.061673358746554524 -0.023079943678403513 0.13541267159006082
0.06463535480661343 -0.028484699064217304 0.1347078857530593
0.08250554157564882 -0.05417294205204788 0.1534698737730701
0.07326397465527959 -0.0484597559517895 0.14525434986993607
0.07791343395195012 -0.05159535660867576 0.15026832415562022
0.08401642255619533 -0.053945890865426435 0.1678527283682132
0.0848240756290035 -0.05509848300588889 0.16071162365088104
0.08223956468745881 -0.054142575178366195 0.16216627294004804
0.08055048474603277 -0.05398447634594646 0.1558770158432708
0.0810757435530225 -0.05281902538714059 0.16705739683585413
0.08066885721840791 -0.05135058117610754 0.17314556101092654
0.07837697512341195 -0.05065710530567811 0.17066457612330016
0.08003002782532699 -0.052450103156194194 0.16339319350977588
0.07876464445986749 -0.05125056107753696 0.1668595105128993
0.07976858005995126 -0.05104950261980297 0.1855178976147663
0.0815885826 -0.0505494603 0.195182428
0.07563409093673477 -0.049953920977407314 0.1864030066506954
0.0775204927 -0.0485267803 0.194857688
0.07153170799529099 -0.04753550524461189 0.1870478750330096
0.073382097 -0.04651537 0.194718017
0.06800223743376782 -0.04339879020871335 0.18670683525273385
0.0699221669 -0.0435758596 0.194483856
0.06476084931150251 -0.038548742951778084 0.18661514426692058
0.067528456 -0.0395600195 0.194272039
0.0655906723 -0.0349975135 0.194450774
0.06186371172277573 -0.03458264852152419 0.18684009428328638
0.0627445468 -0.0309949019 0.19507788
0.059346075946900334 -0.030022298966989384 0.1881453118661675
0.0602512046 -0.025611262 0.19596005
0.056602100552717735 -0.025480314573226432 0.18904348438947724
0.0578146641 -0.0196778809 0.197073403
0.05457795079539217 -0.017886136441805475 0.18937731149289755
0.0565376641 -0.0120250111 0.19751805
0.05359208891741805 -0.01197317249812351 0.18937937464336982
0.0557471506 -0.00378053379 0.19762447
0.053873352782458986 -0.003977431505710564 0.188958488742844
0.0561339528 -1.298367E-9 0.197495554
0.05393909224264871 -5.544320351596181E-9 0.18909632473604984
0.07861208246639588 -0.05149186066224121 0.17902406887146824
0.07420990205605396 -0.04984725627410803 0.18100153428691534
0.0666643596166387 -0.0434724477914281 0.18254718179615187
0.0703534516668614 -0.0474485475518405 0.18208064319153006
0.06397561525470197 -0.03868410842075889 0.1818994396493497
0.06056831125589441 -0.031940119471256134 0.1827875972937584
0.057061935210393544 -0.02562926733168932 0.18458749885644501
0.05503059664496689 -0.02031468455031549 0.1848206670110589
0.053796165651851954 -0.01569706010561946 0.18415159051032085
0.05305038543555481 -0.010748567500334627 0.18375041346834287
0.05321892481432015 -0.004332497546822114 0.18319809811945867
0.053275514874058245 -5.9995328448555255E-9 0.1831964976281303
0.05390326246297124 -0.004211839303940043 0.18055036621908388
0.05409048428691777 -8.495695019444842E-9 0.18055097377727802
0.05410662703230169 -0.00919856186202909 0.18027787628227038
0.05488920641736176 -0.014323384263197248 0.1808522196103462
0.0561202625390227 -0.019618064347089768 0.18247446838608988
0.05793803682197372 -0.02550089581101048 0.18266448225886223
0.06080433025982223 -0.031978434931264475 0.1810120063093926
0.06363146675027384 -0.039227441567879 0.18021693563649893
0.06555683533586179 -0.04299570692262533 0.18053176427707468
0.06886210319787914 -0.04752188990719044 0.1801827638656024
0.07231306540567965 -0.049702287554716874 0.1788504959001889
0.07730282364335184 -0.05168091789048383 0.1758862432314976
0.07592947317044885 -0.051097950944685014 0.17318730455387707
0.061550065154666295 -0.023673933991844674 0.13832573052878308
0.05874907649460483 -0.020007520722510243 0.13962248617640904
0.058217535669474324 -0.019234734424286932 0.1368833608083675
0.06157147948405118 -0.02470041595906718 0.1411754044938298
0.06450916752053694 -0.028782786972420645 0.1376038272178672
0.06437857222790842 -0.029257692544082392 0.14045524116693384
0.05880275493133788 -0.021841522542970553 0.1423507043854784
0.06418899243689666 -0.02945935787720392 0.1421172360000814
0.06208860837940336 -0.02567143086337523 0.14365705753950037
0.06652722650667049 -0.03489026522420213 0.1378635154050562
0.06573776397963904 -0.03484188186543751 0.14057830761197032
0.06543346574092042 -0.034632320741879274 0.14190346319110908
0.06995060167999478 -0.04619246963369663 0.13889635019039623
0.06984548050801656 -0.04498311087313385 0.1417977688814784
0.06727651580652798 -0.039653661305402495 0.14152896928640088
0.06779948385718795 -0.040394710524148274 0.13921652031991652
0.06905137049732232 -0.04350055566229136 0.1440237441504305
0.07240772756789775 -0.04705470741684857 0.14791166759988486
0.07655023302917092 -0.0506865379349587 0.15345354337418962
0.07899814320201136 -0.0529431125786867 0.15847876389145807
0.07668290440568964 -0.05056081937249448 0.1690565391703392
0.07450873705914209 -0.050534728894443916 0.17114744951724897
0.054539403889579695 -0.003924857948642462 0.17791898554326954
0.05466451986642616 -3.023529988184413E-9 0.17803542549158152
0.0549628400377533 -0.003530145685971871 0.17479993793665857
0.05471289446703793 2.034954633870446E-9 0.17498939545535375
0.05427632407116842 -0.0032185059056891677 0.1719300940711754
0.054259764608326946 -3.453427348690136E-9 0.17209578408138118
0.053118980938046956 -0.0030458591035943307 0.17001691167045238
0.053238744372604056 -2.2177370449662426E-9 0.1700221320624127
0.046061198178682136 -0.0014107720344105723 0.1202363285106412
0.04592222546958855 4.48972864894512E-5 0.12105055654358694
0.04282387623557576 -0.005687031079930271 0.12492008160765564
0.04275026752389725 -0.003279963289946219 0.12450343581464772
0.04190611691400188 -0.0013659347165272454 0.1244442252230936
0.0413329100709559 4.0355194856761574E-5 0.12475399821066083
0.038636096728104946 -0.0047782236814564935 0.1282228081666721
0.03784628337372836 -0.0027821172808380214 0.12771330015696256
0.03729019540894706 -0.0010848535328805639 0.1275221556570566
0.0356535118371941 2.3896786643237037E-5 0.12758897146479933
0.031355240186755395 -9.029739657919503E-4 0.13035243567707774
0.030989885973489086 8.042850321888309E-6 0.13015221712825345
0.03208140485773093 -0.002501055852546687 0.13052416325307595
0.027836569212955964 -6.926922858540975E-4 0.13261214991745648
0.02755416470619643 3.5054097516510463E-6 0.13250640917353224
0.025603985968541524 -7.502811064005706E-4 0.1358778924498052
0.025322936427036938 1.0252887436466494E-6 0.1359341128720103
0.02643069516035047 -0.0023606613381349003 0.13576323457493386
0.02577346236474796 -0.002541439447066265 0.1387148371243405
0.024995516259449367 -9.135575274305843E-4 0.13907191649057452
0.02755202601284373 -0.004392431800952212 0.13563312349988976
0.028785786681890926 -0.006900403480105162 0.13575480429030745
0.027804451593980005 -0.006598055816235732 0.13791870706437118
0.026809023717215334 -0.004555441285874779 0.1383010417347983
0.050914930966378794 -0.015167500012874462 0.12408002774850785
0.04902642552523663 -0.014044036101005965 0.12379960751549875
0.049747273091302384 -0.012504469843055132 0.1208008890146671
0.051046384004743796 -0.014703250960966573 0.12081792208474774
0.054353373791173505 -0.01821682671111496 0.12412018068874911
0.05264456713850012 -0.01643469594318337 0.12428638960149069
0.032917038786226364 -0.0042925732916973955 0.1309285840951307
0.028669061371634733 -0.0023351065657575025 0.13269382257220477
0.029745060930211956 -0.004214159073881166 0.13298340485848004
0.02476774603699802 1.8543592003438776E-7 0.13935844465733752
0.031041130428920573 -0.006754055027572676 0.133814070236966
0.026273225555628735 -0.0010183696059318553 0.14271146869083018
0.026251190556528144 -3.3320998708310644E-7 0.1430430065017037
0.028048728481781266 -0.0010483646335157693 0.14549746841168376
0.028065222153103572 -2.7654904847382865E-7 0.14595389638783313
0.03014897698670409 -0.0011218696938505247 0.1479802603317787
0.030084907739483694 -2.0752981146450504E-7 0.148287970079581
0.032620632185126036 -0.0010595982128677646 0.15056109179748714
0.032228347818126495 -1.198060315321834E-7 0.15091469577669164
0.03477209217418094 -0.001303899651648419 0.15292109180675045
0.034492130371954546 -5.947831674926374E-8 0.1534003763482726
0.03771710533294644 -0.0018030152061879734 0.15578571692122228
0.03746160397543203 -1.9766252642532993E-8 0.1561970490576621
0.04200248456617648 -0.0028257000337687413 0.15960178011568582
0.04196791466863718 -6.554426566345417E-9 0.15972255120146245
0.044441070344496014 -0.002752342134431767 0.16161518957555085
0.04678746260552658 -0.0027438944625137575 0.1634983151151568
0.0469568814190904 -3.8918630067847856E-9 0.16361360558423965
0.044534145725209216 -3.48043967839181E-9 0.16169210305465168
0.048934312752665424 -0.00291378709804345 0.16590102004053262
0.051456066865510866 -0.003093870438888415 0.16816572692209175
0.05161665378200067 -3.2815980193270135E-9 0.16795408761864258
0.04929987900167703 -3.82658702457354E-9 0.16577469173021364
0.05499317428649266 -0.007773930542880882 0.1779526677174356
0.05551014376627773 -0.011571278231381252 0.1778511511277506
0.05768825899424197 -0.01735680672476061 0.17893221153115224
0.05836674683795307 -0.020986796184615908 0.17947963781700454
0.06015156162564126 -0.02119556704307351 0.178186179849687
0.06099925340895685 -0.025989981290316246 0.17835045968519753
0.059662608676402655 -0.025747060591619693 0.17949073423466377
0.06373803178739772 -0.02617353377380095 0.17623765277670744
0.0655202240081766 -0.0252846163649732 0.17347283137725092
0.06410948152535975 -0.029953585849852967 0.17289391018516292
0.0640037793301493 -0.031126616790923482 0.17565216209263176
0.06479009814825458 -0.035167417211940284 0.17477775762291753
0.06423910297002165 -0.03418542677667778 0.1718061795948488
0.06566050215860564 -0.03735209711097195 0.17018177750400473
0.06535013044907297 -0.03834652501781584 0.1733694308409235
0.05586053462473029 -0.006041602145531972 0.17450243588827075
0.05666688146036599 -0.008982819468778665 0.17389862721270297
0.05593488623741157 -0.008159743098568841 0.1711149260998593
0.05517103780151448 -0.005284844726956058 0.17148616484397552
0.054835363799836855 -0.007402458554217449 0.16861348766876966
0.053988011752615375 -0.0051115480792652416 0.16913651041170283
0.04479540007999977 -0.007326379054399596 0.15730086044666264
0.04271989567178552 -0.005018558242264905 0.15902575316779083
0.03868341859186342 -0.003900662197839594 0.15543335071674255
0.04056843380212945 -0.007086930569201269 0.1540482905641881
0.05313245823882349 -0.006633103793691943 0.16664877783469498
0.05228919958219883 -0.005223389940327461 0.16730242956692956
0.04987849792370391 -0.005148230106886427 0.16548235082620652
0.04522619994004982 -0.005012931574206072 0.16098596964881226
0.04773678252533993 -0.004886803263623102 0.16298671971733625
0.04734100974841135 -0.007324468421009931 0.15934493087577487
0.03556284653973694 -0.003031374654483618 0.15248840731106306
0.027508012352162537 -0.004490265504471601 0.1414365678554736
0.026667818866967737 -0.0022801903950649405 0.14221118982832961
0.02885939996171279 -0.007151777447372999 0.14085136365715775
0.02917051831290343 -0.004672299310111346 0.14433377042397585
0.028222597424386296 -0.0024283203533546995 0.1450776276532559
0.030528622109668967 -0.0025616556095898273 0.14781565485823617
0.03305218387003247 -0.0026475179692697247 0.15031884938374956
0.03152004914620996 -0.005150526000017671 0.14671433501550687
0.034243013402593024 -0.005782260956897643 0.1491433095080519
0.03716890932580314 -0.006565482675398064 0.15119478065506498
0.03068390258095279 -0.007427986851837468 0.1434153935743003
0.03434780367288667 -0.006279587977018695 0.13192895942393085
0.035523787008400386 -0.008701915621959285 0.13349041983284163
0.03319444780011728 -0.00942792322410131 0.13547001845526002
0.036207813775496867 -0.008044835094605062 0.14714404867354722
0.03340816016036376 -0.007741599141893433 0.14539497652786082
0.03066440700866548 -0.009927166922582767 0.13660866450748674
0.03689534130949738 -0.010986807557638147 0.134581836798328
0.03519630272140249 -0.011883442717788252 0.13669566587984608
0.033190127069604614 -0.012292034147666728 0.13751600614229922
0.03852751873522852 -0.012578234213714122 0.13412558874593394
0.03766394150940883 -0.013727514519280488 0.1362485020773794
0.041212845527318034 -0.014006140394779544 0.13177188313659047
0.04067005001509385 -0.015817902304824 0.13287664656505568
0.038005098317815324 -0.014227052644801477 0.13709259084042677
0.044484359983066706 -0.016380457022189675 0.12725779941307216
0.043846759882834124 -0.0172143134702229 0.1284750661733651
0.029850061795078427 -0.01001374286756565 0.13792490355446746
0.031109454436436503 -0.010715917910380873 0.14056840316541144
0.03290970637616538 -0.01272209729458944 0.13842855918842134
0.0396157905566452 -0.008362373684835127 0.14888972943194873
0.04311830545952535 -0.008556588371962721 0.15179305645384
0.0476134120641071 -0.00885301080556214 0.1552423216469569
0.05051202031745935 -0.008955833216290471 0.15811977191119608
0.04648311370486361 -0.009924373886245818 0.14958529279670624
0.04306406139188198 -0.009762561257992866 0.14663567839485175
0.04583750746238226 -0.015778530673313734 0.1249638212661686
0.04786048901420482 -0.012874983923395415 0.1233096057156534
0.04779321706735486 -0.016950403642577553 0.12542550323985666
0.050760373958650205 -0.017142964892389787 0.1261181585664612
0.04618464797530592 -0.017571461846330936 0.1267296141140309
0.05564305389690026 -0.016379716057285536 0.12699407190510825
0.05754555165795943 -0.01533040957137581 0.12931817921128796
0.047118768050170796 -0.018291425075559798 0.12769295786810975
0.05242743504578309 -0.016818970866909536 0.12968809791270278
0.045192129450726405 -0.01743385147516516 0.13014175002992123
0.041425792418691786 -0.01624461484108891 0.133770350878437
0.03799067807192627 -0.01537570775527838 0.13783473793779935
0.034016786756157616 -0.013136291219378517 0.13977177279904107
0.03324410643412949 -0.010769237159235874 0.1427155834530503
0.035962306747872305 -0.01315765928604374 0.14095940322447628
0.036142842022206384 -0.011270782226097035 0.1438910732682784
0.039564401205108624 -0.010160010498427897 0.14495359405795827
0.050545267159815555 -0.010477628872648902 0.15354745973986386
0.03955729795271199 -0.013069690088320724 0.1416227966510638
0.04365568144884852 -0.011455707607895393 0.14168703102896127
0.046886222758446894 -0.011987908935538232 0.14394937228819876
0.05222191234151178 -0.011782482882756386 0.14893355814280673
0.05549928076153659 -0.012068962326977887 0.15247021288930365
0.03915908776099737 -0.015459400841190423 0.13810858225880546
0.043058665455637156 -0.014327218292450669 0.13831828136310645
0.04756284847998094 -0.01313326128598984 0.13896800158245648
0.050646961347427584 -0.01375759487833158 0.1421635158267031
0.0552153271534048 -0.0142740536085147 0.14106596752845219
0.05188553403015878 -0.014349918122919103 0.13766896586023752
0.04647376237511205 -0.015326671521479101 0.13561616010971
0.04368473011844427 -0.015715700236667667 0.13462134877660611
0.04779237795066305 -0.017011073091305503 0.13215147840159486
0.05145295778706706 -0.015684886429675176 0.1339847450695049
0.056547465864958936 -0.014046607165184018 0.13636353936656864
0.055646068105818375 -0.015002214317536455 0.13109940820407534
0.05749993854376359 -0.01459299175149429 0.13246544017549108
0.054741894798527396 -0.012185840085472788 0.14888571493458885
0.057210124416048995 -0.01433921127787929 0.1450652788842537
0.05736806469676904 -0.014886448192860424 0.1392642980964736
0.06685004957754383 -0.039280984116339276 0.14272345450448537
0.06688886149006854 -0.03867598415829276 0.1443738427392317
0.065609171249045 -0.03422662906464494 0.1438106446851127
0.0644966814621242 -0.029601643513993213 0.14438039684498732
0.06874234503534153 -0.0428252096211975 0.1453177312366274
0.06337433457006238 -0.026295554244529076 0.14583144238459356
0.06914992192415627 -0.04229445205798512 0.1470329672786611
0.07202564221181398 -0.04609673583388013 0.1494002361588443
0.07283532034367475 -0.046050410066012175 0.15190899182534115
0.057058373805272636 -0.01745318416359956 0.1417030003011008
0.057602899055932515 -0.01940459594954594 0.14432475187244848
0.06054314616466769 -0.02353843276333879 0.14502683520050427
0.05972386077465164 -0.021152944211544858 0.14673286185733336
0.06248284824371793 -0.024360530297337875 0.14701998887167061
0.061913208774234764 -0.022249639922506042 0.14844375498676055
0.06616248190040523 -0.030221586901314823 0.14869572846273998
0.06616272195824656 -0.026647700677795278 0.14978310979665657
0.06711659405108021 -0.03415160054020647 0.14804768567190438
0.06902816183949216 -0.03838472792537614 0.14877685312179528
0.07303062609274397 -0.0428135208131424 0.1522756977575397
0.07449879737543984 -0.04515017138593747 0.1580950062878336
0.06626379166047362 -0.024366761500167797 0.15036694089794306
0.06661553007333407 -0.022295347003401553 0.1509700822230268
0.058701180320032194 -0.01536017958732223 0.14767892034029806
0.05975234162736592 -0.018629966845661896 0.14871747826226947
0.05905263450281214 -0.013459682561998955 0.15066864749691575
0.060400713327574324 -0.016652217377620012 0.15230494246729753
0.06154125621050184 -0.020279615098231965 0.15035321799497234
0.06715425564491323 -0.020199757157079317 0.15186047694012791
0.062076252697836114 -0.018479113044773645 0.15287181829430196
0.06760427290066527 -0.018273930149964507 0.15305958820644158
0.06777275595257512 -0.016678740385723586 0.1545413356950945
0.06434494783278204 -0.01648242657857222 0.1551123328975339
0.06175852235172375 -0.014856227920324606 0.15528984784409788
0.06787291015644469 -0.014506290344099124 0.1572925362927601
0.06558386770254501 -0.015490333584863068 0.15633073396038852
0.06357930474826876 -0.014208785746064672 0.15843911057540983
0.06595804520440797 -0.013366994356793246 0.16167070409705095
0.06021814646093422 -0.01345638330809232 0.15470296346596313
0.061818221810923196 -0.01250178049546227 0.15887122834166037
0.0634058857855042 -0.01205144747233426 0.16249452243915316
0.06662804832410882 -0.012981775233600362 0.16273411022711654
0.06392408975866481 -0.011388226025292342 0.1644129266711242
0.06671093578524492 -0.01309818953662306 0.16377900807470905
0.06395828099490818 -0.011498059880495808 0.16537182358059763
0.06671198988336623 -0.01342849063151852 0.16468997652127745
0.06400767812945872 -0.011905913650598074 0.16624284155233165
0.06665877794161143 -0.013916809473517202 0.16553279594324177
0.0640156129468138 -0.01248978017377915 0.16713090996593835
0.06651532042626324 -0.014552052209840797 0.16635521153823146
0.06393330446714948 -0.013205551280955416 0.16818247965314703
0.06651383034208573 -0.015870019030270077 0.16811673532702906
0.06380949094658729 -0.01485919270793652 0.1706622506178685
0.06682010334736556 -0.01814954753072862 0.17039042517205963
0.0642217499020726 -0.017917135279852493 0.1736263202438109
0.06666949314961694 -0.021344040313455808 0.17260243765545058
0.06404756422107505 -0.021653798944887212 0.1759410161863248
0.060629588033308326 -0.011939876826349642 0.17049100403493817
0.05990991827367187 -0.010268709373184134 0.16896343383697296
0.059821345037192684 -0.00928406703164601 0.16757151852405303
0.05989772906261107 -0.009005728215331932 0.16616850690916668
0.06169957642357724 -0.014378815494999623 0.1729615451400296
0.05677654134015413 -0.008305719745026323 0.1683840122405982
0.05634337086098725 -0.007953820505032074 0.16650949153387432
0.057267816881890685 -0.009275428094711342 0.17022033901348477
0.05830866978705277 -0.010977205205619366 0.17223125477010928
0.05931032612238661 -0.01390155632053446 0.17473818703005692
0.057025080107474854 -0.012227972501566252 0.17625645338308157
0.059995766892716205 -0.009242065250929403 0.16458493530746127
0.055800390242459724 -0.008016292940000223 0.16448111688856132
0.051590322264061766 -0.0068318108296278 0.16399377210567642
0.05331027506484998 -0.008468447828603334 0.16141141897334774
0.049840133070456705 -0.0067449305398487374 0.16191840125211607
0.05835279007597722 -0.010229169563632559 0.16195878886000017
0.05583169730015905 -0.010763883754560326 0.15808933784710344
0.062219006184141286 -0.017652406460122876 0.17547445466486086
0.05984237342259256 -0.017257877923879908 0.17686314043278434
0.062334304344935934 -0.02164169693240024 0.17715029101504046
0.06258792011946714 -0.026317354920047525 0.17732515677814534
0.05740452647960655 -0.02116867556508165 0.18123818809107206
0.059006829612915646 -0.025648974062578194 0.1810247678921614
0.06134961372601343 -0.03191309108036589 0.17979851460088728
0.06171553920178467 -0.031543687596090254 0.1788804687282353
0.06257804171655068 -0.031291696545319936 0.17792357078950827
0.06338807243944708 -0.03141757735053696 0.1768265890572094
0.06397416337142 -0.0357214769183367 0.1759934049163554
0.06314527003214832 -0.03599226683097216 0.17726398234729232
0.06289417983359721 -0.036370217630485695 0.17826532401128156
0.06497653437825614 -0.03918191388343892 0.17478580303279748
0.06455980157021392 -0.039761877995658695 0.1764454215542061
0.0629092788417092 -0.03730566727196118 0.17911815433402653
0.064507321673005 -0.040359034439553555 0.17722233761942324
0.06453966725219515 -0.04152218889308781 0.17800275459582598
0.06779109575198382 -0.040932417933159555 0.16908638758799752
0.06683550150969549 -0.04210553647383016 0.17177741048144685
0.06727230009579643 -0.04626797310886826 0.17799418143164866
0.06660778402127096 -0.044939462400233526 0.17658114949351042
0.066589788547346 -0.04332435027686678 0.1752994344560103
0.06652086365669635 -0.042879507380072464 0.1736515665467725
0.07015724396944835 -0.04489255115528525 0.16831359726008524
0.0693924115657283 -0.0460040624184515 0.17035314425769713
0.06897517051410232 -0.04654303419582532 0.17190168752429355
0.06877337363900217 -0.04699719764851604 0.173354158108627
0.06920173783284357 -0.04798382489610105 0.17513718035290776
0.07057526435213608 -0.04919520882204603 0.1770116697538852
0.07294765066045242 -0.04914704964777175 0.16926973903630818
0.07214880525033066 -0.04667768131833429 0.16666985368657938
0.07223265955047048 -0.04777568020665311 0.16831989756328722
0.0746632921964666 -0.04979841347075128 0.16812394339389122
0.07362940148823217 -0.048369501124098144 0.1673432693698032
0.07311455985920018 -0.04689770546212068 0.1656230707726964
0.07405310865382805 -0.046886991328992024 0.16448722319578568
0.07506039652999928 -0.0487421491420045 0.16630745893739632
0.0763500018962411 -0.05014200815154115 0.16685451278913424
0.07818625085884338 -0.050664359982566055 0.16424849169409816
0.07644697732841746 -0.049079442589398274 0.1644636807077203
0.0749062714434165 -0.04710909375513193 0.16332809877657978
0.07766295061573696 -0.05072857951160849 0.16084741917286657
0.07645597209330095 -0.04897744336565358 0.16212738831322154
0.0756988880475331 -0.04939729362351464 0.1562982075961901
0.07481286289676575 -0.04839851159733129 0.15830832573613088
0.07509557047081196 -0.046323403788712726 0.16188860269992078
0.04903065021280421 0.0033590584935981552 0.0874507704997297
0.05072530714307052 0.007307610572602313 0.09041024981247583
0.051761356432698497 0.008482525269628704 0.09143203753122246
0.0536081996114286 0.009718038622100177 0.09284173381914557
0.056454823228207406 0.010679992320233945 0.09424986470243947
0.04969315618413247 0.015352560632360228 0.09894570107354483
0.04842475121275123 0.013946903017618075 0.09906620646789432
0.0470741374209309 0.012586213118546337 0.09910914174230612
0.04429061665939053 0.01094014070117201 0.09894522297147398
0.04268958208933199 0.009752424669203435 0.09843661200466017
0.041311887934537335 0.008199079894521151 0.09809480941357943
0.04029379150358751 0.006419635607612515 0.0980667430559511
0.04325702355253329 0.0037448749230129005 0.08445877864786618
0.04573860999610046 0.0094205634444753 0.08659358252409137
0.04682615650678497 0.010751147554191088 0.08832182796282433
0.04870590188282407 0.012053612844679184 0.09062515331134224
0.05028659475261653 0.013836215550632604 0.09247551765156586
0.048425231177191545 0.019243034618264276 0.0953221747866193
0.04735187415926631 0.01797718602095186 0.09595666394470244
0.045525322515213545 0.01603790149531693 0.09598676767897855
0.04330801857913715 0.014981464678640581 0.09620866260809569
0.040147135286909275 0.01216142670788647 0.09704154230937358
0.038774563850707294 0.010720000522013405 0.09731650495302055
0.03732929799443716 0.008702350642152896 0.09850097041853056
0.03664776859143261 0.006889656399136277 0.09940446777137953
0.03473942560812149 0.00261668099778839 0.09820891957461585
0.03423396818457086 0.001168885289637478 0.0979199939067359
0.06918437457639438 0.04701680054019902 0.11172028680534475
0.06236714889988497 0.04017853928364323 0.10548373194136516
0.05690859325564662 0.034842205323386534 0.1151571063408428
0.052019085730144646 0.023238169608457992 0.09878449940990576
0.03355137826926803 0.007414123536069845 0.10043475187334953
0.03457790549722278 0.00921850199635118 0.09997162925358248
0.0372399168584926 0.01265954706347202 0.0975723669768504
0.05343788840533725 0.02457457587686824 0.0906950945231798
0.0741005511 0.0184239307 0.0644662637
0.0849240621 0.0478519175 0.134109921
0.0887947081 0.0500029828 0.146642796
0.0594782808 0.0242664428 0.186620047
0.0645405845 0.0334433485 0.188956875
0.1067699 0.0128589002 0.0552951285
0.0745415519 0.0186604745 0.0727823945
0.0694031338 0.0140411948 0.0661446181
0.104002745 0.0178321839 0.0611064798
0.053364028782979966 0.010987971700410677 0.11328088269288761
0.05039209219192733 0.003542989646489109 0.11012439146351718
0.0639535387 0.0122507381 0.15620666
0.0586074088 0.0053882582 0.176987801
0.0590875412 0.0125653747 0.17865928
0.0602299124 0.0170461831 0.181788289
0.0576221678 0.00388490091 0.180056104
0.0580581357 0.0119428264 0.180051381
0.0710016782 0.0470840362 0.178159332
0.082370543 0.0497892629 0.165739849
0.0790806768 0.0495420113 0.157027011
0.0739376245 0.0386356851 0.13628885
0.07752067400115926 0.05676464931812834 0.13528071064793912
0.08107277276952891 0.056725873907445705 0.14202618884657414
0.054554178816117224 0.026928392147437974 0.1826133362896079
0.059158090043507805 0.03601114971338206 0.1849764816789092
0.0781148084 0.0480980113 0.165274507
0.0706800095 0.046877862 0.176708003
0.0595459505 0.00752354932 0.173554042
0.10617632758104367 0.04759818095999608 0.06272537658226708
0.07472408135165871 0.03539950259704499 0.07501103657696503
0.09742904334445729 0.015741320634988933 0.04052169628746358
0.06274691755493922 0.030889055878600837 0.08277959033493654
0.06359132603213206 0.023708087598564912 0.06866681738965681
0.060841241187627286 0.020745319928785536 0.0642834805122195
0.059545351769898426 0.016187248743485042 0.06125860091391353
0.096106628986147 0.02104391902857175 0.04511102822269057
0.06825902463125717 0.0502566281012087 0.12876658539367059
0.044571368094256415 0.016843207993468307 0.11491796178692018
0.042937709789448046 0.0150952608940316 0.11072498838658335
0.05046168867753414 0.02685827239893503 0.09981183662000026
0.039439426057643175 0.005017764648703143 0.11255932822484335
0.03574745309065455 0.014985531651486994 0.1358742175375207
0.028299657039185144 0.008656160178101887 0.1423903340763092
0.03967307875549733 0.017569405746821587 0.13235440466975976
0.04291346909231416 0.018405879149676372 0.12882133950868763
0.04495722489660321 0.018982245988651038 0.1266617872585698
0.04788624276906381 0.017798597817536538 0.12225043293886143
0.03708672238801628 0.0148020176184116 0.14128190107994149
0.03724309552478788 0.012132467959577443 0.1446618462946469
0.044116886669728905 0.017316436089376615 0.13501413258945577
0.05504249040333179 0.013837868195282174 0.15114483587288222
0.052532835634996514 0.006899947711036981 0.172426110901893
0.05450202088043769 0.012243963262206888 0.17416804408609343
0.05505579857028667 0.017711675882794445 0.17642559633283086
0.05074546607470971 0.00420212746044776 0.1760116055926045
0.05259853065177639 0.011435019721792478 0.17595024828725508
0.06869377190827719 0.04937998917377018 0.17092905878379322
0.06294887718228448 0.04285059882203594 0.17472697854915095
0.06658736369545938 0.04828296000956768 0.17454203867707807
0.07807820807910393 0.05423617740086851 0.16117561890932616
0.07328246976798349 0.05192714807349427 0.14897485607153382
0.0675631443576981 0.04900847973094778 0.134360296036736
0.0743012995647257 0.049508233935922186 0.16276505095609528
0.06832906293146077 0.04775516470031343 0.16915991189542987
0.052210076078703635 0.008804345136305574 0.16927506442320672
0.053676186315550475 0.01916572941881139 0.09345315870563267
0.06607480179302003 0.022095801316364242 0.057519505907183
0.05076953912920375 0.0020523609719558912 0.08678764638239629
0.05202747950834787 0.004686062905865496 0.08731220793470065
0.0529476874982011 0.007762166322642912 0.08972562113801227
0.055562130368405405 0.010168896697762622 0.09210710173905581
0.046939926056498965 0.013252306445347672 0.09961719301931923
0.04382597408844145 0.010107186232759526 0.09960038113201682
0.04184998614636661 0.00844605377109303 0.0991773508793388
0.04009003010073958 0.0038015012575909083 0.0990900353898669
0.046282744376708033 0.0018374333572267344 0.08335000334923999
0.046813280214318895 0.0052010008682968675 0.08331602437995786
0.04826633695982541 0.009627013011568545 0.0855704452819941
0.049855209640099894 0.01311900450584219 0.08906175367945632
0.04343864055922541 0.01591504441458869 0.09706028784113026
0.039247084529962284 0.011585368497365932 0.09857618560408274
0.03770611203144596 0.009264803169895785 0.099908489575568
0.03601539856190127 0.005074772289260747 0.10093055512812768
0.03524627101602213 0.0029068294987492924 0.09951737208905337
0.06728644048964645 0.04328306359542414 0.10429510997752034
0.057268494784252756 0.03444294628010434 0.10821863253641574
0.03531195999330348 0.009687981551061393 0.10153570261245859
0.036198971129796254 0.011846895909500757 0.10017262687359876
0.04048468764508861 0.015087692415569348 0.09722930538372417
0.0717862952 0.0161762987 0.0650768494
0.0595202965 0.0245136202 0.19028767
0.07435769393224166 0.021725847076850567 0.08493180045048593
0.0696906062 0.0142639172 0.0706563829
0.066759079 0.0108081132 0.0650343949
0.0523131244740648 0.00851204467868256 0.11254578043326839
0.0646187805 0.0112697441 0.160742806
0.0569508905 0.00966170294 0.182186846
0.0575001169 0.0145189197 0.182842843
0.0658821733 0.0374124275 0.183536897
0.0751259524 0.0435479211 0.140379663
0.054108581846487466 0.02621559731714944 0.18774257132318628
0.060334758 0.0315837557 0.194444804
0.078212998 0.0477528048 0.165022286
0.070606341 0.0466063688 0.175701344
0.0601971757 0.0104950811 0.175691855
0.08025057097664326 0.03807051152200585 0.07363437565209875
0.10101048008585137 0.04653867111004759 0.06472909945874268
0.06216335900769891 0.023131177419731575 0.07471555876778374
0.059695784546626086 0.01960944604182974 0.06758303860238099
0.05755997133318779 0.016520260370802047 0.0637820680850878
0.05634984477172529 0.013473636338073957 0.06060521082571005
0.09640953683941293 0.02722047614506215 0.05064193906819134
0.059680307048165813 0.03888343395842939 0.12576676385016447
0.07231066483444522 0.0533177868089358 0.13812094755443155
0.041166596039354214 0.011181672019380477 0.11154621453141772
0.049075129726547505 0.021307112095244413 0.1174062656074874
0.05439298327359253 0.031216049173001584 0.11035221920843837
0.0432942619506541 0.014024275782231909 0.12012208661793557
0.025522276603384932 0.00761165149652086 0.13642131409792815
0.026538926085200153 0.008175584822669413 0.1394521966570189
0.033670496311935236 0.012801188514864817 0.14329506482314575
0.0515660142818546 0.01718344218150652 0.13927973342253194
0.055178712651303405 0.013157251293529229 0.15399930699710984
0.05123657573600696 0.009044070915203574 0.1783766348068577
0.05199785251375069 0.0142561605829539 0.17905529381276838
0.061556058781429716 0.0410527125968878 0.17712861319565493
0.0681379652015309 0.04996106529268213 0.17736476672994955
0.08013151698309728 0.05617310183728858 0.1602708788500513
0.05457080889853028 0.030020892988782695 0.09494119758665531
0.0720502719795612 0.04676172536839667 0.16086967582367154
0.06843245997730825 0.04634108398048555 0.16790619172508878
0.05653874607406311 0.011502455342555678 0.1695720159014651
0.054542541520314576 0.019498548823782602 0.09263116484841728
0.0628089876696376 0.018376026031542647 0.06012739393908431
0.04803202893056311 0.0020508602472727347 0.08818104728866145
0.049523198468613264 0.004542605674518889 0.08825473655968095
0.03943134595215708 0.003791404097551074 0.0975821905680139
0.04333622354555252 0.0019171313222869533 0.08492873006312335
0.043769692812309496 0.005422310380143389 0.08438517529118796
0.03557653383289337 0.0046744672966447355 0.09944679274274712
0.06375220712172389 0.04439795212301001 0.12689609026356755
0.07343267278822473 0.05405894079031475 0.12656864029705014
0.048009331273968545 0.025833986064450615 0.10143140975379626
0.03317780082178527 0.006010585297808802 0.10221859281788574
0.056849427460456674 0.02197792841546412 0.09009731209204393
0.06593548333333714 0.018480341560962198 0.09830640307527053
0.0703931539 0.0146187569 0.0628757668
0.0575369432 0.0194337104 0.186387783
0.0670891925 0.0109951905 0.0622113341
0.0928560686 0.0167800894 0.0620468007
0.0624985659 0.0157272406 0.134938803
0.0579071098 0.00303360293 0.177179116
0.0590427217 0.00889711603 0.176313487
0.0569080259 0.00444335525 0.182517194
0.0681738502 0.0430073683 0.180537085
0.0653246639 0.0358345825 0.182618237
0.081330212 0.0475154248 0.169132993
0.081340983 0.0512202873 0.160548291
0.052305918746661226 0.02126957878461587 0.18326203706403768
0.0835906298 0.0422661237 0.129397878
0.0789383134 0.0480271355 0.163366623
0.075149243 0.0482306925 0.172729275
0.11094043498356834 0.04747984564597528 0.060828146159276585
0.08959012974125659 0.05412908571147385 0.09504701025697868
0.09228678719200334 0.01504177869244642 0.04087856969641581
0.05933648377499147 0.012544033862060528 0.05709407234129281
0.08576344631789919 0.019854560991968747 0.04597171093935558
0.05196742009447859 0.0273553640772737 0.1187971288146711
0.03965446090395336 0.003519564294956281 0.11778712592092486
0.02620685728703316 0.0073919309331862025 0.13408635570296015
0.030951623631025757 0.009217416919404236 0.1447716302091382
0.05339489351483122 0.022491983738960775 0.13239307975202605
0.04430117966522887 0.013953924518605667 0.14313658904583568
0.05143044468921937 0.012804573627383051 0.14961495180662754
0.05135270531129467 0.004237610532287152 0.17271830596032633
0.05382753142380141 0.009284448679948938 0.1718720147399799
0.050499264207504974 0.004159865951052223 0.17862763780497964
0.06562638362673279 0.04623829303985944 0.1727434147246397
0.06047263508228941 0.03894244331701802 0.17596904666145663
0.07655693077387761 0.05336156922397776 0.16521567170495738
0.07661647755508041 0.054090618860674414 0.15514705436231682
0.07381610739808588 0.04958444507603963 0.16003383466796134
0.07165850735147933 0.04961668746327227 0.1671080600187895
0.06248774674989617 0.015536876502428708 0.05743200882748878
0.03842578083004973 0.00435017848252783 0.08195294358459707
0.04245641738308068 0.011495088670095403 0.0841962499185584
0.04354493366453729 0.013396354962057403 0.08683435763125168
0.045727706495622064 0.014951790810151034 0.08993527039860516
0.04795226448825078 0.01595980018891194 0.09240985896515286
0.04749731271315455 0.01900136140377504 0.09415031238660732
0.04652931572853931 0.017300595045567302 0.09406974307361832
0.04326226380396375 0.016975892374110586 0.09439828828669719
0.03971747449071644 0.01421572397450422 0.09594642989215792
0.03574319652653969 0.011014512076746039 0.09902136859049022
0.03133447601775822 0.003167682047102939 0.09966749375940001
0.030731859937747682 0.0013930478127766393 0.09937713650930494
0.061854622988795856 0.041301140006292335 0.10552244155785266
0.0564818362946229 0.034984884469777544 0.11503999822653746
0.048752935889550625 0.02447247199843564 0.09526541405326898
0.05177441179211327 0.026401859858113046 0.08871172732730327
0.07586359790152354 0.05915137957146626 0.13408310462637735
0.07951477794783127 0.060664361898314346 0.1414554982592026
0.05338160397585811 0.027754817931538563 0.18275764734799266
0.05804387327211027 0.037204187003466206 0.18534378365245932
0.10576332018572229 0.049806845350259144 0.06170198027848703
0.0729507972732626 0.03647624800596501 0.07331091763064138
0.09521401448555498 0.01641895629637654 0.03720219653242268
0.06215002292397704 0.0312896827652313 0.08165788039754794
0.06244503636220794 0.024548585649844388 0.068268656643351
0.061107985576316276 0.022065312537770287 0.06373804292076665
0.057628682912967695 0.017579535648288187 0.060143649495963354
0.09425695852428702 0.02385161198537945 0.04022082653187047
0.06775370357242468 0.05126481274976051 0.1285096406157276
0.04363841312238426 0.016562173045021084 0.1143273983021699
0.04150765173502447 0.014939977647408375 0.1099920771370167
0.04910861252194588 0.02668663258708533 0.09864010019514229
0.03672970261449374 0.005080459742057092 0.11414433556416458
0.033599023497274984 0.016364716227483648 0.13512042409537456
0.02626114287302125 0.009551300040972438 0.14264142660486967
0.038340396453684 0.018617084321511858 0.13222123317343848
0.042236237524806965 0.01970583844911763 0.1285286341307381
0.04466749983215121 0.01980994788738627 0.12602350964815554
0.04742115471507983 0.018261552395720852 0.12143674927646943
0.035759153311476284 0.016083409693922038 0.14137006940290223
0.03633458698652863 0.012880350333975023 0.14491045961693816
0.043555972373248715 0.018717707836928135 0.1357057517734925
0.052717489886841745 0.015108900910107128 0.14994429012450694
0.05091710657265382 0.0072381062774535855 0.17268411875817316
0.05347600756261848 0.012670007039652856 0.17450998263519293
0.054050456554019174 0.01823616820060772 0.17668043588026952
0.049338840828043434 0.004496187412894344 0.17616311310185273
0.05146435596206098 0.011870538126291899 0.17620524424329959
0.06786142197051341 0.050717934460019945 0.17080683638402955
0.06162559298740176 0.04541735991737007 0.17459839010934605
0.06533118181359625 0.04855848711703396 0.17462732527709462
0.07725583350469568 0.05503277338571406 0.16105895291896577
0.07239904945331369 0.05255679970371025 0.14900472072926552
0.06688174656498269 0.05028122449964369 0.1335287012565902
0.07344287215834135 0.05048130725033893 0.1626614283149936
0.06757826143705598 0.048986022389197734 0.16905211953644844
0.050830314487384225 0.00920451199890322 0.1693930782924448
0.05068813554364677 0.02034133837004933 0.09270049481920678
0.06467763536965854 0.023001922516586858 0.05646004505892448
0.04141873660386819 0.002177405009379226 0.08013450247626322
0.042940665919049485 0.0060232716035975515 0.08001628876894451
0.044795228294104594 0.011552791594186256 0.08269707933574033
0.046954719239919014 0.01573231818731867 0.08843207919740172
0.03172468509701747 0.0034229015329515985 0.10106836728818393
0.06684235976591986 0.0442266804465453 0.10386763684157113
0.05639450642334449 0.034774090950745976 0.10832443907114304
0.0529107363719863 0.027036052926114662 0.18800165612518266
0.0592383492 0.0325187781 0.195027259
0.07783697855096536 0.039453937414710566 0.07166684957830158
0.09998101043592034 0.049172846790184285 0.06298375002879812
0.06036833598072301 0.023756605801863926 0.07386730649336509
0.05918602063685385 0.020546521209717353 0.06746235393144141
0.056366665849559044 0.01753942402812257 0.06317274011830226
0.05393978216339752 0.014268205381380978 0.05917027183272068
0.09428619527829735 0.029695197425491007 0.04605204790946898
0.05898231378837125 0.03931482593689548 0.12510642333881644
0.07177011583414128 0.05505761151680625 0.13758966681811607
0.03972992661744373 0.011555322281862375 0.11138973427968256
0.047712317915074895 0.021227371451122412 0.11646773861905499
0.053184160318017724 0.03148359493671596 0.10989193981594503
0.042992475784872364 0.014295741696383563 0.11922279847964283
0.022669391064659247 0.00850350418778617 0.13656293572612954
0.02390987492851709 0.008989993505724924 0.13962454859660764
0.032462520594458 0.013390130913588694 0.14360848238920926
0.05012947965769349 0.018617533126459578 0.139326103047471
0.05338006760543937 0.013427715595967643 0.15341585750808004
0.049908289552612804 0.009439540927960772 0.1785483987183332
0.0508024811706739 0.014756291119546024 0.17925910892862204
0.06026540784305998 0.04122196416000709 0.17715950236302885
0.06667074572171094 0.0499615023660847 0.1769568518940945
0.07907669190210256 0.05710159777744977 0.15994514813224148
0.054097715487302335 0.030357948412460495 0.09352305245480916
0.07172734686268882 0.04781694836589746 0.1610757330501949
0.06755216333858438 0.04761609369068247 0.16777544145595538
0.05546557753002749 0.011904569690547956 0.1698419681232392
0.05233741695852132 0.01991878221196904 0.09166930522061173
0.061290362675760185 0.020272531656913513 0.05845243443241676
0.03736522604057322 0.0023194645603174403 0.08179282126845565
0.03956693773649008 0.006289125303444226 0.08143216809816141
0.03248878008092762 0.005216996815836053 0.10029762248089387
0.06340603067104875 0.0453182872570108 0.12621653642589012
0.073049241615246 0.055644178774744535 0.12642943435831194
0.04719178327771809 0.026116446277263238 0.10097893912136609
0.05444190294953853 0.02308230228881204 0.08823649532757408
0.05107363989751898 0.021925870307961108 0.1834663420675626
0.11065135900459003 0.04971553493815404 0.05957418223074796
0.08888364421778107 0.05600167578502407 0.09429756262126975
0.0911280208597607 0.0166171655397689 0.03711212250467735
0.056774743771650434 0.013770680098962056 0.05471888592805792
0.0838340960457123 0.02281090388237397 0.04080941803986434
0.05121497468831027 0.027335145665952312 0.11777075344665319
0.03673968659344692 0.003269776469916803 0.11843506274672998
0.022983625250646365 0.008438396092616726 0.13341041926666627
0.029463788859187816 0.010134692851728157 0.14524518518310398
0.05321682435264568 0.022812868164197298 0.1325745427130822
0.04357084340169729 0.014847409588048147 0.14318600915558627
0.048951476733331334 0.014559016467968523 0.1486531835746373
0.04962846399846252 0.004542257477807921 0.17286840707171358
0.052611039450801686 0.00972865660170784 0.17216700071349597
0.048988365533185155 0.004441872431677962 0.17888207103854412
0.0645611850748249 0.04708559492003672 0.17289548674052888
0.05932652434757318 0.03998739515057391 0.175808894911432
0.07580096731125945 0.05437137709283406 0.164935444822522
0.07587133637166055 0.054525140157800925 0.1550690273726861
0.07304453173814798 0.05035389431995243 0.15982767968892922
0.07083234796155885 0.050821607791576566 0.16714320153911513
0.06035735133690473 0.01763576536023449 0.055172707233807454
0.038912072961948124 0.0037956762937041855 0.09655065064076784
0.03968728518536597 0.006234049422712067 0.09647288261270788
0.04082795128110319 0.007657193664408623 0.09693133879957261
0.04209232521341188 0.009326091679349183 0.09757393535174927
0.043728432590848784 0.010414530397537711 0.09826292795590238
0.04719363188567262 0.012031446657349558 0.09872045756779207
0.048750805044004294 0.013315051476363405 0.09883202311936402
0.050189253051305366 0.014928047380391826 0.09869654672555624
0.05422262052424365 0.010577460831365976 0.09518730777650462
0.05257274868068257 0.009162124007023688 0.09421730017489365
0.050856755297365 0.007585573667407285 0.09307714876508974
0.049285377342607364 0.006807403518533453 0.0917499259976104
0.04818314670540345 0.0061908173272522075 0.09077215259648046
0.047552163542485495 0.005613251869779374 0.08990074505087303
0.046917352824690534 0.0044870267388566094 0.08935504624637249
0.04653619236962844 0.003163230917546213 0.08903526769375918
0.045445985464943835 0.0020296486835193472 0.08917433128332918
0.038353904097639197 0.003689301908694645 0.09504476588336984
0.03920255122643419 0.005911531629030327 0.0948955787261943
0.04045091830264848 0.007152439905280157 0.0955820821739885
0.04187178860800971 0.008621658331314582 0.0964025433529749
0.0432642305013097 0.00984882313997887 0.0973318558845932
0.047235226209219154 0.011246547403982243 0.09818298221925915
0.049092444828562495 0.012583675556686276 0.09840025683021918
0.0503488657056071 0.014363737202653507 0.09825217905202956
0.05135523188474349 0.016050755803923056 0.09768660650191563
0.052099302711682234 0.011673129963777161 0.09752572290186778
0.05116616944617865 0.009606273683727157 0.0973215039347131
0.048796116376060364 0.007892052712183318 0.09605419507242441
0.04596296800427853 0.007174566536018027 0.09404700741504521
0.04481960774660386 0.006356744113721053 0.09329594621095863
0.04404281183096674 0.00547214193216946 0.09264426929265196
0.04372704488608132 0.0042618816992855005 0.09201005551144578
0.04396617017239035 0.002901797813618847 0.09167033531063665
0.04315135349042635 0.0019752774516781173 0.09162633733311709
0.03705302876968408 0.003306055028466243 0.09402407941243787
0.03849664433926356 0.005080890467886484 0.09367839667387985
0.04021127507151121 0.006429460541190296 0.09417501932626983
0.04150754655019492 0.007948389464005902 0.09502778761079951
0.04281641749430718 0.00939226276442067 0.09588234221185064
0.0459647405872965 0.010438035085525155 0.09743605557875344
0.04889554401013662 0.012278012498652955 0.09756586429005074
0.049854719825022764 0.013800261085259934 0.09723124806330649
0.050784193640770144 0.015952163356175567 0.09683057508688477
0.050556231493730834 0.012199258016632693 0.09835795819194348
0.04884014725615416 0.010741380559044014 0.0983987115525912
0.045492645032919304 0.010179026767863992 0.09720763287370011
0.04257530402442982 0.00942850377532754 0.09573138015644285
0.041635736111895 0.008094787503929692 0.0951277493167596
0.04093686340699421 0.006696545352892733 0.09463328149482662
0.03974265833589859 0.00505558548486527 0.09363821372814098
0.03952959423090324 0.003411608598360229 0.0930331588510085
0.03985912418993387 0.001741210583654386 0.09293502015604606
0.04985773230029189 0.0055672006863908404 0.08912987245220774
0.0499848633158218 0.006416450142612417 0.08952410429294164
0.034352279134371666 0.0011758641082969235 0.09693017125528848
0.03460360467049916 0.0024032490021336167 0.09696267545834712
0.03527054859687398 0.004233715452659541 0.09776881109161911
0.03618317531862315 0.006498228998870994 0.09785905877874218
0.03707868177612957 0.008201554588925155 0.09720991461205614
0.038642229773828474 0.009983022340020532 0.09614297623002492
0.03989121979847059 0.011381727607401701 0.09600337197766513
0.042930235563804174 0.013930970654590839 0.09569116828705355
0.045994570828256996 0.015736154390258307 0.09540321534867485
0.04798943334226107 0.017800076989839844 0.09550917245842282
0.05114490364604308 0.015377182445677677 0.09461804771925089
0.049817847173959956 0.01383143207667391 0.09353302378863758
0.047888649287426026 0.011542227792601329 0.09204998722785383
0.045750475006046266 0.010444102186975179 0.09006877371157437
0.044147246070665995 0.009412561737151721 0.08817961389319118
0.04299171974684879 0.008274637614733946 0.0868504725488641
0.04209537688033948 0.007029833421168486 0.08606845395100582
0.04121370090662251 0.005525086677812663 0.08588523823138462
0.04062232997223683 0.0037761448646632173 0.08619244960238041
0.04077760036138607 0.0019091178562770778 0.08691043939533546
0.03447071638428282 0.0011935075059744786 0.09602828857008446
0.03500939849800131 0.0023949826686087356 0.09616395399425567
0.035344762852555604 0.0038658613994746044 0.09605558533104185
0.036058284717574995 0.005901525022066666 0.09603678742445379
0.037032095607154585 0.007325373154214821 0.09531920086036434
0.03837401681372869 0.00918378487831757 0.09462941521690953
0.04000560424552629 0.01060414970283798 0.09494139482880341
0.04212842909842772 0.012547939630228827 0.09524464317633738
0.045999249129306995 0.0144930206114852 0.0952337798877299
0.048231981003285816 0.016857627950381905 0.09541471091352897
0.05116722673508539 0.01519514509120573 0.09598383062710758
0.050173188041812325 0.014173840555982758 0.09553126164767906
0.04776353394748554 0.011167563322342127 0.09499628133513245
0.04464663232009305 0.010411809135446766 0.09316126913136713
0.04266477071817622 0.009435164544028301 0.09136507759703862
0.041099298261087366 0.008390662040760844 0.09002695735051872
0.040097259637786625 0.007091630299281104 0.08931440749404598
0.03935531123654839 0.005515665940853764 0.08900426997819831
0.039071988026138225 0.003741642240228222 0.08931485804683807
0.03822281524354478 0.001992666444143156 0.08893920364936485
0.0347389715608538 0.0012476941323387545 0.09476658274117195
0.0349704214244075 0.0023624090581919072 0.09481666982272766
0.03522280878432701 0.003625056611597479 0.09478388739520972
0.03578738001553444 0.00540452324073396 0.09449846905003874
0.036683770939016286 0.006595986534893251 0.09416637360577368
0.03868075080929072 0.008242456381885652 0.09382208264162577
0.04049422926433074 0.009832318619771258 0.09421410164595091
0.04204385008534485 0.011408871088364506 0.09449772611012446
0.0459112949498807 0.01344300428936855 0.09525389491040488
0.048064707798208074 0.015248361954346075 0.09526073607641942
0.04954411743503386 0.017318921197814707 0.09551502068732573
0.04972932763866278 0.013327240962443447 0.09742416331592707
0.047206569178105035 0.011814572433463375 0.09707479557847251
0.044076778507824044 0.010886991085291176 0.09605255890045157
0.04152904111083504 0.010473571251298767 0.09460929677264196
0.039398734591597435 0.009094724065611234 0.09322079274000865
0.038524964773555465 0.007733428483742686 0.09258057711982907
0.037332093792272474 0.0058839136820133 0.09172313857389214
0.03627612896366548 0.004126034245532167 0.09101062617668579
0.036110773866868215 0.0021983344537614994 0.09081421343429123
0.044353453303001125 0.006894043723148652 0.0846793928874075
0.04493740033650159 0.00821585375229998 0.08537367588765477
0.05876469193923741 0.02716867069878957 0.08632911234224801
0.05980173661477583 0.020500566600482047 0.08047952924519015
0.05865308157294782 0.016279938848125616 0.07725269742641877
0.057481294106311094 0.01352811345309285 0.07571724879410759
0.0552976521118011 0.010689534301825605 0.07433297398546992
0.05444893414092088 0.006907092530299757 0.07356872700882118
0.05392669209211101 0.0020832998670035205 0.07302192046215211
0.04279019721464185 0.018154511514199563 0.10276982002005865
0.04024654681012309 0.013247351380708086 0.10671864557289987
0.039499692562670906 0.010870269994439123 0.10773654197492821
0.03848248811307109 0.005361048448674811 0.10890121491724986
0.038268393294101435 0.0030000878856869576 0.10881771459226011
0.052341570175551626 0.006712402349785027 0.08880089205362027
0.05226804814870833 0.00586943105706875 0.08780990477615669
0.07159433800318961 0.02203705512038153 0.09869217047388285
0.07000244449954895 0.01964703879253041 0.08899188846552224
0.06697949794377502 0.016443169367509686 0.08553103123147925
0.06535052709652935 0.014224028749203381 0.08347337185429454
0.06303228422766624 0.010799188466473337 0.08150127877034934
0.06249204307222672 0.007395627434327417 0.07978371718046672
0.0616221627072819 0.0024590225137942397 0.07891642933683575
0.06376404203788229 0.015513239248261588 0.09044999317980298
0.0636796469696567 0.01358136551318381 0.08709389368662782
0.06220646665168958 0.012053324728633553 0.08629969951840422
0.06087921642458635 0.009754242776060379 0.08542337334445495
0.06007699362024057 0.006723985227040808 0.08440653460105321
0.05915138080964713 0.002391052412007335 0.08320850850366533
0.052435832586528064 0.01131514043677255 0.10493349057565761
0.050812529426441176 0.008578351488246105 0.10413529561765589
0.049456030445983595 0.006922264974319371 0.10277106548381752
0.04642242756712074 0.0040560098141816095 0.10061011396631732
0.0453395617306037 0.0026014257601808264 0.09985987422286897
0.053858078102648616 0.013159905010875463 0.10894910852902107
0.051793292220895834 0.009488009275894268 0.10897203196301466
0.05030443162925479 0.007136917274142528 0.10740438071134008
0.04908781663383675 0.0037871479392450223 0.10519631295966284
0.04879585570342936 0.002609185937156357 0.10490002178416925
0.0767987916 0.0201238595 0.0704028453
0.0787600812 0.021934682 0.0688762912
0.0994600313 0.0449502802 0.126428357
0.102530404 0.0443220852 0.125126454
0.122502504 0.0492650472 0.114441965
0.127398783 0.0486718243 0.111521436
0.133107188 0.0492557595 0.107260342
0.103144079 0.0482955971 0.134255616
0.105181111 0.0489795535 0.133847692
0.108913029 0.050311736 0.13052684
0.119583614 0.0534422084 0.128849443
0.125130566 0.0532873453 0.126894567
0.130790801 0.0525796937 0.12455181
0.135992211 0.0537419711 0.120087811
0.103416451 0.0466253379 0.148200516
0.121240681 0.0533687275 0.141511516
0.128262942 0.054015225 0.138338612
0.13226973 0.054914528 0.135711404
0.140424732 0.0552889269 0.13309316
0.0587908085 0.0191568082 0.184480146
0.0606669286 0.0244551365 0.18499872
0.0639487586 0.031097326 0.183776916
0.0562597579 0.00454951237 0.184942585
0.0558503097 0.0113868734 0.185178511
0.0565040879 0.0157671066 0.185552459
0.0633287541 0.0307003123 0.185330792
0.0663743731 0.0367669086 0.184909549
0.0569518432 0.00393568422 0.19033437
0.0565676813 0.012827296 0.190160433
0.0572514592 0.0179056373 0.190332611
0.0669264105 0.0367214177 0.189032937
0.0965009732 0.0491753551 0.184030984
0.106622037 0.0537448824 0.183841016
0.114865952 0.0585064801 0.183088758
0.12956348 0.0632461929 0.181781921
0.135179757 0.0642849202 0.181274831
0.141560245 0.0650765925 0.180746538
0.148093106 0.0653013357 0.180121323
0.0580294746 0.00386234008 0.198218992
0.058810291 0.0124003345 0.197923663
0.0600692822 0.0192488292 0.197663504
0.0977054109 0.0510717655 0.197772664
0.107617996 0.0559406642 0.198005278
0.116719632 0.0601675336 0.197681055
0.131878561 0.0662544914 0.198433505
0.138276526 0.0674435517 0.199241694
0.144676166 0.0679486501 0.199839471
0.150732159 0.0683031325 0.200503504
0.102905127 0.00230728705 0.0539559335
0.10523389 0.00899015405 0.0536212639
0.06265633308643646 0.002594228976520476 0.06949599558615019
0.06492231434648262 0.007626853216104037 0.07048100669003547
0.06628637398461351 0.010673101147167812 0.07197258022348134
0.0687765761266594 0.014149157500949649 0.07348728570190165
0.06254179269609636 0.0024914275823600058 0.07420755638996458
0.06434605798403524 0.0076711924247848794 0.07549210559034243
0.0650353262195245 0.010301628275798775 0.07642414763443983
0.06717194047242571 0.014554263697999554 0.07858778717806589
0.07039121188221951 0.017864805574429828 0.08090663923724918
0.0626914722 0.00261926404 0.0670784575
0.0650200532 0.00777570318 0.067851418
0.0666324782 0.0109160186 0.0688509549
0.0626246349 0.00250084993 0.0641988562
0.0650215508 0.00769225029 0.0645758727
0.0628024872 0.00258426014 0.0611650774
0.0650819538 0.00789186294 0.0617395835
0.0714383547 0.0149202277 0.0594835112
0.0675159476 0.0111408856 0.0590118877
0.0842411077 0.0267978008 0.0626373806
0.0813776771 0.0211135027 0.05934459
0.0764293676 0.0160934013 0.0575445542
0.0726867187 0.011733016 0.0559524455
0.0706207011 0.00808228829 0.0548735871
0.0679715349 0.0030897317 0.0546205479
0.103193969 0.0285543848 0.0668207466
0.090151191 0.0130225009 0.0593883765
0.0887298214 0.00912758529 0.0580406685
0.0869259914 0.00236079186 0.0564570735
0.107539627 0.0284735996 0.0662790735
0.06003643972892275 0.01978745903712377 0.11441150538894496
0.05019134339178261 0.0019924554145336277 0.10942871763180531
0.0478505751 0.0028355114 0.162718435
0.0485863823 0.00475584621 0.16195378
0.0500936693 0.00274231937 0.164731753
0.0508457761 0.00467962517 0.164049663
0.0540241205 0.00609999595 0.162599509
0.0524848173 0.00260717259 0.166613435
0.053603272 0.00445387052 0.166019586
0.0562176482 0.00575279888 0.164512403
0.0548404363 0.00250890988 0.168546843
0.0559417353 0.00433732745 0.167717697
0.0573186618 0.00582983742 0.166238346
0.056881735 0.00258767843 0.170464696
0.0576307601 0.00441259173 0.169166964
0.0581165814 0.00525540254 0.168526452
0.0578564809 0.00261329937 0.172367761
0.0585386404 0.00437750196 0.171178194
0.0589703589 0.00596612659 0.170476961
0.0582127657 0.00265939812 0.174385374
0.0590730346 0.00460863928 0.173902382
0.0611260325 0.0202423475 0.182363622
0.0628387917 0.0245763249 0.182844387
0.0648246278 0.0306527313 0.182524981
0.065202022 0.0350206823 0.181926308
0.066799286 0.0387014571 0.181312258
0.061966411 0.024505427 0.183861614
0.0644351162 0.0310454726 0.18302984
0.077163423 0.0483162574 0.174168166
0.0674920428 0.0207675498 0.133717092
0.0708690896 0.0241748979 0.133296587
0.0729970344 0.0271311322 0.134666489
0.0740833131 0.0325297249 0.135499056
0.08456553733299377 0.058691734674848034 0.12208802614760252
0.09354293940272561 0.06324111702975957 0.11747509946334776
0.10979778804381742 0.0696984357012707 0.11037096007631106
0.11912607432963121 0.06964711638573312 0.10707679333712505
0.12644413308480495 0.06883110415246671 0.10401176017728606
0.13258269856315769 0.06663585798818787 0.10103743458635325
0.08730501843129673 0.061345803526578674 0.1314476139842801
0.09616758616210364 0.06479414047101661 0.1283856040753944
0.11305867782590817 0.0719842514216998 0.12206205786483745
0.12157435048629575 0.07296390933566356 0.1190662301815731
0.12876762784860665 0.0719156047847012 0.11688445966997546
0.13628732713206476 0.06886377224421245 0.11529864957542288
0.09056208564331435 0.06216458565087902 0.139969804737267
0.09894129473639625 0.06641190931339704 0.13814380237180096
0.11618304499292442 0.07276929728187904 0.13293789470834322
0.12376265773333563 0.0737863834494175 0.13016888622770328
0.1311684681595677 0.07354363980332565 0.12791848443924428
0.13908661445064208 0.07015415525043729 0.12746943632865582
0.05326564282546034 0.020119718196150473 0.1805742218657057
0.05511511604408466 0.026487422907421343 0.18047588082978092
0.05766672167371099 0.033038418417757 0.17865697122000382
0.07339459897068282 0.05270158771617433 0.17029975592165006
0.04977991121748908 0.00431908407016986 0.18146945275157986
0.04982240545451613 0.010435347787415051 0.18222671589243394
0.050762112861318924 0.015790632623456997 0.1827390572645955
0.05778577267749358 0.033422367013082294 0.1806034561560719
0.061606917003962675 0.04084363711346977 0.17910831045097672
0.06857077721690961 0.04991318676725977 0.17906612914353076
0.07635634594033971 0.05500728051918032 0.1759313184280258
0.0849978563328694 0.05807271348608963 0.17441143493253833
0.050536906559460734 0.004044011118121974 0.18773063656578692
0.050591928180294815 0.011340850527949782 0.1885006532312563
0.05187286396319533 0.01783169292648864 0.18846411852553788
0.0625998255299196 0.04069991676339366 0.18442070863137192
0.06952331021571873 0.049659620540557156 0.18476562213446382
0.07818243094604413 0.05384275300436427 0.18370372769254875
0.08616873195867256 0.05729431460406603 0.18245688617067043
0.09527162989710095 0.0615256070977319 0.1825653441779853
0.11131012516915224 0.0693716387817592 0.1809187498114279
0.12796914347140462 0.07339253735942085 0.1795533713792569
0.13480791199190897 0.07532637697511098 0.17889461505153811
0.1424870765300995 0.07702116201631712 0.1782984180675424
0.15013126098214877 0.07715723140192729 0.17748816583578655
0.053275242 0.0036998898 0.197158873
0.0537627258 0.0116231039 0.197385241
0.0554283786 0.0201546178 0.196581561
0.0651434812 0.0402368027 0.193445683
0.071195714 0.04838554 0.193864829
0.0790528505 0.0534919632 0.193893341
0.0877029597 0.056888557 0.19345729
0.0961337064 0.062315663 0.194611038
0.11233492 0.0696858574 0.193789094
0.130140665 0.0747224551 0.194171589
0.138117635 0.0765737474 0.195072705
0.14537543 0.0779287991 0.195934332
0.152612405 0.0789706774 0.196440358
0.0662601559 0.0139950431 0.155927453
0.0666103934 0.022751365 0.146606277
0.0680799771 0.0260449603 0.14523643
0.0687164474 0.0311158011 0.144223218
0.0700709033 0.0365141688 0.144228178
0.0720432241 0.0407479379 0.14786199
0.0753350632 0.0454348045 0.154815287
0.0775832165 0.0478368717 0.159788372
0.0768216937 0.0477705288 0.169021413
0.0739744725 0.0477515163 0.171933225
0.0715525234 0.0465219165 0.175795146
0.0690715981 0.0418798278 0.177483615
0.0679937837 0.037502332 0.179202776
0.0672510109 0.0346117587 0.180634594
0.0663102298 0.0306518841 0.181456518
0.0660969672 0.0254543088 0.181983438
0.0659927885 0.0207081747 0.181183142
0.0659902211 0.0166510916 0.178737458
0.0661728078 0.0129642323 0.175831024
0.0660598276 0.0107687047 0.171813102
0.0673310667 0.0118105029 0.160148626
0.0645936064 0.0133573809 0.156311272
0.0659276273 0.022156971 0.144863733
0.0683612253 0.0254988436 0.143446879
0.0694557969 0.0307191675 0.142639079
0.070650646 0.0362566748 0.14250984
0.0714102027 0.0405573144 0.145589161
0.0748864551 0.0447935382 0.151939924
0.0781605158 0.0480868439 0.158672361
0.0799443603 0.0489384179 0.162466644
0.0800810687 0.0477952921 0.166529175
0.0780439667 0.0474780847 0.169586594
0.068282695 0.0424361254 0.178810635
0.0676190836 0.0380459721 0.179818805
0.0663676661 0.0347649342 0.181043259
0.0661230912 0.0306577679 0.181968283
0.0656882802 0.0254038818 0.182261628
0.0649554214 0.0207663512 0.181529319
0.0643512899 0.016795809 0.179662442
0.0631291461 0.013718771 0.177045882
0.062558423 0.0105127683 0.174887262
0.0682896639 0.042116692 0.179803084
0.0667430815 0.0384079691 0.180842433
0.065300998 0.0348919173 0.181435387
0.0657422198 0.0303789239 0.18226008
0.0643756524 0.0249125492 0.182486409
0.0629941372 0.020443166 0.181758297
0.0619726696 0.0167254418 0.180449494
0.0606629032 0.0138459937 0.178003938
0.06514607 0.0100762439 0.164074577
0.0656640373 0.0215870141 0.142554895
0.0689841178 0.0252428449 0.141951152
0.0703907596 0.0306531382 0.141584141
0.0713843679 0.0363992825 0.141576292
0.0719584204 0.0409403478 0.144585637
0.0754867125 0.0453155575 0.151061253
0.07357015814457182 0.0456680769516489 0.10187494429669947
0.08471873133814657 0.05123625744142995 0.098118166021476
0.0853647559035308 0.04059365254357898 0.07187184974934449
0.09261950595018303 0.00276491932985264 0.0368859747967954
0.0947766701577148 0.010945793450805163 0.037996771865515686
0.05118540835449167 0.0027275211056030945 0.0649255270135293
0.05217377667804258 0.00931321846316702 0.06569071737963816
0.054024923398941375 0.01355535644221773 0.06610216446661388
0.0570290343715744 0.01653066093637948 0.06669486136167464
0.059254173751588854 0.01795562175618659 0.07212157006937571
0.057427077888317545 0.015389799516672876 0.07121345916159928
0.05506006455994572 0.012490615058285413 0.07030646341406419
0.05328367723876158 0.008277201698965966 0.06955594732597473
0.052233998971660714 0.002286272985804806 0.06838501431722922
0.05103591534460289 0.0028688595036002198 0.06290458587712498
0.05249555521969326 0.009802190020541033 0.06307128079820584
0.05440584849771428 0.013755175812045045 0.0631823299240398
0.052251060122575424 0.0030009210237693083 0.061198915466291005
0.054452523779717446 0.009825973180178688 0.060528290634593265
0.05546947156789339 0.002954926168418266 0.05758069074569584
0.05755266309694371 0.009354866451912958 0.05707499061124267
0.06580684165261609 0.015856079140677368 0.055241892660872795
0.062247308779559085 0.011909029321198394 0.054758955910007984
0.08179714440439126 0.02901803227890486 0.05706108012670978
0.07621713577389734 0.022453357217241645 0.052858732198511824
0.0715887271423862 0.01684916443865674 0.051226669260877475
0.0681431409475143 0.012247470940278145 0.050642733898941764
0.06646757255371977 0.009010772995856618 0.0504449157685664
0.06388024193913187 0.002725501517461507 0.050223657125693544
0.09989870595373275 0.03419034459541046 0.05382928025148762
0.08194511725027648 0.014324854017445515 0.04190435305891323
0.08002158793492592 0.009697180976771065 0.041531783161316324
0.0776101700213502 0.0027050490957687403 0.04096880551572819
0.10408327622274453 0.03564314520971638 0.05151163899295943
0.049547248600447354 0.025739832053713173 0.11419297912945978
0.04634900110232046 0.021759723844236734 0.10724279116650978
0.039391937391680766 0.0028013338522850434 0.11281659812463296
0.03955889681324882 0.0014128494198687158 0.11764953562679842
0.0370706627595555 0.0013660339988904114 0.12232526272933071
0.03775086472718246 0.003058701996212067 0.12215119484981125
0.02736162770975096 0.0012839103693447847 0.12866923840880357
0.027879482786143245 0.0027865851490810035 0.12891430321190459
0.02834780395653112 0.004368481384886625 0.12964577577021077
0.030416011356041512 0.006506217664969616 0.13056525120706378
0.03672200037787225 0.013428237778458167 0.1331074833422908
0.03944896742303907 0.01480898034482233 0.13078454698426742
0.041618847606381695 0.017424345245034733 0.1277999526096265
0.02479490724351601 0.001056430563562208 0.13123791139471203
0.025579787324193217 0.0028170233724139487 0.1314656809837778
0.026698816052852296 0.0046006325494267605 0.13176604753035392
0.02775765933698483 0.007081231380652241 0.13213932138477685
0.03566561827123953 0.01452421241210985 0.13477853225642727
0.023045247846773025 0.001127991766640524 0.1348790433909985
0.023851998954454806 0.0028849927878957394 0.13483204578265418
0.025053762043856963 0.0049261850335071185 0.13449336741811013
0.022279806268851437 0.00126883027165358 0.13826306963571924
0.02313033872083676 0.0030605190980989012 0.13792364862015669
0.024280634624019814 0.005069712302186156 0.13732257909958845
0.023755221853724712 0.0014611311261781392 0.14220235830204778
0.02423602551731085 0.0032773564812223145 0.14145150528675016
0.025185868125571106 0.005651645277783002 0.14036488724524934
0.025936960290479927 0.0015309404479042883 0.1449952653286341
0.026002505599247418 0.003515546838812637 0.14435490540688664
0.026819951898812693 0.005875166216836049 0.14342353599479912
0.027712758309204114 0.0016914984297094623 0.14751463918348148
0.02807104935031907 0.0038366382302956765 0.14709930547736982
0.029096137947582597 0.0064149111451191195 0.14593535140699504
0.030109001395855973 0.001828692033413825 0.14974626738255928
0.030585858383276387 0.004019973549058731 0.14958558993767967
0.03181888837707829 0.007172901918849538 0.14839226625247293
0.03393884213541417 0.009534421067258035 0.14649721819979794
0.032268520884692106 0.0020549265204544047 0.15194646221998484
0.033066029635992984 0.004345430957105029 0.15161317365762358
0.03473362292372741 0.007848740715003391 0.1501767053065317
0.03714987743253779 0.00999869986114745 0.14793053581071894
0.03436047440164908 0.0021983817066150045 0.15404315167217447
0.03540154390162371 0.0046347621183502686 0.15367736341197744
0.03716234576292605 0.008093467630693981 0.1523347192764453
0.03981046212511512 0.00982740703987121 0.14986301813151245
0.04960577644083055 0.013038050460834272 0.14748927639236173
0.03667008961010714 0.0026748070795554464 0.15662682078384843
0.03747985014810942 0.005041772932432869 0.15599720983781679
0.03943642252319385 0.008358201815212137 0.15459419570236652
0.042304189011914205 0.009923486320351576 0.1523553771692155
0.03910722348883849 0.002690679555414597 0.15867336249019653
0.03997814005684022 0.005255159650537925 0.15804533040202798
0.041328293285605916 0.008358858368200953 0.15644052087247387
0.044924000995965704 0.009794704145445721 0.15500505916427862
0.041481989999774274 0.0029726890268929637 0.16056381790250718
0.04245055578484826 0.005593015304868564 0.16025143145598464
0.044434717268090625 0.00764907973774685 0.1590964729086413
0.04409713224948397 0.0032183140926167245 0.1627557426441435
0.045347325968180606 0.005806382041859781 0.16236626007837326
0.046885692471980205 0.007669404317890237 0.16119021748387352
0.046787812155544 0.0034715385376519075 0.16532733568808475
0.047405190737427605 0.005812637981880567 0.16467798619687501
0.048201299411357666 0.007617213069639123 0.16393699350757654
0.048468989868897125 0.003517321338782713 0.16774916266591544
0.048821143671266595 0.005942943208306391 0.1672836218603443
0.04993463794929929 0.008687243669070187 0.1666536809311914
0.058821515459769345 0.011524730086517727 0.1657214442494657
0.04997514901287917 0.0039401429739139866 0.16984332677438463
0.0506129332854075 0.0062106327527928894 0.16967415716371007
0.05559968515024602 0.021744194482595153 0.17683418088656402
0.056828283445920655 0.026844037805212922 0.17651624467228605
0.05861660234128285 0.032562668136112666 0.17566521101798516
0.06053527652074619 0.037847275766010144 0.1749442576852771
0.06272893565201268 0.041673144258144126 0.17347355329256012
0.056075274921825125 0.026723732776004427 0.17839443582142206
0.05824009633225418 0.03295446458164054 0.17699053829265132
0.07258674943966863 0.05165641296126737 0.16887678840872006
0.053743756154150404 0.023304201752965045 0.1357574163408047
0.0553425828621024 0.027592455969987183 0.13035203372928142
0.05752595574083596 0.033662015613103384 0.12971140731628686
0.06056130730420907 0.0389698637504793 0.1306313066352168
0.0640257006150318 0.044236514867235135 0.13216077527667733
0.05946831854994909 0.018876057784503554 0.15334934673475614
0.06046475095153835 0.029678111206944108 0.14482016413049206
0.06140520235465628 0.03285244164033259 0.14385734432260358
0.06211397927948808 0.03687825725519976 0.14384460550374678
0.06371229514421103 0.04045920097691288 0.14456447135656478
0.06631044474032434 0.043476800738702776 0.146350211999836
0.06944079370347954 0.04624769781402731 0.14966446592050414
0.07276092737250912 0.048182937528538805 0.1549816702651184
0.07354959766844238 0.048831115265244356 0.16408654256037722
0.07110568808936098 0.04748240461390728 0.16578125032811106
0.06852111101233019 0.044889248293484986 0.16638087279870648
0.0654999289640884 0.04155555767733818 0.16689962533546915
0.06343509129902672 0.038273241199460545 0.16791396267178121
0.06276081906013858 0.03497085970509162 0.16912085676014835
0.06198717716642457 0.031212568610295165 0.17003780252334075
0.06158925830480146 0.02679170277139443 0.170735889122503
0.06209792158387878 0.022546655737214424 0.17093022403947986
0.06248935669284377 0.01944476604241721 0.16939494621698403
0.06267970423691913 0.01720953974884453 0.16775054218648275
0.0634165862583489 0.01564464374954492 0.16647822968699696
0.06312176542369045 0.014318887988481934 0.16500429391017316
0.05941575466825351 0.01611833824678062 0.1557184950547555
0.057725763855833445 0.0163495485926033 0.15200291158872287
0.058388326642736646 0.029200855614797083 0.14191316692871775
0.05982744022159955 0.033518257848154154 0.1406083039160447
0.06088005162020964 0.038121205931883874 0.14115820581613758
0.0629562565691735 0.04193374204084004 0.14247106446979868
0.06590915618377893 0.04479584780089326 0.14464963051433227
0.069114139826009 0.0474789077423868 0.14702561694980143
0.07346087351540039 0.04983262538427859 0.15198461352853193
0.0752532973983346 0.051715305021436155 0.15790970000465962
0.07636771048241699 0.05219940336888206 0.16208128773544922
0.07489846973620168 0.05131233701309383 0.1648408084646546
0.06548241840837761 0.042734631727963227 0.16899177162566112
0.06312821195567364 0.03955358878098054 0.17020029646748736
0.0618268084609209 0.03623911438277415 0.1710770487184387
0.06084102285885103 0.031999730606276186 0.1719534684974348
0.059717418382291075 0.027117319187979706 0.1727008799690654
0.059745181357070146 0.02244256974918568 0.173052363120049
0.05995007081126803 0.018628942169562908 0.17176455832121185
0.059821291999459215 0.0157373321647491 0.16963840640669975
0.06009712439469593 0.013625205611356446 0.16794928557120226
0.06539348437136847 0.04411752607087619 0.1710778682719429
0.06280484586592022 0.040747115323097785 0.1723346870593734
0.06102985257386453 0.03699679836600189 0.17330785907302515
0.05948859467482598 0.03227302375961105 0.17402482553725407
0.05793384230831745 0.026981573202961396 0.1745822007502003
0.05738850613391005 0.02191475968783123 0.17492216511364744
0.057606718605224774 0.01786913931811485 0.17370200559959648
0.057396184237332344 0.014416674768272773 0.17181658175607692
0.062477472865994824 0.013295002944763434 0.16317605764971865
0.05807192118461414 0.013169168023502351 0.15866856101586474
0.05726143004796524 0.02844013032877724 0.13937741729829647
0.05922535868298703 0.03363510198352177 0.13847086146941007
0.06069100861065848 0.03861547542403382 0.1392918070486223
0.06296075363898253 0.04256417722156874 0.14075914255396912
0.06575313871581628 0.045797069756224225 0.14274828983066665
0.06940590663644419 0.048992252467194554 0.14510637070627064
0.05486500173008219 0.016768048609750116 0.08293296072909888
0.05447070069074153 0.012541707809057275 0.08001686688304202
0.05462631996198476 0.010459727679667163 0.0793340581853829
0.05431244817054553 0.008112902381828315 0.07872480330198162
0.053880735257173094 0.005603149629110923 0.07845211563610195
0.05292609130335574 0.0015566131234215877 0.07822323515676517
0.04306058876804714 0.01709053792015855 0.09984116655659053
0.03995998412582895 0.01259984848260149 0.10225543088437328
0.03872503785802544 0.010341871883185885 0.10341370120362713
0.0370906191323923 0.005281092517431902 0.10366782623818759
0.03623894718497437 0.0030004660071558187 0.10283486341571664
0.0476784594918239 0.008353950289701035 0.08456960382800811
0.04724258872652688 0.007006607404123121 0.08367122690386432
0.05616819558018476 0.029645523588332296 0.08796346672423233
0.0685832718323845 0.03154148936367089 0.07696747028279666
0.06917141943002733 0.027369712439776202 0.06598095427466805
0.07075028495127379 0.027529939817005276 0.06003075683322721
0.06649164736592095 0.02506788377692228 0.061771501194303545
0.05903795927093762 0.012438338387566127 0.09092128258172091
0.05721161886091738 0.00990668433959175 0.08900353637403699
0.056435883025371565 0.008166340599724209 0.08813181678839628
0.05565006520184574 0.006857251918510881 0.08678533957048615
0.05448896810426227 0.005046111243068612 0.08610858851390413
0.05337756681815847 0.0020658450355611493 0.08527928284323484
0.0601124784 0.0204973616 0.18366012
0.0699004461 0.013754692 0.155665861
0.0692231915 0.0239351656 0.150294734
0.0693713217 0.027311059 0.14938706
0.0699687565 0.0318175154 0.148447402
0.0720264803 0.0368506471 0.148978404
0.0761491993 0.0420570621 0.154324507
0.0777561005 0.0451539438 0.159324527
0.0784376743 0.0463253906 0.163127525
0.0756409591 0.0470248931 0.165337675
0.0745446996 0.0475149657 0.169873759
0.0725314006 0.0462747515 0.173319002
0.0700250535 0.041795951 0.174735622
0.067799159 0.0375319572 0.176148132
0.0666542193 0.0340524066 0.178795146
0.0664109853 0.0296338209 0.179458601
0.0678526124 0.0244443514 0.180283102
0.06892701 0.020005988 0.17887117
0.0697497609 0.0163024835 0.175945084
0.0698209492 0.0134772489 0.172530793
0.0685052869 0.0119789938 0.169434036
0.0672337894 0.0131641454 0.157614698
0.0675649087 0.010701638 0.162747423
0.05426631663453218 0.028294457676212456 0.12638883782844998
0.03871869650979758 0.01654983125345239 0.1315488886035995
0.053695807153455406 0.009548490389318431 0.16581386841253418
0.05459710542569106 0.021854906284729813 0.1789709397953866
0.06395966605672976 0.01973102406481361 0.153581451476017
0.06313315045272085 0.029401818038548765 0.1494987773059339
0.0638888842363505 0.03281617629316696 0.14876792204160869
0.06474131035889975 0.03611262610634933 0.14853274328182017
0.06631975083407883 0.03940337951397589 0.1490402488838785
0.06954538551733783 0.04266434049714339 0.15115016830749156
0.07154620792978603 0.04503131231287507 0.1551217725905494
0.07178553552407459 0.0461331984149046 0.15934898566592834
0.07157304066985133 0.04629456723109141 0.1618597406948678
0.06996380921847199 0.04523625314278187 0.16333904765358212
0.06805698282466231 0.042968815695164156 0.16378385623834246
0.06584348310065256 0.039835225873144746 0.16405825287839637
0.06407766364972818 0.03649099518321299 0.16492316278286193
0.0626470636241786 0.033398907487020776 0.1660786086569993
0.06195830588987493 0.02952613165326029 0.16720394700420682
0.06320647477660889 0.026670907148149813 0.16732618106378386
0.06423745319890926 0.02321741453285934 0.1672174691240737
0.06442543221757419 0.0204271521909169 0.16656641281623347
0.06455700908812662 0.018322447681012304 0.16555186184803
0.06462616311082459 0.01694768402928941 0.16453250951455037
0.06438172990952497 0.016156998811044813 0.1634234459672753
0.060627773288771815 0.018080513999248086 0.15476725414622314
0.0644657561096761 0.01586663707564694 0.16151330918012574
0.06344369060277036 0.016041094296494834 0.16012984492105495
0.051942670102573495 0.014969704166439276 0.08675219278833378
0.051260716071677925 0.011142417417637815 0.08369987058241103
0.05108730184501759 0.009140755715129517 0.0829454976063824
0.050597818295897275 0.007080243641028075 0.08210598517757965
0.049949213136034835 0.004878868215797776 0.08151765195590266
0.049347825013180045 0.0014602209913426112 0.0815577024069334
0.0694763547 0.0114192056 0.158681085
0.04194782304062903 0.01606604846174358 0.1270613398163472
0.06451727992672146 0.017788618910433426 0.15620946218864976
0.030982702653835528 0.0013626817552385758 0.09778281580834922
0.031645322727354645 0.0029848287043270937 0.09796399766050215
0.032387253994884645 0.004512941302330566 0.09824100871397264
0.033304627682609764 0.0065513091660453285 0.09827735135316759
0.03427265869034115 0.008505267950971333 0.09783746345240657
0.035444392870705214 0.010115350606324769 0.09755558108417796
0.03711968687316305 0.011871822512905557 0.0962661107325684
0.03976216170403147 0.013583520367914461 0.09480283663955084
0.04323218960362899 0.016206712675854874 0.09375643582946859
0.0467833779441891 0.016820341842008993 0.09351748665449483
0.049212990238426034 0.016460818696288057 0.09491127045242068
0.04785708557552186 0.015797805742093093 0.09387143086389362
0.044764530178133026 0.014295853245153997 0.09184740757261672
0.042213957702935706 0.01296969539647827 0.088921229343125
0.0406565152393823 0.011222926774366364 0.08666520971003926
0.03938577243626262 0.009286723585118273 0.0850386940712325
0.03815959062690624 0.007855163287050463 0.08423260930852422
0.037388117934692405 0.006235398479593897 0.08416882179077234
0.036476130703377324 0.004190174314457867 0.08494934537282832
0.03580012946149145 0.002141254456906205 0.0849153432564116
0.03202577895473639 0.0013897309149011046 0.0963275664303038
0.03246748557435264 0.0025327900725958187 0.0964252684237207
0.03318484919317484 0.004173572507977984 0.09651907895025841
0.03372497938096886 0.005964601192176688 0.09641889413290199
0.034813280766782556 0.0077357078437109905 0.09602266216477681
0.03596607489079547 0.00935450501451099 0.09569350806747313
0.03778038671008991 0.011079427297956843 0.0946634314635911
0.04013849174802894 0.012776990776707187 0.09417507741835006
0.04371802189170371 0.015457750821296707 0.09349856658787863
0.04724508512844528 0.016423169419137903 0.0936024677805788
0.049548461787353296 0.016506855712735902 0.09587638801258568
0.048318427202976674 0.01555629667880774 0.09520879790067761
0.04467608879166595 0.013932699308935715 0.09386468504999604
0.04198237583145352 0.012519550310445996 0.09162098317965349
0.0398073277544959 0.011223056750312805 0.08963166571048808
0.03792793532908784 0.009588307435560384 0.08830352227236811
0.03674935129686399 0.00794641859552507 0.0874653564805792
0.03597765030954432 0.006177243998795751 0.0871018457174747
0.0354674776465157 0.004265965553254441 0.08725385757756471
0.03531363383156817 0.0022034232064668626 0.08755764422521586
0.03339929278943458 0.00133424031656869 0.09545755144429637
0.033811073613896486 0.002452839731749671 0.09547058754452811
0.03423115920866308 0.003874292207116256 0.09551404658895202
0.03487871792385194 0.0056594708572336025 0.09523778039800966
0.03565855346607979 0.006893664783553778 0.09501099934909485
0.03701475335882988 0.008701891368045403 0.09438240421335671
0.038732373060902145 0.01039324252726726 0.0939948847813272
0.04089938555405642 0.012005165139525566 0.09391973200421141
0.04449398145807288 0.014459869686889896 0.09372452480198326
0.047958183389574846 0.016310665536620535 0.09392338080734025
0.04917323515183156 0.015382543726538859 0.09606554888543681
0.045928535400740336 0.013219198464733744 0.09543994690149545
0.042669041889201384 0.011993180957755983 0.09445675443531278
0.04051104215037047 0.010988997993369585 0.09236041032785773
0.03864329677125337 0.009472230173505458 0.09079052834709833
0.037317498384411736 0.00794399368062789 0.08990085901313742
0.03640654869999869 0.006233021232189625 0.0893175073982634
0.035663943790571785 0.0043144966151370204 0.08892342373501917
0.035428925396280925 0.002210258825757658 0.08908523043380111
0.040485738701889595 0.008020451600962182 0.08166051516955099
0.041449242617438396 0.009725536876626806 0.08255230246100043
0.05739562617800192 0.028261558488480523 0.08454889044969552
0.057212131403303224 0.02175346721326639 0.07801809226713283
0.05465392010777325 0.01707401187539044 0.07418049306288409
0.05390185979365626 0.014572691989977437 0.07355990117330277
0.053332464882461496 0.011529937076896207 0.07324241377041127
0.05204665109378247 0.007903344154069597 0.07269403948829371
0.050749280279448146 0.002433620025427882 0.07217987991750369
0.041832796736223914 0.018145167987656308 0.10321085721389178
0.038891784242235654 0.01366264158280777 0.1061848555487635
0.0381500179316928 0.011447146874225444 0.10772781909244626
0.03663472968482353 0.005574767796546456 0.11027179068783306
0.036292345452920365 0.0029860806573410903 0.10997049464399121
0.08354854870425524 0.06060829918544984 0.12142975401801662
0.09189782005858825 0.06490489545710428 0.11737000853067955
0.1089862091633476 0.07355338998964983 0.1094841654141331
0.11946588694788025 0.07222700498310694 0.10605566406033005
0.1265489693708128 0.07195593105612692 0.10300019642967323
0.1330094909149291 0.07103621313819818 0.0997048277198457
0.08640011337219003 0.06337911998699092 0.13063575862829635
0.09542866439066194 0.06637852642361823 0.1278689686301633
0.11275756979077517 0.07464540161434885 0.12132971805555463
0.12207772601078794 0.07477043993164359 0.11836856519307828
0.12900582147709114 0.07310957908526643 0.11642951363896246
0.13664563590056658 0.07236523396419235 0.11412244620170876
0.08916645109557907 0.06480773514006735 0.1395332408979483
0.09854556500125435 0.06843459613434412 0.1373589909768977
0.11582760769513654 0.07504222352100624 0.1321911972971222
0.12432699027740333 0.07583023855932845 0.129510327581889
0.1316429599575522 0.07556456793742201 0.12730928022416976
0.13919756974534478 0.07291624467518942 0.12638432342166714
0.052085119748359957 0.020744387631689384 0.18074284097963633
0.053987550237577786 0.027330476726688233 0.1805441660735694
0.05659930672155926 0.034053177789874246 0.1787379800931488
0.07249263208965333 0.054129628394645406 0.17023227539434332
0.04819099073294635 0.004605867652516799 0.18179958067333812
0.04843310247572471 0.010896472665840611 0.1824571731716866
0.049481217351500996 0.016367367194581327 0.1829415084225006
0.05667185351997328 0.03445222426586132 0.18077374209307284
0.060227461562139255 0.04168102196458817 0.1792509585491521
0.06775300711900573 0.05111693387865765 0.17916149887280047
0.07577628867254052 0.0565068622459452 0.17609363796808933
0.08434754860786484 0.05988308108339456 0.1746879911645736
0.04908321331056116 0.004395218725924943 0.1880818601179215
0.04927422974530615 0.011851107099121324 0.18881262749206804
0.050616164471410666 0.018462688830183274 0.18876468006180047
0.06143292393444377 0.042181113312184 0.18479319139719
0.06865424102983733 0.050958350867024646 0.18501882685367618
0.07761976978519027 0.05521762093573613 0.18400463918951843
0.08572840540747395 0.05913790022969507 0.18253634122715773
0.09423287660946644 0.06391848408405887 0.18172660556576525
0.11075823986926224 0.0717240301045115 0.17973366075374655
0.12767112632445834 0.07500778934056769 0.17868144450606502
0.13505680660222777 0.07772688239532842 0.17769045516819257
0.14309561873637833 0.0790654739912334 0.17727401201478785
0.15029143350522664 0.07955051286478886 0.17674893900500208
0.051926523 0.004079976 0.197691758
0.0522793558 0.012134156 0.19799392
0.0540634628 0.020930676 0.197157282
0.0641022574 0.041418844 0.194087519
0.070459564 0.0495312842 0.194457703
0.0785189916 0.0547149066 0.194561987
0.0873490641 0.058282966 0.19408877
0.0953129297 0.0630214032 0.1940467
0.112344988 0.0714871608 0.193506073
0.13058766 0.0766836433 0.193615266
0.138107232 0.0788268369 0.194282679
0.14628789 0.0792012942 0.195062391
0.152776474 0.0811174429 0.195681735
0.07296326861139064 0.04706855501669472 0.10172353462054413
0.08418568968053063 0.05285421696713762 0.09746804592003531
0.0822993658866021 0.042595068824557325 0.06968328467192965
0.09082309826001396 0.0027122781764016045 0.03439132396445899
0.09289779777733204 0.011634221031465797 0.03509805113106097
0.04849038505370822 0.002774377861903527 0.06457153527185285
0.0505208807351146 0.009793907469165385 0.06532951718680409
0.053033917117004545 0.014243503724222771 0.0658030188552784
0.055744672116218835 0.017261122106494615 0.06651065785951057
0.05693460398169815 0.018913558506704158 0.07112554932926805
0.055172599034320736 0.016003771895481144 0.07039293417225703
0.05351093856992824 0.013147776837583938 0.06985197009792433
0.05158729481084958 0.009026467923931468 0.06912457043515584
0.04912420253758262 0.0025035218000134213 0.06736194386659727
0.048568655572202746 0.0028985711259344564 0.06222142436735318
0.050376350197824826 0.010336226673722453 0.062323538555805365
0.053193829871849445 0.014456935438468039 0.06253559106171117
0.049980367066539945 0.003120969074279655 0.0591662088602355
0.05155344673018199 0.010496306018421645 0.058971525378065034
0.052481637618661744 0.0032713734673380855 0.054495024647566066
0.054697465957430004 0.010453113078869624 0.05423720594083831
0.08780702986293533 0.0029384208819121906 0.035013600843057296
0.0889886777717469 0.011746962980313334 0.03519551738898484
0.0795809209677357 0.03132581772536259 0.05438410037194726
0.07486428764850778 0.024415298227138008 0.050615520484664805
0.06980109172985675 0.018125047293291806 0.04898064030301471
0.06597777969780828 0.013123919605984464 0.04879943271524094
0.06428562975312141 0.009873449132531083 0.048206539082026836
0.061614739299953314 0.0029513036186622197 0.04766516300973241
0.09780476689348841 0.03733104037779813 0.0490697813072201
0.08093090592303089 0.015316996052873054 0.03974381432235523
0.07905606044981175 0.010384196598136393 0.039511213100205105
0.0770367135954338 0.00272095082106196 0.03880080702080681
0.10189997412276852 0.03867876968583362 0.046413927356596295
0.04843988725185366 0.025823534803313106 0.11378502112089148
0.045017366294808236 0.021845375512563946 0.1067757908088351
0.03675118987400774 0.002943244218322747 0.1141132734731856
0.03738885607833874 0.0017290850351576513 0.1179457539646727
0.035869163892680855 0.0012468329032490689 0.12154877049374632
0.03595562996589 0.00299254734701104 0.12197274124340848
0.02652700106261322 0.0013774232455963497 0.12718122217351344
0.026873551166442532 0.0029191018704267137 0.12747161942982865
0.02712273723756882 0.004525999033393033 0.1280165186154853
0.0282337406486787 0.007093690846370767 0.1289749705322482
0.035880630096021285 0.013906740952775531 0.13208751118562137
0.038695810390691275 0.015184331256018745 0.13003431744307695
0.0408706706868417 0.018286390311642007 0.1275151744439759
0.023455032504107153 0.0014062942325549503 0.12992827827763634
0.02356970102216299 0.0032376418299939406 0.1299658034911029
0.02379218731391972 0.005658426675140938 0.12988764703844852
0.02491032877797921 0.008285778961993416 0.1301261455927679
0.03407295795345109 0.015258563589355787 0.1334029284214516
0.021326112542071344 0.0014545955944263824 0.13424828975385533
0.021460835499963825 0.003382634206262428 0.13417362434308486
0.021803482394972085 0.005786117243831975 0.13392732165798243
0.020534447148739768 0.0016051637553181157 0.13841550193158508
0.020690076228906618 0.0035551401912553827 0.13824718865364513
0.02139771996782719 0.006029539196546881 0.13757212517247824
0.022355042675358816 0.0016745317308961192 0.14265873479127136
0.021995785543860565 0.0038200081945381375 0.1421472527532489
0.02237712478960918 0.006378516300344151 0.14121149245215106
0.024727732073131208 0.001743612367489306 0.14566150932034697
0.024578062491890443 0.00411263432015857 0.14497837742041497
0.024665571704952916 0.006673483665305811 0.14416436210008582
0.026303622318019255 0.0018260386008442755 0.14809004261769526
0.026559316602296375 0.004382630743304742 0.14757952655300485
0.02769936383100723 0.006882523676557359 0.14649494402870672
0.028916568022697632 0.001975582444230402 0.15046225231383348
0.02936732733625344 0.004598585129321962 0.1501899758541759
0.03060436886144365 0.00755610410531088 0.14884670214345594
0.0331524284461437 0.010227309900825885 0.1468036469932402
0.03115330426054812 0.0022324957859295408 0.15266336041785014
0.03177177519623198 0.004987636407522026 0.1521862042658262
0.03328594359625485 0.008019261648978256 0.1505132149264865
0.03621755167862114 0.010595052245187418 0.14805029305800366
0.03314951252928973 0.0025178961578848076 0.1547545611172215
0.034050741383758056 0.005197779298352786 0.15397426986933013
0.035766634593364856 0.00842180051407835 0.15230894852586027
0.03876012138123544 0.010682758714061854 0.14998722306825138
0.04638129416407984 0.014828994725403258 0.14563240567655134
0.035266093120910426 0.0029413405819511025 0.15714630732795185
0.035944709941765005 0.0057055919696253595 0.156155706745219
0.03807502155218846 0.008808100788556218 0.15433693111893432
0.041191560926249565 0.010636377966066583 0.15235381759406091
0.03739446511128072 0.003321273394014413 0.15928429599064123
0.03805632603167348 0.005997105307902322 0.1582610333512414
0.04048175809443698 0.008815540812877182 0.15643812327814016
0.04390177002907216 0.010440182300963016 0.15500135997260078
0.03954017384718463 0.0036730015942340382 0.1612254304097158
0.040296311459324594 0.006322505105798058 0.16061711357508285
0.042841037547039953 0.008791373101424606 0.15926029289073534
0.041467464115626664 0.0036191440631722443 0.16276489546977985
0.042332385131096766 0.006295876319341223 0.16226502172026053
0.04441089875805696 0.008185532626148547 0.16117167793772302
0.04427812517291429 0.003641047456481415 0.16504562422999544
0.0451187297799472 0.006100830065470839 0.16442777853931678
0.04717939746014131 0.007852478321497842 0.16371605136075928
0.04649301605832507 0.003656129279507855 0.16751086709110274
0.0470181383621745 0.0061549139437122435 0.16700645255711075
0.048563901313023246 0.008518428501493548 0.1662117232618634
0.05743034539042416 0.011551305319198431 0.16562495968800137
0.048584433920821436 0.00415940997321395 0.1698945503842112
0.049247174319682334 0.006709610237642346 0.16975404955839932
0.05456897007013944 0.0224188909784266 0.17693774520997974
0.05585553362530868 0.027721619256454763 0.1765111617074447
0.05759639269117025 0.03357635586616346 0.17563618316470575
0.05948611578225595 0.038923291703224554 0.1747786525031597
0.061791539894835816 0.0435090012490051 0.17389838512840505
0.05500808961357111 0.027584929493884257 0.17841065113640886
0.057194759858390815 0.033970042412162005 0.17700941916075183
0.07151862570526366 0.05305065850544721 0.16866345300871854
0.05340604857547592 0.023618042463566642 0.13587178331080818
0.05491783020039075 0.028003492982864035 0.13020963060108906
0.05686007491543971 0.03414796999904866 0.12917333181578175
0.05970655663067663 0.039706138586997494 0.12971867926775907
0.06348459741142076 0.04548151212427099 0.13131928274568908
0.058642310525037364 0.019296336438144587 0.15276416372572482
0.059774225286160845 0.03014152893203332 0.14431691104934197
0.06075115835680738 0.03353232517951363 0.14338962481967993
0.06145169488599838 0.03760362175363961 0.14349350337103423
0.06309875495702968 0.041314927336614134 0.14432760026140712
0.0659719479761194 0.04439268499253271 0.14636293942503859
0.06890398632395342 0.046746306082900084 0.14991559106860508
0.07186297220266286 0.04890327288938521 0.15501038367662903
0.07281623035431278 0.05009410622740516 0.16406706817483357
0.07018385414138113 0.0488390185027244 0.16566406823294486
0.06769170901211317 0.046167041224717695 0.16625778730880958
0.06471559682400818 0.042660967247605035 0.16684175491426467
0.06279013436988608 0.03923548461509796 0.16793980999501504
0.061949709253365536 0.036034733121629595 0.16906163972663701
0.06123019531064451 0.032226096027592646 0.17000842661000173
0.060782298568762126 0.02770246357456182 0.17071988928048656
0.06120886868486998 0.023282418725465055 0.17099819191632576
0.06164112185933941 0.01999066368011786 0.16956239523897035
0.061729713523118276 0.017684191852336172 0.1678466891629417
0.06266028166616235 0.01619877714294113 0.16653230834152144
0.06217782478064731 0.014858619268252268 0.16509509837666927
0.05766212160175332 0.0161760344096026 0.15453938339252718
0.056626367003236235 0.016834059369852203 0.1511407921597202
0.05774866009047499 0.02969046383049979 0.14129474997826083
0.05903973690098355 0.034119681308855135 0.14001276603419163
0.06071113726725192 0.038274911839761935 0.14084741832652445
0.06266108011078673 0.042228422171865405 0.14225188860826532
0.06534530693937525 0.04568087711451183 0.14439016910345592
0.06843048371054503 0.048100647954341116 0.1472465981092083
0.07215793683783996 0.050294363801436974 0.15142579707758874
0.07447268028055386 0.0522916372826099 0.15768460549499205
0.07537175636394865 0.05286759101797165 0.16219443697288313
0.0743110693336216 0.05240633930403325 0.16470029560471072
0.06468281298299994 0.04384817040284036 0.16890862722907826
0.06251724902241211 0.04046187299154732 0.1701078236346217
0.06099884722190278 0.037293257429210476 0.17100372650866646
0.05995681359118419 0.033062239498191974 0.1719152446388336
0.058890987415012676 0.028039707443320294 0.172694517578272
0.05887288330364915 0.023176028130454086 0.1731528824364315
0.059430350988543476 0.019195070512263636 0.17179704825346248
0.058949009793060995 0.01611929122640193 0.16989025085586454
0.059029424308610315 0.013825175058540584 0.16811716341885183
0.06424165843466079 0.04545087519467206 0.17102777142849765
0.0617776622802298 0.04205504518393366 0.17219799864940724
0.06001642905951275 0.0380857356523636 0.17319678826809748
0.05850767216213649 0.03330734398942849 0.17396440346154218
0.057056626668678 0.02788473068912361 0.17456653931554528
0.056367878161570795 0.02265865426094925 0.17495089874962336
0.05669112829268529 0.018389105177095657 0.17399264351419957
0.056463290682683555 0.014866371787467412 0.17217421687115225
0.06117019543424245 0.01366785532501734 0.1629449662308717
0.0565235614693713 0.01323490884098527 0.1581300367953508
0.05669004843000371 0.02883922207306842 0.13888166178597702
0.05848768497394847 0.034235062852317595 0.13787337755049148
0.060473151102214726 0.038854749565678366 0.13889456516637594
0.06255510171716229 0.04304831524245345 0.14042453499171376
0.06519423181926425 0.04672400940085054 0.14240514440210897
0.0686748557560826 0.0500226455543974 0.14492770729546706
0.05347826226866556 0.017318834002098493 0.08078070364351794
0.050766551550990274 0.013180239520586362 0.07696820209744858
0.05045970830756067 0.011314373636991917 0.07633689800488527
0.05097112526583224 0.009241888002190127 0.07638970435872337
0.05028747344036323 0.007166549960169872 0.07579681278701642
0.05021055864879498 0.0027253808818210484 0.07575495645589382
0.04120961787365165 0.01723493202085308 0.10009509280693395
0.03783771356868505 0.01302612195231262 0.10339941361153501
0.03687496300464983 0.010609564344847297 0.10502899422296856
0.03528754914996256 0.006489813656445162 0.1066079318008652
0.03372572550520768 0.00392772390090262 0.10450686326460233
0.04444691822705762 0.009642767896863275 0.08136392284999511
0.04341838104900628 0.008047732204418767 0.08021009480525522
0.05518366816562552 0.030866559516636995 0.08725162900721171
0.06716689468651532 0.03307824359206835 0.07503855118030447
0.06695994556526906 0.02870485949596913 0.06431348928269649
0.06905421037496408 0.028835219766015593 0.05849113508013163
0.06467251956399901 0.026164255744360588 0.06088582727113725
0.05381728330827348 0.02851772570256949 0.12622979249057106
0.037732601206395266 0.017434164004067776 0.13106046686696515
0.05195090107624955 0.009865292589459404 0.16564885958067743
0.05348171723979871 0.02252619950659161 0.17909610235905765
0.06225197250138802 0.020678619072295314 0.15390055949247494
0.06312282842170991 0.030035023254843536 0.1493765249153229
0.06357598194063514 0.033514780873681586 0.14865586377559445
0.06428545990822981 0.03694255351608264 0.14855878077512485
0.06601776066583644 0.040277147104178554 0.14921205057646503
0.06926416362349225 0.04359496538778995 0.1514438776100865
0.07092688705498992 0.045799262176394594 0.15534988440044392
0.07146737747427483 0.04725116306771169 0.1595540988230631
0.07122213938656644 0.047363307661541294 0.16208669724520247
0.06926291855528119 0.04648030945980291 0.16333070314015746
0.06727943345569812 0.04422188811105319 0.163727073812941
0.06512024185912203 0.04097840513694466 0.1640519489628273
0.0632891017489363 0.037610095704698004 0.16489160223681473
0.06200774344100575 0.03439126850105788 0.1659892825582032
0.0613089993984591 0.030275000228782205 0.16718446694273148
0.062424196999715076 0.02755635460333379 0.16728289345504202
0.06325061227948156 0.024044486502880876 0.1671689607344465
0.063783921640742 0.021052597292356246 0.16658291329246822
0.06398621594531546 0.01893675422935014 0.16560744156460647
0.06408527114455087 0.01759371615704845 0.1647296606178875
0.0638252102158307 0.016799635598813135 0.1636755016887381
0.05935384218258874 0.018612231046566206 0.15439396632789376
0.06377513444750059 0.01666135977801223 0.16180995316499402
0.06222245385290935 0.016473984516435787 0.15985640347531413
0.049252399221615444 0.017123518491304692 0.084478434124852
0.04776814549220716 0.012683199000977974 0.08017836247663708
0.04730491681689086 0.010612614449648065 0.07909339284675164
0.04693880258130578 0.008744353888668512 0.0782256546580562
0.047001834267781886 0.006340633086539992 0.07832656662946008
0.04607165043100409 0.0018929614873538644 0.078459712971166
0.04152929977690312 0.01641669569559063 0.12652709959703143
0.06312996442697767 0.018948398705242574 0.15669777774142135
0.09849000968707931 0.030782769457793086 0.043790801223471676
0.10110638971798298 0.02842117957275281 0.049332223985655385
0.105709351 0.0227247095 0.0641484429
0.11978659529529577 0.05303019174150296 0.06404162050488481
0.11926566321754385 0.05593543780433068 0.06288731296374424
0.09738723014299905 0.023814177567607925 0.03888993203242065
0.10108548696368047 0.030301255537315726 0.04222820139686114
0.11465644336536888 0.05020709314269552 0.05627438375468873
0.10102354785550109 0.02108802930509734 0.04383836202423575
0.10544909788920695 0.028450078045610592 0.04697764046077834
0.11587864608456451 0.047290893306921905 0.057896898818166835
0.10913694002392962 0.03430891838944522 0.05045535715216574
0.10530386034601681 0.0383717624236059 0.04523808697551732
0.109094856 0.0177499979 0.0573265062
0.111284596 0.0226131838 0.0599013136
0.1132167 0.0271440924 0.0620525799
0.10412004315140683 0.002784852215379543 0.03156749228060794
0.10557443471102917 0.010317195832100525 0.032291515878632535
0.10818193849046807 0.014527789456476618 0.032238882130306984
0.10912885385185833 0.02068779992150708 0.0321320333916873
0.10836038516540644 0.029795945755208112 0.03388947950136485
0.11225908911342987 0.037393134531948445 0.03739923432459505
0.12100044789256167 0.051192096574559774 0.04668222431507644
0.12759696611414356 0.05680446526484061 0.054335960876649325
0.10644473840286992 0.002872826978518918 0.03350883798762282
0.1071898631204588 0.009693886133034377 0.03360602177180907
0.10949090311164962 0.014503593149656676 0.03422448057863481
0.109397574282175 0.02070494098352622 0.03386171589667791
0.11070620842801739 0.028855523369616276 0.03521769739896082
0.11474219847385919 0.036263851028178196 0.03828935720388941
0.12332582328152833 0.04937214974510201 0.047031785559351114
0.12874907698670726 0.055704408583399236 0.054082058734994706
0.112707803 0.00345619488 0.0375315924
0.112731086 0.0101689662 0.0380310287
0.114231206 0.014356434 0.0385360905
0.11594587 0.0192409865 0.0393644417
0.116974997 0.0268172452 0.0413490399
0.119693886 0.0334390198 0.0429918746
0.127291199 0.04538714 0.0480401271
0.130691863 0.0511600729 0.0548908598
0.0885031197972028 0.002585852189868876 0.03756073186701762
0.09040002282007722 0.010393825723852773 0.03871311887083582
0.08706778197207032 0.014967026682530811 0.04008073905832692
0.10466847020741349 0.06251991163042352 0.08453576433937976
0.10491038624296974 0.05994289915138558 0.08515666536767615
0.09131370138521051 0.020808135681371003 0.04526823175143865
0.08952297346845924 0.02339039639021837 0.04080508565628868
0.08597916044963999 0.016275147312949368 0.036932737410163556
0.08348079715804606 0.002631124343326042 0.038292391837544085
0.08339988078713746 0.0027071839075619767 0.03617655626213969
0.0854805958833744 0.01010873648481633 0.03903547914143221
0.08419305608388448 0.011087726962760853 0.03633845133327724
0.09485591144861753 0.032484989672595346 0.055112628105821564
0.09266010231750238 0.035709863174614324 0.05048002833460352
0.09081974903983717 0.02643005725523399 0.051355778910132516
0.0880622234196007 0.02901635052965474 0.044981626832530416
0.08616647377465979 0.045072052402318145 0.06755277671468607
0.0890051869235887 0.04270668618225985 0.0697784714330035
0.08337148488428171 0.033323309321179446 0.052261165088558666
0.08788159081069098 0.03452585231301398 0.051113641858148186
0.08549506176685717 0.0304338746912559 0.0558702705583046
0.08967349088665223 0.031561411795034314 0.05534199603830758
0.09062348536905093 0.04660158194815429 0.06599953654044925
0.09494071455906114 0.04809808576970312 0.0641145443580902
0.09294120189174182 0.0437780478573895 0.06806900479469323
0.0968111533386083 0.045013963696598804 0.0663996404539756
0.07924132413150092 0.025755165297492756 0.04822636180723542
0.0834230498914673 0.027676786675075202 0.04584784867452671
0.08145539512940603 0.023458856560043446 0.051818234704736114
0.08592231844575701 0.02519412163807124 0.05116906939694644
0.074666047089103 0.019113429713243188 0.04669678714773977
0.07934430503012274 0.020804883554655266 0.043906151211192554
0.07645786259244508 0.017627362289995625 0.04934788446679928
0.08134980135251933 0.018788757419202978 0.04740694017906875
0.070491862181492 0.013399932298593615 0.04633988142346374
0.07545555375300833 0.014168372966050625 0.04311104058683024
0.07249698695162687 0.012802223292277258 0.04781340679142433
0.0770227622047999 0.013394121727934867 0.04488218807801119
0.06875564162270908 0.009860065274669235 0.04596258874222268
0.07351777560791829 0.010120948615411164 0.0427961852405727
0.07073626978118655 0.009268126639617224 0.04763375640974462
0.07511264273985407 0.009527641582068059 0.04456424162626481
0.06708254073671638 0.0027858878508756355 0.045597875381496504
0.07144230004000535 0.002831033255176605 0.042635249584798425
0.06841525224439075 0.002547977162035107 0.047254616707936695
0.07268642256646954 0.002517396969906541 0.0444955542831974
0.12447539889114975 0.05603686063513324 0.0763992230567381
0.1194428388284481 0.058326000293581516 0.0785747100345886
0.11236083084009856 0.06015618925186466 0.08169734506719707
0.12407368458017574 0.06307930730219849 0.07424045976426333
0.1189969715962647 0.06265596937182409 0.07736099813245394
0.11233111653267382 0.06314519653048863 0.08065576933694071
0.08614624331362501 0.05860576000444409 0.1411044085128867
0.08212340514364687 0.05863621317151125 0.13355146277359814
0.08429342651322681 0.06255820452121576 0.1404396625989138
0.0809653385441432 0.06166664386216645 0.13212903714395086
0.07898992294129305 0.05598588221737493 0.12483956882393644
0.07798088940408017 0.058183298899205364 0.12399258226361945
0.0917756709 0.0530355584 0.145395704
0.091198758 0.0485064152 0.135794694
0.0886135892 0.0443430515 0.128988722
0.07470075154511781 0.05349308392388123 0.1470810264767529
0.07364768288852407 0.054489018764392244 0.1468444925050701
0.07961081389484055 0.05745425791104828 0.1514388399955686
0.08033875247315223 0.056280249741426425 0.1517555396167563
0.07562653941440231 0.05621196527973754 0.145245530735206
0.07628836978676845 0.054679280090417864 0.14541441983872969
0.08207862521640498 0.058177614479814274 0.15930804150530253
0.08289819813616235 0.057189064516660434 0.1593043140881543
0.07744730558299229 0.056249706276837654 0.1529994350596187
0.07828164564668856 0.05546782302407561 0.1531912534700272
0.09348796382674487 0.05834249151724436 0.09154110154595405
0.09885566818332174 0.06033612625408086 0.08845485896797581
0.0964822041284521 0.06751141578594444 0.11504071237381167
0.10191764052169802 0.07087966580899017 0.11237599545466188
0.10002222796575963 0.06886511498496038 0.1260284206506952
0.10502785413748464 0.07258175394411213 0.1240223247064779
0.10312982748118518 0.07061786678505926 0.1361142120502461
0.10801012334573153 0.07381158797487003 0.13458519437293934
0.09954831233516809 0.05824538358352887 0.08865810326353737
0.09432477795513192 0.056468941170175924 0.09192845215688666
0.10310482137951517 0.06789520060091012 0.11311847331234093
0.09796531390700963 0.06538408519729538 0.11542905336782505
0.10575737385369051 0.06986379659598939 0.12499316578525166
0.10076585940656259 0.06694207285900289 0.1268508743013329
0.1086975364589241 0.0709736900295839 0.13538829065337565
0.10346645377011442 0.06851622295785943 0.13687380705096922
0.11604045810047928 0.07267654238283709 0.17943594768990137
0.12179986357707073 0.07409742777987606 0.17901563762660594
0.11650497441756136 0.07106229719135501 0.18030613871933926
0.12195259004856027 0.07283028644745629 0.17979787700508004
0.09464925461859244 0.06445067949688349 0.1391686399222359
0.09374850865134784 0.06662141618201108 0.13852741762564538
0.0917527797007446 0.06291481153879026 0.1299148086877347
0.0909196077380475 0.06466916916128206 0.12931256949869163
0.08879085698150439 0.0607419338386727 0.12000195261528782
0.08781999309212168 0.062498626935896674 0.11943584831037203
0.07955391006391452 0.04893621203392177 0.10012850308617223
0.07931550566016554 0.050128493541443206 0.09967213006616644
0.09957630877515089 0.06720281447470959 0.18078405364780892
0.10507325883321064 0.07007018776372398 0.18012602967379499
0.100549515 0.0661152164 0.193806999
0.106434941 0.0687339325 0.193603114
0.117944037 0.0731095366 0.193466301
0.124171245 0.074578448 0.193308125
0.101319931 0.0651860893 0.194173689
0.107107971 0.0675507616 0.193902823
0.118330185 0.0709492306 0.193944896
0.124408991 0.0727700344 0.193885301
0.10040500465956698 0.06458938928099245 0.18153716124264033
0.10575301208181821 0.06721593347280001 0.18139564144967252
0.09047693109361722 0.05899385329097518 0.18281414197471105
0.08968466819370878 0.06157632991157708 0.18239215715461873
0.08230927065680473 0.05527905768244275 0.18220648696975314
0.08071926429345669 0.055759729812706764 0.17471109009141345
0.08184704734913446 0.056998032151693384 0.18240132473948653
0.08013156127545261 0.05725847688720889 0.17482833919964028
0.07832525912975814 0.05541212492494029 0.16549969464641223
0.07743350747313 0.05641301639165231 0.1652962412015565
0.07233508488585444 0.05250798333161197 0.17748311396960031
0.07087895363743835 0.051753136765111805 0.17529383185381628
0.07165308611864964 0.05381180199808851 0.17762654965899252
0.06996651221292888 0.05286239008349523 0.17490260263254256
0.0739063964175604 0.0517793197996487 0.18409530707134278
0.07319204553412353 0.053017020691752334 0.18438908470239787
0.06580125701124359 0.045825225115398306 0.18455916287194749
0.0650163590794036 0.04613080302524685 0.18044040260725094
0.06467828395534522 0.04739091576940799 0.18492943133913495
0.0625321552722813 0.04801177720960716 0.1791441621697121
0.06428729851599292 0.04501301308332867 0.1779018132010474
0.06240671386582229 0.046654304300308216 0.17690739480904033
0.05502868933653517 0.03266658959267519 0.18673245513043943
0.056743467891635355 0.03132252313241789 0.18632494023639434
0.0579074238 0.0261303027 0.195433057
0.0567394266 0.0269555816 0.195991766
0.0631089236 0.0356515702 0.193717151
0.0618023248 0.0368996185 0.194415476
0.0678369232 0.0447339104 0.19365821
0.0668810604 0.0459508885 0.194294179
0.0752830515 0.0507657232 0.193762686
0.0746472989 0.0519346249 0.194407402
0.0833377727 0.0552134163 0.193714467
0.0829064075 0.0565160704 0.194359518
0.0919173196 0.0584684754 0.194614513
0.0912822442 0.0598907437 0.194134543
0.045828030037475126 0.019837689427204944 0.09829524652850521
0.04692809542658087 0.018240790890695135 0.09646793955312706
0.04495147148777386 0.02057078771642973 0.09792863969603005
0.04649525791777844 0.01819207344999808 0.09525970905144411
0.04900347765624399 0.01814086034245827 0.09502361415793645
0.04897408345583431 0.018787639957108946 0.09496056913753238
0.04965602707146779 0.016541267345247437 0.09395772589267697
0.04894707540076359 0.01658971008150348 0.09091620586944109
0.050781411051234224 0.01440332449668482 0.09079065207543799
0.05173582377685674 0.015509325488304505 0.09394624957345735
0.05293159602265228 0.01611111455245774 0.08826535370427628
0.05112259276324716 0.01814283348799346 0.0875653142623342
0.054165618211703646 0.017014207561419758 0.08986793796780683
0.05286936919978556 0.015830861406496928 0.09306408050677155
0.05258483100242902 0.01826636295317374 0.09035388545488036
0.05053096087685546 0.016657566351708026 0.09319830419049459
0.04416100410175958 0.018626248803655703 0.09900484047023803
0.045380821848610815 0.016663473948334544 0.09679245569692026
0.04302834060651453 0.019221232013973216 0.09853958677597478
0.043659721062656545 0.017404025981776282 0.09544113754111126
0.04685198119307603 0.020563816454172046 0.09800448421866788
0.04797834557874288 0.019692172602077267 0.09591959676368528
0.04606704569097345 0.02103574579388605 0.09752692804345212
0.046776922506381755 0.019692763382115328 0.0950857176606107
0.05027781121253427 0.01657716820019738 0.09628516823271514
0.0509611959619946 0.01515211701591506 0.0973164463925805
0.04949775130390581 0.017681551382481786 0.09420521512210966
0.04951870578381683 0.01740552163396791 0.0943856650626063
0.05166847149883743 0.017534075792748165 0.09523940668335992
0.04952924514735802 0.01831234905879414 0.09517880641950296
0.049904328707724877 0.018514072159702036 0.09526585738404975
0.05128390075226048 0.01762360475659334 0.09625821073865301
0.05186476862781317 0.017577023676395503 0.09462563040283034
0.04921217315087436 0.018424013002357905 0.0950351065102045
0.049834409239569825 0.018453928704256693 0.09422748004073438
0.052529789484116345 0.017469124751538185 0.09427340839765513
0.045163574009903826 0.013630295152732523 0.08608578107189227
0.04885985334329571 0.011246874206999602 0.08699755275374291
0.0536424551515223 0.009147211067380416 0.09080118539213823
0.05806441436314464 0.011241371903220693 0.09326861136096018
0.05152649945039777 0.0033360832003547073 0.08671260497537654
0.046333188108537 0.0036068191518226437 0.08315895428755958
0.0422539461817281 0.004186786134797598 0.08020600140638316
0.037805128771105055 0.013461300925363255 0.0988160182338017
0.040664678326740644 0.013026789884948809 0.09827363315444554
0.04507355906070881 0.011551323915337563 0.09988632422402259
0.04167351715197068 0.014471714730277512 0.10158851345373315
0.039211169167086654 0.014946118908228393 0.10278974036962013
0.05146826820176469 0.009869504156702439 0.1044694133121616
0.0407450036468024 0.01586810391306732 0.10488242921318433
0.04177243628088424 0.01586581100690097 0.10497386442036792
0.052542463013646075 0.011841185077768004 0.10804358463577303
0.03956158997861758 0.012114438136055108 0.10020245560020755
0.04111238807488701 0.013762659102905096 0.09969141259990781
0.03698326055053205 0.012348184353620341 0.1019048647283161
0.03824136754432648 0.014356404834348368 0.10033676908102371
0.04446973958158167 0.010078779270628937 0.10076143292367042
0.045706538126558505 0.011690257897152109 0.10099300819319885
0.04329136688271821 0.016312579626955613 0.09845319521780692
0.040832001862139373 0.01618576819573858 0.0984944781675712
0.047185198317845685 0.013441307129630216 0.10058661863918526
0.03433264705660454 0.008124125385811956 0.10194321767950877
0.03706307546779457 0.007374336185782873 0.1007859653054988
0.04081477322324233 0.006555085555856984 0.09931217273605024
0.03577912149271321 0.010188500918340046 0.10346390185522765
0.038252192080834996 0.009829478544725883 0.10168212113030485
0.0428737196023945 0.008474090933113384 0.10054798854257879
0.04327229701736956 0.018405862430531415 0.10856347758954041
0.04457542238074591 0.018574311280156363 0.10920162518318656
0.0556149409388843 0.015109985923924818 0.11373887902954605
0.038016955778120434 0.00788044949379217 0.10398799271870801
0.03581462503679227 0.008648719225254942 0.10603654685723443
0.04809558385103658 0.005674254996145631 0.10195149002468394
0.041352231311327994 0.006343420090415848 0.10037207486405
0.037605523732294255 0.00752850669676964 0.1024509205806459
0.04076779188391528 0.00371866750848439 0.10005238712438623
0.03663309202735089 0.005269838876491329 0.10235519834052836
0.03526362732163136 0.00868349926279655 0.10416759011948273
0.034004372235457256 0.006528491392589257 0.10450058511460097
0.03895993035713208 0.007706524022146701 0.10847646201107818
0.037308714530649725 0.008752037049741247 0.1088611884335008
0.04949935258506862 0.005438565441754272 0.10592095136627348
0.04040578018371944 0.008008605361951165 0.11194617642787477
0.03822495253259744 0.00814177192912712 0.11271049208975437
0.05109997537643646 0.005747842021265792 0.11093767282511524
0.045127896362572695 0.0038878579397519097 0.09933046836595197
0.04426128423275812 0.003861195729476414 0.09820973815284077
0.04335417926462586 0.0031914383184967424 0.09696492275034117
0.04283446497286096 0.002928715425265642 0.09611530054615604
0.0404849402673496 0.0033458816410694998 0.09481277778866434
0.0469377075278075 0.005443063576403434 0.10028052999477706
0.04596025141903338 0.005374912579238122 0.09885966275741005
0.045197279428021334 0.005349071134826537 0.097933594554118
0.04420743882984092 0.005141902820190025 0.09700053633392813
0.041831195931874635 0.005131383811572628 0.09533974329482074
0.043555211259859866 0.006315554733350642 0.09622652024984475
0.0486642225839583 0.006730826181405858 0.10118141109708755
0.0477096112278635 0.006631617311034168 0.09980192399021412
0.04667475715453046 0.006594354025288155 0.09866388631812054
0.045938907438675555 0.006430505731065727 0.09778476791505299
0.044972409357659976 0.007540687853667538 0.09669992002533809
0.050068793110159875 0.008513779158998142 0.10241837944485252
0.04921456022574821 0.008296016462444171 0.10103451442209001
0.04842810438919487 0.008001844611097101 0.0997818285372994
0.04755595366724499 0.007797589770078416 0.09868650300932219
0.04735412361062938 0.008627222321726715 0.09778037343430912
0.05128005230279318 0.009810041853873373 0.10294832210457898
0.050822643075576865 0.009556554761443533 0.10174234913638884
0.050022153444239326 0.009221447026988258 0.1007781814366103
0.049268247123296555 0.008995880281154169 0.09974020365193313
0.049692537605248936 0.010561778445756956 0.09880242153887002
0.05209652617030844 0.011207404194688096 0.10294035891894705
0.051724610607932854 0.010987695278248137 0.10173800545639913
0.05150471250829569 0.010711443654340822 0.10092283225853381
0.051167120196407505 0.01038713578149154 0.10022698235755839
0.0528568780158014 0.012190007059663971 0.10618883893012676
0.051967942347142734 0.010495914713764 0.10597097367214013
0.050879063987260796 0.008755561792816535 0.1061328448506548
0.04970907136803442 0.006807912029604915 0.10409691852024423
0.0491123930058352 0.005148760483442582 0.1030630619414034
0.04743425874900663 0.004047592920399524 0.10215050702738351
0.04642823152876609 0.0029177895521004514 0.10158177989061112
0.0358591130012838 0.003116224486677059 0.10085631674918641
0.032635812038457834 0.003509781537011607 0.10277774087628833
0.03899020667702611 0.0019840772766982658 0.09908616739203369
0.03816224800314789 0.002125531475491995 0.09762456869448984
0.03759034768196618 0.0021844295511409158 0.09646947063253451
0.03702422583592715 0.0022865772148380364 0.0952550023661838
0.0364389764798724 0.0022424484540048517 0.09400746690757698
0.039679747599676296 0.001926688002536848 0.10019455479698375
0.03923668163529228 0.0012496991526993188 0.11286361258161484
0.03815392358366913 0.0013120932945197019 0.10871957086587024
0.03706590654118597 0.0014812541937669983 0.11428980680792725
0.03638689776369236 0.001640574096810307 0.10953026091954589
0.04980494755533179 4.1325731204329874E-4 0.10888574584142367
0.048787301935959086 0.0012185173977461528 0.10442671269021161
0.0360763857440521 0.001355716786295816 0.10260910356820581
0.03347286534127056 0.001912469071781003 0.10449695934555736
0.04640416551199816 0.0012974990354087633 0.10108313126970174
0.045293191523829275 0.0011087800963461214 0.09965260356827618
0.035227716414512424 0.0013442452786510332 0.10009474681186933
0.032119190320278684 0.0018357359174418892 0.10243182462691451
0.03474098680934157 0.0012682102115476755 0.09923774419165952
0.031049065855624936 0.0016146032543748663 0.10102104743335495
0.04004266701939567 7.192856778592181E-4 0.09985109821001
0.039309123784248653 7.431247992078881E-4 0.09876904223282013
0.038357956091344785 7.957985606488159E-4 0.09723691721490413
0.03775657582609126 9.270562615098172E-4 0.09608198214093015
0.03687091289017692 0.0010244740169931127 0.09512942720954408
0.03593927677134721 0.0011171842499703647 0.09412018033242306
0.042145811333282296 0.002084195293337652 0.09524584971510248
0.044440029702531504 0.0025871954082299213 0.09870107379813568
0.04345715998822285 0.0021236408638597958 0.09730472178771636
0.04285909301498329 0.002063001248738937 0.09636246977681513
0.0395585582992714 0.002201467263438492 0.09442244273392494
0.041464295103640206 0.0011660558240652562 0.09457729830779346
0.04425684644507083 0.0011930609667609154 0.09859569442883954
0.043006869564124466 0.001189790354723488 0.09696493188766049
0.04234430188264438 0.001150673543588962 0.09587413686444002
0.03862890061923184 0.0012018454299809577 0.09361205871443705
0.052817725021047084 0.013332016219148595 0.09755541897256036
0.05557629843981756 0.012586594209658459 0.0960411756062836
0.0516516230667029 0.014070902068842442 0.09832738591456146
0.05829897205820384 0.012779594650304744 0.09518907225649281
0.05978230096880239 0.013567244649024488 0.09440651001358079
0.051352716975941466 0.01342736454226388 0.08489402838034785
0.04825779618763943 0.01507099578260501 0.08191796488663707
0.04954651384207296 0.0031145167581319686 0.08133146718397405
0.04681069641178738 0.004018222735646366 0.07857428066479324
0.057990660735498994 0.011369574084934669 0.08993750585294578
0.0601159886032322 0.013712275666657957 0.09177142413174212
0.06031339692217308 0.01524573161018675 0.09278664378786582
0.05397126800364628 0.003459491401474522 0.0856317341989786
0.05456705960739825 0.018002705709977227 0.09141777644188324
0.05360686845649542 0.0174969000870866 0.09357555120169617
0.052942342891144745 0.018614983272156597 0.09168187588408351
0.050556135628647886 0.01851947883928343 0.0934899151956809
0.052247954704543 0.016152319463945256 0.09770082447654344
0.05358212690878885 0.014229715378187681 0.09776518372178451
0.05617629276122327 0.013747971025040072 0.09686780100354399
0.05838774579751921 0.014038704532267743 0.09609977529245174
0.05957737097453638 0.015134715459053923 0.09500544470087996
0.0639261647091886 0.014574047018229692 0.08928886380780075
0.05459087468592869 0.014704536748074834 0.08134439581374903
0.06024876064246132 0.01662942003132513 0.0943087578882359
0.050231869380574126 0.02029967938645616 0.09318297176729932
0.05306637693446195 0.019130806314924455 0.09395697332246937
0.050155507847406126 0.020322025031119302 0.09348426507468242
0.05237837710520806 0.019352303177677044 0.09437450831976421
0.05028751696315391 0.02025406064392625 0.09381546153182946
0.052729481304725025 0.018626586554826147 0.0950045803217318
0.050646336940105806 0.02003551673472795 0.09424951755007219
0.05135261930836638 0.01940038330213143 0.09493859761940196
0.053470156617291986 0.016478025020886522 0.09730176054361228
0.05488845875107334 0.014646429405690494 0.0980992877373274
0.05569396266511282 0.014459636368528851 0.09828237590614873
0.05677921148527464 0.015066363225069122 0.0977902560784143
0.05903809808648289 0.015357700961540228 0.09661694510528739
0.05981289437800738 0.01673683667315898 0.09641207521087515
0.04478895213465267 0.017754372731947375 0.09796507123333256
0.043771335643182474 0.018208310087827653 0.09692104116560113
0.0462308757158151 0.01888451844501249 0.09744266283558214
0.047417369908519434 0.020297847460880442 0.09674062924168375
0.04562089001360562 0.01939046547206118 0.09665740008564003
0.04652335615084602 0.020488951632719948 0.09618272486684983
0.050885579554189576 0.011760592778664947 0.09874610026733116
0.05181941750224867 0.011723218182507999 0.1003195043534618
0.051883429773407784 0.011718295708857667 0.10104452077570275
0.05196586968242121 0.011912469927355576 0.10184424468540874
0.05233835514343761 0.012076968849894723 0.10320138020667076
0.05279522489672411 0.012363920476231971 0.10482032247991081
0.04818058034831286 0.014513071448712197 0.09975610353344251
0.04833971621808578 0.014814871957665938 0.1006429967350931
0.05328537716286338 0.013339679192571258 0.10590347711532312
0.05145758267732321 0.013118594085361788 0.09859448791359425
0.05208412495874882 0.012627534623561164 0.10018486261142495
0.05226837316544301 0.012788564904263567 0.1009117015980089
0.05266013111102394 0.013347144413806326 0.10194518560990637
0.05372474766830707 0.014466901871977349 0.1035493903269307
0.05450128578637762 0.014855304569438645 0.10487732056791517
0.04964790439678398 0.015925128776056143 0.0996230540055292
0.049492304266532935 0.016279880641107292 0.10050379718239229
0.0548915216864238 0.015428190245647762 0.10551784155870977
0.051777816899684866 0.01432099216163315 0.09828331585869671
0.05262272724012689 0.013325445962575837 0.09988106467004844
0.052988007601732355 0.013855780762594153 0.10087323667217968
0.054852955037080486 0.015597529848647715 0.10252339777178113
0.05667986470935076 0.017000931958909435 0.1040478388648664
0.056633996564649014 0.017227025929276846 0.10467823518043039
0.050782460424874575 0.017526079305414645 0.09938397252619903
0.0508487531811479 0.01759842545730256 0.10037401547201029
0.05673489975528815 0.01749809922753201 0.10508870128157713
0.05100719737237438 0.017221398024255884 0.09860664540581483
0.05133776532444725 0.016649722584149436 0.09808462350743169
0.049321897124872664 0.018237494976681895 0.09500419756337884
0.05571827512528949 0.001875841971508341 0.08735154604032012
0.053202002884226295 0.0016689947534850981 0.08903941868259259
0.05174887695932342 0.0015395094861183126 0.09019251387430736
0.049851996511844694 0.0015418143450062417 0.09118588615415302
0.04619653046779513 0.001225460946956877 0.09230335518357945
0.04298447501905988 0.0012146150721084239 0.09361278063897405
0.056173329260374195 0.003909118137190887 0.08795705324049102
0.05414761022519986 0.003418412827517235 0.08953019745816333
0.05232380150623972 0.003124293788779693 0.09021524284557893
0.049750172501286286 0.0025466725226379766 0.09129156021197878
0.046130124235767365 0.0022549163643020434 0.09319867800132867
0.041918057947820005 0.0028062541354407357 0.09390255978117554
0.05670801160332367 0.00554409794308798 0.08799861254182527
0.054772608110652245 0.004572335171339488 0.08996676817808348
0.05274130709771427 0.004020985630229521 0.09082808308728918
0.04954021726832347 0.003606343248057817 0.09196607094533726
0.046031204667349494 0.003440295829053098 0.09352998395128688
0.041777494584689844 0.004161681930206794 0.09458968117234345
0.05711184941859687 0.006141941618153802 0.08804330528630758
0.055198844160484345 0.005465350389093635 0.0898219481835168
0.05240758004739883 0.004376610377762166 0.09178990367244651
0.04987130982205197 0.00443062803165143 0.09260104995368615
0.04612251458441493 0.004509763666568898 0.09417920893039794
0.04243522487424563 0.005667551627372523 0.09565438775465013
0.059268540313463444 0.009317077764563786 0.08889036909279036
0.05436960902104217 0.00524701978127358 0.09106345213086772
0.05213514504436161 0.005457961097137865 0.0920039791829552
0.050146422116763165 0.0049462826220219944 0.09312220952983938
0.04661626250013963 0.00535509218804658 0.09484038769679244
0.043285390942309626 0.007010434327948697 0.09601459544735111
0.05927157824399194 0.010272577060131249 0.08969048440351621
0.05442546845911256 0.0069715127800370185 0.09112965706670664
0.052559839185080254 0.006481308417298206 0.09213783636073188
0.050735126935958996 0.005619165581113493 0.09352986727382576
0.04778529466503078 0.00622686537399154 0.09585908293608449
0.04408704474239767 0.008483912598053835 0.09639413845883475
0.059762318243622 0.011457868212203766 0.09025944859452843
0.05624589086365587 0.00831643491869292 0.09245581614244455
0.05381144481569956 0.0077382928972422335 0.0929985174007675
0.05216737263273305 0.007033453697020897 0.09415463585668359
0.05006525056743213 0.007448785170957795 0.09725806941687495
0.04789799941887505 0.008874805213512004 0.09823728687357142
0.06071806315748882 0.012496895613063096 0.09107518791485418
0.05762501490933621 0.009515811111062412 0.09299632457159465
0.05538703640155982 0.009028198616972205 0.09384260687475994
0.05377274227799926 0.008313983556850845 0.0950866029894475
0.05219179866375007 0.00916212722196146 0.09841657777907528
0.05032757774615901 0.009979475286746989 0.09929345413415426
0.06172000565136642 0.01355368275458205 0.09224860802029049
0.059099984675980315 0.011275917406336228 0.09352872910189432
0.05794552261325849 0.009858027145492158 0.09495129194782678
0.055284482318426836 0.00921970513489571 0.09598993698793054
0.05276399638317522 0.01103404938783037 0.09864133629554139
0.0516566730724924 0.011791098562453986 0.09911293620240393
0.06174521775960878 0.015288279214140998 0.0932187636231131
0.06085856162767476 0.012704862831410202 0.09493094945868287
0.0590604413724926 0.01192327506679934 0.09607234635466519
0.05618241030212749 0.010990183139120363 0.09705738735041156
0.053203107928616024 0.012507084321016571 0.09865424269485187
0.05232211646932407 0.01328286207378476 0.09919315506301991
0.06162410547819297 0.016112512785361747 0.09479033013460832
0.06058116757271925 0.014054605583444409 0.09558892042196264
0.05916450797940404 0.01315940282386314 0.09686519668802855
0.05684930901423047 0.012625900992647047 0.09814756939561066
0.05408040715093275 0.012901473942490247 0.09894812846633333
0.05294396501677742 0.014012219110426103 0.09944328145162608
0.061152846468823026 0.015579769679232523 0.09709589797023993
0.06042629431932945 0.014597162819803677 0.09753826573572123
0.05937538240341141 0.01377643564829801 0.09867603057531449
0.05763832045589468 0.013093690193184262 0.09970785102929203
0.05591351968907358 0.01305524434666877 0.09984573758207572
0.053726128627401955 0.014392633365486105 0.09934100131114798
0.05108572983507506 0.015207530613943183 0.0778361810934336
0.05952522857311837 0.01839713955149143 0.07900233194372502
0.055120037313253864 0.019292864974263153 0.07541384610929429
0.06096657982332956 0.020785051391909868 0.07293369260302417
0.05875938037784493 0.021613916788853837 0.07256803260035617
0.05968508640814288 0.02361506412126698 0.08332011965163182
0.06265043115872507 0.026846483357027898 0.07753512817308253
0.05801451803037992 0.024893104796246922 0.08118537179524472
0.061100617773495 0.027616318065475286 0.077056562061867
0.05537451825812109 0.019675968147585696 0.0857149758998629
0.05378071510731127 0.020559974975929932 0.0840746882394769
0.055941167836960105 0.02090358051346854 0.08741409178852143
0.059478363442154285 0.025085310089027712 0.0850066255333006
0.05385335853333851 0.02184527076824171 0.08604529631224574
0.05823809638087674 0.026423702690550013 0.0830216057289923
0.06294571878859898 0.028812863294466667 0.07942318837160191
0.061472884666604034 0.0295567728058026 0.07849556620268375
0.05964189891566292 0.022072702988467238 0.08190987170459231
0.06277665904849021 0.025767629003764995 0.07596791692265584
0.0575601304109355 0.02352858222116073 0.07941251009099586
0.06067853109889186 0.02590697957101261 0.07524969001954226
0.05501502199424602 0.018377334785636162 0.08413163302573348
0.05342215371801198 0.019225382804364984 0.08216738937476542
0.06455027595648755 0.016968315830135226 0.09385827757310539
0.07153795691785683 0.021978239608291202 0.09290511080836296
0.07680688716275663 0.024189147813218067 0.09110800101398284
0.0646298001492234 0.018036370499008962 0.09532345238477347
0.07181852191361433 0.02162121852523669 0.09542926391209816
0.0773938611130036 0.024718396055035955 0.09450834567307809
0.06420907681972383 0.016229598008484572 0.09215926384485292
0.07084995085160008 0.020917142237238853 0.09106644141922833
0.07568177190037835 0.023215472513361188 0.0883670735972398
0.04993441144158481 0.018314553151672856 0.09440859508077286
0.051797738487821536 0.016959718226944986 0.0959916346344826
0.0497002422000978 0.019121969097489477 0.09436434518212182
0.051937211057837225 0.017206470122407284 0.09709468394384019
0.05328290941946675 0.013900981260103607 0.09998676365776042
0.05217156628730321 0.014518713677269066 0.09812006290154429
0.04960896349838514 0.01888436962348246 0.0937915600769844
0.049824217746294405 0.01863774850048983 0.09375544690603327
0.04923737338118291 0.01989594341477354 0.09443206098394585
0.051891859654825866 0.01770212447066233 0.09772476526858907
0.04913989603027725 0.01937679464297349 0.09378360684662876
0.05369102632675713 0.014372446227980748 0.10075012872290606
0.04882355773982346 0.020631143706181115 0.09473212973127233
0.05172285912934027 0.018018177642076565 0.09842646042116987
0.04829348506508068 0.020237605072303926 0.09416431083800682
0.05574745166871687 0.016320384097891542 0.1022967476337727
0.048521494724482445 0.021295069316405978 0.09542156959803129
0.051869070201872994 0.018100431445687015 0.09943165856385483
0.04762721335849271 0.02099302661204851 0.09453479369862856
0.05755132247406771 0.01816584970820717 0.10310266991353045
0.0482603775087856 0.021695093452651127 0.0963861933822827
0.05207943770776934 0.01830343614888818 0.10035217492054309
0.04732581371076469 0.02176063701550855 0.09561565856816212
0.0579308736021921 0.018588600678868892 0.10344394858719516
0.04774678111064354 0.021640504056260394 0.09749776740169182
0.058159964095012485 0.018936402860083277 0.10397039962628432
0.047203155966100446 0.022199800346391626 0.09674645585121046
0.05054930966323937 0.02036980709856664 0.09449395916114942
0.053371199923020404 0.016928736978403795 0.09774569092348222
0.04982753531658666 0.02076307049863644 0.09383791369863703
0.054674808384464854 0.014626891042618207 0.10029794454123692
0.04997071744492203 0.021121578457329343 0.09419554859510572
0.05327235507090737 0.017243930136564528 0.09800068909813016
0.049386905702992714 0.021131195790511818 0.09372768826777653
0.05531578654987016 0.015248217839339953 0.10080988595053032
0.04964210458609664 0.02159875306195058 0.09424069238791008
0.05355908534608212 0.017203217818286036 0.098941259630214
0.04887400245753121 0.02148666645679647 0.093644797628061
0.056818724414626286 0.017062871461765983 0.10183316599511673
0.049606374591786496 0.022107328256087976 0.09480635516792547
0.053967765000417875 0.017789759338414906 0.09952961184697572
0.048720153303031595 0.022095554928054657 0.09393191017975333
0.05891880646932839 0.019050745998390614 0.10227616345757473
0.04940347804710553 0.02114132192149454 0.09273161116206506
0.05123283841875807 0.020847122462453557 0.09345187077122094
0.05656050326374728 0.01605759098240209 0.09946377596556312
0.059238386616109834 0.015961967660358033 0.10122317014787018
0.0499336098779874 0.022401609793239775 0.0960211570405795
0.055370787137125024 0.01848307879849041 0.10031256755078964
0.04883107136184004 0.023020466709438425 0.0945772840344069
0.059923634318619114 0.01968219529270656 0.10291547139991612
0.04963299928314555 0.021761572890467495 0.09181260611397109
0.05155098419402506 0.021538322866877766 0.0927696639536181
0.05680400287939675 0.01610722799338768 0.09971914480278299
0.06208842054980896 0.01836314753768542 0.10103495687350703
0.05034034225698991 0.022915370913744786 0.09696422544352168
0.06005989875662249 0.01981287353200699 0.10315900775426524
0.048870270755161656 0.023372083947032694 0.09537686123829184
0.051062751764739886 0.023057286199922554 0.09082320238790764
0.052953696174502275 0.022294214996905645 0.09246543865931889
0.062069520534776726 0.01912909014297733 0.10083961067569731
0.04365254572637444 0.01950253222830364 0.10156228165010227
0.042654415875894226 0.020148687449107496 0.101541458889309
0.04564005070806357 0.020163995141355005 0.10080309738184365
0.04446959110152708 0.021330562027051574 0.10013638159597783
0.04747256149571365 0.02092048563304976 0.10059511227708103
0.045920632579805554 0.021937315130993233 0.09945637804933147
0.049080150144801084 0.022043178751000585 0.09988665227867312
0.04738245186174481 0.02334995861894064 0.09816287252175504
0.05476111320317451 0.015102426214908154 0.107661581282789
0.05619888624450949 0.01655363300622257 0.10712481980203166
0.057581416978533764 0.018836821015222657 0.10601419306978152
0.05871458514158233 0.019618262587891157 0.10550619263299676
0.06073773916145883 0.020256537010581294 0.10476111178256575
0.05046121899847101 0.005103906709750469 0.07585832594623712
0.0511735777446861 0.0049191478517601785 0.07227020269990511
0.0498549914310066 0.005197730824082818 0.06795256349141122
0.04883660614137096 0.005611687713628625 0.06477353336189023
0.049016413443476854 0.006113736619209549 0.062258037864090746
0.050367841197091576 0.006371978005610086 0.05914127289519773
0.05312780731700476 0.006443896254215241 0.05431074200009172
0.06288302490827115 0.0060310421729165235 0.04795303547028477
0.06769388244261401 0.005797989731944881 0.045968638934268176
0.07215875170754525 0.006092056298757947 0.042634202019824124
0.0776815745185182 0.006135311190142332 0.03925764073423343
0.08355735271554991 0.006511949738401233 0.036136364802097184
0.0882057603253019 0.006756685166226974 0.03491609050465181
0.09159952071681024 0.006904781952357594 0.03441937266556754
0.10749416052991945 0.006357582825449331 0.03360782508454872
0.05298165925746798 0.003384248826074461 0.07846946989357326
0.05410976494945714 0.0044057448917583855 0.07339293049774746
0.05257802073153896 0.004918312026996301 0.068847722724107
0.05122106251479585 0.0053161454357695676 0.06512030057736173
0.051122497610956365 0.005841040162717277 0.06288987314507816
0.052425840428436406 0.006010201013367537 0.06102792946110094
0.0557459250090043 0.005946659200025641 0.05735502879890506
0.06458939491446378 0.005627063969025479 0.05021563553098739
0.06917424606179552 0.005749580434169216 0.047420386493188915
0.07337808361594236 0.005785332899323755 0.044200555006975936
0.07833365573689384 0.0059169446047449 0.0411153195199258
0.08402258885077248 0.006004847471571485 0.03844989377609879
0.08896750443203204 0.0060381267863578265 0.03767936828115359
0.09385277725238238 0.0063401507353424815 0.03765802663112653
0.05974316822680548 0.004560492903922795 0.08382215705693816
0.06216532387965888 0.004991347463318644 0.07915680070437324
0.06348971072922392 0.005088937390587481 0.07453199761026987
0.06375733659230393 0.005033040662620622 0.06985899375112385
0.0638349383 0.00506651384 0.067130557
0.0637772542 0.00496064089 0.0643099836
0.0636194431 0.00467075976 0.061077004
0.0687089123 0.00552398616 0.054571133
0.103647418 0.0055243004 0.0522292859
0.0875512304 0.00562569855 0.057146991
0.0744824568 0.00278186308 0.0567282334
0.0816909888 0.00246592907 0.0569248222
0.0918479291 0.0023308376 0.0560342042
0.0966824885 0.00231168879 0.055491575
0.0748288749 0.00532100669 0.0563278518
0.0811973294 0.00574974923 0.0566875992
0.0943523083 0.00557093151 0.0564846847
0.0992140047 0.00553757993 0.0552947372
0.0757274163 0.00842965351 0.0562794747
0.0819304192 0.00844788648 0.0572072355
0.0953903872 0.00905506033 0.0578352288
0.100454528 0.00902170055 0.0565715127
0.07774715 0.0120340015 0.0572022293
0.0836595137 0.0120803683 0.0584294072
0.096965782 0.0129824544 0.0597643363
0.101896341 0.0128956478 0.0586676072
0.0814314809 0.016100931 0.0587337729
0.0872858183 0.01633731 0.0608764397
0.0988101698 0.0165888757 0.0623096115
0.1051743299975372 0.006305209054623452 0.03327669830457233
0.112715307 0.00654408403 0.0377532574
0.05508527144931867 0.003249355944071613 0.051035028857375236
0.05804302359538323 0.0030433012559896422 0.048925018975349926
0.057982868687056995 0.002851946435560659 0.054531004424367535
0.060398504489313574 0.0027892662714696648 0.05190085006307974
0.0635153591 0.00230852009 0.0591456033
0.06491492 0.00260489215 0.0569100145
0.056010526675665265 0.00622809425162025 0.05127703982722756
0.059117198232672794 0.0061734671592243474 0.049007345365893226
0.058493088794900845 0.005690976598768057 0.0543396985898122
0.06125296292906368 0.00557063099069849 0.05186155221517545
0.0641665107 0.00483045054 0.0590127507
0.0652671247 0.00516894345 0.0568026068
0.057849227392118445 0.0102671416320168 0.05149480190838828
0.06086383408368436 0.010064368528401764 0.049452804114286965
0.06052291039806447 0.009041579568235838 0.05466471692319682
0.06348890688923123 0.009065373688866016 0.05228101739172913
0.0652340502 0.00777124236 0.0589135343
0.0666893883 0.00811133313 0.0563003266
0.05965761762114768 0.013214279067788916 0.05184832572533411
0.06271710255374686 0.013051922909074766 0.05006314128052148
0.06516142359747297 0.011991465296612097 0.05245095629548074
0.0695523759 0.0114626265 0.0567485953
0.07295882647013971 0.018618070245468448 0.07616914350470803
0.0689069515221646 0.018464530573321657 0.08736507146572907
0.07307633608750241 0.020410641571179042 0.08296125908018727
0.06332140216319121 0.01745128403473471 0.05275256959285837
0.06625887559352493 0.017651632358857725 0.050639806092042106
0.06856962300998981 0.016308055841773354 0.052981255983877415
0.06751450985852289 0.02374640429853531 0.053800547273268995
0.0709972663434167 0.024065934755139833 0.051933784602051905
0.06916295611826499 0.02278111851835747 0.05561148716175167
0.07284416845742278 0.022635918027883572 0.054009921730186365
0.07313320605138497 0.02947637286104601 0.05732143589759465
0.07650459134955359 0.03017060587431839 0.05587105320660383
0.07498224028139924 0.02752428182140602 0.059382864132588614
0.07878349360411611 0.028015852796527775 0.058351292823050245
0.0732099259 0.0154745617 0.0582496845
0.0752992163 0.0197820439 0.0613269157
0.0781956075 0.0206069358 0.0597924978
0.0804882119 0.024120554 0.0673876028
0.0819629546 0.0259741219 0.0653939565
0.100876244 0.022886127 0.0651472197
0.0956873382 0.0222390109 0.0644673153
0.0901515812 0.0215665509 0.062875186
0.0860189399 0.020949288 0.0601398425
0.0993714424 0.028800145 0.0666810364
0.0935288787 0.0281538632 0.0631825681
0.0883825585 0.0277715491 0.0625228737
0.07530633610858767 0.021111177554686222 0.07898878446197982
0.07227969818367735 0.0316108264353523 0.06294498285221875
0.07287790442884853 0.035061846049650174 0.0674814101031144
0.07589448344394073 0.03364850097187092 0.06144666186952464
0.07732720096711113 0.037294989978636756 0.06618571269755376
0.0794069597759221 0.035665954155027296 0.05994570813362134
0.08136547279990053 0.03974523913944813 0.06447876983923499
0.08291233720574247 0.037615676266214496 0.05815335461965314
0.0853413694789403 0.04166774987865882 0.06265245203287013
0.08705287670016963 0.03906425839761801 0.05629894118750617
0.08935994757508296 0.04346950615738512 0.06056502307909486
0.0914894333045681 0.04012547789232481 0.055180796331615864
0.09370046514106614 0.04453899537991599 0.059331612775052105
0.09601925002861462 0.04081412968963629 0.05405653641049616
0.09832265041232036 0.04533611901544307 0.058075484421428375
0.10099879155435293 0.042261102622401084 0.05212977829642436
0.10368386259078252 0.04616006838877338 0.056895129497178884
0.10569850723740538 0.04257264439789308 0.050514303181927206
0.10857730264704686 0.046205961037067776 0.05510507340780279
0.10921768006578714 0.04216023247506194 0.049385504799508116
0.11216927426463286 0.04612457153078021 0.05283184270766799
0.06777453537151572 0.030555589867405832 0.06952908646777547
0.0740580393580162 0.029987966647413378 0.0647234652987772
0.07504388814206947 0.032869509469079586 0.06955509604482649
0.07842718612850524 0.03173604617448107 0.0638579186594619
0.0799577996937269 0.035351098824086546 0.068299481111139
0.08177704178520992 0.03360114330743194 0.06247905322457034
0.08384231715246857 0.03751152519121451 0.06687093824907465
0.08521795458657799 0.03551957329985765 0.06087946094598224
0.0878091730272017 0.039510023267920136 0.0649774304322195
0.08952178267327464 0.036864016230608254 0.05970982310477919
0.09191025637549737 0.040785387737555814 0.0634027014413177
0.09352667014014966 0.03751349409705956 0.05876475996246966
0.09565611912906986 0.04177147265843304 0.06206481724669762
0.0978682451297852 0.0384287667457257 0.05711765316898907
0.09982924943533648 0.04287648775775106 0.06024514793196659
0.10202293608600303 0.03953482308566092 0.0556359043278108
0.10417390912425409 0.043873768380558745 0.05877767618114465
0.10653563536593917 0.04009147099104894 0.05384311420698797
0.10886758761759877 0.043928321597786375 0.057029739608581445
0.1117400493453555 0.039251768755787106 0.0528514283013976
0.11376167782104908 0.04330630403942773 0.0551890525318162
0.06995417939959932 0.02918447191752711 0.07113693872064192
0.06323775551054683 0.027093469207298628 0.0707564870713639
0.06545581778661755 0.0257236957221595 0.07261927439365205
0.06312675447756828 0.029526128681034765 0.07637911059219245
0.06471397910419302 0.029092191212200132 0.07766341452611614
0.07253420849866157 0.03844337384972212 0.07906262914043066
0.07195645772474947 0.039831315247410376 0.08426635966167624
0.0781408937166848 0.04138770073938154 0.07707350709665838
0.0780023005723392 0.04326983062469277 0.08237814076235858
0.08294163179544645 0.04457492529996382 0.07495211779813277
0.08300534785989165 0.04655680475895058 0.08017622864783723
0.0870318745819313 0.047255281876473064 0.07304566487239421
0.08761012411843748 0.04945328508171327 0.0783058372594051
0.09160439329820158 0.04907191972767245 0.07144557920311906
0.09241004081469344 0.05142750715311058 0.07666816288903401
0.09633618010781024 0.05077285163392888 0.06968836374375698
0.09728765107449559 0.05320201934629997 0.07455266287324551
0.10153999262672436 0.05245524091082159 0.06755033813014343
0.10259025671922972 0.05492933131988087 0.07174479830539505
0.1074064842806133 0.05274180685720091 0.06548192979398991
0.1088774286739888 0.05502074401784795 0.06915848385674213
0.11266127407131628 0.05261083537067395 0.06305638165458481
0.11439976722724342 0.0551579673502629 0.0663543245280784
0.11708220345206956 0.05339551533355454 0.059261003331173366
0.06641219163904763 0.03486233530267047 0.08082169492089616
0.06492148254397756 0.03635537516089815 0.08584471833014877
0.060166137815248766 0.03297625478027183 0.08625720338862977
0.07409083962021808 0.03756026316361299 0.0808326914092883
0.07314468911465596 0.039102233903529716 0.08562996505947061
0.0802861951045715 0.04032929202684359 0.07906759151677623
0.07968645354198925 0.04228682674930914 0.08338027712192604
0.08550172632390887 0.04330180957261269 0.0766430885558903
0.08504373211094395 0.045460421271217306 0.08082915689397642
0.0896495371482543 0.04549230409428715 0.07450083872999443
0.089698925694285 0.04769302287677978 0.07894894779990763
0.09359741281294218 0.0466460341595455 0.07325843835463511
0.0937982159312394 0.04872846402604819 0.07768877456085257
0.09785600798056514 0.04789036206660213 0.07148714321348376
0.0983646527192013 0.05025328583928679 0.07544545396675142
0.1022941560796512 0.04954255082246287 0.06911308551056458
0.10331083197378892 0.05142290001256122 0.07312419462496315
0.1079188305136353 0.05039202821094487 0.0668165414486547
0.1092488741221759 0.0517459953214765 0.07069019455862585
0.11323961657554281 0.05035974294040982 0.06424802087687739
0.11494017613026195 0.05226814239884902 0.06736994613703488
0.11788357508819636 0.05055959590667744 0.060734755135238405
0.06689273694535837 0.03371572108485333 0.08221192755763493
0.06551661150569088 0.03547697818238195 0.08702289724439612
0.060316685077458555 0.032886003241763564 0.08736868429065975
0.07909077478135416 0.02322260488364952 0.07672589870159312
0.0832722062 0.0257189221 0.0749014675
0.0856642078 0.0279671885 0.071756785
0.0869672631 0.0296056467 0.0682896273
0.0894773013 0.031342428 0.0660799397
0.0924986664 0.0325762192 0.06581398
0.0960866947 0.033462438 0.0657625982
0.101342277 0.0331732147 0.0671294557
0.105357127 0.0329399382 0.0689495697
0.109732161 0.0324607719 0.0670352421
0.115180965 0.031327828 0.0647562848
0.07681560720523127 0.023294273102368996 0.08509505861003729
0.08201424789464103 0.026027986515713256 0.08395360379556681
0.08535526343274916 0.027799381513352345 0.08093698328913135
0.0896648799 0.0306886456 0.0771979505
0.0913376067 0.0325022435 0.0740744696
0.0933721024 0.0347582564 0.0708038701
0.0964540389 0.0365192001 0.0696746046
0.10028931 0.0363994531 0.0679885512
0.104434859 0.0360372928 0.068438662
0.108163195 0.0351939127 0.0699581191
0.111653737 0.0356423545 0.0695362002
0.116166606 0.0349925126 0.0667343185
0.080138999948835 0.02560804179925586 0.09365162434342507
0.08351941631421761 0.026850521690593387 0.09309872898183258
0.08777825928388941 0.02926652552083116 0.0888001852280604
0.09136346580355452 0.031547437386746126 0.08515582465819163
0.0952553951 0.0347543929 0.079829455
0.0971101073 0.0369580436 0.0768201568
0.0988817597 0.038411505 0.0728344905
0.10170111 0.0395121751 0.0711188104
0.106008217 0.0393893374 0.0708759116
0.110788088 0.0392632019 0.0711250005
0.113667854 0.0381138946 0.0712797119
0.117593265 0.0383384094 0.0685691952
0.07858618880144122 0.02429933509803857 0.09991798896099205
0.08349729900700759 0.0268216451942737 0.09812596978482556
0.08858670220712099 0.02807187869726604 0.09548419874664153
0.09277415836184329 0.031186386699610855 0.09173866359642609
0.0979079185 0.0349329069 0.0872295191
0.0999241642 0.0378735688 0.0819990057
0.101551192 0.0398811588 0.0788047422
0.104089729 0.0404987751 0.0766074121
0.107576368 0.0412435292 0.0749633277
0.11186935 0.0418026588 0.0738215396
0.115045093 0.041442484 0.0726710937
0.118527057 0.0403682739 0.0716421613
0.07687525283442313 0.024780591847062897 0.10380380101336951
0.08196545519773865 0.027274145891097147 0.10190847046543518
0.08734776316051125 0.02864488792587286 0.0990649984451613
0.09216812541581054 0.029915726817202407 0.09530849152388716
0.0989886618 0.0345097224 0.0913598756
0.100496543 0.0390705644 0.0864092734
0.102693819 0.0404661729 0.0836541559
0.105803505 0.0409385058 0.0813349275
0.109102322 0.0418594333 0.078926209
0.112796228 0.0428011806 0.0772231931
0.116085734 0.0432931433 0.0755022511
0.120595772 0.0414193206 0.0728445893
0.07634333384069186 0.028365603925630558 0.11603548262539522
0.08205697720401119 0.030067353324388084 0.1149032933283071
0.08659582155412883 0.03081561241858731 0.11368140589548342
0.0894462060927324 0.030645052387907667 0.1083256542512579
0.09423801991155797 0.031702693783628715 0.10552882822035892
0.103285333 0.0378642576 0.101604759
0.106430667 0.0400078628 0.0987808559
0.109319966 0.0417092633 0.0950030125
0.112470108 0.0426617723 0.0916157875
0.115745559 0.0441334423 0.0880777728
0.11960357 0.0447874457 0.0844080724
0.123984158 0.0457901584 0.0810376364
0.08034615979065185 0.03298655995617061 0.1195010226320021
0.105788277 0.0454944095 0.123387033
0.109413429 0.047099075 0.121407822
0.114046694 0.0474358281 0.11941608
0.117986512 0.0485685033 0.117054091
0.107085 0.0492410547 0.132437142
0.113295852 0.0519854731 0.129467572
0.113255324 0.0457959213 0.151157003
0.115621083 0.0469692745 0.149407427
0.117221943 0.0487588751 0.147074823
0.119147527 0.0509435644 0.144440254
0.119540853 0.0606054458 0.18257083
0.124416701 0.062126227 0.18198578
0.101957555 0.0513285181 0.1842044
0.11092189 0.0562450625 0.183520945
0.121809554 0.0626747165 0.197961853
0.126861498 0.0647049974 0.19822038
0.102733406 0.0536381503 0.198004393
0.112366889 0.0579494322 0.19786818
0.05003231030567875 0.0233901233496102 0.09261895159110722
0.05135539631112008 0.0228639743546558 0.09397738001381774
0.05233687207166952 0.028062345068638698 0.09728291767898885
0.05283527653941831 0.024180016508599644 0.09498928404454726
0.05137821204291583 0.028034555992688146 0.09647314521338352
0.050708650658634266 0.02498611000844319 0.09353647269654107
0.0598758568763121 0.03719180477059258 0.10738603762351909
0.059260689114675684 0.038153399183830934 0.10723146963297125
0.07106237373104461 0.0522356208162252 0.12754942055350751
0.07036056025994596 0.053555056029945945 0.1274514130205112
0.0558076103692954 0.03411854777158998 0.12484994297028926
0.05657240087103933 0.033958885231507877 0.12548071445164527
0.07012473472129603 0.05140174628392795 0.11953144657459762
0.06861896066181633 0.04807573300500758 0.11135674450984007
0.07557977207954485 0.05436159209162375 0.11694870405478332
0.07387637576036882 0.05089222263830236 0.10928751484043901
0.08129019345111765 0.056943469730752656 0.11421562715023434
0.07980144588819196 0.053343466670455135 0.10679496810721321
0.08587551176935339 0.059326239663801864 0.11165177861013646
0.08465901446896876 0.05575268007101837 0.10420570267513062
0.09020408141423898 0.06216230125352692 0.10906400017780551
0.08926955348962569 0.059031399692667665 0.10125737879792893
0.0946161234694826 0.06471604593798425 0.10662657320095731
0.09383853809477771 0.061526419862794925 0.098575719673639
0.10039399183177423 0.06704692957300383 0.10354261282132735
0.0995113967975897 0.06331199067950326 0.0954066066677691
0.10746125262721763 0.06899792504666154 0.0999946079697005
0.10599685041031344 0.06546339214422563 0.09140506819699797
0.11575198541633319 0.07149959415942829 0.09499035829288884
0.11361509800559386 0.06756022443031724 0.0866210778950627
0.12331751781193405 0.07109697282791363 0.09145020153359107
0.12044524269672031 0.06819680425907489 0.08258608993510712
0.1291995025877804 0.07023790167681572 0.08889124019682043
0.12604056457498786 0.06726908486618573 0.08013851743527518
0.07058539697485337 0.05009756791618557 0.11940446696493306
0.07627258212272336 0.05268585638327188 0.11740454938909693
0.07450521075720294 0.04971232608658347 0.10957870359180717
0.0821464820224016 0.055427390145774545 0.11454342834026675
0.08015706526190236 0.05233469712824432 0.1072168279144672
0.08669037547092173 0.05763502176657205 0.11219541747808687
0.08529569115894893 0.05420073473272636 0.10493175859453757
0.09149849387482246 0.060256086329898026 0.10945957586834375
0.09029096162418394 0.05701409927759379 0.10204742297198535
0.0961746996330634 0.06225626528755006 0.10700311188995548
0.09498391716275226 0.059362329900677774 0.09916753118075348
0.10173398060028818 0.06369578693082968 0.10424375698879676
0.10039822667388021 0.06081613591945921 0.09595418522867769
0.10823667847571929 0.06532878428912234 0.10103510987663045
0.10636605081600932 0.06250015151593441 0.09235199774630798
0.11623732486705757 0.06582429792522919 0.0971610330999849
0.11367765017983897 0.06310305748637049 0.08821228201293808
0.12289749979740895 0.06544979318585863 0.09326444754655314
0.12052444027092848 0.061474052897303365 0.0845450844462394
0.12906282944662614 0.06388070790364726 0.09045991324884092
0.12609396902075587 0.06128172063760336 0.08197332903541274
0.0841195035 0.0380686292 0.126395613
0.0889561526 0.0386391282 0.125247147
0.08798876748474406 0.032944580288414245 0.11958403252785385
0.09309505466995276 0.03867621382407552 0.12091389487934229
0.09079217677886685 0.03322806450362015 0.11462615528327295
0.09827639684119605 0.039793983016600316 0.11864271416496189
0.09482378466805857 0.032656213014040994 0.11174621023741732
0.10480807 0.0416488232 0.115937958
0.103209351 0.0383154204 0.108829814
0.108106259 0.0440578439 0.112722396
0.107014649 0.0417396213 0.105576352
0.111895664 0.0448395674 0.110079145
0.110490213 0.0429617538 0.102200899
0.115657293 0.0459363105 0.107129762
0.113977615 0.0440985436 0.09864387
0.119787013 0.0461258798 0.104378583
0.117613644 0.0450097363 0.0952826467
0.12464724 0.0469880661 0.100851657
0.121887904 0.0459013035 0.0915860366
0.129488576 0.0469852461 0.0971881752
0.126226807 0.0460349939 0.0867915077
0.06672836762462875 0.04668394474381055 0.11237591411853654
0.06722989404802013 0.049124832655343634 0.12029715192026315
0.06324545615734678 0.044112556768183195 0.11338528521554608
0.06458567985888095 0.04655719522857299 0.12158612169306725
0.0606442098814809 0.040511750351617776 0.11484153740069485
0.06718830205262333 0.04580664882577935 0.11277069613991846
0.06796124701841773 0.0484067902981839 0.1206440960264819
0.06395461227803076 0.0435868630872084 0.11398883036800547
0.06488382604329986 0.04586102897654143 0.12223396979162397
0.060879954748477835 0.03978242115833086 0.11562274971680009
0.04093192730240785 0.011822958601241287 0.11594254226517593
0.04228653140552781 0.011986427551681651 0.11634752836273618
0.037349664288355185 0.0052289503937135474 0.1182437451406753
0.03923811050605405 0.008110799062236473 0.11749863870173605
0.039637863004538115 0.005727433865171497 0.11794548744737247
0.04042854404267315 0.00884246879124405 0.11784619022669936
0.037398735034292405 0.006263862492311894 0.12283681176075793
0.040518273628666175 0.010089633620294067 0.12174094000102223
0.038765980979830895 0.005978444403367208 0.12370810427042805
0.04083950031945812 0.01031223323718618 0.12206073768639188
0.034508424614282524 0.005303464229481603 0.12510781485582906
0.031008324223526486 0.0048933754824099646 0.12701689069732705
0.03493289114277052 0.005012565558142389 0.12680066786194902
0.03184655799585609 0.004880365609427808 0.12886551411604225
0.03319419758863937 0.003047199757733905 0.12418795200867648
0.029979337321458778 0.0026821849801704333 0.12611807975278863
0.033750758184021595 0.0030694398279088476 0.12577525951431504
0.0306395293767651 0.002770292566001352 0.12763907242797248
0.032730451384493583 0.0014676945559079905 0.12371302558170577
0.0296251586855028 0.0012593289737392707 0.12559189916824073
0.03323028551080322 0.0013843901888963034 0.1252975883113675
0.03018572511878401 0.0012800633134900186 0.12710553260305804
0.04633658173551602 0.00996696509969274 0.1578859789124135
0.05009259648162913 0.011149524031779911 0.15715813176388913
0.04765292538305854 0.00920806124138295 0.15775562232923615
0.051501804564057195 0.01068024515229852 0.15727655118680917
0.04801611309996484 0.011836207956561795 0.15382555539667941
0.049007154043699326 0.011222692006850917 0.15389197751734648
0.04490851171112887 0.011968670604511436 0.1505437876699368
0.04600442806909703 0.011338526346472004 0.15054667882291348
0.04211979281349595 0.011994144020271783 0.14777742480121678
0.043085238115879096 0.011165135791394788 0.14769756380652005
0.03965721128226795 0.012559109208503382 0.1460739455854329
0.04050830420940202 0.011733045194615231 0.14597636471014191
0.02915254520523099 0.013178721386538582 0.14123162252226854
0.031028955611306416 0.012204279838226209 0.14149564141556664
0.02511768673271423 0.011330847391061919 0.13535465361605525
0.027515137229716602 0.010746817640168495 0.13595959053589196
0.02757769329098422 0.0106337081350903 0.1317739624099941
0.030382470755228545 0.012957713097499912 0.13317618468710296
0.030292729381462713 0.009746529399191753 0.13362865403815075
0.03245558059927368 0.012347069286398232 0.13472565592610566
0.030849345587486306 0.00994547085326792 0.13031057694718665
0.03336639461500058 0.01198920969957036 0.13209111132858806
0.03215823204125192 0.009120371633204881 0.13222005965638353
0.034333958910184675 0.011598787474026873 0.13345170254470423
0.026619572049453064 0.011951081056333268 0.13808791668906248
0.025511280592830324 0.010981240518024144 0.1334841939642551
0.028788241584325622 0.011405775760733861 0.1386197737361904
0.028001001253025643 0.010329247922790451 0.13459895335227196
0.03253871815619733 0.015578402127539191 0.13972524344727158
0.02990812874948512 0.014868721803410942 0.13747439130734315
0.028658852155747774 0.013860154330048086 0.13537669509893954
0.028986184543282893 0.013151474185093513 0.13441599708493726
0.03405317510432886 0.014662751925884647 0.13995745717063904
0.03159198434172628 0.01420856442142026 0.13808652609812916
0.030547544008012104 0.013262541615894855 0.13626002090975517
0.0308269318380583 0.012850001372307551 0.13541561526161136
0.04028812132577338 0.014877949454476626 0.1420279769965533
0.041375140610461374 0.013574129176789348 0.14162312128494034
0.04926653674875308 0.01750792252940259 0.14392398997842076
0.0525341043541201 0.013209561305637113 0.14821496743648874
0.03638704922545644 0.017467862068125378 0.13745588004121329
0.03749206641281293 0.0166072094694654 0.1374679976551161
0.03996486620864937 0.017728888022764892 0.13871101131473704
0.04087220574916105 0.01646433274808781 0.13828734490474207
0.034292606321158284 0.017185588114220583 0.136118665649815
0.03564419908951787 0.01609113472636286 0.1364591333709512
0.044119389787362684 0.016282958100249757 0.13891588498700438
0.04504417749433822 0.014857773014244405 0.1384394006816472
0.04685324546023767 0.016854741623741825 0.14098039704774698
0.047740237694224856 0.01579545651896762 0.14077952802455174
0.04694690147740141 0.01793435054529019 0.13688520529645418
0.048077006570996644 0.016309463175953935 0.13650315502183794
0.040041970197988094 0.019307292817802395 0.13379656111077304
0.04167378483792461 0.01735754931169125 0.1338113002053
0.051323456631552494 0.01995347857381634 0.1420054050138364
0.05499355129883522 0.016361643411667116 0.14394166118193233
0.04334085521161753 0.018551092995575218 0.12543612286129427
0.0434786133953197 0.01759730166645245 0.12612291810903617
0.04452196232202854 0.018106108973916693 0.12356291680899817
0.04492764111281883 0.017468149060810595 0.12428519968695206
0.043991057706009286 0.019938064969285282 0.13040861646424437
0.047267923258400645 0.019347303339101566 0.13246671587588388
0.04505456020963363 0.01847297879111885 0.13066485649529327
0.047986753167442935 0.01813526020698883 0.13247852028398988
0.04531466484253061 0.016203274543338107 0.11893240856574798
0.04568649838831414 0.01615136734625701 0.11940875316678806
0.04162060713989038 0.013596510260679748 0.12180923594737021
0.04217211264910895 0.013681253728207 0.12194053982232742
0.04521947976929845 0.02103475856139862 0.11250759518972785
0.046337864630013395 0.021025181461673925 0.11343679042586326
0.04605462369393004 0.025005633710767156 0.1102405941000468
0.04710842506510833 0.024416821341639378 0.11106206383515516
0.04654132226446401 0.01799664692063714 0.11839259353548598
0.04699955422394904 0.018002048077276057 0.11864817592150927
0.044970159524976405 0.017318454831617286 0.12127046945367352
0.04540587337881674 0.016779612308740262 0.1218419190153292
0.042833382903648125 0.015463388507968726 0.12135188895724797
0.04303859685371078 0.014693443864390667 0.1219261458029962
0.05339603495773801 0.03111862435235451 0.10363141799951722
0.04965849779500516 0.019952593436958196 0.12149505566127798
0.05015674669812719 0.01980052426466035 0.12212877478051647
0.050220004473567545 0.01958732301810947 0.12515237282726768
0.05074287425900856 0.018785842051500707 0.12586112842364014
0.0480916740802477 0.02006624051407697 0.12784430967496693
0.04829306423918012 0.0191155831660053 0.128449647279437
0.05057579464080093 0.0196635385790163 0.129874066976866
0.05106522877442954 0.01849366770766152 0.1301141601453675
0.05207063552717789 0.019731205157184774 0.13144792235824493
0.052665062378507835 0.018480367972948022 0.13152384191389788
0.052244208885249395 0.019586138371354204 0.1279298207642733
0.052636348228010194 0.01855417523685469 0.1283538694123711
0.05040979348989383 0.02260436256708559 0.12062967108057321
0.05127273076928362 0.02207998286432468 0.12170927063973337
0.05335804968613605 0.0314726863955188 0.11596788257272704
0.054088555217200796 0.03153129841979966 0.11702948709797965
0.05797937250603129 0.03827254039175863 0.120324434834162
0.05841067233754406 0.03786316075269159 0.1205242266166541
0.054744483725033925 0.03355028802481836 0.1206847331868352
0.05544744335022429 0.033413377403642266 0.12132574903314408
0.052692094743742236 0.02840681118378951 0.12244356076368162
0.053168806813266516 0.028236650529100918 0.12278046042752479
0.06211449579090265 0.0435774660944253 0.12066886623877297
0.062473950263265444 0.04287472252012952 0.12141496820224343
0.05324591260543976 0.02296566918059572 0.12898512222410324
0.0521358866057634 0.023157814215762556 0.12476168609451489
0.053475496300370275 0.02241098866366426 0.12895291133570097
0.05293004378613624 0.022556730587726816 0.12530777504715124
0.054301184398000864 0.024565271108887652 0.13817167916487452
0.0547097044745673 0.0242292253802211 0.13803738957464737
0.051733327716599144 0.020669495766190645 0.13787508704049747
0.05373677650083067 0.0186154786739054 0.13825735041575377
0.05272016630135119 0.02209907014849404 0.14015937061152733
0.05305589926105677 0.021899747013039338 0.1398545814553446
0.05806959008385336 0.02125743886943165 0.1499371392558787
0.058181718746473036 0.0239203952629703 0.14785067195137727
0.05594021459285158 0.019379398220738055 0.14838467243875558
0.055675837954072306 0.02258834522641412 0.1461762555365343
0.052752710517770904 0.01780933149293366 0.14713964144591749
0.05325999248911156 0.021148024251142865 0.14440820915988783
0.05839216814729539 0.025921361436091323 0.14661628718567227
0.05895372547716497 0.027959957051446126 0.14542432851423498
0.05606752861025508 0.024703953957228138 0.14452480794631867
0.05684804213409119 0.026904153937144223 0.14287924052850237
0.054100408730228935 0.023403237055324305 0.14242755492550377
0.055419098756222564 0.02570996803057058 0.14058709783722131
0.05576376550039866 0.02827615167112008 0.13622405072395202
0.0553932944148848 0.02795011478179735 0.13355186946803987
0.05799001164419301 0.034243294923302324 0.13504411466295463
0.05745292408729795 0.03420529990143086 0.13216402379868747
0.05934460263629631 0.03875225980533545 0.13623197932470552
0.059702463202295095 0.03953613490554543 0.13299535286279773
0.06270318152812066 0.044155244834769576 0.13773248906580282
0.06302245454823834 0.04498979526244759 0.13471514321955375
0.0657254596462701 0.0481829094532376 0.13998757833581338
0.06621287669952189 0.04939404991180351 0.13707779182318333
0.06916240011691228 0.05148466405554427 0.14261886975936872
0.07005684797986396 0.05311278903079935 0.1401266250204079
0.05864358340702598 0.020674943272570082 0.1505982479687475
0.058749244536241946 0.02354545127026566 0.14836317242259991
0.057536092131112715 0.01801651855353641 0.14941498404232778
0.05604254192893227 0.022162339469892697 0.1464913220927871
0.056750111239402566 0.014576921895888034 0.1495401815944866
0.05683596787283671 0.017200367912244274 0.1466112261175563
0.059040391803638716 0.025654665830474873 0.14706826962093833
0.05963076452871409 0.02766918722435926 0.14592305119739166
0.05631418744520296 0.02441605988536126 0.1447816644952163
0.05726894306236677 0.02669027651899623 0.14327209707295657
0.054384715372390695 0.023024054137359078 0.14240112003431674
0.0558607238165745 0.0253543011651871 0.14071403077386233
0.05629119404850165 0.027961513665282354 0.13661218769963052
0.05571434191268968 0.027707441341704248 0.1338385159215217
0.058638047917478155 0.033631797667675996 0.13536425000518953
0.05805514008564848 0.03366961857352202 0.13240423013813984
0.06030708999638709 0.038344324485655924 0.13630584533852907
0.06048301884057166 0.03865451064944885 0.1333242562117744
0.0633427580128512 0.04331199230020343 0.13815910970596912
0.06374005336376858 0.04396569174494283 0.13531307220472932
0.06645881671492254 0.047072213153669974 0.1404218898752163
0.06698083726472276 0.048204602248795046 0.1376368720777917
0.06997613079105898 0.05035520973016699 0.14276701624438057
0.07087760490981175 0.051663931699802164 0.14035289824205074
0.05235839363435707 0.017554400518721806 0.13497408278230597
0.05110073549062597 0.018896792866141675 0.13497807636351802
0.04695574263654242 0.018263036367124834 0.1246850369885204
0.04312547062014014 0.015782250337665456 0.12395040889515731
0.04654367824163891 0.01917246504919495 0.1238499354901677
0.042643950099859766 0.016120981016643193 0.12342159079668266
0.04606723979879096 0.024550621900974894 0.10337086334935516
0.05179631831054213 0.028978201501116012 0.11163935615848895
0.04680123001104706 0.024214862265045944 0.10393261163630642
0.050544944616628826 0.028697842689683208 0.11162855150075243
0.05073026213125276 0.028906134055120818 0.10596527578368496
0.04927571054532831 0.02649099537294298 0.10864613963100438
0.04934572744556382 0.029433265584394675 0.10476045882815543
0.047594772159592624 0.02737024394811629 0.10752247357130744
0.05863475570124185 0.03502094515436043 0.09280420999256467
0.06063089371229001 0.03750026353938649 0.09884424914100055
0.0645451824929642 0.037791760420917316 0.09136147766509888
0.06561756038616404 0.04030812278238414 0.09741138568357627
0.07179265500694902 0.04165464160741343 0.08973931651922012
0.07266157037140542 0.04350200884880377 0.09585205086089188
0.07804089596953404 0.04506259896932585 0.08773256673413199
0.07917892342382375 0.047107905944303655 0.0937781608116044
0.08331742121407157 0.0478195340652702 0.08557901147560887
0.08379500905866732 0.05019273796179683 0.09148266164428756
0.088107290375199 0.051396755284041584 0.08325370215004632
0.08855957672783621 0.053504850287966615 0.0885889062613449
0.09290448660627774 0.05355267441866248 0.08129953441333786
0.0932737697248464 0.05578403512413992 0.08622540805170217
0.09805784537872764 0.055039342063727355 0.07898387379224846
0.0983764134666697 0.0578904344051991 0.08347587609147696
0.10337020781780452 0.05680906653151347 0.07593359956028076
0.10390708699024875 0.05961039497627477 0.08012530441192066
0.11005757480025373 0.05705677505515321 0.07314119345738639
0.11144282029673454 0.0594554986952829 0.07653246255313804
0.11605796352969465 0.056626473781391934 0.06990737499562594
0.11752349178921868 0.0594610659491359 0.07337809338243646
0.12102713145716422 0.05817677196130632 0.06639040535213053
0.12249666877629493 0.06045130180634249 0.07007998388730388
0.0591051974597249 0.03464183093680263 0.09347240421947559
0.06077474359166502 0.03743781057549052 0.09889416140577074
0.06538928584735058 0.03734194783682015 0.09162024109761228
0.06655002985644991 0.03987859886629125 0.09788449325066013
0.0722223592060752 0.04118389711723135 0.09029455338318064
0.07336875456173104 0.04326109441435425 0.09659448152673013
0.07889954217920332 0.044572985620272586 0.08799362972748008
0.0793874171413637 0.04669490203190449 0.09384700927308745
0.08441263892348715 0.047322615122624465 0.08575694344238273
0.08444536433847503 0.04947175201908712 0.09171299269533432
0.08962370187352778 0.04984243995116301 0.08390124566198004
0.08962477629596483 0.05203823338934651 0.08931269240216498
0.09396505689801936 0.05095149612880152 0.08236774944367345
0.09410980485069695 0.05354863457968664 0.08707343824122524
0.09914983343568226 0.052016508388534624 0.08009834652847576
0.0994170668643796 0.05489585687067745 0.0843837134533344
0.10423460556013608 0.0531435029259737 0.07757294490067872
0.1046935824871283 0.05612907941208937 0.08153609594492253
0.1107191200691793 0.05357799739542755 0.07441278288851835
0.1117763467709018 0.05620734606948216 0.0782023094273876
0.11647209309720427 0.05399818817341779 0.07081110025163412
0.11808409947875644 0.05575228532007504 0.0746070997578238
0.12148678709736785 0.05414839529777942 0.06777803162923601
0.12304955573885756 0.0549681525148284 0.07193491860893723
0.07383531329456505 0.026350651293677908 0.10811094268575382
0.07429911996311075 0.027863820494071604 0.11083136869062467
0.07801724789715002 0.028296064362782123 0.10555659220241465
0.08127041115690209 0.028688338470211884 0.11049805793103645
0.08636094820829458 0.029607452871306335 0.10226708621584824
0.08521850945124025 0.02913356443637027 0.10890903608678186
0.09171822228869322 0.029950697920284784 0.09872764941891989
0.08975943349629839 0.02996249222783077 0.10367283461928266
0.09759814747111338 0.03408284436301016 0.09481858428525843
0.09710175379044801 0.03422233499179925 0.09936431465272037
0.101703256 0.0385589741 0.0908253178
0.10276562 0.0379826948 0.0958809194
0.103984948 0.0404712963 0.0880407221
0.10570515 0.0397186696 0.0931443258
0.106588026 0.0418139357 0.0850644286
0.107987574 0.0416153497 0.0897082213
0.110172805 0.0423645579 0.0824086694
0.111296981 0.0421313838 0.0866623908
0.113554369 0.0431274129 0.0794907149
0.114437981 0.0438114495 0.0833422884
0.117071072 0.0440242506 0.0781700005
0.118179553 0.0443245783 0.0804884452
0.122122606 0.0428742273 0.0731420756
0.122572893 0.0454781588 0.0770178011
0.05842102685190113 0.03567822428019955 0.10001566438243137
0.05781400470819961 0.03644457470930113 0.09911787426502398
0.055942026627861234 0.03329754641932759 0.10213912403006667
0.051966025977627006 0.03120477242753711 0.10275903733174611
0.05520211591477293 0.033394039920008355 0.10087792033762542
0.07901536963478135 0.05573482072438145 0.14367100939096644
0.07443705022666186 0.05541292944985651 0.13576961976087823
0.07765053788497521 0.05851529969104806 0.14322025986559195
0.07361410624756888 0.05708357464017802 0.13552718214288573
0.08349250332623535 0.061142184865990885 0.1491949837326714
0.08615976843084863 0.061625921440976276 0.15799403463711023
0.08770953403247289 0.0633644812784876 0.14855311151095552
0.09018623252904226 0.06450036778458047 0.15738290166032817
0.09192331317739272 0.06596787774276032 0.1477843906481706
0.0945583648413034 0.06719316929175972 0.1564746330123633
0.09639723852911192 0.06811861401904826 0.14697378333597255
0.09928786259060846 0.06937207515841784 0.1556987684568948
0.10112535068285024 0.06990494911804014 0.14598115759167418
0.10415066546125858 0.07125662222198273 0.15487151761246415
0.10606496740830132 0.07179559743689538 0.14479609371795657
0.10911236523989756 0.07287270559812777 0.1540472479802477
0.11137919418559052 0.0737364576704641 0.14330086274587167
0.11450925752122718 0.07435549529000841 0.1531128059412094
0.11861061931708168 0.07595403056594367 0.1414576373634329
0.12138428267158084 0.0759014692758919 0.15188202435640916
0.12692400212821486 0.07724627371615791 0.14030100022097308
0.12948113650615564 0.07712460186801323 0.1505719802903166
0.13361266458099613 0.07616628877849395 0.1375323418240192
0.13629826818980365 0.07642165948138227 0.14842979234480225
0.14121432692334399 0.07431753344046836 0.1363471868791471
0.14366915010163062 0.07500142911430441 0.14719059184248307
0.0852606470499338 0.05805941400759457 0.15003242720436566
0.08778014050670573 0.05891674800315533 0.1588105268721544
0.08945767634599504 0.059751766935576545 0.1490872514373852
0.09199393964569517 0.060752243333494244 0.15791085659107706
0.09357947783140337 0.06321141600874727 0.1479815303339291
0.0963420418607752 0.06390065468353374 0.1568148049355953
0.09755516616765025 0.06537356615214059 0.14718341139864213
0.10039293109169706 0.0659650225701901 0.15598660762168345
0.10181475455133566 0.0675000200454431 0.14620522161869348
0.10488021602896129 0.0681557920179589 0.15514731114333855
0.10632979725054637 0.06947468503837594 0.1451995880301269
0.10935658546618329 0.07020688738940126 0.15439666279902853
0.1114553005166534 0.07124939422338987 0.1437337533237281
0.1144455577574769 0.07274598515265909 0.15316096580141908
0.11862725065475913 0.0738203843077386 0.14196167722386643
0.12134338944996352 0.07470189848971362 0.1518799325483646
0.12692566710555356 0.0748331065175558 0.14206455075718866
0.12857946392369407 0.0755595806349785 0.14995411893243007
0.13303131241762622 0.07421736211529247 0.13859484224516996
0.13572925911785116 0.07425573534636522 0.1492534507594318
0.1411203186743736 0.07152428482937466 0.13771062399240422
0.14360491489128746 0.07232663467812234 0.1482816193178093
0.089840446 0.0536479658 0.153048308
0.0908942884 0.0530140821 0.16079802
0.0936589696 0.0538171237 0.152258686
0.0961624507 0.0540925131 0.160651761
0.110022786 0.0458120663 0.157264864
0.109196192 0.048352592 0.16402414
0.11511689 0.0464055331 0.157330548
0.11378772 0.0497188183 0.163555846
0.117327355 0.0475047185 0.156235175
0.116438514 0.0508705453 0.162698186
0.118874946 0.0488798392 0.154503826
0.118757096 0.0523542327 0.161478477
0.120632415 0.0513479368 0.152594051
0.121415673 0.0543559544 0.159845871
0.124578788 0.0529623 0.150876092
0.125876947 0.0562758997 0.158576438
0.129260966 0.0545976387 0.148577287
0.131117031 0.0571382943 0.156998444
0.134267434 0.0563390992 0.14604261
0.136395588 0.0579970511 0.155379141
0.13979392 0.0573814594 0.143351668
0.142269271 0.0588555037 0.153279757
0.0814749624346225 0.059156013803869846 0.15025721008008247
0.08251912220958009 0.057003159498797015 0.15091693518366714
0.08424898209645386 0.05966695022975967 0.1586058252378471
0.08540217964668713 0.05798984855558718 0.15898491032066775
0.06871939367963813 0.05189050152957175 0.17260273222993144
0.07400767770750663 0.05507056795124952 0.17281232840619037
0.06971005496623066 0.050713920345236536 0.1730191634136678
0.07479599586338517 0.05366136886881247 0.17271613300355645
0.07800889534646538 0.05500321786628559 0.1700322656816403
0.07742488057751602 0.05634985166820721 0.17012444236185228
0.08119437066394325 0.05656220151476212 0.16649661511177027
0.08046816944232502 0.05783389266473772 0.1664176998722889
0.08705660590638656 0.06273333044733843 0.16666601791292726
0.08818885473373772 0.0627159801353172 0.17476659828876515
0.09125461305395481 0.06523023705862058 0.1658041565572991
0.09247280161833145 0.06502537925018909 0.17395347795487168
0.09640003499129776 0.06770140503493799 0.16462449896510392
0.09792907874027137 0.06779736400978323 0.1727910911087584
0.10170755442634395 0.07017964650483319 0.1637786159229436
0.10351521110883237 0.0706042000192007 0.1720000298463575
0.10691024068197184 0.07200544213868251 0.1631222039460686
0.10903960137912529 0.07233822763252233 0.17148010148054418
0.11173040711936663 0.07338160951188993 0.16267109449063819
0.11398382250780022 0.07333931403359757 0.17117550739037632
0.11723010623294453 0.07453481394289554 0.1620858006528737
0.11963262430212664 0.0742235882631087 0.17077638851417923
0.12375706760806886 0.07541446989785096 0.16125820958511597
0.1258748773121873 0.07484429940833233 0.17022343869135062
0.1323961032837271 0.07596577890959717 0.15883274113045115
0.13357812328630667 0.0762307492248051 0.16911927969415383
0.13883570171937615 0.07765068718271724 0.15787157636005814
0.14108162792572465 0.07858170522752352 0.167812005194114
0.14583468172556427 0.07572806626465725 0.15706902917018553
0.14813452866715768 0.07751244216452316 0.1669709880494775
0.08834827498527748 0.05964692506783719 0.16713723991831678
0.08926710887171224 0.05943156813996435 0.17511146442841793
0.0929754589776448 0.06151221081465815 0.16637367536354344
0.09393241238784528 0.061769904033451555 0.17460171364499458
0.09795583108042369 0.06427954789815378 0.16515228471675028
0.09910161879005323 0.06473538498638845 0.1734284737281867
0.10234113685181737 0.06668891291240427 0.1646403823771466
0.1039606377237232 0.0673079549530342 0.17315822912929402
0.1074181261517919 0.06848132271467301 0.16401440224472147
0.10944987809473967 0.06905683336930969 0.17263785093704365
0.11197280075043772 0.07048731135554491 0.16342209923272102
0.11430966374488985 0.07087831733774895 0.17206445052972463
0.11723093877233999 0.07271916590075332 0.1626651954399984
0.1197040354012598 0.07217259758164896 0.1716649155734227
0.1237581642877234 0.07368618558426634 0.1618760695893844
0.1260342836010996 0.07323765918272301 0.17103442967940516
0.13130870896064223 0.07500559548582686 0.16028944102832204
0.13325986975575954 0.07415993491174182 0.17018450423404835
0.13834320262849317 0.07489643763501196 0.1588822153149669
0.14072765753294364 0.07631856414783786 0.16876819829385167
0.14582261286338033 0.07320355530561676 0.15801795762231588
0.14807076990263404 0.07510650095061529 0.16773109817186074
0.09647986 0.045061062 0.172253392
0.0958399919 0.0479570705 0.177837987
0.102298483 0.046188629 0.172483221
0.101337347 0.0500794058 0.177934002
0.107735882 0.0500427231 0.17082801
0.106376702 0.0532091857 0.177124491
0.111024683 0.0529185313 0.169564875
0.110335218 0.0552000938 0.176606101
0.113899074 0.0551262389 0.168652109
0.113869713 0.0574439833 0.17589695
0.117369121 0.0570437661 0.167693841
0.117915534 0.0596575773 0.174996993
0.121742825 0.0582256953 0.166724401
0.122636425 0.0611204522 0.174105528
0.126640419 0.0596961969 0.165678861
0.127848826 0.0619541391 0.173522926
0.132222003 0.0604476464 0.164478415
0.13351586 0.0630236443 0.172536119
0.137972584 0.06055971 0.16315479
0.139627761 0.0629819465 0.171657954
0.144035179 0.0609590351 0.1614189
0.146169071 0.0631011289 0.170387832
0.08363509940426749 0.06001383386505702 0.1673837373570388
0.0845472706209761 0.05817447532486415 0.16747526230531856
0.07075195073534143 0.04578693525082599 0.16261905867826193
0.07228855197243579 0.04820397077866964 0.16496889061333514
0.0702236671066848 0.04694474200485453 0.16273746311904472
0.07147292651121054 0.04950915685161589 0.16490977626575795
0.07322515402000435 0.050539930705031495 0.16605468962746464
0.0725175512133709 0.051689384756978166 0.16599990336858053
0.07452402348436792 0.05253757817679632 0.16713122186369891
0.07359658537291285 0.053773507465724006 0.16688597993975948
0.0756861903098309 0.05392383885331155 0.16836211679243676
0.07496719995408956 0.0552822005071038 0.16807535663953116
0.049182416999284946 0.009188481389029826 0.16061562993676218
0.054423659322618674 0.010623589239747586 0.1611442972898259
0.050693244918129425 0.008834865438057716 0.1609069490560508
0.05648058288325544 0.010497200900778271 0.1618918860558777
0.050268209916901944 0.008356826449077039 0.1762628554503047
0.05154455625607012 0.007967963444072483 0.17608188860678428
0.06401779392735997 0.01708050127232006 0.1642694576230673
0.06366660381324506 0.01669922106046872 0.16289703246236037
0.06248814373611937 0.015575565066259144 0.16582228453071338
0.0617466559861844 0.014177793986246648 0.16420225187009133
0.05835630950524557 0.012531275263191146 0.16696898766470902
0.05610992621032494 0.010912086893900913 0.16369376334861335
0.05393419212769625 0.010538002802345387 0.167892046689811
0.050258915736059465 0.009390160880840251 0.1630653407338662
0.06454313740839397 0.01646438711717932 0.1640442084001497
0.06429686422455864 0.01598331798756648 0.16261606151861835
0.06333769248156566 0.014956561953536767 0.16572497846593606
0.06283271741765598 0.013756907926473267 0.16419143499132213
0.05952415589792891 0.012432242591757453 0.16688927279793075
0.0578626084540552 0.010744313627562717 0.16403924541645545
0.055313368074455055 0.010239166042747452 0.16781667014012167
0.051953552389618546 0.00913050495846356 0.1634108748580877
0.07837614733541025 0.03161571021394723 0.11993553510056314
0.07046613468829103 0.021621616238959293 0.1032716942611697
0.06107413468304511 0.019874802990381545 0.1023674572254496
0.06299550336551218 0.020956469969903902 0.10274558042267784
0.06252458841978367 0.021020248408989767 0.1037423866254211
0.06906140383019951 0.023688437027766174 0.1089433505217427
0.06448654226210518 0.02275789069840579 0.10887843913109733
0.061132295685003266 0.022144252023254103 0.10917726097655854
0.06493500882566645 0.022420834620160427 0.1139781645068937
0.06360013601913696 0.021795347183445463 0.11416113638407714
0.07032199359240746 0.026825661499746026 0.11128201138701876
0.06971690434632483 0.025084886421852755 0.11394920137357192
0.06823740957476136 0.0240870236950242 0.11544139448494432
0.06720285912586257 0.02364844679119266 0.11575917089327988
0.06570820522601806 0.022959045949604833 0.11603334641864327
0.06304275417585337 0.020879039964777267 0.11665880210368108
0.05900008471204015 0.018042115081426932 0.11706818478028572
0.057247231015926346 0.014234538314188347 0.11792823132215496
0.055007042384682646 0.01068168281175931 0.11798793328352182
0.05431150837844448 0.007558060919174973 0.11781208247900135
0.05348570591499661 0.005019690444558812 0.11710608701323431
0.05309007431095103 0.0032807123396067076 0.11658036970216654
0.052860273541384444 0.001487267476638367 0.11643731681484708
0.07218877204635733 0.0262975779764134 0.11757208197013005
0.06993334359951499 0.025468346176637426 0.11867248612581915
0.06946335772968569 0.024476942473607072 0.11966480572344433
0.06783867952668536 0.023177002218428663 0.120192592847673
0.06325558673403979 0.021143768944221538 0.1212054014451641
0.059814294035647995 0.018752462840929397 0.12158930211527645
0.0579036499378862 0.015102706280578252 0.12111774811181654
0.07596340570037585 0.02867870849567263 0.12141224314153222
0.0803111476 0.0342346227 0.12660056
0.0789272747 0.0427015305 0.129771625
0.0809126738 0.0436599901 0.136381427
0.087263386 0.0500891492 0.150446383
0.0871321266 0.0524242863 0.153489698
0.0892663844 0.052645479 0.161356116
0.07374742011743131 0.02568545369820792 0.12290557995294123
0.0770270885 0.0311001371 0.127775171
0.076643611 0.0378584627 0.131834888
0.0758290222 0.0289340176 0.127363339
0.0750939983 0.0316139604 0.131356508
0.07243291923504985 0.024507290505271236 0.12293414771575457
0.0734047726 0.0247618979 0.127118695
0.073905488 0.0258765625 0.131099874
0.07005895869075984 0.02271123401993247 0.12387772312083938
0.0711728504 0.0234249378 0.127180685
0.0719620678 0.0234707485 0.130833874
0.066295675740739 0.021094404303151095 0.12469454801468342
0.0674802068 0.0213327851 0.127499334
0.067624687 0.0212343828 0.130379229
0.060797205476047014 0.017895557092434344 0.12507863846949446
0.062464632 0.0174651462 0.128010301
0.0627953388 0.0162533089 0.131638038
0.0578381025 0.00792131916 0.180084189
0.1152597623353136 0.04253083942164838 0.04044316083040766
0.11821107613885111 0.0469638880841248 0.043497498410966874
0.11757437223327129 0.041415441027979144 0.041022666732838976
0.12055790088482843 0.04546767807655161 0.04392553939190607
0.122886892 0.0386534398 0.0448943084
0.12426687 0.0423677781 0.0459908709
0.12429056405985142 0.05394873914580824 0.05066503815100795
0.12605550693375858 0.05256046580343345 0.050469142273696393
0.128852453 0.0487250629 0.0513156212
0.09397020588172839 0.0027816500204023323 0.03324452521309747
0.09921284121444482 0.002778756687522872 0.03227643643129564
0.0943741860242341 0.006360056992928733 0.03399655323058022
0.09958649855599208 0.0063038586503573486 0.033621618490045274
0.09565811863607679 0.01078909249896281 0.03466027594249649
0.10033411408585324 0.01031769573672229 0.033578703666921984
0.0970425345678135 0.016350381745965033 0.03443311857377259
0.09975044683397852 0.015291292493296119 0.033110392489600154
0.09967722432221238 0.023918136536992186 0.036160293680457076
0.10229491371801838 0.02287426288140656 0.03376400796640708
0.10262070272942395 0.03022700013575618 0.03881124014652539
0.1056591504823096 0.030831310576177905 0.03586948471745461
0.10806781765022609 0.038058857850685274 0.04325270357762728
0.11052251694664599 0.03745592984164215 0.04092840765229445
0.11170703910020204 0.042143669236638745 0.04735081081485222
0.1137914608035969 0.042149526837705585 0.0444814188956356
0.11446880810406403 0.046370129716087456 0.050544245938170876
0.11655223570366005 0.046549473981019295 0.04749899954160121
0.11670944646776492 0.050626455911169876 0.053497001108012913
0.11890874237544975 0.05092015586435498 0.050467065050489465
0.11914937988008768 0.05395365951323975 0.056710573608660615
0.12178983122745246 0.05376018919270758 0.05407589371126834
0.12202188250785703 0.05638028050822455 0.06036700152392723
0.12470089575603172 0.056694942838368054 0.05757681894501004
0.09624870458569858 0.002639457440593397 0.03565439169662713
0.09963892287454022 0.0027715975908810635 0.034724354548624915
0.09720270174015594 0.00667967429583561 0.03634376928988737
0.09991595230953289 0.006355946778369154 0.035314537999542886
0.09801715111399995 0.010966813265871365 0.036654775170512494
0.10076883516694969 0.010119042930531976 0.03507215469886979
0.10044282089746466 0.01578353945830582 0.038634705322252515
0.10267118346014278 0.01594643197923513 0.035076720143701605
0.10353467707308453 0.02113958184056805 0.040967655013553254
0.10476242542090991 0.022054344484035475 0.03640720882763117
0.1074355883275172 0.029347716289382896 0.043852208490426176
0.10845135347580523 0.02948726126648838 0.03935954913668345
0.11143603324960444 0.03526474233538332 0.04760421604861601
0.11335938683850354 0.035757387870794834 0.04372603501683617
0.11404265382062781 0.04004644013332787 0.05041309526704964
0.11601862810308405 0.040695685729095904 0.046560613940543
0.11609869069611868 0.04425078913791828 0.052828096954996226
0.11838374124631545 0.044938543103069856 0.049121918494521875
0.11812392294630517 0.04827873184150757 0.05547955649189449
0.12056558987412176 0.049052262935841855 0.051873577711717966
0.12033334319200892 0.05146605199927074 0.05845031127771636
0.12295314634206336 0.05228175940021865 0.05508430139743392
0.1225791064924669 0.053855349585023776 0.06152164690361133
0.1255894283011871 0.0547124349342627 0.058247162639927595
0.105743235 0.00230689407 0.0470253232
0.10897305 0.0026727774 0.040560533
0.107073206 0.00552777813 0.0479575538
0.109432423 0.00597031345 0.0409335209
0.108174672 0.00899258091 0.0491962784
0.110170105 0.00971409422 0.0415570099
0.110128785 0.0128519974 0.0507351912
0.111525167 0.0137235618 0.0426103334
0.112389094 0.0177496814 0.0522907639
0.114108545 0.0192325711 0.0446056453
0.1148907 0.0226104901 0.0545562737
0.116460468 0.0251922813 0.0463775886
0.11747231 0.0284927044 0.0568402497
0.11900673 0.0310244666 0.048930683
0.118802752 0.0325646585 0.0584059092
0.120477965 0.0359322245 0.0505507018
0.120122151 0.0359566497 0.0605788107
0.12218819 0.0395478705 0.0527726702
0.121235802 0.0392553947 0.0625546032
0.123754912 0.0432152983 0.054813946
0.122780034 0.0410589455 0.0657720854
0.125689298 0.0455282141 0.0579198214
0.124424494 0.0426204985 0.0685306247
0.127595428 0.0470215265 0.0614489692
0.119367331 0.00300727299 0.0346781832
0.115944571 0.00317995443 0.0315857036
0.119370503 0.00610101569 0.0350615752
0.116207019 0.00632586016 0.0317838769
0.119384012 0.0100559729 0.0354468482
0.116605776 0.00986384949 0.0321663879
0.119411135 0.0140286987 0.0353548588
0.117367682 0.0142348289 0.03192039
0.119428281 0.0188711312 0.0356959019
0.115354423 0.0205152101 0.0329031074
0.119435723 0.025353727 0.0367543099
0.115882927 0.0268485443 0.0334074397
0.122172361 0.0340496179 0.03599897
0.11974781 0.0342289902 0.0328576414
0.123966366 0.0403809577 0.0371003673
0.120042458 0.0422244641 0.0351293862
0.126248052 0.0445287206 0.037730719
0.122686261 0.0468957623 0.037149299
0.129705224 0.0480970779 0.0411620682
0.126152429 0.0508137001 0.0407821855
0.132395629 0.0509558764 0.044764165
0.129707148 0.0534278832 0.0443949106
0.134496714 0.0545350602 0.0483928336
0.132405266 0.0571974627 0.0485128745
0.113597152 0.00278265134 0.0293792436
0.113959612 0.00637593903 0.0300384986
0.113734384 0.0101419696 0.0307844
0.115552552 0.0145419531 0.0304086012
0.114587398 0.0207058653 0.0314680527
0.114581105 0.0276070737 0.0319095583
0.118782467 0.0346697955 0.0316534231
0.118687907 0.043441148 0.0340610432
0.120615186 0.048200758 0.0370789055
0.124093416 0.0522756072 0.0406944559
0.128193455 0.0548779758 0.0445161117
0.13134025 0.0582227805 0.0487778548
0.12489282432725506 0.05590795059470662 0.06474263500289791
0.12423848724376518 0.05865095962000265 0.06401437210753079
0.1282577019181126 0.05663255942792228 0.06178525057902633
0.12755092218478245 0.05848597482414599 0.061507404369956546
0.13159928229184012 0.057565663781903496 0.05833392382896741
0.13071148347418912 0.05889349887499587 0.05873237912875258
0.135075785 0.0602551454 0.0530319006
0.134291051 0.0612488223 0.0534814972
0.125575698 0.0435445408 0.0713319697
0.129333375 0.0482885699 0.0640944146
0.132967594 0.0527895833 0.0584334074
0.136551319 0.0567555478 0.0525654802
0.12639491266187375 0.05748366192908282 0.06896938292881563
0.1261026465451998 0.06097027126694209 0.06799142194407298
0.1302764129083991 0.058705319594919494 0.06562192389294501
0.12994365447041936 0.06127899659070361 0.06553681831544608
0.13432765992455006 0.05976805693345976 0.06222349986766876
0.13329461966793477 0.0617637977756353 0.06297002261019713
0.138415191 0.0621111072 0.0577418616
0.137559537 0.0634949234 0.0583125408
0.127080587 0.043633102 0.0730549753
0.131417539 0.0481590133 0.0680562954
0.135113429 0.0532522594 0.0629423673
0.139353328 0.0578543733 0.0577399528
0.12819760210526934 0.0591787225649771 0.0732847719263806
0.12786689148504304 0.0631914302059642 0.0723689222316038
0.1324452766059563 0.06038642330605906 0.07034813231636998
0.13193009630837926 0.06360615925339749 0.0698992977295331
0.1367031465835845 0.06138636868374322 0.06722746853157308
0.135831215498611 0.06389783871879508 0.06748497737700179
0.141393529 0.0631586869 0.0631771163
0.140614368 0.065099051 0.0637024813
0.129141306 0.044276707 0.0743452524
0.133103614 0.0475693921 0.0723629978
0.137448853 0.051707834 0.0679543951
0.141904364 0.057015525 0.0636346337
0.13074696908145012 0.06163828924618957 0.07993702043429268
0.1305909413407825 0.06633748492397326 0.07851679982276562
0.1354295613135092 0.06173985990067789 0.07782738872515985
0.1352891925150408 0.06572476735472933 0.0770248368471436
0.1400709479115145 0.062299990577645896 0.07581409017411408
0.14013826934790932 0.06544898667096756 0.07499654649033768
0.145866625 0.0638057365 0.073194897
0.145309818 0.0660948299 0.0727077122
0.13096995 0.0472845994 0.0840662325
0.135319048 0.0477572413 0.0805634771
0.13944258 0.0500971347 0.0791176299
0.145854128 0.0541980621 0.0749891556
0.1339238056827279 0.0631093344564916 0.08834071184638123
0.13409942152397478 0.06869475541272967 0.08726740051501664
0.133953182 0.0475937446 0.0931283373
0.138067336 0.0491039583 0.102944686
0.13777093712287825 0.06432761191934004 0.09889300500768526
0.137928310026738 0.06941167734864925 0.09782130220503386
0.1415602767190228 0.06594453457864731 0.11389462785657607
0.1416794802123781 0.0710025125574517 0.11331923785222604
0.142336836 0.0524789519 0.117017493
0.1444911017582509 0.06789658211490139 0.12704249392314143
0.14470920291165135 0.07080062586600318 0.12573681562919845
0.146324115 0.0550318547 0.129942463
0.1390019129092385 0.06217206857410071 0.08628460536580201
0.13913432815905308 0.06718611906512137 0.08561778971982005
0.138508596 0.0477145175 0.0896890896
0.142100985 0.0487768488 0.0995484621
0.14293858611503138 0.06356975329618823 0.0962501780557384
0.1429751843715236 0.06875621516109107 0.09579649621880633
0.14726702567174563 0.0651109643951177 0.11218067354006964
0.1482612362484774 0.07020647085927542 0.11021699255570076
0.147061814 0.0523186606 0.115695086
0.15028718334997643 0.06738304515047379 0.12546756475643114
0.15002222281979108 0.07092705146760374 0.12459659935149886
0.150390177 0.0543588682 0.129401966
0.14398444702531366 0.06333810250846485 0.08400240807536097
0.14428817684255216 0.06725970506600128 0.08340220685811056
0.1426223 0.0484723594 0.0879947144
0.14773337129117006 0.06469705230318677 0.09366633723317443
0.14821264611134807 0.06912704862162886 0.09351427372623615
0.144842576 0.049582187 0.0968319918
0.15233276621047268 0.06683363395870791 0.11038074096746953
0.15228688784404518 0.07096918159522547 0.10960204755862687
0.151569572 0.0519004459 0.112464648
0.1555844741406539 0.06796846582456627 0.12383153094586559
0.15536209062573558 0.07257941649869308 0.12318533377661382
0.155738023 0.0537560827 0.127390303
0.149514103 0.0650704864 0.0815510668
0.149415567 0.0671983758 0.0810527882
0.147854028 0.0523678271 0.0843606642
0.153295283 0.0660555234 0.0909935322
0.153530337 0.0691773376 0.0912930045
0.151071187 0.0509107582 0.0936363179
0.157968489 0.0681337526 0.108524893
0.157657691 0.0715452191 0.107954502
0.156186745 0.0529612252 0.109673727
0.161023721 0.0690967878 0.122198343
0.161102904 0.0731653287 0.121797161
0.160533125 0.0540367542 0.125418774
0.146688317242809 0.0662729695817041 0.13821838839152467
0.1469405853789093 0.06905607298966956 0.13724965480324866
0.146758431 0.0563564699 0.141649332
0.1527257608395102 0.06855275794186434 0.1368970306228904
0.15175821877949522 0.0722134726680824 0.13552804632376522
0.153380024 0.0558241234 0.140446244
0.15863930275967736 0.07124968339540984 0.13556211946283261
0.1582201467518467 0.07473324866306465 0.13462021286431516
0.158572444 0.0554410982 0.13938176
0.164213779 0.0710959846 0.134409827
0.164141724 0.0751769919 0.133451624
0.164398469 0.0552610815 0.138183793
0.14932584890260345 0.06700711876194855 0.14841076264726635
0.14857676929305816 0.07150008351022435 0.14826727603613465
0.149227604 0.0580235448 0.151546417
0.15530492997722886 0.07039977076705366 0.14792222680134234
0.15521824469434325 0.0752254328657921 0.1465307513955931
0.156301816 0.0573594191 0.151377572
0.16135924858319764 0.07511547059807125 0.14683108155644278
0.1610366911839367 0.07776827855018512 0.14552817889779887
0.161777357 0.056828307 0.151224044
0.167029919 0.072105553 0.146297155
0.166983625 0.076192436 0.144963
0.166945292 0.0563791423 0.150839566
0.15205770808854535 0.06827633325611229 0.15883294079235113
0.15207249607102222 0.07154914329875169 0.15823346667030214
0.152005184 0.0592101318 0.161591775
0.15738875352671897 0.07315677667075844 0.15799322871284033
0.1567486779320313 0.07805330708292733 0.15678315788848643
0.158990715 0.0585202036 0.161615767
0.16328465087158356 0.07630491543249006 0.1572729592361158
0.16285025018049332 0.07936109789912005 0.15619840067879495
0.164465317 0.0578331636 0.16180955
0.169433824 0.0731795381 0.156953383
0.169398203 0.077747869 0.155696205
0.169530764 0.0570048046 0.161876285
0.15460143297225323 0.06989935756530977 0.16869555660728158
0.1543442247362651 0.07283804366605648 0.168093406364379
0.154475439 0.0620288123 0.170744026
0.1595030540210518 0.07222597515750943 0.16783047938319642
0.1592398855245248 0.07540935142489391 0.16720484623933715
0.160953167 0.0625799714 0.171118851
0.16545939542959354 0.07539077015510982 0.16698063852435918
0.16510005670448213 0.07944831366824641 0.16580213920383768
0.167248951 0.0632056288 0.171013546
0.171923135 0.0748817387 0.167197172
0.171873162 0.0791049772 0.166195767
0.172582466 0.0627730172 0.17148351
0.15597631120463887 0.07331680716074644 0.1778953829999645
0.15595847896637072 0.07571462987436141 0.1772908999052147
0.156402928 0.0648116736 0.180506646
0.16055445217714123 0.07518467045292812 0.17715119671822008
0.1602915181398417 0.07757063719064859 0.17650254240049265
0.162383056 0.0654263032 0.18064119
0.16738084533505715 0.07665498424630879 0.17683006174087726
0.16829505918494153 0.08021106600375294 0.17544224391233276
0.169958904 0.0655076217 0.181180063
0.174210479 0.0769171907 0.177251119
0.174290842 0.0821237617 0.175987814
0.174840213 0.0653027549 0.181062613
0.159782765 0.0731698338 0.198132315
0.160024334 0.0747306973 0.197874008
0.159212265 0.0655791238 0.202316158
0.164813598 0.0737497979 0.19811897
0.165350997 0.0771607376 0.198033262
0.164593166 0.0650324045 0.202659013
0.170782222 0.0772224816 0.197570728
0.170485807 0.0819940233 0.196069175
0.171298707 0.0655027858 0.202278932
0.176859304 0.079008421 0.196889321
0.176909034 0.0843347337 0.195442794
0.176636295 0.0648666077 0.201737672
0.05693837681198494 0.009943945306471837 0.12121909311246443
0.055926645357070086 0.007133496798220003 0.12152472368356738
0.05534841393136154 0.0045628634694540315 0.12086011621067398
0.054471513382674794 0.0030137132290923093 0.12011593261072402
0.054451369579243465 0.0013292357906186775 0.12044434699679374
0.05782640252579717 0.012797302938208237 0.12145765867270422
0.05982965250423859 0.015524733212448325 0.12539003072831148
0.05860474330723765 0.014112005749643705 0.1253050957674308
0.05781384348850937 0.012215603354026959 0.12455440114216539
0.05703927881767965 0.011298864964027622 0.12422483230334021
0.0553560509408903 0.009640228693181074 0.12374142747621951
0.0625079682 0.0251313994 0.19658412
0.0619342832 0.0287933189 0.190036476
0.0649316206 0.0305371398 0.195860644
0.0678279432 0.0344490857 0.195304827
0.0698470185 0.0388706162 0.195147991
0.0667084347 0.0397965932 0.181576611
0.06701887 0.040748668 0.183228157
0.0681646236 0.0410045037 0.184816174
0.0701916446 0.0413027814 0.189139072
0.068523219 0.0433513214 0.181288761
0.0737545617 0.045258505 0.189368598
0.071946315 0.0452499021 0.185146683
0.0698514325 0.0445438419 0.182798836
0.0719830665 0.0468339872 0.18100988
0.0719794034 0.042446511 0.195344322
0.0755606459 0.0446918626 0.195591171
0.079660419 0.0464276367 0.196019957
0.0839070617 0.0478763691 0.196599053
0.0885076402 0.0488356865 0.197099373
0.0932478583 0.0496731656 0.197471542
0.07753716 0.0477965993 0.188770685
0.081496161 0.0482220959 0.187376637
0.0858040939 0.0473082052 0.185891721
0.0908343674 0.0473462078 0.184569643
0.0756537788 0.0480062604 0.184463471
0.0806118697 0.0483651347 0.182209083
0.084799525 0.0476887938 0.179927915
0.0897618148 0.0473034235 0.17809862
0.0738897878 0.0474723869 0.182449173
0.0792681894 0.0488812204 0.176724642
0.0801478421 0.0486911121 0.17951483
0.0759599756 0.0475571981 0.16842579
0.0754524653 0.0479440698 0.170528729
0.0767072563 0.0479192946 0.171348248
0.079523399 0.0471331007 0.172054637
0.0887956078 0.0490362628 0.170235895
0.0824839249 0.0481327408 0.174202163
0.0841503108 0.0483518206 0.177108942
0.0844784424 0.0493449928 0.169213207
0.0869884633 0.0506916181 0.169451504
0.0846294751 0.0513376906 0.164188585
0.0869536262 0.0522744579 0.162450399
0.0828052581 0.0523518413 0.157747505
0.0846946693 0.0522788902 0.155144216
0.0809271833 0.0498475799 0.15349969
0.0837703229 0.0486226074 0.150982324
0.0761182588 0.0462100424 0.148122773
0.0762985509 0.0464634689 0.145060213
0.0659386976 0.0208616816 0.139854056
0.0668385886 0.0204647357 0.136964523
0.0696588639 0.0249684623 0.139302325
0.0705255536 0.0246724268 0.136635985
0.0717541668 0.0309862772 0.136574503
0.0714778103 0.0378365616 0.137239989
0.0720038163 0.0431110875 0.139929859
0.0719513447 0.0307543416 0.139006829
0.0719181081 0.0372228486 0.139411969
0.072635635 0.0424472724 0.142618843
0.0506057252 0.00658007439 0.160309292
0.0542589179 0.00857758568 0.159326479
0.0590209585 0.0102749312 0.158992104
0.0612228562 0.01123916 0.156370961
0.0586666694 0.00814871792 0.162595248
0.0622858191 0.0103719457 0.161180478
0.0596308304 0.00731083387 0.164836689
0.0627736379 0.00876261589 0.164610618
0.0674682976 0.0105082665 0.164097923
0.0674833352 0.0105408877 0.165347617
0.0676464496 0.0107920002 0.1665943
0.0679842105 0.0112654313 0.167932769
0.0647352217 0.00911425074 0.165407973
0.0647900248 0.00881994171 0.166665511
0.0650885513 0.0091189229 0.168006295
0.0655519546 0.00980246674 0.169656911
0.0621740809 0.0071774801 0.166180099
0.06165846 0.00654377847 0.167945642
0.0615129995 0.00695848144 0.170061864
0.0621159048 0.00811841171 0.172690366
0.0598340579 0.00625221082 0.166709058
0.0597373373 0.00610069968 0.168716527
0.0597911287 0.00673398804 0.171026325
0.0601673244 0.00796588532 0.17361576
0.06189813168077521 0.02753890205161389 0.15001167171655336
0.06246722870475854 0.025476055620464202 0.15064270771646335
0.06258773423869243 0.02346276602653273 0.15134353401554845
0.06324454338145404 0.021443365678419073 0.1523116104577571
0.06168675945107503 0.02811669148657038 0.14992443084667842
0.06158783186535533 0.02635855202181818 0.1505722498826118
0.06159093032260244 0.02434694127273608 0.1514041453099412
0.061751341559258724 0.022233326999909975 0.1525600426224769
0.0701048858 0.0154461416 0.154218054
0.0700069939 0.0173858559 0.152981764
0.0696837954 0.0194042137 0.151897314
0.0693276153 0.0214781755 0.150998528
0.0665810724 0.0157584315 0.154147045
0.0658755628 0.0169735286 0.151771342
0.0656932715 0.0185349734 0.149601268
0.0659470091 0.0205588983 0.147839661
0.0647786641 0.0149836827 0.154519157
0.0635225864 0.0159959388 0.15119156
0.0638572229 0.0173303735 0.148391735
0.0645910339 0.0197274408 0.146347148
0.0622820552 0.0119795606 0.152327116
0.0606045702 0.0136104358 0.148799848
0.0611066436 0.0156890632 0.146118266
0.0624013311 0.0178903813 0.143883922
0.0624209505 0.0162901118 0.141174201
0.0622005588 0.0158287416 0.138175723
0.0604358523 0.0138981499 0.128384269
0.0616699134 0.0116722217 0.133415638
0.0611935787 0.0132274284 0.130508464
0.0570089117 0.0112575551 0.149625886
0.0605084854 0.0111219263 0.137728874
0.0607881409 0.0135130364 0.143450654
0.0605748443 0.0118933336 0.140234545
0.0588674285 0.0116684034 0.142828988
0.0593112663 0.0125549104 0.146193521
0.0550883122 0.0106929951 0.150559541
0.0497990413 0.00916210318 0.151989979
0.046423575 0.00766351656 0.153983029
0.0440626883 0.00623734098 0.155983906
0.0420781988 0.00323123723 0.157430727
0.0412334655 0.00142250714 0.157727022
0.0541373872 0.0111581113 0.143589603
0.0373274108 5.79568189E-4 0.154023384
0.0496260919 0.0103060234 0.145300714
0.0456919971 0.00828431288 0.147647842
0.0421857508 0.00696978792 0.150009759
0.039674654 0.00524209299 0.152307206
0.0380464062 0.00178409042 0.153534925
0.0566075316 0.0112647177 0.138812052
0.0507541859 0.0112065998 0.140112954
0.0460578315 0.00952709949 0.142192145
0.0419692223 0.00825051501 0.145360674
0.0385694689 0.00656463611 0.147969354
0.0366714122 0.00448508541 0.150099954
0.0354905986 0.00135164777 0.15121283
0.0351759411 3.20725484E-4 0.151486069
0.0601540356 0.011554677 0.131992502
0.0557291719 0.0121016936 0.13537282
0.0492688364 0.0136985931 0.136903935
0.0454221612 0.0122826128 0.138336928
0.0420447861 0.0109187254 0.141327048
0.0386712746 0.00941549483 0.144002876
0.0359307854 0.00626472581 0.145904107
0.034140248 0.00377069343 0.147340105
0.0331600221 0.00123931526 0.148497647
0.0329160488 5.38240946E-4 0.148604846
0.0577127247 0.0128592829 0.130561891
0.0513775612 0.0144479783 0.133651006
0.0420655838 0.0135406462 0.138438574
0.03764975 0.0111786817 0.141039772
0.0458200404 0.0136893856 0.135221102
0.0355011776 0.00899579538 0.143286746
0.0330902261 0.00606012695 0.14411449
0.0315719187 0.00339134592 0.145088792
0.0306234811 0.00130184297 0.145736757
0.0304198165 5.5483891E-4 0.145913917
0.0560659458 0.0147804778 0.12756124
0.0502958719 0.0167648817 0.128558128
0.0480552332 0.0158500909 0.131670138
0.0437298724 0.0149256631 0.134426073
0.0402226089 0.0139867017 0.138367089
0.0352435222 0.0120097483 0.140247233
0.0401265214 0.0128304235 0.137378642
0.0334836228 0.00950774607 0.141738496
0.035224667 0.011849493 0.139965086
0.0355032367 0.0114544437 0.13900975
0.0312130608 0.00593550037 0.141855166
0.0298093143 0.00323707059 0.142285381
0.0288559702 0.00125160354 0.142846266
0.0284723782 5.69622967E-4 0.143156992
0.03219135 0.00913675287 0.139618759
0.0301011804 0.00547113111 0.139170704
0.0293753999 0.00402966823 0.139245874
0.0300858314 0.00385150321 0.136666358
0.0314103421 0.00639643853 0.137263966
0.033383838 0.00942410783 0.138389316
0.0283948599 0.002021217 0.139474553
0.029041505 0.00183467846 0.136623513
0.0276208671 5.57861654E-4 0.13981451
0.0281928812 3.73026457E-4 0.136836315
0.0309850558 3.3772853E-4 0.133805098
0.0357484424 4.92826775E-4 0.131472381
0.0454334683 9.0306936E-4 0.127944049
0.050680285723940614 0.0012121283894384646 0.12527408142112773
0.0318464708 0.00185623036 0.133700129
0.0366138324 0.00208965091 0.131478977
0.0461715671 0.00283497894 0.128009428
0.051492977177876424 0.002657889971493688 0.12544976461206636
0.0328559253 0.00383930018 0.133943529
0.0374234579 0.00396426412 0.131553882
0.0465693427 0.00505989214 0.12786795
0.05232267535953901 0.0039653226034048064 0.12516129233564868
0.0499809333 0.014541473 0.126896674
0.0478336918 0.0158547972 0.128518781
0.052344262 0.0154424482 0.127005089
0.0501839575 0.0165252018 0.128350647
0.0466184348 0.01648009 0.129723935
0.0395280389 0.0124428941 0.136864917
0.0426207395 0.0144599525 0.133685479
0.0402852873 0.0114260523 0.134567281
0.043146797 0.0126482402 0.132315517
0.0343512961 0.00641179925 0.135028097
0.0360578239 0.00886618458 0.136603475
0.0377466007 0.0109746835 0.13752135
0.038111175 0.00599828484 0.132217003
0.0385731289 0.00810249901 0.133493247
0.0391566422 0.0101231933 0.134687079
0.04162210649247639 8.616639416165585E-4 0.10182353938773514
0.04430859733054127 8.260221100034837E-4 0.10518809484290635
0.041842109405968206 0.0017261575225806542 0.10185622682145458
0.044413617079621416 0.0021210161677455335 0.10508395566633198
0.04233233084815843 0.003647949566869889 0.10174614566664875
0.04461047226042695 0.0037579253429956645 0.10491205102382163
0.04272170036928522 0.005590531437472065 0.10187034173746669
0.04498932834732394 0.005967515272859737 0.10480649961390591
0.04373411949969609 0.008314334651771615 0.10204588048485462
0.046090645500607375 0.008944372511106188 0.10502467298588934
0.045754707953383836 0.010843549102625093 0.1026515313577484
0.04707343874231633 0.011874327270485105 0.10497428756255746
0.04655755390015455 0.013282669082986667 0.10215151733535242
0.04823430627845803 0.014576248864213227 0.10430207569521999
0.048087627991668706 0.015004511944247186 0.10205372552843625
0.04971159084918627 0.01620855421891085 0.10417821741675744
0.04931524588058841 0.016236805511244817 0.10190904605772234
0.05040743300772997 0.017306647894295528 0.10381379207455292
0.050447194318152436 0.017473738934176693 0.10149710752732924
0.05168547619662863 0.01836870962949595 0.10338540047597328
0.05135991315502897 0.01814434628913331 0.10100254790648977
0.05264268369550946 0.018997286913336336 0.10280429567357746
0.05176261141372653 0.018925574862399194 0.10023975807811553
0.053619037481231625 0.01983665858452596 0.10213179877642804
0.05510465019381667 0.01924952761617359 0.10054822760807712
0.05574742316524534 0.020537728886574968 0.10218929218563062
0.057626869487431655 0.020447204500856707 0.10101846281392156
0.05553312516656808 0.018468518808753612 0.09917568266671756
0.059139165121964786 0.019856998693866697 0.09902294522448113
0.057297349323309335 0.017638429718409187 0.09873046387866394
0.0650330935593741 0.023370015640540517 0.0947739217952866
0.06135071767196441 0.019882516837827578 0.09581082719309669
0.06007008668751665 0.019870778287137555 0.09241920609872825
0.06480082545348093 0.02328505854367805 0.09128947725236236
0.05940894574100617 0.01918812157543384 0.09057657686977989
0.0648337580398819 0.02221271340729275 0.08864662462897699
0.05916763833741349 0.017982783106037816 0.08886111892798186
0.06459596408858095 0.020830953420089296 0.08680014594399835
0.05906613192573125 0.016309403935366104 0.08723017625844004
0.06428377140488747 0.01960594570855044 0.08486402799021832
0.05892304249670598 0.014409407527569777 0.08576228957652479
0.06380975731992534 0.01789992240339388 0.083197229826276
0.05901382850878795 0.012468491795432534 0.08445596939021806
0.0634251707104127 0.015798199686449167 0.08143169698926182
0.05923099580515345 0.010550908130346615 0.0833570923047551
0.06256008625341707 0.01321111946706983 0.07972592546923252
0.05952643449893813 0.008294965668965645 0.08270884089716805
0.061576032103243375 0.010113221330603236 0.07836530877848043
0.05813635656014834 0.006050450316471737 0.08253678584104869
0.06004031069627996 0.00680717878831509 0.07812013674273698
0.05718746437483224 0.0035104221446197762 0.08199544683444938
0.05939467160276063 0.0035666419300338266 0.07697343134108293
0.05738133265748765 0.0019918450544804543 0.08175666175911742
0.05933193672472142 0.0020722403129431336 0.07679802436512324
0.06245610713145368 0.023183223459475433 0.09936922811321808
0.05867122672677515 0.0022818149657658137 0.07156137692706104
0.059326464485492815 0.003911292798147984 0.0726753865639642
0.06053038695115289 0.007877339058440043 0.07314911188397934
0.06251030526214248 0.011447548330077544 0.07336194852211793
0.06409444861520242 0.014480724117736958 0.07435977061335684
0.06541404723499537 0.017305822440961877 0.07546666328288922
0.06659000931772634 0.020088319784657097 0.07654606225056061
0.0673647756943355 0.022295179461596752 0.07860629871431819
0.06770434922743213 0.024379930466607094 0.08098362001083638
0.06781927692303565 0.02550854106997612 0.0833894211137499
0.06822674796253461 0.027172648807835816 0.08637437726432694
0.06905880593530904 0.028143521220036473 0.09161410194232364
0.06684335791905845 0.02738504644941296 0.09755578739909333
0.06514098631767946 0.02740587032624897 0.10311914953443967
0.06004437196207939 0.025016122023374998 0.10399280498617626
0.05673704266299346 0.02495086462730106 0.10371984964896797
0.054915986101053235 0.024258114607126385 0.10422367177413296
0.056104453708841484 0.02186210997869787 0.10726407927222655
0.05462697654428518 0.020213526220043177 0.10870611932817631
0.052677649878857015 0.018724328779514243 0.10986543961225514
0.050464891318384844 0.01699249697091702 0.10982918753124496
0.04934919482228061 0.013856400778225607 0.11002271686615725
0.04778047125901529 0.00982631710916588 0.10975551366633358
0.04675812086754471 0.007508031979032759 0.10980304266504094
0.04651551761184533 0.00410557523761209 0.10912504531956914
0.046216458719979855 0.002298677078053142 0.10886423204974024
0.04624912172653631 8.458746241720586E-4 0.10905320360976099
0.05768886267348424 0.002434429078322759 0.0675318859533257
0.05909316183557252 0.0051853663767580105 0.06747233144869728
0.06091640774404669 0.008295309221012383 0.06822555421125763
0.06284664757921957 0.01163589714885562 0.06895315215322496
0.0650519198533193 0.014853751193763148 0.06978453756662542
0.06647628062679715 0.018055271895003427 0.07063674304667283
0.06930059746556369 0.021898149100260347 0.07222397435829185
0.07052153051042145 0.02404293291964508 0.07735878137557448
0.07102844003483268 0.027209644926091736 0.08486868972297466
0.06534246551374696 0.032192720198520035 0.10562987988359171
0.06269323735559984 0.030619278347068016 0.10611834412570012
0.0610643640604805 0.02788098497781014 0.10804104948044603
0.05948287168389913 0.02575922097522363 0.11005597639559618
0.05819754280745259 0.02459854018398938 0.11185860249225833
0.056530260498120925 0.023841641406142856 0.11327299077766378
0.0544464031434363 0.022442256731660105 0.1144603501478437
0.05237379579535851 0.02004852865770867 0.11506067477897998
0.050945813364789636 0.01666614856448599 0.11568800944075512
0.04998751411769911 0.013098115674527322 0.11612137883105074
0.04860283045491874 0.009893497995365359 0.11651770490483776
0.04775396211925817 0.007314792176708277 0.11631024149299339
0.04728280220531314 0.0037896905955330505 0.1155439086570152
0.047197134219623904 0.0016984538040176944 0.11582113377160373
0.05762572366828564 0.0026158658288719045 0.06423594597584646
0.05819846365424238 0.005338493174691709 0.06439118881100328
0.060613342039047086 0.008317181110622315 0.06515895457805285
0.06310611564096383 0.011170258971873053 0.06598234922641341
0.0653480759916005 0.014441096503543216 0.06669957715655059
0.0676351224456813 0.01853507951703556 0.06725318072906664
0.05841029485681728 0.002708432765278214 0.06225510064178255
0.0584254831463592 0.0053653131976724175 0.06202645369170643
0.061024191618697356 0.008046223170205938 0.06234845643110775
0.06306685947168329 0.010855967466842269 0.06276640462368109
0.06570533769456043 0.01419123612195739 0.06340623081059843
0.05934674861704637 0.002550603213496988 0.059038449455425177
0.05954373743748323 0.005169914103103796 0.05888454340203944
0.06160857214677527 0.007894838084824695 0.05911655593689097
0.06378669481993532 0.010809351156929183 0.0593404741297804
0.060655676845415694 0.002484695710425052 0.056541969334237226
0.06115066263926836 0.005067616844289118 0.05630635317319253
0.06312840421504173 0.008102307236721038 0.056397695104723644
0.06529455832958776 0.010926282535015435 0.056396242449305134
0.06860159131617112 0.015273980386367653 0.057007182343238746
0.06691528170694923 0.014443775077654963 0.05977638046748945
0.06294569972583408 0.0026120833073057788 0.054314176939849045
0.06351858811592215 0.005112642814701521 0.05405581761628541
0.06570358634071607 0.00835097990952864 0.054187058717123385
0.06773247668211504 0.011156811825076307 0.05432382485557837
0.0707803207879887 0.015823111988396477 0.05498778749865346
0.06771632649766673 0.016804852159235217 0.06200828728993287
0.06642051546557015 0.0026728345161289063 0.05241882574069857
0.06706545815994096 0.005372107573904161 0.05239190662312436
0.06849887391709358 0.008582103048176085 0.05241061167255659
0.07068270092293374 0.011484252449166964 0.052959768692651656
0.07402839744195304 0.01614315320054338 0.05383954840514058
0.0712466637470521 0.0026514103440456486 0.05059437600922917
0.07203781518784877 0.005415235027486663 0.0507296300374634
0.0733331689263735 0.008688968105111649 0.05113502983541368
0.07520818366016851 0.012146284161161001 0.05167810148524765
0.07884307405770587 0.01661139923026544 0.05334876098337352
0.07577800684748948 0.0026455005637741336 0.04933391917530927
0.07684558570996262 0.0054777084940050265 0.049802655477671924
0.07811049537515637 0.008868755667944369 0.05015242219570821
0.079927891025139 0.01256034518657417 0.05079777713665793
0.08420492804589416 0.017077924999079876 0.05376576276487731
0.08122081275554197 0.00266159646920376 0.04710172493270625
0.08212972722328081 0.005388924216832795 0.04819438745996197
0.08553862665219727 0.012871443109375885 0.05031113719449833
0.08350371915647155 0.008919274696076921 0.04894847597089848
0.08795775978592953 0.0026659355396768257 0.04610855558488014
0.08917917061340436 0.005848124127127731 0.048377161942056456
0.10118063918945494 0.019619337237270527 0.05459990353031622
0.09589750078274979 0.017908759334784672 0.05574644519096444
0.0929283073170077 0.014272133575973634 0.05234375804154421
0.0979787417377482 0.014304410232798277 0.0517207572976412
0.10396199045561756 0.006279841245877213 0.03630377730094976
0.10506989682281553 0.010306615847513646 0.037184892386234944
0.10312532170326548 0.009528818264176106 0.044306380865746085
0.10116918613233744 0.005923426898161786 0.041978612892808874
0.1033163703657575 0.002724239937824911 0.035740311576053986
0.09968578524835041 0.002704656905697888 0.040409650807267126
0.09654527850074585 0.0026948743351314463 0.04285322723495254
0.0981025348116264 0.005898564109029439 0.04466314944542967
0.11117447819686901 0.0029217460337805745 0.03402896137761049
0.09337187883440073 0.005870621293910022 0.046827494220756966
0.09230222116382031 0.0026820527198430024 0.04440807124444906
0.1033005001126564 0.014334861396001776 0.04927781716318079
0.09542325813984917 0.009463185779371604 0.04884589513150566
0.10036750835344825 0.009496056150312036 0.046642124997209135
0.117262113 0.00313950412 0.0329364761
0.11781744 0.00636226183 0.0332114254
0.11201466421266638 0.0063638855111632624 0.034064149365257014
0.10604614463686357 0.014372927551057997 0.04641254492708609
0.09057796053282478 0.009430551062650522 0.05005598241356392
0.0895194019065648 0.017468799461458514 0.0547989459055999
0.09975841010883069 0.024487468819563537 0.05896050854887174
0.09387634871082343 0.024167550443448427 0.05857393975312324
0.10618725303568192 0.019639186347324922 0.05195506082213918
0.08835057024770086 0.022694705518391617 0.05716660278690561
0.10417634993761139 0.024438236507910063 0.05715630163755533
0.10887023988925758 0.024450264181741156 0.05428504704901032
0.10681170105162371 0.015111995371286997 0.038537830511254166
0.11002584721348029 0.009842998410898368 0.03425388229214512
0.118037238 0.0094789674 0.0333615651
0.116924396 0.0139895499 0.033385437
0.11051841145420035 0.014194313693755194 0.03579990861562791
0.116388586 0.0194646016 0.0338764241
0.11117319641206559 0.0210440851332397 0.036303797628551966
0.10968829164977835 0.02103205298967621 0.040675805642965274
0.10856354416474123 0.019692732733024014 0.047947268658193355
0.117618564 0.0262600934 0.0343369966
0.11396221120252432 0.02802801923932291 0.037264441834719095
0.11295637449714455 0.027139215304006085 0.04334293278384972
0.11124416617452264 0.02449862253030389 0.04960416952080527
0.08383532735925489 0.02181352943111342 0.056218360718082845
0.07880597652794644 0.021443390574134982 0.05625109508003563
0.07556240187766763 0.02140872816448895 0.0570022148429481
0.07245165063565379 0.021132065371046563 0.05799608565964297
0.07052874079097643 0.02005444871997786 0.060065243207827336
0.10675145234104186 0.030429012981758426 0.05942457787713481
0.10256890243118776 0.03048662622423044 0.06077926579191988
0.09736001184999632 0.029772361699535992 0.06094549650568788
0.07165054332767103 0.02191148519335337 0.06532547745642857
0.09133891897882165 0.02961076122246794 0.05982138775355354
0.08692425468671656 0.029072055371376675 0.05919348189373362
0.08327377164078754 0.02758684599972602 0.05966263939601096
0.08077443063911596 0.026409860563224738 0.06133710323852577
0.07778902118320262 0.025164449327227743 0.06324540985887052
0.07476243068521014 0.02380182837339927 0.06413897740153131
0.121054602 0.0347964487 0.0350105088
0.11704389904019373 0.034973764111704594 0.039114528745649614
0.11627118516584362 0.03320049780548822 0.046439056486211834
0.11402894464557749 0.030481303103534942 0.052088321621159714
0.11156595842983887 0.030433260374476974 0.05659773490434382
0.121763611 0.0412088016 0.0359232361
0.11977974776945942 0.03995379693879128 0.04166020593749193
0.1181484341250674 0.03843396340402418 0.048429511715503595
0.11637665418428382 0.036250088679998266 0.05421787206273024
0.11356627462697312 0.03481058598084456 0.058346678356449015
0.10834108125340364 0.03520387701293771 0.06030442751147258
0.10390558330025912 0.03506620822661164 0.06210894786759088
0.09933227685470333 0.035283377409999844 0.06232144813489367
0.09458471445334928 0.035213363892471976 0.06236589178749751
0.09071496608113294 0.03462889695241752 0.06270410000832699
0.08718430265566429 0.0333130108087357 0.06337039266802802
0.08427778122408877 0.03141179200704729 0.06541975293408113
0.08173566169768624 0.029625302747848758 0.06753660381027753
0.07830013607834854 0.02683665114158042 0.06919210189450137
0.07438242780205018 0.024387240673142636 0.0703329565878376
0.07581086366501782 0.027271239730281897 0.07616886328204953
0.08047232030505139 0.03034283541112948 0.07420808482508767
0.08440398575133719 0.032586726009629564 0.07247538246994355
0.08749953383859925 0.03457764276241225 0.07032514176993068
0.09013013654565327 0.03711685653131972 0.06776637491690442
0.09437885506828608 0.0379034554687636 0.0666873517628638
0.09762268052724328 0.039003979970221536 0.06527061632296771
0.10157210769044692 0.039103195713976725 0.06463469417617071
0.10575199980723256 0.0389607404686443 0.0637032847240239
0.11019707258182249 0.03879294528465502 0.06256337041701701
0.11504117830180265 0.03882321448095345 0.05996796271976192
0.11801498841466829 0.040204626592036094 0.056205842872843165
0.12018495035648663 0.04237039097618788 0.050805920829549094
0.12260058606691149 0.04382933779446433 0.04450319724112195
0.124471977 0.0457085851 0.0374105511
0.12795796 0.0494295883 0.0409455861
0.125408280804714 0.04728423884735575 0.04747824893202871
0.12208842042741055 0.046217939627729125 0.05321599776202956
0.1196696147812747 0.0438173606097241 0.058374783535890984
0.1166685973381974 0.04245609969724601 0.06244194112133983
0.11184100088590622 0.04236632416063037 0.06526205603951475
0.10767173791824518 0.04239952797618914 0.0668685346655979
0.10266805485928635 0.042745953979565064 0.06793571047660936
0.09879284556943956 0.04227455565957981 0.06881193595490831
0.09556842219462233 0.04126258426168825 0.0704734456156717
0.09314532538033515 0.03925513827862673 0.07327129456462751
0.0897721761291427 0.03729084980433152 0.07591064399169659
0.08616030453583177 0.035090894631824486 0.07863735848583801
0.08146221286462678 0.03320225328833071 0.08104065960195717
0.07557317186104412 0.03023551213938615 0.0838205813792007
0.08624090309348982 0.03858158013767873 0.08913337095979876
0.08025516895542859 0.03611404034989922 0.0921624648056538
0.08140762350179372 0.034972084624881404 0.08778399189114823
0.08680121494559598 0.03700382001423821 0.08488542059052066
0.08578357195526692 0.03990588136446641 0.09296457662829738
0.07943569387207546 0.037446997286722655 0.09595181940313582
0.09409365804665536 0.04369382215537362 0.08225992054453274
0.09065618818329685 0.0411119283997578 0.0855865730981519
0.09107781117956286 0.03931252936017782 0.08148947911099179
0.09406347174296377 0.04206639598587487 0.07816300373986332
0.11150919837273611 0.054255654918071924 0.10441432800980507
0.1063568123774925 0.05313179073560476 0.10728605369619348
0.10481643488965003 0.05088489149815955 0.09916921526118538
0.1097341706190871 0.05181043404748129 0.0959819309233312
0.10257425629888337 0.04841767715381295 0.08695442266331005
0.10339299388198213 0.04959033200663835 0.09190364620851997
0.09883984019872386 0.04854036644376468 0.09494714087873124
0.09827172825280535 0.047375872178392675 0.08968627393066546
0.10025462279201666 0.044299347710197876 0.07403111538591069
0.09702532485252634 0.043281643597043715 0.07598389207850097
0.07238228165021904 0.03353470713248862 0.10448911502170735
0.0733067062992142 0.03724769566850628 0.1100573965907348
0.06779293800376213 0.033853248484387324 0.11118109305499553
0.0709126201558861 0.03317356286949776 0.09878545872022473
0.07285483299584633 0.03257535531655996 0.09466269508273208
0.07434229229735467 0.03201803904945421 0.09014400310541226
0.11018798936896855 0.047148056659651376 0.07398441044823324
0.10517865997865719 0.04650660048064773 0.07615533373885673
0.10385797621547858 0.04536928167248048 0.07189497836053182
0.10890301799790071 0.045521888711404945 0.07024476860828205
0.10111244213498026 0.045782803084061664 0.07816656049917377
0.10186110575449833 0.047009090722636857 0.08237795860102502
0.09765978854019793 0.04629375343294225 0.08474117503323804
0.131087441 0.0521670063 0.0445500886
0.12742560954957183 0.05073348827400188 0.050763734409204314
0.12406323840439794 0.04925674086034586 0.05625687154335576
0.12155166235734009 0.04638876836494374 0.06126203157430454
0.11835915368934427 0.045247152315747795 0.06485946755363403
0.11359881780508471 0.045117145888895815 0.06849824811882596
0.11510803230814651 0.04689645135420368 0.07148385181244803
0.11639103106619032 0.04812416729566221 0.07433528150018795
0.11130876037699923 0.04842233531420167 0.07740777716280133
0.12339028935026751 0.048473416127885076 0.06419929514981239
0.12521604247635246 0.04977931193045478 0.06715400828472493
0.12139594778212813 0.04812842547345867 0.07126728135083886
0.12001649960018024 0.0472729513913639 0.06771401522807137
0.12969083982167123 0.05350436551145236 0.0544124042072374
0.12633524845488328 0.051279688277405255 0.05957213918595263
0.13345326 0.0558747461 0.0484194298
0.135803271 0.0585255485 0.0527693731
0.13225156070874294 0.05523973351964309 0.05831347558214845
0.10737727975677061 0.04860674387266596 0.08443404521602209
0.1081910654892304 0.05011322338179843 0.08897532436962982
0.10642262828695542 0.0473592070480148 0.08016589484166531
0.09410457924970599 0.046061832047496774 0.09209277467915589
0.09437473224403425 0.04704434150940124 0.0978013271757827
0.08991485628425824 0.04469722478774079 0.10095441739834873
0.09009564264304959 0.043672760095194725 0.09488999541125563
0.09739874854693074 0.0448036102394111 0.08039113217095194
0.09396246582155023 0.0451094490633484 0.08689622587328563
0.09030732163425924 0.04261111672177973 0.08976678576050154
0.08538617168294739 0.041420285373536425 0.09784435694628515
0.1153294827727002 0.05191914304573283 0.09257780000905558
0.11366335907392262 0.050764867888518916 0.08564832140888656
0.08471511223369028 0.04286467519706826 0.10342404566066984
0.07952539347147362 0.040188492830851 0.10769535569793205
0.08057959700075332 0.03662838618289685 0.10220555111134956
0.08045290205516684 0.04270826869386638 0.11431332151676131
0.07423435357880505 0.0403005943309726 0.11586780712310805
0.09027526518711099 0.04729673611745386 0.10756806074307491
0.08495000382570786 0.045861137617304676 0.1102661235917858
0.0721124356257327 0.03900982061896996 0.11671460631590178
0.09553313982757614 0.04847485824247973 0.1049080603593319
0.10016834119442289 0.04985162627679611 0.10214052774394221
0.11258637235999337 0.04914109808699039 0.08140071974812546
0.11766374109064769 0.049206522055619435 0.07814821021382873
0.11903859379706533 0.05075009453014156 0.08231083688562052
0.12857786142887376 0.05285660490750808 0.06268918595638165
0.138869634 0.060020131 0.0577142288
0.13469419556029924 0.05653891512784888 0.06249611103659466
0.1306730592046366 0.053613792552536094 0.06666089012240872
0.1269022469454325 0.050268279088499936 0.071152331535811
0.141620613 0.0601190937 0.0633617262
0.13703833161502216 0.05656473641829144 0.06746713064815169
0.13274487724449885 0.053699664385129554 0.07119143492122677
0.145855656 0.0590448974 0.0739914815
0.13970889411810195 0.05610713831446631 0.0772787556387705
0.148687907 0.0583868624 0.0827127864
0.14044475824305158 0.05510878546248507 0.08594835000942815
0.12301661780939697 0.04860492851476238 0.07448857735820591
0.1418474503057258 0.05538480971773107 0.09547024332628282
0.15184565326572935 0.05931415158356707 0.11123702261224346
0.1466850894130299 0.05846355077847382 0.11359839921707529
0.13884279406449163 0.055250851170914404 0.09847742016203599
0.151629685 0.0587085008 0.0917263284
0.156981185 0.0605193545 0.108970694
0.160723344 0.0615663143 0.123671338
0.15561842572121504 0.06087165896081569 0.12544353158567687
0.163848917 0.0627397208 0.136288304
0.15844372455080974 0.06236377420728999 0.1373377048253289
0.15034058524634913 0.06087866881175102 0.1272449428987308
0.13534052684104952 0.053853899200218616 0.08883225875866459
0.14116228943323578 0.059240555377716775 0.11586263788692414
0.13669458246244032 0.05635785411888903 0.10141934286459221
0.1351579212695258 0.05443534405798069 0.07967983067239634
0.1308081244828354 0.053174191420690374 0.08234293921752325
0.12839446731951906 0.051016571397739345 0.07520420506573038
0.132968710749277 0.05447840610260274 0.09145529577693554
0.1444368593582164 0.06147529494217088 0.1291778294763588
0.12327103940781685 0.05057426754947612 0.07871093954207527
0.12578967883469866 0.05216565231006681 0.08539630503815065
0.1207400826912334 0.05226652502401771 0.08888973892228384
0.1285652168193883 0.054596664816187544 0.09449177123053719
0.12602602047861353 0.05804507110927066 0.1080277967917216
0.12840797611795288 0.062201470143991536 0.12077732767899112
0.12221221859305648 0.06263767295202247 0.12313814184408033
0.11985395807028996 0.058491211811595376 0.11093560637228571
0.1318766781168225 0.057273059378100066 0.104416406605806
0.1355537941841783 0.060876148456926654 0.11837970671391487
0.12319200069446917 0.054523299515525654 0.09776284492556658
0.1174530517024232 0.05441052034732457 0.10128352398034376
0.11338506291606927 0.058074356972175105 0.11386854733418819
0.108103204091114 0.05672570826987523 0.11634856863511808
0.11569757821638954 0.061818267010933695 0.12567883800662116
0.10985688832550129 0.060139560763070414 0.12808537824927824
0.10149331354376646 0.052234679704077774 0.10980385489230382
0.13808034883003328 0.06262332628730401 0.13057089178913214
0.13121235868474665 0.0642434816981267 0.1321626172895531
0.12441145620633771 0.06432555459213048 0.13437448259060797
0.1331498430771215 0.06559238431888316 0.14208017332310532
0.12775160502830482 0.06632985574521783 0.1461024422545911
0.166851838 0.0636320623 0.148473292
0.1612452255336091 0.06398102280934274 0.14893622452078562
0.169430921 0.0648282314 0.159321088
0.16380598072383434 0.0654799271618031 0.15946694679251966
0.172041148 0.0679467841 0.169435925
0.1660841445632283 0.06807246350342586 0.169275610513488
0.174361365 0.0704904233 0.179181822
0.16816005492487324 0.07071155389013858 0.1788073769187489
0.176683192 0.0714499149 0.199198108
0.171073844 0.0700585546 0.199826709
0.1529659895289863 0.0616778386069171 0.13858371615257994
0.15565212863321287 0.06254126960290023 0.1495781651721621
0.164753946 0.0690068102 0.200275977
0.16125179359447037 0.07103822660287454 0.1786490139885138
0.16016768481834653 0.06664231342994723 0.16956563343794437
0.15818603870127243 0.06409881572321117 0.1597674756525175
0.14665687047965356 0.06135477752930242 0.1397957363334555
0.14924443452380454 0.06233467638182739 0.14990444939362674
0.15201204359060114 0.06336545165099174 0.16014556740831296
0.1544898558873796 0.06543661855476077 0.16990105566835195
0.15610926180475543 0.06946909196177764 0.17905429850274268
0.159536295 0.0689741338 0.200113179
0.151625583 0.0735430997 0.198448262
0.1490860388013909 0.07114268334680941 0.17873522543102877
0.144916495 0.073017101 0.197850598
0.14196485171126966 0.07102663917836585 0.1794400714445076
0.1470622622311004 0.06896872778891505 0.1689502924758019
0.14018107638065624 0.06937787961608802 0.17013497479649967
0.14487413726858428 0.0670081968587595 0.1595753076721839
0.13801162008619378 0.06767913666963825 0.16088411070494715
0.14276608934299578 0.0655524461343654 0.15060944095361145
0.13584433529130482 0.06622557538581691 0.15206006805225297
0.1404659557171421 0.06447627102079874 0.14039004228793983
0.12941451796030862 0.0666626166126445 0.15313973984888274
0.12095647592747691 0.06408126707767912 0.14602006858383793
0.11823878963074408 0.06338837703766712 0.13677136123861397
0.1231418389621788 0.06598949266372546 0.1548782674395138
0.1314959425749389 0.06790792238921113 0.16221771639689908
0.1333466785549826 0.068502629978397 0.17124264656237645
0.13494573484176237 0.06980366875389953 0.17999847222876234
0.138174412 0.0719364736 0.197123878
0.131001332 0.0704272468 0.196260032
0.128735224375194 0.06831402121638575 0.18057927845565191
0.125701637 0.0686121133 0.195996246
0.12316185409043627 0.06745747397165933 0.1807955657696241
0.1269356327573653 0.06748608765501826 0.1721593686512294
0.12503470767504377 0.0668102148729051 0.163553128278084
0.12120294158208192 0.06647050413130584 0.17278044318797955
0.11940322005391991 0.06542139096251959 0.16451741722176896
0.11758984942549415 0.0638628567864518 0.15615815960662421
0.11539983978452784 0.0618152032367142 0.14767957698540474
0.1128241580265831 0.06152198506857464 0.13892037973632756
0.11137680520431603 0.05959747125704965 0.1490794154840363
0.10873470317556004 0.05931268711160912 0.14079089087379948
0.10801954081778499 0.05782010213162623 0.15035579640426128
0.10499355184025357 0.05754037075799265 0.1422747114326549
0.1012158867677558 0.057214462527813315 0.13083910772824897
0.10502500201566284 0.058446124979439226 0.12965328660787848
0.11323910401411305 0.06154247274042216 0.15736287106069693
0.10936275025804343 0.05990545199280884 0.15815426086864093
0.10064317051774017 0.05621134328056046 0.1429325876232638
0.10404511327194645 0.056274638677546514 0.15112865990128604
0.09880585180335139 0.05512992507096335 0.1514792405337146
0.09605395225760537 0.054986175730998815 0.14344265103430526
0.09901447338882573 0.0536175662715994 0.12064310261164773
0.09458669841790157 0.05213541266882102 0.12249561201486625
0.09181317122881491 0.04961322428552568 0.114738157906565
0.09707509378562934 0.05064695789577162 0.11235083234365935
0.09797678995013634 0.05617797759595119 0.1319015459954775
0.09365568069627911 0.05460101450083013 0.1331502828832185
0.08985170753434732 0.05129619224773386 0.12407732524501641
0.11038731870969287 0.0615799583166126 0.16621396797664242
0.10612557513491398 0.05999231662600678 0.16682896710130782
0.10569970332218337 0.05827904209407547 0.15900865972834238
0.11459404713985911 0.06351403136643216 0.16545022710795756
0.11618479361546347 0.06495057056717439 0.17348166489160957
0.11163217258864253 0.06300532991013803 0.17421392656484355
0.08344268557802355 0.049367180652200846 0.12671781289052353
0.07830762570265437 0.04807801988996062 0.12797066356052114
0.07680876366257255 0.04405857042459601 0.12262350125764908
0.08228098541162412 0.045643461797457874 0.12125727802270925
0.1031891091310864 0.05534611448530095 0.11857889010034649
0.08678890422112437 0.048417292997302123 0.11700686352019575
0.120183102 0.0664848697 0.19586377
0.11801127208286945 0.06578812091450933 0.18135523313173324
0.114749897 0.0643190173 0.19559565
0.11308718078276778 0.06385952673345627 0.18193455201574954
0.110022221 0.0620341181 0.195734139
0.10837185455477809 0.06155848598511425 0.18240222138359766
0.10700770057240921 0.06119293376401657 0.17475185913639477
0.10099302523042755 0.05677476687146699 0.15954660425187406
0.10234170721752431 0.057576269550826356 0.16765874371596154
0.10272501633454108 0.05882877850733809 0.1751692347736287
0.10356610460683134 0.058926329123921775 0.1826406910229117
0.10443555 0.0605554789 0.196067324
0.0993276709 0.0581123163 0.19633592
0.09871841650304623 0.05603824160435365 0.18334238424469357
0.09797085825860835 0.054986922116750374 0.17644081003897333
0.098046215974258 0.05275890361778111 0.16979914523497316
0.0941742561691536 0.05781827128023978 0.15910432964258275
0.09164366021589387 0.05712516653650354 0.15074145115329882
0.08984725351438184 0.056391965409641344 0.15968695766375388
0.0876196584269949 0.055901528419133054 0.15144829249764263
0.08895430616675776 0.055303580181964095 0.1429575647208809
0.08414839214142834 0.053138810602593095 0.1437840856965902
0.08611633197369524 0.053685281720296706 0.13528438403136928
0.08065070511968844 0.05049313919920022 0.13487734058985915
0.07754216929835309 0.05070342847370695 0.13693066904632417
0.07463371008550618 0.04801731387134427 0.1386094788427263
0.07210246026656685 0.04405727114797241 0.13043453364699437
0.0750627504304554 0.0461810869163072 0.1290581101823746
0.07018762221783528 0.03830034293077273 0.12493356459386999
0.07331171758812836 0.04147091316150435 0.12328460938564269
0.06890495597445359 0.03785640920258946 0.12901195118687422
0.06666191313413714 0.03210402277853628 0.12860509724506486
0.06506577742669639 0.030999929322730126 0.12424978562264276
0.06833201422260732 0.03564103295758068 0.12450423319763908
0.09259263729001399 0.05217293289743203 0.16943851211815317
0.0927974779535787 0.052719809615113786 0.17649613974024034
0.09350653541439458 0.05326133110151612 0.1834125486666347
0.0947766772 0.0547878831 0.196203969
0.0905236704 0.0531615128 0.195444183
0.08845306555150291 0.0514227119886796 0.18351721627015438
0.08756944853742851 0.05262788322072675 0.1760545736640273
0.08742172682670646 0.05451009206164957 0.16859472389050825
0.08746271055678825 0.05568884878541032 0.16000423445983103
0.08479427311883561 0.05496169905852295 0.1523654070503461
0.08255287729814544 0.0510223819528848 0.14524416552904787
0.0859619064 0.0519610187 0.195375512
0.08399447475650247 0.0508844798811355 0.18404506517529076
0.08282709424952345 0.05185087859893433 0.17720368923802732
0.06423733686768626 0.03171469630159012 0.11324931501865203
0.06185053634447105 0.030009915650627963 0.11437836705263855
0.060534623518796876 0.02793005273845474 0.11628562141067993
0.05878211432932706 0.02621931417826639 0.11743167330476559
0.05600322038539938 0.023754462356626673 0.11877377350755745
0.06908554814465982 0.03604243441418418 0.11834544003050655
0.06620485886193633 0.03235077169560688 0.12003119361271632
0.0632710595843967 0.029584008467563278 0.1201079763356155
0.06267283470966975 0.028029039699161033 0.12467542354772956
0.059895626817312954 0.024396704492761438 0.1253544390161739
0.05855000101092289 0.024305721842377056 0.12254782081865932
0.06111956206714719 0.02702489250958171 0.12155173276206009
0.0539789106286023 0.02038184328255895 0.12019832797135882
0.051836471938629725 0.016982163091235868 0.12043250520123959
0.04773856960100318 0.00908813987230013 0.12076181991255251
0.04661199038558381 0.006476015679408241 0.12062011217892157
0.04613403170408895 0.003332583539751655 0.1199829692057824
0.06417232593837227 0.028121690354055352 0.128483949906232
0.0608827269292306 0.02404181623793275 0.12855237719373458
0.05914635021257792 0.018350195021701494 0.12995886312926064
0.05788391833065052 0.019803869162776138 0.12634007478596113
0.07052701504668717 0.0437549191157383 0.1355306238128968
0.06869329733280974 0.03830345255630512 0.133974855041514
0.06659527072465783 0.03291220347426722 0.13264795235393506
0.06746112733680482 0.04070124653759496 0.1364730603740441
0.06617671770460068 0.03485560920937668 0.1349469869922038
0.06429607055393538 0.02812876668258056 0.13157984975176665
0.061594237435382844 0.02318438368022636 0.13208770649290974
0.055413564090303874 0.020580482319100923 0.12370179085841997
0.07369452073064525 0.04888255116384291 0.1422929465202719
0.07965858391576965 0.05141561802053698 0.14785223502919356
0.05827934552796741 0.018605104682609293 0.13352321361212618
0.061679102174230116 0.0230838897581418 0.13541227614869877
0.0645535840724821 0.02839824298609847 0.13461374992905947
0.08250559747804838 0.05424123660342581 0.1535859029763526
0.07301108201723962 0.04810867621059668 0.14540261336598387
0.07788289379620177 0.05145187430272887 0.15041231323132248
0.0840161417790814 0.05394612142251298 0.16784936314278281
0.08481975393185633 0.05510243157306071 0.1607104543309172
0.08223705071859762 0.05414519721019239 0.162162891396046
0.08055282665267137 0.05397801561324388 0.15586091004388578
0.08107548137984882 0.052819246697892855 0.16705466209489517
0.0806688578303834 0.05135063220563611 0.1731444609642879
0.07837716471649346 0.05065721808685391 0.17066335169328967
0.08002923072952982 0.05245105471934279 0.16339006525782182
0.07876461902131428 0.05125099692659466 0.1668574106734339
0.07976875992363784 0.051049523379242685 0.18551766191036148
0.0815885826 0.0505494603 0.195182428
0.07563420945308236 0.04995397411426965 0.18640287823601653
0.0775204927 0.0485267803 0.194857688
0.07153176788739275 0.047535561571609104 0.1870478150182557
0.073382097 0.04651537 0.194718017
0.06800225856482996 0.04339882998503141 0.18670680909967532
0.0699221669 0.0435758596 0.194483856
0.06476085936623407 0.03854877144948365 0.18661511736836947
0.067528456 0.0395600195 0.194272039
0.0655906723 0.0349975135 0.194450774
0.06186372673716429 0.034582671904629804 0.18684006589727972
0.0627445468 0.0309949019 0.19507788
0.05934608700371581 0.030022315451268933 0.18814529513761452
0.0602512046 0.025611262 0.19596005
0.056602107449105626 0.025480327147555857 0.18904347458766002
0.0578146641 0.0196778809 0.197073403
0.054577951830154216 0.01788614247202294 0.18937730876202932
0.0565376641 0.0120250111 0.19751805
0.05359208908601013 0.011973176035476478 0.18937937329263213
0.0557471506 0.00378053379 0.19762447
0.05387335258380987 0.003977433508991405 0.18895848853572222
0.07861237151024017 0.051491811565393036 0.17902350747912898
0.07421006914282857 0.04984730531295476 0.1810013194691228
0.06666439528183057 0.04347249417063549 0.18254712587418936
0.07035353343471414 0.04744862396238961 0.18208055415950414
0.06397564703615936 0.03868415146552424 0.18189938397263122
0.06056834067700755 0.031940155650715764 0.18278756119770373
0.05706195304684773 0.025629287699285134 0.18458748255501986
0.055030606969880415 0.020314697898684213 0.18482065871320608
0.05379617060046976 0.015697068978742228 0.18415158638071916
0.05305038697852205 0.010748573219752958 0.18375041112795718
0.053218924946019944 0.004332500974015251 0.18319809737743065
0.053903262934415226 0.004211842975459055 0.18055036527355897
0.05410662864133331 0.009198566616027122 0.18027787427097638
0.05488921249134526 0.014323392363120182 0.18085221615214733
0.05612027389464316 0.019618076681266097 0.1824744622103201
0.05793805865511619 0.025500919685977733 0.1826644645882253
0.060804365540659974 0.0319784778036172 0.18101196560213548
0.06363152969304951 0.03922750223659787 0.18021684732996474
0.06555689825313213 0.042995766317677736 0.1805316615314756
0.06886222184476895 0.047521989381088384 0.18018262807304403
0.07231325075507475 0.049702372214432855 0.17885023538533068
0.07730318855911404 0.051680826905147956 0.17588551684619005
0.07592984313529122 0.0510978090922248 0.17318644627008403
0.06155316581607736 0.023676412425031344 0.13832524039455465
0.05875050250139018 0.020009070757536496 0.1396200630035352
0.058219658490341185 0.019237096105665468 0.1368808598236014
0.0615731070204966 0.02470226164924094 0.14117483974904793
0.06444202747619304 0.02870495540051153 0.1375286803897641
0.06432696922369993 0.02919240926418236 0.14039851223039423
0.05880377012953016 0.021842646426638614 0.14234820233093523
0.06418852216664866 0.029462075827648013 0.14212019981213228
0.06208913158914682 0.02567256966862113 0.14365640404145943
0.06636149513077028 0.03472527399683648 0.13774633108816692
0.06562610351136137 0.034718852285275735 0.1405138650189837
0.06534955103290746 0.03453419682179425 0.14185688939308305
0.06957383327752427 0.045606841928596945 0.1388345850928873
0.06944332546153165 0.044553355761424426 0.14182782503698058
0.06707577515688706 0.039451958521290416 0.141496090856391
0.06748948189757968 0.04009708599160702 0.13913339664186203
0.06881643794257446 0.043281399803094506 0.14406412865996077
0.0722385809725779 0.04692342978619567 0.14802689009406644
0.07650364516890776 0.050672824656119365 0.15354440020790835
0.07899914220545128 0.05294278932801255 0.15846883053292712
0.07668323210157864 0.050560881450752604 0.16905516194677453
0.07450925744662126 0.05053467510262714 0.17114650795897765
0.0545394045568569 0.003924861718906052 0.1779189844751584
0.05496284092251846 0.0035301494959054974 0.17479993667252272
0.05427632507741482 0.003218510076233431 0.17193009270897092
0.05311898194200967 0.0030458635793713645 0.170016910218515
0.0460697527224482 0.0015334955881732765 0.12026201311959668
0.04283456140383932 0.005770335418532521 0.12495249613628939
0.042752088028501445 0.0033568772864422556 0.12450794192627335
0.04190629933511118 0.0014484680234019402 0.12444347313519365
0.038637526003390724 0.0048112140618897245 0.12824216259071244
0.03784488907216306 0.0028203711899270015 0.12771939630718263
0.03729041410366088 0.0011224519061637662 0.12752440206971719
0.031354719205632306 9.191182714115009E-4 0.1303550115296076
0.032079629712341726 0.0025124657375516987 0.1305295930689731
0.027835709684493254 6.98290132827691E-4 0.13261324488030118
0.02560389248377043 7.528204100867396E-4 0.13587866079181068
0.026429942829840285 0.0023624655751094156 0.1357653860306402
0.025773315585790876 0.0025421493094360593 0.13871633000869152
0.024995442291720755 9.137439090310182E-4 0.13907249655190232
0.027550427007146903 0.004395380604424929 0.135636940097577
0.028783984523615577 0.0069036358269171086 0.13575932080940556
0.027803850129047118 0.00659953312717778 0.13792213051428004
0.02680867655923675 0.0045562291017867415 0.13830344847667542
0.05094649553000088 0.015206501632046685 0.12408535663081939
0.04903999375540299 0.01410478456391193 0.12383273435730957
0.04976782039839973 0.012565902231527327 0.12090430948575932
0.051076500767724194 0.014798085266542721 0.12089440982982974
0.05439927811388522 0.018263197605657016 0.12412099829600973
0.052674535589960325 0.016479569411414666 0.1242989619582753
0.03291392242285254 0.004304953794046451 0.13093739651594097
0.02866650670270395 0.0023420159706466974 0.13269774432234313
0.029741700261893936 0.00421983705838851 0.132988993166728
0.031038262196385058 0.006759585923572778 0.1338191954449875
0.026273285948887806 0.0010178996274666384 0.1427117875889063
0.0280487463569311 0.0010477829596188617 0.14549766978745113
0.030149006442613657 0.0011215254791586639 0.14798038780610798
0.03262063461611935 0.001059404463184874 0.1505611532850739
0.03477209558378853 0.0013038171403224287 0.15292113335780838
0.037717109410699924 0.0018029929164762374 0.15578573381473754
0.0420024879584095 0.0028256981095488346 0.15960178382758317
0.04444107178206846 0.0027523438241772147 0.16161519059870866
0.0467874631896379 0.002743897704433967 0.16349831493774322
0.04893431352308108 0.002913791636824094 0.16590101912076474
0.051456067730954944 0.0030938752721968946 0.16816572555611634
0.05499317572086932 0.0077739344564170315 0.17795266552335007
0.055510147944554965 0.0115712841860777 0.17785114826296644
0.05768826852407754 0.01735681672338552 0.17893220780904376
0.058366761811992095 0.02098681370585712 0.17947963010348272
0.060151573824405245 0.02119558316559874 0.17818617412000626
0.06099927566066655 0.025990009443555513 0.17835044402849196
0.05966263375447142 0.025747090252004376 0.17949071670969702
0.06373804980513535 0.026173550437083463 0.17623764385852841
0.06552024816835567 0.02528461561262372 0.17347283202667377
0.0641095569976686 0.02995361441518696 0.17289389948990583
0.06400382794488275 0.03112664967508918 0.17565214003814053
0.06479018948961233 0.03516746876628093 0.17477771293267438
0.06423927115954141 0.03418549341351659 0.1718061344209158
0.06566084180411552 0.037352182349911126 0.17018169488079574
0.06535028741504148 0.038346616001818434 0.17336933326679244
0.05586053603883303 0.006041605610065039 0.1745024337144386
0.0566668848736326 0.008982823401650838 0.1738986236215165
0.05593489096994329 0.008159747529382998 0.17111492024336086
0.05517103953925933 0.005284848618852993 0.17148616215566373
0.0548353693266554 0.007402463615011113 0.16861347949741973
0.053988013998952346 0.005111552229192109 0.16913650707611838
0.04479541531663068 0.007326387926617648 0.15730084847940207
0.04271990399609915 0.00501856301712999 0.15902575660796905
0.03868342961879206 0.003900651421013071 0.15543337573020716
0.04056846942650611 0.007086948901125035 0.15404830135736833
0.05313246337228269 0.006633109034074072 0.1666487697774403
0.0522892025673823 0.005223394466542105 0.1673024250209543
0.049878501428834106 0.005148235054514262 0.165482346321541
0.0452262048225121 0.0050129360924868254 0.16098596730191386
0.0477367854606466 0.004886807060299771 0.1629867165286587
0.04734101921799271 0.007324476810193027 0.1593449213608874
0.03556286664728916 0.003031324960002681 0.15248847124034268
0.027508190081825472 0.00449023417979042 0.1414378262871841
0.026667927786784187 0.002279745485141442 0.1422118100417281
0.028859735462199866 0.007152005021010456 0.14085305977379597
0.029170755207054914 0.00467201489392089 0.14433444417146768
0.02822268904745873 0.0024278970261133554 0.14507808137784492
0.030528686517700798 0.0025613412103402127 0.14781590829252203
0.033052213026029786 0.0026473766979223045 0.15031898214168965
0.031520244052765434 0.005150351537520963 0.14671473166871196
0.03424313749829248 0.005782198788359731 0.14914351631754866
0.03716898395724485 0.0065654827456469314 0.15119485694719062
0.030684302209160106 0.007427954296763199 0.14341620168355151
0.03434698985001766 0.006286054728251254 0.13193637522047982
0.03552340838910048 0.008703485388897841 0.13349042052908433
0.03319412762611697 0.009430422152238518 0.13547189832712114
0.03620801168664254 0.00804484297897031 0.14714416522063203
0.03340845933485996 0.007741547026506363 0.14539525364258804
0.030663750210738923 0.009930121956784041 0.13661212445644869
0.03689528924578127 0.01098738530909356 0.13458236360991666
0.035197055698490604 0.011884370596262128 0.13669586344950344
0.03319101339928528 0.012293564823171363 0.13751718331159707
0.038528626320473255 0.012578046116562401 0.1341244376640943
0.037664606417937896 0.013728216532714223 0.13624776017474602
0.041215594751146216 0.014007253185046843 0.1317692063128009
0.04067410346795396 0.015817368727792283 0.13287174267665375
0.03800605633414617 0.01422747882234849 0.1370915371161984
0.04450471398893075 0.016409458670121314 0.12723262676549238
0.04385987512265104 0.017226532068842178 0.12846260594359074
0.029849826756164446 0.010015914670905665 0.1379284824780929
0.031110138412751995 0.010716601179303101 0.14057009498205628
0.032910663337553735 0.012723488204537716 0.1384298185626463
0.03961591820241224 0.00836241434390038 0.14888972631306419
0.043118367631159865 0.00855660550910284 0.15179301177625573
0.04761343740954249 0.008853027306817769 0.15524229083133848
0.050512038404396324 0.008955848217688304 0.15811974159890702
0.04648322003258078 0.009924462373228473 0.14958517950642158
0.043064187230717345 0.009762614897173012 0.1466355733994806
0.04585806067936047 0.015852587159635244 0.12492028354437687
0.047854524795830404 0.012951110602328455 0.12335069026331584
0.04781955338437736 0.017003096093226023 0.12541894452889654
0.05077904251982165 0.01717137270823956 0.12612189511075442
0.04620545283452475 0.017592931292393962 0.12671687371164161
0.055654075520485076 0.01639106450314757 0.12700737959442687
0.05754627103886141 0.015331361721851245 0.12932329471888718
0.04712976949056788 0.01829899211849472 0.12768570832897314
0.0524296532549722 0.016817551638762994 0.1296835367234369
0.045197473562906675 0.017436576040622098 0.1301389945117469
0.0414281647636542 0.01624416312692177 0.13376721332090247
0.03799184103149162 0.01537612536422114 0.13783353785609953
0.03401768430850752 0.013136991221178555 0.13977244121452242
0.03324478305683863 0.010769312738469863 0.14271602540252593
0.03596291758083129 0.013157879167723313 0.14095949022430262
0.0361433557222839 0.01127086590503 0.14389117337192447
0.03956460393119477 0.01016007487464795 0.14495351437243384
0.05054533403303844 0.010477676040681396 0.1535473146660781
0.039557777661187184 0.013069833756340887 0.1416225183741038
0.04365581251615344 0.011455769893942208 0.1416868711255428
0.046886598769684956 0.011988136581835325 0.14394901557329023
0.05222203523987869 0.011782569552497256 0.14893317814617374
0.05549929657240601 0.012069026617103672 0.15246996389923273
0.039159988053888706 0.015459676588394386 0.13810756910141384
0.04305894826049927 0.014327358859903869 0.1383178301329301
0.047563186369407345 0.013133446149057978 0.13896780414099158
0.05064774413136327 0.013758017146461944 0.1421624664508043
0.05521597836338109 0.014274449869719591 0.1410645584290131
0.05188648518321121 0.014350403666839363 0.1376678781987549
0.04647463924716091 0.015326770654407205 0.13561568701985877
0.043685405741354134 0.01571557040587064 0.1346203265769287
0.04779515911171203 0.017011379344958073 0.13215079267264468
0.05145466228358965 0.01568538788357545 0.13398321765670237
0.05654766911336834 0.014047206149859447 0.13636194009628835
0.05564635323552155 0.015002568310209664 0.13109736609439737
0.0574995333068326 0.014594052615000864 0.1324643945260277
0.054741870687359966 0.01218590184639522 0.14888536481188266
0.0572103756430171 0.01433944253757106 0.14506430690826067
0.057368352940972166 0.014886983565657841 0.1392628073850894
0.06670463167120547 0.03912991092972674 0.14270561047757066
0.06679389965943779 0.038564035039057885 0.14435901971856932
0.06555437607992687 0.03415235934067202 0.1437718120143666
0.06449606089371156 0.029603425373077644 0.14438255700752842
0.0685819368717951 0.04267303628932163 0.14535048079890142
0.06337421104558051 0.02629619819526063 0.14583144948270318
0.06903582889667507 0.0421834489652027 0.147066012552953
0.07191314669160703 0.04601779872703974 0.1494807143397383
0.0727636868594914 0.046006126161805765 0.15197282973550294
0.057059247406999816 0.01745394344591745 0.14170070607848634
0.05760355117587662 0.019405250473967857 0.14432243321794547
0.06054343162078538 0.023539156484953958 0.1450254512040587
0.059723834732277936 0.02115326936259625 0.146731369816048
0.06248272085941775 0.024360868256480015 0.14701924382964598
0.06191297432072795 0.022249796115116918 0.1484428646871466
0.06616197003981832 0.03022165348563451 0.14869675668762383
0.06616237260726353 0.02664761261894501 0.1497832231358721
0.06711745575558709 0.03415251603631223 0.1480504831501378
0.06894813336011128 0.03828576093747297 0.14877373165044444
0.07293942078101039 0.04275200180282703 0.1523337992927564
0.07449695748021595 0.04515350439233862 0.1580944484453214
0.06626345813425373 0.024366745774491657 0.15036694402219933
0.0666152854472984 0.022295371707344244 0.1509700113593281
0.05870115238692864 0.015360292871288827 0.14767823064021193
0.05975222572982341 0.018630128598579383 0.1487164074956792
0.059052567383716434 0.013459749527539127 0.15066833547852143
0.06040052042302735 0.01665227538502622 0.15230439756360406
0.06154095459027211 0.020279673794599 0.15035237399808088
0.0671540884027478 0.02019978718207466 0.15186043159008536
0.062076004711249015 0.018479148789790074 0.1528712212308369
0.0676041479724047 0.018273946833460508 0.15305954502936064
0.06777266251788916 0.016678753765385045 0.15454127925908648
0.06434480575950455 0.01648245389607075 0.15511211762510765
0.06175841856383701 0.014856256378666896 0.1552896267937553
0.06787284922354651 0.014506310630269997 0.15729253468076324
0.06558376768207634 0.015490364600295549 0.15633062289627933
0.0635792341360209 0.01420880864180017 0.15843899658625746
0.06595799061399184 0.013367003079421166 0.16167066029228505
0.060218088282395534 0.013456425343931266 0.15470273552899957
0.06181819571396384 0.012501792876310633 0.15887113301058053
0.06340586644548919 0.012051453537781554 0.16249448884409562
0.06662800890973919 0.012981781774165273 0.16273407819400093
0.0639240785762332 0.011388231254041864 0.16441290895933433
0.06671090092660557 0.013098195472332883 0.16377897557934218
0.06395827384891732 0.011498064689752119 0.1653718048446803
0.06671195881752078 0.013428493209710384 0.1646899428602746
0.06400767232094838 0.011905917091858124 0.16624282074735613
0.06665875213015232 0.013916807886722971 0.1655327634141146
0.06401560844309978 0.012489781202072626 0.1671308894842169
0.066515300648627 0.014552047404651254 0.16635518258456417
0.06393330126170352 0.013205550050126694 0.16818246193850506
0.06651381983406775 0.01587001154801095 0.1681167177772089
0.06380949087007105 0.014859190369615563 0.17066224079367298
0.06682010102818403 0.018149539707865547 0.17039041733070526
0.06422175191490333 0.017917135705731932 0.17362631626097608
0.06666949921275182 0.021344034339024102 0.17260243551486407
0.06404757019771044 0.02165380521950432 0.17594101272056747
0.06062959233911652 0.01193987725538766 0.17049099561190256
0.05990992212468081 0.010268711172748248 0.16896342391257496
0.059821347352481576 0.00928407038043284 0.1675715083405493
0.05989772899435616 0.009005732624911172 0.16616849712408463
0.0616995804080347 0.014378816578361278 0.172961540559191
0.0567765465655922 0.008305722961614288 0.16838400329309022
0.056343375348699404 0.007953824747077216 0.16650948106517233
0.05726782284228343 0.009275430777752058 0.1702203316799237
0.058308675707907195 0.01097720765253981 0.1722312495143876
0.05931033244138138 0.013901560154537064 0.17473818441592387
0.05702508518363244 0.01222797777609534 0.17625645057938846
0.059995764544548746 0.00924207111764109 0.16458492369147212
0.05580039422984209 0.008016298510976478 0.1644811047506597
0.05159032806782998 0.0068318166189040045 0.16399376208709412
0.053310284246017615 0.008468458500409504 0.16141140078807478
0.04984013796526236 0.0067449365165724315 0.16191839259888136
0.05835279343782478 0.01022918353124443 0.16195875412513122
0.055831713584152474 0.010763903166820445 0.15808926558733818
0.062219010845800046 0.017652411428395253 0.17547445210840434
0.059842381600409354 0.0172578860513172 0.1768631379819966
0.06233431229023104 0.02164170883456818 0.17715028639297042
0.06258793916294352 0.026317377479696143 0.17732514395193053
0.05740454128253101 0.021168691542789362 0.1812381786854728
0.05900685151732417 0.02564900111944873 0.18102475163525772
0.06134965271326902 0.03191313530485242 0.17979847186600678
0.06171558012402885 0.031543733203205 0.1788804275305743
0.06257808029052686 0.031291737245209936 0.17792353694151442
0.06338811405659932 0.03141761473102351 0.17682656017929815
0.06397424993846186 0.035721539664657936 0.1759933387211864
0.06314535348845372 0.03599233647609125 0.17726390192055855
0.06289425741999 0.03637028389207178 0.17826524123459928
0.06497668457390651 0.039182018701628116 0.1747856814627271
0.06455993844800319 0.039761969406823736 0.17644529147044521
0.06290935138827362 0.03730573411834511 0.17911806815883943
0.0645074430300857 0.040359122234792766 0.1772222094459555
0.06453978537822413 0.04152227180796068 0.1780026092837447
0.06779169580402519 0.04093260138623428 0.16908621019332307
0.06683586931755006 0.042105715703922096 0.17177716393185644
0.06727243730280304 0.046268069743344756 0.1779940018408285
0.06660794508320325 0.04493955931513103 0.17658093630931362
0.06658996721041845 0.04332445928376135 0.17529923465501493
0.0665211450392 0.04287963456872461 0.17365132330417657
0.07015807088976447 0.04489295874560985 0.16831282644255868
0.06939299493975822 0.04600425619945369 0.1703525696402248
0.06897564827534958 0.04654317488914421 0.17190120328487005
0.0687737126236006 0.04699728510362557 0.1733538091052714
0.06920197481506019 0.047983929637460426 0.17513691726046715
0.07057547915152136 0.04919534635071865 0.17701142456289304
0.07294830312827197 0.049147137619445225 0.16926873697677575
0.07214981476309731 0.04667864198657731 0.16666787116366527
0.07223343756979086 0.047775955607285175 0.16831873050323928
0.07466391407343083 0.049798516256768684 0.16812257220775492
0.07363012774296239 0.048369858685856616 0.16734186420099378
0.07311524746984702 0.04689920028192198 0.16562034231990752
0.07405373727597259 0.04688899510830321 0.16448410088443327
0.07506108226218398 0.04874238653123569 0.16630598707407276
0.07635033602180401 0.050142281647228816 0.1668526847778697
0.0781862937921536 0.05066499553450771 0.16424599489677202
0.0764474132417386 0.0490801431887684 0.1644616419876434
0.0749060026218054 0.047111855333177216 0.16332525266484296
0.07766344407885029 0.0507298009303175 0.16084331610516314
0.07645638712330464 0.048979385228197586 0.16212449359097209
0.07570086259540924 0.04939950816409505 0.15629130889578013
0.07481459086588875 0.048402407336333955 0.158303237518191
0.07509355297781302 0.04632711868250121 0.16188640174651794
