0.047161955533101596 -1.2237833738461718E-5 0.08768982837463202
0.04920449946161181 -0.003397821092554935 0.08753309803097477
0.05090300777158572 -0.007416668583821356 0.0904678211681068
0.05193043840081872 -0.008614027579215644 0.09148667700980186
0.05377141109760377 -0.009879340762594297 0.09288103513957251
0.05660334050777746 -0.010865694596453092 0.09428797129220695
0.04988177489813216 -0.015513565306834237 0.09909213682815017
0.04858355670645741 -0.01410044381149305 0.09921308614602062
0.047206496702990444 -0.012742502342212393 0.09920990528373562
0.04437489388099967 -0.011089421890851166 0.09898216963792827
0.042764510165653455 -0.009881866779460149 0.09847593259894165
0.04139639153546365 -0.008303894530300095 0.09815211758756666
0.04039282280128415 -0.006503581510067968 0.09815139960567024
0.04340946488111249 -1.179088380174863E-5 0.08508604353532473
0.04341227487315489 -0.0037502181607593256 0.08462455596180585
0.04589287289741588 -0.00946843794903829 0.08667422651728131
0.04698866640113679 -0.010828589282221692 0.08837853519925842
0.04887386174107706 -0.012178920747553407 0.0906602629395814
0.050460560202901815 -0.01399793817432454 0.0925002047456693
0.048596950893636984 -0.019371616327032444 0.09537659410885577
0.04752220892408231 -0.01811916093238509 0.0961922426081058
0.045727998698488634 -0.016166478781359562 0.09615124437109122
0.04347106000958156 -0.015124410947948745 0.09628960341319072
0.040270060168385635 -0.012264038698626202 0.09710019016947592
0.03888173044034009 -0.010806047191014008 0.0973751981647929
0.03742826835041487 -0.008760223763556707 0.0985785322854774
0.036752189607088884 -0.00691794257517476 0.0995008804271734
0.03491352545518769 -0.0025832981786346578 0.0983265483333962
0.03443223057852545 -0.0011144403301018382 0.09804262602345575
0.06921035970110812 -0.04708367883979597 0.11176937587872754
0.06241292250075142 -0.040266292835140036 0.10553050363665112
0.05693253445158006 -0.034885006833793204 0.11521182563108781
0.052155770508896394 -0.02334570457930773 0.09892120089161735
0.03366398028053799 -0.007408460182144176 0.10051232858777363
0.03478909812940287 -0.009137462276148565 0.10033447844635231
0.03734896821272388 -0.0127343282088248 0.0976365409038868
0.053600545268633275 -0.024716606718122355 0.09081169983931373
0.0741005511 -0.0184239307 0.0644662637
0.0833605688 -0.0498330076 0.134529553
0.0881633365 -0.0515319506 0.145840133
0.0594782808 -0.0242664428 0.186620047
0.0645405845 -0.0334433485 0.188956875
0.1067699 -0.0128589002 0.0552951285
0.0745415519 -0.0186604745 0.0727823945
0.069548064 -0.0141958782 0.0664034152
0.104002745 -0.0178321839 0.0611064798
0.053519566279992076 -0.01126719111529588 0.11328756483084045
0.05036709816353507 -0.004399195606324629 0.1098477252893093
0.0639535387 -0.0122507381 0.15620666
0.0580191594 -1.2368587E-8 0.177383591
0.0586074088 -0.0053882582 0.176987801
0.0590875412 -0.0125653747 0.17865928
0.0602299124 -0.0170461831 0.181788289
0.0576221678 -0.00388490091 0.180056104
0.0580581357 -0.0119428264 0.180051381
0.0710016782 -0.0470840362 0.178159332
0.082370543 -0.0497892629 0.165739849
0.0790806768 -0.0495420113 0.157027011
0.0749741725 -0.0396006095 0.13682053
0.07739757595715807 -0.05732898474987491 0.13526547483960472
0.08094734121918142 -0.05763824746742801 0.14211730030767683
0.05455413861805055 -0.02692836109600918 0.1826133714473588
0.05915804001788949 -0.03601110108543361 0.18497655797244322
0.0781148084 -0.0480980113 0.165274507
0.0706800095 -0.046877862 0.176708003
0.0595459505 -0.00752354932 0.173554042
0.10618033026647257 -0.04759919012599154 0.0627240540911346
0.07475756401373758 -0.03543418144259141 0.0750029155091717
0.09742859319497024 -0.01574079168429366 0.04052156131102405
0.0628151334030251 -0.03097425534974478 0.08277623787385743
0.06361338264629791 -0.02373174269765878 0.068666988956913
0.06085088875327917 -0.0207539051628201 0.06428921653099855
0.05954798970865874 -0.016188273050465836 0.061271568957084875
0.09610653001047689 -0.02104317752643634 0.0451106207168656
0.06831330546342779 -0.05026321943978911 0.12882260740376844
0.04450911015236079 -0.016851244658458615 0.11503784069324395
0.04295618293984358 -0.015266286516189253 0.11075908136167081
0.05058332976220351 -0.02697638590756458 0.09992988646188386
0.03946556066413156 -0.004936168526204654 0.11270894238167929
0.035744632687477955 -0.014984836198188804 0.13587669737701716
0.028299055007267846 -0.008655954894226372 0.14238847549771294
0.03966588375661428 -0.017571793708799195 0.13236416754822802
0.04289826660251397 -0.018404014742994714 0.1288391007753723
0.044935516890001366 -0.018976512836390767 0.12668458172339375
0.047843427370365794 -0.017778217046033502 0.122332215782548
0.03708554334090018 -0.014801426542686144 0.14128288036104425
0.03724244483126507 -0.012132295208202318 0.14466208609189357
0.04411522911697317 -0.017315878004881876 0.1350183290973471
0.05504237739986425 -0.01383748154025033 0.15114610029683323
0.051147081177428826 -3.0327994568651362E-9 0.172832666682226
0.052532826570630506 -0.00689993774924298 0.17242612569588678
0.054502004599758985 -0.012243957155028181 0.1741680575184757
0.05505577552449291 -0.017711663053095534 0.1764256078057548
0.05074546169198361 -0.004202119442665154 0.17601161546712862
0.052598517446227726 -0.01143501180632106 0.17595026102625896
0.06869304766083226 -0.049379952716086174 0.17092980451074283
0.0629485540246612 -0.04285046849801266 0.17472727536671315
0.0665869486904262 -0.0482828260085895 0.17454250035237875
0.07807769818529284 -0.054235923810865824 0.16118586960543338
0.07327030176174092 -0.05193618423792394 0.14901364009174867
0.06759407906739315 -0.04914743025651118 0.1344331582818157
0.07430019382400647 -0.0495053518201179 0.1627691218377483
0.06832819619932756 -0.0477550752393423 0.169160695271328
0.05221005759452491 -0.008804335458849162 0.16927508846831993
0.0538830642980139 -0.019333357824885853 0.09356121743192036
0.06607651800312289 -0.022097467019471993 0.05752111829313041
0.050925107862267165 -0.002076511394519641 0.08684576192709545
0.052170188339678084 -0.004745387371739479 0.08734942777612913
0.05309917752653655 -0.007871281479111711 0.08976458496906038
0.05572501745571993 -0.010320205041398451 0.09213413502621914
0.0470533573999589 -0.01341179599999448 0.0997345069563605
0.04388640925135031 -0.01024499884118207 0.09964151115495205
0.04191351703144874 -0.008557892493367107 0.09923981972250234
0.04021087321638003 -0.003860275236481759 0.09921195902126281
0.04641660242909506 -0.0018447014706359445 0.08347598995638174
0.04693699585181211 -0.0052204502312027294 0.08341001742253179
0.04840519732941058 -0.009687934988645643 0.08562218189481248
0.050015858671560894 -0.013239722459453698 0.08909283011026747
0.04359138118147036 -0.016038063030612962 0.09716081728474686
0.03934822762736055 -0.011681194762344823 0.09863745076157981
0.037793651858975603 -0.00933544439264589 0.09998160053564563
0.03613551429226964 -0.0050760308364827525 0.10103502171500163
0.035410718953454226 -0.0028866447683428558 0.0996371820273776
0.034649568345307184 3.0376461237968624E-5 0.09939096876932657
0.06732650146039482 -0.043374554930910365 0.10433598692753528
0.05732232682186164 -0.03451605144689253 0.10828892315600096
0.0353930657141737 -0.009722986523414563 0.1015948553883927
0.03629022833908676 -0.0119061978249322 0.10022856615596737
0.04062762712012976 -0.015195019775438343 0.0972908223861928
0.0717862952 -0.0161762987 0.0650768494
0.0595202965 -0.0245136202 0.19028767
0.07441890169819129 -0.021777820561812135 0.08494128456749556
0.0696906062 -0.0142639172 0.0706563829
0.066759079 -0.0108081132 0.0650343949
0.052411704470029366 -0.009061131017785903 0.11232528436189847
0.0646187805 -0.0112697441 0.160742806
0.0569508905 -0.00966170294 0.182186846
0.0575001169 -0.0145189197 0.182842843
0.0658821733 -0.0374124275 0.183536897
0.076419861 -0.0469668342 0.139553184
0.054108561999241904 -0.02621557354103426 0.18774259663544804
0.060334758 -0.0315837557 0.194444804
0.078212998 -0.0477528048 0.165022286
0.070606341 -0.0466063688 0.175701344
0.0601971757 -0.0104950811 0.175691855
0.08027471707848788 -0.03809441363322517 0.07362719109192407
0.10101651485336717 -0.04654072432145534 0.06472691257307532
0.062211659412674564 -0.023181016513867576 0.07471805142537087
0.059713379186204216 -0.019627218515586915 0.06758960084929969
0.05756702234809167 -0.016523806864464464 0.06379866804057456
0.05635061689947257 -0.013471112635655522 0.06062850300977773
0.09641028011162076 -0.027219728473873002 0.05064125585239379
0.05967073493583049 -0.038921229691454846 0.12579829238239737
0.07222707698293487 -0.053665569936659746 0.13815366739227955
0.04111946948275836 -0.011168195102524436 0.11168225066157972
0.04901885586863766 -0.02136414033117288 0.11751660007253903
0.05444103970940588 -0.03127324214892396 0.11043598760876645
0.04327491151313655 -0.01390591710593813 0.12025231658331999
0.025523613045435538 -0.007608631565330339 0.13641646938332094
0.026538965942564628 -0.008174459254196787 0.13944875490787761
0.033669291724241136 -0.012800800221532625 0.14329473263470582
0.05156434267699379 -0.017182665357891144 0.1392851367352161
0.05517856756249068 -0.013157068623266984 0.1540000648403558
0.051236567764538034 -0.009044062385479435 0.17837664581532317
0.05199783847298415 -0.014256150004778425 0.17905530568060304
0.06155585060776922 -0.04105260092569322 0.17712883570596194
0.06813764864010259 -0.049960928620694074 0.17736515035383404
0.0801324510643244 -0.05617455502306572 0.16028576892220742
0.054693406107074315 -0.030146536657298197 0.09502610704844898
0.07205069523829793 -0.04675488309018662 0.16087461062943498
0.06843146788841606 -0.046340852127767146 0.16790703668899767
0.05653872461392973 -0.011502454507066554 0.16957204289157934
0.05475545473544835 -0.019655992126387977 0.09273119636363622
0.06281095563020588 -0.018377793850948912 0.0601344893124343
0.04823154595522697 -0.0020810847574349914 0.08828848256275972
0.04969895078424886 -0.004602131271048281 0.08832859738292421
0.0395622823341717 -0.0038346885606858456 0.09770666109068471
0.043503974587334585 -0.0019189894429845887 0.0851014380478246
0.043918703044090145 -0.0054315826324544 0.08452751063738859
0.03571029722003785 -0.004667673075927824 0.09955507211428423
0.03441337936396263 3.67704177517096E-5 0.09822000145411112
0.06377866397187226 -0.04443959996407394 0.12694303785203895
0.07347149866854906 -0.05422060666152779 0.12657419580605497
0.04810610929373141 -0.025930922692067877 0.10155757745856513
0.03328063935802291 -0.0059893619114503 0.10228428914348942
0.057020026773419774 -0.022134252714058722 0.09018257779939416
0.06603766969292063 -0.01862056049306034 0.09835042619185853
0.0703931539 -0.0146187569 0.0628757668
0.0575369432 -0.0194337104 0.186387783
0.0670891925 -0.0109951905 0.0622113341
0.0928560686 -0.0167800894 0.0620468007
0.0624985659 -0.0157272406 0.134938803
0.0579071098 -0.00303360293 0.177179116
0.0590427217 -0.00889711603 0.176313487
0.0569080259 -0.00444335525 0.182517194
0.0681738502 -0.0430073683 0.180537085
0.0653246639 -0.0358345825 0.182618237
0.081330212 -0.0475154248 0.169132993
0.081340983 -0.0512202873 0.160548291
0.05230589372383107 -0.02126955819009935 0.18326205823578667
0.0837584206 -0.0434684985 0.130468167
0.0789383134 -0.0480271355 0.163366623
0.075149243 -0.0482306925 0.172729275
0.11094281595677359 -0.047480422565423855 0.060827314176608395
0.08961106042739274 -0.054161074735678535 0.09505905245933728
0.09228601544283685 -0.015041159047804257 0.04087856331068775
0.05933258291691036 -0.012541163212603245 0.057111444497110836
0.08576284477888427 -0.019853674665282362 0.04597146345418744
0.05198239004045086 -0.027373696042004857 0.11885366781119829
0.03971149568567862 -0.003365269118517051 0.11782952590467193
0.026209389780392712 -0.007386398163675495 0.13408081887750106
0.030950977760931607 -0.00921738614381171 0.1447708075372313
0.05338950929337508 -0.022495009302684714 0.13241974151945904
0.04430041232164415 -0.013953481572081868 0.14313763437008775
0.0514300421489528 -0.012804219495494013 0.14961597353127518
0.05135270153645097 -0.004237601391686928 0.17271831620984263
0.05382751622122156 -0.009284441068889272 0.1718720334556394
0.0504992604255565 -0.004159859101607281 0.17862764668187242
0.06562587699468916 -0.046238165861936416 0.17274387643431158
0.06047241844061597 -0.03894232693366378 0.17596925101853783
0.07655646240446395 -0.05336107747115876 0.16522003350918152
0.07660954935662108 -0.0540947254750412 0.15517326408051788
0.07381407313857948 -0.04957961787878084 0.1600404730567777
0.07165750510063558 -0.04961636096377893 0.16710949563488578
0.06248567996658974 -0.015536065577819426 0.05744150033476301
0.03709863816172166 -1.6019386868005547E-5 0.08220368049567033
0.03822499202366622 -0.004343958621346104 0.0819991770331535
0.04258215927467349 -0.011498434295661745 0.08428930526971752
0.043683407290388124 -0.013434074172192459 0.08688376137898478
0.04588325025346216 -0.01504565773262315 0.08994139597353414
0.04813302289674649 -0.016131178452534065 0.09238385668453816
0.04772055841675645 -0.019116740613282845 0.09428385553959416
0.046918086956917515 -0.017564740611452634 0.09445362899485878
0.04346033714434817 -0.017117869470949846 0.09448027925173785
0.03987735077573079 -0.014320458357490295 0.09599581917664113
0.03583403202395417 -0.011055125355897817 0.09908042389847237
0.031483604833756264 -0.002758689775557442 0.09973757252550793
0.03091945247242321 -0.0012924544917188435 0.0994680434663134
0.06189690922049541 -0.041388040489632995 0.10556675316768568
0.05650426664189223 -0.03502597766597401 0.11509480619853234
0.0489170734756387 -0.02460578449148665 0.0953747158375006
0.05192698854982437 -0.026507879749376743 0.08882125020937
0.07588890549819349 -0.05917871319899483 0.1341383174153341
0.07952436739430749 -0.06072750247166548 0.14151439719992912
0.05338156418218141 -0.027754783677557963 0.18275768325408107
0.05804381090774603 -0.037204143017672206 0.18534387599050345
0.10576769208353363 -0.04980820579806288 0.06170023517861372
0.07298323388703222 -0.03650988981778694 0.07329976428019597
0.09521344150066242 -0.016418342740656316 0.03720209264791361
0.06221682447540627 -0.031380913090801196 0.08166094860310746
0.06246815603870223 -0.024571529738314328 0.06826977095639866
0.061117013054344124 -0.022073540579740213 0.06374212510753609
0.05762978833545959 -0.017577599067872065 0.06015962311868374
0.0942567999296091 -0.02385067267337816 0.040220228463110845
0.06780550107122608 -0.05127572332693808 0.12856849770487444
0.04360772935200076 -0.016580469776857915 0.11442528983602422
0.0415447715968937 -0.015095841762506479 0.11006106577591684
0.04923646300860817 -0.026803298946215685 0.09876528661639959
0.0367601925973667 -0.004964440708554135 0.11425941983789434
0.03359502963984524 -0.016363590511256042 0.1351224764666608
0.026260461584137196 -0.009551152686290946 0.14263820814338918
0.038333109262662916 -0.018621083674323573 0.13223223392280692
0.04222007482652183 -0.019704782571478747 0.12854369889146494
0.044640064492323314 -0.019797066832139644 0.1260405088444176
0.047347932418136764 -0.018259579017996474 0.12154970596974499
0.03575733795836414 -0.01608261253061752 0.1413714278158833
0.036333745262773595 -0.012880150557727335 0.14491063178746408
0.04355471725835634 -0.01871773484279972 0.13571151416136032
0.05271688140988023 -0.015108348408502835 0.14994649002448315
0.04919539683630833 1.8475677091714343E-9 0.17292404394524313
0.050917095449550163 -0.0072380952302591945 0.1726841345416577
0.053475990483489604 -0.012669999612848102 0.1745099949941187
0.054050432268473926 -0.018236153184498626 0.17668044761306126
0.04933883536978143 -0.004496178356552956 0.17616312314731042
0.05146434225944246 -0.011870529410183456 0.17620525681336843
0.0678606663670573 -0.05071793426888245 0.17080761745233497
0.06162519330777432 -0.045417236936219345 0.17459875814155051
0.0653307172465959 -0.0485583913675808 0.17462781157760116
0.0772541916604111 -0.05503334249013049 0.16107122137425756
0.07238476231454886 -0.052562652382830075 0.149047554049338
0.0669268992273396 -0.05029325487656685 0.13357169497962687
0.07344093528808616 -0.05047856878291076 0.16266575025384752
0.06757741386266997 -0.04898600392093789 0.16905289281338162
0.050830294249895186 -0.009204500882411802 0.1693931037558885
0.05088283745288031 -0.02047748502461697 0.09283370205614402
0.06467893225534027 -0.02300258757686209 0.05646263372279698
0.0418695227106828 -0.0021418145018829004 0.08053737568959851
0.04303914257432876 -0.006008498640491892 0.08015653774449548
0.04491144507911507 -0.011572541213080876 0.08276940443130365
0.04710444581247087 -0.01582655115021408 0.0884394730444126
0.03185427493480748 -0.0030420486969449834 0.10113414430855303
0.031150679111292236 4.438891735766335E-5 0.10109130225789206
0.06688132911348543 -0.04431778308576398 0.10390868394130506
0.05644690278677269 -0.03484591031865757 0.10839363215980488
0.052910711014894085 -0.027036025671266575 0.18800168959320523
0.0592383492 -0.0325187781 0.195027259
0.07785997299313359 -0.039477804767217406 0.07165720882412555
0.09998788145402233 -0.04917544173076101 0.06298057378503294
0.06041011399764718 -0.023807039903762862 0.07387042145667932
0.059203793406844965 -0.020563333512668768 0.06746830068703676
0.05637228038129723 -0.017541683508870948 0.06318904125732278
0.05393809927675913 -0.014262269919055985 0.059199041521090894
0.0942870616005433 -0.029694255213250902 0.046050832710274915
0.05897645671178079 -0.039354056407468536 0.12513839940986732
0.07179217600678929 -0.0550819139528169 0.13764794840140068
0.03972654612979729 -0.011569086157017171 0.11149239916547682
0.04767679094776479 -0.021307969489619834 0.11654898216991233
0.05323524878220695 -0.03154600433923043 0.10998039849284962
0.04294559777949724 -0.014190624901776508 0.11937795257615026
0.02267105725977174 -0.008500983670532114 0.13655632029906922
0.023910207748309712 -0.008989045198208617 0.13961932617318265
0.03246090342273982 -0.013389616289589604 0.14360764726940817
0.05012720235995351 -0.018616973799229306 0.13933210712133737
0.0533798612524462 -0.013427553009983254 0.1534166242469398
0.04990828000027015 -0.009439531621796194 0.17854840977424383
0.050802466687135485 -0.014756278997447548 0.1792591217596026
0.06026519085427281 -0.04122184122876219 0.17715975248257704
0.06667040667025384 -0.04996136365494396 0.17695727111589524
0.07907685125864208 -0.05710502249132215 0.15996256886874244
0.05421935987308722 -0.030479967445507263 0.09361555027773237
0.0717264933118696 -0.047810455436222525 0.16108034597056373
0.06755120438083198 -0.04761597679732382 0.16777626370367107
0.05546555496238308 -0.011904568207845398 0.1698419920321581
0.052541210978513456 -0.020078295587104982 0.09178223504461887
0.061291430435052176 -0.02027341494280043 0.0584599870440199
0.03749180002608983 -0.002276253128325099 0.08204049630270348
0.03967947306619867 -0.006270039709345576 0.08161922507787336
0.0324752199907531 -0.005190371950004824 0.10015258448039914
0.03079896919318067 5.6953151581381414E-5 0.09937344685874586
0.06343577288087177 -0.04536172660147573 0.12626644529550554
0.07309742351776735 -0.05564804368124379 0.1264974482030572
0.04728869149417154 -0.026210117048947965 0.10111252407074876
0.05460490120516998 -0.0232151826302412 0.08832562757636535
0.051073612192097266 -0.02192584896511789 0.18346636571985317
0.11065367878460704 -0.04971637636423122 0.059573160748972766
0.08890512201543091 -0.056033152691286725 0.0943096076875193
0.09112704436720602 -0.01661636459081878 0.037112105539126305
0.05676707869775265 -0.013765202255835988 0.0547412709246198
0.08383334528698948 -0.022809757085764878 0.0408091187257092
0.05123834458997742 -0.0273505270304154 0.1178267493559941
0.03678035898891715 -0.003136687316621861 0.11847962201201448
0.022987077603143943 -0.008432867819459136 0.1334027188647836
0.029462855911768067 -0.010134680509498844 0.14524385027069153
0.053210566981794806 -0.02281576302600738 0.13260118529301562
0.0435700629186932 -0.014847061623021265 0.1431871852553209
0.04895059323979004 -0.01455865095323821 0.14865454753329216
0.04962845808947949 -0.004542246303521976 0.1728684185932985
0.05261102299584398 -0.009728648010746547 0.17216701936954337
0.04898836101974681 -0.004441864975406486 0.17888208037901618
0.0645606323126158 -0.04708548934559482 0.17289598309133414
0.059326272811474026 -0.03998726667208953 0.17580914837658762
0.07580063532308962 -0.05437132000855895 0.16493962520834562
0.07586283095167075 -0.0545288013838809 0.15509771570314743
0.07304130839217729 -0.050348576059185066 0.1598352679170375
0.07083143171386407 -0.05082142275823153 0.16714441203427222
0.060353448838552426 -0.017632859243454743 0.05518438082109339
0.039047440942871964 -0.0038217365806653006 0.09667806180245116
0.039796005967695725 -0.006297900729106069 0.09657862586836824
0.040926473641703404 -0.0077491465042205275 0.0969977586585776
0.042180542177156395 -0.00944745127920119 0.0976073845030879
0.04381701652652965 -0.010563432094073434 0.09828319937758612
0.047336190532756714 -0.012184568195026292 0.09880725921548715
0.04891989006820507 -0.01345654293940168 0.09897262765222023
0.0503975769701631 -0.015094467189669301 0.0988444080718751
0.054367177266744275 -0.010767737356309705 0.095243171511856
0.0527401270531729 -0.009364252362127812 0.0942719117990352
0.05103703924451051 -0.007742908605268056 0.09313723379718454
0.04947315578659763 -0.006925794179266579 0.09184112661064289
0.0483837249289718 -0.006290985351695931 0.09086679984760386
0.047751355576392145 -0.00569109290811866 0.08999640123966517
0.04712363444248379 -0.004542879034464693 0.08946622124134322
0.04674928532752044 -0.003204827563006304 0.08916406965521986
0.045675598559373864 -0.0020584569057760602 0.08932554170040517
0.04466142528576944 -1.4119524097661579E-5 0.08921105977304154
0.038498915134868694 -0.003698447054644221 0.09516378562407328
0.03930198392994466 -0.005956013123030495 0.09505001406786188
0.040553764190212886 -0.007206441927838538 0.09568847550650848
0.041973808118464316 -0.008724873209473086 0.09643660768236709
0.043363244846225085 -0.009994424176207913 0.0973283509396074
0.04738700264958432 -0.011390961419036456 0.0982439332871351
0.04929350327769195 -0.012710802335310384 0.09854816747005347
0.05056599556837809 -0.014533084047053847 0.09839577822468602
0.051551817592222236 -0.016230181210007636 0.09786084646954456
0.05224403442131916 -0.011941290860931607 0.09756517228619396
0.05129630778865549 -0.009841967888100146 0.097375211688806
0.048975188604369335 -0.008150607081221218 0.09616016778959788
0.046189959205136834 -0.00733154475872394 0.09415292551069535
0.045048588195738 -0.00646367976869098 0.09342770406174174
0.04429117315537387 -0.005557059439604258 0.09278904679706117
0.043977335717746154 -0.004332102827403118 0.09217216607042891
0.04423031573520114 -0.002956111025436021 0.09183371431293967
0.04342853228949068 -0.002014314038087289 0.09180751923406226
0.04153751766597866 -1.6095730965394832E-5 0.09101056098999086
0.037211362374951464 -0.0032846158291818216 0.09414731615880838
0.03862645195986776 -0.0051216062123530005 0.09381781973555672
0.04022482536750953 -0.006498403951147721 0.09446652998201635
0.04163499533972066 -0.00791659767622831 0.09508907417304412
0.04293799663688755 -0.009515293948951007 0.09584376530835614
0.046057627902422994 -0.010576682683367748 0.09755614440132777
0.04913406441000013 -0.012380013649977647 0.09766940696242818
0.050089725119471 -0.014047405416538209 0.09741817732495198
0.05095738042102612 -0.016076336045092305 0.09691214861403127
0.0507055054941611 -0.012511307041658794 0.0982620190043778
0.04893279904129757 -0.011194787312172631 0.09846913892537862
0.04566541171021595 -0.010424617946199385 0.0973510899956647
0.04277638359526204 -0.009621857296289829 0.09572175586776216
0.04184124084993789 -0.008207064606424223 0.09522752702045892
0.041119099040213665 -0.006772434338408492 0.09490920530895182
0.040012640401727854 -0.005105465683882959 0.09383366096829295
0.03981350147069856 -0.0034481171503859664 0.09324684539796634
0.04016114733573852 -0.001770692436333228 0.09315900227281913
0.03992517750511051 -1.5238923229355101E-5 0.09281921247221817
0.050035389588555135 -0.005644852097827096 0.08920181876287242
0.050161695510311875 -0.006504233260653715 0.08959114283032144
0.03428053665780704 4.1023190900785966E-5 0.09708571759887615
0.034557452421476675 -0.0011160309656820294 0.09705501110699315
0.03478742268627892 -0.002357522692027607 0.09708139975449878
0.035415278452077065 -0.00421363397354672 0.09788061467144654
0.036294807327536725 -0.00651391158254584 0.09796130439072193
0.037187022299181076 -0.008248432626091878 0.09729467881712724
0.038755356513205656 -0.01005867337227596 0.09620441116521582
0.040017069114705886 -0.011477948154442369 0.09606589305420266
0.043086456523939894 -0.014081205416262569 0.09575752070941229
0.046246713742954394 -0.015892194879633618 0.09557781579939026
0.04815124297660561 -0.01790635046764621 0.09575147859553358
0.05134307186309774 -0.015565194641411434 0.0946503743344971
0.0499827286432576 -0.01400591324268494 0.09355356888353307
0.04805374293940662 -0.011681309036907088 0.09209362409241632
0.0459217611718966 -0.010530704261239653 0.09013870116389835
0.044318768235066086 -0.00946089581857214 0.0882765042142553
0.04316045862871145 -0.0082983227984116 0.08697181621692225
0.042261716566613886 -0.007039229438942704 0.08621568809732845
0.04138547965283898 -0.005525775420274708 0.08606202989611068
0.040809786813358256 -0.003773988785699189 0.08639172257112401
0.040985766318159554 -0.0019111921192874973 0.08711908329984833
0.04084696164400522 -1.503816543419965E-5 0.08724179457492705
0.034370900764270275 4.4320080238759284E-5 0.09617065010396915
0.03468194385557723 -0.0011294834872039962 0.09615489478755974
0.03519576596808664 -0.002348147303569772 0.09628879889280903
0.03550160601040061 -0.0038325463220313257 0.09617132145436752
0.036172522249286534 -0.00590092281689361 0.09614230830296003
0.037130944127078964 -0.007376951265950305 0.09542313410453367
0.03863906866040435 -0.00922139055369391 0.0949296541430137
0.04012943140835064 -0.010685921350323244 0.09500533967088803
0.04226254447564255 -0.012707195347912535 0.0953055928006903
0.046230786938356805 -0.014658333070208513 0.09537258306662677
0.048446230969668616 -0.016950853826624816 0.09564363328748197
0.051342861732767794 -0.015418321529253355 0.09602759287292109
0.05030015117608212 -0.014373741020671 0.09552727490799336
0.04788470978478858 -0.011403796220638395 0.09506535879839999
0.044824944625095633 -0.010557127774971503 0.09324503356362514
0.04285903134366621 -0.009509728298431327 0.09145494749009837
0.041290804120455854 -0.008417228282883746 0.09016581303874328
0.04029795120731184 -0.007101688402182445 0.08949501714642438
0.03957113955129482 -0.005521397194541284 0.0892060132116824
0.039306940723318536 -0.0037487377864387945 0.08953443890972868
0.03846419181321891 -0.001993623261815947 0.08918369356980603
0.03863319920628245 -1.4511374359932065E-5 0.08952639504366529
0.03464732707313868 4.8093257882471754E-5 0.09481517237196964
0.03495867089325469 -0.0011768157515728162 0.09489779533747136
0.035162116645943896 -0.002301434969192171 0.09494160816805207
0.03539215387504666 -0.0035791205131496277 0.09490732211105499
0.03590663040288179 -0.005371197714657207 0.09460251010443599
0.03682678442682028 -0.006610434910831717 0.09420763400645357
0.038777342719468186 -0.008332313673176408 0.09393092697382689
0.04059502805447522 -0.009900724295918832 0.0942956077803399
0.04218744972092986 -0.011571736731938086 0.09452704343805159
0.046094959024711404 -0.013591311296912403 0.09538160091596962
0.048288660704574646 -0.015311704801741908 0.09547392500294496
0.049942380198788675 -0.01736818615599643 0.09548198745889776
0.049849589314090594 -0.01358619082779024 0.09752259332840743
0.04728109823302164 -0.012083983904189606 0.09704877880590523
0.044224784152619386 -0.011100866255739562 0.09610749195838404
0.04169724341204843 -0.010588123942602359 0.09467777686006508
0.03960355456303842 -0.009126547675451175 0.09336078547144917
0.03876725688843025 -0.007760523307299867 0.09272783185654902
0.037583623971682203 -0.005900857936480834 0.09194155940742872
0.03653221064185853 -0.004126903685494637 0.09126407269875877
0.03652252297951116 -0.0021893309213583015 0.09120553693545004
0.036804694133577315 -1.5002061190819838E-5 0.0915694783531294
0.04450203533702413 -0.006911214046736505 0.0847974535610103
0.04508694858285297 -0.008244925534814504 0.0854733573269451
0.058883618974452406 -0.027279361056749503 0.08637667894943511
0.059881616082597185 -0.020582449237404998 0.08048986880852832
0.05871142095824751 -0.016336114720794402 0.07725971603822858
0.057527090934210705 -0.013569629408439336 0.07573136085186011
0.0553324523896736 -0.010722605234149201 0.07436634045154165
0.05446575597962138 -0.006928196124100707 0.07361518721837716
0.05392172017825766 -0.002082104752998924 0.07307989823439019
0.042912235684121086 -0.018240927058373067 0.10290050925474632
0.04026529266727907 -0.01355036101673121 0.1067644724720872
0.03950048384579868 -0.01092267341588393 0.10780405964790649
0.038489430227411345 -0.005369781311288062 0.10904253392214551
0.038327924579003095 -0.003016635800580271 0.1089324197657148
0.03824347965778507 6.28002174357987E-7 0.10883108785111795
0.05249264609393589 -0.006805592643633175 0.08883997825336387
0.05241224615759208 -0.005944162079497781 0.08784324112797388
0.07173468706782428 -0.02226534696696739 0.09877434580089742
0.0700847713616936 -0.019728533999150248 0.08900833996107707
0.0670695939446608 -0.01651637558897562 0.08554198467084596
0.06542264446771795 -0.01431010180664776 0.08345988823000425
0.06308362980146746 -0.01086811353502752 0.08148736561179655
0.06250444774624335 -0.0074345348948198515 0.07976049307863456
0.06162669112993613 -0.002472238566452873 0.07891435492898184
0.0638755000478639 -0.015641564069694844 0.09045164510705217
0.06378135894756873 -0.01368183712170363 0.08707598571836878
0.06231086333246506 -0.012137883743341422 0.08628799550693622
0.06094549130611403 -0.009847203297582246 0.08538566544544317
0.06012842090901783 -0.006791249095329343 0.08437772909987784
0.059187389358680675 -0.0024161230533177804 0.08315995458262325
0.05257365626443986 -0.011552154704484285 0.10507457214632894
0.05094269775817638 -0.008883064886663293 0.10403649543565162
0.04953678068101225 -0.007176827651841871 0.10270585322721347
0.046478047944582476 -0.004266799609634801 0.1007240237778499
0.0454791905667784 -0.002827010328461779 0.09998797987736292
0.05389060752175698 -0.013162001457773258 0.10909135387510512
0.05180213594888094 -0.00957262404835717 0.1088383129064889
0.05052740298259949 -0.007678221092491267 0.1072126002067277
0.04915619791840521 -0.004231867608001033 0.10507763973565222
0.048880217278357396 -0.002899549279792544 0.10504413276888089
0.04836690932708105 -2.918683589525292E-5 0.10482756974492491
0.0767987916 -0.0201238595 0.0704028453
0.0787600812 -0.021934682 0.0688762912
0.0993142277 -0.0453085022 0.12684709
0.102393792 -0.0445727608 0.125447065
0.122502504 -0.0492650472 0.114441965
0.127398783 -0.0486718243 0.111521436
0.133107188 -0.0492557595 0.107260342
0.10278255 -0.0486639215 0.134420206
0.104953091 -0.0492172687 0.133972922
0.10879151 -0.0504317639 0.130625182
0.119583614 -0.0534422084 0.128849443
0.125130566 -0.0532873453 0.126894567
0.130790801 -0.0525796937 0.12455181
0.135992211 -0.0537419711 0.120087811
0.103298033 -0.0467816863 0.148167699
0.121240681 -0.0533687275 0.141511516
0.128262942 -0.054015225 0.138338612
0.13226973 -0.054914528 0.135711404
0.140424732 -0.0552889269 0.13309316
0.0587908085 -0.0191568082 0.184480146
0.0606669286 -0.0244551365 0.18499872
0.0639487586 -0.031097326 0.183776916
0.0562597579 -0.00454951237 0.184942585
0.0558503097 -0.0113868734 0.185178511
0.0565040879 -0.0157671066 0.185552459
0.0633287541 -0.0307003123 0.185330792
0.0663743731 -0.0367669086 0.184909549
0.0569518432 -0.00393568422 0.19033437
0.0565676813 -0.012827296 0.190160433
0.0572514592 -0.0179056373 0.190332611
0.0669264105 -0.0367214177 0.189032937
0.0965009732 -0.0491753551 0.184030984
0.106622037 -0.0537448824 0.183841016
0.114865952 -0.0585064801 0.183088758
0.12956348 -0.0632461929 0.181781921
0.135179757 -0.0642849202 0.181274831
0.141560245 -0.0650765925 0.180746538
0.148093106 -0.0653013357 0.180121323
0.0580294746 -0.00386234008 0.198218992
0.058810291 -0.0124003345 0.197923663
0.0600692822 -0.0192488292 0.197663504
0.0977054109 -0.0510717655 0.197772664
0.107617996 -0.0559406642 0.198005278
0.116719632 -0.0601675336 0.197681055
0.131878561 -0.0662544914 0.198433505
0.138276526 -0.0674435517 0.199241694
0.144676166 -0.0679486501 0.199839471
0.150732159 -0.0683031325 0.200503504
0.102882084 -0.00307546784 0.054058483
0.10523389 -0.00899015405 0.0536212639
0.06265416740091574 -0.0025921432328510656 0.06950859331427799
0.06492589428120583 -0.0076288060586911476 0.07048597203643471
0.06629817003488951 -0.010685144742579925 0.0719738324444524
0.06879656307082448 -0.014165982297614885 0.07348881497940261
0.06252779592319092 -0.0024923270346260762 0.07421747394885882
0.06435748972787506 -0.007688988383069798 0.07549352896932787
0.06504927721131562 -0.01033350708231615 0.07641501996578373
0.06720500514838586 -0.014607577048974401 0.07857778886237762
0.0704562199729776 -0.01791021014651238 0.08091393765622468
0.0626914722 -0.00261926404 0.0670784575
0.0650200532 -0.00777570318 0.067851418
0.0666324782 -0.0109160186 0.0688509549
0.0626246349 -0.00250084993 0.0641988562
0.0650215508 -0.00769225029 0.0645758727
0.0628024872 -0.00258426014 0.0611650774
0.0650819538 -0.00789186294 0.0617395835
0.0714383547 -0.0149202277 0.0594835112
0.0675159476 -0.0111408856 0.0590118877
0.0842411077 -0.0267978008 0.0626373806
0.0813776771 -0.0211135027 0.05934459
0.0764293676 -0.0160934013 0.0575445542
0.0726867187 -0.011733016 0.0559524455
0.0706207011 -0.00808228829 0.0548735871
0.0679715349 -0.0030897317 0.0546205479
0.103193969 -0.0285543848 0.0668207466
0.090151191 -0.0130225009 0.0593883765
0.0887298214 -0.00912758529 0.0580406685
0.0869259914 -0.00236079186 0.0564570735
0.107539627 -0.0284735996 0.0662790735
0.05994641884863049 -0.01962317657679502 0.11468531364600158
0.049736307545929705 -6.361996208145137E-4 0.10869216783125984
0.05008396455681657 -0.003126856337713686 0.10935373890012039
0.0478907245 -6.928062E-9 0.162736114
0.0478505751 -0.0028355114 0.162718435
0.0485863823 -0.00475584621 0.16195378
0.0504315436 -6.219593E-9 0.164562792
0.0500936693 -0.00274231937 0.164731753
0.0508457761 -0.00467962517 0.164049663
0.0540241205 -0.00609999595 0.162599509
0.0528700612 -2.994489E-9 0.166440073
0.0524848173 -0.00260717259 0.166613435
0.053603272 -0.00445387052 0.166019586
0.0562176482 -0.00575279888 0.164512403
0.0552999373 -1.434215E-9 0.168473478
0.0548404363 -0.00250890988 0.168546843
0.0559417353 -0.00433732745 0.167717697
0.0573186618 -0.00582983742 0.166238346
0.057597875 -1.025996E-9 0.170521221
0.056881735 -0.00258767843 0.170464696
0.0576307601 -0.00441259173 0.169166964
0.0581165814 -0.00525540254 0.168526452
0.0587171839 -1.1051E-9 0.172722264
0.0578564809 -0.00261329937 0.172367761
0.0585386404 -0.00437750196 0.171178194
0.0589703589 -0.00596612659 0.170476961
0.058755735 -3.46959E-9 0.174614241
0.0582127657 -0.00265939812 0.174385374
0.0590730346 -0.00460863928 0.173902382
0.0611260325 -0.0202423475 0.182363622
0.0628387917 -0.0245763249 0.182844387
0.0648246278 -0.0306527313 0.182524981
0.065202022 -0.0350206823 0.181926308
0.066799286 -0.0387014571 0.181312258
0.061966411 -0.024505427 0.183861614
0.0644351162 -0.0310454726 0.18302984
0.077163423 -0.0483162574 0.174168166
0.0675562799 -0.0208371206 0.133803532
0.0709662967 -0.0242666056 0.133454376
0.073123472 -0.0272189792 0.134905697
0.0743992656 -0.0327657375 0.136023563
0.08458993881228243 -0.05869172407324217 0.12214733877578605
0.09355613430946934 -0.06325090011855414 0.11750621355382257
0.10980724733005935 -0.06970587149980915 0.11037932757199567
0.11913322227510698 -0.06965145539435566 0.10708069074261803
0.12644944877519348 -0.06883357890449507 0.10401370511056014
0.13258615392533507 -0.0666372097549118 0.10103838282073904
0.0873356049373062 -0.06155565365978104 0.1314541012106332
0.09618462266700954 -0.06480632452739024 0.1284096045619187
0.11306874084920507 -0.07199079973819447 0.12206873138766289
0.12158249783033284 -0.0729681248435934 0.11906976973864358
0.12877368189184038 -0.07191802421261803 0.11688640357706763
0.13629091334178525 -0.06886494480120153 0.11529956860147479
0.09062486781548561 -0.0624642706664932 0.14004613752839587
0.09896131109257937 -0.06643234061993912 0.13816395847563884
0.11619384030448848 -0.07277610143164112 0.13294319056869394
0.12377145653246706 -0.07379067404972425 0.13017199649378328
0.13117505962270448 -0.07354605882838466 0.1279202973203429
0.13909053337428395 -0.07015515300384187 0.1274703773967951
0.053265617613406036 -0.02011969836467982 0.18057423722387256
0.055115071331153606 -0.02648738809924551 0.18047591616923506
0.057666633248731836 -0.03303833828535486 0.17865705232965323
0.07339382569282436 -0.05270174244263094 0.1703011805632856
0.049779907996062765 -0.004319077713318732 0.1814694611013473
0.049822398618273936 -0.010435338035629564 0.18222672675533377
0.050762099688197664 -0.015790619293790192 0.18273907042923423
0.05778569489312789 -0.03342229824975404 0.1806035369848236
0.061606776215224895 -0.04084353936669493 0.17910849330635298
0.06857049235037986 -0.049913057524338944 0.17906644645967482
0.07635571492683833 -0.05500755424349848 0.17593263700106737
0.08499774464281878 -0.05807288265842348 0.17441465270174725
0.05053690560212441 -0.004044006734256708 0.18773064212337742
0.05059192620370663 -0.011340843616131357 0.18850066083135733
0.0518728580931211 -0.0178316801895552 0.18846412939184376
0.06259977398591576 -0.04069984421285451 0.18442080296986507
0.06952310348755819 -0.04965951729534126 0.18476580844467555
0.0781819467876315 -0.05384279979334356 0.18370431887840516
0.08616816497102102 -0.05729456619354572 0.18245819171314476
0.09527143553991034 -0.06152612383750404 0.1825673710312744
0.11131118011284981 -0.06937297184346651 0.1809212567374287
0.12797040287614805 -0.07339330434714292 0.17955460206541887
0.13480902391251012 -0.07532702714680824 0.17889552657976984
0.1424880286958018 -0.07702170128116753 0.17829915587771958
0.150132096435067 -0.07715759883720975 0.17748881091931817
0.053275242 -0.0036998898 0.197158873
0.0537627258 -0.0116231039 0.197385241
0.0554283786 -0.0201546178 0.196581561
0.0651434812 -0.0402368027 0.193445683
0.071195714 -0.04838554 0.193864829
0.0790528505 -0.0534919632 0.193893341
0.0877029597 -0.056888557 0.19345729
0.0961337064 -0.062315663 0.194611038
0.11233492 -0.0696858574 0.193789094
0.130140665 -0.0747224551 0.194171589
0.138117635 -0.0765737474 0.195072705
0.14537543 -0.0779287991 0.195934332
0.152612405 -0.0789706774 0.196440358
0.0662601559 -0.0139950431 0.155927453
0.0666103934 -0.022751365 0.146606277
0.0680799771 -0.0260449603 0.14523643
0.0687548621 -0.0311864193 0.144311634
0.0701765363 -0.0366490879 0.1442939
0.0721761053 -0.0408580869 0.147826021
0.0754028734 -0.0454646505 0.154743249
0.0775832165 -0.0478368717 0.159788372
0.0768216937 -0.0477705288 0.169021413
0.0739744725 -0.0477515163 0.171933225
0.0715525234 -0.0465219165 0.175795146
0.0690715981 -0.0418798278 0.177483615
0.0679937837 -0.037502332 0.179202776
0.0672510109 -0.0346117587 0.180634594
0.0663102298 -0.0306518841 0.181456518
0.0660969672 -0.0254543088 0.181983438
0.0659927885 -0.0207081747 0.181183142
0.0659902211 -0.0166510916 0.178737458
0.0661728078 -0.0129642323 0.175831024
0.0660598276 -0.0107687047 0.171813102
0.0673310667 -0.0118105029 0.160148626
0.0645936064 -0.0133573809 0.156311272
0.0659276273 -0.022156971 0.144863733
0.0683612253 -0.0254988436 0.143446879
0.069507561 -0.030804012 0.142766026
0.0708037921 -0.036451525 0.142636576
0.0716060628 -0.0407350128 0.145566407
0.0750041828 -0.0448553638 0.151831364
0.0781605158 -0.0480868439 0.158672361
0.0799443603 -0.0489384179 0.162466644
0.0800810687 -0.0477952921 0.166529175
0.0780439667 -0.0474780847 0.169586594
0.068282695 -0.0424361254 0.178810635
0.0676190836 -0.0380459721 0.179818805
0.0663676661 -0.0347649342 0.181043259
0.0661230912 -0.0306577679 0.181968283
0.0656882802 -0.0254038818 0.182261628
0.0649554214 -0.0207663512 0.181529319
0.0643512899 -0.016795809 0.179662442
0.0631291461 -0.013718771 0.177045882
0.062558423 -0.0105127683 0.174887262
0.0682896639 -0.042116692 0.179803084
0.0667430815 -0.0384079691 0.180842433
0.065300998 -0.0348919173 0.181435387
0.0657422198 -0.0303789239 0.18226008
0.0643756524 -0.0249125492 0.182486409
0.0629941372 -0.020443166 0.181758297
0.0619726696 -0.0167254418 0.180449494
0.0606629032 -0.0138459937 0.178003938
0.06514607 -0.0100762439 0.164074577
0.0656640373 -0.0215870141 0.142554895
0.0690131727 -0.0252964624 0.142043192
0.0704591611 -0.0307488465 0.141747987
0.0715753246 -0.0366293692 0.141744754
0.0722318767 -0.0411914871 0.14455437
0.0756486315 -0.0453973437 0.150897571
0.07360928710695012 -0.04574689997602314 0.10190797309795656
0.08474573066407456 -0.05127658915672178 0.0981374449627655
0.08538098136727354 -0.04060919292443583 0.07186557887858032
0.09261831669471728 -0.0027654264541901803 0.03688635824825495
0.09477585346671849 -0.010945448000498181 0.03799692548140328
0.0511900128645749 -0.0027226130003604565 0.06498468547930109
0.05218126201445078 -0.009310184544356809 0.06573318586233787
0.05403656413264436 -0.013559196826182568 0.06613106382595256
0.05704263254507888 -0.016540541556522285 0.06671133718902422
0.05928691484278925 -0.0179888986266451 0.07212797494445607
0.057454687112981115 -0.015414607379730594 0.07122775184869708
0.05508140616588404 -0.012504834245245573 0.07033267666425809
0.05329632087601658 -0.008283068205401034 0.06959807806014671
0.05223724723389977 -0.0022760670786298224 0.0684495526288105
0.05103977870121283 -0.0028634129693020437 0.062956275256722
0.0525005378042003 -0.009796888521213654 0.06311105624459575
0.05441162281507807 -0.013753627132586013 0.06321047111806181
0.05225235820432064 -0.002995339308676371 0.061245660165998826
0.05445245937316592 -0.009821145212541448 0.060561664699869386
0.05546446307625561 -0.0029510371232387145 0.05761270101815637
0.05754773256383565 -0.009351096671663185 0.05709817110487355
0.06580383278817288 -0.015855354606841062 0.055247003832857106
0.06224174125883401 -0.011907150799853619 0.05476984908196457
0.08180078379546647 -0.029018733923151366 0.05705841441568993
0.0762173921914523 -0.022452840651570303 0.05285801004423634
0.0715859427778894 -0.016848309798531608 0.05122793407850307
0.06813759179239476 -0.012246545645403863 0.050646159780906135
0.0664605131890019 -0.009009933229408346 0.050449570339459765
0.06387107509886943 -0.002724610137167491 0.05023157388931124
0.09990041475424838 -0.03418985021515262 0.053828224970890695
0.08194321243155812 -0.014324131378352124 0.041904897703059454
0.08001894640322481 -0.009696782980358509 0.041532761978254486
0.077606608436181 -0.002705185467312652 0.04097040635220403
0.1040845303221542 -0.03564274509422853 0.051510620907475366
0.049605230639791664 -0.025745438726023875 0.11425514533092423
0.0463994888387623 -0.02180556085088898 0.10740044597357025
0.039386073917941675 6.306031030781685E-5 0.11296903583946981
0.03944348428150482 -0.002695717205074541 0.11293875045011499
0.03963363817094647 7.143205658816572E-5 0.11777433279386226
0.03961648836437412 -0.0012613032621009918 0.11770660258828416
0.03713005360350408 5.834404549944953E-5 0.1223415611639135
0.03708286969630044 -0.0012469043263124084 0.12233024396367374
0.037760742931925106 -0.00294408514061857 0.12215887344401909
0.026716213035406385 8.900816382660476E-6 0.12820072842519817
0.02736080920475696 -0.0012672203883089899 0.1286676178842974
0.027880871598205806 -0.0027672534630257062 0.1289082962859214
0.0283507137355659 -0.004352605964582775 0.1296374769242369
0.03041870840703802 -0.006493410069810917 0.13055708554656986
0.03672015561845534 -0.013429429152606146 0.13311007736478928
0.03943614574595145 -0.014809007070777076 0.13079124656389804
0.0415973982418493 -0.017417797388638693 0.12782163129931204
0.02424419781262917 3.0927444201935888E-6 0.13103162486302844
0.02479362629934197 -0.001048914949813145 0.13123804046753548
0.025580763351022683 -0.0028094658899752685 0.13146326284434862
0.026701555195027826 -0.004592206018030633 0.13176101776630694
0.027761408750326934 -0.007072638564998377 0.13213276870024782
0.035663101310736044 -0.014523370313858358 0.13478069039526652
0.02248317723232508 1.0992738272416492E-6 0.13500870207015775
0.023044635903320412 -0.0011257023653520922 0.1348796374824206
0.023852523520992618 -0.0028819423735265684 0.1348304828310499
0.025055446554070684 -0.0049220605404299775 0.13448973149005472
0.02227961682232358 -0.0012686080643125185 0.13826355873243917
0.023130512318971667 -0.003059874703249421 0.13792246328979713
0.024281309687118443 -0.005068202408102671 0.13731962528006467
0.023738785003271704 -5.768531161328384E-7 0.14289893204738718
0.02375527783518354 -0.001462124043384186 0.14220257681067155
0.02423607101696428 -0.003277919732448588 0.1414506360728007
0.025185933481803355 -0.005651467142945931 0.1403626478334534
0.02598948410803282 -5.190052127272959E-7 0.1459537617194401
0.025937077028222764 -0.0015318772266544886 0.14499532714092697
0.026002459976758978 -0.0035163763019474222 0.14435434482082993
0.026819720856988086 -0.005875573968705553 0.1434222155177982
0.027742617222026388 -3.8257486315054356E-7 0.14834013769533724
0.027712868784966684 -0.0016922417814312027 0.1475146395453592
0.028071039008700213 -0.0038372439326859664 0.14709890467000472
0.02909586957935899 -0.006415256945830531 0.14593458089487615
0.02936814944089232 -2.767014274908685E-7 0.15043460581844736
0.0301090718864231 -0.0018291179088689162 0.1497462445006047
0.030585867629525306 -0.004020306207082152 0.14958537264600452
0.03181868900674133 -0.007173055959166488 0.14839189594696708
0.03393837632260683 -0.009534360197931866 0.14649695661101045
0.03173927666140192 -1.386850749974521E-7 0.15287792155936575
0.0322685724839878 -0.002055162436161335 0.15194644781747513
0.03306602682391711 -0.004345573727032664 0.1516130645849054
0.03473348219101617 -0.007848744315831116 0.15017657086302355
0.037149565068040284 -0.00999861578687822 0.14793057311500776
0.033859786656608486 -6.779638752542545E-8 0.15486286135529886
0.03436050328588384 -0.002198482868154592 0.154043148235619
0.035401537331286724 -0.004634811017197076 0.15367732329669576
0.037162251870336706 -0.008093434488227257 0.15233471020319542
0.03981024537130869 -0.009827354503849332 0.14986314166392148
0.049605123833634114 -0.013037599951015222 0.14749039656596272
0.03646453847663762 -3.110052628582007E-8 0.1570648218602184
0.03667010136020423 -0.0026748443828357046 0.1566268272138039
0.03747984287938095 -0.005041780727210436 0.15599720596615274
0.03943635614280257 -0.008358171157744376 0.15459423204993766
0.042304042672024575 -0.009923446989941732 0.1523555146471776
0.03902328338349485 -1.7843609540885546E-8 0.1590677460813078
0.03910723007026574 -0.0026906946552990576 0.1586733719812706
0.03997813282413883 -0.005255156147809895 0.1580453399580005
0.041328246870147835 -0.008358829217748413 0.15644056295912473
0.044923905187266244 -0.009794670389657804 0.15500518056394152
0.04145410749226856 -1.1188617450754529E-8 0.16086548872482928
0.04148199368334956 -0.002972691521531886 0.16056382682186657
0.04245054771221739 -0.005593006442560322 0.16025144845516823
0.04443469269819824 -0.007649059699230146 0.15909650503739006
0.043840030550060805 -6.9934942781309234E-9 0.16293396838974522
0.044097133752367595 -0.003218310236807393 0.16275575120689278
0.045347318063685714 -0.005806371368867245 0.16236627679754434
0.046885672954452215 -0.007669389622199878 0.16119024903900417
0.046291286806917735 -4.7906996951750405E-9 0.16516542311598256
0.04678781199909006 -0.0034715307051208766 0.1653273440883592
0.04740518208153504 -0.0058126265613091975 0.16467800395704288
0.048201282688541756 -0.007617201523528221 0.16393702001255814
0.04833819954447196 -3.021464821933445E-9 0.16742425548440998
0.048468988324114406 -0.0035173116784084652 0.16774917205293816
0.04882113348905426 -0.005942930392089087 0.16728363991966946
0.049934617364785494 -0.008687233180878958 0.1666537085933186
0.058821493626853266 -0.011524720520520601 0.16572151526673776
0.04990760713793868 -2.4138511621853894E-9 0.1696877381453452
0.049975145983061894 -0.003940132578858568 0.16984333702063434
0.05061292266800756 -0.006210620515747166 0.16967417430258755
0.05559965285780247 -0.02174417041093674 0.17683419650028767
0.05682822637722622 -0.026843988746815976 0.17651627926392918
0.05861648674385868 -0.0325625797558146 0.17566529871842654
0.06053505784828789 -0.03784715719025941 0.1749444479251796
0.06272857504244371 -0.04167299854659457 0.17347385250259642
0.05607522337293844 -0.026723689065472216 0.1783944712547425
0.05823999191337295 -0.0329543793701259 0.17699062532576937
0.07258583764415127 -0.05165646871521816 0.168878193894665
0.05373898735845867 -0.023306108114440012 0.13577737493534306
0.05533351175886312 -0.027606334197466557 0.13038922338309827
0.05751369775414452 -0.03368496727930649 0.12974206345190178
0.0605530803947192 -0.03899941058340932 0.13066031082895893
0.06405707698353223 -0.04426435256785155 0.13219297991265563
0.059468847202177585 -0.01887555481252375 0.1533520914217853
0.06046597301466559 -0.029679957213754334 0.144831895982889
0.06140701941647714 -0.03285516353290146 0.1438685952286273
0.06211714142416231 -0.03688170891647814 0.1438542160515558
0.06371693613291318 -0.0404615718529238 0.14457088002456728
0.06631242398052262 -0.04347458792163272 0.14635736136699704
0.06943817140594437 -0.04624251265365704 0.14967653447124893
0.07275818245725885 -0.04817748465415237 0.15499132975406302
0.07354881164736694 -0.048828754065954744 0.16408957204043387
0.07110461646282477 -0.04748145735014557 0.16578305806097005
0.0685198996868917 -0.04488893335992531 0.16638170383994408
0.06549896260390724 -0.04155541479631263 0.1668999726045314
0.0634344688274045 -0.03827308639529649 0.16791419622329193
0.0627604693987178 -0.03497073510826599 0.16912097820399377
0.06198699797292802 -0.03121248410948348 0.17003786403149546
0.06158918593124788 -0.026791655829115878 0.1707359122692215
0.06209789752975323 -0.02254664504317188 0.17093023662630488
0.06248934833424809 -0.01944477392852617 0.1693949644161262
0.06267970643938393 -0.01720955646718771 0.16775058259384065
0.06341660448308564 -0.015644658991727862 0.16647831192056323
0.06312179461937849 -0.014318884224931409 0.16500443481232993
0.05941588672605953 -0.0161181072836172 0.15571976074625657
0.057725952110650194 -0.016349063036117547 0.15200493028364945
0.0583871875712669 -0.02920404306947219 0.1419293604583493
0.05982690237480489 -0.03352446216447235 0.1406253525482673
0.06088343388276701 -0.038129452710343306 0.14117209188767968
0.06296419318636258 -0.041939433845939705 0.14248026530514835
0.06591387629374407 -0.04479562112655855 0.14465948786886676
0.06911160759982517 -0.04747680355136934 0.14704487668635252
0.07345588397087087 -0.049831205105080593 0.15200456959932118
0.07524967415275433 -0.05171271797597583 0.15792241975203958
0.0763662413558392 -0.05219806658365419 0.1620879715898291
0.07489724146934569 -0.05131162046025138 0.16484414514299217
0.0654816519283247 -0.042734461621586554 0.1689921881309684
0.06312773122590709 -0.03955342195527374 0.17020057269008693
0.061826503253232724 -0.03623897714833503 0.1710772248299496
0.060840864816165484 -0.031999634334518634 0.17195355145773675
0.05971734765543137 -0.02711726312739835 0.17270091357025721
0.0597451521580238 -0.022442547719798134 0.17305237727919565
0.059950053815983936 -0.018628941257187687 0.1717645708213168
0.059821277812414496 -0.01573734097715435 0.16963843108942506
0.0600971103098787 -0.013625212926734397 0.16794933330887102
0.06539287676327996 -0.04411736934063548 0.17107831698865059
0.06280445869498906 -0.04074695915044309 0.1723349741323956
0.06102961006425088 -0.03699667194721648 0.17330804208111167
0.059488461469837516 -0.032272931068402115 0.17402491491034436
0.05793377830285932 -0.026981519617949822 0.17458223554493418
0.05738847470917229 -0.021914735785137224 0.17492217942996519
0.05760669758767934 -0.01786913215277542 0.17370201624481174
0.057396164562985096 -0.014416676562660947 0.17181659933018048
0.06247749979729462 -0.01329497153460473 0.16317626886442382
0.05807184551175409 -0.013169111369069541 0.1586690098346807
0.057257876319662136 -0.028444242507137688 0.13939695151852446
0.05922224132486422 -0.03364391759853524 0.13849077314403993
0.06069440420509561 -0.03862701535292794 0.1393082197295312
0.06297183805528898 -0.042572666618968004 0.14077077007410377
0.06576195424163629 -0.04580001366831372 0.1427626092716045
0.06946831318629633 -0.04907284134716716 0.14511690493264856
0.05499017415867575 -0.01688512239786346 0.08296257338072348
0.05456001505438324 -0.012628644458085942 0.08004197632786526
0.05469815468396855 -0.01053440342051818 0.07935756380149725
0.05436682353658667 -0.008173546177112145 0.07874996811586851
0.05392042791758416 -0.0056471313610473445 0.07847973701062741
0.052954745324363166 -0.001564198895851499 0.07825951802597786
0.043189765356798235 -0.01717966393778539 0.09996867409586506
0.04003009862944743 -0.012760485117584703 0.1023561381822928
0.03875968832309698 -0.010444255305870474 0.10348360091850367
0.03717666325366486 -0.005312836802878765 0.10378286660052204
0.036369682040062544 -0.003011209714230011 0.10295615460735102
0.03615440695553745 5.187208864469222E-6 0.1026566153428299
0.04781127656939474 -0.00839641956681493 0.084634834838186
0.04736851864628709 -0.007035526112367769 0.08374952433754042
0.05628972439928605 -0.029738754763741816 0.0880123796799993
0.06863282743993228 -0.031591917220700635 0.07696199115347373
0.06918790970974695 -0.027384154690218595 0.06597608631751593
0.07075715225048264 -0.027534922582545765 0.060026993985433895
0.06650010844090766 -0.025075757866767433 0.06176974682827259
0.05918841748150116 -0.012582429401608072 0.09092055058718254
0.05731782613088107 -0.010033984257420903 0.0889940883939105
0.05654189013171184 -0.008264329107492523 0.08812295621462572
0.05575123109364909 -0.006932029298602173 0.08677938750201117
0.054591618264467276 -0.005095003893452499 0.08610924759753086
0.053478446781999096 -0.002083164352017524 0.08529448073976029
0.0601124784 -0.0204973616 0.18366012
0.0699004461 -0.013754692 0.155665861
0.0692231915 -0.0239351656 0.150294734
0.0693713217 -0.027311059 0.14938706
0.0699687565 -0.0318175154 0.148447402
0.0720996049 -0.0369436066 0.14898256
0.0762214057 -0.0420916954 0.154262108
0.0777561005 -0.0451539438 0.159324527
0.0784376743 -0.0463253906 0.163127525
0.0756409591 -0.0470248931 0.165337675
0.0745446996 -0.0475149657 0.169873759
0.0725314006 -0.0462747515 0.173319002
0.0700250535 -0.041795951 0.174735622
0.067799159 -0.0375319572 0.176148132
0.0666542193 -0.0340524066 0.178795146
0.0664109853 -0.0296338209 0.179458601
0.0678526124 -0.0244443514 0.180283102
0.06892701 -0.020005988 0.17887117
0.0697497609 -0.0163024835 0.175945084
0.0698209492 -0.0134772489 0.172530793
0.0685052869 -0.0119789938 0.169434036
0.0672337894 -0.0131641454 0.157614698
0.0675649087 -0.010701638 0.162747423
0.054255237527877684 -0.02832002431197206 0.12643680130127455
0.038709527228615204 -0.016553164559977115 0.13155829986757034
0.05369578212349624 -0.009548480553282793 0.16581390664395532
0.05459707257903863 -0.021854883136027698 0.17897095867838222
0.06396059965030541 -0.01973057215599899 0.15358356195067446
0.06313757809740361 -0.029401738934826525 0.14950591924875942
0.0638936619867868 -0.03281639138106025 0.1487743335239696
0.06474560390952255 -0.036111879319551406 0.14853741792054967
0.0663208909168584 -0.039400444623019434 0.14904370196287783
0.06954511349484885 -0.042658745329702256 0.15115378215320477
0.07154659299003639 -0.04502407830083805 0.15512796849182553
0.0717861787648923 -0.04612519249091679 0.15935475288665574
0.07157326849142309 -0.046289183956917355 0.16186411247966184
0.06996275710208542 -0.04523443280187291 0.16334105069339605
0.0680556217896573 -0.04296838930821284 0.1637844790512507
0.06584236492389033 -0.03983518930598338 0.16405840731377105
0.06407691659029494 -0.036490917182533375 0.16492326068123994
0.06264664005247154 -0.03339880459537592 0.16607868801626638
0.0619581186403011 -0.029526066010553062 0.16720398350300825
0.06320638294887662 -0.026670893738058456 0.1673261891281144
0.06423742442740983 -0.023217425165725215 0.16721747967857623
0.06442543209878122 -0.020427170537075743 0.16656643705100627
0.06455703728924217 -0.018322473564434012 0.16555192163623772
0.06462622404700719 -0.016947706712176366 0.16453262227029733
0.0643818263327108 -0.01615700899318243 0.16342364462066825
0.06062822846656586 -0.01808012509339953 0.15476914903429012
0.06446591250253259 -0.01586661704645046 0.16151365178501312
0.06344389554711011 -0.016041022086612598 0.1601304574315665
0.05208685542435253 -0.015092168676690634 0.08677433651458359
0.05137733167102222 -0.011212487252949684 0.08372046416168777
0.05118965645704047 -0.009199834859164835 0.08297002805504151
0.05068895672148359 -0.007124412414504486 0.08213736515942337
0.05003365507323575 -0.0049087642631509155 0.08155816557850494
0.04942777003253124 -0.001465182662181979 0.08162217990794812
0.0694763547 -0.0114192056 0.158681085
0.04192429413312326 -0.01604901313446606 0.12709712558567252
0.0645178395996669 -0.017788290749997222 0.15621057186243595
0.031053309154945086 6.318072345903233E-5 0.09784820271124749
0.03118283792232231 -0.0012519262504442027 0.09787647366700014
0.03181830940901417 -0.002980535062539564 0.09805479303266998
0.03239564469483031 -0.0044689828566319145 0.09811345486994236
0.033437109410545424 -0.0065279609158424 0.09836841695361762
0.034490913906638096 -0.008420948916306273 0.09821715785508811
0.03554308505706112 -0.010147453404691406 0.09762395085329979
0.03722683989386544 -0.011936086661711469 0.09633029063068412
0.03994213916552003 -0.013707361293830912 0.09488420815414082
0.04339861280487367 -0.01632242862954315 0.09377582972365668
0.047631956032724285 -0.017434223368599858 0.0941388952789234
0.049468703480359595 -0.016642010074737593 0.09489668216779786
0.048024115389660296 -0.01601277232632957 0.0938150384504973
0.04492678272810391 -0.014419092660058 0.09184317076295831
0.04236037632544099 -0.01301253765173384 0.08897359346006375
0.04080060061459644 -0.011229070852310284 0.08677569590280938
0.03952393736313442 -0.009267273409016894 0.08519592042251267
0.038297598358065614 -0.007823139921617888 0.08442581388832845
0.03753700883014525 -0.0061965130145668805 0.08438096537845219
0.03630414971316835 -0.0042475086806112285 0.08517428494898562
0.03581427406824924 -0.002134751896636567 0.08514183487501865
0.035465245839533796 -1.4010603295621552E-5 0.08509557229931262
0.031872638077698405 6.307630147907475E-5 0.09639552047849118
0.03223556588087392 -0.0012857478043379969 0.09643145591556984
0.032656752368063625 -0.0024415806888917796 0.09652616615171666
0.033341758479754006 -0.004109142464735771 0.09662507789175992
0.033868270668279986 -0.005931845681648378 0.09651555503329211
0.034926162340722 -0.007721673910963723 0.09611376870032036
0.0360749598445154 -0.009385447174130557 0.09576937267428337
0.03790024066550242 -0.011152643521729209 0.09472837442848689
0.04028912632396886 -0.012898668531438885 0.0942747069556366
0.043967885872627066 -0.015611321456919226 0.09355042112613494
0.04774264292067046 -0.016962835198248236 0.09397962011226389
0.049892930653875435 -0.016523732036840037 0.095756264994188
0.04845650215851704 -0.015879590584668608 0.09517095303796515
0.04484615187908052 -0.01410448973018732 0.09382307622423744
0.0421253991905685 -0.012608023166387192 0.09167389275891963
0.03996863504258455 -0.011237261615810824 0.08974076985495438
0.03809854788184831 -0.00957949585183451 0.08846418920091499
0.03692127848188188 -0.007922325130667178 0.08765692581760429
0.03615959592061777 -0.0061428960256701744 0.08732813408234853
0.03566703073450164 -0.004236102717722347 0.08751566656561574
0.03553041995805188 -0.002179048168367235 0.08784401728108243
0.035492354322983116 -1.4246672959225025E-5 0.08790632853681835
0.03298226632306477 5.7527688337527094E-5 0.0956907019060168
0.03361422251317121 -0.00124697784868701 0.09557394276844136
0.034005834188405616 -0.002379326801643696 0.09558845119825177
0.034390227378364176 -0.003815507910006666 0.09562254583608626
0.03501177536262578 -0.0056350472121417024 0.09535402899658202
0.03577357506549016 -0.006895605728292206 0.09511505245596619
0.0371252725357041 -0.008740512013853062 0.09447122673710237
0.038859897097120906 -0.010465863816249952 0.09405831405612294
0.04100334053230126 -0.01214855591377003 0.09401626700861404
0.044782110379103124 -0.014624955475856988 0.09381660447943503
0.04820174542355831 -0.016727251235630708 0.09416154999131646
0.049319472271876746 -0.015653503744503826 0.09602006873804109
0.046055842622037324 -0.013583512613998979 0.09538728770217425
0.04281233817205127 -0.01211747771413383 0.09452446599806555
0.04068346451092818 -0.011035583966783375 0.09243842809057984
0.03883312124643941 -0.009491629609808766 0.09093937997036865
0.03750944706505388 -0.007940046865481384 0.09010227529837432
0.03661614006953408 -0.006215510099177742 0.08954625459719431
0.03588973402990265 -0.004297915595275992 0.08918458004099913
0.035668453472991295 -0.0021979603407316878 0.08937237418085399
0.03598774760256455 -1.2522806545172776E-5 0.08961040276401593
0.040595903334353124 -0.008001278336852838 0.08181940667580108
0.04156432893748999 -0.00971296180812766 0.08268185518917241
0.05750395994706954 -0.02834042336573509 0.0845819202994037
0.05729111890996912 -0.021825691897448266 0.07803935338958314
0.0547154983397879 -0.017117512404610333 0.07421211870644677
0.053953765812803096 -0.014605361605517226 0.07359633622837039
0.05337236392856824 -0.011553559770727194 0.07328656462397347
0.05207867053494455 -0.00793112231494284 0.0727524012419308
0.051033012307049326 -0.0023956368835755947 0.07228607850283156
0.04196347343313594 -0.018219109057105397 0.10332534872647343
0.03888260522373905 -0.013860583299279335 0.10625070097393197
0.03821460769554864 -0.011527794093652769 0.1077748388210945
0.03666222755127269 -0.0055093399665286195 0.11040599043646591
0.0366129363596189 -0.002947756105585209 0.10983044952295319
0.036603312015210054 -4.526803997766025E-6 0.10911913218911311
0.08357075724856147 -0.06061119233941363 0.12149023563174453
0.09191028836312866 -0.06491456822226989 0.11740350473242646
0.10899642594105648 -0.07356155088146049 0.1094926074359212
0.119473704136759 -0.0722315386689356 0.10605940937015544
0.1265548789063184 -0.07195881310886224 0.10300204587723301
0.13301381075661964 -0.07103798503389262 0.0997056477469885
0.08642242861368628 -0.06339910041868911 0.13067596359812092
0.09544542396962111 -0.06639085706399397 0.12789226116490138
0.11276829458380061 -0.07465251844812702 0.12133632298107225
0.12208619216195282 -0.07477474854380597 0.11837185725315594
0.12901207058685676 -0.07311215970852822 0.11643137376294753
0.1366498390332789 -0.07236682998006531 0.11412331060527105
0.08919166213631477 -0.06485425722240669 0.13956934956150427
0.0985663911707411 -0.06845582427195022 0.13737684419363597
0.11583910790352059 -0.07504946222495912 0.13219629116629047
0.1243359395578868 -0.07583465216351944 0.1295131410381644
0.1316500145002319 -0.07556718773380178 0.12731092918862683
0.13920234084548733 -0.07291748438514606 0.12638523877487157
0.05208508976148836 -0.020744367229861515 0.18074285758289588
0.053987504493297575 -0.027330438882325035 0.180544204848955
0.05659919242616198 -0.03405309907117544 0.17873807212202797
0.07249161725251842 -0.05412992350477944 0.17023378270843045
0.048190987271868234 -0.004605860531285666 0.18179958950091113
0.04843309453413108 -0.010896461812314337 0.18245718491075769
0.04948120372887841 -0.016367351711225244 0.18294152289663074
0.056671760154734845 -0.03445215876848642 0.18077383476367406
0.06022729723648081 -0.041680907048475394 0.17925117478842958
0.06775267405561261 -0.05111678587794167 0.17916182762088748
0.07577555369030674 -0.05650701867726586 0.17609498634726906
0.08434689121759366 -0.05988374146529702 0.17469151884346085
0.049083211219846996 -0.00439521379287199 0.18808186679145963
0.04927422632784616 -0.011851099120822994 0.188812636948763
0.05061615503319618 -0.018462674522732307 0.18876469434404536
0.061432842384897504 -0.04218103726722509 0.18479331775796345
0.06865397164171812 -0.05095827411246355 0.18501905137779084
0.07761919821319048 -0.05521775653274352 0.18400533243463815
0.08572783064414488 -0.059138217659985635 0.18253781288624144
0.09423250573316752 -0.06391921339802104 0.18172915708204398
0.11075946859931482 -0.07172601852627714 0.17973689648913715
0.12767248845458026 -0.07500883925717021 0.17868283615129926
0.13505801073993925 -0.07772777745483414 0.17769148907105037
0.14309666526636156 -0.07906616522819325 0.1772748503167637
0.15029248112887758 -0.0795510069106747 0.17674969337855886
0.051926523 -0.004079976 0.197691758
0.0522793558 -0.012134156 0.19799392
0.0540634628 -0.020930676 0.197157282
0.0641022574 -0.041418844 0.194087519
0.070459564 -0.0495312842 0.194457703
0.0785189916 -0.0547149066 0.194561987
0.0873490641 -0.058282966 0.19408877
0.0953129297 -0.0630214032 0.1940467
0.112344988 -0.0714871608 0.193506073
0.13058766 -0.0766836433 0.193615266
0.138107232 -0.0788268369 0.194282679
0.14628789 -0.0792012942 0.195062391
0.152776474 -0.0811174429 0.195681735
0.07300281303544075 -0.047148577023267295 0.10175586499083286
0.08421290680783411 -0.0528960180725079 0.09748656848485185
0.08231654144338515 -0.042611871442217 0.06967411245891628
0.09082166919147042 -0.0027124914476566358 0.03439188511804506
0.09289674153832533 -0.011633768399287174 0.035098338148364466
0.0484967934086999 -0.0027710710363955476 0.06462615316167937
0.05053110640273719 -0.009787370099006192 0.06537456220658974
0.05304571303067849 -0.014245654219452989 0.06583259535274054
0.05575863365867109 -0.017268149214757302 0.06652896061035231
0.056963386488519716 -0.018943186171483654 0.07113707974692847
0.055196373527759156 -0.01602490385121415 0.0704129596544151
0.05353087666800048 -0.013161343554407002 0.06988213916966199
0.051598410821927294 -0.009033379242158314 0.06916556827166762
0.049129991862702824 -0.0024970538080522253 0.06744193415182251
0.048573702778870353 -0.0028921574302763603 0.06227828571413028
0.050380476914940055 -0.010329771162345245 0.06236747280691446
0.05319763762279636 -0.01445327830073335 0.06256527340339464
0.04997945124619532 -0.003115145412602099 0.05921628396005607
0.051551525805205695 -0.010488803741219467 0.05901154755657854
0.05247303033463667 -0.003266566962672899 0.05453463981829593
0.05468830201281496 -0.010447073516364416 0.054267205555202286
0.08780527097268162 -0.002938615173358751 0.03501423930869006
0.0889872640419092 -0.011746410687226603 0.03519594873329287
0.07958483351295256 -0.03132657670480435 0.054380364998722855
0.07486448542409042 -0.02441438824640244 0.050614491897641244
0.06979751386083753 -0.018123519380727485 0.04898290367760807
0.0659703593248064 -0.013122195718431942 0.048805689127393324
0.06427579022960761 -0.009871623626004791 0.04821537402268707
0.06160118453281999 -0.002949641521350927 0.04767907334354659
0.09780655894537571 -0.03733058236004075 0.049068022485963196
0.0809291250141324 -0.015316250493781755 0.039744439302942525
0.0790535013101333 -0.010383752362342945 0.03951231536180174
0.07703337678872091 -0.002721140749072285 0.03880238020752946
0.10190105619250586 -0.03867846232097377 0.04641246999885588
0.04849973529210008 -0.025848087180763007 0.11384917830796129
0.04506348371959028 -0.0219050458523635 0.10691383158511365
0.03761707598268967 6.792531256351534E-5 0.11421175129578623
0.03680885490833663 -0.002813282803091131 0.11422446760518638
0.03766135795994702 6.469114505252742E-5 0.11788545317914585
0.03743433700851226 -0.0015752361456356757 0.11798720670632788
0.035728194887560835 6.38070905069704E-5 0.12151036725014851
0.035879891208615615 -0.0011235727569676036 0.1215535592216268
0.03597033616585741 -0.002876483514149745 0.12197254740679239
0.026363740104142094 9.570578098106992E-6 0.12693896052319584
0.02652681774945451 -0.0013571909626948313 0.12717965133384868
0.02687590559663375 -0.00289985543480138 0.12746735295265754
0.027126644459604304 -0.004508494625166972 0.12801162761902407
0.02823899951133961 -0.007079008985880682 0.1289668857470582
0.03587777222444733 -0.013907396236103507 0.13208996263088696
0.038681176481624883 -0.015186775035600621 0.13004196174689975
0.04085192629046275 -0.018280900519595886 0.1275304257956932
0.023401777746264084 3.255025734836215E-6 0.12997811192017017
0.0234541661488401 -0.0013990434875202097 0.12992805522022546
0.02357168437640661 -0.0032299087823088185 0.12996294228848157
0.023796830764866276 -0.005649204201541694 0.12988193034841883
0.024915999176399573 -0.008275524472095834 0.13011850768904124
0.03406940878805226 -0.015257559941484929 0.13340449336882648
0.021310418522105534 1.0528970568828648E-6 0.13424800463089392
0.021325581715820288 -0.0014525159187931246 0.13424870702583078
0.021461640164665632 -0.003380030424641031 0.134171516942816
0.02180572581168605 -0.00578261466600289 0.1339223371452536
0.020492435756625644 -2.9366644653070906E-7 0.13819065972124417
0.020534337734698944 -0.001605564693968091 0.13841585904276785
0.020690476165400925 -0.003555345258639779 0.13824552379946092
0.02139876806625253 -0.006028605647184285 0.13756794910550907
0.022133855659073956 -7.472959892496754E-7 0.1425947012605578
0.022355099115535394 -0.001676043019068176 0.14265891886545518
0.02199585886878506 -0.0038212846136641406 0.1421458703350398
0.02237736748239528 -0.006379159666051427 0.14120822901043398
0.024646850737927408 -6.574366839972085E-7 0.1456911833849733
0.024727857627610542 -0.001744837627555894 0.14566157512210415
0.024578005895444375 -0.004113819162187509 0.14497746806026646
0.024665333375665666 -0.0066743111572134545 0.14416221008656113
0.02676872565717672 -4.505971962870095E-7 0.14854002184883838
0.026303732934694825 -0.0018270331393723162 0.14809007104145044
0.026559328928541296 -0.004383466392928669 0.14757898776263997
0.027699092277650838 -0.006883017782306269 0.146493882516972
0.02814603246835091 -3.576313709643816E-7 0.15050791645106015
0.028916671714010824 -0.0019761649852310693 0.15046224301940989
0.02936732873141013 -0.004599038118649013 0.15018969366037815
0.030604203329073442 -0.00755630666482415 0.14884621485594854
0.03315184713177889 -0.010227234660981147 0.14680328475985957
0.030411487042237433 -1.9815550111412835E-7 0.1527894586697383
0.031153365094106433 -0.002232816409726473 0.1526633610056574
0.03177177678556955 -0.00498784891390967 0.1521860626333004
0.03328580272778728 -0.008019315255471123 0.15051300756101443
0.03621720596421978 -0.010594960455939875 0.1480502901811251
0.03266535425245292 -9.528227210821652E-8 0.15490943147819375
0.033149548446746654 -0.002518044162631319 0.1547545666116507
0.03405073383591682 -0.005197856857346565 0.15397420989530572
0.03576653232962338 -0.008421784978456356 0.15230891504267827
0.03875987266876396 -0.01068269027637789 0.14998730800151816
0.04638028908538341 -0.014828491570151566 0.14563367691711374
0.03476127995599022 -4.444242675503569E-8 0.15712347095746237
0.03526610493422561 -0.002941397288149547 0.1571463172485501
0.03594469603584166 -0.005705612404758929 0.15615570416181748
0.038074941171203906 -0.008808068483372435 0.15433696022255494
0.04119139709974013 -0.01063635275394101 0.1523539578463826
0.036535498465255604 -2.4972509061437742E-8 0.1590977830979089
0.03739446893380999 -0.00332129377419553 0.15928430995445
0.0380563131804662 -0.00599710568314509 0.15826105041081115
0.040481707412156204 -0.008815517916450124 0.1564381671478501
0.0439016484133118 -0.010440145172153619 0.15500150034336127
0.03842725876295936 -1.4407850905025717E-8 0.160804595416848
0.03954017382119165 -0.0036730047039987995 0.16122544712515677
0.0402962996374937 -0.006322495473356398 0.16061713719943688
0.042841003036766585 -0.0087913566120582 0.15926033934058645
0.04059084077400858 -7.367293012518038E-9 0.1626974333538542
0.04146746418376116 -0.0036191406738364184 0.1627649109380885
0.04233237466994242 -0.006295865257125496 0.1622650464466031
0.04441087940757561 -0.008185519504272895 0.161171710955272
0.04299832977678583 -2.827330378174068E-9 0.16491407151665083
0.04427812356856423 -0.00364103948504781 0.1650456373032693
0.04511872063777349 -0.00610081763244016 0.16442779886999692
0.047179380083121406 -0.007852467312494055 0.16371608009229777
0.04529161922088637 -3.022338023895125E-10 0.16720890228485688
0.04649301271625897 -0.003656117760163697 0.1675108790652594
0.047018126931344786 -0.0061548990831919136 0.16700647243414926
0.04856388197972947 -0.008518416540166681 0.16621174971040936
0.057430319083762366 -0.011551298549250704 0.165625020951198
0.047729807868524175 1.1134104164735911E-9 0.16970641976411552
0.048584428778124134 -0.004159396662035218 0.1698945625662595
0.04924716101952717 -0.006709594963050891 0.16975406940896595
0.05456893438392782 -0.022418864046306306 0.17693776248949472
0.05585546472477369 -0.027721565105909347 0.17651120159048247
0.05759625985807826 -0.033576260495172816 0.17563628350384117
0.05948585302315561 -0.03892316930286558 0.1747788760909373
0.06179116435757216 -0.04350887223478528 0.17389871826118708
0.05500803240152542 -0.0275848828056976 0.17841069434598464
0.05719463486193484 -0.03396995091836241 0.17700951320536318
0.0715176648165761 -0.053050767744093105 0.1686647820549546
0.05340067450808193 -0.023620092821235734 0.13589221510238722
0.05490884162995211 -0.028018241759541217 0.1302487292281054
0.05684621131232134 -0.03417222652836781 0.12920494271635005
0.05970314351275211 -0.039740379137313646 0.12974973206691442
0.06351791617578938 -0.045512935429384234 0.13135746382938052
0.058642791614152784 -0.019295804446869163 0.15276743412435204
0.0597752823380055 -0.030143840292260953 0.14433007816857396
0.0607528666799995 -0.03353590648174689 0.14340239557789816
0.06145497029429092 -0.03760839825940291 0.14350422490491055
0.06310394289970221 -0.04131818259503725 0.14433464909817864
0.06597297604424132 -0.044389878622907865 0.14637182510873803
0.06890036378408194 -0.046739915591968086 0.14992937504305862
0.07185906576472514 -0.048896583024559175 0.15502189940819525
0.07281489135888969 -0.050092307094996916 0.16406974600385593
0.07018287242131778 -0.04883838760197394 0.16566529089314289
0.06769054632446186 -0.04616681917480995 0.16625863015700335
0.06471455567817336 -0.04266083025161438 0.1668422215983017
0.062789445073144 -0.039235291078445526 0.16794013056336868
0.06194929009520782 -0.036034569324999544 0.16906182669217987
0.061229980803954094 -0.032225984023448194 0.17000851602053618
0.06078220740569186 -0.027702399192821015 0.1707199209385332
0.061208837253421855 -0.023282396485838547 0.17099820506327518
0.061641109495925495 -0.019990667155085212 0.16956240924072186
0.06172971211603463 -0.017684203289838444 0.16784671521388436
0.06266029366706369 -0.016198793290189483 0.16653237181771577
0.06217783664962433 -0.014858626479809543 0.16509521917029202
0.05766213793895067 -0.016175803767184412 0.15454086185060106
0.05662638281640564 -0.016833471208524877 0.15114350162594836
0.057746979855940246 -0.029694187606861766 0.1413127993196316
0.05903911834872385 -0.03412735519862305 0.1400319302404791
0.060714656581929316 -0.038283924202596506 0.14086184284779157
0.06266960417230828 -0.0422350226642121 0.14226145190588024
0.06534964763706866 -0.04568102487908031 0.14440208149366388
0.06842553283867059 -0.04809698007231113 0.1472688267449154
0.07215013996824521 -0.05029159396031806 0.151449996162044
0.07446713826297673 -0.05228893542763192 0.1576996166330035
0.0753697835673709 -0.05286617001567624 0.16220138665394712
0.07430971309100105 -0.05240595434897974 0.1647035412404568
0.06468197481690975 -0.043848034741703436 0.16890914554929246
0.06251671283253986 -0.040461698954607044 0.17010814878637673
0.0609984928752894 -0.037293108036265336 0.1710039451945096
0.05995662490033778 -0.033062129218073125 0.17191534912363518
0.05889090340182651 -0.028039642197249023 0.17269455731797187
0.05887284712359483 -0.023175998973213503 0.17315289764305106
0.05943033227699004 -0.01919506703574115 0.17179705880699744
0.058948994126676084 -0.01611929846304827 0.1698902698795106
0.0590294073280953 -0.01382518197441394 0.16811720057801968
0.06424100331355379 -0.04545076204541817 0.17102827559168196
0.0617772096615974 -0.04205489513657124 0.17219834007195525
0.06001614474890723 -0.03808560070060832 0.1731970043552828
0.05850751680541354 -0.03330724461170704 0.17396450790372286
0.05705655205709294 -0.02788467044236451 0.17456657774137085
0.05636784177445482 -0.0226586257541408 0.17495091405748026
0.0566911049412386 -0.018389094987454273 0.17399265321440704
0.05646327019842866 -0.014866371274394939 0.17217423216568284
0.06117019062704329 -0.013667828089064067 0.16294522256224145
0.05652343843457631 -0.013234869232254736 0.15813052088835516
0.05668598494113908 -0.028843705318801986 0.13890283109524534
0.058484124129784744 -0.03424539597285705 0.13789582855054452
0.060476692347001315 -0.03886764177245281 0.1389123552688764
0.06256736023479219 -0.04305837981025804 0.14043734688348045
0.06520273685966703 -0.04672855720888561 0.1424206697993413
0.06866871329772382 -0.05002814059467778 0.1449617514415631
0.05360278714681051 -0.017429500688129557 0.08082422008079104
0.05086318758186317 -0.01325600101331104 0.07702080536724024
0.05054285378023152 -0.011376870588963226 0.07639234211423165
0.051037445514047666 -0.009291782324721342 0.07644303742340172
0.05033998112041546 -0.007197683920370861 0.07585542231012965
0.05026233340577931 -0.0027197007881396102 0.07579045791364819
0.04135655364099596 -0.017320766861227414 0.10020658562128502
0.03788688610240645 -0.013119349165823559 0.10344999962229687
0.0369422026181565 -0.010687727537447612 0.10510354853109256
0.03532562084846116 -0.00650120477665437 0.10669535145732577
0.033804277590303466 -0.003908884274110693 0.10458071223771567
0.033721843885099495 2.4399845770056795E-5 0.10462599994451248
0.04455212480380017 -0.009648583057360136 0.08145590070384087
0.043515670490670705 -0.008037273226375478 0.08032637430193615
0.05530387842424396 -0.030943296661922658 0.08729433056874755
0.06721086017056244 -0.033124484007489095 0.07503076587138309
0.06697335806233601 -0.02871723861877176 0.0643082255977533
0.06906027164054239 -0.028839281507338808 0.05848629476607226
0.0646802676141681 -0.026170359038462015 0.060885186119446606
0.05380569584753206 -0.02854445408293586 0.1262785375968289
0.03772237903411621 -0.01743992223032716 0.13107068314647094
0.05195087482963003 -0.009865284170303952 0.16564889478585282
0.05348168082482195 -0.022526174384724113 0.1790961213661561
0.06225302049991052 -0.02067813363786951 0.1539035116380489
0.06312741230104973 -0.030035073022160862 0.14938368436378371
0.0635809383719017 -0.033515045802345954 0.14866235376289597
0.06428947718141706 -0.036941543176290455 0.1485638359586315
0.06601841940726504 -0.040274013702020314 0.14921600678894478
0.06926366168739387 -0.043588737437511904 0.1514496145201661
0.07092635312140434 -0.04579130153130861 0.1553580899008875
0.07146689733096549 -0.047243128348254095 0.1595602550253637
0.07122196053051263 -0.04735855879561794 0.16208948386452599
0.06926234083406264 -0.04647894069131048 0.16333172075913308
0.06727822231009943 -0.04422165970821025 0.16372768257615047
0.06511903761626836 -0.040978356092020655 0.1640522526558929
0.06328825833146191 -0.037609972943057304 0.16489180742489487
0.06200723452363509 -0.03439111524071545 0.16598942295756516
0.06130877542398638 -0.03027489144903883 0.16718453351602272
0.062424078589679556 -0.02755631183971362 0.16728291185780006
0.06325057100751211 -0.02404447994577269 0.16716896968713058
0.06378391537728036 -0.021052607333507736 0.16658292952096873
0.06398623642768676 -0.0189367704976173 0.16560747940122106
0.064085320465587 -0.01759373733344661 0.16472973881487743
0.06382528710018048 -0.016799667085349308 0.1636756684154207
0.05935426039535609 -0.018611777398852124 0.15439636974519852
0.06377527335730257 -0.01666137241172165 0.1618103320717453
0.06222261044834118 -0.016473929549446216 0.1598571520364987
0.04939744239338592 -0.01721353722887778 0.08450339313108308
0.047877265096266726 -0.01272881155628321 0.08022284338712274
0.04739939089686409 -0.010640637787584867 0.07914987000120773
0.04702162766944676 -0.008755792797768861 0.07829372233679392
0.04707681689489345 -0.006329966726422643 0.07840169520818431
0.04577817160718478 -0.0019383603397935421 0.07841280564676952
0.04150472274193394 -0.01639615264214233 0.1265593479556496
0.06313060054745824 -0.018948117256020015 0.15669933820229567
0.09849051697792817 -0.030782042805482548 0.04378979904941084
0.10110700377219542 -0.028420521129110938 0.04933153844567289
0.105709351 -0.0227247095 0.0641484429
0.1197881356625409 -0.053031028386946996 0.06404132714040622
0.11926707899701161 -0.05593640282663593 0.06288698099499307
0.09738711602782056 -0.02381342128865478 0.03888940962989121
0.10108573658531508 -0.030300649101220524 0.0422273837939067
0.11465750147002893 -0.05020776186938919 0.056273710959181204
0.10102347626141568 -0.02108743523672478 0.04383797123856878
0.10544943425101969 -0.028449571189835928 0.046977021246159406
0.11587979977401501 -0.047291368895370514 0.057896311164051646
0.10913753767491471 -0.03430863161514372 0.05045468666316745
0.10530461609826058 -0.03837148206348251 0.04523687707836747
0.109094856 -0.0177499979 0.0573265062
0.111284596 -0.0226131838 0.0599013136
0.1132167 -0.0271440924 0.0620525799
0.10411975983940028 -0.002785052685879435 0.03156765220717751
0.10557423317298213 -0.010316943439764048 0.032291562691923306
0.10818184508766347 -0.014527497030104503 0.03223882269529247
0.109128842864223 -0.020687399249100267 0.03213179826891415
0.10836041022798228 -0.029795543980392136 0.03388890058598929
0.11225907952852744 -0.037393087290442245 0.037398709246223544
0.12100052654237621 -0.05119237351430794 0.04668194282127538
0.1275971547467881 -0.05680477991760358 0.05433573765642424
0.10644452717988616 -0.002872924633111312 0.03350895052193202
0.10718971230391666 -0.009693729962374166 0.0336060662836821
0.10949082872988945 -0.014503380258222894 0.034224445239711423
0.10939752486586295 -0.02070459853938778 0.03386150053765082
0.11070618016251207 -0.028855256143343236 0.03521733049418538
0.11474220045134309 -0.03626380929829349 0.03828900901491897
0.1233259118969692 -0.0493722948665385 0.0470316005789675
0.12874923346258052 -0.0557046014181783 0.054081898665493656
0.112707803 -0.00345619488 0.0375315924
0.112731086 -0.0101689662 0.0380310287
0.114231206 -0.014356434 0.0385360905
0.11594587 -0.0192409865 0.0393644417
0.116974997 -0.0268172452 0.0413490399
0.119693886 -0.0334390198 0.0429918746
0.127291199 -0.04538714 0.0480401271
0.130691863 -0.0511600729 0.0548908598
0.08850136669359876 -0.002586280625759908 0.03756138949244842
0.09039878128515937 -0.010393432547263317 0.038713465093966844
0.08706651187059956 -0.01496628204082271 0.04008094011093833
0.104679807020511 -0.06252858054870637 0.084538394621778
0.10492175122798161 -0.05995148309595046 0.08515956838384976
0.09131347317221936 -0.02080728362851651 0.04526784705482882
0.08952258474145955 -0.023389287432499312 0.040804494747151074
0.08597775155721239 -0.016274298525353285 0.03693302736500605
0.08347845877778662 -0.0026313553002467 0.03829326847777364
0.08339749047859196 -0.0027074880093554783 0.03617757607133753
0.08547878574594367 -0.010108302440051254 0.03903607728830985
0.08419122993693237 -0.011087216400848043 0.036339129968625976
0.09485806561871699 -0.03248448804413375 0.055111436040623366
0.09266269634124223 -0.03570932827932254 0.05047762710142467
0.09082069913920682 -0.026429317193134683 0.05135495082339743
0.0880630829539687 -0.029015221256870376 0.04498008100151714
0.08618017541351732 -0.04508342015949039 0.06754467480538444
0.08901817841004515 -0.042717547588664494 0.06977240597735648
0.08337493908969613 -0.033323452603350276 0.05225777794344091
0.0878846758807639 -0.03452551088198805 0.051110677843414054
0.08549830537680299 -0.030434039990656952 0.055867972543225224
0.0896762899073939 -0.03156116542622805 0.05534021976277689
0.09063484545994181 -0.046609198892132754 0.06599268922615244
0.09494976428688447 -0.0481025507366943 0.064109631421831
0.09295107032620999 -0.043784246653626235 0.06806466231925853
0.09681887322872676 -0.04501757226949263 0.06639644064459484
0.07924171794589972 -0.025754310104680937 0.04822533398356657
0.08342362040538158 -0.027675828537624247 0.0458465160341617
0.08145596836140685 -0.023458182739059717 0.051817367167282816
0.08592322393515847 -0.02519337679459296 0.0511681181971764
0.07466409132951116 -0.019112350009745337 0.04669748845195155
0.0793432446606027 -0.02080391848235775 0.043906299230131944
0.07645610615304962 -0.01762659838200465 0.04934817216506242
0.0813487371934155 -0.018787927549143577 0.0474068935999721
0.07048715452953519 -0.013398972170295058 0.04634255596717064
0.07545274395217255 -0.014167660639343497 0.043112283504054445
0.07249286114707007 -0.012801488339481831 0.04781501097062352
0.07701996606573427 -0.013393440022086195 0.044883126334995964
0.06874928063901145 -0.009859290900096573 0.045966530939456164
0.07351386122217947 -0.010120421209154035 0.04279810355751377
0.07073070700389249 -0.009267593833078578 0.047636002245566966
0.0751087920378148 -0.009527192925774147 0.04456570373641187
0.06707395748289602 -0.002785350887837373 0.04560304022697593
0.07143707109149897 -0.0028309619019027685 0.042637920817853184
0.06840747384561824 -0.002547675937970346 0.04725792904081654
0.07268123841966724 -0.002517342657357546 0.0444974942107027
0.1244774592154446 -0.056037793524482175 0.07639959685018703
0.11944662792876123 -0.058327792136544855 0.07857552432945326
0.11236778874719788 -0.06016016646885629 0.08169900463825087
0.12407621272236324 -0.06308079959619552 0.07424068797443369
0.11900098627267024 -0.06265831273949046 0.07736172163951603
0.11233819067470244 -0.0631496305738049 0.08065719499077442
0.086135182426791 -0.059287628888840545 0.14116785011401997
0.08214238171176498 -0.05928516494184871 0.13352558147517876
0.08431147173178569 -0.06261634188518067 0.14049071814024988
0.08099393777413029 -0.061692960572999896 0.13217526957055215
0.0790322412698197 -0.0561349233430871 0.12485137751854226
0.07801626461340111 -0.05818524962958675 0.12406141740628134
0.0915124998 -0.0530353094 0.145100049
0.090552442 -0.0513560447 0.13651442
0.088371441 -0.0446639562 0.129657007
0.07469826764627484 -0.05362048493713852 0.14712092617229428
0.07362876474059638 -0.05451445233203703 0.14690292597700963
0.07959939925396578 -0.05748688960569822 0.15149048398247716
0.0803295797001101 -0.0563105470184392 0.15180083157680047
0.07561430986350777 -0.05625664967425789 0.14530719317777807
0.07620650192247663 -0.055043455193244537 0.14556413643602092
0.08208197486341307 -0.05817992417977075 0.15932815799248798
0.08290277239176447 -0.05718919342618391 0.1593197904321921
0.07743458386482917 -0.05626364783754328 0.1530418895409991
0.07827266575620334 -0.05548252290115239 0.15322769771814124
0.09350705849605428 -0.058366860521721894 0.09154907029830074
0.09887136301737488 -0.06035145965290429 0.08845940846365585
0.09649361101057417 -0.06752242156710868 0.1150630510000121
0.10192823889723077 -0.07088961503938519 0.11239013305652293
0.10003576577304028 -0.06887581147890072 0.12604440603480743
0.10503978956817278 -0.07259108894287093 0.12403302991041693
0.10314633398727349 -0.07063236134864975 0.13612649570847662
0.1080242804277259 -0.07382272909110144 0.13459361622135912
0.09956329835567436 -0.05825992531768374 0.08866277885588483
0.09434330913365836 -0.056492846374299535 0.09193583778862902
0.10311550132162584 -0.06790485622471729 0.11313268504664609
0.09797653998795532 -0.06539419510626511 0.11545050836187609
0.10576938468241151 -0.06987266351202788 0.12500418247493575
0.10077983330691165 -0.06695225015386161 0.12686731340467267
0.10871129889868296 -0.07098412657490731 0.1353973265131645
0.10348305986924818 -0.06853047975174709 0.1368873627435581
0.11604196658997276 -0.07267826221840117 0.1794385677737728
0.12180143565479569 -0.07409884015355041 0.17901767089797746
0.11650631104408819 -0.07106351733918352 0.1803083138391521
0.12195401416735295 -0.07283134662354498 0.17979964967711076
0.09470213325100967 -0.06459762082786322 0.13922349729942074
0.09377322462586293 -0.0666537329271312 0.13855340985612047
0.09180230377400997 -0.0630726737306541 0.12994096014762743
0.09094059811900657 -0.06468666408951299 0.12934371902568478
0.08880784529106714 -0.06074805779134979 0.12004761711958811
0.08783540816464071 -0.06250536960716856 0.1194819675498433
0.07958899441391505 -0.04899696691386299 0.10015349137942296
0.079350594031774 -0.05018850337286296 0.09969729621081323
0.09957637465129221 -0.06720414556012734 0.18078724311460945
0.10507390627093063 -0.07007205356368433 0.18012957239264116
0.100549515 -0.0661152164 0.193806999
0.106434941 -0.0687339325 0.193603114
0.117944037 -0.0731095366 0.193466301
0.124171245 -0.074578448 0.193308125
0.101319931 -0.0651860893 0.194173689
0.107107971 -0.0675507616 0.193902823
0.118330185 -0.0709492306 0.193944896
0.124408991 -0.0727700344 0.193885301
0.10040520534040273 -0.06459036805767494 0.18153973995865205
0.10575365024974828 -0.06721716866292125 0.18139827090305455
0.09047659046088247 -0.05899413648751988 0.18281568416943275
0.08968418930284634 -0.06157668853839998 0.1823941761738762
0.08230869750492946 -0.05527919121076169 0.18220742425135197
0.08071878209499385 -0.05576004429296724 0.17471316236330173
0.08184641615297415 -0.056998198628582714 0.18240236435773383
0.08013086980130138 -0.057259277748646364 0.17483073355565282
0.07832614172858193 -0.05541108325148425 0.1655046972242051
0.07743385776009264 -0.05641283100207542 0.1653018341016967
0.07233457402259331 -0.052507920838621526 0.17748379768956216
0.070878396599405 -0.05175310039850512 0.1752945326145189
0.07165243031163161 -0.053811820439935786 0.17762736489838285
0.06996581833513407 -0.05286241024178421 0.1749033555556994
0.07390606880477744 -0.05177925634898628 0.18409565122952143
0.07319164508754308 -0.05301697377557668 0.18438949810669883
0.06580115887486272 -0.045825124978923916 0.184559287299767
0.06501619286171242 -0.0461306782263128 0.1804406288008147
0.06467813457583835 -0.047390800793790835 0.18492961513674755
0.06253187559954239 -0.048011658233610026 0.17914451515991114
0.0642870805541795 -0.04501288288124714 0.17790207707978467
0.06240636720438584 -0.046654191826533416 0.17690774291297653
0.055028639490982925 -0.03266655256218716 0.18673251559109297
0.05674343081320362 -0.03132248855526586 0.18632498493472022
0.0579074238 -0.0261303027 0.195433057
0.0567394266 -0.0269555816 0.195991766
0.0631089236 -0.0356515702 0.193717151
0.0618023248 -0.0368996185 0.194415476
0.0678369232 -0.0447339104 0.19365821
0.0668810604 -0.0459508885 0.194294179
0.0752830515 -0.0507657232 0.193762686
0.0746472989 -0.0519346249 0.194407402
0.0833377727 -0.0552134163 0.193714467
0.0829064075 -0.0565160704 0.194359518
0.0919173196 -0.0584684754 0.194614513
0.0912822442 -0.0598907437 0.194134543
0.0459708826203494 -0.019952301409936913 0.09842597007521836
0.04710098352589385 -0.01839056644515884 0.09665868804837352
0.04510631993399156 -0.02068891926089853 0.0980649821071705
0.04669309306203174 -0.018340806031784375 0.09547112715603641
0.04891967452872588 -0.018054327601473664 0.09491232828840829
0.04900348949291849 -0.01873325117999536 0.09482382116544756
0.04989229211984079 -0.01674198692301924 0.0939967708342653
0.04912199841283041 -0.01673806638591955 0.09092111587908648
0.05095638272064346 -0.014551064733778037 0.09081997646096501
0.051925149484562776 -0.015694297509473435 0.09399911726669538
0.053087561320457693 -0.016253908448777752 0.08829842503642969
0.051283093262212795 -0.018269039558104428 0.0875948128869359
0.05433074548764006 -0.017166621176065964 0.08991018631183596
0.053048888987679496 -0.015999209181137227 0.09311799663989027
0.052759175292949614 -0.018425433023506608 0.09040731937130443
0.05073087544200788 -0.016851992775960205 0.09325450628536622
0.044287466273155045 -0.018730956008724063 0.09914065932775719
0.04554409193867677 -0.016787704875193286 0.09695215188601318
0.04315318990248365 -0.01932763287667231 0.09867372719754022
0.0438406997925467 -0.017537255336277455 0.0955683714437738
0.04702513101347697 -0.02071462797856564 0.09812048868376842
0.04816422308091262 -0.019841528005647095 0.09601267224669609
0.04623800971868263 -0.021161021569950804 0.0976462787113156
0.046942734876467745 -0.01983356203016612 0.09517990081225268
0.050398370442826544 -0.016647409973074182 0.09622517274970857
0.05098586076862248 -0.015428218503719789 0.09729201647584902
0.049153890053765505 -0.01802924118785178 0.09457263537713881
0.049488195611373784 -0.01765800300357991 0.09424163823159137
0.05169092969242836 -0.017710713952731088 0.09541521745789618
0.04980414563094818 -0.018773571825775156 0.09544343038103009
0.050156693194271386 -0.018731922855622144 0.09685258069242297
0.05137731279656333 -0.017787025649753634 0.09627629471071338
0.05203092515816986 -0.017756241211127545 0.09476089409228368
0.04958549463886267 -0.018660573473177094 0.09511325072445134
0.05010625284057396 -0.01864662402007055 0.09440388735533915
0.052709187447962214 -0.017636852481988638 0.09438174358586733
0.045302728951388954 -0.013679680003239542 0.08612479519421835
0.049005466382787466 -0.01133248146633965 0.08704014086874208
0.053802113967425395 -0.009277119852890783 0.09083354919340955
0.05821088200720688 -0.011417336170730255 0.09328723715977986
0.051668909930668847 -0.0033743830245438994 0.0867573226140575
0.04645999117268092 -0.003622015285474532 0.08327218086033923
0.042335351930029186 -0.0041847871938106304 0.08037877291915131
0.03791515048491865 -0.013545560081940782 0.09887504576386551
0.04077946686268427 -0.013136619127601923 0.09833617614092977
0.045155165616225706 -0.011699855560070483 0.09994311359203581
0.04179097823839232 -0.014565871517445865 0.10170237086412846
0.03928288046399326 -0.015101276298992926 0.102836816297504
0.05165109398520255 -0.01015210614194759 0.10447564077640867
0.040862162096593616 -0.016059608216591675 0.10494250014118897
0.04190061136852239 -0.015962480112529886 0.1050736177677769
0.052564258222075645 -0.011922395746197053 0.108167444795274
0.03965356748504542 -0.012214216862253336 0.10028176171068545
0.041217914549165235 -0.013869886880093859 0.099782195096338
0.03705984279119831 -0.012438083299008775 0.1019549970990932
0.03834989811256239 -0.014445297302442319 0.10038873986311118
0.04452563637329964 -0.01022550247954684 0.10080146179114044
0.04577040101481327 -0.011811243471451863 0.10106234176333549
0.04342691939887833 -0.016419868634198576 0.09856426973517436
0.04096556057255989 -0.016289825522130444 0.09858921628985347
0.047264164999638 -0.013605648199455818 0.10071769890753056
0.034422114362259414 -0.008131992366568325 0.10201129574124247
0.03715352963462828 -0.007417557209168502 0.10087426649851287
0.04089576177146665 -0.006647578871587667 0.09939648833012801
0.035832299674094174 -0.01024296997871744 0.10352305542394283
0.038322372956755356 -0.009919073591162777 0.10175167444943418
0.042910937580166696 -0.008594044103644925 0.10061594036188301
0.0433101091961799 -0.01853805853280099 0.10866358415057059
0.044635928212732344 -0.01870725267366283 0.1092863602920347
0.055584887619011855 -0.014972704558619392 0.11383001683775962
0.038049435441505734 -0.007930293430175518 0.10406696990791546
0.03584813658870965 -0.008686139371946174 0.10610457126251024
0.048126912287836554 -0.005911032760232147 0.10200140294325366
0.04141643715784871 -0.006426754363490728 0.10047283779779745
0.03767320109603028 -0.007588887724606732 0.10253181233654356
0.04088064134213752 -0.0037866007441046353 0.10018161844077725
0.03673367738413152 -0.005281218461545368 0.10245404488485792
0.03532494260479635 -0.008711637870528824 0.10423209698991755
0.03407772211216699 -0.00653209049364451 0.10457075563065878
0.038928706138587316 -0.007730343560882994 0.10860381596081754
0.03728370661040617 -0.008775188232090201 0.10898083306951839
0.049611993475430015 -0.005995213775390917 0.1058319505689639
0.0403735268572001 -0.007988463175937842 0.11212872768860513
0.038207119354258204 -0.008083927077154244 0.11286185442464539
0.05115693540631313 -0.0062964892477127485 0.11050075336777307
0.04521846849906803 -0.004062735665512924 0.09944348728700064
0.04436810442423082 -0.004002937921286591 0.09831646861705659
0.04347847095032648 -0.0032945627471974845 0.09709018711149324
0.04296812577015839 -0.002998474035533176 0.09626025770048122
0.04064309935217535 -0.0033736181100862098 0.09492377373477517
0.04698773130585468 -0.005626148305944503 0.10034870032702824
0.04603489017181603 -0.005530413580563959 0.09892170952916109
0.04528827327332134 -0.005486390420084873 0.09797894473280575
0.04430201923756121 -0.005263908541049425 0.09703680367623331
0.04189390663907347 -0.005223505730801186 0.09548226033279214
0.04371718334802931 -0.006420491081935189 0.09604816638208269
0.048714006542010184 -0.0069280190491227255 0.10117181757125435
0.04776492795115868 -0.006799321657571226 0.09981664983762142
0.04675310935634201 -0.006739076924677063 0.09867700112878348
0.04604983784790402 -0.006557837530824867 0.09774806738268554
0.045016220268390514 -0.007741496606583682 0.09676761724028224
0.05015971261020173 -0.00873824812884628 0.10237106636527274
0.04927694178149315 -0.008490066318119572 0.10102993028857325
0.04847587748371907 -0.008188357727751788 0.09980871230168112
0.04759636626109256 -0.007986501786407932 0.09874533702166888
0.04738206689410321 -0.008804741848603026 0.09787231612019665
0.05142392896693223 -0.01005550566959312 0.10297090548641598
0.05093628248834326 -0.009765752658081077 0.1017760624507388
0.05010640355138671 -0.009415147454753976 0.10081826480516237
0.04931785403886703 -0.009203677519575976 0.09980525979087584
0.049911865945316575 -0.010546435847111962 0.09882722792606208
0.05223957924556404 -0.011456506756565146 0.10307484768863394
0.051872005632148666 -0.011206775056171335 0.10187328565595292
0.0516577085349045 -0.010886589996913243 0.10105853838354462
0.05133021597087507 -0.010504839457188123 0.10035227617525623
0.05294400952309731 -0.012337481170929273 0.1063755788257174
0.05208450360185659 -0.010682715885514777 0.10605251464498917
0.05102013790870947 -0.009021334621730026 0.10593399109643784
0.049863589670790145 -0.007209571844622024 0.10399594293230387
0.04910819258365995 -0.005484848749987306 0.10311900964112686
0.04749161512415303 -0.004265368010017897 0.1021974600648407
0.046502731166438216 -0.0030944751159188316 0.10173513437268289
0.03600790294462113 -0.003105524689967563 0.1009799660155713
0.03275754433468902 -0.0034755728710291985 0.10285349221562311
0.03520615596693925 1.3443689087767038E-5 0.10116019661380664
0.032144880354983446 1.0993836935290268E-4 0.10265374607918248
0.03915355797024793 -0.0019995942475641297 0.09922090343606718
0.03832836701453246 -0.002127851759256032 0.09776243753797081
0.037764949656452995 -0.002175217762662461 0.09660456032954919
0.03720867214696669 -0.0022632024731532685 0.09538705172503868
0.036635828306811676 -0.0021998711881945827 0.09414240718415642
0.039857319907147144 -0.0019340606771726975 0.1003135249829138
0.04485433871465287 -1.3999005952788863E-4 0.0996585668819751
0.04609259368093018 -7.154658984996936E-5 0.10119887676445215
0.039494135508312496 3.7372052812538325E-6 0.09882539381362901
0.03875818183003166 7.816624392491152E-6 0.09752069206919223
0.03785258097411549 1.829981011536129E-5 0.09640332838123987
0.0371804644227969 2.7892440685269136E-5 0.09522431846469719
0.03614413711380757 3.992591815987365E-5 0.09424875656981234
0.04022603931567802 1.0170017820972558E-5 0.1000465886823539
0.039312476716204504 -0.0011386322305899181 0.11297910950645969
0.03824701604315857 -0.0013217829190798906 0.10884794636843198
0.03713237678134253 -0.0013413922090989283 0.11439458068718243
0.0367380460882817 -0.001640879220240837 0.10953938536920907
0.04991362837088476 -0.0017751654477974445 0.10885745862612528
0.0488511338636387 -0.0013149443275995818 0.10459801882568286
0.036227837728499426 -0.00136153899406993 0.10274609307078367
0.033586277159091696 -0.0018824536256763526 0.10458642656754077
0.046532752877001315 -0.0015009147191238745 0.10126215340749148
0.04545890869557196 -0.0014064638750296064 0.09982120158322985
0.035408912530757 -0.001320751619992169 0.10023066510479121
0.03226353434046033 -0.001779419950508808 0.10252159807685199
0.034929223425699 -0.0012308325988989878 0.0993666262105883
0.03141949832919428 -0.0015300848055710024 0.10102127905507072
0.04023169211458011 -7.24494071622747E-4 0.09999298306955218
0.039487075410794485 -7.5134964018812E-4 0.09892217812421016
0.038552247621759766 -7.930275252460116E-4 0.09739469107426671
0.03796035405548609 -9.106256970439509E-4 0.09623656108874915
0.0370834901768528 -9.882237021140875E-4 0.09527805624724425
0.036159614392123805 -0.0010578406782757413 0.09426149081641817
0.04230923480209258 -0.0021347142534616087 0.09539799318013177
0.044582711167401465 -0.002757948132942638 0.09881573966878306
0.04360886823248223 -0.002230127209160424 0.09743854656552486
0.04301447452576483 -0.0021367309809311908 0.09650951576903961
0.039732898117660245 -0.0021997510990771694 0.09457878829545915
0.041660598302231504 -0.0011867508684946482 0.0947537224379544
0.044433283315835195 -0.0013575671124050448 0.09873507809863367
0.04317906491504018 -0.0012631690564963592 0.097128268679602
0.042526382043017646 -0.0012028025034417301 0.09604624836773352
0.03884695578422141 -0.0011695172765383286 0.09376895239144341
0.04070181945556314 7.259054888823314E-6 0.09476996208119719
0.043717924845308266 -4.1321460863224813E-5 0.0983993783566929
0.0426545990229593 -1.6325229121735945E-5 0.096833575179887
0.041730480080972285 -4.482853969430881E-6 0.09585491239262992
0.03898058862939993 2.4964020548279414E-5 0.09380392173173878
0.05294663012927272 -0.013556993363502981 0.09761039090899845
0.05572068967219674 -0.012783494968188399 0.0960996813972589
0.051695288090651076 -0.014310460969232105 0.09838488385900775
0.05843349534245826 -0.01295977869294064 0.09523717253271932
0.0599143532295542 -0.013745529984073473 0.09444227762378501
0.05148402599635016 -0.013519425350048426 0.08491235797730609
0.048384420229963046 -0.015132938644679959 0.08195233637915328
0.04962587341026136 -0.0031429643268806933 0.08138999593750963
0.04689020557097598 -0.00396813617067504 0.07865928225028354
0.05811724926384228 -0.01151180585609527 0.08993480675301262
0.0602671558854476 -0.013860222042694496 0.09177177867466738
0.060459279304427134 -0.015398925835956626 0.09279770125786761
0.054068635134366314 -0.0034833305740245217 0.08564393125138463
0.05475470887852181 -0.0181615370003989 0.09146784847754907
0.05379837118125553 -0.017664545205439544 0.09366591379047653
0.0531366875952628 -0.018784333445124222 0.09176321615244755
0.050781072375765846 -0.01868646293707442 0.09362159873899281
0.05239413310053522 -0.016331080745778194 0.09781371528127158
0.053764353100083845 -0.014429182021392309 0.09782999977121112
0.056324446327573004 -0.013933514585619824 0.09693827519887656
0.058541025699516656 -0.014211808668021388 0.09616026114437205
0.05972383499930557 -0.015302683612544127 0.09505702062361651
0.06402998030380669 -0.014700618451097512 0.08927925228500024
0.05470001854773665 -0.014805230466421905 0.08137032200589897
0.06037280479799652 -0.01677663454700915 0.09432776186819404
0.050426170954249755 -0.02043446544160696 0.09332061170220238
0.05326345681714691 -0.01929066163993488 0.09407746018457303
0.050359119587679316 -0.020454304912323733 0.09363160588704687
0.05255828269912643 -0.01949736318710488 0.09450455558908735
0.050505142222335216 -0.02038036023999726 0.09397316596986535
0.05289754274476318 -0.018769633060628975 0.09512119940572508
0.05086472272320638 -0.020100567587869735 0.0942226721047344
0.051544886247291956 -0.019516351794323355 0.09505838392409081
0.05361704616090434 -0.016655350551971797 0.09743485216187593
0.055045439118126906 -0.014833259777641659 0.09821489081499102
0.055848140658252554 -0.014638474560894352 0.09838686768738544
0.056944581693574046 -0.015229453331168095 0.09790188019294084
0.0592083059835176 -0.015505653880672064 0.09669547907171036
0.05998909890861517 -0.016898144747296596 0.09649122173512187
0.04493159840635716 -0.0178746667802374 0.09810482335437182
0.04391849651415743 -0.018328730043266166 0.09705448002103172
0.046387626343400844 -0.019021113604814035 0.09759005143671601
0.04760380384706531 -0.02043858050307496 0.0968492310649583
0.045786502429892816 -0.019523524529673722 0.09679911296021669
0.04669607324192547 -0.020623042151223694 0.09630462087503992
0.05105269269348365 -0.011911713933633578 0.09908728092077834
0.05193330971258077 -0.011927626358692855 0.10054693333617329
0.05201127953620583 -0.011945981796184819 0.10123377169921477
0.052088731447813105 -0.012149458553554062 0.10201308720996949
0.052440425093111406 -0.01233473394121602 0.1033750340622688
0.05287263400127417 -0.012595350052533774 0.10500105052278189
0.048317821259350933 -0.014677894398451291 0.09990602246843285
0.048455028432632295 -0.014997697896966857 0.10078724775835272
0.05333591116408474 -0.013553603295044027 0.10608007311032719
0.05168567474281054 -0.013210103974628642 0.09868609965662366
0.05225725530558074 -0.01278035548154223 0.10036919093453907
0.052404795918453324 -0.01297349984548432 0.10110115910248953
0.0527792377361794 -0.013575824977665768 0.10214510502578565
0.05382980716149582 -0.01474305093847161 0.10374869473340487
0.05458254021380949 -0.015178504376652555 0.10505313723693017
0.04981325990704182 -0.016091795059254177 0.0997674647291159
0.04964342802691853 -0.016478745924132107 0.10064117588128266
0.05496416664561172 -0.015767049309139757 0.10568623292029987
0.051997308519806766 -0.014536680087434107 0.09850654354488929
0.052790930805773004 -0.013499905706675879 0.10006546388179163
0.05314627967373969 -0.014021755834481868 0.10104823759711692
0.055018631886305285 -0.015842747309862033 0.10272157775729653
0.05683801127831123 -0.017330978436846254 0.10419720779297069
0.0568258337532314 -0.017577916104562327 0.10484087726849711
0.05096290787812665 -0.01766192697388483 0.0995171832746717
0.050996698592856056 -0.017759529937748143 0.1005049434939684
0.05695821793681668 -0.017874498299891534 0.10525833647601616
0.05118759210391004 -0.017362224607508272 0.09872963159662697
0.05153984294293349 -0.016864181022149673 0.09827176055792658
0.04941123081424396 -0.018270989749636157 0.09496610211723751
0.05033104501274266 -1.0543750996901838E-5 0.08918411326045035
0.04836012787591856 -1.2670755574430805E-5 0.08994065109986762
0.04549137489672257 -1.4557331642679566E-5 0.09250771617307786
0.04328815305089903 -1.4358538149952068E-5 0.09311113186624721
0.05585210591755831 -0.0019168574401068933 0.08734657564040565
0.053380918806593805 -0.0017245914895534671 0.08906032200940042
0.05196256588940169 -0.001606783800837972 0.0902375378665595
0.0500957963906369 -0.001618989482888469 0.09126553168672008
0.04647982750092549 -0.0012922632836114166 0.09244734830662493
0.043293780401497096 -0.0012737525777129213 0.09379490540108099
0.056301905871808985 -0.003985765999246706 0.08794097288566768
0.05431678721511058 -0.0035013796098161917 0.08953995975871756
0.05251849811681438 -0.0032092797053174475 0.09025256438817876
0.049984373364361484 -0.0026348977121949156 0.09137002165447924
0.04641393270025245 -0.002350676018574024 0.09333902118926964
0.04221596645716294 -0.002868805129047501 0.09408841243286806
0.05682923125325433 -0.005634745103847134 0.08798532640075997
0.054936865643022526 -0.004671235162335257 0.08997144037411711
0.05293343058180866 -0.0041260388847703085 0.09086549620138192
0.04977255603693799 -0.003714586533877273 0.09205466348855249
0.046303079322653054 -0.0035585019418862356 0.09366449020284345
0.04204250372171481 -0.004239345285088725 0.09476052500907807
0.05722772613163832 -0.006241475175050365 0.08804175629336157
0.05535566799270054 -0.005568678939835367 0.08982367444751947
0.052609566644840317 -0.004496659499686362 0.09183596443846348
0.0501040871846513 -0.004561764434745587 0.09269887600111437
0.04635768766670407 -0.004667936711456802 0.09428698680381274
0.04280417595341662 -0.005699719585678085 0.09586814087667543
0.059344814353731234 -0.009481145264108965 0.08885509145289082
0.054557231691810676 -0.005358765330345945 0.0910839756877143
0.052331136722111794 -0.005583371549211682 0.0920568961152639
0.05037113270195434 -0.005117941350277116 0.09320442728282691
0.046827438155860594 -0.005486717266149762 0.09499628893816127
0.043585543233647016 -0.007302820676012813 0.09609168431479834
0.05938092154890233 -0.010455457444243182 0.08962759910924786
0.05459891125970203 -0.007088990913878985 0.0911737261951504
0.05274566078997077 -0.006621694342372504 0.09219321079878197
0.050918109498815596 -0.005789948492117132 0.09360179851789625
0.048016691180291074 -0.006430722524335184 0.09602275032079939
0.04427022241611058 -0.008776056929428457 0.09640731105344529
0.0599422622133525 -0.011635277124856219 0.09022649070324651
0.05638991925094741 -0.008477423147553344 0.09248522032270194
0.053978764138361175 -0.007910936521125872 0.09304800010755189
0.05233926308319138 -0.007176867953084491 0.09425781875465196
0.050253763150158656 -0.0077985861540413905 0.09728288673649431
0.04809619186900614 -0.008980215401691036 0.0985652862760961
0.06088296166858958 -0.012613928736320532 0.09108515120042106
0.057792926125143945 -0.009688718633583901 0.09302332505189526
0.05553364114696544 -0.009207763034542885 0.09388355016831477
0.0539716915436358 -0.00852796510364913 0.09514352449975742
0.05226041681432043 -0.009434536937136116 0.09853088636047606
0.05056143301881421 -0.010429655176032162 0.09907994772082497
0.06185361903463939 -0.013686341104331702 0.09225751176826444
0.05927679361064297 -0.011501572785997357 0.09356903532789329
0.058094031681762186 -0.010042147810376887 0.09498794024000103
0.055401925710657204 -0.009418394164075273 0.0960412208833589
0.052909753270494526 -0.011295364379403497 0.09871442211123586
0.0516206451562423 -0.012283021935492798 0.09926065751984411
0.061875428989878266 -0.01544338049938288 0.09324651767545784
0.06098838566760977 -0.01287799409845241 0.09496447566804223
0.059195064542174526 -0.012098067267661456 0.09611386049661234
0.05632862693500831 -0.01117676366541114 0.09710753097789483
0.05331800982933731 -0.012754057501189334 0.09871860550272717
0.052472275873011426 -0.013536069834235345 0.09912763378179093
0.061766605485301364 -0.016276351954525353 0.09483305370446142
0.06072018265819149 -0.014214049646248209 0.09562440727741743
0.059306079414460394 -0.01332806292932438 0.09691687407151547
0.05699441183301006 -0.012796593559840424 0.0982134461349746
0.05420954745527368 -0.013114099861109034 0.09902326584509137
0.05304755891217434 -0.014204174915165768 0.09954576202947962
0.061263903682438406 -0.01571372133404522 0.09715455055681044
0.06056534482616408 -0.014753558079826794 0.09762193685677789
0.05956649938420831 -0.013882276942415166 0.098747851596554
0.0577954643668077 -0.013261176717334155 0.0997745489875952
0.05606071146232861 -0.013228433700559766 0.0999176295696107
0.053881995632270904 -0.014551457692678587 0.09947380417396877
0.05119370964784889 -0.015296951987809263 0.07789112741610262
0.059594103541569285 -0.018468258260229985 0.07900865998901387
0.05519332775140219 -0.019350941621252195 0.07544324160340145
0.06100402119634902 -0.020828662441270643 0.07293676187356721
0.058794260268591046 -0.021653869816604325 0.07257060337840303
0.059785023113104456 -0.023717815636698385 0.08334537721708592
0.0627044364046695 -0.02691037970874369 0.07753500446434834
0.05810497129994252 -0.024981438010678144 0.08121106231454203
0.06115543563412576 -0.02768058487494023 0.07705972925778977
0.055520023312149475 -0.01981525322743153 0.0857620752337589
0.05393295289310483 -0.020688096829098994 0.08412765992615538
0.05608986591087922 -0.021047684219694544 0.08747120867384228
0.05959364391717624 -0.025197259318863158 0.08504763440810786
0.054022652905614775 -0.021983940941929188 0.08611481208309206
0.058333405676023097 -0.026508197700210005 0.0830513078325693
0.06312694904968179 -0.028985899034398445 0.07942706743786601
0.061523217147369504 -0.029633532045493214 0.07848833340569955
0.0597326476289163 -0.022166687883627117 0.0819264379029542
0.06282722920650718 -0.025822085025207057 0.07596822816327117
0.05764458080460044 -0.023608748656165492 0.07943454981001638
0.06072580496782949 -0.02596207572430072 0.07525445848652941
0.055150163271875975 -0.018506120798906456 0.0841696946681204
0.05356370579414963 -0.019345948140234173 0.08221594024344743
0.06466168257550851 -0.017095444056736343 0.0938913898696804
0.07162147337119751 -0.022055269524202017 0.09293769893960216
0.0770562245608686 -0.02433394266920951 0.09100853187451183
0.06473440273359546 -0.01817206412988466 0.09537105249700863
0.07205486132509838 -0.02189940328207409 0.09550245083168572
0.07742529404381011 -0.024728254125025106 0.09445315601655462
0.06432431433132804 -0.016358794129404455 0.0921755443572275
0.0709316790381147 -0.02100011901977103 0.09109194851343015
0.07592970673373395 -0.023368052710590708 0.08831197846095482
0.04996446133337048 -0.018402124522290144 0.09443482250999113
0.051999826238322576 -0.01710910012603671 0.09612440980978662
0.049789300431652944 -0.019192221931901045 0.09441243380984596
0.05211058186364962 -0.017378324411991487 0.09722741475029575
0.05345406280518909 -0.014076193329016237 0.1001620173631569
0.05232515384003309 -0.01470033340517929 0.09829358022281831
0.04977161819594579 -0.018825392337281 0.09385694100763059
0.049763870464375075 -0.018685773423404 0.09399358881809074
0.04938585348139799 -0.019984612239130475 0.09450852745395846
0.05204796701259197 -0.017842831180333047 0.09784788116157817
0.04931444971244052 -0.01944227643266928 0.09372437284668922
0.05388618597352138 -0.014568422744534999 0.1009349144677987
0.04899427526877787 -0.020712138611727247 0.09478368609886642
0.051892285010305454 -0.018148196093667152 0.09855402493954042
0.0484215257582123 -0.02034129679761021 0.09414043280625116
0.05594819651390195 -0.016533589308350295 0.1024827884982587
0.04871047825008622 -0.021400753888300858 0.09550462547955449
0.05203361139730902 -0.018246379151688308 0.09956512490585068
0.04781346097119155 -0.021101783846214958 0.09462542223420133
0.05779476701479246 -0.018427843139849385 0.10325922309714602
0.04844809949695478 -0.0218083807959534 0.09648973558015747
0.05223494925917383 -0.0184908012577252 0.10047906541506113
0.04751800701322124 -0.02187910505614422 0.09570841509955655
0.05819041252687949 -0.018851355117702168 0.10357271803182452
0.04794513498481749 -0.021770941320272047 0.0975984981567485
0.05841149491302872 -0.019143626579287046 0.10413917503055008
0.047391633709983304 -0.022323180759358168 0.09684631953379894
0.05074052180706164 -0.020484101254835598 0.0946074045579414
0.05352707594481245 -0.017088126490598696 0.09788273994413621
0.04999202970672984 -0.02088471106224452 0.09393396860144784
0.05486246168931896 -0.014790449848288522 0.100441001888779
0.05015968042343853 -0.02123761046110618 0.0943008378893459
0.05343721001304991 -0.017391317768427752 0.09814633028219871
0.04958040059581883 -0.02126480171404675 0.09387024817080787
0.055512067044844536 -0.015433610068218861 0.10095805071122138
0.04982526825273119 -0.02171718872325159 0.09435757672008296
0.053727816510601024 -0.017349427495933985 0.0990889147831636
0.04907626147302614 -0.021601799243605932 0.0937829376074972
0.05703717014852547 -0.01731471921240255 0.10196233212821465
0.04978996350288888 -0.022226795646690608 0.09493147017141068
0.05413891549625079 -0.017938643686231954 0.09965585442673695
0.04890454422934887 -0.02220111785167657 0.09404511280083103
0.059225369205269746 -0.019250368317394642 0.10249500920746521
0.0495988118756734 -0.021266583763005005 0.09285211223218248
0.05141967536099271 -0.020983284145460922 0.09358282740085826
0.05675012075164598 -0.01622890506251903 0.0995840742672686
0.059500254938004545 -0.016108784410094404 0.101274506476706
0.05010559517796802 -0.022529363423218915 0.0961461230684883
0.05556771300250483 -0.018635015927831535 0.10044557390638768
0.048996952986756076 -0.02312614172256004 0.094686718632252
0.06028845026061054 -0.01993008599879515 0.10318790518123971
0.04982361338953894 -0.021891436360597 0.0919491355294982
0.05173875495325814 -0.02168398314147316 0.09290649154231143
0.05701445194163838 -0.01626641327588394 0.09983165824277328
0.062350598637018494 -0.01858286311150658 0.1012229226866521
0.05050820115528383 -0.023046336046349116 0.0970868447662417
0.06040607326764399 -0.020034578398251436 0.1033628232083694
0.04903076741826299 -0.023490041654724354 0.09548932353362824
0.051245278646661535 -0.023187379818559405 0.09095469313810382
0.05313226704858023 -0.022441415991444696 0.09259213285758829
0.06216193904810847 -0.019276642178989657 0.10104830303383636
0.04376295334405599 -0.019591401462319344 0.10169728699829177
0.042761748796018496 -0.020239793221003385 0.1016724746547702
0.04576629983489748 -0.02028014554578884 0.10092573948421045
0.04460227907335925 -0.02142715062653449 0.10026392454719311
0.04762131133089773 -0.02107182459580767 0.10070553771586303
0.04606171092783267 -0.0220492270348308 0.09957417015785403
0.049238340034306535 -0.022185964761365126 0.10000622061172541
0.04753428787653512 -0.02347094713047159 0.09827059873317617
0.05475724150368787 -0.01525809227918131 0.10788112757753582
0.056270001131641614 -0.016800484299628972 0.1073193132885484
0.05781239956607973 -0.019129733828072214 0.10622214359077212
0.058986223177130134 -0.01982940797187071 0.10572442064985338
0.060914208648126064 -0.020281023787094534 0.10493480406348007
0.050508688799124665 -0.005125913262299864 0.07590598531011955
0.051193941190862964 -0.004973879196404837 0.07233377684367008
0.04986344696292817 -0.005172312028001206 0.06801317869788945
0.048845441482228205 -0.005607603236758587 0.06483230045128384
0.049020373161485435 -0.006106709181895588 0.062311433796773875
0.05036659362657748 -0.006364901638001341 0.059188862611725936
0.05311850782307718 -0.0064382005308754615 0.05434733272333055
0.06287098469395165 -0.006029336081653368 0.047964315530956855
0.06768617121559059 -0.00579741816599739 0.04597318749052281
0.07215407891747522 -0.006091773537232166 0.04263657296412981
0.07767843539222145 -0.006135200395337754 0.03925913131031713
0.08355517869794986 -0.006511826802263396 0.036137295022230904
0.08820407395922472 -0.006756633701927629 0.03491666768396438
0.09159823733995397 -0.006904783554860334 0.034419776099802804
0.10749399996049236 -0.006357548868698253 0.033607911095057404
0.05301707844621333 -0.0034105786933500415 0.07850546115833552
0.054111663025070894 -0.0044046018325347575 0.07344380265233391
0.05258333231813021 -0.0049148808716821205 0.06890561636498695
0.05122624139878692 -0.005307255862319846 0.06517540911790465
0.05112657502487941 -0.005834874045823135 0.06293977362863136
0.05242655665219582 -0.006004237418210392 0.06107153061179325
0.0557408117296445 -0.005942420215375877 0.057385079227778406
0.06458068289885179 -0.005626097531092522 0.05022253827606784
0.06916731541547794 -0.005749209219448252 0.04742322266456284
0.07337327684734683 -0.0057850721639522654 0.04420249116578354
0.07833040248766364 -0.005916791945825253 0.041116686568839426
0.08402038290765365 -0.006004789106205889 0.038450714003385456
0.0889659966338023 -0.006037994923196392 0.037679903974792595
0.09385167248090805 -0.006340036794710609 0.037658436661575576
0.05978935394468268 -0.004602899160957594 0.08378914110717134
0.06217082791772093 -0.005016728454915416 0.07914258350938383
0.06350157335595524 -0.0050933403038835225 0.074542583642833
0.06375985152648207 -0.005033389485517087 0.06986571051917889
0.0638349383 -0.00506651384 0.067130557
0.0637772542 -0.00496064089 0.0643099836
0.0636194431 -0.00467075976 0.061077004
0.0687089123 -0.00552398616 0.054571133
0.103647418 -0.0055243004 0.0522292859
0.0875512304 -0.00562569855 0.057146991
0.0744824568 -0.00278186308 0.0567282334
0.0817633029 -0.00246760719 0.0570743489
0.0918479291 -0.0023308376 0.0560342042
0.0965610321 -0.00231162843 0.0554299875
0.0748288749 -0.00532100669 0.0563278518
0.0811973294 -0.00574974923 0.0566875992
0.0943523083 -0.00557093151 0.0564846847
0.0992140047 -0.00553757993 0.0552947372
0.0757274163 -0.00842965351 0.0562794747
0.0819304192 -0.00844788648 0.0572072355
0.0953903872 -0.00905506033 0.0578352288
0.100454528 -0.00902170055 0.0565715127
0.07774715 -0.0120340015 0.0572022293
0.0836595137 -0.0120803683 0.0584294072
0.096965782 -0.0129824544 0.0597643363
0.101896341 -0.0128956478 0.0586676072
0.0814314809 -0.016100931 0.0587337729
0.0872858183 -0.01633731 0.0608764397
0.0988101698 -0.0165888757 0.0623096115
0.10517408598939873 -0.006305174658950581 0.03327683113578431
0.112715307 -0.00654408403 0.0377532574
0.05507201255947424 -0.0032458460996058125 0.05106558615107886
0.058028114446416666 -0.0030407299195646478 0.04894760067785108
0.05797470363624751 -0.0028492848554011545 0.05455365251062069
0.060388575912035856 -0.0027874743815380727 0.05191634562483912
0.0635153591 -0.00230852009 0.0591456033
0.06491492 -0.00260489215 0.0569100145
0.055997761938636065 -0.006223979141661715 0.05130463639773749
0.05910303377864107 -0.006170532157217849 0.04902698993831702
0.05848487024499698 -0.005688141420218959 0.054360467143256666
0.06124358635829308 -0.005568830063546676 0.05187498470523831
0.0641665107 -0.00483045054 0.0590127507
0.0652671247 -0.00516894345 0.0568026068
0.05783782490543371 -0.010262853044023747 0.051516649521464654
0.06085201070216964 -0.01006131580574112 0.049467898480860736
0.06051614383775335 -0.009039215497575855 0.05467976779666995
0.06348146253845724 -0.00906390925756375 0.05228983264492173
0.0652340502 -0.00777124236 0.0589135343
0.0666893883 -0.00811133313 0.0563003266
0.059648118117938104 -0.013210296698947521 0.05186499226769149
0.06270785682772007 -0.013049176251933782 0.050074103003962755
0.06515535134659657 -0.011990202144294563 0.05245733690069027
0.0695523759 -0.0114626265 0.0567485953
0.07298991171489541 -0.01864042676052811 0.0761728230183836
0.06899122150023469 -0.018542605284566964 0.08737226330876861
0.07313268257807207 -0.020460409576721544 0.08296893488752113
0.06331635753533403 -0.017448745382523966 0.052760753166781874
0.06625401973448856 -0.017649589617998014 0.05064466692084626
0.06856630557437124 -0.0163071352731126 0.05298399474125449
0.06751451818785757 -0.023745855115146035 0.05380106216765069
0.07099712051102532 -0.024064934891897826 0.051933196181000424
0.06916379200843169 -0.022781472813092028 0.05561155711986051
0.07284459729527802 -0.022635704851593722 0.05400923021349771
0.07313860009896128 -0.029478848925112978 0.0573165617546762
0.07650912210757933 -0.030172040380024804 0.05586659651786857
0.07498779489634187 -0.027527622143411347 0.059378954034439775
0.07878781815780049 -0.028017422017923597 0.05834818916525679
0.0732099259 -0.0154745617 0.0582496845
0.0752992163 -0.0197820439 0.0613269157
0.0781956075 -0.0206069358 0.0597924978
0.0804882119 -0.024120554 0.0673876028
0.0819629546 -0.0259741219 0.0653939565
0.100876244 -0.022886127 0.0651472197
0.0956873382 -0.0222390109 0.0644673153
0.0901515812 -0.0215665509 0.062875186
0.0860189399 -0.020949288 0.0601398425
0.0993714424 -0.028800145 0.0666810364
0.0935288787 -0.0281538632 0.0631825681
0.0883825585 -0.0277715491 0.0625228737
0.07534817770457826 -0.021144534990729776 0.0789897061325744
0.07229163980025381 -0.03162062431052243 0.06293762511948989
0.07289727081990843 -0.03507997797095513 0.06747114151219738
0.0759043170248355 -0.033655410918940386 0.06143905063243028
0.07734308152434749 -0.037309547138824804 0.06617543767755325
0.07941532412927962 -0.035671202048989326 0.059938695695715145
0.08137793202853835 -0.03975510765939719 0.06447020870270247
0.08291957992387664 -0.03761905844987103 0.05814714924137368
0.08535146841496175 -0.041674397795222 0.06264504446044496
0.0870590139874094 -0.03906599394737407 0.056293839324988604
0.08936824701309258 -0.04347337874417117 0.06055891322530597
0.0914945313538586 -0.040126193010060596 0.05517679977699854
0.09370739598367259 -0.04454133344744272 0.05932694979978147
0.09602286069361782 -0.04081434833286367 0.054053814051220894
0.09832777456552487 -0.04533731305246076 0.058072361211520665
0.10100114019583258 -0.04226118249866241 0.05212780433233832
0.10368723438061339 -0.046160712845410755 0.05689311701908263
0.10570001308681674 -0.042572672387574326 0.05051281606535046
0.10857919152773889 -0.04620637396572264 0.055103769920725035
0.1092186292142617 -0.042160278991084356 0.04938439365264633
0.11217026489985948 -0.046124951083990944 0.05283093673680908
0.06780122870587102 -0.030581711742272664 0.06952237787961534
0.07407042074022217 -0.029998086088594864 0.0647172739307606
0.075065473323802 -0.03288984372749551 0.06954687229709308
0.07843727200800868 -0.03174364059075168 0.06385185378556665
0.0799732879585627 -0.035364901953953455 0.06829225899096575
0.08178549598990689 -0.03360625825134467 0.062473598282014604
0.08385478214819929 -0.037521511703860484 0.06686421091640371
0.08522495091278023 -0.03552288651894237 0.060874815286323186
0.08781863633234797 -0.039516003886476705 0.06497201261788187
0.08952738940367376 -0.036865717628091384 0.05970629349308211
0.09191772185735886 -0.0407888517058531 0.06339859269120339
0.09353101458441233 -0.0375141249536125 0.05876232894691504
0.09566193541132163 -0.0417732568854829 0.062061915150087514
0.09787161525986032 -0.03842876627520254 0.05711586717981723
0.09983375737561544 -0.04287732082765341 0.06024300758459699
0.1020254718762755 -0.039534696011563925 0.05563446611171078
0.10417717419128925 -0.043874155921137456 0.05877613508010584
0.10653722266942775 -0.040091366035364936 0.053842000825253394
0.1088695307640935 -0.043928524116162986 0.0570287022324933
0.11174084671594997 -0.03925170954263508 0.0528507312683506
0.1137626570603424 -0.04330650438378418 0.05518837800757632
0.06998264274549218 -0.029211396839825078 0.07113081948651089
0.06327054758792937 -0.027125251545183932 0.07075523347594231
0.06549264396390583 -0.025759427492109035 0.07261652804107954
0.06318288767077392 -0.029584896501880176 0.07637176355904784
0.06470569743731634 -0.029064904038630015 0.07774084347761115
0.07258056527817049 -0.038497109985985455 0.07905389485246025
0.07201347678443334 -0.03989907664407401 0.08426560432395389
0.07817243462841954 -0.04142149515130065 0.077066331043023
0.0780399804502512 -0.043315056197836814 0.08237454836557968
0.08296318541606607 -0.044599556572613545 0.07494396581154675
0.0830314638500364 -0.04658984184839783 0.08017056311462954
0.08704939158873967 -0.04727243438959569 0.0730378998035523
0.08763141362731712 -0.049477414259889094 0.07829994562661778
0.09161913131757411 -0.04908407295585116 0.07143911767842304
0.09242779096380475 -0.05144415059829054 0.07666360463027827
0.09634734642012531 -0.050779745688158344 0.06968428421852196
0.09730085826899322 -0.05321146888911577 0.0745497706052378
0.10154805737077012 -0.052459178215159 0.06754774791680392
0.10259957231043498 -0.05493454526767914 0.07174303506140386
0.10741154219133388 -0.05274380400111854 0.06548058309785282
0.1088830857574647 -0.055023254543342684 0.06915765660337767
0.11266390084795883 -0.05261202587677348 0.06305564543025376
0.11440271000515667 -0.05515942029704721 0.06635392169302679
0.11708337075303507 -0.05339635310607319 0.05926051751985231
0.0664750512541302 -0.03493211797342498 0.0808155591217585
0.06499763580693511 -0.03645268738335938 0.08584350790108296
0.0602457345347209 -0.03308471451809948 0.08629046312511612
0.07413772076970841 -0.03761156119982853 0.08082945989083834
0.07320021825296294 -0.039166736387179976 0.08563266274301772
0.08031739908869061 -0.04036364885763927 0.07906305075372097
0.07972289111305164 -0.04233095961350971 0.08337892729567768
0.08552243903210761 -0.04332458360160731 0.07663740956796429
0.08506809490433621 -0.04549116360478631 0.0808247674988385
0.08966606012125435 -0.04550898439867691 0.07449526142764291
0.0897186069673076 -0.04771559404230491 0.07894447535662608
0.09361044228115066 -0.04665641893531513 0.07325451635184495
0.09381396705184288 -0.04874307854529122 0.07768607416602502
0.09786603259130575 -0.047896501928329595 0.07148439179085359
0.09837667736269527 -0.050261669195759556 0.07544366359717257
0.10230154584736971 -0.04954581657986901 0.06911132178782707
0.10331922129223851 -0.051427225663017016 0.07312323520199385
0.1079234537935983 -0.0503936241671977 0.06681563314276262
0.10925386786305846 -0.051747954231800904 0.07068984693485546
0.11324224143849443 -0.05036061579521446 0.06424748123689641
0.1149430216043009 -0.05226920921459698 0.06736969678109539
0.11788489451808955 -0.05056028169348538 0.06073427833300873
0.06695922435684044 -0.03379542865745137 0.08220679079404945
0.065593389180163 -0.035578247446907754 0.08702418379159098
0.06040244748262005 -0.032999606161646065 0.08740562419920563
0.07911419267539822 -0.023243608549547327 0.07672758550628986
0.0832722062 -0.0257189221 0.0749014675
0.0856642078 -0.0279671885 0.071756785
0.0869672631 -0.0296056467 0.0682896273
0.0894773013 -0.031342428 0.0660799397
0.0924986664 -0.0325762192 0.06581398
0.0960866947 -0.033462438 0.0657625982
0.101342277 -0.0331732147 0.0671294557
0.105357127 -0.0329399382 0.0689495697
0.109732161 -0.0324607719 0.0670352421
0.115180965 -0.031327828 0.0647562848
0.07687169901748049 -0.02334257113185917 0.08510564693404025
0.08205471136461036 -0.026064465724960916 0.0839619170743701
0.0853815541170118 -0.02782157911633476 0.08093966028678526
0.0896648799 -0.0306886456 0.0771979505
0.0913376067 -0.0325022435 0.0740744696
0.0933721024 -0.0347582564 0.0708038701
0.0964540389 -0.0365192001 0.0696746046
0.10028931 -0.0363994531 0.0679885512
0.104434859 -0.0360372928 0.068438662
0.108163195 -0.0351939127 0.0699581191
0.111653737 -0.0356423545 0.0695362002
0.116166606 -0.0349925126 0.0667343185
0.08049876746977085 -0.025770024073101583 0.09363641634034064
0.08382996017048691 -0.027018206136125964 0.09305935431515737
0.08798175576887166 -0.02937737264925786 0.08882898060427698
0.09138785105503998 -0.03156726529876852 0.08515756847616368
0.0952553951 -0.0347543929 0.079829455
0.0971101073 -0.0369580436 0.0768201568
0.0988817597 -0.038411505 0.0728344905
0.10170111 -0.0395121751 0.0711188104
0.106008217 -0.0393893374 0.0708759116
0.110788088 -0.0392632019 0.0711250005
0.113667854 -0.0381138946 0.0712797119
0.117593265 -0.0383384094 0.0685691952
0.07931744551036629 -0.024659923366763075 0.09962366294445749
0.08383885472464817 -0.0269825582259197 0.09810386790310913
0.08881829552820578 -0.028216616983314787 0.09554586647605239
0.09316797864241369 -0.031077105669354673 0.09201270595364335
0.0979957525 -0.0349777726 0.0872895918
0.0999241642 -0.0378735688 0.0819990057
0.101551192 -0.0398811588 0.0788047422
0.104089729 -0.0404987751 0.0766074121
0.107576368 -0.0412435292 0.0749633277
0.11186935 -0.0418026588 0.0738215396
0.115045093 -0.041442484 0.0726710937
0.118527057 -0.0403682739 0.0716421613
0.07705725467876531 -0.02476955970489884 0.10389890636048978
0.08225526122899897 -0.027399483144642457 0.10194734964473906
0.08756459368118673 -0.028763854976339022 0.09915918997118205
0.09239674934508842 -0.029973178830281187 0.09547248730055276
0.0991193661 -0.0345195654 0.0914828524
0.100496543 -0.0390705644 0.0864092734
0.102693819 -0.0404661729 0.0836541559
0.105803505 -0.0409385058 0.0813349275
0.109102322 -0.0418594333 0.078926209
0.112796228 -0.0428011806 0.0772231931
0.116085734 -0.0432931433 0.0755022511
0.120595772 -0.0414193206 0.0728445893
0.07652310504836289 -0.028392643913508497 0.11625954256738566
0.08213052792265994 -0.030219117029500326 0.11527300759440447
0.0867012808091369 -0.030893540331977384 0.11397635646279024
0.08953416802460873 -0.03073794489262438 0.10857043841420069
0.09433998558550843 -0.031772153305374695 0.105762332890966
0.103344094 -0.0379007401 0.101755143
0.106475393 -0.0400322718 0.0988867705
0.109319966 -0.0417092633 0.0950030125
0.112470108 -0.0426617723 0.0916157875
0.115745559 -0.0441334423 0.0880777728
0.11960357 -0.0447874457 0.0844080724
0.123984158 -0.0457901584 0.0810376364
0.08048364974369472 -0.03317963009765732 0.119809125210528
0.105692269 -0.0456475945 0.123615607
0.109358124 -0.0471828599 0.121559323
0.114013054 -0.0474787606 0.119519151
0.117986512 -0.0485685033 0.117054091
0.106907609 -0.0494177569 0.13255388
0.113229119 -0.0520411853 0.129530377
0.113127274 -0.0457952727 0.151108621
0.115505199 -0.0469741008 0.149370143
0.117221943 -0.0487588751 0.147074823
0.119147527 -0.0509435644 0.144440254
0.119540853 -0.0606054458 0.18257083
0.124416701 -0.062126227 0.18198578
0.101957555 -0.0513285181 0.1842044
0.11092189 -0.0562450625 0.183520945
0.121809554 -0.0626747165 0.197961853
0.126861498 -0.0647049974 0.19822038
0.102733406 -0.0536381503 0.198004393
0.112366889 -0.0579494322 0.19786818
0.050201735761907056 -0.0235275672813656 0.09273469468405819
0.05151679975936657 -0.022979073413491802 0.09412375803227846
0.05246836141232119 -0.028186314265461834 0.0973882732631544
0.05297823222295468 -0.02432847319248814 0.09511885115243572
0.05151057731352865 -0.028159260027662843 0.09658350656503574
0.050853522688208475 -0.025112200928793543 0.09365539589436142
0.05992570176446843 -0.037269131689338694 0.1074407106805762
0.059307719653131086 -0.0382317124830201 0.10728248383218572
0.07110940793183797 -0.05223599351616012 0.1276104704553141
0.07041024070748075 -0.05356095788071028 0.127516856428822
0.055800359559882245 -0.034146667755468096 0.12488362785686617
0.05656382863480709 -0.03398709287284707 0.1255150230259436
0.07015666637623862 -0.05143733248265615 0.11960956003692412
0.0686487581342953 -0.04814423086957029 0.11141018788528112
0.07561206449198415 -0.05439280360143277 0.11702051769223863
0.07390764984997199 -0.05095272139484076 0.10933862124582173
0.08131432327496325 -0.05697086435223889 0.11427331256715369
0.07982949320270548 -0.053391156831347715 0.10683563150652459
0.08589439474568722 -0.05934953028309164 0.11169581823767732
0.08468192913706718 -0.05579013673274643 0.10423595154816906
0.09021938873360244 -0.0621824174993068 0.10909545964530004
0.08928846914511226 -0.05906044539148025 0.10127876678001722
0.0946297084634688 -0.06473335229853279 0.1066487138666645
0.09385565461148698 -0.0615494634642478 0.09859112620907327
0.10040616382022104 -0.06706033773759547 0.1035565303945052
0.09952616113765894 -0.06332798456512964 0.09541582400591263
0.10747131894624844 -0.06900676412187638 0.10000210443550107
0.1060078820859573 -0.06547251152676098 0.0914100791215235
0.11576003627052514 -0.07150495213656247 0.09499378063583713
0.11362237224874235 -0.06756533174360416 0.08662357458168035
0.12332359121690722 -0.07110015837364972 0.09145168083613707
0.12045039798529876 -0.06819991224168755 0.08258717035952284
0.12920394738749882 -0.07023991658492118 0.08889184614528085
0.1260441368856082 -0.06727096011927583 0.08013884495036945
0.0706132866140683 -0.05013310535673666 0.11948065341864064
0.0763062055791927 -0.05271669320184453 0.11747581634074217
0.07453417486367264 -0.04977218421211611 0.109622971024843
0.08217019510307043 -0.05545460250711205 0.11459697727570133
0.08018395142316508 -0.05238029218783022 0.1072561610314792
0.08670904775209057 -0.05765769370882071 0.11223760987412283
0.08531874582836066 -0.054237894992360425 0.10496076528886317
0.09151346265870619 -0.060276127548170653 0.10948893659845743
0.09030895746895669 -0.05704254966821307 0.1020687369653339
0.09618793876883926 -0.062273256059802974 0.10702361881060564
0.0950004181504122 -0.05938513796044142 0.09918184790686098
0.10174585703620438 -0.0637085989356989 0.10425674096435954
0.10041237603096519 -0.06083121566621837 0.09596325288310717
0.10824633728771021 -0.06533719413004786 0.10104269392176765
0.10637686498399491 -0.06250905282587135 0.092357445559603
0.11624441190415806 -0.06582911477696468 0.09716478574862224
0.11368508969110655 -0.06310782243289169 0.08821511096114593
0.12290255157942992 -0.06545253089821819 0.09326627372723936
0.12052896406869389 -0.06147646314333866 0.08454642001486133
0.1290661159227272 -0.06388214745295959 0.09046071837764752
0.12609690466063764 -0.06128312921961516 0.08197394636255699
0.0843073096 -0.038296135 0.127052285
0.0889561526 -0.0386391282 0.125247147
0.08808869084507641 -0.033139439344022394 0.12001709537656967
0.09312959417131879 -0.0389248481736172 0.12132542837092392
0.09087931427141671 -0.03335028553492177 0.11495172495070513
0.09827199456980208 -0.03995875619940402 0.11894694041474922
0.09489398966983612 -0.032761056900365855 0.11203913050101412
0.104794898 -0.0417459998 0.116165841
0.103245855 -0.0383747044 0.109032081
0.108098632 -0.0441104086 0.112875559
0.107039313 -0.0417749897 0.105710292
0.111892174 -0.0448669889 0.110185135
0.110490213 -0.0429617538 0.102200899
0.115657293 -0.0459363105 0.107129762
0.113977615 -0.0440985436 0.09864387
0.119787013 -0.0461258798 0.104378583
0.117613644 -0.0450097363 0.0952826467
0.12464724 -0.0469880661 0.100851657
0.121887904 -0.0459013035 0.0915860366
0.129488576 -0.0469852461 0.0971881752
0.126226807 -0.0460349939 0.0867915077
0.06675468425181254 -0.04675378092626019 0.11242800646610782
0.06726570182194477 -0.049170292151314375 0.1203743928627851
0.06326643310646307 -0.04417978777769562 0.11342973791805425
0.06461719975315683 -0.04660770764094667 0.12165034259344942
0.060657549636469875 -0.04056756024168319 0.11488002450754493
0.06721382308798922 -0.04587615363406526 0.11281850057770576
0.0679994445866058 -0.048448497845431385 0.12072382997439204
0.06397158346828069 -0.043654194500205835 0.1140299143231667
0.06491413048698061 -0.04591071088766011 0.12229362565591816
0.06089079581437238 -0.039835920064268705 0.11566074462064702
0.02179739777278369 -1.8652046710100538E-7 0.1387976933328695
0.04088884834439449 -0.011777560591148721 0.11610401027568816
0.04222178859786939 -0.011935735385715908 0.1165161968690116
0.03739947824030859 -0.00510496478705966 0.11829574236134549
0.03925645849920445 -0.008004836178414514 0.11761603811730492
0.03968368683364335 -0.005591652396477871 0.11799875920483766
0.0404403685973737 -0.008736463682229465 0.11796469853905821
0.03739674726630161 -0.006156159631582643 0.12283796107587197
0.040559563164296326 -0.009953632615394026 0.12183793501714645
0.038773558901833705 -0.005873108649716011 0.12372355132667573
0.040891379370212894 -0.010167832134967 0.12215485538316327
0.0345124606475813 -0.005226909914869121 0.12508059273853794
0.031008990128386916 -0.004854360406940219 0.12699997553011336
0.03492668556158556 -0.004969224863877547 0.12678120792060377
0.031845011803416194 -0.004855975127642808 0.1288512665457442
0.033200493978308016 -0.002965213319090478 0.12418199599461209
0.02998208748600574 -0.0026377601256100465 0.12611198073033666
0.0337482287222807 -0.003001998660617355 0.12577268665383592
0.030638041188648026 -0.0027359634852076645 0.1276326288600516
0.032741853350731105 -0.0013824262263272275 0.1237148989886032
0.029625925304140665 -0.0012178468716794618 0.12558819005233698
0.033228402884104516 -0.0013149986605414362 0.1253019056260967
0.030184627228010737 -0.0012363686278783585 0.1271037271909713
0.046336524009481975 -0.009966941770165457 0.15788607014916164
0.05009247659057083 -0.011149482638340686 0.15715833424515
0.04765287661135351 -0.009208029311092386 0.15775569303591716
0.05150170660134738 -0.010680199855670007 0.1572767312077164
0.04801591943496217 -0.011836226561979182 0.15382591043227753
0.04900696729019371 -0.01122264955427735 0.15389229631435292
0.04490812389391086 -0.011968571867103123 0.15054420532544466
0.04600407696548407 -0.011338398721369027 0.1505471183596858
0.042119396067653005 -0.011994066807302545 0.14777781401836113
0.04308487798494346 -0.011164979332310301 0.14769789092408542
0.03965667910668724 -0.012558951844830813 0.14607427937542117
0.040507871768622 -0.011732889876518927 0.14597667935732112
0.02915088612581437 -0.013177274147436139 0.14122856646105117
0.03102767739875208 -0.012203417139642446 0.14149403304749683
0.0251193547195953 -0.011325955931592774 0.1353464745574435
0.027516015855078207 -0.010742544473147934 0.13595404206354827
0.02758139232426291 -0.010624455464526665 0.13176662529224822
0.030382898277980495 -0.012952619349539535 0.13317244069651196
0.03029432262710699 -0.009740663768003149 0.13362409013270288
0.032454712742392644 -0.012344186960975657 0.1347240454639829
0.030852338357114515 -0.00993703979618127 0.13030709640310953
0.03336743273165136 -0.011986540228858545 0.13208945536961403
0.032159825301691654 -0.009115334632728324 0.1322174687327173
0.03433413928460572 -0.011596899312602011 0.13345067582005274
0.026619251204767703 -0.011948143213192725 0.1380820905729903
0.02551445085233515 -0.010974646515414741 0.13347590369531845
0.02878769640572048 -0.011403511568024657 0.138616120731167
0.028002743780997236 -0.010323762590351681 0.1345931778040013
0.032536058398462374 -0.015576824438325193 0.13972479105148167
0.02990582360988279 -0.014865304212880223 0.1374710541674001
0.028658621436855748 -0.013855279233893734 0.1353714205742337
0.028986724094928064 -0.013146144543957364 0.13441077345735405
0.03405136038441443 -0.014661595572052473 0.13995768110572834
0.03159000341603562 -0.014206144552287853 0.13808492666999564
0.030546514280619805 -0.013259047607420265 0.1362570770715193
0.030826180485614866 -0.012846338882406359 0.13541268499756634
0.04028731778182036 -0.014877558613977073 0.14202911571124602
0.041374571668815356 -0.013573720693775757 0.14162388617940222
0.049264753206521766 -0.017507129126763384 0.14392799256575028
0.052533708687589754 -0.013209173503284044 0.1482162165689363
0.03638397603345329 -0.017467300641022126 0.1374600690506125
0.037489878271788936 -0.016606893696606975 0.13747142046436023
0.03996346026657293 -0.01772850005101476 0.13871510294418204
0.040871120626698856 -0.01646392795230374 0.13829015998950786
0.03428858026747355 -0.01718450514862633 0.13612196308972305
0.03564134395966496 -0.016090493215116207 0.13646218982539443
0.044118709499593456 -0.016282422797438377 0.13891832383173183
0.04504365058388029 -0.014857262454844804 0.1384408987527693
0.04685162528017775 -0.016854199010255262 0.14098294414620055
0.04773894166446174 -0.01579469729999846 0.1407821019008991
0.04694519241341759 -0.017933552322736093 0.13688916185894964
0.048075577255876904 -0.01630841702356035 0.13650632127243753
0.040037266270445716 -0.019309453564362155 0.13380685340464454
0.041669997721920336 -0.017358184275681438 0.13381846184719134
0.05132056481276585 -0.019952493642137352 0.142013812540978
0.05499270562962733 -0.016361037562733376 0.14394577123015923
0.043313277943251356 -0.018521510606005806 0.12546434147996846
0.04345329958322788 -0.01757233816838214 0.12616086980843194
0.044484571369610496 -0.018043904198749464 0.12361897159401641
0.04489556043967197 -0.017419351937783625 0.12434727345656696
0.04398214239055694 -0.01993844093230416 0.13042112749489015
0.047263935936358775 -0.019346312700194913 0.13247381778970807
0.045048503624340895 -0.01847233506525612 0.1306736889604684
0.04798338808931433 -0.018134101274274766 0.13248466349697105
0.04521095405553405 -0.01615897154118232 0.11908257982876112
0.04558431031973556 -0.016112734485058604 0.11956290189055761
0.04163450616910119 -0.013447343130795136 0.12195538771286091
0.04218261190919572 -0.01354157295314072 0.12208360558384229
0.045244783702594764 -0.021135886879738348 0.1125559837170085
0.04636128315891379 -0.02114916424151251 0.11347274190393952
0.04609782360465986 -0.025041237568574484 0.11034430631255966
0.0471599665973975 -0.024439503071464527 0.1111482929366897
0.04641254788328825 -0.01801609147127202 0.11854934489653242
0.04686075280097917 -0.018039011826568464 0.11881830677330578
0.04489038625420322 -0.017262940528047752 0.12137982201363051
0.04536312356310672 -0.016719234998159326 0.12193063032630796
0.042794629265254985 -0.015341586204228983 0.12147598220161786
0.0430268071287554 -0.014581260368268012 0.12204999854662
0.0534814339572502 -0.031203991360521252 0.10372773139597954
0.04959312302138257 -0.019979024196554517 0.12161763584845242
0.05010124829846037 -0.019823304178164282 0.12223624578432664
0.050205088644637456 -0.01958716638608108 0.1252035110396957
0.05073361878377562 -0.018785073416486407 0.12589767821355854
0.048076872965818016 -0.020070171234607154 0.12786178793627703
0.048282578481704634 -0.019116799110877377 0.12846739888955092
0.05057118986353767 -0.01966604599257486 0.12989172455963952
0.051061520005855225 -0.018493488286496624 0.1301285915323778
0.0520644923328992 -0.019731849812411606 0.1314678218076741
0.05266208531973641 -0.018479375394090836 0.13153785402737922
0.052238097349225555 -0.019588596251543584 0.1279584060921058
0.052633041801893904 -0.01855389956497954 0.12837311193907075
0.05037881619985974 -0.02264863837548547 0.12072205814656149
0.051242637954110326 -0.02211483844756616 0.12179619090779299
0.05338389300674686 -0.03149554987111142 0.11603098738296626
0.05411025989397729 -0.03155394642152178 0.11708719507794489
0.05797993638914168 -0.03831165808567025 0.1203576706128369
0.05841080993588127 -0.037902320350446495 0.12055859356588663
0.05474710911363891 -0.03357790859522732 0.12072456513884032
0.05544926169620819 -0.03344159012368419 0.12136480974580462
0.05268754796874375 -0.02843360006272782 0.12248799140365216
0.05316250723039674 -0.028263080204154505 0.12282811289540703
0.062132970143030944 -0.04362858454527762 0.12071624085369488
0.062487633753601356 -0.0429232390775871 0.12146049361265063
0.053237095276212364 -0.02297540244557177 0.12902958709275245
0.052119043215084135 -0.02318728146191666 0.1248372103391519
0.053467309114244944 -0.022420298721711005 0.12899619141513127
0.052913996258871394 -0.02258043168563214 0.12537597764420813
0.05429702967074629 -0.0245668571600194 0.13819028456937354
0.05470571129666055 -0.024231009550290866 0.1380555879288268
0.05172900167120825 -0.02066904316929523 0.13788730129095408
0.053734353271037504 -0.01861476443733348 0.1382664980925368
0.05271686843832054 -0.02209908831543029 0.14017195722403566
0.05305277018082696 -0.021899661250590008 0.13986719140446768
0.0580702844712726 -0.021256867837995515 0.1499427092530953
0.05818271860120697 -0.02391997024475816 0.14785912394470344
0.055940026016432234 -0.019378384164615122 0.14839073166095923
0.05567534179287692 -0.022587494299356397 0.14618621076800026
0.05275134287847131 -0.017808228561057227 0.1471445896347522
0.053258004278637895 -0.021147190600235774 0.14441795877049954
0.058393051073457505 -0.025921534893474305 0.14662716693705594
0.058954506435687594 -0.027961210380157572 0.14543683865413862
0.056066556035100794 -0.024703948487960425 0.14453752951282015
0.05684665310874853 -0.026905595769325073 0.14289468288122703
0.05409796973792057 -0.023402998477631616 0.142440390961961
0.05541596823549651 -0.025711512921395688 0.14060395873136067
0.05575727541341657 -0.02828178251800458 0.13624933296783384
0.05538570718357974 -0.027958278787744532 0.13358181871537209
0.05798231595421625 -0.034257849783336035 0.13507078628681493
0.05744115253124336 -0.034224408638793356 0.1321941530781606
0.059345223475084585 -0.03877173503519456 0.1362557299167941
0.05970210090261183 -0.039563660893283344 0.1330230241780279
0.06272098793229074 -0.04417248086475189 0.13775180731021427
0.06305008249584 -0.0450133767731173 0.13474163256268146
0.06574544359623073 -0.04819304843512197 0.14001027105346905
0.06624503051476867 -0.049407612585491395 0.13711156980175512
0.06916152078658316 -0.051500933579595946 0.1426588578519742
0.07007040670674154 -0.05313455494770229 0.140174339849679
0.058644281243474546 -0.02067435362483001 0.15060298812530498
0.058750412128374827 -0.023545026109539857 0.14837073799442196
0.05753624258359212 -0.018015836435925834 0.14941861453167463
0.05604221187230564 -0.022161527451423874 0.1465002298276568
0.05675019223636541 -0.014576510048753032 0.14954178237686847
0.056835709630816154 -0.01719990213488833 0.14661507471590066
0.059041626041940486 -0.025654746657389385 0.14707805474455446
0.05963188771508972 -0.02767017677707235 0.14593438152563667
0.05631340113606185 -0.024416000268500892 0.1447937466760829
0.057267779628276824 -0.02669166816164446 0.143286704988619
0.054382430082814154 -0.02302381664986751 0.14241346540809052
0.05585789875475629 -0.025355787528875812 0.14073000767020574
0.05628561190028948 -0.027966951893450314 0.136635804069044
0.05570711250780747 -0.02771549109573135 0.13386753992739206
0.05863036426361524 -0.03364480326657534 0.13538900230728507
0.05804357284713814 -0.03368775585619193 0.13243304420324045
0.06030662858613933 -0.038361532503468965 0.13632781387163215
0.06047954377630921 -0.038679287725415235 0.133349290241903
0.06335918750378282 -0.04332568634955128 0.13817624634420284
0.06376221069202657 -0.04398497879834483 0.1353384773878539
0.06653921045910458 -0.04715893915964029 0.14046186807844663
0.06701320459830593 -0.048216573442315586 0.13766922049011132
0.0700261897456361 -0.05052798255807698 0.1428270997138929
0.07081869322071235 -0.05201577651240518 0.14046292227933158
0.05235621621052371 -0.01755313444875179 0.13498155210146648
0.051097666034743486 -0.018895972432811665 0.13498692563578052
0.04692293159405087 -0.018241528207036947 0.12473583237534526
0.04310675060746133 -0.015705857493757764 0.1240487809024006
0.04649733521858613 -0.019148065017390747 0.1238963763673985
0.042614543672588316 -0.01602861389162122 0.12351481946072874
0.0461441256004266 -0.024616496884620857 0.10351691196228488
0.05184394215642676 -0.029015152141260162 0.1117337122800617
0.04687000152327871 -0.02428288785063973 0.10407390149468645
0.050592006750614496 -0.028731573716655415 0.11172685830264184
0.05080721927117626 -0.028984579160748276 0.10607301978761038
0.049334498314021764 -0.026544727741977168 0.10875337968645364
0.049420073638534776 -0.029499982472059514 0.10487906645626437
0.04765523415371664 -0.02741165980340327 0.10763993515033292
0.05873733837400062 -0.03513689181358066 0.09283736230677445
0.060703602988959215 -0.037596751266541543 0.09888914700425666
0.06462407411066058 -0.03789971298435037 0.09137871487953823
0.06567902974284057 -0.04040767787582478 0.09744002514980935
0.07185080769121871 -0.04173136588960476 0.08974462768645274
0.07270932738417028 -0.04358244120178201 0.09587036183322206
0.07808167477590318 -0.04511833962603742 0.08773468786771667
0.07921723954740087 -0.04716811211884896 0.09379080398167222
0.08334685150236822 -0.04786059812076649 0.08557888267619962
0.08382420737170387 -0.0502364294370909 0.09149181380311358
0.08813033525499744 -0.051425990776838675 0.08325202419186431
0.08858256314624306 -0.053536390277375785 0.08859374792429407
0.09292385065544388 -0.0535726496917979 0.08129806626695663
0.09329319951068538 -0.055806711779454746 0.08622796675821628
0.09807248151952247 -0.05505107726397649 0.07898294729398786
0.09839189899511445 -0.05790438026937905 0.08347744953674094
0.10338043741427558 -0.05681545039136287 0.07593317883042897
0.10391815255123114 -0.05961809942495163 0.08012635067245386
0.11006389663659542 -0.05705989150086135 0.07314101133972341
0.11144939575588793 -0.05945909363744349 0.07653305491485583
0.11606107280022585 -0.05662800554311867 0.06990739027488567
0.11752691456326894 -0.05946295876278061 0.0733784736628059
0.12102872362142966 -0.05817788700015339 0.06639025739375143
0.12249866783123019 -0.06045259102629125 0.07007999506662665
0.0592081380191734 -0.034758396875135864 0.09350518881635017
0.060846339393329375 -0.03753486511359672 0.09893685433204535
0.06546715157907963 -0.03744569840767228 0.09163692512260505
0.06661030410300957 -0.03997826071246007 0.097912276716769
0.07227914989384565 -0.04126026247697923 0.09030215652382685
0.07341351256840341 -0.04333981275775288 0.0966131033264198
0.07893915367026359 -0.044626752674865634 0.08799673369996086
0.07942583751093664 -0.04675550374784771 0.09385961044029625
0.08444091802126695 -0.04736226921203817 0.08575761470361931
0.08447441353380797 -0.049513863160994 0.09172243589253948
0.08964529018676617 -0.049870411790154216 0.08390076538426144
0.08964649027229786 -0.05206901143771506 0.0893178329970929
0.09398303914918567 -0.05097054322447029 0.0823670770020655
0.09412898024241868 -0.05357120462349619 0.0870763862942077
0.09916294870582137 -0.05202656386177951 0.08009838785187752
0.0994312888098483 -0.05490826492052573 0.08438592168602588
0.10424390001738354 -0.05314905836642178 0.07757300386055736
0.10470405534347388 -0.05613626733539211 0.08153742502433418
0.11072444575745824 -0.05358031563444321 0.07441306900730973
0.11178231774158572 -0.05621031267590065 0.07820324724423647
0.11647521758566698 -0.0539994389336487 0.07081118513113717
0.11808749458339302 -0.05575372843442862 0.07460754980056028
0.12148849767144128 -0.054149255660188876 0.06777798610509152
0.12305139481810046 -0.05496900669411635 0.07193508369047052
0.07390957886640023 -0.026402624727959075 0.108133307765342
0.07443282315402897 -0.02796057658871699 0.1109894639578691
0.07816221827522214 -0.028331653268199374 0.1056947453020753
0.08139285805168767 -0.02866105359766888 0.11073455498751125
0.08652766535431962 -0.02968914955332959 0.10242994905322965
0.08529760087651296 -0.029113100926489846 0.10918094946252943
0.09189529589075246 -0.03003493758581984 0.09888996847510886
0.08989748099943753 -0.030035480855117154 0.10388419591040056
0.09773119403966712 -0.034130634245670775 0.09494812774915273
0.09721276077543246 -0.034279941160908836 0.09952477811678893
0.101772303 -0.0385791462 0.0909017706
0.102835825 -0.0380108187 0.0959908491
0.103984948 -0.0404712963 0.0880407221
0.10570515 -0.0397186696 0.0931443258
0.106588026 -0.0418139357 0.0850644286
0.107987574 -0.0416153497 0.0897082213
0.110172805 -0.0423645579 0.0824086694
0.111296981 -0.0421313838 0.0866623908
0.113554369 -0.0431274129 0.0794907149
0.114437981 -0.0438114495 0.0833422884
0.117071072 -0.0440242506 0.0781700005
0.118179553 -0.0443245783 0.0804884452
0.122122606 -0.0428742273 0.0731420756
0.122572893 -0.0454781588 0.0770178011
0.058501690461898494 -0.03577571359946689 0.10007578423991528
0.057895161805313254 -0.036540038386660735 0.09918535187980074
0.056025277122110285 -0.03339027131330866 0.10221960201066105
0.05205502535294744 -0.03128824881754305 0.10286415915752326
0.05528803038553132 -0.03348643497576116 0.10096495866319168
0.07888712712434588 -0.056451574350737506 0.14372217845861518
0.0743887836366643 -0.05590214490684334 0.1358172037475746
0.07764725114040369 -0.058575396343589624 0.14328350139993634
0.07364665695878118 -0.05711229034789135 0.13558121396880538
0.08349741543083009 -0.06118948174088844 0.14924496850732233
0.08616629697088783 -0.06163519209838767 0.15802216846769013
0.08772462498489866 -0.06340587370554697 0.14859452585312075
0.09019507140750088 -0.0645105662212932 0.15740863865904053
0.0919430831941403 -0.06600077065111404 0.14781708372211053
0.09456847330580777 -0.06720421999118234 0.1564969135895707
0.0964171582978916 -0.06814345008357557 0.1469985487045661
0.09929845875238963 -0.0693829677302823 0.15571631015868223
0.10114315946189131 -0.069923215077622 0.14599862942559225
0.1041611159151457 -0.07126703102522249 0.1548849923301162
0.10608032035567731 -0.07180940486871534 0.1448079174522497
0.10912256935030581 -0.07288209614242537 0.1540575162690351
0.11139242428182916 -0.07374681489472763 0.1433089156828233
0.11451881839402422 -0.07436329272560377 0.15312017308799533
0.11862144759166626 -0.07596109312230992 0.14146240278735445
0.12139279144831781 -0.07590718513005557 0.15188672713157758
0.12693276244072596 -0.07725059488472405 0.14030368685129394
0.12948816866572066 -0.07712821999610375 0.1505747947724504
0.133619642217551 -0.07616885856690654 0.13753402479224872
0.1363038994669019 -0.07642389361852657 0.14843154627950111
0.14121965039167458 -0.07431862351315555 0.1363481933281748
0.1436733220485 -0.07500246544295469 0.14719186864508432
0.08526255755897189 -0.058104050787152965 0.15007902902818995
0.08778307338305832 -0.05882211454789507 0.15878240725984732
0.08946467139211989 -0.05988426372616838 0.14915548985960397
0.09200185179637813 -0.060753045748934247 0.15792494199717738
0.0935966179644486 -0.06323946413026256 0.14801285464214592
0.09635069364764418 -0.06390605615269879 0.15683055798673315
0.0975721228720904 -0.06539364711408328 0.14720621614426566
0.10040248612163599 -0.06597358900103882 0.15600163976344772
0.10183101144805391 -0.06751617514817591 0.14622220596021168
0.10489000536143664 -0.0681649286663084 0.15515985659658985
0.10634451756173674 -0.06948755215803659 0.14521180337293177
0.10936613070370602 -0.07021544208942883 0.15440657946362543
0.11146787857229579 -0.07125909050546297 0.1437420977847382
0.11445479491904408 -0.07275352745472265 0.15316833326534565
0.11863766580776965 -0.07382707444788117 0.1419666891061107
0.12135162980418088 -0.07470747301178261 0.15188461439553352
0.12693369453187867 -0.07483707214225709 0.14206735820299693
0.12858638771184985 -0.07556323527906961 0.14995702375062323
0.13303784634556676 -0.07421981822765217 0.1385966015302749
0.13573442701231442 -0.07425777061257383 0.14925524383512148
0.14112436074004903 -0.07152520955187947 0.1377116458136065
0.1436080928204772 -0.07232746083423593 0.14828279660420382
0.0898672451 -0.0531815365 0.152730903
0.0908942884 -0.0530140821 0.16079802
0.0936624271 -0.0539651205 0.152216376
0.0961624507 -0.0540925131 0.160651761
0.109925876 -0.0458186451 0.157231384
0.109196192 -0.048352592 0.16402414
0.11511689 -0.0464055331 0.157330548
0.11378772 -0.0497188183 0.163555846
0.117327355 -0.0475047185 0.156235175
0.116438514 -0.0508705453 0.162698186
0.118874946 -0.0488798392 0.154503826
0.118757096 -0.0523542327 0.161478477
0.120632415 -0.0513479368 0.152594051
0.121415673 -0.0543559544 0.159845871
0.124578788 -0.0529623 0.150876092
0.125876947 -0.0562758997 0.158576438
0.129260966 -0.0545976387 0.148577287
0.131117031 -0.0571382943 0.156998444
0.134267434 -0.0563390992 0.14604261
0.136395588 -0.0579970511 0.155379141
0.13979392 -0.0573814594 0.143351668
0.142269271 -0.0588555037 0.153279757
0.08147171926450789 -0.059199646238502095 0.15030958438553355
0.08251228991547736 -0.05704743652462403 0.15096842087345982
0.08425326503056138 -0.059671857854436815 0.15863075803246302
0.08541623884264435 -0.057892069968051435 0.15893853378896075
0.06871869602371075 -0.051890454659734936 0.17260351983692623
0.07400695757601444 -0.05507075423064181 0.1728138041678095
0.06970943227272433 -0.050713904091788914 0.17301987019882334
0.07479533051157469 -0.0536615762064627 0.1727174757566338
0.07800833225336247 -0.055003741520369846 0.17003509961811075
0.07742412263009026 -0.0563507192677179 0.17012710283381016
0.08119567839952083 -0.056560854024733334 0.16650121356002678
0.08047013401400438 -0.05783306689038267 0.16642187371393194
0.08705908338154703 -0.06273101851848588 0.1666717957464148
0.0881883122818392 -0.06271756922200507 0.17477106734584577
0.09125729457246858 -0.0652303760148415 0.1658132549263414
0.0924731280620402 -0.06502693706410274 0.173958952650875
0.0964036525598453 -0.06770454176487997 0.1646354504346768
0.09793030087909671 -0.06779957115489813 0.1727975002696062
0.10171218513930459 -0.0701849761119525 0.16378928706235482
0.10351731138984417 -0.07060716819983262 0.1720064925024427
0.10691579675227757 -0.07201152489535427 0.16313154172566482
0.10904232876690874 -0.07234147922710354 0.17148602071272886
0.1117363436555464 -0.0733873982381638 0.16267874811874794
0.11398696925626302 -0.07334251842747994 0.1711806601920406
0.11723609689784967 -0.07453988420751419 0.16209171741306028
0.11963589577489271 -0.07422630649699725 0.17078042746315572
0.12376266115260405 -0.0754182705559788 0.16126232276776054
0.1258777994623945 -0.07484632855601775 0.17022628491649935
0.1324005564214028 -0.07596813126573931 0.15883507139881536
0.13358046327313453 -0.07623219827154254 0.16912096675108557
0.1388394570393002 -0.07765246154934786 0.15787322272632245
0.14108367683737014 -0.07858283509155323 0.16781330535540712
0.14583772753028715 -0.0757289312578235 0.15707036356934018
0.14813635577125234 -0.07751312533734668 0.16697207283536541
0.0883505875226376 -0.059646549925610505 0.16714340935396296
0.08926713884928898 -0.059431875447367194 0.17511519474976658
0.09297820128886625 -0.061512765498097456 0.1663819389857088
0.09393307429830587 -0.06177056166364499 0.17460610395112064
0.09795997522951297 -0.0642824483543677 0.16516192096568658
0.09910284793799168 -0.0647366900043818 0.17343375381700374
0.10234560950036607 -0.06669270354458333 0.16464949805268472
0.10396238848673814 -0.0673102449080635 0.1731636837611689
0.1074230333030431 -0.06848602858082278 0.16402243774063277
0.1094521519815834 -0.06905950199881061 0.17264280083839906
0.11197803197735201 -0.07049228773849836 0.16342901769729087
0.11431234501814609 -0.07088101297050227 0.17206885914672254
0.1172364037739868 -0.07272381524638775 0.16267077618515555
0.11970684150600286 -0.0721748796010826 0.171668459764622
0.12376321427801702 -0.0736896508051394 0.16187996865879906
0.12603687562399307 -0.07323930224773641 0.17103695771867145
0.13131297778073 -0.07500787694191316 0.1602918798344107
0.13326200709968275 -0.07416109368550246 0.17018612421454327
0.1383466433965497 -0.07489789235687563 0.15888381599725276
0.14072958339982822 -0.07631955940574468 0.16876945528890477
0.1458248705328655 -0.07320422120679684 0.15801911935292964
0.14807220970179474 -0.07510704396095685 0.16773205740957378
0.09647986 -0.045061062 0.172253392
0.0958399919 -0.0479570705 0.177837987
0.102298483 -0.046188629 0.172483221
0.101337347 -0.0500794058 0.177934002
0.107735882 -0.0500427231 0.17082801
0.106376702 -0.0532091857 0.177124491
0.111024683 -0.0529185313 0.169564875
0.110335218 -0.0552000938 0.176606101
0.113899074 -0.0551262389 0.168652109
0.113869713 -0.0574439833 0.17589695
0.117369121 -0.0570437661 0.167693841
0.117915534 -0.0596575773 0.174996993
0.121742825 -0.0582256953 0.166724401
0.122636425 -0.0611204522 0.174105528
0.126640419 -0.0596961969 0.165678861
0.127848826 -0.0619541391 0.173522926
0.132222003 -0.0604476464 0.164478415
0.13351586 -0.0630236443 0.172536119
0.137972584 -0.06055971 0.16315479
0.139627761 -0.0629819465 0.171657954
0.144035179 -0.0609590351 0.1614189
0.146169071 -0.0631011289 0.170387832
0.08363717476295231 -0.06001241709742955 0.16738700245824772
0.08454864936831946 -0.0581741657113267 0.1674802832817214
0.0707512210683194 -0.04578337291586984 0.16262241365933608
0.07228766580926628 -0.048202369219275065 0.16497127178392934
0.0702235786657325 -0.046941975162441696 0.1627388843115364
0.07147199439363541 -0.04950797132965096 0.16491140019071623
0.07322396836306955 -0.05053944246134064 0.16605675066777986
0.07251654433942471 -0.05168901123623693 0.1660016609479976
0.07452301003911273 -0.05253762057522446 0.1671336646135275
0.07359572001877042 -0.05377374781109544 0.1668879914093791
0.07568521255441558 -0.05392419342808928 0.16836480314472985
0.07496665308840272 -0.055282519329856804 0.16807767697476936
0.04918238375186853 -0.009188461950802793 0.16061568163156598
0.05442360016192615 -0.010623555862006926 0.16114441812801505
0.0506932134619302 -0.008834839416627134 0.16090699888272744
0.056480541389775596 -0.010497160680230069 0.16189199724945166
0.050268199979427115 -0.008356816862832938 0.1762628675341807
0.05154454749313532 -0.007967954437621159 0.17608190113555777
0.06401785538394901 -0.017080528355969796 0.16426956983561594
0.06366670526041719 -0.016699257361184293 0.16289727352095984
0.062488155810616126 -0.015575581251304744 0.16582237358060545
0.06174666087794014 -0.014177795444407634 0.16420241801080224
0.058356286925892994 -0.012531277247078065 0.1669690366256991
0.05610988926575391 -0.010912071139659174 0.16369384598687794
0.053934167697395466 -0.010537997075292375 0.16789207788550997
0.0502588892320911 -0.009390150193277007 0.16306537613302022
0.06454321501356813 -0.016464403507573267 0.16404435725374608
0.06429698945032233 -0.015983316228961417 0.1626163293719918
0.06333771859295345 -0.014956569230637805 0.1657250912778866
0.06283274902902422 -0.013756886674880939 0.16419160854390508
0.05952413776887262 -0.012432242617054964 0.1668893329906669
0.05786258147946829 -0.01074428905103256 0.16403933246815958
0.05531334509953664 -0.010239160249091038 0.16781670342328742
0.05195352410970517 -0.0091304899217359 0.1634109187176182
0.07853188358127504 -0.03180451972030958 0.12020036882715664
0.07051767179720703 -0.021732660661541957 0.10327966763633163
0.06135051869221742 -0.0199511337004144 0.10255802063208999
0.06308615188840418 -0.021021091980330555 0.10287965119647961
0.06270706679805488 -0.021135409453345837 0.1038573160582503
0.06923506426353752 -0.023808890118362912 0.10899128534950771
0.06465701631106124 -0.022931389278143016 0.10899052529764823
0.06122214825038392 -0.0222668212936278 0.10927460715307963
0.06504070749077366 -0.022445719933316413 0.11414150693738827
0.06370023464190154 -0.021813706349458683 0.11438050555950997
0.07046780001074933 -0.026928631724995312 0.11142702030828197
0.06987622373239444 -0.025146372476911028 0.11408785200362234
0.06835468276775263 -0.024100165336151544 0.11560890054362848
0.06731904304354659 -0.02368695004433928 0.11593077019076925
0.06580489197401262 -0.023018335481957683 0.11618336790763749
0.06297522352491154 -0.020826990980907463 0.11674592129982708
0.05897393581017956 -0.01788888193638011 0.11718257246208641
0.057407697920041946 -0.014604756883003934 0.11777306238360999
0.0549439447759899 -0.010690496677472423 0.11780165733881626
0.054217292266337515 -0.0075832975719751184 0.11759985814874657
0.053442304758544786 -0.005136879842305222 0.11698455937019943
0.05309863764297966 -0.003465060225353488 0.1165198744596766
0.05289846350270759 -0.001670958028887145 0.11649078005171314
0.07232048351230741 -0.026372400589661227 0.11774225439589402
0.07005444112066135 -0.025544352629781598 0.11883329170532074
0.0695786650805373 -0.024550240817761058 0.11983794198034621
0.06792895041762433 -0.023226839453575687 0.12036458702188747
0.06332010416066433 -0.021180643561767836 0.1213088099493481
0.059833325250835685 -0.018804309283392766 0.1216508959094152
0.057893242460798806 -0.015052702105870213 0.12117804378828008
0.07615007419210953 -0.028771259546457404 0.12166166118401435
0.080500278 -0.0346209166 0.126940615
0.0799046217 -0.0423729635 0.13146034
0.0796704331 -0.0492162803 0.137738792
0.0864722015 -0.0493015984 0.147686544
0.0872464108 -0.0521212499 0.153371272
0.0892663844 -0.052645479 0.161356116
0.0739273180659893 -0.025741476586203797 0.12307641863970327
0.0772635055 -0.0312043168 0.128079794
0.0774389992 -0.0388620053 0.133050337
0.076043878 -0.0290348053 0.127631406
0.0754423572 -0.0318059845 0.131731266
0.07254526424469387 -0.02461465709597137 0.12312338153021903
0.0735545187 -0.0248621702 0.127313561
0.074061323 -0.0259733786 0.131336772
0.07017548374371715 -0.022802760981229013 0.12403955409485612
0.0712961419 -0.0235283033 0.127351267
0.0720808776 -0.0235725466 0.131009115
0.06639876290754718 -0.021173660817227498 0.12482396408406377
0.0675748263 -0.0214123434 0.127613532
0.0677095292 -0.0213146722 0.13048367
0.06079265341235913 -0.017889554555909053 0.1251095869149624
0.062464632 -0.0174651462 0.128010301
0.0627953388 -0.0162533089 0.131638038
0.0531722424 -1.623353E-9 0.197169467
0.0517552831 0.0 0.197731162
0.050405780010563346 -4.447401523264884E-10 0.18783264606885658
0.04860929201489319 1.9813097025500204E-9 0.18818457231168875
0.04989852821913642 -3.0599938824441882E-9 0.1813619234882072
0.04764036694007124 2.527945302563663E-9 0.1816717924700208
0.050747767024335054 -2.7078257375474788E-9 0.17831953447769364
0.04840004747458594 2.4580626140457494E-9 0.17878231229088176
0.05107051990807134 -1.4777875265208E-9 0.1754828879143272
0.04941688772746121 2.1444101003826013E-9 0.1755602522431419
0.0586477532 -5.6097E-11 0.198088062
0.0572356465 -7.577126E-9 0.190599904
0.056204812 -5.933962E-9 0.185014214
0.0570190512 -6.589894E-9 0.182646502
0.0579517604 -1.7287042E-8 0.18030242
0.03256567390363525 4.02717357837127E-5 0.12330609859187637
0.02953998264929719 2.262928829761919E-5 0.12524938050397189
0.03306547369992123 3.924870018147749E-5 0.12489776579478933
0.029786682451383564 1.6385950762780957E-5 0.12680890240255377
0.0578381025 -0.00792131916 0.180084189
0.05267922374616161 -1.3226216635919236E-4 0.11642422573043018
0.0494574778060702 4.3518778182010335E-6 0.08165795612309429
0.04624337034451615 -8.936040152502509E-6 0.0837063334345995
0.04665011850202237 -7.16017642560818E-5 0.07894035608787231
0.04092576374076449 5.308858540360336E-6 0.08047984427622816
0.052942448800586905 -3.591672012976354E-6 0.07819864435632902
0.05074952587513676 6.1545849988407805E-6 0.07593960220980771
0.053742713606704774 -1.0349283302347551E-5 0.07310447607463193
0.050933241882190436 6.61404968867739E-5 0.07221971300211959
0.05218831438661832 5.115741019247924E-6 0.06835477311801415
0.0487464388543132 -1.9296371595044048E-5 0.06730596248430475
0.05100165031244188 -2.4194498253320597E-6 0.06485875655261884
0.04827703570621062 2.6382066052652036E-6 0.0645674709823332
0.051138385517374346 -4.560514454978518E-7 0.06290427413623309
0.04820606966718767 9.12384594429539E-7 0.062231880201265764
0.05194461870360237 -8.358817189738013E-7 0.06131442023186055
0.049580003029780384 1.2944827861622874E-6 0.059283630611475666
0.10629642966105064 -4.535481388661007E-8 0.03355362507617868
0.10416463938574369 -8.041800245003694E-8 0.031359417276509524
0.09222757302456402 -8.765714274849554E-9 0.036648309974820444
0.09053679390554875 -5.971464771811562E-7 0.03426756378812316
0.08854266190565399 -6.37553827482731E-6 0.03744035077244871
0.08746967644247385 -1.36766462202548E-7 0.03485980634683967
0.08347431091653815 -1.166108578644256E-7 0.038389061987651935
0.08228659222784329 -5.025903455904792E-8 0.03582134703265372
0.0772424797680223 -9.689062256905821E-8 0.04109836013505618
0.07648920210528296 2.3650008144726213E-8 0.03892319522137311
0.07239774464262132 -3.3712829211924546E-7 0.04476174027246998
0.07081652200438301 1.5889963562453568E-7 0.04277951281709823
0.06806354160307293 -5.408917541800394E-7 0.04727311240602767
0.06610162609975341 3.451184628766405E-7 0.045751678206874785
0.06284487714427614 -1.2201675317467326E-6 0.050100646493191285
0.06055497251867546 7.341317113129988E-7 0.04760807404352982
0.05986859121532383 -1.600265391363212E-6 0.052053899104184564
0.05726263763953856 9.36495158476869E-7 0.049043393329072774
0.05766909398322266 -2.206296171133672E-6 0.05473054894590022
0.054525546136477025 1.1166948076828156E-6 0.05142288986029288
0.05513949256594836 -1.9814774601671873E-6 0.05782220781752202
0.05191999786097799 1.1830943594599697E-6 0.054932757218721213
0.055035305941896324 -6.595055984565457E-6 0.08714318427043383
0.052514290771361244 -8.882506116447635E-6 0.08827055502715836
0.05353286016270689 -1.1709763114041007E-5 0.08532575967698182
0.04999104942709048 -1.0251899834647125E-5 0.08637617550853174
0.0589387203353517 -4.987129848266852E-6 0.08244381989974094
0.061505506990009756 -7.462842073116391E-6 0.07889239280090568
0.06262355161596411 -3.780655472267102E-6 0.07379779403174813
0.062049231907660346 -4.7617518550297015E-6 0.06911858584525558
0.0617025608 -4.68462592E-6 0.0668684849
0.0616575562 -5.05620528E-6 0.0640134185
0.0619446963 -5.08794924E-6 0.0612566432
0.0625025299 -4.80930132E-6 0.0593009251
0.0645970467 -4.12965982E-6 0.0574517725
0.0672416984 -3.03147505E-6 0.054858997
0.0733044472 -1.6117856E-6 0.0556015284
0.0834666812 -7.39692758E-7 0.0570383795
0.0870970342 -4.4330674E-7 0.0570526755
0.0912001434 -2.88723847E-7 0.0566109755
0.0954233415 -1.72989524E-7 0.0563655928
0.102054806 -1.16999231E-7 0.0555171937
0.112652911 2.5513513E-8 0.0375692056
0.11525972912605312 -0.042530937733172895 0.04044279945989108
0.1182110640416135 -0.04696407776771645 0.04349722279106095
0.11757437780988951 -0.041415504963039036 0.041022385548983825
0.12055794104445629 -0.045467793469151384 0.04392533741455236
0.122886892 -0.0386534398 0.0448943084
0.12426687 -0.0423677781 0.0459908709
0.12429072992102794 -0.05394904886179756 0.0506647701568155
0.12605563970680847 -0.05256062678477072 0.050468971843730524
0.128852453 -0.0487250629 0.0513156212
0.09350118163008674 -1.2377512963321502E-7 0.033512858542635755
0.09898673730475911 -1.0608401212973029E-7 0.032414425410496356
0.0939691437339558 -0.002782007018653768 0.03324489965540261
0.099212198150858 -0.002779080268086442 0.032276655507835865
0.09437313770686166 -0.006360092696669555 0.033996918864890584
0.0995859072501205 -0.006303876202104114 0.033621830293422264
0.09565731275075534 -0.010788757342113648 0.034660487670075305
0.10033365858373784 -0.01031739621439069 0.03357881836903521
0.097042123349051 -0.01634981004070782 0.03443301972252136
0.09975009587300263 -0.015290722767347043 0.03311030905637321
0.09967712666714458 -0.023917504027595377 0.03615981593869872
0.10229482921114559 -0.02287365877142838 0.03376359281648789
0.10262076366481315 -0.030226473099848532 0.03881051928555113
0.10565916410496863 -0.030830868865077216 0.03586883758423267
0.10806820597474973 -0.038058633270109554 0.043251761736304045
0.11052264711068176 -0.037455772412686016 0.04092774356071064
0.11170750632085792 -0.042143758334136014 0.04734999957893209
0.11379162736042508 -0.042149616093517604 0.04448086085490062
0.11446931659876397 -0.04637047103801227 0.05054359379911915
0.11655243921693327 -0.04654973301791706 0.047498545821684335
0.11671002031180698 -0.05062700554540317 0.05349647782756108
0.11890903749998302 -0.050920567748139495 0.050466630327210264
0.11915012232803653 -0.053954360489303854 0.05671010984045815
0.12179027646188666 -0.0537606876991801 0.05407548994647869
0.12202275458195887 -0.056381046947317805 0.06036667818216132
0.12470140932117271 -0.056695489021147016 0.05757649560873841
0.09621942776126809 -9.527526744789398E-8 0.03584309132342933
0.09950723671296063 -2.5534669629638445E-7 0.034619678774182844
0.0962478124783082 -0.0026397342829532055 0.03565467566837147
0.09963834494832849 -0.0027718375846962242 0.034724562703012794
0.09720195022375894 -0.006679659294518899 0.03634400326451344
0.09991541729777412 -0.006355926141248989 0.035314764341514676
0.0980165401051636 -0.010966492917234632 0.03665490610694967
0.10076839072743668 -0.010118785145683725 0.035072277580911054
0.10044248291204468 -0.01578306136371188 0.038634561404477415
0.10267093162086693 -0.01594597072164988 0.03507659705853199
0.10353458708716783 -0.02113906894201135 0.04096728048445707
0.1047623383722323 -0.02205386392732212 0.036406829022336246
0.10743578027765371 -0.02934729490803351 0.04385157869047614
0.10845140494138841 -0.02948690848831935 0.039358965142494574
0.11143642767777838 -0.0352645501497821 0.0476035607926112
0.11335956675053466 -0.035757287440594664 0.043725464638108016
0.11404318590519759 -0.04004647333929019 0.05041245963827543
0.11601886663320124 -0.040695775883371525 0.04656009930572163
0.11609932113998409 -0.04425105761637868 0.05282750101668025
0.11838400413608051 -0.04493878267845378 0.04912147738626552
0.1181246491851211 -0.0482792109831311 0.05547903384338954
0.12056590973487774 -0.049052626797790815 0.05187318450539657
0.12033418147361975 -0.051466663878368527 0.058449884480268124
0.12295355260357987 -0.0522822035785333 0.05508395763122142
0.1225800523415785 -0.05385603006022865 0.06152135275118417
0.12558989044110616 -0.05471289471511318 0.05824689857139011
0.105958335 5.9579175E-8 0.0470844145
0.109191123 4.1301489E-8 0.0405487362
0.105743235 -0.00230689407 0.0470253232
0.10897305 -0.0026727774 0.040560533
0.107073206 -0.00552777813 0.0479575538
0.109432423 -0.00597031345 0.0409335209
0.108174672 -0.00899258091 0.0491962784
0.110170105 -0.00971409422 0.0415570099
0.110128785 -0.0128519974 0.0507351912
0.111525167 -0.0137235618 0.0426103334
0.112389094 -0.0177496814 0.0522907639
0.114108545 -0.0192325711 0.0446056453
0.1148907 -0.0226104901 0.0545562737
0.116460468 -0.0251922813 0.0463775886
0.11747231 -0.0284927044 0.0568402497
0.11900673 -0.0310244666 0.048930683
0.118802752 -0.0325646585 0.0584059092
0.120477965 -0.0359322245 0.0505507018
0.120122151 -0.0359566497 0.0605788107
0.12218819 -0.0395478705 0.0527726702
0.121235802 -0.0392553947 0.0625546032
0.123754912 -0.0432152983 0.054813946
0.122780034 -0.0410589455 0.0657720854
0.125689298 -0.0455282141 0.0579198214
0.124424494 -0.0426204985 0.0685306247
0.127595428 -0.0470215265 0.0614489692
0.118363712 2.5936935E-8 0.0345277809
0.119367331 -0.00300727299 0.0346781832
0.115944571 -0.00317995443 0.0315857036
0.115489031 1.7134496E-8 0.0314039498
0.119370503 -0.00610101569 0.0350615752
0.116207019 -0.00632586016 0.0317838769
0.119384012 -0.0100559729 0.0354468482
0.116605776 -0.00986384949 0.0321663879
0.119411135 -0.0140286987 0.0353548588
0.117367682 -0.0142348289 0.03192039
0.119428281 -0.0188711312 0.0356959019
0.115354423 -0.0205152101 0.0329031074
0.119435723 -0.025353727 0.0367543099
0.115882927 -0.0268485443 0.0334074397
0.122172361 -0.0340496179 0.03599897
0.11974781 -0.0342289902 0.0328576414
0.123966366 -0.0403809577 0.0371003673
0.120042458 -0.0422244641 0.0351293862
0.126248052 -0.0445287206 0.037730719
0.122686261 -0.0468957623 0.037149299
0.129705224 -0.0480970779 0.0411620682
0.126152429 -0.0508137001 0.0407821855
0.132395629 -0.0509558764 0.044764165
0.129707148 -0.0534278832 0.0443949106
0.134496714 -0.0545350602 0.0483928336
0.132405266 -0.0571974627 0.0485128745
0.113597152 -0.00278265134 0.0293792436
0.112611352 0.0 0.0293758826
0.113959612 -0.00637593903 0.0300384986
0.113734384 -0.0101419696 0.0307844
0.115552552 -0.0145419531 0.0304086012
0.114587398 -0.0207058653 0.0314680527
0.114581105 -0.0276070737 0.0319095583
0.118782467 -0.0346697955 0.0316534231
0.118687907 -0.043441148 0.0340610432
0.120615186 -0.048200758 0.0370789055
0.124093416 -0.0522756072 0.0406944559
0.128193455 -0.0548779758 0.0445161117
0.13134025 -0.0582227805 0.0487778548
0.12489383532588214 -0.0559086586877227 0.0647424541207959
0.12423951384550098 -0.05865179736694007 0.06401415605875944
0.1282582153423483 -0.056633009321518366 0.06178505664959254
0.12755151727996314 -0.05848653231833279 0.06150714915458018
0.13159945598391812 -0.05756586662603745 0.05833378827217688
0.13071166637616885 -0.05889381407971995 0.0587322002244495
0.135075785 -0.0602551454 0.0530319006
0.134291051 -0.0612488223 0.0534814972
0.125575698 -0.0435445408 0.0713319697
0.129333375 -0.0482885699 0.0640944146
0.132967594 -0.0527895833 0.0584334074
0.136551319 -0.0567555478 0.0525654802
0.12639616964219397 -0.05748445026127046 0.06896932671723004
0.12610387761819714 -0.06097117915409418 0.06799132852325819
0.13027704098718945 -0.058705836895387754 0.06562175961289442
0.12994433226084465 -0.06127961866728077 0.06553660686529293
0.1343278511847182 -0.05976829218710043 0.06222336105126689
0.13329484096217722 -0.06176419895065272 0.06296980908014604
0.138415191 -0.0621111072 0.0577418616
0.137559537 -0.0634949234 0.0583125408
0.127080587 -0.043633102 0.0730549753
0.131417539 -0.0481590133 0.0680562954
0.135113429 -0.0532522594 0.0629423673
0.139353328 -0.0578543733 0.0577399528
0.12819915699286624 -0.05917955429650739 0.07328484858155118
0.1278684740366971 -0.06319247615480138 0.07236887323828636
0.1324461040249067 -0.06038699365304032 0.07034800306464237
0.1319310063045467 -0.06360689870331966 0.06989907601059474
0.1367034208520559 -0.06138667918690136 0.0672273143013513
0.13583157376187208 -0.06389838741951986 0.06748474180996866
0.141393529 -0.0631586869 0.0631771163
0.140614368 -0.065099051 0.0637024813
0.129141306 -0.044276707 0.0743452524
0.133103614 -0.0475693921 0.0723629978
0.137448853 -0.051707834 0.0679543951
0.141904364 -0.057015525 0.0636346337
0.13074893315944597 -0.06163917788704098 0.07993721744601484
0.13059336920801967 -0.06633873396141896 0.07851676544030983
0.13543073901848432 -0.06174042492081075 0.07782732492289034
0.1352906324941594 -0.06572559424900735 0.07702462854448663
0.14007146930077635 -0.06230034450743797 0.07581397229604489
0.1401388783629621 -0.06544959243593682 0.07499632060712942
0.145866625 -0.0638057365 0.073194897
0.145309818 -0.0660948299 0.0727077122
0.13096995 -0.0472845994 0.0840662325
0.135319048 -0.0477572413 0.0805634771
0.13944258 -0.0500971347 0.0791176299
0.145854128 -0.0541980621 0.0749891556
0.1339259561254124 -0.06311016523963062 0.0883410597518981
0.13410252865300806 -0.06869606997603736 0.08726754065992828
0.133953182 -0.0475937446 0.0931283373
0.138067336 -0.0491039583 0.102944686
0.13777305071602136 -0.06432830936921347 0.09889344261355727
0.13793118177224908 -0.0694128778922901 0.09782169261296211
0.14156245027676406 -0.06594511100481394 0.11389509478293444
0.1416823898244415 -0.07100368027475247 0.11331970207057149
0.142336836 -0.0524789519 0.117017493
0.1444934121165339 -0.06789690920563796 0.12704298669291764
0.14471196745677203 -0.07080138214893515 0.12573735579827447
0.146324115 -0.0550318547 0.129942463
0.13900318398443448 -0.06217254027751988 0.08628467406628253
0.13913604156051948 -0.0671869716673843 0.08561770220364803
0.138508596 -0.0477145175 0.0896890896
0.142100985 -0.0487768488 0.0995484621
0.14293983443882716 -0.06357021918194015 0.09625033119340798
0.14297680600611817 -0.0687571302870895 0.09579655995777031
0.14726827859709835 -0.06511131164837856 0.11218088260983476
0.148262604570144 -0.07020728618702629 0.1102171130133645
0.147061814 -0.0523186606 0.115695086
0.1502885051182867 -0.06738336143866759 0.1254678242583545
0.1500235661673438 -0.07092775997873527 0.12459687646698799
0.150390177 -0.0543588682 0.129401966
0.14398506402661188 -0.063338452181601 0.0840023857539504
0.14428890685611745 -0.06726038155027586 0.08340203182886602
0.1426223 -0.0484723594 0.0879947144
0.14773399480430888 -0.06469742220090226 0.09366636475836601
0.14821337331372053 -0.06912781482063557 0.0935141842756059
0.144842576 -0.049582187 0.0968319918
0.15233336347161516 -0.06683399700039437 0.1103808254934384
0.15228758306303408 -0.07096995244120356 0.10960206944035616
0.151569572 -0.0519004459 0.112464648
0.15558501175888398 -0.06796882280226521 0.1238317000140457
0.15536261237161675 -0.07258011777391342 0.123185466758651
0.155738023 -0.0537560827 0.127390303
0.149514103 -0.0650704864 0.0815510668
0.149415567 -0.0671983758 0.0810527882
0.147854028 -0.0523678271 0.0843606642
0.153295283 -0.0660555234 0.0909935322
0.153530337 -0.0691773376 0.0912930045
0.151071187 -0.0509107582 0.0936363179
0.157968489 -0.0681337526 0.108524893
0.157657691 -0.0715452191 0.107954502
0.156186745 -0.0529612252 0.109673727
0.161023721 -0.0690967878 0.122198343
0.161102904 -0.0731653287 0.121797161
0.160533125 -0.0540367542 0.125418774
0.14669007764428968 -0.06627292641582594 0.13821895209451185
0.14694280842351892 -0.06905635113319807 0.13725026021620176
0.146758431 -0.0563564699 0.141649332
0.15272693046525485 -0.0685531095791433 0.13689735806422598
0.15175902745257064 -0.07221413991176172 0.13552837540922133
0.153380024 -0.0558241234 0.140446244
0.15863967000394977 -0.07125013857721837 0.13556229736103237
0.15822051782161725 -0.07473387579231988 0.13462036206422598
0.158572444 -0.0554410982 0.13938176
0.164213779 -0.0710959846 0.134409827
0.164141724 -0.0751769919 0.133451624
0.164398469 -0.0552610815 0.138183793
0.1493272316206982 -0.06700712183771786 0.1484113721123915
0.14857879341704255 -0.07150060159029223 0.14826801709764156
0.149227604 -0.0580235448 0.151546417
0.15530592146960007 -0.0704001312716392 0.14792260218006947
0.15521889898533422 -0.07522599154123635 0.14653104441008763
0.156301816 -0.0573594191 0.151377572
0.16135953905986797 -0.07511594427849962 0.14683127626240244
0.1610370883930976 -0.0777688552605269 0.14552836223332205
0.161777357 -0.056828307 0.151224044
0.167029919 -0.072105553 0.146297155
0.166983625 -0.076192436 0.144963
0.166945292 -0.0563791423 0.150839566
0.1520586570998246 -0.06827637347109823 0.15883349438037883
0.15207362305590108 -0.07154942134527786 0.1582341047660692
0.152005184 -0.0592101318 0.161591775
0.15738946907026838 -0.07315715476498506 0.15799362145395648
0.15674905413131524 -0.07805383313442067 0.15678352623304986
0.158990715 -0.0585202036 0.161615767
0.16328488969276422 -0.07630529385771943 0.15727319007229756
0.1628506629161849 -0.07936160582868634 0.1561986409384108
0.164465317 -0.0578331636 0.16180955
0.169433824 -0.0731795381 0.156953383
0.169398203 -0.077747869 0.155696205
0.169530764 -0.0570048046 0.161876285
0.1546020110658026 -0.06989943752881785 0.16869596925932293
0.15434503167915517 -0.07283829894654044 0.1680939149287641
0.154475439 -0.0620288123 0.170744026
0.15950349047628448 -0.07222617920261565 0.1678307727762041
0.15924022134675572 -0.0754096380453087 0.16720514360905372
0.160953167 -0.0625799714 0.171118851
0.1654595445583669 -0.07539099083998824 0.1669808247588723
0.16510023839558174 -0.07944862811096563 0.16580234968096957
0.167248951 -0.0632056288 0.171013546
0.171923135 -0.0748817387 0.167197172
0.171873162 -0.0791049772 0.166195767
0.172582466 -0.0627730172 0.17148351
0.15597673217199498 -0.07331688593227235 0.17789574338766787
0.1559589993423746 -0.07571481519008076 0.17729132270081094
0.156402928 -0.0648116736 0.180506646
0.1605547533545329 -0.07518480710753524 0.17715144234346444
0.16029174723056902 -0.07757086055707843 0.1765027877487101
0.162383056 -0.0654263032 0.18064119
0.1673809588283863 -0.07665511382167464 0.1768301772709416
0.1682951462334523 -0.0802112467147881 0.1754423481844549
0.169958904 -0.0655076217 0.181180063
0.174210479 -0.0769171907 0.177251119
0.174290842 -0.0821237617 0.175987814
0.174840213 -0.0653027549 0.181062613
0.159782765 -0.0731698338 0.198132315
0.160024334 -0.0747306973 0.197874008
0.159212265 -0.0655791238 0.202316158
0.164813598 -0.0737497979 0.19811897
0.165350997 -0.0771607376 0.198033262
0.164593166 -0.0650324045 0.202659013
0.170782222 -0.0772224816 0.197570728
0.170485807 -0.0819940233 0.196069175
0.171298707 -0.0655027858 0.202278932
0.176859304 -0.079008421 0.196889321
0.176909034 -0.0843347337 0.195442794
0.176636295 -0.0648666077 0.201737672
0.05696002430229143 -0.010051515985741897 0.12102193958836592
0.05539028988364773 -0.007204451973958258 0.12133118900171667
0.05533934857773045 -0.004632962956361683 0.12081885414854088
0.05448787031709416 -0.003065512792935821 0.1201248050158805
0.05449621397633719 -0.0013931761438524058 0.12050821638807932
0.05422718885248291 -6.202957638293207E-6 0.12077548069740879
0.05780150361336563 -0.012793180125111518 0.12130721911874903
0.059822455483920775 -0.015511992987909314 0.12539032961812788
0.05860749619883499 -0.01411670920204556 0.12527814533438691
0.05784744641749039 -0.012196574415935758 0.12450153626553583
0.05708252563262672 -0.011265734004647181 0.12410909097579699
0.055422418567820236 -0.009613815358896903 0.12359480508252378
0.0625079682 -0.0251313994 0.19658412
0.0619342832 -0.0287933189 0.190036476
0.0649316206 -0.0305371398 0.195860644
0.0678279432 -0.0344490857 0.195304827
0.0698470185 -0.0388706162 0.195147991
0.0667084347 -0.0397965932 0.181576611
0.06701887 -0.040748668 0.183228157
0.0681646236 -0.0410045037 0.184816174
0.0701916446 -0.0413027814 0.189139072
0.068523219 -0.0433513214 0.181288761
0.0737545617 -0.045258505 0.189368598
0.071946315 -0.0452499021 0.185146683
0.0698514325 -0.0445438419 0.182798836
0.0719830665 -0.0468339872 0.18100988
0.0719794034 -0.042446511 0.195344322
0.0755606459 -0.0446918626 0.195591171
0.079660419 -0.0464276367 0.196019957
0.0839070617 -0.0478763691 0.196599053
0.0885076402 -0.0488356865 0.197099373
0.0932478583 -0.0496731656 0.197471542
0.07753716 -0.0477965993 0.188770685
0.081496161 -0.0482220959 0.187376637
0.0858040939 -0.0473082052 0.185891721
0.0908343674 -0.0473462078 0.184569643
0.0756537788 -0.0480062604 0.184463471
0.0806118697 -0.0483651347 0.182209083
0.084799525 -0.0476887938 0.179927915
0.0897618148 -0.0473034235 0.17809862
0.0738897878 -0.0474723869 0.182449173
0.0792681894 -0.0488812204 0.176724642
0.0801478421 -0.0486911121 0.17951483
0.0759599756 -0.0475571981 0.16842579
0.0754524653 -0.0479440698 0.170528729
0.0767072563 -0.0479192946 0.171348248
0.079523399 -0.0471331007 0.172054637
0.0887956078 -0.0490362628 0.170235895
0.0824839249 -0.0481327408 0.174202163
0.0841503108 -0.0483518206 0.177108942
0.0844784424 -0.0493449928 0.169213207
0.0869884633 -0.0506916181 0.169451504
0.0846294751 -0.0513376906 0.164188585
0.0869536262 -0.0522744579 0.162450399
0.0827924074 -0.052255559 0.157675147
0.0847175092 -0.0520075962 0.154907411
0.0809881488 -0.0498760729 0.153136937
0.0835614469 -0.0488488728 0.149904102
0.0764564593 -0.046463778 0.147730852
0.0769990288 -0.0475379147 0.144285472
0.0659386976 -0.0208616816 0.139854056
0.0668385886 -0.0204647357 0.136964523
0.0697064105 -0.0250326839 0.139415803
0.070593257 -0.024744853 0.13677078
0.0719164373 -0.0311174256 0.136847187
0.0719143353 -0.0382213672 0.137609526
0.0728818192 -0.0442594045 0.139938373
0.0720684656 -0.0308622247 0.139244182
0.0722247738 -0.0375419651 0.139660008
0.0731408504 -0.0429508756 0.142519624
0.0506057252 -0.00658007439 0.160309292
0.0542589179 -0.00857758568 0.159326479
0.0590209585 -0.0102749312 0.158992104
0.0612228562 -0.01123916 0.156370961
0.0586666694 -0.00814871792 0.162595248
0.0622858191 -0.0103719457 0.161180478
0.0596308304 -0.00731083387 0.164836689
0.0627736379 -0.00876261589 0.164610618
0.0674682976 -0.0105082665 0.164097923
0.0674833352 -0.0105408877 0.165347617
0.0676464496 -0.0107920002 0.1665943
0.0679842105 -0.0112654313 0.167932769
0.0647352217 -0.00911425074 0.165407973
0.0647900248 -0.00881994171 0.166665511
0.0650885513 -0.0091189229 0.168006295
0.0655519546 -0.00980246674 0.169656911
0.0621740809 -0.0071774801 0.166180099
0.06165846 -0.00654377847 0.167945642
0.0615129995 -0.00695848144 0.170061864
0.0621159048 -0.00811841171 0.172690366
0.0598340579 -0.00625221082 0.166709058
0.0597373373 -0.00610069968 0.168716527
0.0597911287 -0.00673398804 0.171026325
0.0601673244 -0.00796588532 0.17361576
0.0619021450316186 -0.027538318522198135 0.15001945507436842
0.062470449030827026 -0.02547515453428371 0.1506486279683409
0.06259009231044042 -0.023461884115318504 0.15134808106561398
0.06324605746554562 -0.021442732823149825 0.15231472365980833
0.061691046617207104 -0.02811627444997772 0.14993266916114714
0.0615915598360841 -0.026357853244549062 0.15057950356065103
0.0615937223289532 -0.024346083824032784 0.15140998422360646
0.061753105148437314 -0.02223259956546409 0.15256427187263943
0.0701048858 -0.0154461416 0.154218054
0.0700069939 -0.0173858559 0.152981764
0.0696837954 -0.0194042137 0.151897314
0.0693276153 -0.0214781755 0.150998528
0.0665810724 -0.0157584315 0.154147045
0.0658755628 -0.0169735286 0.151771342
0.0656932715 -0.0185349734 0.149601268
0.0659470091 -0.0205588983 0.147839661
0.0647786641 -0.0149836827 0.154519157
0.0635225864 -0.0159959388 0.15119156
0.0638572229 -0.0173303735 0.148391735
0.0645910339 -0.0197274408 0.146347148
0.0622820552 -0.0119795606 0.152327116
0.0606045702 -0.0136104358 0.148799848
0.0611066436 -0.0156890632 0.146118266
0.0624013311 -0.0178903813 0.143883922
0.0624209505 -0.0162901118 0.141174201
0.0622005588 -0.0158287416 0.138175723
0.0604358523 -0.0138981499 0.128384269
0.0616699134 -0.0116722217 0.133415638
0.0611935787 -0.0132274284 0.130508464
0.0570089117 -0.0112575551 0.149625886
0.0605084854 -0.0111219263 0.137728874
0.0607881409 -0.0135130364 0.143450654
0.0605748443 -0.0118933336 0.140234545
0.0588674285 -0.0116684034 0.142828988
0.0593112663 -0.0125549104 0.146193521
0.0550883122 -0.0106929951 0.150559541
0.0497990413 -0.00916210318 0.151989979
0.046423575 -0.00766351656 0.153983029
0.0440626883 -0.00623734098 0.155983906
0.0420781988 -0.00323123723 0.157430727
0.0412334655 -0.00142250714 0.157727022
0.0412282639 -4.744024E-9 0.157721288
0.0541373872 -0.0111581113 0.143589603
0.0373274108 -5.79568189E-4 0.154023384
0.0496260919 -0.0103060234 0.145300714
0.0456919971 -0.00828431288 0.147647842
0.0421857508 -0.00696978792 0.150009759
0.039674654 -0.00524209299 0.152307206
0.0380464062 -0.00178409042 0.153534925
0.0373253034 -6.393954E-9 0.154025219
0.0566075316 -0.0112647177 0.138812052
0.0507541859 -0.0112065998 0.140112954
0.0460578315 -0.00952709949 0.142192145
0.0419692223 -0.00825051501 0.145360674
0.0385694689 -0.00656463611 0.147969354
0.0366714122 -0.00448508541 0.150099954
0.0354905986 -0.00135164777 0.15121283
0.0351759411 -3.20725484E-4 0.151486069
0.0351755152 -7.23912E-9 0.151485884
0.0601540356 -0.011554677 0.131992502
0.0557291719 -0.0121016936 0.13537282
0.0492688364 -0.0136985931 0.136903935
0.0454221612 -0.0122826128 0.138336928
0.0420447861 -0.0109187254 0.141327048
0.0386712746 -0.00941549483 0.144002876
0.0359307854 -0.00626472581 0.145904107
0.034140248 -0.00377069343 0.147340105
0.0331600221 -0.00123931526 0.148497647
0.0329160488 -5.38240946E-4 0.148604846
0.0329186597 -7.360644E-9 0.148602139
0.0577127247 -0.0128592829 0.130561891
0.0513775612 -0.0144479783 0.133651006
0.0420655838 -0.0135406462 0.138438574
0.03764975 -0.0111786817 0.141039772
0.0458200404 -0.0136893856 0.135221102
0.0355011776 -0.00899579538 0.143286746
0.0330902261 -0.00606012695 0.14411449
0.0315719187 -0.00339134592 0.145088792
0.0306234811 -0.00130184297 0.145736757
0.0304198165 -5.5483891E-4 0.145913917
0.0304212391 -3.269929E-9 0.145909253
0.0560659458 -0.0147804778 0.12756124
0.0502958719 -0.0167648817 0.128558128
0.0480552332 -0.0158500909 0.131670138
0.0437298724 -0.0149256631 0.134426073
0.0402226089 -0.0139867017 0.138367089
0.0352435222 -0.0120097483 0.140247233
0.0401265214 -0.0128304235 0.137378642
0.0334836228 -0.00950774607 0.141738496
0.035224667 -0.011849493 0.139965086
0.0355032367 -0.0114544437 0.13900975
0.0312130608 -0.00593550037 0.141855166
0.0298093143 -0.00323707059 0.142285381
0.0288559702 -0.00125160354 0.142846266
0.0284723782 -5.69622967E-4 0.143156992
0.0284732757 -2.9013E-10 0.143153702
0.03219135 -0.00913675287 0.139618759
0.0301011804 -0.00547113111 0.139170704
0.0293753999 -0.00402966823 0.139245874
0.0300858314 -0.00385150321 0.136666358
0.0314103421 -0.00639643853 0.137263966
0.033383838 -0.00942410783 0.138389316
0.0283948599 -0.002021217 0.139474553
0.029041505 -0.00183467846 0.136623513
0.0276208671 -5.57861654E-4 0.13981451
0.0276207161 1.4037762E-8 0.139809252
0.0281928812 -3.73026457E-4 0.136836315
0.0281919644 3.640996E-8 0.136832215
0.0309832158 1.55059214E-7 0.133799109
0.03574193 3.44376472E-7 0.131459481
0.0452267669 3.40548746E-7 0.127844603
0.050491029353476796 -3.0585351826404505E-6 0.1250643227145853
0.0309850558 -3.3772853E-4 0.133805098
0.0357484424 -4.92826775E-4 0.131472381
0.0454334683 -9.0306936E-4 0.127944049
0.050712571200321875 -0.0012097664294184413 0.12532678037001838
0.0318464708 -0.00185623036 0.133700129
0.0366138324 -0.00208965091 0.131478977
0.0461715671 -0.00283497894 0.128009428
0.05152379001248266 -0.0026855453713099937 0.12549005277169129
0.0328559253 -0.00383930018 0.133943529
0.0374234579 -0.00396426412 0.131553882
0.0465693427 -0.00505989214 0.12786795
0.05233836820202775 -0.004008688115575805 0.12518601615639516
0.0499809333 -0.014541473 0.126896674
0.0478336918 -0.0158547972 0.128518781
0.052344262 -0.0154424482 0.127005089
0.0501839575 -0.0165252018 0.128350647
0.0466184348 -0.01648009 0.129723935
0.0395280389 -0.0124428941 0.136864917
0.0426207395 -0.0144599525 0.133685479
0.0402852873 -0.0114260523 0.134567281
0.043146797 -0.0126482402 0.132315517
0.0343512961 -0.00641179925 0.135028097
0.0360578239 -0.00886618458 0.136603475
0.0377466007 -0.0109746835 0.13752135
0.038111175 -0.00599828484 0.132217003
0.0385731289 -0.00810249901 0.133493247
0.0391566422 -0.0101231933 0.134687079
0.04177285693116292 1.809446078814425E-5 0.10203053798274064
0.04178446115995273 -8.553313455178191E-4 0.1019719907473597
0.04438415814499603 -9.524818989751878E-4 0.10533895010950939
0.04444033959156555 -5.367969228004069E-5 0.10539761154334887
0.04199177338579534 -0.0017527786831040351 0.1019908175339484
0.04445227990538516 -0.0022590798053140283 0.10521636613664916
0.0424193922321576 -0.003709470984832026 0.10184286543160936
0.044630708553662995 -0.00395848803577302 0.10495106469077976
0.04277588874429276 -0.0057074759352864525 0.10198622767600851
0.04497672940724853 -0.006193332599449772 0.10485726136635952
0.04375332834879964 -0.008453289655486885 0.1021048009200812
0.045934809272460936 -0.009156900049203191 0.10514858480860116
0.045839224397008334 -0.010827213525054717 0.10272831088840523
0.04710614478917563 -0.011600087252795247 0.10508262656448474
0.046591660329678826 -0.013371003160171206 0.10228456176462027
0.04828288809411231 -0.014659722349400559 0.10445398484449135
0.04815654182594276 -0.015189397491056758 0.10218936253856421
0.04981676100904879 -0.016378976431601387 0.10431152024020636
0.049437982899753125 -0.016440999850772058 0.10204086718658482
0.05054414233327992 -0.01751312736490559 0.10393172900417795
0.05058561718005374 -0.01770258420326815 0.10161930379168957
0.0518080388088172 -0.018600580512937007 0.10351291445948842
0.051481781155000766 -0.01831197712335441 0.10112536596454619
0.05273910742699545 -0.01918304266931678 0.10295092920229502
0.05187819128366251 -0.019114474593584126 0.10037434385567696
0.05372369670951979 -0.020032478115217387 0.10226883345006524
0.05527831170064419 -0.019409319242835055 0.10069344642407652
0.055919518889951336 -0.020785591265780636 0.10233028740728291
0.057825636538653094 -0.020580418623813997 0.10115456767220772
0.05575556044459934 -0.01868048675035558 0.09929981093883876
0.05932497508875276 -0.020013794235663216 0.09914093861376275
0.0575083161296366 -0.017800275266618423 0.09883846142423051
0.06516292444951462 -0.023498699227513877 0.09478815343183895
0.06150206743170337 -0.02004429095360224 0.09588446175990017
0.060202195978849925 -0.020021725512198454 0.092458357509735
0.06492061539301726 -0.023405224837829516 0.09130599716019386
0.05954584383888804 -0.019334721301008134 0.0905952979966876
0.06493283533725111 -0.022330063268792392 0.08866040252347222
0.059297308380994326 -0.018122538294947668 0.08886937774081399
0.06468615993599378 -0.020941208171359627 0.08680591740052382
0.05918217945370727 -0.01644207330178178 0.08723061061738092
0.06436730759635384 -0.019703483895140858 0.08486341147967383
0.05902438826016811 -0.014533028644342891 0.08575548433311381
0.06388813226476187 -0.017984283124217716 0.08319324230559721
0.05909930451187161 -0.0125742098745237 0.0844424455960039
0.06348836741600238 -0.015875483333709476 0.08142495669606824
0.05929416044060736 -0.010641306361546934 0.08333959328332036
0.0626051691634196 -0.013275321069337844 0.07971581062104509
0.059570305328910736 -0.008365887254507647 0.08268973568880837
0.061601506948016534 -0.01015749577619269 0.07835733103989233
0.05817698624022021 -0.00610529602936484 0.08252330605095891
0.060048859932417965 -0.006841331898100129 0.07812187329132278
0.057214010079150814 -0.0035430004653176357 0.08199182432932796
0.05938895950733832 -0.003589781192809748 0.07698170530581015
0.05740091480874163 -0.002009866164818384 0.08174995990075293
0.05932455591550592 -0.0020829716855760346 0.0768046576895626
0.05737948816327691 -7.31000381025844E-6 0.08179722145576036
0.05934150754889967 -8.844627570582145E-7 0.07678253511488436
0.06260077620654399 -0.023364235930465764 0.0994448153811906
0.058669282123021436 -0.002280259787514214 0.07158578732199529
0.05865434962366435 -5.174394453390092E-6 0.07160629139129517
0.05932373834056718 -0.003914612977169861 0.07269408998056721
0.060541631676489856 -0.007887688967769922 0.07316050617541874
0.06253019826663284 -0.011468265664011384 0.07336344442547572
0.06412309619310035 -0.014513334573925651 0.07435561555962647
0.06545199248793913 -0.0173511823993704 0.07546361148640585
0.06664139220754732 -0.020130868051966556 0.07654842512252417
0.06742280079033985 -0.02234581826677064 0.07860717093716132
0.06777306443480038 -0.024442289095575796 0.08098472887551225
0.06790014738774 -0.025581523663177744 0.08339153246455422
0.06820213325270008 -0.027168975696939657 0.08641364691044671
0.0690433876591583 -0.02830991494099282 0.09179590339373367
0.06705591355660577 -0.027579355212133207 0.09761267062605779
0.06533762689093917 -0.02756564027546716 0.10322072351905674
0.060160334738190095 -0.02513254359085626 0.10407116457138264
0.056854201174721924 -0.025080725073818564 0.10383037929144405
0.05502728627120325 -0.024389304799274095 0.10434911067419377
0.056207671442708176 -0.022018053993970867 0.10740424485650714
0.05471137642348539 -0.020361633237619445 0.10883941422586324
0.05276183000167976 -0.018774320656988093 0.10995913727064448
0.05050594177713353 -0.016886409275833656 0.109949036307204
0.04917044883057952 -0.013851729709389932 0.11024048017954595
0.04759235108836765 -0.01014708906627901 0.10991251367674888
0.04671582514865143 -0.007793102516109741 0.10978204605247541
0.04651951599521638 -0.00453157047131641 0.10910527720668414
0.04625738171611653 -0.0028386280252020116 0.10893483667562825
0.04628860404915125 -0.0013975010359932138 0.1091940843604931
0.04623800684573718 -2.7728531789873603E-4 0.10924390955474235
0.057692230387192636 -0.002428100385304369 0.06756337752476238
0.05731250900391165 -3.000996537345487E-6 0.06767042392126624
0.05909546494973738 -0.005182669544468797 0.06749661122974246
0.060921873659524145 -0.008295855802149503 0.0682404798525784
0.06285496266083443 -0.01164381710247861 0.06895919600720972
0.06506404486893835 -0.014868910202595412 0.06978485994842355
0.0664946437064232 -0.018075811165440304 0.07063638042957451
0.06932739652673324 -0.02192112348169794 0.07222261245381408
0.0705665368667317 -0.024084696210219855 0.0773577451595254
0.07115855327890155 -0.027405250986682332 0.0847635103184675
0.06550752824943634 -0.03234165541973212 0.10573855005569598
0.0628548323920498 -0.030782534868688313 0.10624525022316014
0.06114085770358253 -0.02795867236079909 0.10811636542124675
0.05954735073093109 -0.025837799809275145 0.11015537462637778
0.05823760447529331 -0.024649379956773212 0.11196965074238391
0.056571132701715585 -0.023852907043502892 0.11338267124081783
0.054482240437702736 -0.02238488521555981 0.1145577345232418
0.05224557235677408 -0.019912908255111158 0.11524748110022782
0.05065921976598449 -0.016780916408321706 0.11595975704375153
0.05000594975705022 -0.013027183739571492 0.11614378206585556
0.048592485317267224 -0.009776141930941304 0.11653147548155485
0.047733590826976945 -0.007138822924017957 0.11635271405975386
0.047266253182639856 -0.0035560462391303516 0.11563595826640848
0.047213032431058205 -0.0013483259213341668 0.1159330829179842
0.04725576314276463 2.002897391869772E-4 0.1160899835716859
0.05762642400121841 -0.0026118134095604135 0.06426793811166043
0.056861539853605585 -4.005186600960548E-6 0.06447159546887056
0.05819913179621527 -0.005334354845739638 0.06441898284188868
0.060615037346556884 -0.0083165514092544 0.0651756081041432
0.06310976545958802 -0.011173626399801352 0.06599041849175696
0.06535637033091948 -0.014449505051444577 0.06670127736265284
0.06764705624483135 -0.018547765484611282 0.06725346562834522
0.058408859278334 -0.0027056487862943505 0.06227973610107886
0.05725132267203572 -4.25457233090262E-6 0.06252313208287519
0.05842457397259988 -0.005362398578406444 0.06205056661342648
0.06102380860027521 -0.00804490865155161 0.062362494192838756
0.0630677455091193 -0.010856534994662213 0.06277487706260551
0.06570657909414454 -0.014192672463449124 0.06341100724497604
0.05934282019504294 -0.0025489108986063293 0.059056889187622044
0.058190877692028825 -3.966699774437417E-6 0.058929825528835474
0.059540181408626144 -0.005167955271436738 0.05890292664685019
0.06160645475476078 -0.007893455059793449 0.059128098317644096
0.06378526759840632 -0.010808859304759444 0.059347417367191756
0.060650079346061696 -0.002483738033833561 0.05655507837808478
0.05985343063544828 -3.606647863479324E-6 0.056249313985810345
0.061145518912007174 -0.005066395444547628 0.0563189543876105
0.06312463752025349 -0.008101473725931865 0.056405774738031586
0.06529186039789854 -0.010925849467873215 0.05640110659251952
0.06860032571535017 -0.015274055959479303 0.05700934665811697
0.06691521622800813 -0.014444480472630215 0.05977908730640275
0.06294001800075816 -0.002611375829169186 0.05432171786960022
0.06167533252319685 -2.899290902842661E-6 0.05381083923150532
0.06351280484558919 -0.005111908693179499 0.05406294698731455
0.06569932557957753 -0.008350632811830063 0.054190934985738765
0.06772921886998753 -0.011156652375522215 0.05432632690878581
0.07077868658816228 -0.01582293327983741 0.054988965995993164
0.06771872605902077 -0.01680801247786068 0.062009706703023096
0.06641544796585036 -0.002672595523326681 0.05242132199250979
0.06467701854768743 -2.386597006946012E-6 0.05178489122551956
0.06706070644025902 -0.005371932952393206 0.052393964925587684
0.06849480425986795 -0.008581942568009149 0.05241219867102251
0.07067984192504076 -0.011484127297930382 0.05296071682247453
0.07402707073575017 -0.016142912559802082 0.05383987089991385
0.07124316588695331 -0.0026513644619007965 0.05059462951227539
0.07121541669320688 -1.3724324516103887E-6 0.05019666892973212
0.07203457639933374 -0.005415072872364845 0.05072987188405437
0.07333038222264188 -0.0086887768051342 0.05113524251859979
0.07520610897802181 -0.012146009838670643 0.05167827018134727
0.07884232437613523 -0.016611126649220462 0.05334865863091156
0.075774527016048 -0.002645553015148065 0.04933446192152071
0.07644553319352909 -7.225667567491477E-7 0.049119007553150906
0.07684286088737653 -0.005477604961621706 0.04980286895041001
0.07810828824176733 -0.008868508439228135 0.05015257634832378
0.0799263699072804 -0.01255999384329224 0.05079782845062436
0.08420453740735422 -0.017077639542305605 0.05376565751699358
0.08121845117379153 -0.0026616188326423237 0.04710202447930061
0.08168328195854084 -4.1433575565178417E-7 0.04687581738015268
0.08212771852597066 -0.005388891351229983 0.04819460359401944
0.08553763913691562 -0.012871078700879916 0.05031116769726254
0.08350213750285006 -0.00891902179875909 0.048948658156804936
0.08795620800329262 -0.0026660994260972147 0.046108973468738115
0.08675577731054868 -1.6729572955024943E-7 0.0450884535011985
0.08917805448665735 -0.005848018663470899 0.04837739662222312
0.101180668897871 -0.019619031101469193 0.05459974989121296
0.09589745689431994 -0.017908500044071737 0.055746353213409684
0.09292796207388883 -0.01427180900000548 0.0523436867167455
0.09797852104787758 -0.014304115764934395 0.05172066927126615
0.10396169036190472 -0.0062798201759540935 0.036303915012863404
0.10506965648676797 -0.010306389753219729 0.03718496484301682
0.1031251167735639 -0.009528658857234749 0.044306371035677826
0.10116881946111758 -0.005923303287219166 0.04197888229074045
0.10331601020840622 -0.002724363211768296 0.03574049315194423
0.09968531728717653 -0.0027048718171049113 0.040409738487989864
0.0984612521414378 -2.2718604258569674E-8 0.03895479389847872
0.09654446500603082 -0.002694655601341023 0.042853342914661766
0.09542029379670482 -2.083940985353728E-7 0.04149218078907781
0.0981022045911265 -0.005898571929629719 0.04466322164225776
0.11030506510214935 5.0811300663374774E-9 0.034420979611491986
0.11117440265405737 -0.002921787454458195 0.03402899697877321
0.1030638560182225 -5.5291050596185203E-8 0.03622379491990649
0.0933710207215958 -0.005870662606332235 0.04682782368412687
0.0923012792572329 -0.002682009292872907 0.044408209189346154
0.09129504877638578 -1.229927858051704E-7 0.04277598759992637
0.10330037147881951 -0.014334595787183128 0.04927771286267871
0.09542277572102431 -0.009462987334338422 0.04884592937917144
0.10036718124747278 -0.009495877914909709 0.04664216949686665
0.117112155 2.2791581E-8 0.0327078568
0.117262113 -0.00313950412 0.0329364761
0.11781744 -0.00636226183 0.0332114254
0.11201461009074277 -0.0063638587779586255 0.034064182852108514
0.10604602220538467 -0.01437269800065945 0.04641245946177051
0.09057716950675329 -0.009430361070191512 0.050056070077988214
0.08951923053238113 -0.01746851024274325 0.054798847342943345
0.09975862664944288 -0.024487260001630026 0.0589604031995045
0.09387669224737784 -0.024167369092193147 0.058573825670913716
0.10618725051211211 -0.01963890567162064 0.051954897764069224
0.0883508940543374 -0.022694510336500804 0.05716647974612234
0.10417651075778446 -0.02443797405418017 0.05715614532662718
0.1088703463597055 -0.02445002016243425 0.054284860633784036
0.1068115524776047 -0.015111709137541528 0.038537726990525455
0.11002575828712677 -0.00984291303183766 0.03425391255503233
0.118037238 -0.0094789674 0.0333615651
0.116924396 -0.0139895499 0.033385437
0.11051834845035237 -0.014194147333668415 0.0357998780034131
0.116388586 -0.0194646016 0.0338764241
0.11117316965939515 -0.021043840397074753 0.0363036364434926
0.10968824637316289 -0.02103176979550973 0.0406755634885012
0.10856351726503566 -0.019692473726738276 0.04794708857238657
0.117618564 -0.0262600934 0.0343369966
0.11396222795708527 -0.028027852059391126 0.03726423551700706
0.11295639704693833 -0.027139025415237113 0.04334263580340635
0.1112442168113069 -0.024498396025894244 0.04960395891597125
0.08383564239000474 -0.021813288614751014 0.05621821531960111
0.0788065769763407 -0.02144327663819388 0.05625065324278392
0.0755635040111581 -0.02140904909659873 0.057001503990121195
0.07245336225734883 -0.021133235205029376 0.05799544681600345
0.07053110868407447 -0.020056687855180996 0.060065364553096086
0.10675189700139916 -0.030428787545013176 0.05942437138486909
0.102569450899934 -0.030486436554619852 0.06077911488688114
0.09736063913037413 -0.02977225327005866 0.060945411060531106
0.0716580513976185 -0.021917785276170446 0.0653242962762693
0.09134028591819206 -0.029610653655565502 0.05982102138054559
0.08692659539202315 -0.02907212181632834 0.05919250557895941
0.08327668111305941 -0.02758739545975508 0.05966100593408995
0.08077735855810154 -0.026411114326801842 0.061335274992950495
0.07779333472784053 -0.025167411533508807 0.06324324231470413
0.07476856751288914 -0.023806970209122924 0.06413646407859896
0.121054602 -0.0347964487 0.0350105088
0.11704394139232341 -0.03497372746792335 0.03911429180415234
0.11627126375505537 -0.03320044436046468 0.046438773714446505
0.11402909297886159 -0.030481148143804492 0.05208807587773981
0.11156621346413778 -0.03043307093669988 0.056597498892056584
0.121763611 -0.0412088016 0.0359232361
0.11977979268281912 -0.039953833545740454 0.04166001330498337
0.1181485963915428 -0.03843400683962293 0.04842917668599515
0.1163768981424968 -0.03625004824606732 0.054217583148256594
0.1135666424223308 -0.03481048507931196 0.05834641622953448
0.10834193795800696 -0.03520372450954089 0.06030409241428212
0.10390664701812595 -0.035066115286225545 0.062108713769903165
0.09933390460338075 -0.035283323736534616 0.06232112037356664
0.09458765500273662 -0.035213602932530265 0.062364869041998866
0.09071927039628841 -0.034629995712508084 0.06270211866568681
0.08718954192133452 -0.03331535122709225 0.06336743255253009
0.08428343621583563 -0.031415817507046626 0.06541659068513146
0.081743232771402 -0.02963131297440588 0.06753355237266989
0.07831133335636792 -0.02684686612230336 0.06918893107738192
0.07439602761796615 -0.02439901069927054 0.07033066817341001
0.07584292360675195 -0.027300882301563963 0.07616712686935455
0.08048967087873712 -0.03035957287151777 0.07420508517353672
0.08441661467609486 -0.03259796818753027 0.07247199982015042
0.08750746551533611 -0.0345839891353303 0.07032237741919001
0.09013729684799515 -0.03712161905987276 0.06776294128478308
0.09438341024543562 -0.03790512722056816 0.06668553486932859
0.09762640733644778 -0.03900480806529242 0.06526939435084972
0.10157453676611707 -0.039103373526736894 0.06463422697748408
0.10575357793928347 -0.038960798660014416 0.06370298674169442
0.11019817640167674 -0.03879296148518353 0.0625630469774252
0.11504173797114016 -0.03882323881503575 0.059967660826959396
0.11801531953691641 -0.040204716120885026 0.05620553678912741
0.12018515108832208 -0.042370537624553575 0.05080561149056143
0.12260063693373174 -0.043829397230968896 0.04450307905843009
0.124471977 -0.0457085851 0.0374105511
0.12795796 -0.0494295883 0.0409455861
0.12540834726981848 -0.04728429007107956 0.04747815964146475
0.12208868099174602 -0.04621817882127024 0.05321570523056418
0.11967007895953764 -0.043817615901674135 0.058374502710237995
0.11666940857515523 -0.04245632056359124 0.06244168277651635
0.11184243340417682 -0.04236655573002647 0.06526180409578906
0.1076738860770342 -0.04239983653386131 0.06686825577401231
0.10267169492564472 -0.04274678779050584 0.06793505694165797
0.09879829646052106 -0.04227662189399851 0.06881042901474799
0.09557538187369079 -0.04126684565264752 0.07047107966649456
0.09315365631692107 -0.03926155369713177 0.07326894032771206
0.08978481804196714 -0.03730320973255201 0.07590696464252582
0.08617675552563574 -0.0351099405185585 0.07863517079501788
0.08149278128899867 -0.0332345215694776 0.08104178673929881
0.07562619035845657 -0.030287196095593032 0.08382618666477286
0.08626799237852927 -0.03862108534826438 0.0891374877337391
0.08038519785545382 -0.03622273736935298 0.09220766518738446
0.0815500392742291 -0.03506939132476206 0.08779830950433982
0.08682551913342523 -0.037036626188537 0.08488513283514425
0.08581039713081345 -0.03994880058984888 0.09297520244455734
0.07954615766320333 -0.03754967590513747 0.09603989343468707
0.09410979071349868 -0.043709698402133144 0.08226007668439721
0.09067884985205017 -0.04114161155216372 0.08558795175145552
0.09109664207153521 -0.03933467454024642 0.08148711184526727
0.09407602816298995 -0.04207751875809343 0.07816104827706515
0.1115149902422905 -0.0542600911575963 0.10441935315087443
0.10636453319012922 -0.053138784256778995 0.10729436112528698
0.10482528937360605 -0.05089288130257207 0.09917523001969943
0.10974050582263079 -0.051815115219171926 0.0959856528220011
0.10258374735901174 -0.04842478436095158 0.08695654041969275
0.10340268499265977 -0.04959842574725907 0.09190745316618068
0.09885430739540818 -0.04855508320390236 0.09495282582533267
0.09828527701872362 -0.04738812916869632 0.08968952790849372
0.10026118744030828 -0.044302637256633276 0.07403028666418913
0.0970345815830437 -0.04328860611007526 0.07598232133373603
0.07253061939658359 -0.03367210718799984 0.10462645385577148
0.07343916950289756 -0.03733285717111952 0.11020533731618272
0.06791790574277354 -0.033984597136316956 0.11134984165133455
0.071065556497692 -0.03331278590502083 0.09887175915766219
0.07298199381551115 -0.03271265068153238 0.09474893474186878
0.07440714017544137 -0.03208587432345106 0.09015738633950131
0.11019122239322479 -0.04714916735055323 0.07398455016941331
0.10518373961215415 -0.04650893790094813 0.07615538240589838
0.1038627848738542 -0.04537108342470363 0.0718944456173151
0.10890596767613057 -0.04552266360083462 0.07024459919509896
0.10112007660428879 -0.04578730869856874 0.07816645834139956
0.10186984836407631 -0.04701502402294025 0.08237892091493815
0.09767301935079459 -0.046304888349633574 0.08474289129840896
0.131087441 -0.0521670063 0.0445500886
0.12742569835274678 -0.05073355874223164 0.05076363400533452
0.12406356850224103 -0.04925705203776041 0.05625661717414214
0.12155222952020359 -0.04638910654285233 0.06126184456337619
0.11836018185462956 -0.045247506222376783 0.06485934086027403
0.11360060426251901 -0.045117575750349914 0.06849817169407153
0.1151100062821592 -0.04689696020860088 0.07148396934842353
0.11639304569861447 -0.048124721790273425 0.07433556746186461
0.11131225890193451 -0.04842375732892271 0.07740824957868901
0.12339094499947237 -0.048473802975378476 0.06419919361650846
0.125216785265615 -0.04977969286695964 0.06715401756772921
0.12139707819417105 -0.048128797751960974 0.07126740484560411
0.1200176198013301 -0.047273330427529486 0.06771402650552963
0.12969095490591936 -0.05350445922668518 0.05441230276762868
0.12633562137043605 -0.0512800183891811 0.05957196183020872
0.13345326 -0.0558747461 0.0484194298
0.135803271 -0.0585255485 0.0527693731
0.1322516872713711 -0.05523983552186909 0.05831338630245456
0.10738291427418563 -0.04860970629164805 0.08443548151566109
0.10819742032374582 -0.05011728103959177 0.08897768027918859
0.10642785335031205 -0.04736171934334003 0.0801666328295574
0.09412528397038973 -0.04608694640624285 0.09209698380675381
0.09439506557966167 -0.04707201892149582 0.09781018837693276
0.08995877322075915 -0.04476222005050338 0.10106671197580382
0.09011598308586857 -0.04370862964998284 0.09489795292078677
0.09741040079724636 -0.04481320614318795 0.08039087933771923
0.09398120972876822 -0.045130141139091744 0.08689794022371855
0.09032921133171487 -0.042642395466205595 0.08977065074595927
0.08545500438362788 -0.04149580181984714 0.09794997265832624
0.11533344592491186 -0.05192127148568298 0.09257984319199532
0.11366743931451578 -0.05076681897368322 0.08564971067693154
0.08477181471578031 -0.042926124075207024 0.10356326190748562
0.07960890506294012 -0.040279242615576236 0.10787273280343562
0.08069950050196427 -0.03672227701299595 0.10234881632577998
0.08053905153937625 -0.04283041432024143 0.11456345698314681
0.07435580607623747 -0.04043515126744806 0.11613079666366762
0.0903007982304202 -0.04736397391039271 0.10770818003421809
0.08498678287423125 -0.0459518636559011 0.1104466794522799
0.07225886699861572 -0.039136407079407465 0.11697356980844052
0.09555114455270226 -0.04849966701337821 0.10492214988929864
0.10018164747749315 -0.04986575724913793 0.10214983695202365
0.11258997290467347 -0.049142659893201907 0.08140156620092348
0.11766580385341502 -0.04920717249597277 0.07814871220742675
0.11904092597270499 -0.05075091553207344 0.08231158623491339
0.12857827519419607 -0.052856929863807585 0.06268908100673695
0.138869634 -0.060020131 0.0577142288
0.13469436576406665 -0.05653904162628964 0.062496020452060715
0.13067352543694993 -0.05361408579070815 0.0666608270545792
0.1269030039583105 -0.05026855199141109 0.0711524461421274
0.141620613 -0.0601190937 0.0633617262
0.13703854503366128 -0.056564866489126696 0.06746703666049986
0.1327453703637925 -0.053699926936741166 0.07119141989625319
0.145855656 -0.0590448974 0.0739914815
0.13970924941225576 -0.056107243834620714 0.07727872644677615
0.148687907 -0.0583868624 0.0827127864
0.1404452080514314 -0.05510884943202987 0.08594840472025893
0.12301771238283477 -0.04860524213873062 0.07448879514679328
0.14184803229050402 -0.05538488188163497 0.09547037055660727
0.15184601517539062 -0.059314132757059344 0.11123712037567454
0.14668574195359754 -0.058463580243313246 0.11359856352587686
0.13884354578751124 -0.05525096063329839 0.09847765565157315
0.151629685 -0.0587085008 0.0917263284
0.156981185 -0.0605193545 0.108970694
0.160723344 -0.0615663143 0.123671338
0.1556187816010535 -0.0608716162446986 0.12544365327156218
0.163848917 -0.0627397208 0.136288304
0.15844412307916472 -0.06236377102147339 0.13733785973619322
0.15034130628008507 -0.06087863129849582 0.1272451366476236
0.13534126707493485 -0.053854005301435734 0.08883246360130923
0.14116341298240523 -0.059240653558721365 0.11586296845489745
0.13669568184323425 -0.05635807608041548 0.10141969598769374
0.1351585554477083 -0.054435536714854675 0.0796799341544002
0.13080912509293766 -0.05317449483041546 0.08234321356416247
0.1283951790518939 -0.05101681699836892 0.07520434805600403
0.13296981519031628 -0.05447865704855961 0.09145564977144194
0.14443806494653982 -0.06147527387587931 0.1291781651032115
0.12327246847645773 -0.05057468304022201 0.07871131573406064
0.1257911451567996 -0.05216611543845975 0.08539685371986279
0.12074258914607992 -0.052267501976972094 0.08889082432994
0.1285668419128699 -0.05459718734744411 0.0944924837808865
0.12602867615756563 -0.05804623605772226 0.1080292972632375
0.12841138026496354 -0.06220263854147393 0.12077900776427926
0.12221729557255662 -0.06263980768731595 0.1231412744482861
0.11985810228081314 -0.05849356897949251 0.11093855587044756
0.13187843393834758 -0.05727361248513526 0.10441708828373826
0.13555590505906112 -0.06087661400568768 0.11838045005312386
0.12319453016609762 -0.0545243980593532 0.09776422272347812
0.1174568109495964 -0.054412722074598636 0.1012861698061731
0.11339067974216298 -0.058078566421337956 0.11387431540553442
0.10810980380767382 -0.056731355441732724 0.1163581720071594
0.11570468023156492 -0.06182220704185238 0.12568447990964676
0.1098658906012006 -0.06014516426887042 0.12809523035744327
0.10150406085401412 -0.05224636641113749 0.1098173223485724
0.13808243044728796 -0.06262361051939007 0.1305715718938247
0.13121612015165643 -0.06424464372860438 0.13216407574408096
0.12441687865169575 -0.06432752164677327 0.13437701001472743
0.13315354878665808 -0.06559364618194903 0.1420815619896367
0.12775675190682517 -0.06633221251568272 0.14610469906784013
0.166851838 -0.0636320623 0.148473292
0.16124556834494808 -0.06398103434096464 0.14893639895302394
0.169430921 -0.0648282314 0.159321088
0.1638062115334935 -0.06547995775317969 0.15946708788335615
0.172041148 -0.0679467841 0.169435925
0.16608429523922777 -0.06807251422123763 0.16927572001163177
0.174361365 -0.0704904233 0.179181822
0.16816014109346317 -0.07071156635523067 0.1788074547362586
0.176683192 -0.0714499149 0.199198108
0.171073844 -0.0700585546 0.199826709
0.15296662763016738 -0.06167778456262732 0.13858396526960948
0.1556526026740825 -0.06254123745936734 0.14957842754932266
0.164753946 -0.0690068102 0.200275977
0.16125199090563502 -0.07103825381634772 0.17864918753744735
0.16016792224155008 -0.06664236962072195 0.1695658046941322
0.15818638061987417 -0.06409881338953677 0.15976769582807926
0.14665772338284344 -0.061354666292993264 0.13979608718908051
0.1492450652928192 -0.06233458080270797 0.14990480139404996
0.15201240741089192 -0.0633653885582352 0.16014584572159302
0.15449007744579749 -0.06543660737202754 0.16990124828294564
0.15610947113239396 -0.0694690828719159 0.1790545146565548
0.159536295 -0.0689741338 0.200113179
0.151625583 -0.0735430997 0.198448262
0.1490865033727108 -0.07114277808625524 0.17873562661119852
0.144916495 -0.073017101 0.197850598
0.1419654558441661 -0.07102682780593102 0.17944053684599284
0.1470630689613975 -0.06896892369087125 0.16895087421870983
0.14018224165142248 -0.0693782680020577 0.17013578981625418
0.14487544125403579 -0.06700841026614787 0.1595760486762731
0.13801355477592664 -0.0676797848781965 0.1608852215782952
0.14276786552380305 -0.06555268374606144 0.15061020678598486
0.13584709288943866 -0.06622652039092901 0.15206130449399607
0.14046812264429587 -0.06447658213384755 0.14039082669861713
0.1294185656022349 -0.0666645259358268 0.15314178468519665
0.12096311841411685 -0.06408494559770987 0.14602367445617448
0.11824684056606571 -0.06339218303048284 0.1367758830299157
0.12314703698436551 -0.06599277206292327 0.15488158249290732
0.13149864369119746 -0.0679090852871502 0.16221942920808705
0.13334804938682687 -0.0685031071620069 0.17124368332676862
0.1349464559413104 -0.06980389063605398 0.17999903698148043
0.138174412 -0.0719364736 0.197123878
0.131001332 -0.0704272468 0.196260032
0.12873599662885235 -0.06831425578936026 0.18057997633945724
0.125701637 -0.0686121133 0.195996246
0.12316270978048569 -0.06745778302323564 0.18079650213921092
0.1269371409281773 -0.06748675224684707 0.17216078868312074
0.1250378003074052 -0.0668120558757731 0.1635556297474736
0.1212046371114202 -0.06647148439917114 0.1727824280970356
0.11940654822608983 -0.06542398190665695 0.1645208498238638
0.11759538604757447 -0.06386723470738524 0.15616283889853894
0.1154076182449255 -0.06182061875588227 0.14768528289866073
0.11283400119403 -0.06152794299884775 0.13892774834482652
0.1113843997258057 -0.05960357482544385 0.14908710102811515
0.10874589713163717 -0.059320035739449314 0.14080133617631677
0.10802661165271826 -0.05782625628253077 0.1503651592836554
0.10498944022104892 -0.057689870024561794 0.14232693973391036
0.10122116280424387 -0.05743345075618159 0.13090906080108236
0.10503147911931929 -0.05856368592539846 0.12970759432045184
0.11324409109663285 -0.06154695125490273 0.15736854900034372
0.10936708252199573 -0.05990932700202372 0.1581608436478784
0.10062379510075758 -0.05646386277695896 0.14300521284596673
0.1040508014301987 -0.056280246824179536 0.1511400535563186
0.09880753535544645 -0.055129355715139945 0.15148913798738473
0.09595593560191377 -0.05539605889898605 0.1435274969969742
0.09899884765789738 -0.053739309625635376 0.12075814260355329
0.09454928347138951 -0.05234577071511054 0.12267144837899784
0.0918183532206819 -0.04971663417741784 0.11491006315707734
0.09708094778967402 -0.05071840378022474 0.11247743722894746
0.09797815113168969 -0.05657215018023295 0.13198936745104722
0.09362916869120598 -0.05553593537052918 0.1332996058710134
0.08978631586069839 -0.05160061380862075 0.12432970388401397
0.11038992918609349 -0.061582411830945795 0.16621844146573
0.10612801167710044 -0.05999431733567821 0.16683378110813726
0.10570293963756434 -0.05828126710048663 0.15901478513397255
0.11459718242618049 -0.06351693337690587 0.16545442605514543
0.1161864415542252 -0.06495178581614491 0.17348407006508898
0.1116336144365047 -0.06300663453805873 0.17421669074874635
0.08339043737517524 -0.05013174994564367 0.1271099571460314
0.0782993078159732 -0.04887031139047448 0.12833779521013616
0.0770143896896355 -0.044345361180830614 0.12312394951773793
0.08231871963771925 -0.045911717657549686 0.12166527876956025
0.103196970877642 -0.05535362500410025 0.11859513788684461
0.0868080525067558 -0.048545238945691356 0.1172259669008634
0.120183102 -0.0664848697 0.19586377
0.11801208660003952 -0.06578848514212084 0.1813563427831084
0.114749897 -0.0643190173 0.19559565
0.1130878737381477 -0.06385989208866949 0.18193577984574483
0.110022221 -0.0620341181 0.195734139
0.10837241614184571 -0.061558804425803464 0.18240350565778016
0.10700868932636626 -0.06119388682130972 0.17475479553191556
0.10099614791824366 -0.05677754124943343 0.15955160647310887
0.10234301112628746 -0.057575931688164356 0.16766246088603737
0.1027258197809437 -0.05882947596137725 0.17517182733831066
0.10356644390246177 -0.058926504947865936 0.18264203183661007
0.10443555 -0.0605554789 0.196067324
0.0993276709 -0.0581123163 0.19633592
0.09871853224483487 -0.05603826904790322 0.18334350925529255
0.09797125137547473 -0.05498708627827085 0.1764426368232305
0.09804690939394949 -0.05275757445145709 0.16979930216239675
0.09417688714416013 -0.05781998450777325 0.15911084784412344
0.09165050653639081 -0.05713151199571912 0.15075745464776508
0.08984897386001639 -0.05638946562581709 0.15968842417944124
0.08758969684143016 -0.055770378270005944 0.15135955070993953
0.08880808311129317 -0.056153965938454765 0.14303326234262279
0.08388528265622208 -0.05474944654190343 0.14371973903752516
0.08581591999574059 -0.055050608183837495 0.13528547791526
0.08025372282154909 -0.0535781201425563 0.1347505420688597
0.07690525382657329 -0.05258055247686093 0.13662893933957113
0.0742461743911637 -0.0503223395554221 0.13879966505244823
0.07251650692796924 -0.04473856405000404 0.13081349165833658
0.07518147541633884 -0.04735668999130015 0.12935695833725647
0.07046812288291213 -0.0385314536574229 0.12536749587828047
0.07363079613163044 -0.041640329368386034 0.12385341743006295
0.06925812021828806 -0.038178355565924325 0.12939062776610924
0.06685651621828917 -0.03227203585068092 0.12883086998828785
0.06520625386863185 -0.031123964982689007 0.12444369964709717
0.06857082260148573 -0.035834841234291814 0.12483215339615468
0.09259343191157399 -0.05217268291222186 0.16943991591212607
0.09279767917238262 -0.05271968784614924 0.17649748676356877
0.09350645419233466 -0.05326126630502093 0.18341344267489088
0.0947766772 -0.0547878831 0.196203969
0.0905236704 -0.0531615128 0.195444183
0.08845285725042111 -0.051422617205200104 0.1835177925848487
0.08756944501295069 -0.05262783792745245 0.176055972082855
0.0874227358708045 -0.054509547127776656 0.16859794134471293
0.08746549302639614 -0.05568611031761522 0.16000617841305037
0.08483058858465957 -0.054641240307452585 0.15211513739200044
0.08218719865545296 -0.05307489522416929 0.1455046066396828
0.0859619064 -0.0519610187 0.195375512
0.08399425982730312 -0.05088444309826618 0.18404545403786657
0.08282676947748331 -0.051850860244765595 0.1772045393223185
0.0643758437182455 -0.031813142065200736 0.11340278175576286
0.06197303765585451 -0.03009425578052211 0.11452648916558278
0.060557557968084666 -0.027954511364037985 0.11634839679642317
0.05879416802158262 -0.026217779787472154 0.11750121557060945
0.056003145323326876 -0.02371919228235485 0.1188311912320583
0.06921739814857505 -0.03618492349098232 0.11857109525758838
0.06633303623971618 -0.03247411417823681 0.1202322535465266
0.06338939748017668 -0.029668671550611075 0.12026452636657008
0.06276864785447205 -0.028119696234645844 0.12481726366459023
0.05989100446856239 -0.02441258977716053 0.12540012535427741
0.05854376657842708 -0.02432742230439131 0.12259862625542764
0.061198379935779146 -0.02708423641301612 0.12167773711003184
0.053948302107738814 -0.020448027494299435 0.12030801860773446
0.051765403783616215 -0.016961253322850957 0.12056227658928385
0.04776696414534986 -0.00902965335087726 0.12078501895019329
0.04663885145628801 -0.0063818801713558145 0.12065334905094637
0.04616356953377112 -0.0031918013718596535 0.12002076879868273
0.06427601408342884 -0.028224869218840886 0.12862736226416813
0.06088004684715954 -0.024049349325492585 0.12858065106885663
0.05914665223950546 -0.01835013220603563 0.1299733399980275
0.05787705454774 -0.019806641472495137 0.12637822504385093
0.07109923263855988 -0.0444433147854055 0.1357391752935224
0.06911297547989094 -0.03868535073605147 0.13426965238843122
0.06679222062349258 -0.03309409617915894 0.13284400586502698
0.06785235324360954 -0.04103972506608687 0.13662030849142442
0.06637586447955938 -0.035054776262385554 0.13511841683979212
0.0643924043035589 -0.028232044891840825 0.13170861185789431
0.06159169488852469 -0.02318756382676408 0.1321051427466152
0.05539312672658691 -0.020596897620788042 0.12377126713029867
0.07388754350694887 -0.049814952740782036 0.14228319607204895
0.07966387952590061 -0.051929337033758585 0.14759859810450687
0.05827899559738397 -0.018605480684457925 0.13353498532976382
0.06167680575032639 -0.02308608803773635 0.13542492767651193
0.06463947425891049 -0.02849571027227886 0.13472403944295283
0.08250631520035129 -0.05417342221202772 0.1534714240734115
0.07326646808175213 -0.04846184347054677 0.14525823314746658
0.07791455504091536 -0.0515961115268248 0.15027056485022522
0.08401646263736165 -0.05394588617550852 0.16785300029552103
0.08482418485531142 -0.05509845692193712 0.16071245473128024
0.08223962687112486 -0.05414253932313787 0.16216683305600588
0.0805509361086619 -0.05398491027336978 0.15587846433510394
0.08107576925471797 -0.05281900093029585 0.1670576714848507
0.08066883601267208 -0.05135056300974829 0.17314568091577573
0.0783769558123804 -0.050657107949482034 0.17066470757017516
0.08003008352952998 -0.05245005371971163 0.16339355133035674
0.07876465834277181 -0.05125054469284145 0.166859729517983
0.07976853777059895 -0.05104949567336759 0.18551793437690087
0.0815885826 -0.0505494603 0.195182428
0.0756340668033661 -0.04995391106236621 0.18640302513804052
0.0775204927 -0.0485267803 0.194857688
0.07153169763277312 -0.04753549594267279 0.18704788379216222
0.073382097 -0.04651537 0.194718017
0.06800223430703169 -0.04339878405648944 0.1867068393659244
0.0699221669 -0.0435758596 0.194483856
0.06476084799341078 -0.038548739055649726 0.18661514861466197
0.067528456 -0.0395600195 0.194272039
0.0655906723 -0.0349975135 0.194450774
0.06186370997424531 -0.03458264560560006 0.18684009925761577
0.0627445468 -0.0309949019 0.19507788
0.05934607471750824 -0.03002229721833705 0.1881453156399126
0.0602512046 -0.025611262 0.19596005
0.056602099766655506 -0.02548031333320749 0.18904348775322738
0.0578146641 -0.0196778809 0.197073403
0.05457795091988349 -0.01788613584964632 0.18937731371678382
0.0565376641 -0.0120250111 0.19751805
0.05359208915147284 -0.011973172332676333 0.18937937682629727
0.0557471506 -0.00378053379 0.19762447
0.053873353026207056 -0.003977431634408043 0.18895849088931982
0.0561339528 -1.298367E-9 0.197495554
0.053939092482125486 -5.668852952315115E-9 0.1890963268678448
0.07861202609315845 -0.051491868159975356 0.1790241398678514
0.07420987109033562 -0.049847245673792104 0.18100156507323445
0.06666435447188003 -0.04347244070729054 0.18254719018771012
0.07035343926029254 -0.04744853750114243 0.1820806558273353
0.06397561151179844 -0.03868410352068429 0.18189944767857086
0.06056830699822351 -0.031940116321239685 0.1827876044711916
0.057061931770951216 -0.025629266273753414 0.18458750433426618
0.055030594107770656 -0.020314683794139886 0.18482067173319128
0.05379616377547151 -0.01569705961306907 0.18415159492535516
0.05305038413966726 -0.010748567219067341 0.18375041805715558
0.05321892398777269 -0.004332497608464732 0.183198102510348
0.05327551401477249 -6.371104286179748E-9 0.18319650207822646
0.053903261238015275 -0.004211839229957849 0.18055037073251204
0.05409048331767659 -8.966707944208166E-9 0.1805509780008084
0.05410662501754306 -0.009198561570396108 0.18027788125078387
0.05488920310538515 -0.014323384250194915 0.1808522245950935
0.05612025890550795 -0.019618064325113187 0.1824744728396919
0.05793803196787277 -0.025500895070148095 0.1826644882750767
0.06080432507110149 -0.03197843179076694 0.18101201411587683
0.06363145916277058 -0.0392274348395483 0.18021694821238027
0.0655568269332054 -0.04299569854131424 0.18053177860144362
0.0688620860778522 -0.047521876880379565 0.18018278435218976
0.07231303417998795 -0.049702275609877375 0.17885053150449842
0.07730276420837608 -0.05168092456860045 0.17588633746419013
0.07592941551576898 -0.05109795770148926 0.17318741231630613
0.06155119885072336 -0.02367850650581761 0.13833570201519033
0.058749378746587616 -0.020009402003863485 0.13962844088608894
0.058218797647282744 -0.019237487952580522 0.1368908123557194
0.06157178645730885 -0.02470373269550503 0.1411842083361908
0.06451032165770032 -0.028790516677993122 0.13761661332233355
0.0643782549733058 -0.02926279751162617 0.14046533522731353
0.058802884572715826 -0.021843131126173795 0.1423573820142454
0.06418851832083702 -0.029463309884412054 0.14212653743774428
0.06208888747428531 -0.025673416264989053 0.14366463187524162
0.06652790299691476 -0.03490072035097057 0.13787528966137363
0.06573723692071937 -0.03484947736791865 0.1405888572923885
0.06543288922942743 -0.03463865215458417 0.1419139911006245
0.06995379250641458 -0.04620365939287051 0.13890599878372392
0.06984822281743003 -0.04498910601390251 0.1418044544840506
0.06727707422473549 -0.03966140570971576 0.14153803735843898
0.06780062799752451 -0.04040514231826805 0.1392261763358821
0.06905351893934332 -0.04350501667064671 0.14403011548976366
0.07240943358112578 -0.047056171126959666 0.14791492356555805
0.07655070995464955 -0.05068714798482918 0.15345528825392857
0.07899831455897897 -0.052943343829192684 0.15847976258619606
0.0766828766784009 -0.05056082543847995 0.16905669620077873
0.07450867610848082 -0.050534740572390095 0.17114756789816832
0.05453940288168272 -0.0039248576068602 0.17791899016513196
0.05466451943576789 -3.5760344481650916E-9 0.17803542955508492
0.0549628393722989 -0.0035301449218603826 0.17479994250124678
0.05471289450333684 1.296757096416407E-9 0.17498939957456552
0.054276323856242904 -0.003218504654700774 0.17193009827487582
0.054259765378587156 -4.242935509425565E-9 0.17209578708826526
0.053118981054090485 -0.00304585755444933 0.1700169154429886
0.053238745633092 -2.9930777311743555E-9 0.17002213420648643
0.04610358468933019 -0.0014181944575485954 0.12031172117854504
0.04596201992825711 4.360891501047163E-5 0.12111871729357308
0.04283454082832368 -0.005705697724680678 0.12494801382952851
0.04276243534827149 -0.003290939566275539 0.12452363239864428
0.04191684556582137 -0.0013717608990484577 0.12445939647115217
0.041340786513852756 3.891863401579839E-5 0.1247657381015208
0.03863010509343915 -0.004791979237696281 0.1282345915251326
0.03783885285716887 -0.0027879033712473133 0.1277222046659125
0.03728342504883928 -0.0010875007296707957 0.12752895204947196
0.03564610234172366 2.271972163999255E-5 0.12759449701672562
0.031351260995144424 -9.036708825125244E-4 0.13035433509881103
0.030985777506543286 7.438582579942094E-6 0.13015444210375826
0.032077487421272345 -0.0025026487263045687 0.13052597024118848
0.027834653602445143 -6.929581018958467E-4 0.13261345397740532
0.02755211678873658 3.2777739733445727E-6 0.13250768435385923
0.02560318316086849 -7.50348651575067E-4 0.13587916589611795
0.025322132435327126 8.994270393268291E-7 0.13593543699301144
0.02642995478705441 -0.0023608811228382513 0.13576430114054375
0.025773271864579065 -0.0025414309774185826 0.13871569558179583
0.024995350211120558 -9.136294188346059E-4 0.13907285510578504
0.027551297114312343 -0.004392510143978057 0.1356340814409996
0.028785122715317694 -0.006900556698961618 0.1357556608344751
0.027804156869510935 -0.00659809456337882 0.13791944893085148
0.026808790651083814 -0.004555503216260804 0.13830181806330583
0.05093808103210689 -0.01519609116756142 0.12410905311705082
0.04905062761649567 -0.01407298277856048 0.12383650523288516
0.049790198002782546 -0.01253852956579797 0.12088057414120248
0.051090806606498854 -0.014745401286600799 0.12088466895209596
0.05438254963334669 -0.0182553206919468 0.12416593283199533
0.05266923008324628 -0.016468441353492333 0.12432155440527196
0.03291318658096936 -0.0042937466054260714 0.13093109770047495
0.02866712684149245 -0.002335076632247592 0.13269524009221612
0.02974323716093087 -0.004214598278639134 0.1329846937824508
0.024767590826229896 1.4434697461668663E-7 0.13935941087556983
0.031039829940378977 -0.006754662051337493 0.1338148338383213
0.02627336783095155 -0.0010183503744780774 0.1427119526434051
0.026251348792198353 -3.4211206459724103E-7 0.14304346652756084
0.028048872694247485 -0.001048360308543796 0.14549772092595395
0.028065370990896916 -2.7333998925044694E-7 0.1459541573433889
0.030149075861697454 -0.0011218584313451956 0.14798041075034396
0.03008501114034671 -2.056390692801206E-7 0.14828812246696804
0.03262068547609172 -0.0010595974566804131 0.15056116760336458
0.03222840922048949 -1.1922802448727457E-7 0.15091479404464436
0.034772122524692334 -0.0013038980851722629 0.1529211376643687
0.034492164944769525 -6.112847671156645E-8 0.153400425666161
0.03771711880177305 -0.0018030135515627725 0.15578573662169726
0.03746161869426482 -2.135320773721194E-8 0.1561970689461501
0.04200249030675707 -0.002825697929346659 0.1596017886749026
0.041967920397178164 -7.789789350516337E-9 0.1597225559860464
0.0444410738516427 -0.002752340656973353 0.1616151946819765
0.04678746481021712 -0.002743893219981133 0.16349831806225135
0.04695688353873687 -4.768294765880353E-9 0.16361360795081303
0.04453414912316565 -4.564059209584117E-9 0.16169210624996552
0.04893431432206127 -0.0029137855798564145 0.16590102344140625
0.05145606736261765 -0.0030938687074208273 0.16816573022041556
0.051616655336559576 -4.003343401670252E-9 0.16795408914412305
0.049299880872256535 -4.616994790685226E-9 0.16577469351935376
0.054993172330651374 -0.007773929967333457 0.17795267318566993
0.05551014006175384 -0.011571278175101065 0.17785115734525636
0.05768825414343548 -0.017356807933012232 0.17893221695169695
0.05836674092311935 -0.02098679728414539 0.17947964370357844
0.06015155582119088 -0.021195569324747685 0.17818618524836138
0.060999247242285115 -0.025989982121738205 0.17835046536203242
0.05966260221052627 -0.025747060608833125 0.1794907405597597
0.06373802637999773 -0.026173537030796536 0.17623765753244613
0.06552021831830165 -0.02528462470621178 0.1734728359932832
0.06410947001767243 -0.029953588162844127 0.1728939144442077
0.06400377233905254 -0.031126616472754828 0.17565216682028548
0.06479008797397237 -0.03516741397044122 0.17477776395277347
0.06423908338591952 -0.03418542403066105 0.17180618675220363
0.06566046596239487 -0.03735209552797216 0.17018178806339307
0.06535011389968354 -0.03834651824435542 0.17336944323882475
0.05586053316198935 -0.006041600719797314 0.17450244131498935
0.056666877005991795 -0.008982818169380624 0.17389863549439227
0.05593487954157713 -0.00815973986025983 0.17111493847953674
0.05517103658854107 -0.005284842037882852 0.17148617042728567
0.05483535558891154 -0.007402452631884573 0.16861350226454963
0.05398801013421074 -0.005111544691386111 0.16913651579650832
0.044795394655317095 -0.007326368361803053 0.15730087705455745
0.04271989832536857 -0.00501855215582455 0.15902576636294186
0.038683430501004 -0.0039006565321902135 0.15543337113456263
0.04056843243040177 -0.007086920423126862 0.15404831952224038
0.05313245151750256 -0.0066330976244030025 0.16664878955429085
0.05228919721535101 -0.005223385982573183 0.16730243575691872
0.04987849617451424 -0.00514822578578379 0.16548235756434282
0.045226200240337446 -0.005012927539084545 0.160985977940886
0.04773678189021667 -0.004886800377246267 0.16298672507168746
0.047341004866318113 -0.00732445968077255 0.15934494379011244
0.0355628757771587 -0.00303136925380219 0.15248844321006436
0.027508057873736936 -0.004490237001478613 0.14143701347780926
0.02666793334614472 -0.0022801930532231943 0.14221163044960577
0.028859459212556688 -0.007151740702114122 0.14085173947920476
0.02917063754986942 -0.004672288123833702 0.14433401358626996
0.02822273535114795 -0.002428296714295392 0.1450779022011481
0.030528721279682456 -0.0025616454280462326 0.14781579865858374
0.03305223607541806 -0.0026475107645454717 0.15031892509428246
0.031520136648642484 -0.005150497880102478 0.1467144678087075
0.03424306203867838 -0.005782248847837227 0.14914339316877975
0.03716892433387266 -0.006565472997852005 0.1511948291621556
0.030683993619544443 -0.007427929680760008 0.1434155802336214
0.0343465837731148 -0.006280224802206595 0.13193079840525138
0.035523474725555504 -0.008702095137609443 0.13349036482819754
0.03319414671133182 -0.009428161892580432 0.13547023252499715
0.0362078329995283 -0.008044808618809202 0.147144105873932
0.03340822680238526 -0.007741569856296055 0.14539505911875872
0.030663921957624057 -0.009927294028915224 0.1366092248552631
0.03689507369583669 -0.010986810781581967 0.13458181770721359
0.03519606083445387 -0.011883436470720274 0.13669596082401084
0.033189817540971306 -0.012291991648432024 0.13751639407934652
0.03852782762474087 -0.01257960854881191 0.13412711055959584
0.037663795472702585 -0.013727275082632473 0.13624867449986927
0.041210471594984185 -0.014005504295134317 0.13176966973768844
0.040668836659330146 -0.0158184614400013 0.13287883886987656
0.03800481381082034 -0.014227027565147137 0.13709308670901282
0.044480903946711496 -0.01639145513512859 0.12726962951545862
0.043844102825224496 -0.017220536533079752 0.12848448729231976
0.029849742479189836 -0.010013790831173796 0.13792554564252965
0.031109401971553333 -0.010715895053069302 0.1405687824309369
0.032909406010625884 -0.012722037975741169 0.13842901479016703
0.03961577103077691 -0.008362345400186592 0.1488897843981727
0.04311827827295808 -0.008556574684686048 0.15179310765321596
0.047613394761008516 -0.008853000857282042 0.15524235276217543
0.05051200463842075 -0.008955819712868615 0.15811979831163228
0.04648303621806159 -0.009924326473881074 0.1495854033295793
0.04306398909530915 -0.00976253321495791 0.14663578387581963
0.04584354586454009 -0.015804209678291044 0.1249938736683489
0.047890083161185655 -0.01290621697588354 0.12336443732029899
0.04780303491805224 -0.01697801151997638 0.1254496872311556
0.05077204279132725 -0.017164270353078725 0.12614519530625581
0.04618663684575766 -0.017586663872740747 0.12674939934733845
0.05565296980169875 -0.0163906721537567 0.12701897583359079
0.05754789436395962 -0.01533042169285238 0.12932459684856157
0.047118747434242145 -0.01829715637344967 0.12770016427424466
0.05242867968997991 -0.01681632701201015 0.12969020883542018
0.045191974725445956 -0.017435785511452515 0.13014762819226575
0.041425085326979 -0.01624421356636415 0.13377215800743192
0.03799040959829738 -0.015375793805660995 0.13783579656859732
0.03401659906833399 -0.013136065324386166 0.13977211767502248
0.03324413151793945 -0.010769181047751512 0.1427157614621015
0.03596220379536897 -0.01315739665561553 0.14095958243638598
0.03614281532392208 -0.011270684775123864 0.14389120162232116
0.03956435546998139 -0.010159950146960136 0.14495368223915392
0.05054519331785861 -0.010477581993524944 0.15354759211232522
0.03955722473129961 -0.013069527621393979 0.14162306526441304
0.043655650980191495 -0.011455651086848073 0.14168712036782397
0.04688610614461347 -0.011987709027463898 0.1439495998272536
0.0522217890462111 -0.01178234573092693 0.1489338377111441
0.055499229462904316 -0.012068871071320163 0.15247047808891515
0.03915890834682004 -0.01545941135212581 0.138109459032028
0.04305863099273268 -0.014327006287607217 0.13831869822795043
0.04756288678248461 -0.013133082568619808 0.1389682826732617
0.05064701107987799 -0.01375751870377441 0.1421643053531185
0.055215283554405706 -0.014274102345032746 0.14106723967140844
0.05188569154758553 -0.014349719101438976 0.13766986857717434
0.046473917353516 -0.015326222625600443 0.13561732759724265
0.0436845645028079 -0.015715065296426727 0.1346223064619921
0.04779317051546344 -0.01701082992277859 0.13215423354377018
0.051453512307530924 -0.015684490025559935 0.1339862807300587
0.056547399111212315 -0.014046665138593548 0.13636462876355246
0.05564679992691184 -0.015001554119542453 0.13110096577435937
0.05750000570295249 -0.014592903290065322 0.13246703685830596
0.05474181952313072 -0.012185704909292395 0.1488859769563308
0.05721011410289989 -0.014339162779718853 0.14506619113527555
0.05736793790188224 -0.014886511826136631 0.13926607764569116
0.06685067267891455 -0.03928760911836671 0.14273288471658957
0.06689015786545531 -0.038680324862683066 0.14438231064369345
0.06560926823584612 -0.03423073062563596 0.14381995850854296
0.06449673014125018 -0.029604018724445007 0.14438812992833597
0.06874442894539236 -0.04282867145589244 0.14532406450578225
0.06337495548309369 -0.026296485399586497 0.14583740495044595
0.06915185985199733 -0.042296379521549465 0.1470378381258236
0.07202696813367135 -0.04609790980506973 0.14940320949315647
0.0728360774232602 -0.04605099834939009 0.1519110740165601
0.05705827836412377 -0.01745366682781083 0.14170625001039716
0.05760295153816674 -0.01940504511156598 0.14432882247932025
0.0605437058668433 -0.0235392195197358 0.14503277031705264
0.059724365459812134 -0.021152958322932985 0.14673667741197302
0.062483698369157466 -0.024360738661628984 0.14702474307287694
0.0619140303108817 -0.02224942189934686 0.14844714536742962
0.06616532980414719 -0.03022147185703696 0.14870064660091936
0.06616482672455846 -0.026646898731684358 0.14978618037051447
0.06712016797743911 -0.03415214942823711 0.1480529006081067
0.06903111110954595 -0.0383850828974624 0.1487806563842653
0.07303128410787717 -0.042813434087415725 0.15227654196859464
0.07449901766489292 -0.04514976321691764 0.15809550628265137
0.06626534542693217 -0.02436602420684228 0.15036886856643722
0.06661655293103719 -0.0222948639335695 0.1509712090730138
0.058701232218273225 -0.015360014201357323 0.14767975100482586
0.059752639652875965 -0.018629674469651178 0.14871955174518364
0.059052690216576345 -0.013459548036427698 0.15066897428187195
0.060400927835204454 -0.016651871544511643 0.15230588449316132
0.06154188662147836 -0.020279219605599794 0.15035553674934227
0.06715487044341677 -0.020199503706002653 0.15186107630175308
0.062076621939481644 -0.018478734990865796 0.1528732018952163
0.06760461382118278 -0.018273809612043182 0.15305990605388192
0.06777294764367985 -0.016678677005854334 0.1545415132875305
0.06434514794677094 -0.016482222892056517 0.1551128162931912
0.06175861914336042 -0.014856058264091792 0.15529025796433635
0.06787301265847419 -0.014506247909439643 0.15729254567178833
0.06558401953047328 -0.015490208277676857 0.15633098943395007
0.06357938724353387 -0.014208696986246185 0.15843936371119274
0.06595813287135112 -0.013366968484194884 0.16167080662834557
0.060218172025222755 -0.013456254620806227 0.15470331508085652
0.06181822570511689 -0.012501737581196392 0.15887140220620077
0.06340589902415547 -0.012051420949765256 0.16249461090723222
0.06662810913292772 -0.012981762011902686 0.1627341805462521
0.06392410207539294 -0.011388209261893888 0.16441297374463926
0.06671098826880065 -0.013098179690408754 0.16377907618363077
0.06395828811944636 -0.01149804727003522 0.1653718683307831
0.06671203590408863 -0.013428487397937035 0.16469004464350678
0.06400768364869948 -0.01190590583590987 0.16624288844851265
0.06665881554009097 -0.013916813770183126 0.16553286068263165
0.06401561705472299 -0.01248977855359061 0.1671309554654294
0.06651534860289982 -0.014552062307539406 0.16635526915483853
0.06393330728184318 -0.01320555564256139 0.16818251924920363
0.06651384517706986 -0.01587003432419032 0.16811677135240954
0.0638094900587599 -0.014859202486402287 0.1706622744903148
0.06682010826382885 -0.018149563618818157 0.17039044335738893
0.06422174718784553 -0.01791714458218163 0.17362633143324993
0.066669491909826 -0.0213440526281171 0.1726024466002143
0.06404756035731089 -0.021653804375162164 0.17594102196379074
0.06062958003590269 -0.011939880924074437 0.1704910251109625
0.05990990983631983 -0.010268708003913768 0.16896345629262183
0.059821338060019554 -0.009284061114895242 0.1675715403933448
0.059897724495059985 -0.009005718693043152 0.16616852766773946
0.06169957067192128 -0.014378822615468068 0.17296155937494603
0.056776531763646054 -0.008305715653043453 0.16838402968598046
0.056343361408366294 -0.007953813441087174 0.16650950911162882
0.05726780677256587 -0.009275426721169816 0.17022035531484195
0.058308660655365656 -0.010977206745669753 0.1722312683284736
0.0593103192791767 -0.013901560197912631 0.174738196243402
0.057025075071477714 -0.012227972908922182 0.1762564607787313
0.059995762962945516 -0.009242050897615563 0.16458495875815352
0.055800380734122065 -0.00801628380746398 0.1644811335779986
0.05159031585849507 -0.006831804350441776 0.16399378382523574
0.053310262923023544 -0.008468435227195197 0.16141143810601125
0.04984012905248219 -0.006744924415347032 0.16191841056731887
0.05835277435840443 -0.010229143140957953 0.16195884157256993
0.055831660884343444 -0.010763854835906852 0.15808942919559557
0.06221900164850222 -0.017652412095366624 0.17547446269038966
0.059842367767154306 -0.01725788091907145 0.17686314687260193
0.062334299696380435 -0.021641700604313432 0.17715029633072749
0.06258791470055491 -0.02631735683636886 0.17732516181149
0.05740452197411587 -0.021168675787700614 0.18123819343442182
0.05900682431880966 -0.025648973380056145 0.1810247737173809
0.06134960777037909 -0.03191308849085991 0.17979852259484588
0.061715532677930944 -0.031543685359486526 0.17888047650767736
0.06257803560438166 -0.03129169501010847 0.1779235771995997
0.06338806617395355 -0.031417576305029164 0.1768265946714657
0.0639741536413935 -0.03572147193169804 0.17599341424069936
0.063145260125394 -0.035992260823751676 0.17726399401306442
0.06289417054001037 -0.036370211390242504 0.17826533609003437
0.0649765179213579 -0.03918190468118196 0.1747858185404225
0.06455978595036051 -0.039761868707058834 0.17644543848908067
0.06290927009200817 -0.037305660405372386 0.17911816686133453
0.06450730747891074 -0.04035902534863716 0.17722235449120993
0.06453965303790078 -0.04152217987755485 0.17800277408277104
0.06779102914145295 -0.04093241527238521 0.16908640874981337
0.06683546059934521 -0.04210552338188924 0.17177744070282236
0.06727228137102902 -0.04626795926090119 0.177994206895064
0.06660776377983892 -0.044939450744275314 0.17658117866183076
0.06658976727555065 -0.04332433967045512 0.17529946077761926
0.06652083099491951 -0.042879495828099454 0.1736515976925794
0.07015714498283121 -0.04489253548351335 0.16831369048376676
0.06939233968355087 -0.0460040543226609 0.17035321993404368
0.06897510942326153 -0.04654302837021845 0.1719017535146377
0.06877332831215369 -0.04699719100478033 0.17335420661999593
0.06920170366912799 -0.04798381470506125 0.17513721931619997
0.07057523388668999 -0.049195196495450365 0.1770117052436112
0.0729475776569781 -0.04914706114742623 0.16926987284292558
0.07214868646187028 -0.04667763790968205 0.1666700960094982
0.0722325700844764 -0.04777568144892175 0.16832005136344796
0.07466323708733881 -0.04979842808975165 0.16812411971066127
0.07362932938005841 -0.04836950273566685 0.16734345930068426
0.07311448070227276 -0.046897627974013825 0.1656234130831908
0.07405304188601748 -0.046886871033498916 0.16448762269874653
0.07506034795760855 -0.04874216497097444 0.16630766389763355
0.0763499877652619 -0.05014201238158682 0.16685472817603023
0.07818628161351446 -0.05066433602165773 0.16424875762310293
0.07644698321314843 -0.04907944230667305 0.16446393722242494
0.07490631568807375 -0.04710892379582778 0.16332853477671108
0.07766299962382485 -0.05072857083337311 0.16084792295413342
0.07645599373057557 -0.04897734258940769 0.16212775297231297
0.07569902021464868 -0.04939749548957922 0.1562992403297125
0.07481289494179715 -0.04839843976136012 0.1583092596131545
0.07509573177386704 -0.04632307016093715 0.1618890520187068
0.04920466522832625 0.003378402595838761 0.08753425931150313
0.05090885113799686 0.007384495457500807 0.09048191596114677
0.05193851375280213 0.008577564956056759 0.09149960104442785
0.053783631885733325 0.009832895842876735 0.09291051255293463
0.05660138652530543 0.010858463462402677 0.09435643064028783
0.049846162151130184 0.0155147860723679 0.09916995430601988
0.048620699027965675 0.014084551339324373 0.09926182680597308
0.04728925382579416 0.012717622420834015 0.09929859553767678
0.04450891325069823 0.011047745069024869 0.09913550655863976
0.04291694949842148 0.009837389488403724 0.09862171752865835
0.0415390318223968 0.008267923474133314 0.09826962296217896
0.040512923134796576 0.006477552426163695 0.09823806609027282
0.04341641648141233 0.003725988111058597 0.08461466994811696
0.04589545779201614 0.009444082942933675 0.0866728894535697
0.04698891852137761 0.010794675917165954 0.0883784396951876
0.048868315386239064 0.012121769609511543 0.09064804605236794
0.0504660988561937 0.013890844185215854 0.09244110666908276
0.04847779126153968 0.01947611495004823 0.09558581352610915
0.047442381183809265 0.01815189484640973 0.09620628935769898
0.04569612417899905 0.016142642466188017 0.09620200979119527
0.04352002477544329 0.015053741971904762 0.09639774709153762
0.040388347446916106 0.012217254234690868 0.09720906524366074
0.03900898376671371 0.010771229717533354 0.09747912558730518
0.03754918318635559 0.008748084785121615 0.09865165640754221
0.0368553397857499 0.006931563673726977 0.09955097175937189
0.034953012833604045 0.0026400302879683517 0.09834471064836643
0.034449844688371124 0.0011863065506450632 0.09805182786384192
0.06924029366248123 0.04709394059230208 0.11174585096557871
0.06246173740017508 0.040279258172733035 0.10551992989396956
0.05698740772918931 0.0349330922010048 0.11522022326048056
0.05218581983590088 0.023365684843821996 0.09897850764835314
0.033750320646945366 0.007447298782732934 0.10055195084842608
0.034782152326749305 0.009257966584520603 0.10009605797612432
0.0374668319548464 0.012704024360407358 0.09771712431767778
0.0536517914718547 0.024735988938959036 0.09083033997159604
0.0741005511 0.0184239307 0.0644662637
0.0849240621 0.0478519175 0.134109921
0.0887947081 0.0500029828 0.146642796
0.0594782808 0.0242664428 0.186620047
0.0645405845 0.0334433485 0.188956875
0.1067699 0.0128589002 0.0552951285
0.0745415519 0.0186604745 0.0727823945
0.0694031338 0.0140411948 0.0661446181
0.104002745 0.0178321839 0.0611064798
0.05352906823342734 0.01108966633140071 0.1134433933725017
0.050460215492255135 0.0036199458018676164 0.11030076652068202
0.0639535387 0.0122507381 0.15620666
0.0586074088 0.0053882582 0.176987801
0.0590875412 0.0125653747 0.17865928
0.0602299124 0.0170461831 0.181788289
0.0576221678 0.00388490091 0.180056104
0.0580581357 0.0119428264 0.180051381
0.0710016782 0.0470840362 0.178159332
0.082370543 0.0497892629 0.165739849
0.0790806768 0.0495420113 0.157027011
0.0739376245 0.0386356851 0.13628885
0.07753237939252494 0.05678120697743406 0.13529663615155985
0.08107920886647667 0.05673151347243882 0.1420352013247655
0.054554170919831176 0.02692839097292525 0.18261334661106524
0.059158082946840676 0.03601114397773943 0.18497649492998508
0.0781148084 0.0480980113 0.165274507
0.0706800095 0.046877862 0.176708003
0.0595459505 0.00752354932 0.173554042
0.10618168958273451 0.04759879393612031 0.0627215846370966
0.07476007034910782 0.035433140960954894 0.07500112272114512
0.09742851419624901 0.015740519046250012 0.04052137867998909
0.0628445438350622 0.030968784913025574 0.08279752143595182
0.06361287675220775 0.023731641254916527 0.06867297209279308
0.060850659366742686 0.020754261427025925 0.06429458733392052
0.05954798932943165 0.01618925210671008 0.06127557521497617
0.09610643954165947 0.021042819802751436 0.045110368129544116
0.06827425325595916 0.050295970066420004 0.12878858393840423
0.04465258494527897 0.016922715120838504 0.11503704468708364
0.04304375571425149 0.015175249018436317 0.11088751057276507
0.05063957333023911 0.026999914156897353 0.09996228977859727
0.0395234143523566 0.00504225467877416 0.11267924151984532
0.03574667864382554 0.014985221371686713 0.1358753350582172
0.028299672552541687 0.008656059168012174 0.14239083368464386
0.039670183911750194 0.01757136721023464 0.1323603412640349
0.042910188999447464 0.018414334893596628 0.12883591992851928
0.044955452307468086 0.01900395575660939 0.12668622167185722
0.04791544257410728 0.017849360478431497 0.12231252920654516
0.03708643415381787 0.014801705561886909 0.14128259183872108
0.03724296061604089 0.012132363730031416 0.1446621034589876
0.04411670207212702 0.017315961867327954 0.13501796921898127
0.055042359671812924 0.013837506660598138 0.1511458526449188
0.052532828308336485 0.006899941102979567 0.1724261247043908
0.05450200871034437 0.012243962881337427 0.17416805777091038
0.05505578761912159 0.017711678433268842 0.17642560623324813
0.05074546263528871 0.00420212377951174 0.17601161492223144
0.05259852171178294 0.011435018080290633 0.17595026021525084
0.06869366712089077 0.04938000466181123 0.1709291798399446
0.0629488346933463 0.04285058351728393 0.1747270213597652
0.06658730138492831 0.048282949084787134 0.17454211148799043
0.07807828928051186 0.05423637456469587 0.1611768294181675
0.07328474950676572 0.05193010516049197 0.14898083093753933
0.06757238684718021 0.049035744897869944 0.13438019671273643
0.07430126676542936 0.04950811738551081 0.16276569907610083
0.06832894130743744 0.047755178921575075 0.16916003585305026
0.05221005981312041 0.008804337526815389 0.1692750865015369
0.053893029440540814 0.01934938427607796 0.09359640456155857
0.06607597809327012 0.02209779456212786 0.057523527837512446
0.050925831867409226 0.0020611823377789666 0.08684801904212647
0.05217423233547143 0.004727354088738495 0.08735521275150859
0.05311026752831757 0.007843509538630517 0.08978126560881743
0.05575267614783697 0.010273126023202088 0.09217521829728498
0.0471343800613762 0.013385662212653218 0.09981727374322923
0.04402985898199839 0.010209969597210414 0.0997940662083311
0.04205682587568498 0.00852514225175171 0.09936054320814323
0.040281364037163245 0.0038449248765144543 0.09926838489313282
0.04641488775468923 0.0018238442963807902 0.08346358601299352
0.04693882490802363 0.00520353112547163 0.0834117787431765
0.04841219833354383 0.009666451219764657 0.08562532389878164
0.05003214484707929 0.01318980911084588 0.08907349933296976
0.043623878491437694 0.015998303451020955 0.09725891701773605
0.03946748671209936 0.01164487415082975 0.09873989394433048
0.03791059919074297 0.009316307032809387 0.10006134519401437
0.03620487544622134 0.0051103892540050625 0.10107270903484089
0.03544696594873796 0.0029318359483230952 0.0996565857966321
0.06736429616477788 0.04338244291738957 0.10432028177840331
0.05737843266999263 0.03455730520516014 0.108292088545131
0.035500724502136205 0.00973213023332175 0.10166655975519658
0.03639955010421217 0.011893816976373737 0.10030980106475984
0.040692011266162606 0.015144562133432378 0.09739990946525717
0.0717862952 0.0161762987 0.0650768494
0.0595202965 0.0245136202 0.19028767
0.07443477991592826 0.021769485661914594 0.08493735671371233
0.0696906062 0.0142639172 0.0706563829
0.066759079 0.0108081132 0.0650343949
0.052388538003346787 0.008688751187579133 0.11276718116162358
0.0646187805 0.0112697441 0.160742806
0.0569508905 0.00966170294 0.182186846
0.0575001169 0.0145189197 0.182842843
0.0658821733 0.0374124275 0.183536897
0.0751259524 0.0435479211 0.140379663
0.054108578577889435 0.026215595130793853 0.18774257883538137
0.060334758 0.0315837557 0.194444804
0.078212998 0.0477528048 0.165022286
0.070606341 0.0466063688 0.175701344
0.0601971757 0.0104950811 0.175691855
0.08027684333818098 0.03809632892354238 0.07362186927934196
0.10101826604206098 0.04654059364669825 0.0647236874572615
0.062214604542829545 0.023179883098019438 0.07472783782946801
0.05971375878125979 0.01962736321449995 0.06759612135153387
0.0575680880861544 0.016525080553873275 0.06380335872843787
0.056351442939209656 0.013473177537670397 0.060631821241763785
0.09641025614605789 0.027219237922840575 0.05064086502144417
0.059707192271329104 0.03894031739574844 0.12580230469715548
0.07231951453037816 0.05333292203083621 0.1381364687409946
0.04125648409866592 0.011241857950507392 0.11170088818930873
0.049146625859638235 0.021398024165879357 0.11751728101432754
0.054504374793617576 0.03133219141115128 0.11044687071205972
0.04332911378174711 0.014059015507750709 0.12020261022541419
0.025521530592151617 0.007611625633316052 0.13642246973859984
0.02653870177032251 0.008175510652100166 0.1394529699542507
0.03367035501177861 0.01280098024790985 0.14329538094604022
0.05156568438373573 0.01718338422154796 0.13928378402293132
0.055178558898315994 0.013157077359562331 0.1539999274039292
0.05123657031413975 0.009044068711496036 0.17837664470554124
0.05199784560852476 0.01425616006975485 0.17905530323880536
0.06155603138493267 0.04105269910507007 0.1771286451981605
0.06813791570354726 0.04996104674813872 0.177364828867355
0.08013173434397326 0.05617352827649403 0.16027248746385928
0.05475596885996042 0.030139874501905722 0.09504222048255877
0.07205028160051195 0.046761294065775096 0.16087065543830895
0.06843232288008595 0.04634108995698143 0.1679063224802624
0.05653872631294085 0.01150245659614643 0.16957204309098625
0.054756825384920674 0.019668802922796717 0.09274368276639562
0.06281082757632868 0.01837876849696149 0.06013706761748314
0.0482313331873433 0.002059903233990657 0.08828675357186469
0.049700731268432004 0.004580350427584736 0.08833135715558271
0.03964316278043121 0.0038316883940947956 0.09775776521289081
0.04350731334636202 0.00189648874962096 0.08509514199511707
0.043921416363737 0.0054090049889547395 0.08452149151857302
0.035780478560224295 0.004707242396238336 0.09958648463862517
0.06377212048888138 0.04444714602170815 0.12692223829746418
0.07345231206159315 0.054097510627694335 0.1265894586583515
0.048162965052807837 0.025961374072026328 0.10159311771136822
0.03335880154106654 0.006040044611735423 0.10233260728131456
0.05705101546456403 0.02212040895055792 0.09020696937125494
0.06603480474729412 0.01853188378456091 0.09844359102919659
0.0703931539 0.0146187569 0.0628757668
0.0575369432 0.0194337104 0.186387783
0.0670891925 0.0109951905 0.0622113341
0.0928560686 0.0167800894 0.0620468007
0.0624985659 0.0157272406 0.134938803
0.0579071098 0.00303360293 0.177179116
0.0590427217 0.00889711603 0.176313487
0.0569080259 0.00444335525 0.182517194
0.0681738502 0.0430073683 0.180537085
0.0653246639 0.0358345825 0.182618237
0.081330212 0.0475154248 0.169132993
0.081340983 0.0512202873 0.160548291
0.052305912476357484 0.021269577891618246 0.183262046047592
0.0835906298 0.0422661237 0.129397878
0.0789383134 0.0480271355 0.163366623
0.075149243 0.0482306925 0.172729275
0.11094369330720283 0.04748005408834567 0.060825606340683236
0.08962310563136934 0.05417043383622863 0.09504433209900216
0.09228589829013117 0.015040889561531335 0.04087841152906953
0.059332909736496645 0.012542795069698076 0.05711317594539599
0.0857626272203887 0.01985339577089344 0.0459713336118934
0.052036330520696006 0.027443915626041666 0.11888337986639896
0.039707538634861865 0.003539593290878834 0.11785257414533469
0.026205534322337028 0.0073920367609307406 0.13408752450135553
0.030951686037031433 0.009217330265033815 0.14477186523401073
0.053399692923424565 0.022502194388522034 0.13241880946195086
0.044300780387503264 0.01395361851827443 0.14313726898673987
0.051430122971526306 0.012804277471450319 0.14961568420238966
0.051352702517978174 0.004237604695565058 0.17271831556247927
0.05382751863227143 0.009284444207105473 0.1718720325956484
0.05049926119492527 0.004159863622676103 0.17862764617056529
0.06562631163720624 0.0462382844888588 0.1727434850403825
0.060472607132626914 0.03894243118735569 0.17596907575272738
0.07655691314623377 0.053361614920408244 0.16521624884107558
0.0766169023759384 0.05409186399274172 0.15514996153221497
0.07381603667985472 0.04958431076609303 0.16003500414912203
0.07165837455558903 0.04961671360641592 0.1671083017036371
0.06248575228494303 0.015537211746543454 0.05744352775226422
0.03855160290874716 0.004290874121153095 0.08216625510681878
0.04258360778505306 0.011476673515357508 0.08428641161120887
0.04368536965326354 0.013406697564618666 0.08688088298862438
0.04588069923791629 0.015007587593834252 0.08991184709622876
0.04814433603507021 0.016048941543462224 0.09232744700485289
0.04756668239080206 0.019211997996270058 0.09439050740035099
0.046644158090395425 0.017476426351908256 0.09431665382917248
0.04343638116347323 0.01704927799052629 0.0946030065889129
0.039950250808764555 0.014259408863720176 0.09610714135305982
0.03595791837447681 0.011058331886069542 0.09915437414020822
0.03153979719397521 0.0031849594912920797 0.09977165540404441
0.030939966952734682 0.001405891066968495 0.09947713386619311
0.06194361452912491 0.04140151174875793 0.10555400525410463
0.05656039272934393 0.035075640628918534 0.11510275389045671
0.04895319098010522 0.024657143862146222 0.09543246237524555
0.051974861903775725 0.02653782517223118 0.08884349253005261
0.0758764246064707 0.05917262246948489 0.13410241583246635
0.07952284793311179 0.06067328805050431 0.14146869434927048
0.053381596203585166 0.027754816366098504 0.18275765828460774
0.058043864202286 0.03720418234813326 0.185343799598385
0.10576922250590562 0.049807937256109366 0.06169724049756854
0.07298394950535107 0.03650813209394319 0.07329978103549849
0.09521334949562492 0.016418049873562737 0.03720191331057274
0.06223684647238953 0.03136786659333227 0.08168102294489578
0.06246788924864268 0.024571267477197224 0.06827655273851549
0.06111676788184006 0.02207374628474114 0.06374692075685065
0.057630493441940586 0.01757907504256437 0.060163608884841374
0.09425666964463375 0.02385026179074868 0.040219884336549515
0.06776900377918935 0.051305095671836276 0.12853212861920418
0.0437273258799922 0.016646931229624906 0.11445361150525431
0.041618116030603905 0.015019387694731006 0.11016018017424013
0.04929167864518258 0.026827727884619203 0.09880331041498139
0.036812602002336756 0.0051174534182504144 0.1142407350469155
0.033597767557415344 0.0163647977793306 0.13512199821911902
0.026261156004135776 0.009551277824640285 0.14264221550753864
0.038337158026062426 0.018619661002205558 0.13222770673406664
0.04223218326353345 0.0197180753810086 0.12854866194357845
0.04466719296324529 0.019838808338423556 0.12605447807054646
0.047453508408675876 0.01831836377191251 0.12150688798570806
0.035758786965238425 0.016083120267408678 0.14137113651965583
0.03633445696067411 0.01288024997431027 0.1449107496167071
0.04355617373054144 0.018717772885388846 0.13571091967422433
0.05271698617190927 0.015108416273800697 0.14994596310534758
0.050917097619443935 0.007238098927052471 0.17268413339401092
0.05347599576059476 0.012670006139449908 0.17450999512772994
0.05405044582691618 0.018236169918284258 0.17668044563253132
0.04933883661975213 0.004496183211199846 0.17616312249875388
0.05146434713999956 0.011870536305054143 0.17620525566302447
0.06786130908929944 0.05071795586532181 0.17080696508449988
0.0616255357809733 0.04541734628880968 0.17459844534765998
0.06533111432662493 0.04855847712182738 0.17462740070449875
0.07725583788495209 0.055033088985630446 0.16106031966021048
0.07240126857866397 0.052560179897777844 0.1490113123624038
0.06689264858906345 0.050311154341405866 0.13354957584674618
0.07344274251394789 0.05048128260921027 0.16266213720770398
0.0675781401251067 0.0489860457638376 0.16905224478501632
0.05083029664221887 0.009204503103223417 0.1693931012125247
0.050892312545532205 0.020584725237330966 0.09280091746350518
0.06467827077592486 0.023003023133526757 0.05646516563376333
0.04152108706314245 0.002130017423831823 0.08032095945019802
0.04303747305540141 0.0059931092542542435 0.08015559591280816
0.04491688804030229 0.011557850053789304 0.08277425293700602
0.04712155808667569 0.015789040661767423 0.08843037245684314
0.03191731035388453 0.003441833267571779 0.10117391127326707
0.06691868130993646 0.04432506475606697 0.10389270175254776
0.0565032983174387 0.034889778623950304 0.10839670210016619
0.05291073205157143 0.027036050556040553 0.1880016656308281
0.0592383492 0.0325187781 0.195027259
0.07786062568549795 0.03947854100879925 0.07165312587182666
0.09998987777913404 0.04917541806089771 0.06297649014226482
0.06041295293967596 0.02380564323114304 0.07388358444588711
0.059204055280434695 0.020563240125914095 0.0674753759425071
0.05637305284958743 0.017543008850968198 0.063194424980072
0.05393908364259709 0.014264934932385918 0.05920221217137803
0.0942870056063925 0.02969366964195188 0.046050224114539316
0.059011282379689285 0.03937415185615832 0.12514186228831278
0.0717797522921762 0.055074734572968104 0.13760729721356826
0.039826249929364795 0.01162013739986018 0.11153824754613265
0.04779175419604732 0.021323644859874046 0.11658171552039497
0.05329790654728731 0.03160818028630376 0.10999030766042184
0.043032651330106364 0.01433335700442568 0.11930700654049241
0.022668577836471745 0.00850362996669497 0.13656467917671267
0.023909612521541963 0.008990017909308794 0.1396257934610449
0.03246236195076353 0.013389900870483034 0.1436088750030944
0.05012889771022363 0.01861758566265824 0.13933049870757824
0.05337986204385706 0.01342756798063286 0.15341646072712317
0.04990828367352504 0.009439538634531201 0.1785484088028142
0.05080247413338742 0.014756290271395165 0.17925911858325147
0.060265378490256906 0.041221949446981584 0.17715953723037514
0.06667068871817954 0.04996148769344934 0.1769569170867097
0.0790768562882643 0.05710221017068121 0.15994696001655928
0.054279379525615 0.03047564668795352 0.09363425658225447
0.07172725540406293 0.047816592796924434 0.161076646117009
0.06755202511552964 0.04761611461336246 0.1677755770461416
0.05546555725915759 0.011904570314709482 0.16984199213651052
0.052562717738148454 0.020102736872145196 0.09179766546183989
0.06129114396416438 0.020274101539833188 0.05846361655184865
0.0374943267577424 0.002257503048777205 0.08203885411783703
0.039680532374244126 0.006234004084137204 0.0816123700355209
0.03268829306234662 0.005241663196222541 0.10040865963757034
0.06342700575297198 0.045369043144975 0.1262421788850704
0.07306880773041155 0.055682761552727625 0.12645108332029562
0.04734933352662095 0.026244202725678782 0.10114879765215223
0.05464269581275092 0.023225396840601775 0.08834947347496853
0.051073633490089476 0.021925869190155205 0.18346635177270842
0.11065451364687096 0.04971617830426985 0.05957117990897111
0.08891672707588849 0.056043716717582424 0.09429397753529671
0.09112690015070991 0.016616079600465305 0.03711194365798267
0.05676753333824964 0.013767355414950406 0.054743411926030924
0.08383306169744498 0.022809421017928752 0.040808944871213254
0.05128976878417856 0.027429177804334067 0.11786267989007625
0.036791584869288976 0.003298664335668468 0.11847796340487105
0.02298216389270088 0.008438567558470073 0.133412228868015
0.029463885512694212 0.010134625952837364 0.14524556716742562
0.05322134712374303 0.022822651285921713 0.13259978585224722
0.04357044199521158 0.01484718893267758 0.14318676657395285
0.048950858473824986 0.014558726109835286 0.14865406791521557
0.04962845940557394 0.004542250170142462 0.17286841779195822
0.05261102583716347 0.00972865140296128 0.1721670183804108
0.04898836186934281 0.004441870056813197 0.1788820796638142
0.06456110694583643 0.047085587523957466 0.17289556322795213
0.05932649263663173 0.03998738052964754 0.1758089296881317
0.07580093062766816 0.05437147989929322 0.16493601344509243
0.07587169244680021 0.05452649118365961 0.15507211457927608
0.07304435173752671 0.05035377177636726 0.1598289684531619
0.0708322234909162 0.05082165149279886 0.16714341473662786
0.060353332350533785 0.017634181795293885 0.05518707058710554
0.03913690826327677 0.0038334887081127667 0.09672402751817934
0.03992730178920357 0.006283713818424582 0.09664150358022161
0.041070560175600616 0.00771508206041327 0.09710186448792267
0.04233319122614368 0.009399247781522176 0.09775435092648489
0.04396182134347312 0.01051290966058296 0.09845319861988237
0.0474275915482764 0.012163565150460878 0.0989037065308814
0.04897069110910627 0.013446620149456414 0.09901415360970309
0.05034813851888606 0.015095846360360356 0.0989167066743334
0.054342481389808475 0.010775678622213767 0.09528312061602118
0.052718122596284674 0.009324305216593836 0.0942995618000797
0.051033498207434524 0.0077117266049266005 0.09317350804743693
0.04947994589551996 0.006902269422838476 0.09183857425372745
0.0483839913792534 0.006258219723161472 0.09086404187165247
0.04775288814855358 0.0056617536964680285 0.090000482939199
0.04712305542216164 0.004518708643056919 0.08946800054130488
0.04674986632750254 0.003180567655828729 0.08916025932243678
0.04567580105300345 0.0020330129867482667 0.08932200149004509
0.03859515062772148 0.0037223466440888834 0.09521721548019159
0.039459305332323294 0.005953064502325737 0.09506388950144827
0.04070601067123664 0.0071999668353246666 0.09575339117112346
0.04212302353336897 0.008678301918273332 0.09658096355490384
0.0435113731017359 0.00994233179679982 0.09752652731604294
0.04749145757366727 0.011380106027991062 0.0983663813236805
0.049354950002369585 0.012714884847901377 0.09856601806731316
0.05052686596788413 0.014541117514594058 0.09845674606605545
0.05144434404329074 0.016291539965053052 0.0979204720163121
0.05215145325291419 0.011981511048242667 0.0975785823635885
0.05123891557347608 0.009871812483175785 0.09740614327246552
0.04893600832154527 0.00812146656408085 0.09611580324986498
0.046153182981921 0.007290610357642701 0.09416062670140068
0.04503095636764035 0.006441467412532748 0.0934272833325574
0.04427365841202975 0.0055303811506257 0.09278843787046073
0.043975433344109104 0.004300287003450658 0.09216424294988786
0.044228217030527525 0.0029268852308462134 0.09183037939964438
0.043426587360806415 0.0019851412765344387 0.09180410164252308
0.03730624801042155 0.0033335036679210525 0.09418558183604421
0.038759035657989736 0.005113432651309865 0.09385037796717213
0.040475965912575775 0.006471074536567317 0.09435401004640247
0.041755832117019616 0.007997273283713571 0.09521825754218563
0.04305742772308424 0.009425277790238551 0.09604706884209468
0.04622919191045524 0.010574979950749984 0.097609754992157
0.049183081914685615 0.012427927937389449 0.0977258877576957
0.050073438838127565 0.014004974387236203 0.09741046309386613
0.05089004266235394 0.016202008048731648 0.09702055367651574
0.050576101430233764 0.012526328216832814 0.0983367414610213
0.04886110444374724 0.011056868098276855 0.0984135149127941
0.045549595093111905 0.010357396229181807 0.09728043442580499
0.04273019928050964 0.009539655744017559 0.09581095602532916
0.041833639874059005 0.008171833760148173 0.09528081567176341
0.041166913267221536 0.006743627641666598 0.09479845220450034
0.04000224680797059 0.005073305208157462 0.09382451713515831
0.03980987089829409 0.003417567425896116 0.09324075217101044
0.04015900274376706 0.001742862520247272 0.0931545172959701
0.0500391750718799 0.005621813790125751 0.08920632273650642
0.050166512012232614 0.006478971443246062 0.08960107461886134
0.034576820695687786 0.001194295228580891 0.09706355863960843
0.03482858226933197 0.00242609882604807 0.09709830692068404
0.035490529058045596 0.00426397678960428 0.0979077914985679
0.03640614900204139 0.006536011389935186 0.09800355633434174
0.03731174364435437 0.008243856381502093 0.09736038657969018
0.03888778381065968 0.010027763637279984 0.09630679776754052
0.04014286399597439 0.011434459025037952 0.09617498614880973
0.04317257580377139 0.01399471321090881 0.09586835555002993
0.04617815684945485 0.01584791602176725 0.09561210275736635
0.04806329550203472 0.017995538330066476 0.09576915999000067
0.05143392003977472 0.01544600771740608 0.09456275432548927
0.04995265726732695 0.013907903950221777 0.09351586863332371
0.04803006553627323 0.011636623019926443 0.09209156630259918
0.045916016257257886 0.010497569436224867 0.0901302813167034
0.04431505448748751 0.009429715958445436 0.0882708781805793
0.04315756040080114 0.008271019224964092 0.08696853503140074
0.04226206477324526 0.007012756233145418 0.08621021922773746
0.04138795126256507 0.005499779226975917 0.08605286641887983
0.04081103025487923 0.003748360965935852 0.08638452299979119
0.040985389737388606 0.001885580895880941 0.08711618799058542
0.034703188120771986 0.001212677618563855 0.09616358007013592
0.03524086620228527 0.002418735419973179 0.09630375489427698
0.03558043948537146 0.00389491653465416 0.09619733036212218
0.036298381837728586 0.005936085010678363 0.09618265199400106
0.037281192868102206 0.007364020063954805 0.09547265721847815
0.038629595209248954 0.009228447431431152 0.09479204088318201
0.040265633218934206 0.010647206283922503 0.09511893351639143
0.04239022887409071 0.012604459555442206 0.09542234282204326
0.0462321841737016 0.014599044254505656 0.09541155567610113
0.048347226846255836 0.017061819016189545 0.0956687707990336
0.05130134622246881 0.015434737974806033 0.09592871508742061
0.050214750992483626 0.014390772994370773 0.09549374987400917
0.047848778733613616 0.011395947835705389 0.09504202736165021
0.04477839366802073 0.01051818413780676 0.09323750869156419
0.042838130147955365 0.009474532381749293 0.09146377845836923
0.04128931491703183 0.008391912811221059 0.09015855431001146
0.04029671134659089 0.0070767143749037335 0.08947365528675327
0.039566730696688396 0.005492124055898687 0.08919169120929007
0.039303666442540325 0.003718016699696418 0.08952624798553396
0.038462735438635334 0.0019645883494515104 0.08917894906867259
0.034982088738499194 0.0012674617941015106 0.0949057739837875
0.03521425212797907 0.002386310711208915 0.09495771618223721
0.03546981886902663 0.003653203900332788 0.09492633106757316
0.03604232827211572 0.005436821876114706 0.09464341543812434
0.0369421266770264 0.006629189885442687 0.0943160482903303
0.03894685470245018 0.008287407973192256 0.09398273324655909
0.04075567760561079 0.009892576017820318 0.09440075326439556
0.042323873908770016 0.011453901613586335 0.09470722503991114
0.04615639623542065 0.01350868746652875 0.09541608588722224
0.04830337084664444 0.015496830428546219 0.09547072269322712
0.049852765731111685 0.017598242889074474 0.09573713424463495
0.04981974559981012 0.013694086744230503 0.09739111930402325
0.047245583036070495 0.012075349964276528 0.09703920831037521
0.04417524535853528 0.011054347578519915 0.09609561999122847
0.04165767034696995 0.01056338883481597 0.09469846979949292
0.039585991002076944 0.00910159376396583 0.09334558260838029
0.038740257915897754 0.007730721103337289 0.09274056582356974
0.037570121876776455 0.005863205094049121 0.09192957954830261
0.03652690728317089 0.004096296714315213 0.09125541297503922
0.03637649975709439 0.002169989540790282 0.09108301596138217
0.04450303370847269 0.006888702268238529 0.08479494441361861
0.045088922347801 0.008222325986663857 0.08547076761405026
0.05892009983103082 0.027271507579393704 0.08640510076295971
0.0598933238669415 0.020577506246419783 0.08050679060023787
0.058718142731582684 0.016334033142426478 0.0772705620714342
0.05753129832674306 0.013567941082455933 0.07573986881520879
0.05533450201089232 0.01072087724255989 0.07437354346068052
0.054466059932521564 0.006926955087679627 0.07362053997408473
0.05393036575484889 0.0020845477716040115 0.07307835314543265
0.042953417888826256 0.018279214229352542 0.10296569362044007
0.04038457578515145 0.013322573069321811 0.1068940144394614
0.03963286055751127 0.010924720446835038 0.10790119862441891
0.038601557107076065 0.005389180047199885 0.10904157638547
0.03838660651635354 0.0030169474497583116 0.1089555815358417
0.052500219684786555 0.006782700912067348 0.08885178104073814
0.052417727124935094 0.00592479263513021 0.08785376546499135
0.07171152846841646 0.022092044518836545 0.09873673706225315
0.07010724310637187 0.019712132110207593 0.08901155717540621
0.06707424513395406 0.016515303969464767 0.08554563792446995
0.06542318066266625 0.014308596397560339 0.08346255943231333
0.06308323098799658 0.010865559293780974 0.08149086042843896
0.06250278454291935 0.007429197933140012 0.0797619730391158
0.061625591736328644 0.0024671889654921766 0.07891388464002111
0.06389401723507954 0.015622099882313185 0.09048156781937845
0.06378136846103655 0.013677015827728048 0.0870846263518342
0.06231055817286275 0.012138897725737778 0.08629217261192557
0.06094245032024779 0.009843182123243128 0.08538753494472244
0.06011922986748282 0.006785618389998251 0.08437565096965209
0.059183044497064456 0.002410664837090932 0.08315483837683837
0.05258707952073174 0.011545221168479232 0.10514315539733622
0.05089455489716656 0.00877833230097568 0.10436456517471478
0.049573141193047156 0.007065238635853542 0.10301206393885408
0.04655778197878807 0.004131518081291984 0.10083319908503952
0.04548558776950244 0.002651201396243234 0.10008076499530025
0.05405361301297381 0.013313352719399882 0.10914800983858114
0.051929383020988235 0.009617134892856104 0.10914681514318636
0.05043473486927689 0.007255377809830576 0.10760182263589375
0.04912231175144768 0.003902147800301819 0.10541834659357975
0.04885544613338093 0.0026868776262435126 0.10511223984780775
0.0767987916 0.0201238595 0.0704028453
0.0787600812 0.021934682 0.0688762912
0.0994600313 0.0449502802 0.126428357
0.102530404 0.0443220852 0.125126454
0.122502504 0.0492650472 0.114441965
0.127398783 0.0486718243 0.111521436
0.133107188 0.0492557595 0.107260342
0.103144079 0.0482955971 0.134255616
0.105181111 0.0489795535 0.133847692
0.108913029 0.050311736 0.13052684
0.119583614 0.0534422084 0.128849443
0.125130566 0.0532873453 0.126894567
0.130790801 0.0525796937 0.12455181
0.135992211 0.0537419711 0.120087811
0.103416451 0.0466253379 0.148200516
0.121240681 0.0533687275 0.141511516
0.128262942 0.054015225 0.138338612
0.13226973 0.054914528 0.135711404
0.140424732 0.0552889269 0.13309316
0.0587908085 0.0191568082 0.184480146
0.0606669286 0.0244551365 0.18499872
0.0639487586 0.031097326 0.183776916
0.0562597579 0.00454951237 0.184942585
0.0558503097 0.0113868734 0.185178511
0.0565040879 0.0157671066 0.185552459
0.0633287541 0.0307003123 0.185330792
0.0663743731 0.0367669086 0.184909549
0.0569518432 0.00393568422 0.19033437
0.0565676813 0.012827296 0.190160433
0.0572514592 0.0179056373 0.190332611
0.0669264105 0.0367214177 0.189032937
0.0965009732 0.0491753551 0.184030984
0.106622037 0.0537448824 0.183841016
0.114865952 0.0585064801 0.183088758
0.12956348 0.0632461929 0.181781921
0.135179757 0.0642849202 0.181274831
0.141560245 0.0650765925 0.180746538
0.148093106 0.0653013357 0.180121323
0.0580294746 0.00386234008 0.198218992
0.058810291 0.0124003345 0.197923663
0.0600692822 0.0192488292 0.197663504
0.0977054109 0.0510717655 0.197772664
0.107617996 0.0559406642 0.198005278
0.116719632 0.0601675336 0.197681055
0.131878561 0.0662544914 0.198433505
0.138276526 0.0674435517 0.199241694
0.144676166 0.0679486501 0.199839471
0.150732159 0.0683031325 0.200503504
0.102905127 0.00230728705 0.0539559335
0.10523389 0.00899015405 0.0536212639
0.06265425972595376 0.0025913966996190525 0.06951017899634754
0.06492616996711013 0.0076284245313088675 0.07048629128154019
0.06629912642570118 0.010684021489820412 0.07197484352502181
0.06879641729973944 0.01416494990432524 0.0734892091490558
0.06252726027448502 0.002489629075358765 0.07421737860345777
0.06435675826343601 0.007685789050629747 0.07549500499128922
0.06504891558568106 0.01033087243858875 0.07641536873947559
0.06720506476337432 0.014605987283036843 0.07857869515759687
0.07045935930149526 0.01790775906757044 0.08091116811348656
0.0626914722 0.00261926404 0.0670784575
0.0650200532 0.00777570318 0.067851418
0.0666324782 0.0109160186 0.0688509549
0.0626246349 0.00250084993 0.0641988562
0.0650215508 0.00769225029 0.0645758727
0.0628024872 0.00258426014 0.0611650774
0.0650819538 0.00789186294 0.0617395835
0.0714383547 0.0149202277 0.0594835112
0.0675159476 0.0111408856 0.0590118877
0.0842411077 0.0267978008 0.0626373806
0.0813776771 0.0211135027 0.05934459
0.0764293676 0.0160934013 0.0575445542
0.0726867187 0.011733016 0.0559524455
0.0706207011 0.00808228829 0.0548735871
0.0679715349 0.0030897317 0.0546205479
0.103193969 0.0285543848 0.0668207466
0.090151191 0.0130225009 0.0593883765
0.0887298214 0.00912758529 0.0580406685
0.0869259914 0.00236079186 0.0564570735
0.107539627 0.0284735996 0.0662790735
0.06016245162215487 0.019841715585807756 0.11452133135295287
0.050270690038041035 0.0020391562055615433 0.10960387562629623
0.0478505751 0.0028355114 0.162718435
0.0485863823 0.00475584621 0.16195378
0.0500936693 0.00274231937 0.164731753
0.0508457761 0.00467962517 0.164049663
0.0540241205 0.00609999595 0.162599509
0.0524848173 0.00260717259 0.166613435
0.053603272 0.00445387052 0.166019586
0.0562176482 0.00575279888 0.164512403
0.0548404363 0.00250890988 0.168546843
0.0559417353 0.00433732745 0.167717697
0.0573186618 0.00582983742 0.166238346
0.056881735 0.00258767843 0.170464696
0.0576307601 0.00441259173 0.169166964
0.0581165814 0.00525540254 0.168526452
0.0578564809 0.00261329937 0.172367761
0.0585386404 0.00437750196 0.171178194
0.0589703589 0.00596612659 0.170476961
0.0582127657 0.00265939812 0.174385374
0.0590730346 0.00460863928 0.173902382
0.0611260325 0.0202423475 0.182363622
0.0628387917 0.0245763249 0.182844387
0.0648246278 0.0306527313 0.182524981
0.065202022 0.0350206823 0.181926308
0.066799286 0.0387014571 0.181312258
0.061966411 0.024505427 0.183861614
0.0644351162 0.0310454726 0.18302984
0.077163423 0.0483162574 0.174168166
0.0674920428 0.0207675498 0.133717092
0.0708690896 0.0241748979 0.133296587
0.0729970344 0.0271311322 0.134666489
0.0740833131 0.0325297249 0.135499056
0.08458801628984233 0.05872419018331961 0.12210399702569548
0.09356511740667994 0.06326880205253754 0.11748568213612906
0.10981661788231012 0.06971300693367707 0.11037500700886144
0.11914044476268236 0.06965522709475855 0.10707897624852547
0.12645484500320062 0.06883571452604274 0.10401292738434814
0.13258970998460953 0.06663838142773325 0.10103809954742395
0.08731919147770258 0.06136166791006994 0.13146192485597252
0.09618185425250148 0.06480799575322367 0.12839652838379584
0.11307198491252582 0.07199321514373694 0.12206785941134853
0.12158599048450372 0.07296992446597265 0.11907047355818617
0.12877664509030873 0.07191925768653445 0.11688743209260102
0.13629277071679666 0.06886564355672835 0.11530054000653256
0.09057008431191665 0.06216943644963433 0.13997843149005695
0.09894914646954042 0.06641699963063591 0.13815146425914518
0.11619091171170304 0.07277393926225328 0.13294332075776974
0.12377006243717636 0.07379004940510552 0.13017321057072323
0.13117479487930603 0.0735462457963843 0.12792180812549114
0.13909058606959143 0.07015543340393891 0.12747163656883106
0.053265635123868726 0.020119717992501063 0.18057423052556248
0.05511510640668445 0.026487422318838317 0.18047589149724613
0.05766670846562974 0.033038412508018616 0.1786569858000102
0.07339449712391188 0.05270162868012533 0.17029997197825436
0.049779908555506756 0.0043190826095682545 0.18146946059732638
0.04982240181934481 0.01043534638800282 0.18222672446476348
0.05076210815707117 0.01579063155295875 0.1827390657864469
0.05778576095110171 0.033422361547623416 0.18060347092240048
0.06160689809476642 0.04084362456577547 0.17910833759488823
0.06857073258207631 0.04991316627328415 0.17906618115301043
0.07635624007048339 0.05500730926669842 0.17593150993697498
0.08499779033341383 0.05807272465371132 0.1744118867311357
0.05053690583060619 0.004044010679653199 0.1877306416166272
0.050591927420266934 0.01134084978125506 0.18850065847167824
0.051872862751624234 0.017831691604024452 0.18846412391496684
0.06259981800013284 0.04069990653652461 0.18442072373829735
0.06952327592711673 0.049659603650141194 0.18476565225040983
0.07818233563081872 0.05384275950680269 0.18370381882524664
0.08616857961232284 0.057294336603328354 0.1824571092093766
0.09527149051586072 0.06152568207878563 0.18256574021295038
0.11131018158607764 0.06937190033314287 0.18091939102723736
0.12796937015706175 0.0733927664782785 0.17955386913177565
0.13480816552021122 0.07532661323786614 0.17889506854125362
0.14248735150424222 0.07702139126544552 0.1782988404113784
0.15013154577938848 0.07715741107481099 0.17748853155976393
0.053275242 0.0036998898 0.197158873
0.0537627258 0.0116231039 0.197385241
0.0554283786 0.0201546178 0.196581561
0.0651434812 0.0402368027 0.193445683
0.071195714 0.04838554 0.193864829
0.0790528505 0.0534919632 0.193893341
0.0877029597 0.056888557 0.19345729
0.0961337064 0.062315663 0.194611038
0.11233492 0.0696858574 0.193789094
0.130140665 0.0747224551 0.194171589
0.138117635 0.0765737474 0.195072705
0.14537543 0.0779287991 0.195934332
0.152612405 0.0789706774 0.196440358
0.0662601559 0.0139950431 0.155927453
0.0666103934 0.022751365 0.146606277
0.0680799771 0.0260449603 0.14523643
0.0687164474 0.0311158011 0.144223218
0.0700709033 0.0365141688 0.144228178
0.0720432241 0.0407479379 0.14786199
0.0753350632 0.0454348045 0.154815287
0.0775832165 0.0478368717 0.159788372
0.0768216937 0.0477705288 0.169021413
0.0739744725 0.0477515163 0.171933225
0.0715525234 0.0465219165 0.175795146
0.0690715981 0.0418798278 0.177483615
0.0679937837 0.037502332 0.179202776
0.0672510109 0.0346117587 0.180634594
0.0663102298 0.0306518841 0.181456518
0.0660969672 0.0254543088 0.181983438
0.0659927885 0.0207081747 0.181183142
0.0659902211 0.0166510916 0.178737458
0.0661728078 0.0129642323 0.175831024
0.0660598276 0.0107687047 0.171813102
0.0673310667 0.0118105029 0.160148626
0.0645936064 0.0133573809 0.156311272
0.0659276273 0.022156971 0.144863733
0.0683612253 0.0254988436 0.143446879
0.0694557969 0.0307191675 0.142639079
0.070650646 0.0362566748 0.14250984
0.0714102027 0.0405573144 0.145589161
0.0748864551 0.0447935382 0.151939924
0.0781605158 0.0480868439 0.158672361
0.0799443603 0.0489384179 0.162466644
0.0800810687 0.0477952921 0.166529175
0.0780439667 0.0474780847 0.169586594
0.068282695 0.0424361254 0.178810635
0.0676190836 0.0380459721 0.179818805
0.0663676661 0.0347649342 0.181043259
0.0661230912 0.0306577679 0.181968283
0.0656882802 0.0254038818 0.182261628
0.0649554214 0.0207663512 0.181529319
0.0643512899 0.016795809 0.179662442
0.0631291461 0.013718771 0.177045882
0.062558423 0.0105127683 0.174887262
0.0682896639 0.042116692 0.179803084
0.0667430815 0.0384079691 0.180842433
0.065300998 0.0348919173 0.181435387
0.0657422198 0.0303789239 0.18226008
0.0643756524 0.0249125492 0.182486409
0.0629941372 0.020443166 0.181758297
0.0619726696 0.0167254418 0.180449494
0.0606629032 0.0138459937 0.178003938
0.06514607 0.0100762439 0.164074577
0.0656640373 0.0215870141 0.142554895
0.0689841178 0.0252428449 0.141951152
0.0703907596 0.0306531382 0.141584141
0.0713843679 0.0363992825 0.141576292
0.0719584204 0.0409403478 0.144585637
0.0754867125 0.0453155575 0.151061253
0.07363809021204573 0.04575533094750397 0.10188887791214336
0.08476281033172013 0.05128842648231203 0.09811921116695013
0.08538277399834704 0.04061143922483341 0.071859881159131
0.09261824592377871 0.002765005534974898 0.03688634423273197
0.09477576269472011 0.010945233864390565 0.03799681114751732
0.05119118835715635 0.002724952297088519 0.06498047130425015
0.0521830781691489 0.009314436070762109 0.06573591598620437
0.05403762765846353 0.013560825790207908 0.06613694230540965
0.05704335495142103 0.016541429419396507 0.06671773433653076
0.059288493716352156 0.017988579950539728 0.07213647250689739
0.05745608016076233 0.015414485223405413 0.0712356565304455
0.055082200871178974 0.012505226301440608 0.07033966229632102
0.05329672035018805 0.008284291732368448 0.0696030881781426
0.05224249747350308 0.0022831141525150537 0.06844083124734104
0.05104072071587325 0.002865578726461199 0.06295509244953218
0.05250183769148991 0.009800597637832505 0.0631128420419476
0.054412906871972574 0.013756074775538819 0.06321466167711291
0.05225288650390522 0.002997642702960555 0.061245249036624
0.054453475155376255 0.009823827953176038 0.06056327338331265
0.05546475846237581 0.0029529823126107487 0.0576129307074075
0.05754821926158809 0.009353051771621669 0.0570994429251532
0.0658036814302107 0.015856059592440054 0.05524837167478584
0.06224185377368913 0.011908345871278675 0.054771089638375695
0.08180048265097419 0.02901834060941792 0.057057916866309566
0.07621689939603746 0.022452816326162525 0.052858305720454954
0.07158555905004468 0.016848650647827684 0.0512284839250157
0.06813737538338124 0.012247154475450547 0.05064669002355503
0.06646039917181205 0.009010646737319687 0.05044997379829849
0.06387104532062236 0.0027255285538430327 0.050231699574404105
0.09990061640148204 0.0341891997438515 0.05382745029859753
0.08194300079043876 0.014324006498053626 0.04190489652755918
0.08001879350227943 0.009696736324890456 0.04153280997785461
0.07760662538007944 0.0027052361766360463 0.04097031891077986
0.10408469708651295 0.03564216745034078 0.05150983352263292
0.04964594907941773 0.0258462804184175 0.11430570327139801
0.046462357203658905 0.02188674982366944 0.10741803633183959
0.039475293269525896 0.002814642183010278 0.11293230691420077
0.039610306819922406 0.0014194995762566312 0.11771070945144972
0.03708176889809539 0.0013696583614000394 0.12234029935922416
0.03776463169364004 0.0030707317818462975 0.12217233824075453
0.027358201026941788 0.0012832368072828557 0.1286702396101506
0.027875836893261466 0.0027854346452481373 0.1289148869807625
0.02834391121408183 0.004367053145260022 0.12964647085371545
0.03041275745954514 0.006507158882251482 0.13056631983899092
0.036721190272475626 0.013429408349275836 0.13310872417998906
0.03944504576451796 0.0148121084011542 0.13078536420263517
0.04161230797594207 0.01743760690121382 0.12781229112670497
0.02479211693886772 0.0010561122977503785 0.13123975582774947
0.025577108652276543 0.002816787822038762 0.13146738969217217
0.02669647613913893 0.004600768766243385 0.1317673097632783
0.027755688306502057 0.007081033389592853 0.13214028514478396
0.035664844346067925 0.014524174216396216 0.1347797623072052
0.02304388310535965 0.0011279054574506397 0.1348808589653796
0.02385071692491495 0.0028849667766141906 0.1348336569292294
0.025052419354680916 0.004926084584026571 0.1344948173995273
0.022279322406459863 0.0012687849595447974 0.13826478038937362
0.023129789947386646 0.0030604802878894375 0.13792517801950818
0.024280030151279518 0.005069722160610427 0.1373238740590505
0.023755294061364694 0.0014611110993755674 0.1422033962148378
0.024236026060369675 0.003277333072027818 0.1414524974280404
0.025185756309303885 0.005651598067917393 0.14036581601352893
0.025937172264103362 0.001530931595721689 0.14499580553492503
0.026002677717754524 0.0035155258177507662 0.14435549247782362
0.02682008061282642 0.0058751293116338634 0.14342405747130715
0.02771292305111267 0.001691496392833271 0.14751498813489247
0.02807121113012916 0.0038366292467951267 0.14709965045820775
0.02909627018165331 0.006414872760830359 0.14593566344750344
0.030109107318438685 0.001828690877588613 0.14974645532088848
0.030585954305868895 0.0040199641712122475 0.1495857778982667
0.03181896169547153 0.007172883088909166 0.14839243952530595
0.03393884717741739 0.009534336569445991 0.14649735567536798
0.03226858363760628 0.0020549237282139502 0.151946573850999
0.03306608145703794 0.004345423495893326 0.1516132826650315
0.0347336352021742 0.007848715150839737 0.15017681214240972
0.037149809984885256 0.009998655119888877 0.14793068075096366
0.03436050993584968 0.0021983750558808527 0.15404321731531395
0.035401567743202446 0.004634749504714814 0.15367742656825456
0.03716233154200619 0.008093439370189491 0.15233480186241005
0.03981037163563558 0.009827383307009638 0.1498631550412583
0.049605351054039466 0.013037691466238337 0.14749003224260443
0.036670107172914884 0.002674797326473088 0.15662686045751298
0.03747985942889368 0.005041757883417519 0.1559972550296748
0.03943639874916689 0.008358173806907263 0.15459426386392378
0.04230410842018651 0.009923469525180684 0.15235549909361001
0.03910723434300423 0.002690670524405723 0.15867338754526122
0.03997814292318123 0.005255145224030724 0.15804536278268402
0.04132827169694005 0.008358833521935885 0.15644057627701904
0.044923941382796845 0.00979468031524253 0.1550051545273836
0.041481996602164596 0.0029726803623470154 0.1605638349699413
0.04245055385230335 0.005593002566746756 0.16025145705413654
0.044434703835760536 0.007649062614351727 0.15909650786171953
0.044097135522063374 0.0032183061389024197 0.1627557546243652
0.04534732168739862 0.005806371241474914 0.16236627917186178
0.04688567936779493 0.007669392122793214 0.161190246744191
0.04678781305698237 0.0034715305932785053 0.16532734488908563
0.04740518444851773 0.005812627698324671 0.16467800333218624
0.048201286424862586 0.007617203222729333 0.1639370170357711
0.0484689891508519 0.003517313274627623 0.16774917178070833
0.04882113538072362 0.005942932462610275 0.16728363850313532
0.049934620077359604 0.008687234833335286 0.1666537053120235
0.05882149202152741 0.011524720356318564 0.16572151362662838
0.049975146917946606 0.003940135120027812 0.16984333637913457
0.050612924429400005 0.006210623215318606 0.16967417285545497
0.05559967443600306 0.021744196569046106 0.17683418988238883
0.05682827124531608 0.026844037603054288 0.17651625482098804
0.058616585360957874 0.0325626625447588 0.1756652260368995
0.0605352488859313 0.03784726464437458 0.1749442847051911
0.06272888981072644 0.041673128642678435 0.17347359534729204
0.056075263612646656 0.02672373231304729 0.17839444634207444
0.05824008085720058 0.03295445874973477 0.17699055353227214
0.07258663790190924 0.051656458479240594 0.16887701176253758
0.05374493877571278 0.023310747470319897 0.13577607077016424
0.05535562367776038 0.02762437351063737 0.13039538768669662
0.05754147417669267 0.03370486571690473 0.1297502445932763
0.0605727709805555 0.039009588415644156 0.13066177876213333
0.06403452498521144 0.044271737935668375 0.13218608715274108
0.05946872167444329 0.018875414362849133 0.15335204883036013
0.06046561810370054 0.02968159313639905 0.14483596575661573
0.061405929476397184 0.03285846389472526 0.14387511851362778
0.06211535519207332 0.036886351591720136 0.14386314011059798
0.06371461860961616 0.04046709962908039 0.14458075295549905
0.06631358756018235 0.043482007703659946 0.1463616048574698
0.06944282685997778 0.0462500675985678 0.14967042821621623
0.07276139674429502 0.04818346708572227 0.15498418055265623
0.07354952403275128 0.04883100978843992 0.164087064860276
0.07110553611112659 0.04748237658187684 0.16578153282241978
0.0685209498151022 0.04488925448992185 0.16638099276934096
0.06549980977451275 0.04155556309188191 0.1668996733447532
0.06343501643298839 0.03827323547662813 0.16791399389244055
0.0627607760209067 0.03497085482392795 0.1691208738809308
0.06198715107354521 0.03121256769296649 0.1700378132228976
0.06158924378637631 0.02679170682087691 0.17073589694060864
0.06209791405445871 0.022546666791690463 0.17093023465039386
0.06248935310472555 0.019444782970466604 0.1693949663180587
0.06267970647160082 0.01720956021587216 0.1677505844492186
0.06341660095127005 0.015644659850496553 0.1664783126259884
0.06312178787321687 0.014318883165044054 0.16500443480547758
0.05941580973266818 0.016118064069925248 0.15571967749953322
0.05772586384324135 0.016349007787817713 0.1520046902341501
0.05838803183733977 0.02920692921593786 0.14193238513939077
0.059827464845860774 0.03352948965138211 0.14063061779740757
0.060881172217990796 0.03813467182457186 0.14118011977463643
0.06295872886210072 0.04194568038428713 0.14248946131347426
0.06591249729887577 0.04480368463692188 0.14466259751644356
0.06911730054188363 0.04748314907762977 0.1470336453575562
0.07346203756073615 0.049834117457906335 0.15198830538409047
0.07525330015291912 0.05171571118564925 0.15791151491982575
0.07636770951968858 0.052199463872487244 0.16208215140911666
0.0748983887665986 0.05131237012346886 0.16484129276973183
0.06548232179242262 0.04273462446026965 0.16899182931715317
0.0631281536816979 0.03955357723254142 0.1702003343956627
0.06182677135766644 0.03623910492586931 0.17107707271577438
0.06084100034031569 0.03199972687074538 0.17195348226884002
0.05971740382753781 0.02711732036714374 0.1727008891925202
0.05974517101491912 0.02244257612144424 0.173052372567439
0.05995006067431405 0.018628953820001053 0.17176457240956292
0.059821280122646 0.01573734608217982 0.1696384334628957
0.06009711029864424 0.013625214671713863 0.1679493345933446
0.0653934023258268 0.04411751634229673 0.17107793371828653
0.06280479855853946 0.040747100312628626 0.17233472657973492
0.061029822293399205 0.03699678781884558 0.17330788477495532
0.059488575600895245 0.032273018762276506 0.17402484049712252
0.057933828715081515 0.02698157343830571 0.17458221076500585
0.05738849515577278 0.02191476348349692 0.17492217415615857
0.05760670677227143 0.017869146019127674 0.17370201727089676
0.05739616855118002 0.014416682164922492 0.17181660067550375
0.06247748772333041 0.013294967621317084 0.16317626782510383
0.058071829994456106 0.013169105304714298 0.15866896795893323
0.05726132772765944 0.028448595786430553 0.13939893125723155
0.05922569877350673 0.03365038961991609 0.13849592972691357
0.06069216005613877 0.038633062805262824 0.13931566474188017
0.06296325200415222 0.04257943015112534 0.14077888006419437
0.0657570072044888 0.04580785807814407 0.14276295148095364
0.06941015790439288 0.04899824253404056 0.14511607052294198
0.055007798021248284 0.016880706685607663 0.08298175299183731
0.05456877855623955 0.012623402365683118 0.08005443137565234
0.054703732060809085 0.010529026620127408 0.07936772349992519
0.054369889451095756 0.0081666148036789 0.07875793814104984
0.05392138188703983 0.005637560890785875 0.07848555208728938
0.05295370232931963 0.0015585093679389367 0.07825920031072495
0.04322023004724866 0.01719848687865461 0.10005603061671618
0.04013035077147935 0.012677003462726376 0.10244106238419383
0.03888998575392779 0.010400578407578064 0.1035862980083404
0.03725291693431861 0.005323393152747356 0.10382420517199296
0.036406919496314985 0.0030321777321310173 0.1029861921134909
0.047816077875115 0.00837938198908955 0.08463939437825543
0.047371008638835733 0.007021140922841965 0.08375355162260975
0.05633830013111941 0.029751548835664835 0.08803692474019177
0.06863744550958918 0.03158693087171238 0.07696743027579415
0.06918702731277512 0.027383540876698427 0.06597855655249371
0.07075606276937811 0.027534574637687246 0.060028763625828374
0.06649943346478868 0.02507582333108648 0.061772854793362995
0.05921430741003528 0.012565222214179668 0.09096018432376513
0.057332071273985576 0.010015586424064837 0.08901440944136739
0.05655203096952598 0.008247775420356391 0.08813820987843037
0.05575623422406394 0.0069187828816759545 0.08679100025425321
0.054592212053450856 0.005086694224124358 0.08611918165354333
0.05347895924329407 0.002074874079216976 0.0852989552520422
0.0601124784 0.0204973616 0.18366012
0.0699004461 0.013754692 0.155665861
0.0692231915 0.0239351656 0.150294734
0.0693713217 0.027311059 0.14938706
0.0699687565 0.0318175154 0.148447402
0.0720264803 0.0368506471 0.148978404
0.0761491993 0.0420570621 0.154324507
0.0777561005 0.0451539438 0.159324527
0.0784376743 0.0463253906 0.163127525
0.0756409591 0.0470248931 0.165337675
0.0745446996 0.0475149657 0.169873759
0.0725314006 0.0462747515 0.173319002
0.0700250535 0.041795951 0.174735622
0.067799159 0.0375319572 0.176148132
0.0666542193 0.0340524066 0.178795146
0.0664109853 0.0296338209 0.179458601
0.0678526124 0.0244443514 0.180283102
0.06892701 0.020005988 0.17887117
0.0697497609 0.0163024835 0.175945084
0.0698209492 0.0134772489 0.172530793
0.0685052869 0.0119789938 0.169434036
0.0672337894 0.0131641454 0.157614698
0.0675649087 0.010701638 0.162747423
0.05429276849085923 0.02835077846718588 0.126447229194836
0.03871550017772157 0.01655256241160792 0.1315533392952987
0.05369578373193585 0.00954848147871297 0.16581390294836296
0.054597095576087905 0.02185490713923088 0.17897094907834268
0.06396054132267674 0.019730449011107667 0.1535836907893363
0.06313800019865372 0.029401203832367044 0.14950955171232147
0.0638945991345789 0.032816959043002636 0.14878036006797496
0.06474731563018811 0.0361144411348066 0.1485459318172965
0.0663250127557371 0.03940529842668988 0.14905136121228516
0.06954793400698171 0.042665096433405415 0.15115554935809417
0.07154680294611887 0.045031278159454194 0.15512425995506474
0.07178551792896051 0.04613264408886529 0.15935030448415408
0.07157302125288494 0.046294190289171706 0.1618604436131314
0.06996366051630658 0.04523616182220588 0.16333932702225373
0.0680568126298111 0.042968830445261424 0.16378393811378503
0.06584334924259216 0.03983525466600229 0.16405827510465754
0.06407757444901128 0.03649100459902946 0.16492317656427982
0.06264701043137816 0.03339890801636341 0.16607862075944485
0.061958277624596374 0.02952613436538362 0.1672039549401832
0.06320645839408487 0.026670917029899665 0.1673261873495706
0.06423744778525742 0.023217430878484293 0.1672174810030639
0.06442543702618624 0.020427172995964 0.1665664382104951
0.06455703462537152 0.018322473864499204 0.16555192134572486
0.06462621566466764 0.016947705402312233 0.16453261938897504
0.06438181125962165 0.01615700639650145 0.1634236393791258
0.06062812750073069 0.0180800246281385 0.15476911787041278
0.06446588666921396 0.01586661198269949 0.1615136455365607
0.0634438530293298 0.016041009562711907 0.1601304521162096
0.05211539291074441 0.015075714051288373 0.08677940790293451
0.051389349878785934 0.011203277313166216 0.08373169977270374
0.05119651478650102 0.009192239203760198 0.08298073018176465
0.05069168042339979 0.007117807044618027 0.08214645482067304
0.050032779010092086 0.0048999971922423155 0.08156572243233981
0.049429731360037414 0.0014552692229851001 0.08161421369355548
0.0694763547 0.0114192056 0.158681085
0.041940718909460765 0.016081779922197594 0.1270722276532782
0.06451777492279397 0.017788248694297886 0.15621057879497138
0.031204004333142465 0.0013765578457526164 0.09788648288501206
0.0318650691531273 0.003002811765136303 0.09807280967643242
0.03260519173026507 0.004535656245616285 0.09835434705404797
0.033524111427515345 0.006581339765512299 0.09839560006287543
0.03449809091312821 0.008540789775758183 0.09796169022733957
0.03567372250508837 0.010155919882673635 0.09768870241574706
0.03736410206030075 0.011912438285536744 0.09641093898249291
0.04001174950830698 0.013622486022745276 0.09496570314130445
0.04342514721380236 0.016282448875080683 0.09395570547254227
0.0469188479930577 0.01702638332766617 0.09376396853310087
0.049525058652864495 0.01648612544502179 0.09428090505685402
0.04801677969523296 0.01594940125869559 0.09369417848202545
0.04489224886955887 0.014381709359935664 0.0918286470053227
0.04235495061893649 0.012984415199351442 0.08896596298760584
0.04079697841205795 0.011200494410041504 0.08676741795546497
0.03952493839341847 0.009243149624908631 0.08518631503145857
0.03829692952134612 0.007798251456272137 0.08441247904104517
0.03753269684274367 0.006174793184917412 0.08437614587244006
0.036640936525725754 0.004130685764129005 0.08519051606240108
0.035974471572880536 0.002082843765348314 0.08518600241470244
0.03225832805032024 0.001405736622015185 0.09644139566268214
0.0326995856267215 0.0025519587663921026 0.09654290934046489
0.03341779535455275 0.004198152048009049 0.09664172102908154
0.03396184747739376 0.0059944145071863944 0.0965434329132682
0.03505660903628912 0.007770282226730753 0.0961548877700199
0.0362141064721002 0.0093917568515041 0.09583313930616665
0.03803522857917854 0.011123440745222517 0.09482053580174189
0.040408987768853544 0.012814617912913258 0.0943402073511053
0.04392365206664236 0.015546031469002113 0.09370040409836433
0.04738911718814726 0.01662950424157839 0.09383431997983956
0.049689236199498575 0.016450034951380484 0.09494221971880026
0.04832031258574827 0.015988374078332354 0.09500653172356646
0.04480038655382158 0.014064821150629979 0.09384681880269727
0.0421070879551337 0.012561148651613166 0.09165379907499034
0.039963325490415334 0.011212528734252028 0.08973005243893975
0.03808853053471465 0.009548900506642227 0.08845117663960034
0.03691751383800722 0.007895143928420018 0.08765650673522817
0.03615657886444122 0.006120553481664391 0.08732672221703931
0.035662290623718534 0.004210944316909259 0.08750881374798306
0.03552678367811101 0.002153097755062245 0.08783740858342402
0.033637879222626 0.0013522100656957238 0.09558417814040762
0.0340500133548305 0.0024745473576300425 0.09560103183575111
0.03447238224443667 0.0039010657249983036 0.09564698039703136
0.035126582099191464 0.005691217539564795 0.09537439277548941
0.03591016137590906 0.006927955572144511 0.09515274412490196
0.03727305244074302 0.008742409658467924 0.09453699286434346
0.0389978228131189 0.010430860385236678 0.09415385380581869
0.041171231636175705 0.012054344003636489 0.0941017318910009
0.04473538184846785 0.014557768804476182 0.09390230007538457
0.04809713670629833 0.01654363105620374 0.09415866348449754
0.049168081516966715 0.015844765871526795 0.09598385440254384
0.04603067601343016 0.013486094618356821 0.09537821296503983
0.04271611236002998 0.012143714545198712 0.09451013621003125
0.04067208753101234 0.010996376388268466 0.09242734565677585
0.03881446286863309 0.009462342594873425 0.09093345743898995
0.0375112042795057 0.007909205091175707 0.09008267921530518
0.03661232364051651 0.0061912084618593755 0.08953761056647777
0.03588286323821701 0.00426872273031614 0.0891777685628876
0.0356666329978772 0.002167116643658172 0.08936517297115647
0.04059603057716405 0.007973268137067085 0.08181513626350997
0.04156426153140761 0.009689542147565372 0.08267897123257546
0.057542078318112554 0.028337379792504978 0.08460697155130383
0.05730199329860322 0.02182272105308735 0.07805788345605283
0.05472130505948176 0.017117260515241945 0.07422625930561425
0.05395866653092293 0.014605270546279848 0.07360802510315653
0.053375403502154965 0.01155264828140535 0.07329533499957792
0.05207697554647755 0.007922250613459424 0.07275787061789386
0.05076917624477336 0.0024352409373611245 0.0722464438695534
0.04199226624868082 0.018267907961799983 0.10340055194936323
0.03903344983284049 0.01372594416024019 0.10635343505803356
0.03828081393417411 0.011500256946350935 0.10788182575552378
0.036737717859274134 0.00560267234728933 0.11039124845715231
0.03639631457784413 0.0030040057218443843 0.11008823677427546
0.08357201779200618 0.06064320728502706 0.12144737759562825
0.09192106786553396 0.06493457408028513 0.1173819141166365
0.10900772463565862 0.07356963127886221 0.10948865068566102
0.11948195822726683 0.07223557413487905 0.10605783163972542
0.1265609951142281 0.07196130455768003 0.10300129651883923
0.13301833932556986 0.07103952994292914 0.09970531768043045
0.08641550386627145 0.0633974347548336 0.13065216488069073
0.0954436139714388 0.06639378762729445 0.12788090312230466
0.11277235758070882 0.07465536533017125 0.1213362348832493
0.12209010179957251 0.07477675212530993 0.1183729673908766
0.12901523293473316 0.07311349088046744 0.11643254233424748
0.1366521769481876 0.07236776031428455 0.11412447497904171
0.08917491450299804 0.06481492392602345 0.13954392302029775
0.0985537413035517 0.06844088348547027 0.13736738641348037
0.11583623067086474 0.07504759854406245 0.1321971189008661
0.1243347418070468 0.07583425445414183 0.12951473251122403
0.13164977797510835 0.07556747992208136 0.12731272395799095
0.13920255186098734 0.0729178351985582 0.12638679092206712
0.05208511149523675 0.0207443872175681 0.18074285020123285
0.053987540437782665 0.027330475823631305 0.18054417741579246
0.05659929059159519 0.03405317217076846 0.17873799674415625
0.07249251243487138 0.054129682438355434 0.17023250203331688
0.04819098795709528 0.004605866084374909 0.1817995888871905
0.04843309872908148 0.010896471082291297 0.18245718215196408
0.04948121263193219 0.016367365771314896 0.1829415175405723
0.056671840478856435 0.03445221904611678 0.180773758447294
0.06022743832960228 0.04168100737880082 0.1792509906020162
0.06775295148368853 0.0511169171141258 0.17916155629548855
0.07577616723805927 0.05650690205166417 0.17609383997353067
0.08434745042188209 0.05988312046685242 0.17468846279719033
0.0490832118793118 0.004395218233945209 0.18808186601695998
0.04927422823862365 0.011851106261778573 0.18881263375161314
0.05061616228310043 0.01846268749454519 0.18876468668044477
0.06143291157533911 0.04218110246645817 0.18479321158895057
0.0686541968091499 0.0509583370181095 0.18501886377084625
0.07761966133452443 0.05521763648486638 0.1840047452310097
0.0857282149253313 0.059137948868347945 0.18253660902525853
0.09423267394007472 0.06391861693016253 0.18172711322310453
0.11075828948066624 0.07172443972651978 0.17973448941113607
0.12767136450812594 0.0750081166350007 0.17868201750886042
0.13505708371898364 0.07772722360512643 0.1776909854400209
0.14309592653755193 0.07906577532777659 0.17727449554286673
0.15029179426563005 0.07955075299264075 0.1767493598142391
0.051926523 0.004079976 0.197691758
0.0522793558 0.012134156 0.19799392
0.0540634628 0.020930676 0.197157282
0.0641022574 0.041418844 0.194087519
0.070459564 0.0495312842 0.194457703
0.0785189916 0.0547149066 0.194561987
0.0873490641 0.058282966 0.19408877
0.0953129297 0.0630214032 0.1940467
0.112344988 0.0714871608 0.193506073
0.13058766 0.0766836433 0.193615266
0.138107232 0.0788268369 0.194282679
0.14628789 0.0792012942 0.195062391
0.152776474 0.0811174429 0.195681735
0.0730295848548546 0.047156900510742145 0.10173685332521401
0.08422724942247785 0.05290692095789415 0.09746817059768996
0.08231782990364654 0.04261375744770121 0.06966865949431253
0.09082165277093804 0.0027123918450128884 0.0343918052903786
0.09289664521593759 0.011633562759127546 0.035098167229967746
0.048499194521296383 0.0027708284234784857 0.06462771735186204
0.05053224804089427 0.009793553890930935 0.06537591036426631
0.05304757306015685 0.01424703818811314 0.0658383608709398
0.05575978417887256 0.017268914249185995 0.0665354576625313
0.05696531910971255 0.018942484683009842 0.0711473915476585
0.055198197627370826 0.016024851713811936 0.07042223502811099
0.053531713634525815 0.013162140721559874 0.0698891297150909
0.05160087410432495 0.009032636812901439 0.06917281140508147
0.04913376909556294 0.002499698403863666 0.0674211839470307
0.04857390757438566 0.0028949107233735625 0.06227736695522234
0.050381986440691647 0.0103334955120283 0.06236875543070425
0.053199059510627006 0.014456073380966713 0.06256952679242475
0.04997998486321945 0.0031176886464031406 0.059216164443718904
0.051552736749207 0.010492178610257733 0.05901311705872475
0.05247329380085061 0.003269032672285613 0.05453486987299701
0.05468884186105902 0.01044953031070903 0.05426876151373822
0.08780519564346673 0.0029385206594786384 0.03501424413312126
0.08898710930575235 0.01174620761078072 0.035195821342837524
0.07958439411430158 0.031326020825386186 0.05437973717718777
0.07486385051288613 0.02441431668360609 0.05061496643532518
0.06979702683108965 0.018123965874856107 0.04898372164041413
0.0659700988982408 0.013123046883282214 0.04880648619589565
0.06427564563025429 0.00987266421939168 0.04821600636288718
0.061601213719200465 0.0029509506711068436 0.04767927831807987
0.0978067159031424 0.03732986957400372 0.04906684307843788
0.08092889755712147 0.01531609003562795 0.03974443610176914
0.07905333822872677 0.010383714085516346 0.039512354245793184
0.07703332571551692 0.0027211645869413556 0.03880238112021754
0.10190113335317404 0.03867790505361201 0.0464114013207721
0.048542466722175895 0.02593672527540665 0.11389968755508939
0.045129648205879114 0.021961864175754638 0.10695656898485129
0.03682968476376928 0.0029641224055429183 0.11420929552882324
0.03744110850578525 0.0017412711286553953 0.11799349351152479
0.03588297328868689 0.0012496074174570102 0.12155943874768484
0.035968656084551305 0.003000769392352567 0.12198802344229966
0.026523916824181506 0.0013761400837984745 0.12718269771338023
0.026869753355826462 0.0029176844919219245 0.12747282637139712
0.027118808926476053 0.004525312248968581 0.12801770401555276
0.028230438728418922 0.0070929439262621555 0.12897571711399214
0.035879672516436444 0.013908252606709503 0.13208915201630472
0.03869102879559955 0.015189046499019398 0.13003574000768883
0.04086511913029069 0.01830108760105207 0.12752837744281625
0.023451612096057773 0.0014062111708232413 0.12993016950950967
0.023566655250942575 0.0032377050802351527 0.1299677542429647
0.023789481868210935 0.005658331439912588 0.12988949484833032
0.024907928035849302 0.008285866474260616 0.130127661503602
0.03407174778977746 0.01525868271189194 0.13340427353475068
0.021324620443834753 0.0014544469847968598 0.13425064505870096
0.021459261039579947 0.0033825763954621886 0.13417586543093094
0.021801898028796604 0.005786289671191795 0.1339294437658181
0.020533843729598322 0.001605181351812414 0.13841756070417308
0.020689493425624112 0.0035551969186917 0.13824919765286475
0.021397036675242186 0.006029587679376029 0.13757402194054577
0.02235515031530755 0.0016744971398473447 0.1426600856266533
0.021995797038646032 0.0038200015286566644 0.14214872823952818
0.022377015103972563 0.006378558620364929 0.14121296915961515
0.02472794152862111 0.0017436165575093747 0.1456622382739897
0.024578270213712075 0.004112630679121844 0.14497919964643483
0.02466574829944299 0.006673478569873172 0.14416525716843107
0.02630379383460009 0.0018260346069699073 0.1480905132454836
0.02655948828253214 0.004382644264104358 0.14758001016707994
0.027699528112680557 0.006882520154750893 0.14649538845936608
0.02891668812690812 0.001975589504982917 0.15046250845089612
0.029367433829854548 0.004598588331854243 0.15019023660517808
0.030604460487294344 0.007556109638366332 0.14884691618081164
0.033152431193312716 0.010227240973848178 0.14680384364649157
0.03115336664575132 0.002232495696722203 0.15266351009585336
0.031771834583503064 0.00498763869153892 0.15218636218253112
0.0332859688239546 0.008019252638994789 0.15051334602359923
0.036217493306201415 0.010595012921623782 0.14805045049898183
0.03314954771199726 0.0025178934638351324 0.15475465376205855
0.034050767506188066 0.005197767820316742 0.1539743599851841
0.035766623307058105 0.008421785502328508 0.15230905482210047
0.03876002723830794 0.01068273400117003 0.14998735580847966
0.04638071843249154 0.014828632485195599 0.14563324093778954
0.03526611072712159 0.002941330421622157 0.157146363268965
0.03594471586587449 0.005705576545575552 0.1561557708837488
0.038074994307933256 0.00880807665621787 0.15433701423075621
0.041191477214661654 0.010636367742628038 0.1523539474135678
0.03739447468680709 0.003321260883141592 0.15928433489814525
0.03805632586831133 0.005997087488368403 0.1582610815817235
0.040481735095337076 0.008815522955963854 0.15643818607070045
0.04390169417039872 0.010440153882859252 0.1550014728651131
0.03954017905282578 0.003672987825193374 0.16122546061290663
0.040296307329352986 0.006322488303856688 0.160617151448717
0.04284101868920528 0.008791358175869885 0.1592603424190246
0.04146746736209697 0.0036191317599464498 0.16276491764251078
0.04233238045523232 0.006295861731965406 0.16226505272161354
0.044410887170668836 0.008185520946324742 0.16117171246768666
0.04427812513687377 0.0036410372211316097 0.16504563938946795
0.04511872365524463 0.0061008177407663525 0.16442779986047248
0.04717938421416294 0.007852468858246007 0.16371607756593098
0.04649301382358315 0.003656118897957667 0.16751087900947922
0.04701812901438209 0.006154901130932117 0.1670064710601674
0.04856388490324203 0.008518418421996759 0.16621174646767575
0.05743031808276556 0.011551298662653083 0.16562501886977665
0.048584429937456805 0.004159399466784615 0.1698945617448695
0.04924716300597146 0.006709597843014266 0.16975406757324335
0.05456895895239524 0.022418892603639537 0.17693775448247118
0.05585552037729783 0.027721618435041978 0.17651117300492736
0.0575963734036744 0.03357634940361754 0.17563619969039748
0.05948608323461427 0.03892327943906927 0.17477868404069333
0.06179148858491094 0.04350898687320254 0.17389843264450075
0.05500807820040269 0.02758492856638722 0.17841066280530252
0.05719474167797977 0.033970035945090314 0.17700943563086152
0.07151850718378111 0.05305071931914706 0.1686636698636897
0.05340680008018008 0.023624556218212234 0.13589048713888255
0.054930965104741034 0.028037457726065834 0.13025459921084367
0.056876455881221484 0.03419446100799199 0.12921301743040717
0.059720021557948234 0.03975005551489174 0.1297491522148891
0.06349478446999597 0.045519523887883544 0.1313440284866527
0.05864264256721494 0.0192956567577606 0.15276737075057564
0.05977487633257694 0.030145623633167216 0.14433429650953933
0.06075184197851125 0.033539445383435354 0.14340891669281405
0.061453078289629176 0.03761288242445709 0.14351320880149415
0.06310133983661846 0.0413238144630378 0.14434493227184833
0.06597517869821169 0.04439832732880309 0.14637481072842562
0.06890579741084174 0.04674886803304589 0.14992192358898646
0.07186329719666974 0.048903964012237865 0.15501319501533178
0.0728160983610725 0.050094082534378144 0.16406753591588233
0.07018370676792444 0.048839029521205064 0.16566429529117985
0.06769154627213031 0.04616705740213232 0.16625791843203044
0.06471546764975232 0.04266096984271682 0.16684182040815898
0.06279005085506287 0.03923547421276206 0.16793985229886876
0.061949659008186324 0.03603472354726618 0.16906166492837651
0.061230165843269735 0.032226092124809466 0.17000844058136563
0.060782281754161206 0.02770246484290999 0.17071989776408636
0.06120885960331079 0.02328242702296142 0.1709982009896228
0.06164111660078622 0.019990678635704424 0.16956241173523093
0.06172971324472421 0.017684208522952057 0.1678467179155001
0.0626602912358987 0.01619879496564711 0.1665323735359893
0.062177830642920845 0.014858625678919426 0.1650952198722732
0.05766205804419293 0.01617576288851776 0.15454071739336372
0.05662632103909074 0.016833412803823198 0.15114310940644496
0.05774834023945806 0.029697416868986283 0.14131546915037385
0.05903996163732026 0.034132507275920244 0.1400368264591516
0.060712291691893835 0.038289083343760605 0.1408697428842762
0.06266370200902291 0.042241018412428506 0.14227088418617093
0.06534897960218093 0.04568981050986398 0.14440445178186667
0.06843363103738968 0.04810536049751686 0.14725554041541794
0.07215913111021953 0.050296447352299684 0.15143044399015232
0.07447256424197471 0.0522920791106476 0.15768655482388783
0.07537168694452567 0.05286769676982072 0.1621953764276235
0.07431096843081753 0.052406402753018506 0.16470075234205023
0.0646827035014561 0.043848166005691476 0.16890869953974214
0.06251718336593727 0.04046185969219178 0.1701078687155028
0.06099880415809303 0.03729324611754062 0.17100375582102384
0.0599567881311464 0.03306223372756384 0.17191526117808414
0.058890971553542844 0.02803970709544998 0.17269452747733594
0.05887287207241587 0.02317603264722424 0.1731528911667043
0.05943034075324593 0.019195081069452863 0.17179706060709904
0.058948997397705656 0.01611930409813371 0.16989027251785416
0.059029408026998395 0.013825184123902191 0.1681172021266871
0.06424156683733598 0.04545086991910219 0.17102784678300098
0.061777605026099205 0.042055029433052886 0.1721980458175157
0.06001639363392441 0.03808572376695956 0.1731968183980883
0.0585076507509166 0.033307337863078684 0.17396442018655617
0.057056612107763964 0.02788472994562082 0.1745665498469714
0.056367866789221475 0.022658656978288786 0.17495090755721862
0.05669111634175276 0.018389110563771426 0.17399265407497877
0.05646327515063015 0.014866377856051433 0.1721742334980397
0.06117017689246038 0.01366782571991614 0.16294521659934846
0.056523428754840614 0.013234862616504568 0.15813046791023208
0.05669016763110831 0.028848548948445202 0.13890452777176074
0.05848837252319771 0.03425213697572771 0.1378998508193512
0.06047428355461251 0.03887366184063506 0.13891921862273474
0.06255747161586807 0.04306484533606733 0.14044521373696134
0.06519833694691086 0.04673626060264566 0.14242135434596587
0.06867918939473078 0.050029727537943394 0.1449390090765802
0.05361652908671908 0.017425929106186098 0.0808416125316324
0.05087075878227225 0.013254960293378634 0.07703272222256707
0.05054933906859246 0.01137572335460083 0.07640265486322798
0.05104203669278974 0.009288473810935963 0.07645148528757977
0.05034281224591676 0.007191353574174012 0.07586307811577486
0.050253817738184534 0.0027216429507969726 0.07581988011580174
0.041372494132741494 0.017322591064291657 0.10029290806789089
0.038000950996721586 0.01308611304208687 0.10355825726496176
0.03702723873875392 0.010661030202632671 0.10517425765661176
0.03542535468373489 0.006523788423904207 0.1067325842403699
0.03388365890808056 0.003951720200067684 0.10462395345368572
0.04455462980454253 0.009637040376197323 0.08145945538830024
0.04351569805585197 0.008026367685452769 0.0803286773265412
0.05535166975932181 0.030960165659201525 0.08731418943711075
0.06721406102504295 0.03312055058231035 0.07503813618349572
0.06697257611376765 0.02871653332702442 0.06431185707888962
0.06905922778673945 0.028838989823450564 0.05848824325883028
0.06467946731537393 0.02617030243734663 0.06088868975656853
0.05384398564070483 0.028576040038787144 0.12628833282504348
0.0377289351552977 0.01743826657492025 0.13106627318095632
0.051950877320754985 0.009865285123953644 0.16564889048509523
0.05348170710124393 0.02252619994304812 0.1790961119992046
0.062252910160828664 0.020677979394863787 0.1539036757708446
0.06312785279675484 0.030034693926456812 0.14938783453471025
0.06358173752556251 0.03351594736299101 0.14866929302537565
0.0642914460143572 0.03694472605681704 0.14857301679039234
0.06602273835895399 0.04027918713378993 0.14922362517520615
0.06926625885092262 0.04359596451926078 0.1514495534745661
0.07092726180640543 0.04579942447265933 0.15535258126883947
0.0714672209842293 0.04725070785673066 0.15955532817494858
0.07122206497796853 0.047363014905987114 0.16208722214199475
0.06926281072193409 0.046480266316292845 0.1633308943928466
0.06727927226502374 0.04422192063821643 0.1637271689542109
0.0651200955107197 0.04097843054971578 0.16405199282286292
0.06328900146219342 0.037610099796068164 0.1648916299771615
0.06200768131894659 0.034391264116324254 0.1659893022527736
0.06130896734283729 0.030274998388392763 0.16718447823333168
0.06242417706043339 0.02755636014951642 0.16728290009069746
0.06325060430637634 0.02404449832337066 0.16716896983739488
0.06378392345439937 0.021052613574402187 0.16658293152040843
0.06398623554638698 0.018936772687477257 0.16560748083361726
0.06408531394746332 0.017593737150977257 0.16472973848771094
0.0638252738139138 0.01679966403475462 0.16367566671461387
0.05935412900681496 0.01861164680602151 0.15439632156577768
0.06377524555828913 0.016661365343883027 0.16181032832038977
0.06222255856230029 0.016473911272331845 0.15985713767818852
0.04941533633119075 0.017203161506838028 0.08451967374427478
0.04788687298374212 0.012726555347355263 0.08023457628421285
0.047407754111772955 0.010641329573223671 0.07916011432693429
0.04702976174271617 0.008762411862548685 0.07830305967954113
0.04708272233018845 0.00635075315397951 0.07840878460563884
0.046148990798764 0.0018798847306613542 0.07856102535150877
0.04152246507493454 0.016435467434956354 0.1265388136582521
0.06313050137189449 0.01894806911992084 0.15669934780891584
0.09849046820846825 0.03078150905400923 0.04378917460060345
0.10110701048651298 0.028420050686162053 0.049331113001728384
0.105709351 0.0227247095 0.0641484429
0.11978899209862054 0.05303126726158203 0.06403990344529624
0.11926782721894051 0.055936829719662705 0.06288543612600021
0.09738703026891384 0.023813037992631788 0.038889050873989806
0.10108567796444183 0.030300209760765365 0.04222684812153077
0.11465783123439104 0.05020775310490717 0.056272414287209784
0.10102341467091806 0.021087121187206213 0.04383771902506645
0.10544943207366775 0.028449192569785814 0.04697662542779219
0.11588020984902227 0.04729122980078225 0.057895223650857745
0.10913761274383418 0.034308241363910454 0.05045416383859217
0.105304673130032 0.038371035618469614 0.04523599253971395
0.109094856 0.0177499979 0.0573265062
0.111284596 0.0226131838 0.0599013136
0.1132167 0.0271440924 0.0620525799
0.1041197439445213 0.002784900095472743 0.031567630792283814
0.10557424306759138 0.010316757881885219 0.03229147933060309
0.10818185878318642 0.01452733154892522 0.03223871386883928
0.10912887310231045 0.020687190322196344 0.032131609776766566
0.10836040503650052 0.029795289378565626 0.03388851797802088
0.11225903390829292 0.03739300083676184 0.037398340016196525
0.12100048372989597 0.051192482075081425 0.046681563677553974
0.12759720383001416 0.05680500527298359 0.054335252048607105
0.10644452262336263 0.0028728173169468765 0.03350892913456676
0.10718971548728937 0.009693594888992501 0.03360602260063994
0.10949083713516461 0.014503260777234227 0.03422437889851051
0.10939752075221837 0.020704415602591657 0.03386134084065486
0.11070614508123015 0.028855084917706622 0.03521709428317542
0.11474216813869861 0.036263732680523776 0.03828876651936642
0.12332591699221125 0.04937232002261103 0.04703134185867263
0.12874928990815956 0.055704717454678754 0.054081541013088694
0.112707803 0.00345619488 0.0375315924
0.112731086 0.0101689662 0.0380310287
0.114231206 0.014356434 0.0385360905
0.11594587 0.0192409865 0.0393644417
0.116974997 0.0268172452 0.0413490399
0.119693886 0.0334390198 0.0429918746
0.127291199 0.04538714 0.0480401271
0.130691863 0.0511600729 0.0548908598
0.08850140459873002 0.00258596852452451 0.03756130748756118
0.09039868387584651 0.010393245707344852 0.03871336357238734
0.08706634387722491 0.014966045678590098 0.04008083662446272
0.10468845855190244 0.0625347749510132 0.0845299577354618
0.10492991030804581 0.05995742049169899 0.08515153515027861
0.09131333451166583 0.02080692261489599 0.045267616574056424
0.08952239028341231 0.02338889704384665 0.04080421090239195
0.08597755128605437 0.01627405841572432 0.03693292546073623
0.08347836841996786 0.0026312903052494647 0.03829331570601055
0.08339747122011848 0.0027073469719184166 0.03617756899290237
0.08547864591725982 0.010108158310345389 0.039036037608434784
0.08419105998339971 0.011087036373744063 0.03633908216624334
0.09485824032470479 0.032483826352360884 0.05511069735950433
0.09266284229650336 0.03570856274361522 0.05047637400525564
0.09082061056759057 0.026428844043952213 0.05135458385812592
0.0880629068035998 0.029014651582221895 0.044979520810266245
0.08618173601398942 0.04508498817409191 0.06753878751228604
0.08902011659879165 0.042719511189141905 0.06976686711551175
0.08337474757669085 0.03332279241193722 0.05225673841007812
0.0878846822551773 0.03452477691563722 0.051109474487901846
0.08549820049499207 0.03043351096258779 0.055867259811781
0.08967636414761188 0.03156053964609162 0.05533941395843842
0.09063681100761477 0.04661034325329824 0.06598706136350299
0.09495184904894824 0.048102969820407133 0.06410471857891034
0.09295297697069725 0.04378525979786798 0.06806006905790073
0.09682073826456389 0.0450179150274749 0.06639260098492045
0.0792412960791262 0.025754002557124674 0.048225290816583534
0.08342332799974247 0.027675369340815503 0.045846157665306524
0.0814556433884138 0.023457946672342054 0.051817300112943006
0.08592302430607436 0.025192977816276923 0.05116784751896371
0.07466367381239895 0.01911244533342787 0.04669782084195728
0.07934291665065904 0.020803744847306068 0.04390632377309802
0.0764557508958586 0.01762668541213048 0.0493483725275575
0.0813484494039427 0.0187877932243605 0.04740689948523404
0.07048686134459636 0.013399385777717519 0.04634294644841906
0.07545248631692816 0.014167737488857116 0.04311243743196152
0.07249259115315305 0.012801807589047538 0.047815277598996224
0.07701972003574023 0.013393506602539695 0.044883247336375394
0.06874907894641306 0.009859802358117474 0.04596684544773938
0.07351367907635392 0.010120613520096031 0.042798242562392876
0.07073051829830564 0.009268012654072467 0.04763620013894424
0.07510862512233703 0.009527347596265293 0.04456581118583587
0.06707389821894072 0.0027859690577452766 0.045603115991010496
0.0714370475830151 0.00283120830998503 0.04263796903758028
0.06840749719947296 0.0025481863396953604 0.047258003711865684
0.07268104826185821 0.0025176217586970946 0.0444975871635691
0.12447939918790193 0.05603832611394477 0.0763981579444817
0.11945013356577565 0.05832898858477461 0.07857299935623051
0.112373652403216 0.06016308602202136 0.08169416368457195
0.12407891204658773 0.06308205506529313 0.07423843040390246
0.1190051708107634 0.06266013519171085 0.07735846975456973
0.11234482367066274 0.06315297811594958 0.08065167074946343
0.08615318367484677 0.05861044582828583 0.1411124062941476
0.08213603383377312 0.05865187330022587 0.1335666632539346
0.08430196103335358 0.06256630207471399 0.14045172393909405
0.08098029661637049 0.061687006084516854 0.13214753160971487
0.07901128160236369 0.056020536370903845 0.12485850808777547
0.07800330883892964 0.0582210994599695 0.12401302068011019
0.0917756709 0.0530355584 0.145395704
0.091198758 0.0485064152 0.135794694
0.0886135892 0.0443430515 0.128988722
0.07470422966255562 0.05349684869106011 0.1470882021614054
0.07365123115165315 0.05449374747530306 0.14685274590486885
0.07961253346824215 0.05745652965429807 0.1514433582155611
0.08034034764273412 0.05628208697658435 0.15175954467739158
0.07563152596284319 0.0562174610969953 0.14525509965883635
0.07629305516491725 0.054683675558907865 0.14542258982014875
0.0820789386236021 0.058178256845715245 0.15931001790213628
0.08289858207856694 0.05718954189090474 0.15930614826440137
0.07744830980193916 0.05625169763521424 0.15300335293569572
0.07828263780686866 0.055469533629770945 0.15319489119345725
0.09351712882228044 0.0583769216029016 0.09153574144205576
0.09888090819475079 0.06036052251345998 0.08844853607234002
0.0965048976319658 0.06753762956381755 0.11504948186050051
0.10193968217567619 0.07090135203368497 0.1123821510393263
0.1000369846920794 0.06887928165370043 0.12603782786558163
0.1050429575903626 0.07259465090019986 0.1240302468379075
0.1031380247336355 0.07062415524597211 0.1361215696937756
0.10801876714484028 0.07381801917727188 0.1345923064771513
0.09957240504139293 0.058268393554893855 0.08865245642566082
0.09435346375846959 0.05650297573843872 0.09192304892504977
0.10312575659352435 0.06791546178117495 0.11312437839933857
0.09798672900802277 0.06540847419671784 0.11543724256490896
0.10577128521924957 0.06987530691209899 0.12500051061852688
0.10077973885518904 0.06695471854006406 0.1268597336728288
0.10870552221951185 0.07097913882229791 0.1353946498063998
0.10347435962900718 0.06852175133403202 0.13688078874126863
0.11604060668583563 0.0726769419870867 0.17943671528895497
0.12180008534946864 0.07409780460574678 0.17901633648813522
0.1165051152736325 0.0710625660610393 0.18030677431100478
0.1219527943780275 0.0728305594623617 0.17979848435052745
0.09465725798302174 0.06445553905786902 0.1391769532581517
0.09375686241441257 0.06662803071029016 0.13853693330417313
0.09176695529871974 0.06292946348164333 0.1299275235496419
0.09093493395862792 0.06468579465943039 0.12932668322505467
0.0888134609116143 0.06077215261511826 0.12001546183613325
0.08784371751084487 0.06253102100455818 0.11945060166157298
0.07960812481797129 0.04900331206207285 0.10013415222698167
0.07936901332348496 0.0501957724335367 0.09967686927723693
0.09957614125125486 0.06720305218351127 0.18078473501557496
0.10507318517728477 0.07007053872089587 0.18012685012145846
0.100549515 0.0661152164 0.193806999
0.106434941 0.0687339325 0.193603114
0.117944037 0.0731095366 0.193466301
0.124171245 0.074578448 0.193308125
0.101319931 0.0651860893 0.194173689
0.107107971 0.0675507616 0.193902823
0.118330185 0.0709492306 0.193944896
0.124408991 0.0727700344 0.193885301
0.10040489873809101 0.06458954286066837 0.18153769822354668
0.10575297937592452 0.06721615346834392 0.1813962484805646
0.09047678989719499 0.05899388962463695 0.18281443601636327
0.08968446366763527 0.06157641803319798 0.18239254687550643
0.08230914323884905 0.055279068747272946 0.18220663713772622
0.08071917263491415 0.05575975518430694 0.17471137020769656
0.081846897512368 0.05699806262911943 0.18240149909037462
0.08013145667018558 0.05725852657113468 0.17482862811081742
0.07832529768826398 0.0554121408774673 0.16550038258084648
0.07743349958157986 0.0564131108564134 0.16529697736266688
0.07233500525316522 0.052507983160693314 0.17748321612430717
0.07087887352958988 0.05175314037426667 0.17529393946014146
0.07165298809468405 0.05381180231763751 0.17762666666199625
0.06996641840813453 0.052862396599625765 0.17490272631169126
0.07390633702602077 0.0517793086608315 0.18409536007253977
0.07319197252055529 0.05301701484848218 0.18438914870999784
0.06580124121523578 0.045825209505131595 0.18455918292543042
0.06501633397712671 0.04613078633916681 0.1804404378817233
0.0646782593473906 0.047390898307719184 0.18492946068748478
0.06253211423087915 0.04801175862921925 0.17914421583175663
0.06428726729926917 0.04501299692132029 0.1779018533557171
0.06240666493350878 0.046654289291152916 0.1769074490387624
0.0550286819488645 0.032666586410621784 0.1867324678328789
0.05674346249375967 0.03132251979544212 0.1863249498045607
0.0579074238 0.0261303027 0.195433057
0.0567394266 0.0269555816 0.195991766
0.0631089236 0.0356515702 0.193717151
0.0618023248 0.0368996185 0.194415476
0.0678369232 0.0447339104 0.19365821
0.0668810604 0.0459508885 0.194294179
0.0752830515 0.0507657232 0.193762686
0.0746472989 0.0519346249 0.194407402
0.0833377727 0.0552134163 0.193714467
0.0829064075 0.0565160704 0.194359518
0.0919173196 0.0584684754 0.194614513
0.0912822442 0.0598907437 0.194134543
0.04597397020596604 0.019995607696884646 0.09851798565096367
0.04703296336827824 0.018406133490014024 0.09671269238475266
0.04509183215141463 0.020717549754553036 0.0981550209847181
0.046592832361706096 0.018353340786826808 0.09550888706042882
0.04918846059730538 0.018299599730047317 0.09501643760971
0.049014959283861424 0.019036398662853407 0.09521605323520017
0.050107219296555386 0.016529167724779626 0.09356203030618056
0.04914199294196 0.01667880874469951 0.09089519988845614
0.05099066605360728 0.014471224225730906 0.09076205161545983
0.052041511525316504 0.015585987175872047 0.09393326394350703
0.053125589245359796 0.016240316294646923 0.08830448066310115
0.05130788500707847 0.018256641738901555 0.0876086937565908
0.05437750170163283 0.017161165846694106 0.08992354729105069
0.053156386662623366 0.015934949665505467 0.09307004677301664
0.052798335312817794 0.018416154164629973 0.0904356680371562
0.050948271532126485 0.016697985126305315 0.09305480010013552
0.044311777189810754 0.018752534204525984 0.09922040563178738
0.04553421033524563 0.016773390254517025 0.09701385669919976
0.04317466916940378 0.01932826419034872 0.09875341729214407
0.04381651860945974 0.017485312605459526 0.09565331680268699
0.047012623751732936 0.020752073098057485 0.09822632504257169
0.04806467723452057 0.01991410821377196 0.09617289824842601
0.04620797829387978 0.02120811171573394 0.09776471932782249
0.04683704926435676 0.01989218463043711 0.09534703430334246
0.049991279383398965 0.01693294384354529 0.09533218777633734
0.050696620318371424 0.01565770355996595 0.09713155682068864
0.049501065653306676 0.01796861756463262 0.09448470322756951
0.04956229495414534 0.01768539631417418 0.09461936853749574
0.05151404146815359 0.018004327811568927 0.09553989990516346
0.05023285251628061 0.018060649629400526 0.09337802475808583
0.04866848494541416 0.017868620513672176 0.09313371117745088
0.05021745762308191 0.018041238709219882 0.09576536683445143
0.05208222900905666 0.01782047844997156 0.09472697870989807
0.05037233340415018 0.018213729171108608 0.09345120694240318
0.05073690848486436 0.01840994338786064 0.0935170811251694
0.052759332157065526 0.017669973974933636 0.09439567957045879
0.04530838382125648 0.01365319529676719 0.08612326594015558
0.0490161999856815 0.011302686122359532 0.08703837611077261
0.053818367203848014 0.009237079191838289 0.09085727753298094
0.05823836263399605 0.011396281909999436 0.0933614809353344
0.05167103032029954 0.0033592913547802958 0.0867597840853867
0.0464604670842825 0.003600126455691632 0.08326651192357536
0.04235367413345147 0.0041463329098507 0.08036875974857514
0.03801547393298005 0.013511805536453808 0.09896693264457651
0.040883627807748756 0.013091728725218257 0.09844593756197412
0.04526913336106364 0.01167425761919647 0.10008204382623907
0.04184179538068348 0.014566296710297669 0.10179087888181249
0.039370981801093205 0.015017021118861528 0.10296007468407188
0.05160629766767712 0.010080758787001319 0.1046973148104781
0.040885295430639484 0.015970050264108613 0.10506658266851748
0.04191586716443692 0.0159810093405547 0.10516274690464458
0.0526554596973345 0.012068782929450664 0.10823202319738483
0.039758566256545676 0.012181691599892379 0.1003723230511709
0.041307216751369155 0.013839924602686168 0.09987409208406103
0.03716395820753012 0.012400688314250124 0.10205294930178771
0.03842982965758991 0.01441295089837791 0.1004956177003426
0.044654026850245505 0.010195892525434848 0.10096255718862393
0.045874926939545285 0.011830407974311945 0.10119461925965682
0.043464398462783306 0.016406532333277376 0.09865715219292176
0.04101448018988805 0.016255199927619198 0.09868143901618996
0.047357565295098894 0.013597781132703898 0.10079406886730079
0.03451655517171273 0.008162271808159576 0.10206564830870976
0.03725639486351352 0.007420384932461725 0.10093446267801873
0.04101509967756638 0.006619407106308282 0.09948856559138394
0.03594830259918275 0.010234181524217054 0.1036004123606519
0.03843740420996928 0.009888605534358082 0.10184100839856038
0.04305176589982601 0.008568642800841032 0.10074402360502265
0.04338189740585017 0.01850505611058433 0.1087463927895522
0.044686239917393525 0.018684485570984347 0.10937554971292061
0.0557233260284031 0.015248440198474671 0.1139177446903759
0.03817759177207326 0.007931432365914471 0.10415267260123706
0.035957675389241016 0.008691287879568325 0.10616724008448358
0.04820808423114512 0.005787013512511286 0.10218432541786485
0.04153327477356113 0.006409587824360968 0.10055555802798273
0.037780267865124284 0.007578992059593284 0.1026044032092183
0.04094337689538303 0.00376310765820636 0.10023599782056156
0.036807519041388376 0.00530956684472773 0.10250182785426265
0.03542611411207241 0.008725395726054809 0.10429836443899727
0.03416349754420083 0.00656210853181043 0.1046200205188634
0.03908472562453315 0.007750326250127845 0.10862694762471876
0.03742355813200144 0.008792483796613954 0.1089987074073516
0.049542948587862935 0.0056154594207013225 0.1061735954474409
0.04049612372855956 0.008047696723668795 0.11207649995837313
0.03831780636003719 0.008190405189449478 0.11283364752477004
0.05121715502826154 0.005835360465733264 0.11108985561725772
0.04529253071471529 0.003955757198437073 0.09955316772082892
0.044449576259801775 0.003921633015696727 0.09843115684224756
0.0435596407693316 0.003236912466286742 0.09718467592295928
0.043049932859852806 0.0029649466476126592 0.09633316526228722
0.04072193945682793 0.0033770092772574035 0.09500749518999463
0.04709000156679679 0.005544145041121019 0.10051523976661134
0.046145625610817295 0.005466186416278662 0.0990896490642619
0.04540141929555077 0.005429377733495703 0.09815760258704612
0.04442626158281004 0.0052064094120923676 0.09721803828989536
0.04207428486700161 0.005176011164567471 0.0955374735754153
0.04379906622616682 0.006373948490819695 0.09641573498500669
0.04881019700751217 0.00685937571894343 0.10142703882583753
0.04788905621285453 0.006749159740296415 0.10004332829413295
0.04688236344291574 0.006702547508422624 0.0988928370818864
0.04615989677127303 0.006523538694803486 0.09799913567266602
0.04521968766212353 0.007637402530122681 0.09688851872541604
0.05019948854973622 0.008680596488487211 0.1026661230287869
0.0493819229724231 0.00844358342711368 0.10128695698601867
0.0486337544995326 0.00813697802063951 0.1000334785478338
0.04780008741024616 0.007937359246121925 0.09893173725866522
0.047726407921017025 0.008874420183891452 0.09809127777585612
0.051420289723915324 0.010004323099965651 0.10319213504638054
0.050984258603759255 0.009735196977734022 0.10200234083530299
0.05021201336099592 0.009381969429524331 0.10104356717026691
0.04950859901910679 0.009131619447349441 0.10000737919550419
0.049932255873043854 0.01064658361835695 0.09906176137860806
0.05223819150673671 0.0114377358795826 0.1031610594497058
0.051883357989036906 0.01119224436987487 0.10198388776221154
0.051676468027914445 0.010905711989237878 0.1011910777547167
0.05135252688351917 0.010573592079099995 0.10052708814881561
0.05300685442361936 0.012412535573513463 0.10638523176450788
0.052108661410367366 0.010702865399037054 0.10618032677972436
0.05099083115758569 0.008932805615993918 0.10634161165982535
0.04980123079860684 0.006967357452292533 0.10432843429475776
0.049183509148086474 0.005269722870298633 0.10329654124127782
0.04755324376925429 0.004135779590583532 0.10237754896938737
0.046549891588758024 0.002981162551045674 0.10180077744077867
0.03604524047655045 0.0031429629573337696 0.10099955786103389
0.03281237666295189 0.0035315268378016454 0.1028896818885421
0.03917941034168908 0.00201198796251384 0.09925868061631114
0.03837085955962829 0.00215317295999669 0.09779168231490647
0.037813010282709156 0.0022108120726406686 0.0966332243736812
0.037260895665430546 0.0023123557946658348 0.09541486893305356
0.03668925320082332 0.0022671228986629196 0.09416347746159405
0.03985449305042682 0.0019552799865276316 0.10037235282419686
0.03931872671628039 0.0012567606202086084 0.11297761726223679
0.03827210973706004 0.001321674279163079 0.10885639562516358
0.03714094958063882 0.0014909246441249066 0.11438659883622868
0.03649515470988557 0.0016525860649132577 0.10965041467416928
0.0498707468759915 4.4736419861968174E-4 0.10906929522829925
0.04885118547029509 0.00126555424423145 0.10463738163498638
0.03624455440261727 0.0013753108274924537 0.10275839774594674
0.033631484398304476 0.001927895540692896 0.1046120453548595
0.0465290374490507 0.0013356144093108265 0.1013010323806303
0.04543629674789977 0.0011400593539747912 0.09987374140826523
0.03542057802418194 0.0013617391581369415 0.10023430883030254
0.03229981599697311 0.0018507153502126724 0.10254072109884552
0.03494359097827309 0.0012855590635278 0.09937345377874324
0.03124284789111996 0.001627625240063733 0.10112204014361913
0.04021693328439644 7.395915229404027E-4 0.10003300329021685
0.03949824465994601 7.634008591668125E-4 0.09894518257682945
0.03856746262243177 8.15916787995696E-4 0.09740636578649836
0.03798034744745271 9.47533085667044E-4 0.09624765396502222
0.037106523784168795 0.0010451453229755755 0.09528813422097047
0.036186623205411696 0.0011384247778750546 0.09427094034597688
0.04237067154297126 0.002112351760078434 0.09545790224244306
0.044610549717785504 0.0026335594021827486 0.0989227589341618
0.043651221971534926 0.002160401424050133 0.09752506566439409
0.04306823945551354 0.0020958369836831334 0.09658017503032391
0.039797948822103024 0.00222604862332788 0.09460888069895612
0.04169704272280955 0.0011889205693073484 0.09478384704928608
0.04442343848265662 0.001222794673294894 0.09881692069812294
0.04320449588043325 0.0012170668377203282 0.09718239131846351
0.042559279310891145 0.0011759514654115265 0.09608788552152718
0.038877045022832964 0.0012213663676565905 0.09379016950869273
0.05280102401125337 0.01370542928502581 0.09757520251907849
0.055625991807663595 0.012839017842257485 0.09616776626009547
0.05161784769276692 0.014421531060367912 0.09830713862051822
0.058361111672661746 0.012996787841739615 0.0953180033341867
0.059869143108247015 0.013755682780990576 0.09452933661293468
0.05150330291400824 0.013505961842935467 0.08492161384932917
0.04839736874652401 0.015128436738905933 0.08196657863955226
0.04962658126727482 0.0031223107640484466 0.08138527861855546
0.04688671204840283 0.004019249547047962 0.0786621601319973
0.05813775106185719 0.01149447638105304 0.08996300766607555
0.060292705594494796 0.013842535393192716 0.09182350840605807
0.06047792507916448 0.015382755832689717 0.09286135326012177
0.05407161892251694 0.0034830510662175376 0.08564656903007643
0.05478848842071211 0.018166931056949356 0.09149960981327512
0.053848295389903066 0.01766871119501448 0.09368454397032769
0.05317604985368485 0.01878221749293932 0.0917935398730705
0.05114809069802621 0.01861033401396301 0.09326260372700662
0.052204480486458864 0.01650353674296168 0.09788626509241449
0.053591842139704096 0.014503536511751397 0.09774806342374359
0.056160539217637556 0.013965774626993097 0.09697618279352777
0.05844681080536946 0.014202928899693726 0.09620058870511032
0.05968639255996713 0.01528439200364215 0.09512201660516043
0.06404745467014349 0.014686647674463683 0.0893069789277043
0.054713011306672665 0.014799991419658121 0.08138542693214271
0.06039773252817429 0.01675702712470711 0.09441648158262093
0.0503867706140051 0.020548181821966872 0.09328833619752562
0.05323647493583112 0.019321387942942563 0.0941122229669369
0.050255328845310296 0.02059270812707405 0.0936795380033048
0.05248431148608688 0.019569961003249373 0.09457241373804029
0.050339210247756394 0.020533023489225373 0.09417856808865806
0.052777440297037376 0.018843087622594738 0.09520573359462146
0.05071480989872316 0.020181470444872993 0.09448573341541039
0.051318375800618043 0.01961538890849319 0.09510823789938018
0.05350910652581624 0.01673751474371017 0.09741796601286497
0.05486465623979637 0.01489487305453206 0.09816396800406886
0.055671435000447744 0.014686096827442601 0.09835955725619203
0.056823142082721316 0.015270184115526253 0.09789732922283796
0.05913330930338838 0.015513435884875821 0.09673855773999404
0.05994465441358546 0.016858732655621475 0.09657073602053433
0.04493219568274207 0.017868710405066466 0.09818736906912387
0.04391370618110033 0.018306297361730547 0.09714006678537192
0.046357207127831423 0.019039891344000956 0.09767582094940896
0.04754426480697799 0.020498634486561935 0.09697787335508991
0.04573766290874768 0.01954339268118808 0.09689942276014572
0.04662764090841342 0.02068787940043984 0.09643851843140881
0.05112007206782741 0.011881460289827084 0.09899366337058081
0.05199565902400761 0.011892968979238803 0.10056671979718798
0.0520590571353488 0.011913574806247395 0.1012754196765263
0.05213732724632287 0.012116488467609193 0.10206156300812402
0.052505457695273115 0.01229833610692656 0.10341223864167086
0.052952226499077416 0.012593692390687968 0.10502250810829784
0.04835688692301567 0.01466391092425571 0.09996453102271535
0.04851144709310315 0.014987785054981181 0.10085669761679193
0.053455161472982196 0.013564352812115116 0.10609874113559896
0.05167176472815986 0.013295786563452872 0.09878180651306118
0.05227953066626091 0.012797249615078445 0.10038462183552242
0.052456356884680956 0.01297756492904665 0.10111268452155706
0.05284247997464673 0.013562281135175568 0.10215278744947985
0.053915065850285555 0.01472117561918172 0.10375697359216875
0.05469685138515635 0.015122795491849892 0.1050777284738675
0.04980181493385421 0.01609293259067879 0.0998467600228824
0.04965434047003348 0.016458207141587893 0.10072514614265314
0.05508612795586313 0.015705633461522494 0.10571915369464466
0.05192468473862906 0.01458209601098113 0.09848425821504947
0.052806953697874255 0.01352330074251622 0.10005697231480493
0.05316395598191679 0.014065221813539577 0.10105908629105323
0.055031003268596404 0.015849461905545245 0.10271660457547527
0.056851905846216445 0.017353754322339897 0.10422839862270318
0.05684529641725515 0.017642297644832713 0.10487310438132583
0.050949144585273415 0.01768144126864213 0.09959904783534702
0.05100647734415197 0.017744468146479658 0.10059136132916528
0.056986313490652876 0.01793478581145101 0.10530779339744546
0.05115010699731878 0.01741617030419178 0.09882057937809999
0.05145171385394474 0.01687172998635738 0.09831198657368165
0.04938167498366796 0.01848215610131035 0.0952789559768741
0.055852624637819114 0.0019007497722620483 0.08734281680121876
0.05338315038758614 0.0017051435715403707 0.08905846553578649
0.05196399978941362 0.0015844930698495985 0.09023792227270967
0.05009576199458801 0.0015950899273388475 0.09126472597742391
0.04647927143996188 0.001265033359901723 0.0924447769899291
0.043292034197988785 0.0012456250214611905 0.09379355187905103
0.05630977405564834 0.003962640534006837 0.08794642815690533
0.05432018127716634 0.0034797310136347732 0.08954294724393771
0.0525206411569426 0.0031861628746105135 0.09025576344547911
0.0499842685986048 0.0026101757954979767 0.09137142223621028
0.04641105289463821 0.0023208212652762747 0.09333461736047159
0.04221075522052133 0.0028406120586161013 0.09408498451353584
0.05684041712290994 0.005614676069343278 0.0879951300984253
0.05494150103889833 0.004648174322567299 0.08997848765477724
0.05293727724210656 0.004100830024771909 0.09087178230688582
0.04977054393931011 0.003689491337057764 0.0920559449291712
0.04629697036682298 0.0035231706321334926 0.09366546429199774
0.04205315782384197 0.004212921693132471 0.09475927913848094
0.05723967439373744 0.0062239625487393565 0.08805260162785537
0.05536134760841655 0.005545011715422113 0.08983124114336305
0.05261437113525472 0.004470203932920914 0.09184627958558958
0.050094496439125655 0.004535849535485565 0.09269607271813271
0.04637233612577459 0.00461875149404418 0.09430899139925435
0.04267241237476728 0.005752231191049705 0.09582630482953004
0.059358185030043906 0.009470737463633593 0.08887032129247863
0.05456508318805754 0.00532971390206261 0.0910907584473865
0.052333263192981365 0.005562871207089176 0.09207166888735761
0.05036429122120543 0.005069444950754364 0.09322498263459641
0.04684190467064574 0.005490788477085745 0.09495615132926047
0.043483094432778306 0.007134687098779 0.09617155331982499
0.05939595633076914 0.010460555746500986 0.08964500058844313
0.05461438555785118 0.007055096408644004 0.09119090239903824
0.05274498416052309 0.006591527637087698 0.09220828328329728
0.05093553792550893 0.005773462059962401 0.0936310329415991
0.04796757909612919 0.00639926875868301 0.09596922695412188
0.04427075866954757 0.00860865397648619 0.09655179862018955
0.05994385532734442 0.011640602840260524 0.09025060121241969
0.05641828208479468 0.008446102997831877 0.09252767946104817
0.05398958388716822 0.007874662623007456 0.09308206899932094
0.05231614219556448 0.007194522899955884 0.094253537588993
0.05021860707436499 0.0077205518398004444 0.09739245332916935
0.047814488814734 0.009117902054830014 0.09815831947626938
0.06089394526701088 0.012614873460999793 0.0911376553492509
0.05784032436785021 0.009677282466280105 0.09309074776122311
0.05554585885317991 0.009198061179873308 0.09394160247534765
0.053915056172353086 0.008505567406204782 0.09520984450523672
0.052231541757312205 0.009496333567939635 0.09851269094078308
0.05036060536548804 0.010294591922315896 0.09942019557516409
0.06184470240201538 0.013683850222661189 0.09231158552688763
0.059310844487371076 0.011533231119597297 0.0936983373748225
0.05803902023211331 0.010075830705152247 0.09508151361624749
0.05538654093108553 0.009455100476131309 0.09610785398880835
0.05276311162460464 0.01133910470879385 0.09871604555435447
0.05162743639794121 0.012166909819253344 0.09909841339591023
0.061888056326656275 0.015425949840396849 0.09330262459817687
0.060927813574576516 0.012895115063134493 0.09506287013317852
0.05913499323012622 0.01211637890618165 0.09619946674589405
0.05620894998082009 0.011196859797020082 0.09716177729471677
0.05319434012703565 0.01280948123987287 0.0987039674339737
0.05236914405031544 0.013590498639639691 0.09917216190328025
0.0617323360532853 0.016198234581114197 0.09489648790687702
0.06068783302738923 0.014253910650615055 0.09572265660600031
0.05920781181358709 0.0133161729925368 0.0969875720640029
0.05686228895898903 0.012816567670730599 0.09824934062217698
0.054045130850087976 0.013197750062869258 0.09902982820016805
0.0530177039751329 0.014261857328739904 0.09947383457099485
0.061377136863885406 0.015836512373282517 0.0971685363599678
0.06048245410047058 0.014672615855144636 0.09765443046100082
0.05939625254450771 0.013864235088728897 0.09874805440357558
0.05765367700299804 0.013265824091417711 0.09977922513617796
0.05591640985339393 0.013268720273926296 0.09991434150967068
0.05378674533729308 0.014620457612323643 0.09945696478702812
0.051202161965903124 0.015295433973309625 0.0779049972988107
0.059603124734435825 0.018465050119812698 0.07902211210155693
0.05520103959113182 0.019349853803037453 0.07545966851339096
0.06100552858432299 0.020827674177107906 0.07294550848107505
0.05879644122972586 0.021652798310269068 0.07258237123354817
0.05980517127747318 0.02370764773693578 0.08336691064848743
0.0627168855901601 0.026906137412455813 0.07754861910766986
0.05812345280093628 0.02497796419538464 0.08123564711401936
0.061164602567704014 0.027674987026098486 0.07708012420908827
0.05554481265081701 0.019813139667622843 0.08579009035068358
0.05395468825712936 0.020680637517038785 0.08414681564856223
0.056124867763972165 0.02104806027732897 0.0875057384746521
0.05961725180352614 0.02518410967908237 0.0850684899332053
0.054047449019256955 0.02197868190008753 0.08612983207366956
0.05836088360940493 0.026504539154672657 0.08308036288936016
0.06302309971587625 0.02887971939131963 0.07943714842143076
0.0615425899926117 0.029623123854373597 0.07851716806522129
0.05974826573504245 0.0221591002975751 0.08194634287164504
0.06283419077395455 0.025819657999169396 0.07598005269703743
0.05765883428182614 0.023605903980659843 0.07945537039635073
0.06073232982631689 0.025960174034592717 0.07527121028540619
0.05517120123720831 0.018502680419498468 0.08419250046172418
0.05358149571678009 0.019340633287670942 0.08223743746739048
0.06468391849691857 0.017057772045086576 0.09393013458666037
0.07165676697601649 0.0220334615004474 0.09293363993774083
0.0768982493757419 0.02423758755806851 0.0911198499033104
0.06478251917102237 0.018124933695604993 0.09540690140590481
0.07193354444332176 0.021674417018333402 0.09547219585949594
0.07749169419745662 0.02476776066725607 0.09452222504172779
0.06434625069781004 0.016331364550711158 0.0922108369498466
0.07096178542319696 0.02097754115442501 0.09109248462331064
0.07576894223205563 0.023261767221314532 0.08837628989900823
0.04996731473314906 0.01853571457940808 0.09465173350718564
0.05183285303887368 0.0171729728462038 0.0961792236496469
0.04972211476128135 0.019358497295584403 0.09460195062645212
0.052013469416055925 0.017451284414037805 0.09729893624285657
0.05342323255726911 0.01413701576731985 0.10014449310881939
0.05228638172048133 0.014776228122700038 0.09831734875205157
0.04960355518628337 0.01909324481709588 0.09404121751848388
0.04980580425951717 0.01887095590097592 0.09398802468879724
0.049290184362010596 0.020138777686437112 0.09466815937106499
0.05200261072230106 0.017936871657426787 0.09792366436683585
0.04912992876701086 0.019610994068242262 0.09402058863048757
0.053852504057887725 0.014599966750932189 0.10091912758513719
0.048910443026207735 0.02086923311235394 0.09497286618271353
0.051867189663492644 0.018228499519501246 0.09861348526719543
0.0483378666738204 0.02048251271661913 0.09452048283062617
0.05591483161908647 0.0165356922918636 0.10248277821620828
0.048639833479886485 0.021516497105865263 0.09565710796985707
0.05202581839126879 0.018288052691316 0.09961901611999528
0.04770528874816155 0.021244192990757114 0.09478924517771029
0.057769200099317956 0.018420670463845913 0.1033110413683879
0.048410405371388396 0.021882222823383025 0.09660372007471538
0.05224170392599304 0.01850082129077869 0.10054508909697092
0.04745651777077922 0.02199433438124048 0.09586860962133893
0.05816362836728209 0.018864233169227324 0.10365326216532794
0.04792511240463252 0.02181736266419306 0.09771606429389254
0.05843057360239115 0.01916483075354823 0.10423633833961654
0.04736991944771379 0.02239929667160806 0.09697947485332543
0.05059909420594323 0.020575433752583954 0.09468258544352805
0.053460745367136624 0.01717228274723061 0.09788826989141898
0.04992856921080366 0.02098517148862746 0.0940252020364044
0.05478372342443437 0.014842868116720134 0.1004194757360849
0.050065765266361015 0.021327028614071326 0.09437506565636418
0.053385821675870374 0.0174857813143685 0.09815749419157206
0.04950966259918338 0.021351135748022682 0.09391860186881008
0.055434000352519705 0.015466715426460867 0.10093800126829479
0.04975710081096552 0.021802814586843848 0.0944266502279885
0.05367782974907007 0.017447194870166622 0.099094927284695
0.048982141563226195 0.02170099537478099 0.09386513664526432
0.056991652359406945 0.017266980036496134 0.1019787001898838
0.049763255103604374 0.022296874773636437 0.09499527959168685
0.05412654906617587 0.01802335198063249 0.09968207846143852
0.048849619119105785 0.022300667866940543 0.09414279961748448
0.05909040102219739 0.019190031133435276 0.10255977105060882
0.04955520346822503 0.021365640704453227 0.0929127900764283
0.05139668428177314 0.021047475707097706 0.0936183767651628
0.05665815786620355 0.01625474809375708 0.09959124254273749
0.059374886953480754 0.016025900213553913 0.10129913065921124
0.05011476817342215 0.02258356190999063 0.09619461807071208
0.05554451150183157 0.018681873666385823 0.10050037280728162
0.04899127546858185 0.023212021783306534 0.0947739285613845
0.06016039363483881 0.019900119103910638 0.10321717937017894
0.04983480502996893 0.021968491894057727 0.09198467903477105
0.05174574182742039 0.021710139831967935 0.0929415694575274
0.056933243930817466 0.016332631804967863 0.09984415289238523
0.06205670093862038 0.018063154648706323 0.10126932060104657
0.05052651653251119 0.02308305395839906 0.0971477591961999
0.06033743637751929 0.020034677706820832 0.10345209497213229
0.04905269840433872 0.023559280489536014 0.09556069772075529
0.05128493245418091 0.023219367450279707 0.09098004893142031
0.053173381154683744 0.022478639536375158 0.09260327077276913
0.062325465309566175 0.01919247211496924 0.101128866531879
0.043818054631138414 0.019641793243345744 0.10175573023784239
0.04281167891164337 0.020277795433447526 0.10173574185649843
0.045812371534688 0.020320513001356316 0.10099922050835117
0.04462463015474886 0.021476799046552336 0.10032590257918744
0.04765691007528987 0.021091268604144352 0.10079860920949481
0.04608299289454238 0.02209976943267087 0.09965489865788212
0.04927278809672264 0.02221126023894207 0.1000947303529395
0.04755185686866188 0.02351782937200443 0.09835450066754327
0.054943832125972855 0.015317512808829068 0.10786884355575706
0.05640049525237813 0.0168228280308852 0.10734649322893605
0.057917700064178776 0.019203445827831477 0.10631284718622701
0.05910954371997928 0.019955574879781408 0.10583540501950704
0.060960392682971085 0.020302431619061333 0.1050506352692296
0.05050651807015276 0.005113816326742716 0.07592081833486444
0.05119629870197463 0.004930150606201691 0.0723373383018223
0.049865216283478536 0.005196683808482577 0.06800845088617051
0.048846506424114804 0.005609492504858144 0.0648278008877737
0.04902173636682415 0.006110167287678725 0.06231078282845497
0.05036742614498255 0.006368003663089632 0.059188909414858985
0.05311901386552059 0.006440756460570812 0.054348073466448765
0.06287094778529345 0.006030505367212307 0.04796471079453608
0.06768606949336532 0.005798004412467194 0.04597337814878326
0.07215396816948023 0.006092019684721131 0.04263664944709653
0.07767834012637456 0.00613523060899559 0.03925913364280659
0.08355507785670793 0.006511694383158645 0.03613727183751445
0.08820401208162028 0.006756365626988733 0.03491666085822123
0.09159813002199792 0.006904486239722167 0.03441976263691039
0.10749399917045387 0.006357440243216763 0.03360788970108658
0.05301652963572433 0.003400779310729757 0.07850662704448252
0.05411795907348312 0.004418044325845722 0.07344729695891496
0.052587526935741244 0.004918333419072438 0.06890202676278041
0.051228413950207934 0.005313529452260872 0.06517271069182902
0.05112793535926405 0.005838288710059535 0.06293866343676133
0.05242758173192293 0.0060070434857407975 0.06107160548497855
0.055741281436058256 0.005944473433474596 0.05738567585690728
0.06458063765868703 0.005626972312431698 0.05022281889063302
0.06916724695844602 0.005749650750835125 0.04742335625716878
0.07337317462334247 0.005785322434349239 0.044202554438925776
0.07833033202545071 0.005916857731338795 0.041116685239825625
0.08402027602168932 0.00600466207423098 0.038450728575839956
0.0889658656299253 0.006037921909886675 0.037679870351634184
0.09385169028576326 0.006339941155253376 0.03765828730275081
0.05977053511910545 0.004597863116510229 0.083782665119913
0.062169748316271825 0.005012672855536455 0.07914344396255643
0.06350014763138803 0.005090430929912134 0.0745432341843769
0.06375998398429995 0.005032870847188322 0.06986672921088852
0.0638349383 0.00506651384 0.067130557
0.0637772542 0.00496064089 0.0643099836
0.0636194431 0.00467075976 0.061077004
0.0687089123 0.00552398616 0.054571133
0.103647418 0.0055243004 0.0522292859
0.0875512304 0.00562569855 0.057146991
0.0744824568 0.00278186308 0.0567282334
0.0816909888 0.00246592907 0.0569248222
0.0918479291 0.0023308376 0.0560342042
0.0966824885 0.00231168879 0.055491575
0.0748288749 0.00532100669 0.0563278518
0.0811973294 0.00574974923 0.0566875992
0.0943523083 0.00557093151 0.0564846847
0.0992140047 0.00553757993 0.0552947372
0.0757274163 0.00842965351 0.0562794747
0.0819304192 0.00844788648 0.0572072355
0.0953903872 0.00905506033 0.0578352288
0.100454528 0.00902170055 0.0565715127
0.07774715 0.0120340015 0.0572022293
0.0836595137 0.0120803683 0.0584294072
0.096965782 0.0129824544 0.0597643363
0.101896341 0.0128956478 0.0586676072
0.0814314809 0.016100931 0.0587337729
0.0872858183 0.01633731 0.0608764397
0.0988101698 0.0165888757 0.0623096115
0.10517408151026812 0.006305026092856057 0.03327678905314656
0.112715307 0.00654408403 0.0377532574
0.055072164123883854 0.0032479725877127817 0.05106593884502871
0.058028164777722234 0.0030425346936472876 0.048947868931128416
0.05797481185461616 0.0028509207549527126 0.05455390152943568
0.060388626764151285 0.0027888252029351925 0.051916563277178696
0.0635153591 0.00230852009 0.0591456033
0.06491492 0.00260489215 0.0569100145
0.055997980683985794 0.0062260800250422774 0.051305315729869606
0.059103091471530374 0.0061722407632868416 0.04902756521619302
0.058485087133655356 0.00568976929907847 0.054361051293380216
0.06124363930983963 0.005570084967725014 0.05187542677296663
0.0641665107 0.00483045054 0.0590127507
0.0652671247 0.00516894345 0.0568026068
0.057838010040915704 0.010264784439186991 0.05151786060004336
0.06085199919597173 0.010062827782141149 0.04946884610941674
0.060516333356372964 0.009040593866283345 0.054680694093431556
0.06348145547321722 0.009064927186424671 0.052290485966850715
0.0652340502 0.00777124236 0.0589135343
0.0666893883 0.00811133313 0.0563003266
0.059648205515243115 0.013211969406369392 0.05186655074801402
0.06270772570829362 0.013050436017739146 0.05007528898784114
0.0651552491138234 0.011991055966119065 0.052458159277292006
0.0695523759 0.0114626265 0.0567485953
0.07299148037835809 0.018639031152445393 0.07617020679227912
0.0690063010153591 0.018531582326872412 0.0873777433610688
0.07314635545526701 0.02045298907342284 0.08296668577543125
0.0633160620875612 0.017449821316789838 0.05276257983347469
0.06625359172664479 0.017650341748656404 0.050645972634038326
0.06856598243330345 0.01630766129212746 0.05298491923258941
0.06751375728266817 0.023746127451376935 0.053802998063475244
0.07099630736129052 0.024065059020264165 0.05193435381773706
0.06916308924093764 0.02278166743951672 0.05561315892952485
0.07284399081691287 0.022635779293842313 0.0540099990576728
0.07313750595732144 0.029478419125430956 0.057317477801051654
0.07650838978403043 0.030171628493429272 0.0558664368150364
0.07498712548561622 0.027527389053593528 0.059379189780816355
0.0787873613503792 0.028017111825044794 0.058347953232930856
0.0732099259 0.0154745617 0.0582496845
0.0752992163 0.0197820439 0.0613269157
0.0781956075 0.0206069358 0.0597924978
0.0804882119 0.024120554 0.0673876028
0.0819629546 0.0259741219 0.0653939565
0.100876244 0.022886127 0.0651472197
0.0956873382 0.0222390109 0.0644673153
0.0901515812 0.0215665509 0.062875186
0.0860189399 0.020949288 0.0601398425
0.0993714424 0.028800145 0.0666810364
0.0935288787 0.0281538632 0.0631825681
0.0883825585 0.0277715491 0.0625228737
0.0753555961148539 0.021139801491508188 0.0789863933149014
0.07229048156302194 0.031620133455290564 0.06293842077013359
0.07289648513831215 0.035079148914761875 0.0674715032164841
0.07590360294817396 0.03365492461130291 0.0614382032424315
0.07734255589409042 0.03730947279058488 0.06617311234919238
0.07941487414341132 0.03567074046060804 0.05993696413533547
0.08137801764007815 0.039755462875992485 0.06446641687620286
0.0829195983456232 0.03761860040222192 0.05814477759497737
0.08535218682757634 0.041674671520618614 0.06264093949050671
0.08705937288144497 0.03906533995529574 0.05629139725921099
0.0893693214414628 0.04347324565349894 0.060554954536509366
0.09149508921277914 0.04012539909639168 0.05517446655814111
0.09370864309784263 0.04454091685826936 0.059323422118789625
0.09602337595306344 0.04081357059343768 0.05405189837557548
0.09832888268323207 0.04533671076397781 0.05806950594510179
0.10100152434179595 0.042260549395304874 0.05212618999221943
0.10368808379658608 0.04616017233588941 0.05689091829389019
0.10570026640607325 0.04257218909629235 0.05051152715535725
0.1085796800229437 0.04620598051045562 0.05510218377303725
0.10921878095201737 0.04215992855487528 0.049383405164668756
0.11217049568366563 0.04612473443955335 0.05282979985526481
0.06780095092268837 0.030580246797549716 0.0695267032561604
0.07406981493226816 0.02999766908248716 0.06471758566281764
0.07506561765985252 0.032889416771917535 0.06954566226855946
0.0784367121085025 0.03174354181909767 0.0638508142939253
0.0799734553554076 0.035365440565512246 0.06828922700635036
0.08178540181888228 0.03360616469140971 0.062471703021337144
0.08385532504699046 0.037522428702498244 0.0668605014890902
0.08522511885267714 0.03552260962898675 0.0608727940036349
0.08781949002300786 0.039516465458578884 0.06496835576831726
0.0895278525499629 0.036865246054286725 0.05970433557751767
0.09191883151245984 0.04078883722047116 0.06339541920208076
0.09353155690397341 0.037513473807541615 0.05876070975596058
0.09566302424457578 0.04177285258375097 0.062059292395660354
0.09787216837855908 0.03842799787120183 0.057114461279856886
0.0998347750164746 0.04287668573215951 0.060240807716390746
0.10202595387287763 0.03953396772625941 0.05563318636184711
0.10417802607852003 0.04387349107504016 0.05877429739597174
0.10653754148078723 0.04009079588533046 0.05384093642366052
0.10887006528724297 0.04392800395918854 0.05702735871630359
0.11174100942993326 0.03925133762304384 0.05285004144347084
0.11376292486540548 0.04330621281054834 0.05518750473097908
0.06998281094073955 0.02921024659464177 0.07113372532709399
0.06327094727660648 0.027124498446507776 0.07076396323804997
0.06549282526812789 0.025757950723144497 0.07262424898782008
0.0631864895507656 0.02957907924142545 0.0763902096721465
0.0647787557117179 0.029147660522528717 0.07767230392095532
0.07258524950802252 0.038492401214963515 0.07905326298159332
0.07202375721633285 0.03989543292901451 0.08425996999125501
0.0781757561738404 0.041423998027254216 0.07705985682298912
0.07804806964233652 0.0433183270315075 0.08236628909170633
0.08296654722166487 0.04460276310268624 0.07493696245269342
0.083037460122594 0.046594333377442766 0.08016221002506015
0.08705237430662295 0.047275794573516355 0.07303050492241507
0.08763635140837457 0.049482132636642175 0.07829111723787584
0.09162220479974831 0.049086808102403186 0.07143192464810917
0.09243219696489424 0.05144873092611864 0.07665479503686928
0.09635061239771008 0.05078165856869857 0.06967789764492847
0.09730561423419164 0.053215252361117994 0.07454192720560301
0.10155108557000413 0.05246002156381092 0.06754258327360627
0.1026037829012343 0.054936402431590634 0.07173691020805903
0.10741374851404442 0.05274399494654344 0.06547690651860452
0.10888602974454419 0.05502400468469788 0.0691535150259257
0.11266510991615328 0.05261212826175021 0.0630533817783382
0.11440433563133759 0.05515984650383353 0.06635145895397082
0.11708383104910848 0.05339656748128338 0.059259121781113616
0.06648648253757303 0.03492449950717869 0.08082347243341363
0.0650177141924096 0.03643823963220982 0.08585059984985259
0.06028496706521255 0.03307209874322386 0.08629684220999614
0.07414538899579817 0.03760978342704205 0.08082491052610884
0.07321371051011702 0.03916556991457717 0.08562542080474518
0.08032361273406943 0.04036697537867983 0.07905556428546616
0.07973287429970038 0.04233459344730348 0.08336973553068543
0.08552671688955975 0.043328408172131856 0.07663046583197532
0.08507501740119382 0.04549519290392058 0.0808162068394117
0.08966930224151451 0.04551234459244748 0.07448825907490658
0.08972319978806813 0.047719769458320696 0.07893612322248604
0.093613676986761 0.04665931222353386 0.07324787627614193
0.09381873543307576 0.048748350605808406 0.07767772605462421
0.09786912295416553 0.047898156199594595 0.07147907137143927
0.0983810383524243 0.050264806768463705 0.07543697119702539
0.10230420357767064 0.04954646414811571 0.06910707041166994
0.10332283603842485 0.05142877004844606 0.07311818211196064
0.10792544097028908 0.05039364047395118 0.06681261635603176
0.1092564330562322 0.05174834371529608 0.07068655808628409
0.11324346124723146 0.05036051466640903 0.06424553977619886
0.11494459075069109 0.05226932606893108 0.06736759180297505
0.11788548645232316 0.05056032779141015 0.0607330002898827
0.06697361326562298 0.03378180766771655 0.08221598090352077
0.06561692483494937 0.03556303443554269 0.08703083450724239
0.060445343131769635 0.03298068830598205 0.087408651036333
0.07912026077469778 0.023239409074100714 0.07672336548442776
0.0832722062 0.0257189221 0.0749014675
0.0856642078 0.0279671885 0.071756785
0.0869672631 0.0296056467 0.0682896273
0.0894773013 0.031342428 0.0660799397
0.0924986664 0.0325762192 0.06581398
0.0960866947 0.033462438 0.0657625982
0.101342277 0.0331732147 0.0671294557
0.105357127 0.0329399382 0.0689495697
0.109732161 0.0324607719 0.0670352421
0.115180965 0.031327828 0.0647562848
0.07688927678248299 0.023334006620207084 0.085098414936085
0.0820683666115948 0.026057798054548026 0.0839527551879396
0.08539201353998085 0.027818473875484757 0.08093191775455705
0.0896648799 0.0306886456 0.0771979505
0.0913376067 0.0325022435 0.0740744696
0.0933721024 0.0347582564 0.0708038701
0.0964540389 0.0365192001 0.0696746046
0.10028931 0.0363994531 0.0679885512
0.104434859 0.0360372928 0.068438662
0.108163195 0.0351939127 0.0699581191
0.111653737 0.0356423545 0.0695362002
0.116166606 0.0349925126 0.0667343185
0.08022730045590415 0.025652211566505823 0.09366106977547015
0.08359544857307669 0.02688939670665224 0.09310310646582858
0.08782781362681095 0.02929373151044957 0.08879921309869082
0.0913952349842381 0.03156349636600986 0.08514940698022005
0.0952553951 0.0347543929 0.079829455
0.0971101073 0.0369580436 0.0768201568
0.0988817597 0.038411505 0.0728344905
0.10170111 0.0395121751 0.0711188104
0.106008217 0.0393893374 0.0708759116
0.110788088 0.0392632019 0.0711250005
0.113667854 0.0381138946 0.0712797119
0.117593265 0.0383384094 0.0685691952
0.07868103382836043 0.024346798139108904 0.09993926511191026
0.08357677669202553 0.026860477649553124 0.09813548005536427
0.08864801340540024 0.02810189249109255 0.09548797091890597
0.09281162178251046 0.03120435634833843 0.09173814441212277
0.0979079185 0.0349329069 0.0872295191
0.0999241642 0.0378735688 0.0819990057
0.101551192 0.0398811588 0.0788047422
0.104089729 0.0404987751 0.0766074121
0.107576368 0.0412435292 0.0749633277
0.11186935 0.0418026588 0.0738215396
0.115045093 0.041442484 0.0726710937
0.118527057 0.0403682739 0.0716421613
0.07693594694514484 0.024825842574410773 0.10383615483911647
0.0820535327657122 0.027313418244412888 0.10191840958579132
0.0874131933725325 0.028677433298207173 0.09907176266737155
0.09221613891701955 0.029937595396530056 0.09531176639453735
0.0989886618 0.0345097224 0.0913598756
0.100496543 0.0390705644 0.0864092734
0.102693819 0.0404661729 0.0836541559
0.105803505 0.0409385058 0.0813349275
0.109102322 0.0418594333 0.078926209
0.112796228 0.0428011806 0.0772231931
0.116085734 0.0432931433 0.0755022511
0.120595772 0.0414193206 0.0728445893
0.07641709488556228 0.028413592006525094 0.11606575533055515
0.08212455865531333 0.030099745619163107 0.11492136487282267
0.08665273429639549 0.030832333337518086 0.11369140890828361
0.08949424019491065 0.03066659605854461 0.10833355823652475
0.09427768993906413 0.031718472664037996 0.10553748964848624
0.103285333 0.0378642576 0.101604759
0.106430667 0.0400078628 0.0987808559
0.109319966 0.0417092633 0.0950030125
0.112470108 0.0426617723 0.0916157875
0.115745559 0.0441334423 0.0880777728
0.11960357 0.0447874457 0.0844080724
0.123984158 0.0457901584 0.0810376364
0.08039655359813222 0.03301823289584951 0.11952157354297893
0.105788277 0.0454944095 0.123387033
0.109413429 0.047099075 0.121407822
0.114046694 0.0474358281 0.11941608
0.117986512 0.0485685033 0.117054091
0.107085 0.0492410547 0.132437142
0.113295852 0.0519854731 0.129467572
0.113255324 0.0457959213 0.151157003
0.115621083 0.0469692745 0.149407427
0.117221943 0.0487588751 0.147074823
0.119147527 0.0509435644 0.144440254
0.119540853 0.0606054458 0.18257083
0.124416701 0.062126227 0.18198578
0.101957555 0.0513285181 0.1842044
0.11092189 0.0562450625 0.183520945
0.121809554 0.0626747165 0.197961853
0.126861498 0.0647049974 0.19822038
0.102733406 0.0536381503 0.198004393
0.112366889 0.0579494322 0.19786818
0.05023096287714106 0.02355781034063478 0.09278576745340211
0.05155624159133054 0.02303139025586425 0.094144562927504
0.05252768112360701 0.02819649301720308 0.0974137847723432
0.05302912357273383 0.024339757926240487 0.09514686348097137
0.05157279191986701 0.028170772967389193 0.0966082050490438
0.05090229119794009 0.02514417119632118 0.09369013288985528
0.059978157537470086 0.03729877065613862 0.10743803813098983
0.05935986503407151 0.038260139895393265 0.10727862620727874
0.0710799311044966 0.052274370374699945 0.1275704752191811
0.0703789569748424 0.05359459456623703 0.12747301929786106
0.05584109776210731 0.034182552893340164 0.12489754773478152
0.05660314871217826 0.03401955724366245 0.12552785145914216
0.07015662302305245 0.05145939432442581 0.11955467318580176
0.06867400098589412 0.048154967697885624 0.11138211945396051
0.07561296028404405 0.05441607407395399 0.11696865993111182
0.07392697458560858 0.05096339507827487 0.10930701974038286
0.08132319493333764 0.0569928698967881 0.11423153396075911
0.0798456365139178 0.05340493824098017 0.10680694564368184
0.08590598084064972 0.05936987496419059 0.11166328012215761
0.08469665806195503 0.05580384032046265 0.10421177577704675
0.0902321318233744 0.06220065006091435 0.10907157962250913
0.08930133964909653 0.05907387278064007 0.10125908194295839
0.09464285723053048 0.06474896119589045 0.10663156370834523
0.0938678799955276 0.06156207720723015 0.09857539593157336
0.10041907660295056 0.06707306142252749 0.10354514727585068
0.0995376922303515 0.06333888070186149 0.09540410580936746
0.10748261868631862 0.06901551856943378 0.09999535538202062
0.10601783318376524 0.06548015929412423 0.09140208286329939
0.115769175253507 0.07151026705754597 0.0949897006722024
0.11363012466310955 0.06756998909539827 0.08661847397602372
0.12333058638953279 0.07110330272695849 0.09144900325355994
0.12045636954739002 0.06820279429867358 0.08258360712363037
0.12920918649267557 0.07024192616999947 0.08889006165602661
0.12604845540168852 0.06727276335953114 0.08013632018215709
0.07061850413448799 0.05015513468131169 0.11942783701485805
0.0763059094920828 0.05273883207631745 0.11742403108810393
0.07455657166327613 0.0497814611821858 0.1095977929293597
0.08217926205185383 0.055475261066884454 0.11455905970936141
0.08020099821168805 0.05239480811656793 0.1072290536672084
0.08672137845618935 0.057677535125552064 0.11220682805008526
0.08533492586417891 0.05425127795373404 0.10493816122443958
0.09152565754491393 0.060292507786219744 0.10946707738560096
0.0903222823591097 0.05705505655206284 0.10204993919092537
0.09620027290187215 0.062287887487568964 0.1070075658520396
0.09501237573979769 0.05939727716634534 0.09916714600678292
0.10175776226765439 0.06372009747706164 0.10424597779008346
0.10042332822855062 0.060841438117025845 0.09595219177418463
0.10825664094461906 0.06534505765735066 0.10103610392902578
0.10638638449778474 0.0625163195484336 0.09234960278924476
0.11625225568118659 0.06583360436926365 0.09716101103917386
0.11369231311092969 0.06311192730647329 0.08821022665018831
0.12290824022967613 0.0654551049118991 0.093263930952263
0.12053364364739662 0.06147849365178758 0.08454365300526621
0.12906990151278921 0.0638835154834691 0.09045938829976702
0.12610015166093927 0.06128431105877884 0.08197216762400601
0.0841195035 0.0380686292 0.126395613
0.0889561526 0.0386391282 0.125247147
0.08803099607970193 0.032961171622967016 0.11959641075408797
0.09311703806373246 0.03869031515388994 0.12092599397778148
0.09083681973965388 0.03324724135587277 0.11463746180455472
0.09829541206469358 0.039805094502852426 0.11865252180956658
0.09485886470985991 0.03267114373022009 0.11175867913400378
0.10480807 0.0416488232 0.115937958
0.103209351 0.0383154204 0.108829814
0.108106259 0.0440578439 0.112722396
0.107014649 0.0417396213 0.105576352
0.111895664 0.0448395674 0.110079145
0.110490213 0.0429617538 0.102200899
0.115657293 0.0459363105 0.107129762
0.113977615 0.0440985436 0.09864387
0.119787013 0.0461258798 0.104378583
0.117613644 0.0450097363 0.0952826467
0.12464724 0.0469880661 0.100851657
0.121887904 0.0459013035 0.0915860366
0.129488576 0.0469852461 0.0971881752
0.126226807 0.0460349939 0.0867915077
0.06678333637946897 0.04676474492107882 0.11240400254903145
0.06726069296338161 0.04918512545945715 0.12032252583095786
0.06330475333191773 0.044195129773498376 0.11341678902620647
0.06461630119615726 0.04661679116903998 0.12161234857909516
0.06070780276546992 0.0405951685008418 0.11488064278669832
0.06724360078922567 0.04588682655779848 0.11279853482680557
0.06799262143427104 0.04846494496207574 0.12066967858927886
0.06401315473167779 0.04366837763233907 0.11402078303046873
0.06491427171531283 0.04591957715914387 0.12226035597076725
0.0609429187172719 0.03986424721781322 0.11566336591199369
0.04101534793932069 0.011896035689004446 0.11604678474439535
0.04236113959262429 0.012045226271794246 0.1164468401564773
0.037409464539523644 0.005274928960330955 0.11829776544486655
0.03930839455913195 0.008168995791924767 0.11757353552842895
0.03969382703628237 0.005761281107551767 0.11801514359828844
0.04049443032722488 0.00889545176236481 0.11792519050802788
0.0374087980197571 0.006277277972018713 0.12286767428096332
0.04055573631647518 0.010113972138987569 0.12182285440203092
0.038776450887263704 0.00599649165362442 0.1237445307311213
0.04087644003421431 0.010333376552560933 0.12214610093235592
0.03450651105621887 0.0053038339016353315 0.12511732725255104
0.03100295228360239 0.004892835230741644 0.12701787890966906
0.03492479961145558 0.005015759175304559 0.12681140243879319
0.03184039368385606 0.004878975026895751 0.1288661743942253
0.03319878868110751 0.003043883981056447 0.12419505423217468
0.029975019022657024 0.0026811453150835042 0.12611832251775285
0.03374635612420363 0.0030684862719615974 0.1257845135331043
0.030635386809244023 0.0027693455670067453 0.1276413720321435
0.03273825452933624 0.0014644414939961464 0.12372058400505197
0.029621941506292 0.0012583887126973376 0.12559200708401747
0.033228310594770334 0.0013832356197212975 0.1253045987798634
0.03018230274458127 0.001278691449030793 0.12710731822726412
0.046336542498964406 0.009966946990395626 0.15788605389255547
0.05009249896477084 0.011149493093564822 0.15715829248212385
0.04765289261928003 0.009208036256725524 0.15775567904856141
0.051501721142541125 0.010680209826836637 0.1572766956577037
0.0480159577884956 0.011836237066965627 0.1538258286118285
0.04900700166185462 0.011222669217567276 0.15389222563507005
0.044908243525338766 0.011968621544970422 0.15054409660938198
0.04600417947283614 0.011338444399521516 0.15054699344494238
0.04211956771107938 0.011994121016524464 0.14777769481492825
0.04308502205185231 0.011165051025532589 0.1476977937173986
0.039657004796496184 0.012559042859394305 0.14607419902563443
0.04050812088076281 0.011732961619464273 0.14597659084716244
0.029152336573334763 0.013178493032859208 0.14123222777174416
0.03102882142924037 0.01220406549030714 0.14149596248814975
0.025116814269741494 0.01133095932899891 0.13535588246601565
0.02751441032525042 0.010746786858727212 0.13596041460517486
0.027576111624086224 0.01063376763096922 0.1317749676398424
0.030381616227276732 0.012957796970568076 0.13317688278835885
0.03029166629669594 0.009746738495302885 0.13362921981458492
0.03245485975472733 0.012347022517991586 0.13472616927218692
0.030847476899995997 0.00994583072176197 0.1303111503772297
0.033365476127343814 0.011989279510939468 0.13209150241013795
0.032157041223922135 0.009120420986398547 0.132220490232479
0.0343332953043095 0.011598893655136517 0.13345198883121664
0.02661910840402751 0.011951060452950584 0.13808889726549337
0.025510040955142792 0.010981309075932545 0.13348544560566647
0.02878787369434935 0.011405688598095513 0.13862042806045005
0.028000040938968827 0.010329255180815037 0.13459977531522657
0.032538056711445364 0.015578412832545324 0.13972620811739814
0.029907366582666007 0.014868553836409731 0.1374750657696826
0.02865815884624803 0.01386013399335141 0.13537745688940075
0.02898544765027453 0.013151492596923407 0.13441666399079216
0.03405268117492998 0.01466256346463651 0.13995836022098113
0.031591263796327235 0.014208336474605154 0.13808724929431512
0.030546825985997186 0.013262505392133736 0.1362607318864728
0.030826172167767167 0.012849975611884428 0.13541628578080564
0.040287840816553705 0.014877654859676022 0.142028624902681
0.04137492571356583 0.01357383696019329 0.14162355766675028
0.04926559102436696 0.01750735596113634 0.1439268998418726
0.052533744219400394 0.013209181876319014 0.14821583707161248
0.036386071497543186 0.017467277313436357 0.1374579123473825
0.037491346087865765 0.0166068551612799 0.13746967731232168
0.0399641593001813 0.017728417318353656 0.138713559844278
0.04087174758914621 0.01646390089687651 0.13828911367182442
0.03429149455024175 0.017185486511905743 0.13612081471193294
0.035643417930541654 0.016090908832479676 0.1364608119436151
0.0441192007712569 0.016282516431173375 0.1389177851700132
0.04504405691774835 0.014857338659745412 0.13844056700787022
0.046852670654995654 0.016854438098927633 0.14098230704462367
0.047739904720004285 0.01579501510151048 0.14078142246578462
0.04694676876582202 0.017933678115018042 0.13688881147765378
0.04807707450349348 0.016308620521459948 0.1365058957603377
0.0400399308194992 0.01930942171014711 0.13380443431127217
0.04167232421613869 0.017358006820028492 0.13381660492631958
0.05132213905185007 0.019953266838020563 0.1420119762607616
0.05499313784532147 0.016361418888124136 0.14394495348567488
0.04333876740253963 0.01858150625460015 0.1254615719780241
0.04347449380651435 0.017623118724483973 0.12614779631146456
0.04453123107563217 0.018145717311231324 0.12359991724499479
0.04493496014995274 0.017504372255289762 0.12432156550057369
0.043991118616316736 0.01994067859882525 0.13042380166008333
0.04726831395475074 0.01934525570574066 0.13247408548958836
0.04505447349004756 0.018473422109892484 0.13067307387131702
0.04798723746856275 0.018133251125615035 0.13248447969103258
0.045357080152912684 0.01625944480080915 0.11901970424292087
0.04572590027334015 0.016206384891789417 0.11949293195583657
0.04164993318594505 0.013620957459044219 0.12189397967703718
0.04219997487310232 0.013712525262229922 0.12202964637388666
0.04531498848859606 0.02112625374472157 0.1126480227731619
0.046432364116700056 0.021124324644714386 0.11356414200729355
0.0461592513621604 0.025110585852161336 0.11038598767435712
0.04721668208303755 0.02453204003389629 0.11119352082451237
0.04659340968452425 0.01806590577505727 0.11849059916382886
0.04705008941452183 0.018071907709756762 0.11874566649929737
0.044992625677608256 0.01736332636178815 0.1213302691929999
0.04542941074791336 0.016825136759693993 0.12190411902088749
0.04285608545180818 0.015496363627446774 0.12141796818996448
0.04306217499685488 0.014728751111916951 0.12200216556269239
0.053542533317753854 0.031235327343668934 0.10373742414361285
0.049699210729461714 0.020016397196092772 0.12157889871156674
0.0501938737979603 0.019860109557457022 0.1222062447855762
0.050239617429931 0.019628833830381914 0.12520528472479553
0.05075837269039791 0.018819708519541224 0.12590579900350168
0.04809221301679475 0.02007972422257763 0.1278759052852407
0.04829419034952295 0.019120584528267662 0.12846943635661395
0.05057892690766085 0.019664748533025276 0.12989681252521748
0.05106842848796348 0.018492436322527814 0.13012831411452383
0.052073437256900716 0.01973427321854491 0.13146664889647555
0.052667622854978266 0.018480882157885705 0.13153782178095924
0.05225422985679454 0.019605549246329623 0.12796964626146404
0.05264309469116263 0.01856541559162581 0.12838712612296296
0.050461455896723545 0.02268272692207683 0.1207205377674666
0.05131811163127597 0.02214979543743626 0.12179313628817104
0.05344000722139491 0.03156806016015479 0.11604662847335087
0.0541649026386999 0.031622102962251146 0.11710389072096666
0.05802600208053819 0.03834599166494667 0.12036476883843117
0.0584580979032023 0.03793560378257566 0.12056591529401177
0.054795404834133005 0.03362902352915882 0.12074046717943072
0.05549614052164591 0.033488905254694445 0.12138078734822884
0.052736796628999855 0.028480961012945796 0.12250893529973902
0.053212010776279905 0.028308370637580956 0.1228460093175048
0.06215261790542664 0.04364308852961469 0.12069899571314797
0.06251070742781183 0.04293831482156971 0.12144603926908519
0.05325807212594785 0.022992575643430442 0.12903128698866365
0.052165858059593985 0.02321385343238087 0.12483062478613946
0.05348754896103721 0.02243631830646576 0.12899890403456477
0.05295700981448006 0.022606539471773556 0.12537312884384746
0.05430096870911497 0.024570455507861206 0.1381896419669195
0.054709802664141695 0.024234687569076974 0.1380551347029781
0.05173254758621901 0.020670796082622532 0.13788475361031174
0.053736147377877026 0.018616167234198764 0.13826500890593127
0.052718934934756816 0.02210031018220807 0.14017015272789649
0.053054928112418395 0.021901212689880503 0.13986548895080508
0.058070196463911754 0.021256712579301215 0.1499427313033962
0.058182708525173106 0.023919936387799507 0.14785968697749058
0.055940071695705695 0.019378438843848825 0.14839017303341168
0.05567557042344118 0.022587799710580652 0.14618581566212965
0.052751718225543594 0.017808387652897772 0.14714354349148218
0.053258765351469756 0.021147721728937547 0.1444166676281308
0.05839314163140566 0.025921775005468033 0.14662851524756515
0.05895448646369654 0.027961980308494293 0.14543943640326507
0.05606705522164183 0.02470468098195863 0.1445377642555171
0.056847488432698184 0.026907256962971218 0.14289599214310517
0.05409917583239808 0.02340405976497809 0.1424393941977938
0.05541828421411044 0.02571396875314802 0.14060408067265834
0.05576551690065962 0.028289302967909373 0.13625090466871542
0.05539879007617362 0.027969334477730926 0.1335846470574038
0.05799290776163985 0.0342674301729584 0.13507399701688172
0.057461297355550646 0.03423910621841339 0.1321983488066107
0.05934688129057852 0.03877759514791744 0.13625864453619155
0.05970844672574462 0.039569108854061695 0.13302309319465624
0.06270695328340675 0.044177604665249934 0.137754136840918
0.06302821808669141 0.04501890561481016 0.13473867851953966
0.06573072031696134 0.0481993888237965 0.14000520131979308
0.06621974507503257 0.04941646029256553 0.13709726137985218
0.06916806357634153 0.051494686599980445 0.14263239830819427
0.07006421986455072 0.0531265738228909 0.14014260340215556
0.05864418699417389 0.020674188933653765 0.1506029806032659
0.058750376542193096 0.02354492462498047 0.148371290389053
0.05753621731801093 0.018015832738301478 0.14941828326012807
0.05604242808477491 0.02216178540774337 0.14649987525421657
0.05675014441524935 0.014576498447633066 0.1495414547571211
0.05683587537984758 0.017200048474839722 0.14661455135979284
0.05904168618970526 0.02565491064869136 0.14707940851233442
0.05963190715907513 0.027670839379025473 0.14593689851477587
0.05631383689342407 0.024416676096309146 0.14479398118687398
0.05726849732371957 0.026693201265934947 0.14328809249099017
0.05438359517741485 0.023024932776994078 0.14241253449687877
0.05586003120072862 0.02535821355555453 0.14073026101507055
0.056292890036628476 0.027973774156339844 0.13663774708413012
0.05571935781597801 0.02772577070390904 0.13387048229153808
0.0586405565180399 0.03365420767306595 0.1353934592547476
0.058063225515525015 0.03370181216609721 0.13243851575854487
0.06030886516338175 0.03836890157375472 0.13633256102111932
0.06048892647907455 0.038686365319281026 0.13335150724571299
0.06334569847995854 0.04333280366333764 0.138180207431793
0.0637454804942649 0.04399262065557174 0.1353347763333482
0.06646353004006858 0.0470868831375384 0.140438010311653
0.06698706862396066 0.04822457696126019 0.13765453887180104
0.06998159108800689 0.05036379259854181 0.14277877888627855
0.07088467646140323 0.05167592824082409 0.14036672594722027
0.05235865207995193 0.01755395346502177 0.13497993085566892
0.051101353875356796 0.018896766134509725 0.13498497879924848
0.04696666448879201 0.01830134540228768 0.12472353761226215
0.04313424256497139 0.015814924994483653 0.12399860847025476
0.04655477148489808 0.019216145217462337 0.12389208550927046
0.042649810653924335 0.016153917985067576 0.12346791497172546
0.04620217050027358 0.024679636642890416 0.1035478485821881
0.05190515174221704 0.02909386782638824 0.1117479443716963
0.04693496749314292 0.024349756745841417 0.10410466176098514
0.050653608124959774 0.0288193788410051 0.11174202302135192
0.050865397061364344 0.029040145355794657 0.1060899295430916
0.04939602473428564 0.02662126098009438 0.10877721715989555
0.0494808972879327 0.029553475904824166 0.10489127502934253
0.04771123228088231 0.027485818171079382 0.10766411972420598
0.05878575656019009 0.03512899382795367 0.09284072680312483
0.060754664683139635 0.03758859430043129 0.09888655672976965
0.06465202592292763 0.03789145791727945 0.09137398453297617
0.06571287262847544 0.04041219633364855 0.0974289047075231
0.07186983728211332 0.041732197235886795 0.08973549127581265
0.07273804291112212 0.043589292367695744 0.09585453405628767
0.07809552343824332 0.04512268338236301 0.08772369886909162
0.0792346243299563 0.0471732484571305 0.0937759701902445
0.08335684586365716 0.04786546187913587 0.08556825623987767
0.08383705785937338 0.0502439312601143 0.09147755047674
0.08813694887302617 0.05143219466490249 0.0832413582928316
0.08859177744070973 0.05354480054240275 0.08858088627346691
0.09293002022882059 0.053579244212292536 0.08128776844327472
0.09330134383307702 0.05581498908062746 0.08621639471072767
0.09807883084748889 0.05505656742900511 0.07897404651425449
0.09839997495054804 0.05791176340259439 0.08346732550919617
0.10338603771309066 0.056818581293131484 0.07592616414989396
0.10392551278848287 0.0596227924760902 0.08011834826545738
0.11006793507142856 0.05706128906820794 0.07313633672873009
0.11145454843250413 0.05946120648364745 0.07652801437066828
0.1160631877918722 0.05662866605933755 0.06990481612194471
0.11752986434118932 0.05946413395098779 0.07337554204550592
0.12102981537179203 0.0581785425153938 0.06638854561886662
0.12250042848610261 0.06045350893364491 0.07007799456037547
0.059258621983638564 0.03475141077846134 0.09350872560414888
0.06089730802411961 0.037526016426610735 0.09893422589029048
0.0654950378519604 0.037439109420831625 0.09163224480878844
0.0666465232804947 0.03998365387704241 0.09790087521533833
0.07230014286942692 0.04126173166252558 0.0902922558578417
0.07344347751418784 0.04334679185177176 0.09659792178016367
0.07895322603443453 0.044631022880643155 0.08798555649130066
0.07944362199919221 0.04676002719923237 0.09384503841117536
0.08445163051489588 0.04736717513974266 0.0857467287873107
0.08448827271129589 0.049521984346173734 0.09170824017139433
0.08965224283241043 0.0498763397432059 0.08389050799827423
0.08965621022812237 0.0520766041366167 0.08930549670731526
0.09398955540351175 0.05097775490049708 0.08235738036031909
0.09413726339581031 0.0535798353267309 0.08706512622318524
0.09916879400650565 0.052031436594188664 0.08009050708350798
0.09943881848765651 0.05491505433879443 0.08437670364427871
0.10424874961375469 0.05315177120847012 0.07756719334643959
0.10471054912490226 0.056140547813379245 0.08153046275005614
0.1107277269819806 0.05358122550250073 0.07440951350441685
0.11178666803981137 0.05621203886980248 0.07819919384638209
0.11647728744044898 0.05399979859566946 0.07080893968370755
0.11809019766022934 0.0557544001509122 0.07460520443793493
0.12148965653509002 0.05414959871041016 0.06777652415499968
0.12305289839980471 0.05496940873344352 0.07193363016632047
0.07402283898489113 0.026446559256913 0.1081152384764422
0.07439348833171236 0.027948079318245136 0.11086614315582997
0.07811141897220927 0.028344383660672 0.1055693339599055
0.08135695369591991 0.028698487988433705 0.11051313658027224
0.08642477997510033 0.029636963905024627 0.10227350329349497
0.08527393483122081 0.02911615359397792 0.1089224013998914
0.09176908232584338 0.0299761051553839 0.09873411200365599
0.08981356933308773 0.029987706384528547 0.10368286600150063
0.09762276743057438 0.034092879835804085 0.09481817027705565
0.09713186295500739 0.034235896791745046 0.09936672734360646
0.101703256 0.0385589741 0.0908253178
0.10276562 0.0379826948 0.0958809194
0.103984948 0.0404712963 0.0880407221
0.10570515 0.0397186696 0.0931443258
0.106588026 0.0418139357 0.0850644286
0.107987574 0.0416153497 0.0897082213
0.110172805 0.0423645579 0.0824086694
0.111296981 0.0421313838 0.0866623908
0.113554369 0.0431274129 0.0794907149
0.114437981 0.0438114495 0.0833422884
0.117071072 0.0440242506 0.0781700005
0.118179553 0.0443245783 0.0804884452
0.122122606 0.0428742273 0.0731420756
0.122572893 0.0454781588 0.0770178011
0.05855764714097995 0.03577428363694237 0.10007579094589274
0.05795054480957458 0.03653591508916031 0.0991827486939191
0.05608660416676181 0.03340221234372234 0.1022262015144477
0.05211735558844162 0.03132122317360378 0.10287079445976904
0.05534998817443449 0.03349454240104966 0.10096909218202327
0.07902107931070126 0.05573922962212278 0.14367924254864464
0.07444791393320031 0.05543099258111102 0.13578686811831575
0.07765705869667325 0.058522451800882336 0.14323186671294758
0.07362534408076371 0.05710344057085559 0.13554610196366043
0.08349571259582131 0.06114520481908249 0.14920124022160947
0.08616059621222402 0.06162683430450293 0.15799644686657613
0.08771331994948768 0.06336732115653831 0.14855890962580623
0.09018743075147055 0.06450140375500653 0.15738568122283136
0.09192740932224712 0.06597054763931987 0.14778995659690192
0.0945598615092395 0.06719439469151756 0.15647774482920895
0.09640144176044942 0.06812124510220079 0.14697918405286264
0.09928957110786453 0.06937350404343096 0.1557020208112399
0.10112963822048293 0.06990768561739061 0.14598635833109674
0.10415255530525788 0.07125824386806848 0.15487480147899732
0.10606941792916906 0.07179857630289373 0.14480118984400514
0.10911443794985981 0.07287444932402182 0.1540504980656256
0.11138398071303336 0.07373957118490865 0.14330588499455552
0.11451149092606276 0.07435730974888692 0.15311594134438572
0.11861544549357426 0.07595701882839125 0.1414620134794406
0.12138674079656185 0.07590330569431689 0.15188498702916717
0.1269285628633307 0.07724881729141984 0.14030460175188472
0.12948369006664465 0.07712617333200256 0.1505745864084137
0.13361711147495298 0.07616828500410523 0.13753538240260899
0.13630065767486074 0.07642293505742878 0.14843190069507414
0.14121810735287074 0.07431867912531989 0.13634947313742535
0.1436712590738354 0.07500228429783093 0.14719232620550754
0.08526311862222376 0.058061082981438354 0.15003672849378802
0.0877808643622768 0.05891723089067594 0.15881248707122594
0.08946086875999364 0.0597533077402369 0.14909159609648495
0.09199503304934331 0.06075271871085205 0.15791307576676844
0.09358349036104652 0.0632132035743851 0.1479863985452438
0.09634352263881753 0.06390139881965069 0.15681756988774667
0.09755929045803022 0.06537548600102427 0.14718830238327632
0.10039464738644711 0.06596604076260053 0.1559895969924654
0.1018190527472988 0.06750227133025269 0.14621007293305155
0.10488210237249036 0.06815707789911912 0.1551504176159204
0.10633419769072681 0.06947714955873116 0.14520428626465484
0.10935860742174534 0.07020840190333276 0.15439978674967134
0.11145985680664815 0.07125201367035512 0.14373832244324858
0.11444780037128394 0.07274771664889482 0.15316408303016074
0.11863191359595258 0.07382303847742862 0.1419658235259393
0.12134580619001425 0.07470366585785167 0.15188284344124975
0.12692964034347046 0.07483518719365764 0.14206782152239317
0.12858204609644047 0.0755611533639629 0.14995672063523302
0.13303536410484787 0.07421915199420062 0.13859769355491017
0.13573144883222557 0.07425684990588648 0.14925545890989067
0.141123143133386 0.07152518848340376 0.13771259731873461
0.14360652608671592 0.07232728426756165 0.14828311925231974
0.089840446 0.0536479658 0.153048308
0.0908942884 0.0530140821 0.16079802
0.0936589696 0.0538171237 0.152258686
0.0961624507 0.0540925131 0.160651761
0.110022786 0.0458120663 0.157264864
0.109196192 0.048352592 0.16402414
0.11511689 0.0464055331 0.157330548
0.11378772 0.0497188183 0.163555846
0.117327355 0.0475047185 0.156235175
0.116438514 0.0508705453 0.162698186
0.118874946 0.0488798392 0.154503826
0.118757096 0.0523542327 0.161478477
0.120632415 0.0513479368 0.152594051
0.121415673 0.0543559544 0.159845871
0.124578788 0.0529623 0.150876092
0.125876947 0.0562758997 0.158576438
0.129260966 0.0545976387 0.148577287
0.131117031 0.0571382943 0.156998444
0.134267434 0.0563390992 0.14604261
0.136395588 0.0579970511 0.155379141
0.13979392 0.0573814594 0.143351668
0.142269271 0.0588555037 0.153279757
0.08147736773749367 0.05915857958284239 0.1502626448818505
0.08252109727885078 0.057005051744798224 0.15092118626996084
0.08424950859325094 0.059667750688147385 0.15860798969173034
0.08540273334235382 0.057990302571413764 0.15898680818668745
0.06871928841514022 0.05189051632549508 0.17260286289367877
0.07400756143552563 0.05507061545185102 0.1728125362254304
0.06970996640100857 0.050713929393919395 0.17301927720766955
0.07479589703197005 0.05366139881545067 0.17271633233634406
0.07800883073700932 0.05500326866643401 0.1700326458348554
0.07742481632753237 0.05634992724606909 0.17012481807819047
0.0811944531440116 0.056562161439535324 0.166497298204181
0.08046824945692527 0.05783393234980308 0.16641845417711998
0.08705671281238303 0.06273348936164819 0.16666717938754236
0.0881887154898215 0.06271602619785414 0.17476724590667841
0.091254832079447 0.06523055912252634 0.1658056693203507
0.09247268180656405 0.065025517421168 0.17395439018798536
0.09640042723462312 0.06770196646667376 0.16462639528365997
0.09792903219799909 0.06779768373624333 0.1727922883585821
0.10170811295312018 0.07018049023785053 0.1637807399712955
0.1035152813246423 0.07060473806719457 0.1720014319642574
0.10691098078661619 0.0720065104087901 0.163124441571728
0.10903983089082785 0.07233890025528124 0.1714815891776914
0.11173130635892284 0.07338282164952749 0.16267334195061667
0.11398419870075924 0.073340031898685 0.1711769912252626
0.1172312004901087 0.0745360858687495 0.16208799303081384
0.11963312748523318 0.07422428254567076 0.1707777762629974
0.1237583315890929 0.07541566185561305 0.16126025135613364
0.12587544418427118 0.07484491507986248 0.17022465277328191
0.13239747381362377 0.07596680822962441 0.15883446418363156
0.13357870425434765 0.07623129376092137 0.1691202357534851
0.13883705224163678 0.07765161615148812 0.15787298699987862
0.1410822685653917 0.07858223457955298 0.1678128843147406
0.14583592331017883 0.07572862628194538 0.15707019441759618
0.14813518095353748 0.07751282729159503 0.16697170687429946
0.08834845665754533 0.0596469040933412 0.16713820142215205
0.08926702349778182 0.05943159138472745 0.17511200084196848
0.092975714586089 0.06151233551424098 0.16637496408834263
0.09393235172415361 0.0617699859616223 0.1746024517678306
0.09795626792392784 0.06427993993046095 0.16515394764894217
0.09910161570419636 0.06473562269601757 0.17342949270695537
0.10234166948297226 0.06668952461610475 0.16464223980411016
0.10396070647509241 0.06730836915953783 0.1731594093961477
0.10741880409186365 0.06848216036125625 0.16401635231088219
0.10945006707704592 0.06905737047970989 0.1726390988609236
0.11197362099134764 0.070488317117072 0.1634241017554992
0.11430997975762437 0.0708789259870757 0.17206573186386168
0.11723193500103311 0.07272029409943039 0.16266721755514743
0.119704461342287 0.0721731822655454 0.17166612955262942
0.12375929570663918 0.07368722832960505 0.1618779344070831
0.12603478258365744 0.07323816819614573 0.17103550839110324
0.13130991734964217 0.07500651155200162 0.1602910720612885
0.1332603984907052 0.07416037427597252 0.17018538216483792
0.13834442253608722 0.07489718038938818 0.1588835527988639
0.14072824542675227 0.07631901701004666 0.16876901500849165
0.14582354380665738 0.07320398302542881 0.15801895802614235
0.14807129381684045 0.07510680973377097 0.1677317463650102
0.09647986 0.045061062 0.172253392
0.0958399919 0.0479570705 0.177837987
0.102298483 0.046188629 0.172483221
0.101337347 0.0500794058 0.177934002
0.107735882 0.0500427231 0.17082801
0.106376702 0.0532091857 0.177124491
0.111024683 0.0529185313 0.169564875
0.110335218 0.0552000938 0.176606101
0.113899074 0.0551262389 0.168652109
0.113869713 0.0574439833 0.17589695
0.117369121 0.0570437661 0.167693841
0.117915534 0.0596575773 0.174996993
0.121742825 0.0582256953 0.166724401
0.122636425 0.0611204522 0.174105528
0.126640419 0.0596961969 0.165678861
0.127848826 0.0619541391 0.173522926
0.132222003 0.0604476464 0.164478415
0.13351586 0.0630236443 0.172536119
0.137972584 0.06055971 0.16315479
0.139627761 0.0629819465 0.171657954
0.144035179 0.0609590351 0.1614189
0.146169071 0.0631011289 0.170387832
0.08363514988682388 0.06001385212693942 0.1673845245248134
0.08454737943272618 0.058174444884975585 0.16747599354182519
0.07075183252257841 0.045786697893583236 0.16261953962884712
0.07228842863754616 0.04820390240995983 0.16496928709723147
0.07022361315364296 0.04694458824764329 0.16273773574927053
0.0714727885644837 0.049509147128224774 0.16491008309524843
0.07322502800230164 0.05053996944594933 0.16605502762458382
0.07251744134331001 0.05168943859632181 0.1660001928628523
0.07452392237670576 0.052537640290526114 0.16713157563460806
0.0735964947472409 0.053773590016773086 0.1668862866940129
0.07568609753800341 0.053923894221842725 0.1683624862188996
0.0749671113596866 0.05528228848880115 0.16807572570542986
0.04918239287832387 0.00918846614559047 0.16061567173086025
0.05442360259164462 0.01062355851434976 0.16114440105578035
0.050693219981159846 0.008834844134451823 0.1609069893469186
0.0564805405749573 0.010497162496268064 0.16189198487103523
0.05026820276441808 0.008356822649645714 0.17626286679914122
0.05154454978550792 0.007967959618584618 0.17608190024142012
0.06401784602005754 0.01708052670633745 0.1642695687956692
0.06366668634663844 0.016699252193802194 0.1628972710130817
0.062488151710213234 0.015575581428851785 0.16582237484442255
0.06174665297922979 0.014177792560012186 0.16420241712173883
0.05835628662778933 0.012531277738560848 0.16696903681373632
0.0561098887107117 0.010912071306174128 0.1636938391037681
0.05393416948865285 0.010537998243911656 0.16789207575940468
0.050258893583819256 0.009390152081743212 0.16306537020802825
0.06454320359478641 0.01646440170853903 0.1640443532108501
0.06429696911448568 0.015983312478419023 0.16261632299931147
0.06333771336357294 0.014956569212093127 0.1657250914977288
0.06283273992497836 0.013756884894881211 0.1641916079334442
0.05952413684916801 0.012432243109423686 0.16688933321703117
0.05786257933694484 0.01074428925452652 0.16403932701822838
0.05531334641593204 0.010239161408406305 0.16781670185363476
0.051953527288360626 0.009130491858398853 0.16341091226700974
0.0784287660622018 0.03164851104229463 0.11995832349630292
0.07047854974626991 0.021704787692822924 0.10325860623886043
0.06129685996275425 0.019954424806754502 0.10261521468559247
0.0631937595574539 0.02104506141660733 0.1029112797517933
0.06275466930019377 0.021158939284177204 0.10393775835504364
0.06920029256735281 0.023818965679229642 0.10896649199459875
0.06464147867777854 0.0228884836476503 0.10895549220745582
0.061312865952427346 0.022335276326626935 0.10929190602254948
0.0650431565203678 0.022460880433519122 0.11404099393874444
0.06374970223021606 0.021840947144373592 0.11426272737893409
0.07043801950743094 0.026916716931128782 0.11132063649275423
0.0698219834334899 0.02516729429641459 0.11398973458846853
0.06832634609377697 0.024116801957386323 0.11548797158881208
0.06730564468184243 0.023682467783954365 0.11581930266047774
0.06579827586532223 0.022993213311688236 0.11609498923935718
0.06313171315661899 0.02092340739196237 0.116740748281473
0.05908476603083111 0.01809602378659213 0.1171726126249838
0.05734973932236592 0.014282946783054947 0.11803877382874416
0.05507774028763293 0.01074164014392601 0.11811461493231429
0.054389584912698116 0.007620078000656263 0.11793579819166337
0.05354596301198138 0.0050708106901877995 0.11722434976532944
0.0531338352674897 0.0033219091758632667 0.1167044220541803
0.0529028467418394 0.001505080400458751 0.11656074737888153
0.07226001755010805 0.026341260956045474 0.11760886684983977
0.07000653376230248 0.025509890953722022 0.11870784518432248
0.06952854440839541 0.024512441227389367 0.1196969280188913
0.06790438501036603 0.023214756187128645 0.12023134568345344
0.06331374217539254 0.021186329478700718 0.12125813126426138
0.05987154727501618 0.01879755261755321 0.12165304494756195
0.05797052325507436 0.015139535269357216 0.12120017633419079
0.07601469978484399 0.02870844816488379 0.12143631193714964
0.0803111476 0.0342346227 0.12660056
0.0789272747 0.0427015305 0.129771625
0.0809126738 0.0436599901 0.136381427
0.087263386 0.0500891492 0.150446383
0.0871321266 0.0524242863 0.153489698
0.0892663844 0.052645479 0.161356116
0.07378755114633757 0.025706444352814835 0.12292701715664203
0.0770270885 0.0311001371 0.127775171
0.076643611 0.0378584627 0.131834888
0.0758290222 0.0289340176 0.127363339
0.0750939983 0.0316139604 0.131356508
0.07247357564317636 0.02452760388995011 0.12295254927404115
0.0734047726 0.0247618979 0.127118695
0.073905488 0.0258765625 0.131099874
0.07009160832930932 0.02272911316014323 0.12389416192264775
0.0711728504 0.0234249378 0.127180685
0.0719620678 0.0234707485 0.130833874
0.06632379162106732 0.021113509194272375 0.12471513813975729
0.0674802068 0.0213327851 0.127499334
0.067624687 0.0212343828 0.130379229
0.06082790118631159 0.017920070611266135 0.12511119117195862
0.062464632 0.0174651462 0.128010301
0.0627953388 0.0162533089 0.131638038
0.0578381025 0.00792131916 0.180084189
0.11525965016833602 0.042530913520983996 0.040442492794593284
0.11821097405477414 0.046964110299908025 0.04349691959541669
0.11757433400195862 0.041415465301592964 0.04102214756367869
0.12055791491975427 0.04546778851762397 0.04392511671962566
0.122886892 0.0386534398 0.0448943084
0.12426687 0.0423677781 0.0459908709
0.12429074919648686 0.053949209397115394 0.050664325797647666
0.12605568051211413 0.052560682343032517 0.05046867860201623
0.128852453 0.0487250629 0.0513156212
0.09396911507418892 0.0027817561006191474 0.03324487050069106
0.09921218806241192 0.002778862541334837 0.03227662718148272
0.09437309599732453 0.006359853437468875 0.03399684009257048
0.09958587371203365 0.006303658202681026 0.033621769875963055
0.0956572524499273 0.010788508937358445 0.034660343070101886
0.10033363509604788 0.010317149141600384 0.033578700138169264
0.09704205823435079 0.016349516111753507 0.03443281307121096
0.09975006792234288 0.01529041650197677 0.03311011047534938
0.09967707505327887 0.02391714847416269 0.036159464904454056
0.10229480546134254 0.022873326535158472 0.033763282584983866
0.10262069716528016 0.030226119507119283 0.03881003208341799
0.10565912581363217 0.030830580923993225 0.035868399399792084
0.10806821503139588 0.03805832284575747 0.04325108469280458
0.11052261555722094 0.03745557655525334 0.04092727142368173
0.11170754122920991 0.04214354851912153 0.04734927835620836
0.11379159800490542 0.04214950611965834 0.04448037667395469
0.11446939557271552 0.046370372779537164 0.05054277216505198
0.11655243069165863 0.04654970338638999 0.047498004467055294
0.11671014310080817 0.050627060572336686 0.05349552640383918
0.118909069986414 0.050920652526230646 0.050465956484053325
0.11915036687823684 0.05395459239825988 0.05670900057725719
0.12179041697958327 0.05376087509706564 0.05407469100034773
0.12202315648746444 0.05638144191328551 0.06036549514137833
0.12470161788511343 0.05669581124573232 0.057575619563050594
0.09624780688835674 0.0026395460007012025 0.035654637304529224
0.09963832728675139 0.0027716374258658517 0.03472454686606788
0.09720189748242967 0.006679442381662998 0.036343950419916844
0.09991538680139928 0.006355719037655087 0.035314693541778096
0.09801648542330268 0.010966282842503453 0.03665476593208845
0.10076835862385668 0.010118565316926178 0.03507215755024248
0.1004424264878284 0.015782800803822272 0.03863438422006504
0.10267090043625536 0.015945721392637276 0.035076416043111944
0.1035345354082465 0.021138793334632807 0.04096702733981649
0.10476230437602602 0.022053598564925926 0.0364065579939002
0.10743576367540242 0.029346976953889627 0.043851177395799835
0.10845137288139312 0.029486662019780046 0.039358589167759965
0.11143646813997102 0.035264257084462236 0.04760307132029522
0.11335956876450716 0.0357571122352749 0.043725061367799085
0.11404329130945941 0.040046228015223416 0.050411865676136765
0.1160188943921112 0.04069566093810224 0.04655965566988204
0.11609948724158874 0.04425090530190705 0.052826769639181655
0.11838405143332854 0.04493873858772394 0.0491209787326509
0.11812489240936494 0.048279203354525506 0.05547814534281548
0.1205659905964536 0.0490526785781713 0.051872587826763836
0.12033453285673144 0.051466806190174595 0.05844886316791644
0.12295369317950586 0.052282358165404504 0.05508325924971249
0.12258054127972991 0.05385631461816154 0.061520254332563584
0.1255900913074454 0.05471314201932528 0.05824614279788105
0.105743235 0.00230689407 0.0470253232
0.10897305 0.0026727774 0.040560533
0.107073206 0.00552777813 0.0479575538
0.109432423 0.00597031345 0.0409335209
0.108174672 0.00899258091 0.0491962784
0.110170105 0.00971409422 0.0415570099
0.110128785 0.0128519974 0.0507351912
0.111525167 0.0137235618 0.0426103334
0.112389094 0.0177496814 0.0522907639
0.114108545 0.0192325711 0.0446056453
0.1148907 0.0226104901 0.0545562737
0.116460468 0.0251922813 0.0463775886
0.11747231 0.0284927044 0.0568402497
0.11900673 0.0310244666 0.048930683
0.118802752 0.0325646585 0.0584059092
0.120477965 0.0359322245 0.0505507018
0.120122151 0.0359566497 0.0605788107
0.12218819 0.0395478705 0.0527726702
0.121235802 0.0392553947 0.0625546032
0.123754912 0.0432152983 0.054813946
0.122780034 0.0410589455 0.0657720854
0.125689298 0.0455282141 0.0579198214
0.124424494 0.0426204985 0.0685306247
0.127595428 0.0470215265 0.0614489692
0.119367331 0.00300727299 0.0346781832
0.115944571 0.00317995443 0.0315857036
0.119370503 0.00610101569 0.0350615752
0.116207019 0.00632586016 0.0317838769
0.119384012 0.0100559729 0.0354468482
0.116605776 0.00986384949 0.0321663879
0.119411135 0.0140286987 0.0353548588
0.117367682 0.0142348289 0.03192039
0.119428281 0.0188711312 0.0356959019
0.115354423 0.0205152101 0.0329031074
0.119435723 0.025353727 0.0367543099
0.115882927 0.0268485443 0.0334074397
0.122172361 0.0340496179 0.03599897
0.11974781 0.0342289902 0.0328576414
0.123966366 0.0403809577 0.0371003673
0.120042458 0.0422244641 0.0351293862
0.126248052 0.0445287206 0.037730719
0.122686261 0.0468957623 0.037149299
0.129705224 0.0480970779 0.0411620682
0.126152429 0.0508137001 0.0407821855
0.132395629 0.0509558764 0.044764165
0.129707148 0.0534278832 0.0443949106
0.134496714 0.0545350602 0.0483928336
0.132405266 0.0571974627 0.0485128745
0.113597152 0.00278265134 0.0293792436
0.113959612 0.00637593903 0.0300384986
0.113734384 0.0101419696 0.0307844
0.115552552 0.0145419531 0.0304086012
0.114587398 0.0207058653 0.0314680527
0.114581105 0.0276070737 0.0319095583
0.118782467 0.0346697955 0.0316534231
0.118687907 0.043441148 0.0340610432
0.120615186 0.048200758 0.0370789055
0.124093416 0.0522756072 0.0406944559
0.128193455 0.0548779758 0.0445161117
0.13134025 0.0582227805 0.0487778548
0.12489450437308053 0.055909070903837704 0.06474128718402397
0.12424018367463087 0.058652367236363134 0.06401280975565796
0.1282585231348217 0.05663333885759758 0.061784261024610654
0.12755188164757386 0.058486963596904626 0.06150618703890624
0.13159952536029576 0.05756604305973383 0.05833338004360221
0.13071170962974848 0.05889412290872961 0.05873167325795733
0.135075785 0.0602551454 0.0530319006
0.134291051 0.0612488223 0.0534814972
0.125575698 0.0435445408 0.0713319697
0.129333375 0.0482885699 0.0640944146
0.132967594 0.0527895833 0.0584334074
0.136551319 0.0567555478 0.0525654802
0.12639723796103683 0.05748498303095621 0.06896801917483714
0.12610495102911 0.06097192260293358 0.0679898282869104
0.13027755159367926 0.058706299207159134 0.0656208440146442
0.1299449221537634 0.06128022185035644 0.0655355293910029
0.13432797689058548 0.05976855500848929 0.06222290177050705
0.1332949778180324 0.06176468917532725 0.06296914377267036
0.138415191 0.0621111072 0.0577418616
0.137559537 0.0634949234 0.0583125408
0.127080587 0.043633102 0.0730549753
0.131417539 0.0481590133 0.0680562954
0.135113429 0.0532522594 0.0629423673
0.139353328 0.0578543733 0.0577399528
0.12820074623446454 0.05918018318031896 0.07328348515006657
0.12787018805970155 0.06319345782894578 0.07236717586280643
0.13244696830210667 0.06038755502322342 0.0703470091905023
0.13193197666221557 0.06360770288690852 0.06989788868387438
0.13670368034311828 0.06138705786797635 0.06722677446103688
0.13583192807401798 0.06389910264165363 0.06748402617720932
0.141393529 0.0631586869 0.0631771163
0.140614368 0.065099051 0.0637024813
0.129141306 0.044276707 0.0743452524
0.133103614 0.0475693921 0.0723629978
0.137448853 0.051707834 0.0679543951
0.141904364 0.057015525 0.0636346337
0.13075121870751316 0.061639963291358374 0.07993595544387094
0.13059635969315106 0.06634000487017613 0.0785149811799419
0.1354321639926352 0.06174099938350392 0.07782645189619218
0.1352924009118749 0.06572653129830178 0.07702348917802077
0.14007210483220264 0.062300776198909474 0.07581349371983223
0.14013963433347337 0.06545037310536037 0.07499571337245464
0.145866625 0.0638057365 0.073194897
0.145309818 0.0660948299 0.0727077122
0.13096995 0.0472845994 0.0840662325
0.135319048 0.0477572413 0.0805634771
0.13944258 0.0500971347 0.0791176299
0.145854128 0.0541980621 0.0749891556
0.13392847723232285 0.06311096453602474 0.08834027029268188
0.13410623678811795 0.068697424948062 0.08726636418082268
0.133953182 0.0475937446 0.0931283373
0.138067336 0.0491039583 0.102944686
0.13777526688747652 0.06432892117427885 0.09889343085156901
0.1379342349938803 0.06941393246477282 0.09782164170903149
0.14156366086097374 0.06594550512710881 0.11389586785929957
0.14168400970509074 0.07100437650303533 0.11332069936587798
0.142336836 0.0524789519 0.117017493
0.14449351058957582 0.06789713468615304 0.1270439276853169
0.14471216486558441 0.07080163171282972 0.12573847131186092
0.146324115 0.0550318547 0.129942463
0.13900470354029368 0.06217303264462656 0.08628423716522322
0.13913813082289148 0.06718792006283987 0.08561706024212289
0.138508596 0.0477145175 0.0896890896
0.142100985 0.0487768488 0.0995484621
0.14294119690518192 0.06357063316138788 0.09625040597605442
0.1429785257693095 0.0687579550436704 0.0957966167754251
0.14726901731094214 0.06511157020192197 0.11218148019898715
0.14826347049640554 0.07020780951390791 0.11021771833874038
0.147061814 0.0523186606 0.115695086
0.15028866156266132 0.06738350654883032 0.1254684545356344
0.15002377482171633 0.07092797779125436 0.1245975529889896
0.150390177 0.0543588682 0.129401966
0.1439858087698684 0.06333886288079271 0.08400218038037953
0.1442898036217395 0.067261205757351 0.08340170873893873
0.1426223 0.0484723594 0.0879947144
0.14773470122396695 0.06469776947438058 0.09366643424861301
0.1482141746873628 0.0691285313990998 0.09351421178379599
0.144842576 0.049582187 0.0968319918
0.15233373876660025 0.06683423788844674 0.11038121823966379
0.15228801988458893 0.07097042698977811 0.1096024517585733
0.151569572 0.0519004459 0.112464648
0.1555851196347811 0.06796891756187744 0.12383205971408069
0.1553627443550888 0.07258027908780434 0.12318583539900635
0.155738023 0.0537560827 0.127390303
0.149514103 0.0650704864 0.0815510668
0.149415567 0.0671983758 0.0810527882
0.147854028 0.0523678271 0.0843606642
0.153295283 0.0660555234 0.0909935322
0.153530337 0.0691773376 0.0912930045
0.151071187 0.0509107582 0.0936363179
0.157968489 0.0681337526 0.108524893
0.157657691 0.0715452191 0.107954502
0.156186745 0.0529612252 0.109673727
0.161023721 0.0690967878 0.122198343
0.161102904 0.0731653287 0.121797161
0.160533125 0.0540367542 0.125418774
0.14668961373985503 0.06627308182523985 0.13821945719827525
0.14694224778585002 0.06905648177968117 0.13725091343154408
0.146758431 0.0563564699 0.141649332
0.1527266945823881 0.0685531556184469 0.1368977687344434
0.1517589022598202 0.07221415909099663 0.13552878627924292
0.153380024 0.0558241234 0.140446244
0.1586396412379169 0.07125011372447847 0.13556251528804178
0.15822051252766844 0.07473385298510309 0.13462058961424053
0.158572444 0.0554410982 0.13938176
0.164213779 0.0710959846 0.134409827
0.164141724 0.0751769919 0.133451624
0.164398469 0.0552610815 0.138183793
0.14932665240998755 0.06700724583118806 0.148411535324382
0.14857786803294062 0.07150055299297896 0.14826825519515857
0.149227604 0.0580235448 0.151546417
0.1553055165392133 0.07040009253788568 0.1479227488258869
0.15521866015924154 0.07522588939442702 0.14653119310575322
0.156301816 0.0573594191 0.151377572
0.16135945360324516 0.07511581986061604 0.14683135916511084
0.161036991485679 0.0777687185535834 0.14552846472378542
0.161777357 0.056828307 0.151224044
0.167029919 0.072105553 0.146297155
0.166983625 0.076192436 0.144963
0.166945292 0.0563791423 0.150839566
0.15205815095190067 0.06827643851075012 0.1588334303320409
0.15207301664529205 0.07154937945050177 0.15823403703382055
0.152005184 0.0592101318 0.161591775
0.15738911770917774 0.07315704574070914 0.15799361170183304
0.15674890983273848 0.0780536774128154 0.15678353559163116
0.158990715 0.0585202036 0.161615767
0.1632847992992557 0.07630514943409235 0.15727318286167039
0.16285051753202426 0.07936142625095728 0.15619865265302416
0.164465317 0.0578331636 0.16180955
0.169433824 0.0731795381 0.156953383
0.169398203 0.077747869 0.155696205
0.169530764 0.0570048046 0.161876285
0.15460167355049126 0.0698994414526255 0.1686958398919716
0.1543445512176142 0.07283821834249964 0.16809375978358063
0.154475439 0.0620288123 0.170744026
0.159503245214863 0.07222610326058486 0.1678306993565586
0.1592400466801864 0.07540952616539888 0.16720508657054342
0.160953167 0.0625799714 0.171118851
0.16545947605119748 0.07539088953831038 0.16698078178866776
0.16510016747785167 0.07944849661499792 0.16580230698770715
0.167248951 0.0632056288 0.171013546
0.171923135 0.0748817387 0.167197172
0.171873162 0.0791049772 0.166195767
0.172582466 0.0627730172 0.17148351
0.15597646997616213 0.07331686127055635 0.17789559015998097
0.15595867351494783 0.07571473284087049 0.17729114024252923
0.156402928 0.0648116736 0.180506646
0.16055457251850214 0.0751847452145051 0.1771513506500699
0.16029161153426433 0.0775707516302949 0.17650269807741645
0.162383056 0.0654263032 0.18064119
0.1673808959558068 0.07665504652383995 0.17683013906245365
0.16829510145478246 0.08021115578285586 0.1754423135047158
0.169958904 0.0655076217 0.181180063
0.174210479 0.0769171907 0.177251119
0.174290842 0.0821237617 0.175987814
0.174840213 0.0653027549 0.181062613
0.159782765 0.0731698338 0.198132315
0.160024334 0.0747306973 0.197874008
0.159212265 0.0655791238 0.202316158
0.164813598 0.0737497979 0.19811897
0.165350997 0.0771607376 0.198033262
0.164593166 0.0650324045 0.202659013
0.170782222 0.0772224816 0.197570728
0.170485807 0.0819940233 0.196069175
0.171298707 0.0655027858 0.202278932
0.176859304 0.079008421 0.196889321
0.176909034 0.0843347337 0.195442794
0.176636295 0.0648666077 0.201737672
0.057002061811083485 0.009964502859626835 0.12133736747495896
0.05598352265712746 0.007150018976647983 0.12164447716087426
0.05541754990334481 0.004579324925463895 0.1209708835417513
0.054532516976502535 0.003027821028806321 0.1202301436343885
0.0545095324329731 0.001335256557943544 0.12055609541983431
0.05789240824613338 0.012823454153180374 0.12155142541522891
0.05986662990599873 0.015545368380496109 0.12542220303126628
0.05864812169454337 0.014133257224176743 0.12535114161527416
0.057872056215247616 0.012241471211649271 0.12464385108331535
0.05709655963297167 0.011325512837788966 0.12432925623707326
0.055409152385990555 0.009666159792603445 0.12386436990254944
0.0625079682 0.0251313994 0.19658412
0.0619342832 0.0287933189 0.190036476
0.0649316206 0.0305371398 0.195860644
0.0678279432 0.0344490857 0.195304827
0.0698470185 0.0388706162 0.195147991
0.0667084347 0.0397965932 0.181576611
0.06701887 0.040748668 0.183228157
0.0681646236 0.0410045037 0.184816174
0.0701916446 0.0413027814 0.189139072
0.068523219 0.0433513214 0.181288761
0.0737545617 0.045258505 0.189368598
0.071946315 0.0452499021 0.185146683
0.0698514325 0.0445438419 0.182798836
0.0719830665 0.0468339872 0.18100988
0.0719794034 0.042446511 0.195344322
0.0755606459 0.0446918626 0.195591171
0.079660419 0.0464276367 0.196019957
0.0839070617 0.0478763691 0.196599053
0.0885076402 0.0488356865 0.197099373
0.0932478583 0.0496731656 0.197471542
0.07753716 0.0477965993 0.188770685
0.081496161 0.0482220959 0.187376637
0.0858040939 0.0473082052 0.185891721
0.0908343674 0.0473462078 0.184569643
0.0756537788 0.0480062604 0.184463471
0.0806118697 0.0483651347 0.182209083
0.084799525 0.0476887938 0.179927915
0.0897618148 0.0473034235 0.17809862
0.0738897878 0.0474723869 0.182449173
0.0792681894 0.0488812204 0.176724642
0.0801478421 0.0486911121 0.17951483
0.0759599756 0.0475571981 0.16842579
0.0754524653 0.0479440698 0.170528729
0.0767072563 0.0479192946 0.171348248
0.079523399 0.0471331007 0.172054637
0.0887956078 0.0490362628 0.170235895
0.0824839249 0.0481327408 0.174202163
0.0841503108 0.0483518206 0.177108942
0.0844784424 0.0493449928 0.169213207
0.0869884633 0.0506916181 0.169451504
0.0846294751 0.0513376906 0.164188585
0.0869536262 0.0522744579 0.162450399
0.0828052581 0.0523518413 0.157747505
0.0846946693 0.0522788902 0.155144216
0.0809271833 0.0498475799 0.15349969
0.0837703229 0.0486226074 0.150982324
0.0761182588 0.0462100424 0.148122773
0.0762985509 0.0464634689 0.145060213
0.0659386976 0.0208616816 0.139854056
0.0668385886 0.0204647357 0.136964523
0.0696588639 0.0249684623 0.139302325
0.0705255536 0.0246724268 0.136635985
0.0717541668 0.0309862772 0.136574503
0.0714778103 0.0378365616 0.137239989
0.0720038163 0.0431110875 0.139929859
0.0719513447 0.0307543416 0.139006829
0.0719181081 0.0372228486 0.139411969
0.072635635 0.0424472724 0.142618843
0.0506057252 0.00658007439 0.160309292
0.0542589179 0.00857758568 0.159326479
0.0590209585 0.0102749312 0.158992104
0.0612228562 0.01123916 0.156370961
0.0586666694 0.00814871792 0.162595248
0.0622858191 0.0103719457 0.161180478
0.0596308304 0.00731083387 0.164836689
0.0627736379 0.00876261589 0.164610618
0.0674682976 0.0105082665 0.164097923
0.0674833352 0.0105408877 0.165347617
0.0676464496 0.0107920002 0.1665943
0.0679842105 0.0112654313 0.167932769
0.0647352217 0.00911425074 0.165407973
0.0647900248 0.00881994171 0.166665511
0.0650885513 0.0091189229 0.168006295
0.0655519546 0.00980246674 0.169656911
0.0621740809 0.0071774801 0.166180099
0.06165846 0.00654377847 0.167945642
0.0615129995 0.00695848144 0.170061864
0.0621159048 0.00811841171 0.172690366
0.0598340579 0.00625221082 0.166709058
0.0597373373 0.00610069968 0.168716527
0.0597911287 0.00673398804 0.171026325
0.0601673244 0.00796588532 0.17361576
0.061902341451637095 0.02753763079097128 0.1500219273657015
0.06247058339709471 0.02547457833391806 0.15065009103485533
0.06259013144967525 0.023461506377703556 0.15134887672781516
0.06324601545068904 0.021442517394920636 0.15231511633900321
0.06169118003323338 0.028115572353990696 0.14993551585815462
0.0615916215048674 0.026357168392278394 0.15058138863425655
0.061593680630250586 0.0243455684105195 0.15141102584141056
0.06175297782664043 0.02223229410281663 0.15256474342814033
0.0701048858 0.0154461416 0.154218054
0.0700069939 0.0173858559 0.152981764
0.0696837954 0.0194042137 0.151897314
0.0693276153 0.0214781755 0.150998528
0.0665810724 0.0157584315 0.154147045
0.0658755628 0.0169735286 0.151771342
0.0656932715 0.0185349734 0.149601268
0.0659470091 0.0205588983 0.147839661
0.0647786641 0.0149836827 0.154519157
0.0635225864 0.0159959388 0.15119156
0.0638572229 0.0173303735 0.148391735
0.0645910339 0.0197274408 0.146347148
0.0622820552 0.0119795606 0.152327116
0.0606045702 0.0136104358 0.148799848
0.0611066436 0.0156890632 0.146118266
0.0624013311 0.0178903813 0.143883922
0.0624209505 0.0162901118 0.141174201
0.0622005588 0.0158287416 0.138175723
0.0604358523 0.0138981499 0.128384269
0.0616699134 0.0116722217 0.133415638
0.0611935787 0.0132274284 0.130508464
0.0570089117 0.0112575551 0.149625886
0.0605084854 0.0111219263 0.137728874
0.0607881409 0.0135130364 0.143450654
0.0605748443 0.0118933336 0.140234545
0.0588674285 0.0116684034 0.142828988
0.0593112663 0.0125549104 0.146193521
0.0550883122 0.0106929951 0.150559541
0.0497990413 0.00916210318 0.151989979
0.046423575 0.00766351656 0.153983029
0.0440626883 0.00623734098 0.155983906
0.0420781988 0.00323123723 0.157430727
0.0412334655 0.00142250714 0.157727022
0.0541373872 0.0111581113 0.143589603
0.0373274108 5.79568189E-4 0.154023384
0.0496260919 0.0103060234 0.145300714
0.0456919971 0.00828431288 0.147647842
0.0421857508 0.00696978792 0.150009759
0.039674654 0.00524209299 0.152307206
0.0380464062 0.00178409042 0.153534925
0.0566075316 0.0112647177 0.138812052
0.0507541859 0.0112065998 0.140112954
0.0460578315 0.00952709949 0.142192145
0.0419692223 0.00825051501 0.145360674
0.0385694689 0.00656463611 0.147969354
0.0366714122 0.00448508541 0.150099954
0.0354905986 0.00135164777 0.15121283
0.0351759411 3.20725484E-4 0.151486069
0.0601540356 0.011554677 0.131992502
0.0557291719 0.0121016936 0.13537282
0.0492688364 0.0136985931 0.136903935
0.0454221612 0.0122826128 0.138336928
0.0420447861 0.0109187254 0.141327048
0.0386712746 0.00941549483 0.144002876
0.0359307854 0.00626472581 0.145904107
0.034140248 0.00377069343 0.147340105
0.0331600221 0.00123931526 0.148497647
0.0329160488 5.38240946E-4 0.148604846
0.0577127247 0.0128592829 0.130561891
0.0513775612 0.0144479783 0.133651006
0.0420655838 0.0135406462 0.138438574
0.03764975 0.0111786817 0.141039772
0.0458200404 0.0136893856 0.135221102
0.0355011776 0.00899579538 0.143286746
0.0330902261 0.00606012695 0.14411449
0.0315719187 0.00339134592 0.145088792
0.0306234811 0.00130184297 0.145736757
0.0304198165 5.5483891E-4 0.145913917
0.0560659458 0.0147804778 0.12756124
0.0502958719 0.0167648817 0.128558128
0.0480552332 0.0158500909 0.131670138
0.0437298724 0.0149256631 0.134426073
0.0402226089 0.0139867017 0.138367089
0.0352435222 0.0120097483 0.140247233
0.0401265214 0.0128304235 0.137378642
0.0334836228 0.00950774607 0.141738496
0.035224667 0.011849493 0.139965086
0.0355032367 0.0114544437 0.13900975
0.0312130608 0.00593550037 0.141855166
0.0298093143 0.00323707059 0.142285381
0.0288559702 0.00125160354 0.142846266
0.0284723782 5.69622967E-4 0.143156992
0.03219135 0.00913675287 0.139618759
0.0301011804 0.00547113111 0.139170704
0.0293753999 0.00402966823 0.139245874
0.0300858314 0.00385150321 0.136666358
0.0314103421 0.00639643853 0.137263966
0.033383838 0.00942410783 0.138389316
0.0283948599 0.002021217 0.139474553
0.029041505 0.00183467846 0.136623513
0.0276208671 5.57861654E-4 0.13981451
0.0281928812 3.73026457E-4 0.136836315
0.0309850558 3.3772853E-4 0.133805098
0.0357484424 4.92826775E-4 0.131472381
0.0454334683 9.0306936E-4 0.127944049
0.05071297764584091 0.0012115536263146635 0.12534371334283198
0.0318464708 0.00185623036 0.133700129
0.0366138324 0.00208965091 0.131478977
0.0461715671 0.00283497894 0.128009428
0.051528691253478975 0.0026616872361146294 0.12552529264030474
0.0328559253 0.00383930018 0.133943529
0.0374234579 0.00396426412 0.131553882
0.0465693427 0.00505989214 0.12786795
0.052360480675722194 0.003977840196376563 0.1252495759182626
0.0499809333 0.014541473 0.126896674
0.0478336918 0.0158547972 0.128518781
0.052344262 0.0154424482 0.127005089
0.0501839575 0.0165252018 0.128350647
0.0466184348 0.01648009 0.129723935
0.0395280389 0.0124428941 0.136864917
0.0426207395 0.0144599525 0.133685479
0.0402852873 0.0114260523 0.134567281
0.043146797 0.0126482402 0.132315517
0.0343512961 0.00641179925 0.135028097
0.0360578239 0.00886618458 0.136603475
0.0377466007 0.0109746835 0.13752135
0.038111175 0.00599828484 0.132217003
0.0385731289 0.00810249901 0.133493247
0.0391566422 0.0101231933 0.134687079
0.0417674075480737 8.828969353984073E-4 0.10200743867187466
0.04441252843659113 8.450998468109246E-4 0.10537300536934696
0.04198721199788779 0.0017556587356889043 0.10204067026713134
0.044516825461270004 0.002152012811729719 0.10527170013351592
0.04247759017029558 0.003700909352882599 0.10193469542328135
0.04471564980325356 0.0038065747255818664 0.10510565218196055
0.04287084691675109 0.005665827615434517 0.10206183190274266
0.04509716952088683 0.006039493506985869 0.10500041195684098
0.04388585471277865 0.008418951534930589 0.10224590348316939
0.04620114661243959 0.009069534556452236 0.10522723634502948
0.04590000325423521 0.01098063591490947 0.1028603493213547
0.04719343694528989 0.012027563347975142 0.1051826817906673
0.046704920968224574 0.0134323566461031 0.10235962309219421
0.048380163801293875 0.0147318228948611 0.10451223629636178
0.04824171436301512 0.015173206662131192 0.10226987947223139
0.04984027932023608 0.016403055891326995 0.10438944947436424
0.04947055150946197 0.0164190902881262 0.10212994890344657
0.0505467796990397 0.01749695986690717 0.10402493682327231
0.05059922402507979 0.01765354240028103 0.10171582333938434
0.051834295552592974 0.018561139374940878 0.10359178237161784
0.0515003023520314 0.018294908863562397 0.10120938018834748
0.05277341235329765 0.01917786273356094 0.10299509311357777
0.051899281227452194 0.01913058787712376 0.10042566430870321
0.05375243807741647 0.02002962238873191 0.10229568380342821
0.05529144038911099 0.01943443531741595 0.10074202921618897
0.055969769103119536 0.020818447612269336 0.10235122260040519
0.057845741780966735 0.020586113676813365 0.1012134286155869
0.055718951314372496 0.018678400740200912 0.09937129770464152
0.05934788395263079 0.019957532604637843 0.09921701704852212
0.05745116428155947 0.017773906449552512 0.09892780920142741
0.0651886766956147 0.023446635995314855 0.09481816913894091
0.06153651130916582 0.019973337428329255 0.09594093658325949
0.06025239449835882 0.019987938110082207 0.09250718629388631
0.06494113440529486 0.023367227466936046 0.09133055274422645
0.0595830940672794 0.019312609841515997 0.09064223317316511
0.06495409895660867 0.022302625125411604 0.08868023627331668
0.05932648577559973 0.01810836188698669 0.08890567691822068
0.06470344626344914 0.02092187624295448 0.08682542096344122
0.05920401926795787 0.016431102884656566 0.08725829189872951
0.06438005162697309 0.019692323303913586 0.08487999153980402
0.05903798148072568 0.014525270321329466 0.08577527908012383
0.06389630207263097 0.017979363985553987 0.08320577693180052
0.059106608371882016 0.012567363969740238 0.08445517891504457
0.06349282510926198 0.015872573845587976 0.08143203359307359
0.05929673126809996 0.010634354641075854 0.08334752749312949
0.06260755272423489 0.01327216348893189 0.07971952477579974
0.05956880363776992 0.008359713167092086 0.0826935895182834
0.0616025842666199 0.01015391418867746 0.0783597314474277
0.05817235188190789 0.00609710865571036 0.08252716805734149
0.06004927784318554 0.006838623760269307 0.07812169022676473
0.05721295043219967 0.0035322747962491445 0.08198918856783201
0.05938630274890016 0.0035790873732340902 0.07698096126351037
0.05740022247802877 0.001997958698776842 0.08174847898715522
0.059320828950542054 0.0020747825913084534 0.07680521535594273
0.0626480236875637 0.023274376771935595 0.09946945493894974
0.05866999157244059 0.0022784597376740512 0.07158862079220801
0.059324782586698786 0.003913693087215445 0.07269604909433902
0.06054266945036863 0.007886854720320156 0.07316206253368249
0.06253071457901503 0.011466960714624873 0.07336575362911936
0.064123615485611 0.014511776869391686 0.07435828388939349
0.0654528530221229 0.01734969158584084 0.07546654024323066
0.06664334422860424 0.020130600535849995 0.07655180292677449
0.0674300837091508 0.022341887642307913 0.07861341370260429
0.06778389252353356 0.02443380652067091 0.08099298530022096
0.06791253507585132 0.02556974222587068 0.08340233210831054
0.06833300160454325 0.027240942006536897 0.08639183885957906
0.06918149281888554 0.028219536471275168 0.09163621312323623
0.06698968114413258 0.027482726060163196 0.09757606182066328
0.06528801079822502 0.027525320456302772 0.1031509322705853
0.060228496829695076 0.025153316498618607 0.10408559536653932
0.05692391249181572 0.02511364508150612 0.10384244439450709
0.05508960467053028 0.02442484488565539 0.10437182673887939
0.056274627389688685 0.022074554316552954 0.10743746162175868
0.0547701635253841 0.02039306856317099 0.1088827686169294
0.05280736924717001 0.01887242543451322 0.11003702169913492
0.050579209846897996 0.017126233933730008 0.10999826380950646
0.049445736571462694 0.013984767859339197 0.11020771798125223
0.04789051467968264 0.009920097723548795 0.10992178135926259
0.046840635013791355 0.007599161318623564 0.10999049771991362
0.04660054074803273 0.004168701078467723 0.10930704363127657
0.046294700315950586 0.0023442038185012178 0.10904768192908484
0.04632560764204168 8.712146755678738E-4 0.10923329346108979
0.05769430689309844 0.0024292809310018397 0.0675622957085845
0.05909701071334341 0.005183438998088129 0.06749716567939958
0.060922293563036745 0.008296351459036991 0.06824238545340151
0.06285500977481716 0.011643806073476998 0.06896154973195935
0.06506355695231442 0.014868417228516787 0.06978729268509698
0.06649387686740264 0.01807574747999782 0.07063921346316886
0.06932726084162769 0.02192103061745986 0.07222482423670316
0.07057330889530115 0.024080882748043455 0.0773604047292954
0.0711168419698775 0.027266925720190384 0.08487760098573013
0.0654717300172753 0.032305400865348465 0.105673917466459
0.06282522429454704 0.0307337875152743 0.10618016497620392
0.061208423181091744 0.028007369553020266 0.10812918357676354
0.05962557164069502 0.025895412855463505 0.11016826760944715
0.05832654035322374 0.02470644710100408 0.11197615668149875
0.05665193589508347 0.023938254749655524 0.11338956104120534
0.05454927894596484 0.02253488292655725 0.11457723963627507
0.05245737639353279 0.020137228013342143 0.11519320264600057
0.051021448445935334 0.016739829117426133 0.1158244710589979
0.05005592757791127 0.013151676192068354 0.11625560546391292
0.048665372504386406 0.009917223405183294 0.11664274511217773
0.04782288021758079 0.007338531939744972 0.11642984862827518
0.04734825981884069 0.0038052983204399744 0.11566424527983286
0.04725713449317567 0.0017067262844789178 0.11593652285319456
0.05762716117092349 0.0026129731704385645 0.06426755468978675
0.058200174685026945 0.005336084950174071 0.06441929461641574
0.06061577912007022 0.00831769782530202 0.06517708113681135
0.06310982975676259 0.011174095008874353 0.06599225762759307
0.06535531330139016 0.014449400778848976 0.06670347821305382
0.06764644341113817 0.018547488948839907 0.06725510814885313
0.058409328030264086 0.0027067382091473277 0.06227963315045403
0.05842520305703763 0.005363890407182299 0.06205091363186975
0.06102432522037228 0.008046083211037433 0.06236343040098126
0.06306808138336076 0.010857578275288939 0.06277579876396887
0.06570761515161147 0.014194139542229872 0.06341123682311697
0.05934302785578652 0.0025499356385327533 0.05905700668393933
0.05954051457905209 0.005169202936261225 0.05890333902580622
0.06160674413483379 0.007894447097992953 0.0591288147109483
0.06378567516917319 0.010809546228534018 0.05934824171759122
0.06065019434623123 0.00248467789229936 0.05655523407318503
0.06114563728948875 0.00506741796899263 0.056319335759906164
0.06312476749762484 0.008102232779154176 0.05640632983173676
0.0652919223816008 0.010926429090956688 0.05640174445567673
0.06860014049748342 0.015274422119296338 0.05701021403685601
0.0669154133968343 0.014444936066831822 0.059780129169655645
0.06294002991160022 0.0026120967103115365 0.05432184315617754
0.06351281384036818 0.00511265634506319 0.05406319389806507
0.06569930102934779 0.008351178417939049 0.054191283761460284
0.0677291088055523 0.011157093895417169 0.05432676520662489
0.0707784261745009 0.01582323042983901 0.05498950319527062
0.06771886943083753 0.016808155733508686 0.0620113475095852
0.06641545224680354 0.002673000921643123 0.05242139455872378
0.06706066601530282 0.005372324968267676 0.05239407623683315
0.06849469676400327 0.008582347821655208 0.05241238379954104
0.07067968770817733 0.011484437159696706 0.052960934977158196
0.07402681521542989 0.01614309256115579 0.053840103492560416
0.0712431113570825 0.0026515645713201196 0.050594594347764275
0.07203448282966249 0.005415339722540615 0.0507298603831499
0.07333029769449079 0.008688974164864662 0.05113529430527343
0.07520596067060234 0.012146151506974555 0.05167834845456655
0.07884215996137658 0.0166111400305155 0.05334868367217622
0.07577496829412039 0.0026456477940649636 0.049334233436628905
0.0768428353207303 0.005477684898690054 0.049802911743706435
0.07810819066347512 0.00886856963572523 0.05015260856343367
0.07992623840459485 0.01256000263671993 0.0507978399409273
0.0842044257956911 0.017077556576877446 0.05376562089242824
0.08121832254110176 0.0026616675236795936 0.04710221759421647
0.08212762971232611 0.005388804775945705 0.048194721279738326
0.08553753622556037 0.012870966173238262 0.050311128264435324
0.08350205593454774 0.008918965444206216 0.048948655591237476
0.0879562234645767 0.0026659846082329065 0.046108914270691095
0.0891780169116021 0.005847946070372012 0.04837735060812512
0.10118062708935369 0.019618852432049222 0.05459965360513803
0.0958974134268871 0.017908353735298935 0.055746282802660085
0.09292789399840286 0.014271649856899334 0.05234361354257934
0.09797847668440217 0.01430394930220134 0.051720581847618456
0.10396167623577307 0.006279650438545462 0.036303888631386415
0.10506964541745194 0.010306256661654354 0.03718488299588264
0.10312505402010815 0.009528510539149188 0.0443063326737922
0.10116879680245659 0.005923217431655109 0.04197869098685206
0.1033160032148177 0.0027242435542960083 0.03574046099958907
0.09968526563101521 0.0027046483945954896 0.04040982528809512
0.09654460613577896 0.002694889899130413 0.042853384633098165
0.09810199604904986 0.00589835150892348 0.04466322968419955
0.11117440360696478 0.0029217308218991017 0.03402899278113349
0.09337104438678073 0.005870430926769471 0.04682762090624343
0.09230112566557873 0.002682097575025045 0.04440831304126906
0.10330032183610333 0.014334449257827418 0.04927764069080903
0.0954227001955606 0.00946282803658186 0.048845869887817805
0.10036715386619896 0.009495713932131769 0.04664207716336657
0.117262113 0.00313950412 0.0329364761
0.11781744 0.00636226183 0.0332114254
0.11201461210622657 0.00636382403280888 0.034064174338635
0.10604598994331622 0.014372579390599905 0.04641238060355387
0.09057712166135726 0.009430208740661278 0.050056015500626015
0.0895191502269341 0.017468384528547803 0.05479878785880544
0.09975859117761592 0.02448708774834246 0.058960317478049994
0.09387664986398882 0.02416720215857497 0.05857373491862814
0.1061872230294387 0.01963874431136291 0.051954798190560966
0.0883508128004216 0.0226943715336752 0.05716640802036229
0.10417648605438173 0.02443777589668741 0.057156033754171456
0.10887033016812385 0.02444984303371559 0.05428474512906429
0.10681151845584139 0.015111550947834413 0.03853762707415995
0.1100257621023474 0.009842821585720257 0.034253893424609536
0.118037238 0.0094789674 0.0333615651
0.116924396 0.0139895499 0.033385437
0.11051835810395012 0.014194055795076047 0.03579982228506367
0.116388586 0.0194646016 0.0338764241
0.11117316430787826 0.021043706503240868 0.03630353025570338
0.1096882248198898 0.021031615056050248 0.04067540912999187
0.1085634859174771 0.01969232810553568 0.04794698723691953
0.117618564 0.0262600934 0.0343369966
0.11396222779842663 0.028027741749781336 0.037264109459347564
0.1129563759969696 0.02713888450968311 0.04334245728165261
0.11124420225800485 0.02449823791441058 0.04960382937326802
0.08383551539067388 0.02181318213079686 0.05621817731829932
0.07880634158179806 0.02144323544627695 0.056250725204055184
0.07556312107993882 0.02140907025998695 0.05700185254844527
0.07245293027833431 0.02113328356782347 0.057996263562770635
0.07053061333997432 0.020056695970663656 0.060066666324466944
0.10675192563595146 0.030428508302350162 0.05942417562344361
0.10256947523910528 0.030486162072450553 0.06077893040423107
0.09736064483929972 0.029772031055612016 0.06094526571078205
0.07165717904556175 0.021917298924257075 0.06532542415872057
0.09134031968120779 0.029610358963041053 0.0598207859423924
0.08692659257526664 0.029071782260762544 0.05919213224125849
0.08327660982210057 0.0275871348718104 0.059660668764969726
0.08077727377853912 0.026410930274309474 0.06133490534626886
0.07779304000318928 0.025167179935664273 0.06324314960227634
0.07476832410685902 0.02380683066346154 0.06413646290543297
0.121054602 0.0347964487 0.0350105088
0.11704394195757034 0.034973663126495066 0.039114129863185194
0.11627126075782591 0.03320034224138718 0.046438578219055206
0.11402910231896472 0.030480974865755277 0.05208789874759209
0.11156623260017175 0.030432843880124943 0.056597306831317355
0.121763611 0.0412088016 0.0359232361
0.11977979268234776 0.03995379773039668 0.04165985543025135
0.11814862266672123 0.038433915488569025 0.04842889836606977
0.11637693800946115 0.036249868973202815 0.054217311209355426
0.11356670593457396 0.034810237261270305 0.05834614284133869
0.10834208840465963 0.03520332451098947 0.06030368223564629
0.1039068006987379 0.035065732276953206 0.062108337097155644
0.09933414197305718 0.035282895205855126 0.0623206426302063
0.09458806547138057 0.03521312166362653 0.06236399678890657
0.0907197445997528 0.03462961152933726 0.06270082874969024
0.08718990206281256 0.03331517022267117 0.06336585970961074
0.08428365490370435 0.03141593064723588 0.06541511307773233
0.08174363955005842 0.029631589939926338 0.06753145383065985
0.07831117239627063 0.026846952335368962 0.06918737409589573
0.07439540045775826 0.0243990565577614 0.07033108487463062
0.07584670045322028 0.027298262749853097 0.07616574837671275
0.08049070249674087 0.030360350018192105 0.07420279448411579
0.08441777274230373 0.03259972950898101 0.07246812232998696
0.08750845622290587 0.0345849269505871 0.0703190917456219
0.09013838472356511 0.03712221544102864 0.06775998641345492
0.09438434559930786 0.03790499563914274 0.06668371961737417
0.09762725304602717 0.03900440141005582 0.06526800319338236
0.10157509324696608 0.039102851809036096 0.06463339479390989
0.10575393550546236 0.03896034589804208 0.06370235111914288
0.11019845819993179 0.038792562748064925 0.06256247464598953
0.11504188409770012 0.03882296579407308 0.059967237341258556
0.11801540311613153 0.04020456351622051 0.05620517244556195
0.12018520186930202 0.04237049201100581 0.0508052923868944
0.12260064084402263 0.04382938338028474 0.04450295081631787
0.124471977 0.0457085851 0.0374105511
0.12795796 0.0494295883 0.0409455861
0.12540837195662255 0.04728428616672334 0.04747803831710756
0.12208876715122137 0.046218185427128515 0.05321530065483251
0.11967021658345384 0.04381752158737368 0.058374005276132686
0.11666968322629911 0.04245609580345304 0.062441091144772025
0.11184292583185977 0.04236617995012409 0.06526102074666923
0.10767461694830166 0.04239936400650927 0.06686723195809413
0.1026728369000147 0.042746398220604595 0.06793333901195275
0.09879984290312213 0.04227662093697254 0.06880787531343677
0.09557712062095232 0.04126762433608972 0.0704676786343816
0.09315554053323981 0.039263049480721963 0.07326507951720881
0.08978773976458664 0.03730626773631377 0.07590169525270496
0.08618176969874589 0.035112593283072424 0.07863011393672394
0.08150266159607675 0.03323472650057732 0.08103472461382066
0.07563998339687397 0.03028209851667972 0.08382110694964601
0.08628179852964765 0.038621717813477785 0.08912963619151557
0.08032324261022919 0.036169091761240585 0.09216483864276392
0.08146467765870403 0.03501740300744579 0.08778177795034331
0.0868349026703935 0.03703656924356354 0.08487895255264716
0.08583063725636399 0.03995083180053696 0.09296491025538436
0.07951037748072402 0.03750926344253673 0.09596005002076981
0.09411618513403004 0.04371735817081477 0.08225158251686103
0.09068700158432291 0.041145494651578865 0.0855797437755765
0.09110070864427397 0.039337607190980804 0.08148044299622693
0.09407978820209635 0.04208131288114952 0.07815455820741825
0.11152160828151932 0.05426386647727388 0.10441525571344178
0.10637297621300176 0.05314459079304684 0.10728805281173236
0.10483443039932132 0.050899329513806456 0.09916878736651603
0.10974697055031689 0.0518187483763057 0.09598122136256994
0.10259031436613596 0.048429103322980956 0.08695045020480666
0.10341077770355162 0.04960409831556069 0.09190072659390833
0.09886511138705016 0.048563867197038195 0.09494450334411678
0.09829465027196972 0.04739598685201793 0.08968144560382028
0.1002635390582691 0.044303634446619625 0.07402691559332832
0.09703779423972449 0.04329081539445611 0.07597774540964333
0.07249269378581627 0.03364053296736518 0.10451606143316512
0.07339060777401779 0.03731879302747848 0.11008432548990983
0.06789098518161121 0.03394430280378532 0.11122678684062125
0.07102688737727256 0.03327309440663029 0.09879856765780488
0.07295736672519382 0.032652524819015774 0.09467214424377365
0.07443166002015202 0.032080866039690556 0.0901500515604946
0.11019292766611506 0.047149366231596136 0.0739825651844056
0.10518616732578238 0.04650980360410802 0.076152401026626
0.10386467509860386 0.04537135529112421 0.07189174998533625
0.10890726952016981 0.0455224279519563 0.07024291083163177
0.10112349233937534 0.0457891081892495 0.07816228025027169
0.10187472394258297 0.04701784017995534 0.08237370392300955
0.09768033792002648 0.04631088881774149 0.0847352306133683
0.131087441 0.0521670063 0.0445500886
0.12742574125959055 0.05073356343916451 0.05076346681314002
0.12406369370210264 0.049257132382052225 0.05625611755923505
0.12155244099525055 0.046389108502820145 0.061261290777822185
0.1183606088501325 0.04524736987028492 0.0648586303225167
0.11360141248477941 0.04511726832514936 0.06849713902073767
0.11511111765675697 0.046896789031138794 0.07148277507034889
0.11639436744522293 0.0481247099083024 0.07433432681244743
0.11131440279410319 0.048424351884980676 0.07740602014489437
0.12339126520747831 0.04847388517498852 0.0641985869366576
0.12521721755148404 0.049779827407874434 0.06715343193315304
0.12139779517824177 0.048128759752544006 0.07126668130318393
0.12001819765610511 0.04727326231468358 0.06771327313971459
0.12969101116145945 0.05350449767828652 0.05441207315922321
0.12633579243174942 0.05128016386688693 0.05957144260264053
0.13345326 0.0558747461 0.0484194298
0.135803271 0.0585255485 0.0527693731
0.13225175642003087 0.05523990739969173 0.05831312434018477
0.10738678650265289 0.048611564049763877 0.08443174767539406
0.10820265477162619 0.05012014951731633 0.0889733397051468
0.10643081250788149 0.047362952859808585 0.08016344335601863
0.09413696108834138 0.046096676910718865 0.09208840403961485
0.09440879647673113 0.04708137664048567 0.09780054462612157
0.0899505959646058 0.044738383608336096 0.10095856369871364
0.0901313327712755 0.04371338000560038 0.09488898177393619
0.09741557149280991 0.044816808499660056 0.08038472242510752
0.09399039440723264 0.045139152325476904 0.08688904292926176
0.09033868461349326 0.04264818817644256 0.08976258584800365
0.08543580340056382 0.04146677323273239 0.09785057092693233
0.11533745587190777 0.051922976258559336 0.0925773285140971
0.1136708446139479 0.05076822335232784 0.08564708005232799
0.08476528686399216 0.042908939494458134 0.10343320939770936
0.07959244473590117 0.040243431445390616 0.1077112787109009
0.08066058422414027 0.03668933034423804 0.10221926884694235
0.08049822713544656 0.04275545718939385 0.11432691709988754
0.07428710189839162 0.040359052673827674 0.11588977199231781
0.09030654717500876 0.04733488333893332 0.10757455066118732
0.08499124928654725 0.04590568743869969 0.11027672280188983
0.0721657146698247 0.039069565699687635 0.11673971310657562
0.0955645234503443 0.048509129398300786 0.10491187138780672
0.10019301993633876 0.049874965406050305 0.10214110818864539
0.11259255832883533 0.04914359740324853 0.0813992555977284
0.11766735460125298 0.049207379759269955 0.07814744651064656
0.11904294599696272 0.050751401519505725 0.08231019034003016
0.1285785037730828 0.05285713542884295 0.06268854257965192
0.138869634 0.060020131 0.0577142288
0.13469448464932415 0.05653917608390641 0.06249569168007213
0.13067386793106628 0.053614327612741305 0.06666029902979251
0.12690354456140585 0.050268641843730456 0.07115193931852902
0.141620613 0.0601190937 0.0633617262
0.1370387568046506 0.05656501533401156 0.06746669139704738
0.13274582930727977 0.053700135801959585 0.07119095521475179
0.145855656 0.0590448974 0.0739914815
0.13970967107497478 0.05610735500168151 0.07727844134861403
0.148687907 0.0583868624 0.0827127864
0.14044575836891643 0.05510891964881116 0.08594827112169125
0.12301852923779029 0.04860523862307975 0.07448815454611613
0.14184869378118495 0.05538494888726709 0.09547045586983555
0.15184624343203482 0.059314158962352787 0.11123742751202681
0.1466861154330358 0.058463652741457976 0.11359895441330217
0.13884438789806955 0.05525104354656926 0.09847770338147631
0.151629685 0.0587085008 0.0917263284
0.156981185 0.0605193545 0.108970694
0.160723344 0.0615663143 0.123671338
0.15561884481379323 0.06087164015469314 0.12544389522591132
0.163848917 0.0627397208 0.136288304
0.1584440615141692 0.0623638001001125 0.13733801101715626
0.15034136717258703 0.060878697986851166 0.12724552100190054
0.1353421483262639 0.053854085209297894 0.08883223371851233
0.14116401191310274 0.059240768866191416 0.11586341828270669
0.13669684882068425 0.0563582514077101 0.10141971465266592
0.1351592681540465 0.054435683195985254 0.0796795607522045
0.13081021179642877 0.053174692849486775 0.08234268298733141
0.12839580761529262 0.0510168894610108 0.07520386051038054
0.13297112518297155 0.054478870912090936 0.0914553002950697
0.14443808671764893 0.061475375219843004 0.12917867642678454
0.12327374686492254 0.0505748422316402 0.07871045202176856
0.12579268314291525 0.05216642249564365 0.08539606804366137
0.12074515259514258 0.05226826251394488 0.088889391460366
0.12856871756194757 0.054597625584786084 0.09449188558263101
0.12603124106113156 0.05804708743807838 0.10802877312164204
0.12841254237931385 0.06220307955945116 0.12077928775748051
0.12221840836891341 0.06264030157241567 0.12314083396521099
0.11986187808175505 0.05849524164266846 0.11093716973123716
0.13188022928789073 0.057274053787704365 0.10441692247690228
0.1355568499815351 0.06087690368614607 0.11838095471837962
0.12319744444981141 0.05452532250274424 0.09776307946698139
0.11746117526197972 0.05441458532717893 0.10128401078468062
0.11339570725789565 0.058081532915061816 0.11387095854196133
0.10811581887803344 0.0567356287822746 0.11635209945860824
0.1157050188262735 0.061822375708924314 0.1256823510642945
0.1098649474716082 0.06014474812250001 0.1280898359167902
0.10151487522681352 0.05225516356482514 0.10980741630057603
0.13808232922350183 0.06262370662215376 0.13057216820114792
0.1312155363439744 0.06424449985367586 0.13216458606908946
0.1244152490724121 0.06432686594597938 0.13437696212458453
0.13315194996534882 0.06559315615591954 0.14208187555641938
0.127753877456752 0.0663308378772935 0.1461043996707625
0.166851838 0.0636320623 0.148473292
0.16124543999437876 0.06398105429019096 0.14893644019096733
0.169430921 0.0648282314 0.159321088
0.16380610034161486 0.06547995795758632 0.1594670709683035
0.172041148 0.0679467841 0.169435925
0.16608421529807132 0.06807249621948323 0.169275690522258
0.174361365 0.0704904233 0.179181822
0.16816009060858672 0.07071156025476195 0.17880742635870633
0.176683192 0.0714499149 0.199198108
0.171073844 0.0700585546 0.199826709
0.15296649192648867 0.06167784546708733 0.13858418757305122
0.15565242200626359 0.06254128902405628 0.1495784832152923
0.164753946 0.0690068102 0.200275977
0.16125187267892768 0.0710382449481085 0.17864912133915295
0.16016778890466182 0.06664235921084645 0.16956575651194705
0.15818621448846293 0.06409884214534199 0.15976767484696108
0.14665750580407452 0.06135476270540739 0.1397963303781319
0.14924481567424414 0.062334670946833176 0.14990487215385198
0.15201222705741058 0.06336545636521852 0.16014580512168194
0.15448995436165333 0.06543663822413076 0.16990118857188688
0.15610934434174645 0.06946909772969431 0.17905442373583952
0.159536295 0.0689741338 0.200113179
0.151625583 0.0735430997 0.198448262
0.14908619325652453 0.07114273509439342 0.1787354555944376
0.144916495 0.073017101 0.197850598
0.14196502160889196 0.07102671747468693 0.17944033001831655
0.1470625557783581 0.06896884795497835 0.16895069834823798
0.14018142253076094 0.06937806056000045 0.17013548931597633
0.144874681794229 0.06700835847988063 0.15957593793553404
0.13801230659277916 0.0676794666513083 0.16088496695683274
0.14276697445959283 0.06555264018382682 0.15061033559843673
0.1358454761547473 0.06622604429135319 0.15206123998163562
0.14046742768099904 0.064476588619012 0.14039125157636992
0.12941598144340924 0.06666336805878635 0.15314126413059026
0.12095894759989635 0.06408235195047933 0.14602219762193622
0.11824315253157744 0.06339001441319525 0.1367742375484696
0.12314334644247345 0.06599042240888622 0.15488005910414132
0.13149670644496178 0.06790838620383895 0.16221878115672195
0.1333470154562701 0.06850281216358116 0.17124320254518757
0.13494590025497746 0.06980374218892857 0.17999874134708108
0.138174412 0.0719364736 0.197123878
0.131001332 0.0704272468 0.196260032
0.128735369188393 0.06831408357070458 0.1805795565406863
0.125701637 0.0686121133 0.195996246
0.12316198431915983 0.06745754104665175 0.1807958895847123
0.1269359318131251 0.06748628622290913 0.17215998707631944
0.1250354327015395 0.06681078207809504 0.16355430148961858
0.12120321730049038 0.06647074956581789 0.1727811488521726
0.11940386277291488 0.06542203446375468 0.16451869242305778
0.11759120141145833 0.06386376532292716 0.15615997555628142
0.11540214666183041 0.061816221970562434 0.14768179255187375
0.11282821747553412 0.06152350829693517 0.13892342174477562
0.11137875411774717 0.059598157382764964 0.1490815164409742
0.10873821941397813 0.05931360996601918 0.14079375743479441
0.10802118042151133 0.05782043086347259 0.1503577191355365
0.10499660990739178 0.057540859530257435 0.14227730811494257
0.10122357143570612 0.057219614075977185 0.1308452470006012
0.10503325531593428 0.05845186592435024 0.12965877151743224
0.11324017242995703 0.061543167207142806 0.15736456745381988
0.10936364394829223 0.059905906416619026 0.15815585947581798
0.10064574441090746 0.05621150070012903 0.14293496874954223
0.10404645009544719 0.056274655889809226 0.1511302968104132
0.09880681478183488 0.055129858692576424 0.15148040673128443
0.09605577149573591 0.0549858825899185 0.14344443210583635
0.09903006465262522 0.053634917079368544 0.12065049311893883
0.09460209514667571 0.0521544578688734 0.12250574408791909
0.09183762867862906 0.04964520396413803 0.1147463123117166
0.09709977039736284 0.05067482378913952 0.11235653846054044
0.09798420928473826 0.056182381220438046 0.13190797687747904
0.09366265073819735 0.05460479052922299 0.13315683418885516
0.08986738953946803 0.051315835074461566 0.12408936387568419
0.11038767746811845 0.06158043440130153 0.1662151792042754
0.10612581363808772 0.0599926027837825 0.1668300748982061
0.10570041956610446 0.0582792743820119 0.1590100951726573
0.11459455862601142 0.06351464499065525 0.16545150021475666
0.11618500665947952 0.06495082989688901 0.1734823981040756
0.11163231075852448 0.06300556449640127 0.17421462834801893
0.08345832328447289 0.04938802673364214 0.12673194768964333
0.07832378882674673 0.048102394670915885 0.12798590418048095
0.07683650301433001 0.04410044655641665 0.1226398663451542
0.08230863539223478 0.04567826917756872 0.1212717149535513
0.10320420192560009 0.05536017454540643 0.11858399286073885
0.08681623625878256 0.04845244003875369 0.11701814322223383
0.120183102 0.0664848697 0.19586377
0.11801137328501851 0.06578818155336535 0.18135555577187468
0.114749897 0.0643190173 0.19559565
0.11308724816390675 0.06385957802054468 0.18193487031165384
0.110022221 0.0620341181 0.195734139
0.10837188462700952 0.06155851505348494 0.18240251448510425
0.10700776696701302 0.06119312322369942 0.17475253559620088
0.1009934835893165 0.05677479727142114 0.15954772596473873
0.10234182833457593 0.057576297738878734 0.16765952255308114
0.1027250161831722 0.05882887789627203 0.17516980071082341
0.10356610145376198 0.05892633713774684 0.18264095538694966
0.10443555 0.0605554789 0.196067324
0.0993276709 0.0581123163 0.19633592
0.09871838444931541 0.05603823119484733 0.18334259137244896
0.09797083878241035 0.0549869237768286 0.17644113330499545
0.09804619262681993 0.05275875898420718 0.16979926818365434
0.09417480848424947 0.05781829302170422 0.15910550472253118
0.09164526295892392 0.057125656176357925 0.15074352659694962
0.08984768802154684 0.05639189538667935 0.15968792264321519
0.08762110476373514 0.055902473484975755 0.15145077770585563
0.0889576505348912 0.055305124629859655 0.1429606979094322
0.08415131628749181 0.05314083572481181 0.14378803684794556
0.08612377182672717 0.053690744238415765 0.13529175276065347
0.08065860073378475 0.05050111165539259 0.13488609266373364
0.07755011770341756 0.050711694203115054 0.1369407069179021
0.07464009170391268 0.04802408941392263 0.13861750842683349
0.07211302434304905 0.0440872839078726 0.13045196643653512
0.07507762077732842 0.04621022810915473 0.129074265218677
0.07021290233469125 0.03834517360436411 0.124957556207446
0.07334065519736789 0.04151708108121801 0.12330378496728887
0.0689173751363603 0.03789041067013031 0.1290340407772666
0.06667765686242362 0.03213403397258616 0.12863361873197202
0.06510532527150259 0.031047207526385765 0.12429160917224878
0.06836449683011402 0.03568831468654729 0.12453469431481973
0.09259264529243538 0.052172842727467764 0.16943860674028505
0.09279745925293999 0.05271979274617573 0.17649636193089677
0.09350648882796445 0.0532613081803392 0.18341269090663626
0.0947766772 0.0547878831 0.196203969
0.0905236704 0.0531615128 0.195444183
0.08845301694406457 0.05142269152427745 0.18351730668291713
0.08756940374340269 0.0526278622416016 0.17605477207987613
0.08742179604365884 0.05451005766590127 0.16859506019476472
0.08746303958020692 0.05568871577223861 0.16000521694494615
0.0847956128432367 0.05496286115496727 0.1523679941995028
0.08255447778421257 0.051022957010373654 0.1452463351718039
0.0859619064 0.0519610187 0.195375512
0.08399442523155674 0.05088447115133087 0.18404512915636004
0.08282704064958427 0.05185086149909049 0.17720381729193174
0.06433386799590118 0.03180033573291246 0.11330903233339339
0.06194732398348759 0.030090636870383068 0.11444776728683888
0.06062687917442169 0.02800481996653883 0.11635880943671909
0.05886887548350358 0.026293053138410176 0.11751001110671715
0.056077661782741345 0.023830596541681424 0.11886093317477621
0.06914123302525385 0.036103440343846896 0.118377235034569
0.06626226117133968 0.03240950948150465 0.12007175515313097
0.06333496678353354 0.029645210580828054 0.12015981558835369
0.06271359874625473 0.02807557819079114 0.12472505120803289
0.059932451473444656 0.02444133386659097 0.1254108995344944
0.05859980866154453 0.024363825070278004 0.12261451195453837
0.061177555329085906 0.02708398531387592 0.12161015942265883
0.054034565531327725 0.020449938029707352 0.1202885640557898
0.051886428887780674 0.0170366232802301 0.12051638274408485
0.0477905941814856 0.009119321317872249 0.12087248839045683
0.046657996317542735 0.006499301869628681 0.1207178880997104
0.046181427426061586 0.003346200149485678 0.12006595642189234
0.0641923960740133 0.028148870233970773 0.12851676811033383
0.06090388995221254 0.024067282171015614 0.12859055322453555
0.05915377601561114 0.018356944295246744 0.1299800248076854
0.05790864732608165 0.019834771589164187 0.12639142801779088
0.07053327230211508 0.043774038949988096 0.13554343965868626
0.06869537844314512 0.038323169390765785 0.13398883813064175
0.06659993558306375 0.032933046775922015 0.13266900086488803
0.06746294672289362 0.04072053435024666 0.13648908819634395
0.06617804482546756 0.034874456061006115 0.13496782584958658
0.06430613896758425 0.028148290449240606 0.13160707227327945
0.06160282707094471 0.02319616819080214 0.13211151889001294
0.05545040289715769 0.020631611002161643 0.12377017281656147
0.07369908897569032 0.04888690817792585 0.14230019938382718
0.07966035887357754 0.05141694034692428 0.14785524406187062
0.05828198543854438 0.018609294228606174 0.13353702455638322
0.06168234148987719 0.023090970791320116 0.13542872507079803
0.06455711879976359 0.028411121107764357 0.13463487088869905
0.08250658581445162 0.05424223728770608 0.15358823458243284
0.073014304999306 0.048111400767414304 0.1454078014870876
0.07788420580988374 0.051453182495214765 0.1504154582568504
0.08401620183570686 0.053946104480792005 0.1678497480131299
0.08481999640441977 0.05510232762723007 0.16071137545541248
0.08223719951641244 0.05414509869815118 0.16216359609657327
0.08055338879856173 0.0539787423462446 0.1558629114798093
0.08107552457584907 0.05281922216687555 0.16705503081181577
0.0806688407070826 0.05135061998743222 0.1731446181307859
0.07837714451903 0.05065722080788024 0.17066352678617172
0.08002932209082123 0.0524509836278413 0.1633905397299458
0.07876464299684792 0.05125097345629599 0.16685770396745248
0.07976871332781553 0.05104951640305576 0.1855177060889826
0.0815885826 0.0505494603 0.195182428
0.07563418229935953 0.049953962744663724 0.18640290115552322
0.0775204927 0.0485267803 0.194857688
0.07153175596491589 0.047535550634776796 0.18704782592108163
0.073382097 0.04651537 0.194718017
0.0680022548608732 0.043398822674840874 0.18670681415455273
0.0699221669 0.0435758596 0.194483856
0.06476085779652567 0.03854876673717914 0.1866151226204893
0.067528456 0.0395600195 0.194272039
0.0655906723 0.0349975135 0.194450774
0.06186372459155465 0.03458266839652693 0.18684007185348206
0.0627445468 0.0309949019 0.19507788
0.05934608552285305 0.0300223133456431 0.1881452995681882
0.0602512046 0.025611262 0.19596005
0.05660210649097631 0.025480325664110758 0.18904347852838221
0.0578146641 0.0196778809 0.197073403
0.05457795195827474 0.017886141702559512 0.18937731132112867
0.0565376641 0.0120250111 0.19751805
0.05359208935292534 0.011973175656375123 0.1893793757392766
0.0557471506 0.00378053379 0.19762447
0.053873352852593856 0.003977433379700936 0.18895849077282115
0.07861230853315318 0.05149181795493519 0.1790235982271402
0.07421003399369902 0.04984729501753501 0.1810013579608779
0.06666438914461813 0.043472485929766345 0.18254713621915591
0.07035351879651165 0.047448611424920496 0.18208057012011647
0.06397564241346317 0.038684145507866315 0.18189939379395295
0.0605683354896176 0.031940151989958615 0.1827875697293914
0.05706194887831769 0.025629286460825542 0.1845874890766825
0.05503060385479569 0.020314696974993655 0.1848206643104332
0.053796168260007216 0.015697068225306674 0.1841515916450198
0.0530503853505418 0.010748572489995709 0.18375041655268087
0.05321892399186248 0.004332500336652692 0.18319810221211605
0.05390326145883792 0.0042118419583009395 0.18055037037251814
0.054106625968151266 0.009198565681138414 0.18027788041950563
0.054889208168739 0.01432339220205293 0.1808522223830224
0.05612026931000239 0.019618076766285072 0.1824744676074601
0.05793805271354819 0.025500918922042325 0.1826644718002242
0.06080435916329743 0.03197847429446968 0.18101197492047427
0.06363152033129824 0.03922749407754284 0.180216862685888
0.06555688804749289 0.04299575668230423 0.1805316794098409
0.0688622013674146 0.04752197326740187 0.18018265359678956
0.07231321473276109 0.0497023598288531 0.17885028069816108
0.0773031210281278 0.051680834335303516 0.1758856368793603
0.07592977829769125 0.05109782200257148 0.17318658481277532
0.06155391008825056 0.02368173609425958 0.13833878033116087
0.05875049382017752 0.02001112589864818 0.1396286083137919
0.05822071263132485 0.019240118314820448 0.13689144155735253
0.06157310572101984 0.024706141273767565 0.14118688125057668
0.06444262517033131 0.028714040424739205 0.13754544894849513
0.06432620226413846 0.029198434272505895 0.1404118280682398
0.058803629799472915 0.0218444229282148 0.14235777265173302
0.06418772490906438 0.029466715898980256 0.14213243709171905
0.06208933158405325 0.02567486675025077 0.14366678999691088
0.06636176391920093 0.03473746402115246 0.13776142671283753
0.06562521816758507 0.03472777384517419 0.14052742836475993
0.06534871520292003 0.034541657046494485 0.14187042688060672
0.069579119878786 0.045619944282076115 0.1388465873249049
0.06944700778329509 0.04456046355980914 0.14183613712421117
0.06707650145465792 0.03946101868371392 0.14150744053574157
0.06749085945313278 0.04010922133028005 0.13914552242069664
0.0688192772828542 0.043286676557211974 0.14407197010474496
0.07224075506843396 0.04692529665981366 0.1480310020308497
0.07650423762435835 0.05067364359634373 0.15354672651826362
0.07899937231011325 0.052943103646982986 0.15847018155236328
0.07668320040290517 0.050560889872735 0.1690553688528438
0.07450918442452406 0.05053469234865482 0.17114666158526493
0.054539403208340644 0.003924860153273566 0.17791898984897606
0.05496283978752591 0.003530147154624308 0.17479994215946468
0.05427632427693452 0.0032185067815964623 0.1719300978963771
0.05311898140962691 0.003045859599961127 0.17001691497911783
0.04611412775229574 0.001539046908763036 0.12033863272758023
0.04284593011503562 0.005786721023227695 0.12498262853046864
0.04276523445463675 0.0033649264521982284 0.12452943305505829
0.04191717097383349 0.0014513167990876361 0.12445927408081563
0.038630946961043786 0.004824035923147982 0.1282540859122301
0.03783695257290753 0.0028242426527602615 0.12772869800591768
0.03728344795113826 0.0011227459751070518 0.12753121854359312
0.03135064350498854 9.188787982760883E-4 0.1303568677644489
0.03207556879598718 0.0025133006658047945 0.1305312165524616
0.027833816017267508 6.980553164487194E-4 0.1326144827843301
0.025603075511146673 7.526838945975651E-4 0.13587991031104996
0.02642920995716495 0.0023625053659876026 0.13576634480612
0.02577310831724188 0.0025420443432242162 0.1387171275160306
0.024995270364302616 9.137106776569347E-4 0.13907340451236194
0.02754972094983923 0.00439523726077433 0.1356377373333686
0.02878334369117936 0.006903576507241175 0.13575997888681307
0.02780354339153047 0.006599440933467431 0.1379227183233961
0.026808430479584193 0.004556195151164062 0.13830411244673843
0.05097039343809208 0.01523706588758753 0.12412215608020226
0.04906492347950398 0.014133758015802312 0.1238778807563729
0.04981752713443222 0.012598139992114009 0.12099925548867652
0.05112616657683935 0.01484197646019812 0.12097793230375108
0.05443034423410758 0.018306424155528772 0.12418088188664315
0.05270087348128786 0.01651728670651965 0.12434411019447295
0.032909887675872315 0.004305396785049064 0.13093971436540427
0.0286645891412347 0.002341518717281149 0.13269903941632644
0.029739916178827725 0.004219949226084097 0.1329900618881992
0.03103699879389329 0.006759896197929359 0.1338197418352615
0.0262734179081142 0.0010178703979692426 0.14271226152272445
0.028048885690555435 0.001047779513231459 0.14549791379508412
0.0301491016975163 0.0011215190947858808 0.147980533740179
0.032620685950134225 0.0010594038149342564 0.15056122708634953
0.0347721241173763 0.0013038138161364085 0.1529211785536365
0.037717121649358566 0.001802987728553061 0.15578575383185586
0.04200249276862739 0.002825692280734952 0.15960179348871295
0.044441074804387436 0.0027523390850264094 0.16161519645752467
0.04678746509939237 0.002743893655494987 0.16349831842361084
0.048934314573290616 0.0029137868499563607 0.16590102328402817
0.05145606758891922 0.0030938706859983387 0.16816572975613325
0.054993172997636126 0.0077739329726603575 0.1779526724793924
0.05551014283306123 0.01157128377246126 0.1778511564118444
0.05768826208784557 0.0173568185382022 0.17893221485572014
0.05836675416507674 0.02098681552768921 0.1794796374859693
0.06015156621326257 0.02119558673123111 0.17818618103188374
0.06099926779835375 0.02599001118319876 0.17835045094829377
0.05966262561073659 0.02574709081761678 0.17949072439160887
0.06373804283699928 0.02617355549873637 0.17623764971616018
0.06552024105017874 0.025284627650012142 0.17347283799686533
0.06410954259051804 0.02995361841446447 0.17289390433777865
0.06400381919089448 0.0311266499731754 0.17565214554095104
0.06479017680563508 0.03516746533344316 0.1747777204321032
0.06423924666214094 0.03418549102642549 0.17180614271701616
0.0656607963340187 0.03735218184107938 0.1701817074381245
0.06535026676874374 0.038346608290654914 0.17336934840567814
0.05586053374169346 0.006041602823580286 0.17450244084525
0.05666687834803691 0.008982821059054362 0.17389863505022957
0.05593488090474255 0.008159742206559626 0.17111493780253448
0.055171037282617214 0.005284843824847192 0.17148616976216682
0.054835356726973865 0.007402454235067785 0.16861350070889325
0.05398801092728714 0.005111546310371416 0.16913651473290495
0.044795403389377646 0.007326370960640657 0.15730087316988156
0.04271990340974601 0.005018551418233084 0.15902577310927843
0.03868343896328602 0.0039006412604059345 0.1554333972016131
0.040568457937637234 0.007086929063941761 0.15404833759431497
0.0531324526213147 0.00663309906719722 0.1666487871769253
0.052289198151958906 0.005223387557706005 0.16730243413676352
0.04987849740101901 0.005148227251050299 0.16548235617610155
0.04522620274870613 0.005012928353765692 0.1609859786699526
0.04773678310593888 0.004886801564944695 0.16298672424969443
0.04734100956472891 0.007324462690879437 0.15934494058166623
0.03556289312492353 0.0030313156488211038 0.15248850476318296
0.02750820627550305 0.004490173385242504 0.14143821867514866
0.02666802715689382 0.002279730728166337 0.14221222132328834
0.028859760617818177 0.007151915259063633 0.14085335199696566
0.0291708502026597 0.00467199875763453 0.1443346584917055
0.02822281516418205 0.002427872582869947 0.14507833865813266
0.03052877742519257 0.0025613330276726583 0.14781604236944162
0.033052261055008664 0.002647368910678335 0.1503190529519878
0.03152031254604275 0.005150317591416057 0.14671484865251927
0.034243170452277316 0.005782177748039189 0.14914359563358717
0.03716898585972718 0.006565464992579835 0.1511949097401808
0.030684359490773905 0.007427870167849446 0.1434163489562003
0.034345674611282344 0.006286446435566074 0.13193794821854254
0.03552308440810423 0.008703583486054337 0.13349037704387803
0.03319379110317104 0.009430526780624338 0.13547201761150926
0.03620800550693871 0.008044805122081769 0.14714422413680756
0.03340850030543537 0.007741507127102735 0.1453953277950604
0.030663212569191436 0.009930054998142961 0.13661253419980396
0.036894967320574276 0.010987349748144448 0.134582307036043
0.035196707386200045 0.011884285591187881 0.13669620262655338
0.03319056342779548 0.01229339290233599 0.13751756458504355
0.03852887749992385 0.012579594544100754 0.134126287802519
0.03766434715437279 0.013727899462339434 0.1362480369538348
0.04121270503770494 0.014006492519235456 0.13176677966195857
0.04067235278565463 0.015817932659876844 0.13287464638886837
0.038005628428296516 0.014227424349112512 0.1370922103606976
0.04449892862889892 0.01642093768282298 0.12724810754720747
0.043855651608561266 0.01723330918110773 0.12847452955233207
0.02984944819471076 0.010015796257351089 0.13792897201386
0.031110002607539714 0.010716511826303999 0.1405704156145216
0.032910216034587256 0.012723305776450262 0.13843027172733963
0.039615866937404834 0.008362368678142372 0.14888979810920167
0.043118316715622405 0.00855658387702381 0.15179308880020717
0.047613407633656915 0.008853010075616615 0.15524233863752782
0.05051201235980555 0.00895582638328327 0.15811978376386077
0.046483088552841625 0.009924377528223175 0.14958534815133323
0.04306406360542485 0.00976256941446255 0.14663572809457476
0.045861758076269875 0.015879171053197378 0.12495861385464481
0.04788629327315769 0.012981517085769443 0.12341654983021169
0.04782837859404081 0.017033851363961953 0.12544915405733206
0.05079067324227974 0.017195960870271285 0.1261569243075463
0.04620552070782661 0.017609620690548427 0.12674173091988214
0.05566484309592562 0.016404100164699034 0.12704021631127743
0.05754910042873194 0.015331156254610108 0.12933213985809405
0.04712867079315457 0.018305525511610552 0.12769514108433866
0.052430515262215635 0.01681430215004485 0.12968702274945637
0.04519677827956257 0.017438673332757407 0.13014616248812808
0.04142708093345594 0.016243624315235405 0.13376958202363637
0.03799139313738848 0.0153762153554857 0.13783488760557316
0.03401737859837067 0.013136653467754125 0.13977279981560128
0.03324474283428727 0.01076923509573177 0.1427162036905005
0.035962725818831816 0.013157533241371778 0.1409596903692502
0.03614325980617378 0.011270735144831326 0.14389131943742478
0.039564507935126725 0.01015998799042444 0.1449536352977668
0.05054521606144575 0.010477601185115286 0.15354752648945247
0.03955761476510619 0.013069624001985847 0.1416228695190694
0.0436557380404944 0.011455690969713488 0.14168700480498783
0.046886340912189975 0.011987821198434803 0.14394937960068713
0.052221832598872864 0.011782361222150017 0.14893364437087048
0.055499219568150564 0.012068887244849471 0.15247038134677238
0.03915967033990765 0.015459699567242972 0.13810870292378274
0.04305884749144187 0.014327087245063323 0.13831838042428132
0.04756314256131844 0.013133179699956107 0.13896820147519096
0.0506475865370835 0.013757811574774265 0.1421637532591064
0.0552157329355973 0.014274411143570384 0.14106660260969775
0.051886427827062605 0.014350021136565727 0.1376693425182641
0.04647464288440471 0.015326158883325267 0.13561722705810436
0.04368509412523479 0.015714744253910326 0.13462153418261183
0.04779572537866155 0.017011057671608692 0.13215436659394408
0.05145496463202533 0.015684768927785524 0.13398558482518397
0.056547464975482305 0.014047146731365938 0.13636379314849592
0.055647013725357894 0.015001611995175333 0.13110000576360223
0.057499588818705226 0.014593708262878861 0.13246698508223853
0.05474177133990288 0.012185700849271635 0.14888580286157269
0.057210282898089986 0.01433931007217703 0.14506576634568463
0.05736808152279187 0.014886924870639976 0.13926555205829605
0.06670547766438197 0.03913771023866981 0.14271741973790797
0.06679560258352726 0.03856920023903771 0.1443695955269139
0.06555450114225322 0.03415723255584072 0.14378377968223904
0.06449609645130423 0.02960621963391764 0.14439278015401466
0.06858465213330488 0.04267717739034391 0.14535825326714402
0.06337501274106887 0.0262972372720794 0.14583957285032823
0.06903829570329456 0.04218579625813837 0.14707198882239547
0.07191480739522518 0.04601926759147607 0.14948437922378766
0.07276460937845573 0.04600684898071215 0.1519753685361598
0.05705885953084001 0.017454368596132308 0.14170561488465713
0.057603419650063846 0.019405639972175263 0.14432845094136865
0.060544071829695734 0.02353996178820745 0.1450337971482598
0.059724480714095085 0.021153152822958248 0.14673686528598792
0.062483862554078624 0.024361007397038344 0.14702584593096632
0.06191411043344255 0.022249419015169126 0.14844765560865075
0.06616583174801693 0.03022147275681789 0.1487032640629254
0.06616527371914237 0.0266465268130489 0.14978737692536978
0.06712211721493144 0.03415319484106342 0.14805715955555826
0.06895184204436082 0.038286218039824356 0.14877851249498159
0.07294021708780209 0.04275188393780276 0.15233480254519177
0.07449720454108476 0.04515300008650509 0.158095030154766
0.06626562090942381 0.02436573489389908 0.15036957175087762
0.06661671928890259 0.02229470146509233 0.15097155559251257
0.05870121890699001 0.015360033248679765 0.14767951284279085
0.05975263083627883 0.01862966736761816 0.1487194566117855
0.05905265470526292 0.01345954925734794 0.15066885106533265
0.06040084569346432 0.016651785439361442 0.15230580030676047
0.06154185487632957 0.020279097313325407 0.1503557036302794
0.0671549552775143 0.02019943187733453 0.15186125536960182
0.062076549606593506 0.018478618557928053 0.15287323154966365
0.0676046353234749 0.01827377697791761 0.1530599852854232
0.06777294196064784 0.016678664517815196 0.15454153210387747
0.06434510619013224 0.016482170203699062 0.15511282224838208
0.061758571329858056 0.014856018253495999 0.15529023479690712
0.06787300199080847 0.014506249023273344 0.15729254765408
0.06558399491335988 0.01549018762623785 0.1563309945245896
0.06357936183570377 0.014208682997169509 0.15843936584031948
0.06595812209188662 0.013366966111451124 0.1616708087415539
0.060218133862036095 0.013456239669621235 0.1547032655382843
0.06181820643412203 0.012501731629166514 0.1588713912896675
0.06340588908638244 0.012051416203700097 0.1624946166603775
0.06662810051241658 0.012981762449861468 0.16273418057589387
0.06392409804795368 0.011388207403259945 0.16441297678862435
0.06671098018508143 0.013098180824611954 0.16377907516148646
0.063958285251867 0.011498046585733534 0.1653718697479831
0.06671202842035556 0.013428488264253994 0.1646900427643078
0.06400768121627332 0.011905905834361402 0.16624288901695974
0.06665880909582633 0.013916814090187564 0.16553285847930757
0.06401561512185297 0.012489778948819065 0.16713095576870637
0.06651534346576365 0.014552062214551038 0.16635526717133026
0.06393330589474279 0.013205556496237367 0.16818251956918662
0.06651384252507932 0.015870033993837983 0.16811677045101858
0.06380948988176233 0.014859204691987055 0.1706622752696952
0.06682010888940783 0.018149563163588806 0.17039044356192035
0.06422174829562849 0.017917149328402198 0.1736263320039079
0.06666949809278026 0.0213440521293842 0.17260244803292693
0.06404756507456513 0.02165381325873221 0.1759410204034777
0.06062958084850697 0.01193988320404516 0.1704910260048564
0.059909909929231786 0.010268709133521813 0.16896345652501304
0.05982133738820715 0.009284061705114194 0.16757154026028875
0.059897722810506045 0.009005718749987983 0.166168527505486
0.06169957231420302 0.014378826944732281 0.17296156081947656
0.05677653235785792 0.008305716667977286 0.1683840287196861
0.05634336133263972 0.00795381414218258 0.16650950713672877
0.05726780796973707 0.009275428454998978 0.17022035509450684
0.05830866251935303 0.01097720969278579 0.17223126872487907
0.05931032282276498 0.013901565719338926 0.17473819722008951
0.05702507815792634 0.012227978136976835 0.17625646058077696
0.05999575972588526 0.00924205025077176 0.16458495826821906
0.05580038014869544 0.008016284759626877 0.16448113006121434
0.05159031744111434 0.006831806211363108 0.16399378000276638
0.05331026516478655 0.008468438827969495 0.1614114306918183
0.0498401307433734 0.006744926608981784 0.16191840690310472
0.058352771091140045 0.010229144301832992 0.16195883373019135
0.05583165969755307 0.010763859211645386 0.15808940610062105
0.06221900464483657 0.01765241969930936 0.17547446320470597
0.059842373931344485 0.01725789045782811 0.17686314664765457
0.06233430613641617 0.021641714389450423 0.17715029333446178
0.06258793220017886 0.02631738070830573 0.17732515010333078
0.05740453556961152 0.02116869205165496 0.18123818524346288
0.059006844945911845 0.02564900060190576 0.18102475865801015
0.061349645367038824 0.03191313253967456 0.17979848143747476
0.06171557205359955 0.03154373093045902 0.17888043682680385
0.06257807268613907 0.03129173591206997 0.17792354455892273
0.06338810623007674 0.031417614057091335 0.17682656679634623
0.06397423786642188 0.035721534048924086 0.17599334993788057
0.06314534122843225 0.03599232954842409 0.17726391603354907
0.06289424592755206 0.03637027662599314 0.1782652558806121
0.06497666405215054 0.03918200786136812 0.17478570055315645
0.06455991901392 0.03976195837962122 0.17644531235119923
0.06290934057395758 0.037305725942054724 0.17911808337147528
0.06450742536514809 0.040359111315701864 0.17722223026428843
0.06453976774210204 0.041522261043993966 0.1780026334511707
0.0677916117814556 0.04093259982706233 0.16908623641160186
0.06683581790654758 0.04210570035714693 0.1717772017907397
0.06727241466515667 0.04626805375623324 0.1779940338748728
0.06660792010789941 0.04493954588332211 0.17658097295753758
0.06658994055535239 0.04332444671238645 0.17529926762564127
0.06652110407485114 0.04287962104061445 0.17365136233048017
0.07015794614293198 0.044892940662164905 0.16831294505628555
0.06939290483549057 0.04600424790308131 0.17035266579872121
0.06897557225449642 0.04654316955526926 0.1719012870047496
0.06877365693317458 0.046997278633820846 0.17335387056919338
0.06920193362104038 0.04798391799289611 0.1751369664516575
0.07057544252508507 0.04919533080944251 0.17701146953909588
0.07294821256584065 0.049147154445050016 0.1692689092407081
0.07214966440285996 0.04667858731040841 0.16666818067803882
0.0722333250995217 0.047775959014506104 0.16831892722623287
0.07466384594911331 0.04979853548182236 0.1681228010839203
0.07363003653644053 0.04836986128923388 0.167342107650594
0.07311514638181674 0.04689909898015147 0.16562077906758546
0.07405365005923625 0.04688883720151959 0.16448460938711165
0.07506101978640398 0.048742405285338374 0.16630625064158774
0.07635032045845487 0.050142285618047185 0.16685296775849925
0.07818633617996965 0.05066496016411736 0.16424634960216317
0.07644741889672636 0.049080137133067005 0.1644619765317471
0.07490605605251369 0.04711162682994801 0.16332580224016874
0.07766350762321217 0.050729783993530196 0.16084397984554163
0.0764564122081735 0.04897924666454978 0.1621249671919542
0.07570102574473561 0.04939975303343832 0.15629263566844412
0.07481462121788336 0.04840230167820749 0.1583044144083327
0.07509376085273481 0.04632668615532759 0.16188695291547722
