0.04741505127157834 -1.1450640751227415E-5 0.08788505330876488
0.04942479088498705 -0.003439461231162186 0.08767412905422628
0.05117488715461897 -0.007540676605766736 0.09060058149090724
0.0522057174491632 -0.008769842472684823 0.09161297235616893
0.05404438704737905 -0.010076502586029917 0.09300059373602264
0.056875345095899935 -0.011086663140688473 0.09439257544868254
0.050246513143635006 -0.01564636524989095 0.0994384839137433
0.048969339707501565 -0.014231854728863642 0.09953656264844582
0.04758848608293651 -0.012850445243205133 0.0995253212307953
0.04474265711913656 -0.011172257153951861 0.09930570545482138
0.04313277175259562 -0.009950553646611439 0.09880080413772373
0.041752080401422476 -0.00836117065635106 0.09848200085873064
0.040735731612343666 -0.006550078115867218 0.09848270287414577
0.04362623250224455 -1.6463715857840583E-6 0.08536732221183932
0.04361600227724236 -0.003761210973387374 0.08489811226852678
0.04612254778556586 -0.009540705044097047 0.08688961184142682
0.047240918765740894 -0.010926522625023275 0.08858224489317794
0.04914528744584208 -0.012313210411985612 0.09085032408819835
0.0507389637263863 -0.014162311880212532 0.09269346987743936
0.048992079655552405 -0.01948748758603439 0.09573768326046457
0.047896390490102594 -0.01822133723599819 0.09644713939364494
0.04605227645263646 -0.01625714024632933 0.09648680596303617
0.043817660439651906 -0.015174254347899815 0.09665154939769156
0.04063255385411764 -0.01230333741152696 0.09741750293852156
0.03924404105299829 -0.010841862370604052 0.0976854433324014
0.037771953299716395 -0.008793546108416575 0.09887867492505802
0.0370814050283325 -0.006948808401687912 0.09979711885598537
0.03525720910117781 -0.002585974976702389 0.09861580300460746
0.03478289632544818 -0.0011096850902680597 0.0983268581962085
0.06929072061264646 -0.04718585151914567 0.11179339029818773
0.06254594498731365 -0.040395577315229615 0.10556280535322467
0.05703740630123517 -0.03503255743382402 0.11528849723386748
0.052443180255884264 -0.02350490631418327 0.09921052735845845
0.03398159715217934 -0.007426425342055356 0.10076969075481207
0.035109761676856255 -0.0091670179871677 0.10059885185006624
0.037705397887443357 -0.01276310530211213 0.09791912374568623
0.05390352541674292 -0.02486967840243219 0.09102855238962768
0.0741005511 -0.0184239307 0.0644662637
0.0833605688 -0.0498330076 0.134529553
0.0881633365 -0.0515319506 0.145840133
0.0594782808 -0.0242664428 0.186620047
0.0645405845 -0.0334433485 0.188956875
0.1067699 -0.0128589002 0.0552951285
0.0745415519 -0.0186604745 0.0727823945
0.069548064 -0.0141958782 0.0664034152
0.104002745 -0.0178321839 0.0611064798
0.053812602743483505 -0.01148077482313009 0.11360258315277923
0.050506897765423976 -0.004539760124215974 0.11020261386432005
0.0639535387 -0.0122507381 0.15620666
0.0580191594 -1.2368587E-8 0.177383591
0.0586074088 -0.0053882582 0.176987801
0.0590875412 -0.0125653747 0.17865928
0.0602299124 -0.0170461831 0.181788289
0.0576221678 -0.00388490091 0.180056104
0.0580581357 -0.0119428264 0.180051381
0.0710016782 -0.0470840362 0.178159332
0.082370543 -0.0497892629 0.165739849
0.0790806768 -0.0495420113 0.157027011
0.0749741725 -0.0396006095 0.13682053
0.07741247079190726 -0.0573512074759506 0.13528530778374667
0.08095595215160037 -0.05764388117096027 0.14212847844057144
0.0545541222516448 -0.026928362056084565 0.1826134003118277
0.05915802986254763 -0.03601109630861772 0.1849765872256629
0.0781148084 -0.0480980113 0.165274507
0.0706800095 -0.046877862 0.176708003
0.0595459505 -0.00752354932 0.173554042
0.10618790314874679 -0.047599821098668726 0.06271840369350858
0.07480381481460174 -0.035481212952437266 0.07498658669677431
0.09742706444084702 -0.0157391849718754 0.04052148813970571
0.06293048294840797 -0.031082003158626907 0.0827954370553015
0.0636388379280119 -0.02375523488474704 0.06868798390846233
0.060861486045283825 -0.020757341314714302 0.06432298695157393
0.05954993393425396 -0.016185170144398704 0.061316565014873314
0.09610548336488263 -0.021041161943802282 0.04510988803612498
0.0683341805794149 -0.0503205226606809 0.12884849247199226
0.044610562056926255 -0.016985947419607243 0.11521754177282717
0.04312624461824804 -0.015369098219065923 0.11101461441688819
0.0508495898722149 -0.027108166988447573 0.10013287141711813
0.03962753481640615 -0.004965865149419103 0.11293287319999673
0.03574331413919284 -0.014984320611207807 0.13587877339241478
0.0282992363059029 -0.00865583972795976 0.14238979549548006
0.03966096692082364 -0.017575366481993333 0.13237518563474213
0.04289226881161411 -0.018420448503894016 0.12886576490390383
0.04493095095041126 -0.01901812240522861 0.12672866115550607
0.04788424298835423 -0.01788049997640095 0.12243163675336997
0.03708515204711174 -0.014800852981527243 0.14128418509987345
0.03724232476854218 -0.012132103911248597 0.1446625643686034
0.04411515883127805 -0.017315011629751454 0.1350252669199691
0.05504223617906278 -0.01383700538737211 0.15114744578311698
0.051147082967738074 -5.087702692083412E-9 0.17283268528172555
0.05253281731107696 -0.0068999289915261585 0.1724261530678142
0.0545019846966274 -0.012243956620991597 0.17416808523342503
0.0550557545946404 -0.017711667454028735 0.17642563193719754
0.050745456557846486 -0.004202115962169024 0.176011639305004
0.0525985021904016 -0.011435009390753823 0.17595028766557405
0.06869291943626517 -0.04937997815137299 0.17092996319346632
0.06294849885560906 -0.042850455214638226 0.1747273428803721
0.06658687153246504 -0.04828281724756461 0.17454260109569936
0.07807781193755835 -0.054236186596132066 0.1611872226916123
0.07327369185794669 -0.05194005044984504 0.14902062059075433
0.06760629947596179 -0.04918753923849431 0.1344577182467175
0.07430018009108635 -0.049505268524445374 0.16276991110497377
0.06832804672878628 -0.04775510100942993 0.16916085773122258
0.052210037120348364 -0.00880432495909617 0.16927512573882103
0.05424399378597563 -0.019533359756817623 0.09380742498355002
0.06607309687436129 -0.022096325641826325 0.05753543160263429
0.05110420271323385 -0.00210095011097275 0.08695379575629987
0.05234930859675742 -0.004817228247026412 0.08743759252724334
0.05333248591424964 -0.008007824950583062 0.08986567634417282
0.055976014800300594 -0.010522104768447208 0.09221932521318273
0.04742910610973961 -0.013530530022925074 0.10005847139430417
0.04423818081604015 -0.010339207156358911 0.09996953735253276
0.042249232765481266 -0.008631673483879748 0.09957668104192088
0.040520121998710426 -0.003895710324010944 0.09956213448348782
0.04656523623196968 -0.001848526825496412 0.08366073300782062
0.047083621975953976 -0.005252299951745197 0.08358615767345175
0.04859561312724962 -0.009779930367378684 0.08577730766643317
0.05026262239066712 -0.013385086267305635 0.08925310679690235
0.04393950693583089 -0.016106668498157457 0.09750463800856436
0.039697743135352626 -0.011725705740418617 0.09894679842568574
0.03812225797200717 -0.009379929113237517 0.10027963353481793
0.03644382920204768 -0.005100526665537693 0.10132867573727974
0.03573688193580825 -0.002893427612100376 0.09993093305690359
0.03498588914229125 4.08094486762836E-5 0.09967609058930685
0.06743471120425204 -0.0434954728817342 0.10435793714398513
0.057467018207636306 -0.034679895768758975 0.10837082757100616
0.03569984923182131 -0.009762136016331522 0.10186372524460384
0.03661567275979956 -0.011948423009253238 0.10050100169596282
0.04096521703033157 -0.015243981120341754 0.09762446226460723
0.0717862952 -0.0161762987 0.0650768494
0.0595202965 -0.0245136202 0.19028767
0.07452846602579027 -0.02184705710190189 0.08494506738668078
0.0696906062 -0.0142639172 0.0706563829
0.066759079 -0.0108081132 0.0650343949
0.05255020861519125 -0.00937524782178258 0.11271528426626272
0.0646187805 -0.0112697441 0.160742806
0.0569508905 -0.00966170294 0.182186846
0.0575001169 -0.0145189197 0.182842843
0.0658821733 -0.0374124275 0.183536897
0.076419861 -0.0469668342 0.139553184
0.05410855508595355 -0.026215571093777017 0.18774261832563174
0.060334758 -0.0315837557 0.194444804
0.078212998 -0.0477528048 0.165022286
0.070606341 -0.0466063688 0.175701344
0.0601971757 -0.0104950811 0.175691855
0.08030951450738198 -0.03813100930894334 0.07360726714840399
0.10102749971100314 -0.04654316833379389 0.06471882748758293
0.062276860811608666 -0.02323870151597625 0.0747492647713771
0.05973739341188455 -0.019639955013275652 0.06763179960569136
0.057578968114306225 -0.016522354622195708 0.0638546238876887
0.056352270930835 -0.013465014668520821 0.06069290854536315
0.09641066611743226 -0.027217556138637664 0.0506397479061793
0.05971180956614536 -0.0390120101873879 0.12584563798189868
0.07223791523323922 -0.0536861789961664 0.1381726792401407
0.04127419418716924 -0.011247518813745213 0.11194260135901843
0.04910835093283296 -0.02152723749331536 0.1176754909881634
0.054578421016780905 -0.03145233779613567 0.11054864645888776
0.04332482230041809 -0.013978926421963774 0.1203843510815149
0.025521874269382593 -0.007609018555647927 0.13641962816471115
0.02653854035454784 -0.008174534680050157 0.13945090123888298
0.03366921089086217 -0.012800436467522783 0.1432954213310278
0.05156457611205643 -0.017182753997507006 0.1392906953308335
0.05517837756969253 -0.013156839263949387 0.15400089025501126
0.051236558048397544 -0.009044059483045631 0.17837667067738958
0.05199782492111272 -0.014256149341251603 0.17905533021900524
0.061555813790964274 -0.04105258910028598 0.17712889113326205
0.06813758868540777 -0.04996090625363053 0.17736523663303028
0.08013268410341144 -0.05617507673916409 0.16028750648987236
0.05493570283891072 -0.03028354894697176 0.09515209911013804
0.07205069475268598 -0.04675448182342588 0.16087584403681862
0.06843129933984778 -0.04634087016768665 0.16790720714686702
0.056538696530164266 -0.011502455859919518 0.16957208657306053
0.05509229650520331 -0.019844010942701527 0.09296064943853559
0.0628098845651058 -0.018376744918987862 0.06016211756427675
0.04848695311641954 -0.0021045649526587233 0.08845562498356768
0.04993468629167956 -0.004669067348883846 0.08846215968473777
0.03989908539066687 -0.0038621163676063573 0.0980495199398843
0.04371899373297331 -0.0019208653823627173 0.08537593544644036
0.04411611416680356 -0.005453444744600082 0.0847865759383579
0.03603721532566764 -0.0046853342504636 0.09984717429520136
0.03476463957796338 4.6876971167165936E-5 0.09850260774821358
0.06380883986617747 -0.04451280212197451 0.12697429828188156
0.07349797014126717 -0.05427562786807545 0.12659844240146853
0.04833535060387011 -0.02603494361584259 0.10176549349630695
0.033577311711415335 -0.0060041208414458895 0.10253888116026033
0.057309658040254466 -0.022309658054981037 0.090355949245799
0.06633896896397555 -0.01874300345097492 0.0984666228126352
0.0703931539 -0.0146187569 0.0628757668
0.0575369432 -0.0194337104 0.186387783
0.0670891925 -0.0109951905 0.0622113341
0.0928560686 -0.0167800894 0.0620468007
0.0624985659 -0.0157272406 0.134938803
0.0579071098 -0.00303360293 0.177179116
0.0590427217 -0.00889711603 0.176313487
0.0569080259 -0.00444335525 0.182517194
0.0681738502 -0.0430073683 0.180537085
0.0653246639 -0.0358345825 0.182618237
0.081330212 -0.0475154248 0.169132993
0.081340983 -0.0512202873 0.160548291
0.05230588004079171 -0.021269557953079814 0.18326208403640243
0.0837584206 -0.0434684985 0.130468167
0.0789383134 -0.0480271355 0.163366623
0.075149243 -0.0482306925 0.172729275
0.11094740103237699 -0.04748053247994454 0.060823546207996154
0.08965715140649642 -0.0542204941920573 0.09505340583256981
0.09228363053577722 -0.01503933199758947 0.040878871643489904
0.059323288784473766 -0.012536788142105234 0.05715613837367506
0.0857600183840943 -0.019851428853384104 0.04597152849758213
0.05206717073066723 -0.027527679114092526 0.1189704829699642
0.039812877773025154 -0.003400706425761266 0.11795892145347436
0.026206257198506607 -0.007387278445211262 0.1340840800646617
0.030951251938787585 -0.00921725811356558 0.1447714290949306
0.05339816116152925 -0.022512756010586544 0.1324581181291185
0.04429998653469097 -0.013953031512264966 0.14313870653476085
0.051429658265158516 -0.012803834591887659 0.14961694477936527
0.05135269957672226 -0.004237594997445525 0.17271833812043202
0.053827498239869195 -0.00928443481372068 0.1718720659700294
0.05049925496133544 -0.00415985716709327 0.1786276701036298
0.06562578678650044 -0.04623816146601605 0.1727439752306173
0.06047237906148614 -0.03894231764603469 0.17596930410438613
0.07655644800280983 -0.0533611509599788 0.165220706524364
0.07661028856208238 -0.054096283455735195 0.1551764361100243
0.07381403541236357 -0.049579564651957474 0.1600419137008024
0.07165734635042986 -0.04961640727514742 0.16710979898509032
0.062478480755451565 -0.015533561299237535 0.057470930828096616
0.03726408797772555 1.1331826368452684E-5 0.08265256383474306
0.038379018957779995 -0.004327511240713569 0.08240428817115909
0.04276924086980255 -0.01152737388144093 0.08457286083305635
0.043910513876638586 -0.013482427627977757 0.08714124528105237
0.04614027914071204 -0.01513275086739833 0.09016137662938285
0.048408216928024696 -0.016253944767498283 0.09257994355812295
0.0480607963312841 -0.019211194628780473 0.09469365215728287
0.04709670641169696 -0.01753101474310593 0.09458110235405368
0.043766943156449675 -0.01719054308738452 0.0948714224075446
0.04021763738906448 -0.014351653805106576 0.0963244710655835
0.036173731543615875 -0.01108872681334739 0.09935327310126445
0.031816509032536834 -0.002749066166003242 0.09998363598699075
0.03125915167579522 -0.0012767873338296546 0.09970789699416287
0.06202364958976399 -0.04151780417726451 0.10559277470270058
0.05661044760734884 -0.03517381844963731 0.11517060973975664
0.049241306911345144 -0.02468946746282091 0.09559555742489342
0.052197347930524565 -0.02659700049755481 0.08902421999572117
0.07590583871237738 -0.059207381170651344 0.13416241448261232
0.0795346557049352 -0.06073716477751317 0.14153053477854657
0.053381548452335156 -0.027754783975813112 0.1827577136802537
0.05804379762269086 -0.03720414113196865 0.18534391041499393
0.10577604570249885 -0.04980949607989816 0.061693198994439716
0.0730254376318087 -0.03655350708884027 0.07328177947706617
0.09521158850427602 -0.016416452779968164 0.03720226366858811
0.06232204238219593 -0.031485992158234256 0.08169098023572856
0.06249465593579939 -0.024592310129316237 0.06829342692578166
0.06112602889477896 -0.022076600407189933 0.0637713677033383
0.05762942670613536 -0.017570617290203625 0.06021133151598814
0.0942554523473784 -0.02384806752803234 0.04021929553272786
0.06782687164064108 -0.051333940053187796 0.12859478341298614
0.04371945777660992 -0.016714647333546547 0.11461599404180434
0.04172530758715424 -0.015192096498311866 0.11032555925970074
0.04951017386454768 -0.026917874162058427 0.09898237207037472
0.03690929255796535 -0.005009057477223301 0.11444864275281716
0.03359291422988803 -0.016363851401575362 0.13512544203654436
0.02626067307992427 -0.009551241221805153 0.14264034559138533
0.038327383140859574 -0.018625826610259855 0.13224436826930938
0.042212731185414056 -0.019728557000540974 0.1285814289436703
0.044637593165757036 -0.01985299224621873 0.1260979971000256
0.04739140853146468 -0.01837216197196685 0.12166179155476614
0.035756831941543034 -0.01608209173879331 0.14137347191985553
0.03633364657004823 -0.01287997259701978 0.14491119055207735
0.04355536697557855 -0.01871774105820147 0.13572094299397425
0.05271628489814347 -0.0151077183203707 0.14994870093560494
0.04919539669784755 -8.21379580331606E-10 0.17292406358095289
0.05091708395900697 -0.007238085539828594 0.17268416342897353
0.05347597083037922 -0.01266999812304717 0.17451002186197853
0.05405041160606479 -0.018236156245765817 0.17668047236901327
0.04933882933002806 -0.004496173971478711 0.1761631468784346
0.05146432709262934 -0.011870526349150921 0.1762052835588581
0.06786052828502559 -0.05071796712330497 0.17080778622675863
0.06162512059199832 -0.04541722648365539 0.17459884242532836
0.06533063403952007 -0.04855838305056721 0.1746279161761328
0.07725423302784411 -0.05503373829556907 0.16107272513814344
0.07238814810646423 -0.05256724507384609 0.14905527716041106
0.0669412431498917 -0.05033713820357275 0.13359745061145378
0.07344080951228033 -0.050478609841053956 0.16266661538639487
0.06757726529342697 -0.04898604058559528 0.1690530575618605
0.05083027219107647 -0.009204489126668334 0.16939314214287615
0.051250925027537246 -0.020635203325365163 0.09309759080508152
0.06467410437198791 -0.022999769551404287 0.05647972559406175
0.04197989518764131 -0.0021281933210885806 0.08084809763779079
0.043142010544043444 -0.006025047398719887 0.08043432913763215
0.04507368940385182 -0.011626123841745375 0.08298779310197148
0.04734773666133132 -0.01592742260152745 0.08861755520124394
0.03217017345875247 -0.003036548325605307 0.10138226820569199
0.031474404088365444 6.405286489073652E-5 0.10133032042549478
0.06698780957661463 -0.04443855282888877 0.10393148225252373
0.056590098408773645 -0.03501713133306586 0.10847399217078203
0.052910701548901075 -0.027036023434625498 0.1880017163077358
0.0592383492 -0.0325187781 0.195027259
0.07789103318542319 -0.039511841726029756 0.07163548716388136
0.10000042018142873 -0.04917875935177636 0.06296976888711511
0.06046612814667877 -0.02386146356184281 0.0739075503447867
0.05922734770172394 -0.020573935061041233 0.06751041536703899
0.05638073537701663 -0.01753827236499876 0.06324765132154597
0.05393503407062528 -0.014252444293005897 0.059274216531181395
0.09428737299250622 -0.029691441855962602 0.04604840198994318
0.059020894046917204 -0.03944906529397565 0.12518526708951944
0.07180423783268118 -0.05510533893135081 0.1376694745052322
0.039888675201326565 -0.011648958099948445 0.11174543446603073
0.047774109922880593 -0.02147431486889077 0.1167089613872327
0.053373587255864635 -0.03173587883230085 0.11009626627451166
0.043001949284230616 -0.014267643427717766 0.11951667377568989
0.022669156593882443 -0.00850173239124188 0.13656100171388866
0.02390969145196551 -0.008989387197962858 0.13962275024624593
0.032460848331833346 -0.013389234562378432 0.14360855680901133
0.05012718639171408 -0.018617210380114334 0.1393381561193602
0.053379603799936996 -0.013427361273013754 0.15341742572239211
0.04990826937203038 -0.009439528383147062 0.17854843546281907
0.050802452606957184 -0.014756277651211612 0.17925914725800135
0.06026515094880099 -0.041221828817027274 0.1771598122598101
0.06667033397872307 -0.049961350135747165 0.17695736183394634
0.0790770183970504 -0.057105731995074974 0.15996451480863977
0.054449647611332544 -0.030607854071269407 0.09376242999234297
0.07172639058535203 -0.04781014915579277 0.16108149576969408
0.06755103421949553 -0.04761601305846962 0.1677764419682394
0.05546552611103165 -0.01190456841689322 0.1698420317266999
0.05290734145538526 -0.020263113803630505 0.09204780013253064
0.061287432766102906 -0.020270043399343497 0.0584913688869866
0.03765082772511245 -0.0022536878153440578 0.08247125483506944
0.039820276173949294 -0.006264726927165576 0.08198342394862122
0.032799270693673256 -0.005193597677916931 0.10040404721922135
0.0311431418842788 7.559853885059558E-5 0.09961012209784696
0.06346764175181477 -0.04543691258215953 0.1262965219804489
0.07312411705435247 -0.05570301525415391 0.12652266726817427
0.04752520724432269 -0.026298628895816144 0.10132225520035645
0.054885014600002974 -0.02336145643549031 0.08850642699141674
0.051073598976498207 -0.02192584798428224 0.18346639296904962
0.11065811518628485 -0.049717094658912976 0.05956872357055738
0.08895195129791326 -0.05609404265924569 0.09430269125389212
0.09112408623415638 -0.01661407110429018 0.03711260013663301
0.05675019203547214 -0.013757427388680802 0.05479862853870509
0.08383008610956531 -0.022806779409794586 0.040809405134658694
0.05132962385356472 -0.027510530408326368 0.1179483200710125
0.036875094726138764 -0.00318312069610341 0.11856649256234929
0.022983541422819925 -0.008433994128619305 0.13340764521375997
0.029463255639966938 -0.010134617606775679 0.14524485934368142
0.05321895579472076 -0.022832649002863598 0.132638867218543
0.04356961982756883 -0.014846724043693759 0.1431883949897985
0.04894985801443428 -0.0145582854761012 0.14865573588131628
0.04962845356473393 -0.004542238136378482 0.1728684422050336
0.052611003828012065 -0.00972864046821067 0.17216705198303267
0.048988354309823644 -0.00444186291260913 0.17888210451847666
0.06456053537487288 -0.04708548647165274 0.17289609062645797
0.059326229259137435 -0.03998725492962041 0.17580920905286498
0.0758005841594552 -0.05437146163520012 0.16494029391189943
0.07586352202340468 -0.054530525659302546 0.15510106825798298
0.07304115344590126 -0.05034855432957631 0.1598368466984666
0.0708312823957398 -0.050821489241734755 0.16714468265092441
0.06034132871848501 -0.017626835731983412 0.05522118518097451
0.03940314947007287 -0.0038443114475386468 0.0970157764100224
0.040165439998182284 -0.0063287485317547005 0.0969025575370908
0.04129604699823622 -0.007788962941473091 0.0973259203105762
0.042555398827049416 -0.0095012875589132 0.09793725636700855
0.04419515965995041 -0.010631355113801255 0.09861145608173258
0.04772481425585386 -0.012279166580498074 0.09911329410960835
0.0493287646179695 -0.013587481642754033 0.09928737290090119
0.0507676175662638 -0.015224369735316611 0.09918997013212771
0.05466241294364971 -0.010976593626501706 0.09538139791350002
0.053044736825391466 -0.00955307007321858 0.09441300293062323
0.051356179135802205 -0.007903785204888436 0.09328850965269553
0.049789932753525654 -0.007054575797726777 0.09199916716695648
0.048691385933498914 -0.006388211609570427 0.09103927890497181
0.048046389137167564 -0.005768485830964131 0.09017860539928856
0.04741356732439765 -0.004599594269585521 0.08966139524322936
0.047040540671015804 -0.003241125691151318 0.08936749579949368
0.04598569541391647 -0.0020748724336211474 0.08955761322406211
0.04498185709241063 -1.5771804471204033E-5 0.08947354102118502
0.03887707653282087 -0.003712594586566195 0.09550034214270897
0.03969907144203755 -0.0059719652014109765 0.09536633255989771
0.0409341522441799 -0.007231729938601716 0.09601791434680637
0.04235313389655558 -0.008759009601254747 0.09677648817944798
0.04374622129624419 -0.010051901527914851 0.09767355782555005
0.047784523143850254 -0.011472926310826187 0.09854022438642782
0.04972291194723449 -0.012826738290460278 0.09882313162584658
0.05096167499007665 -0.014676123847801086 0.09873388952734337
0.05193877597495628 -0.016351897639466283 0.09814966176867401
0.05253776228206355 -0.012132091874858246 0.09779842253544695
0.051627407204354867 -0.01003413279637495 0.09759790276608823
0.049342159754761715 -0.008297194646998874 0.09637764869980371
0.04655631873718222 -0.007421290325179801 0.09441097490855602
0.045420070500663934 -0.006541009328943525 0.09369754374159622
0.04466424761147037 -0.005618012729187007 0.09307013091306165
0.044357143583406186 -0.004377408211087984 0.09244599527469678
0.04461215398446917 -0.002988877764115944 0.09209799147728169
0.04382050317938132 -0.0020318524911330416 0.09209353879421908
0.04192377239911076 -1.8464207180911927E-5 0.09135055626999981
0.037607627357286205 -0.0032893355529614887 0.09446657958819372
0.039027982296361965 -0.005132962733356675 0.09414786550567678
0.040620759011079026 -0.006511661736677557 0.09479876961132067
0.04200665764499665 -0.007952629202305635 0.09544023276320959
0.04330967411584063 -0.00951005429622523 0.09620728875409253
0.04645895276766691 -0.010658807164189073 0.09784667993802336
0.04953472290172598 -0.012514138167922458 0.09796624578834125
0.05049682749516022 -0.014215985820001859 0.09771734876235602
0.05135520996752437 -0.01619987305777134 0.09720442881817033
0.05100861594991226 -0.012657549020949255 0.09853936063568965
0.04924591430537471 -0.01129387525776899 0.09875439076311862
0.04600975037526508 -0.010463794178083043 0.09761854016345001
0.043148336164057305 -0.009646019207700545 0.09607669152025547
0.04224254873291031 -0.008229103233986311 0.09559853365320442
0.04154484251952719 -0.006787717592314446 0.09525073011535047
0.040432870256808376 -0.0051170890312166924 0.0941947319756499
0.040238074200804545 -0.0034565872794765575 0.09361355776362627
0.040596601836311134 -0.0017779787098562054 0.09352311891633537
0.04036176956434819 -2.0022758209540114E-5 0.09319467098911186
0.050288992797938824 -0.005735080896741042 0.08933639157421347
0.05042255593413971 -0.006607682072500046 0.08973007362573719
0.03464586195526754 5.052058042724055E-5 0.09736676980760081
0.03491960700764693 -0.0011118455893344343 0.09734091395369517
0.03514682855234869 -0.0023583279539791725 0.0973699570232354
0.03576335830554673 -0.004225040452887512 0.09817204735110255
0.03664353253418718 -0.0065359094507040335 0.09825621792168102
0.037545197503770666 -0.008273365941937392 0.09759387165688065
0.03912475207543164 -0.010087005984741656 0.09652198443272152
0.04039205088172123 -0.01151429058523801 0.09637870576036045
0.04344648633799645 -0.014120690729247808 0.09611881430052424
0.046531553002793824 -0.015960808424350284 0.09593129111126023
0.04854037971176754 -0.018047272371440087 0.09600923589357496
0.051632012160971665 -0.015741667604835006 0.09486756464904846
0.05026253837436394 -0.014170666289562029 0.09377460017764108
0.0483410312022231 -0.011811490113885556 0.0923167961297677
0.046206480601629706 -0.0106170605460751 0.09037767965894841
0.04458502649615716 -0.00951609015165206 0.08853716741348541
0.04340901423001053 -0.008334285213424759 0.08725406135114622
0.042502412125061714 -0.007060657395415853 0.08651887107853726
0.041630196068682394 -0.005536293851415893 0.08638677919376085
0.041068120842943104 -0.0037766588046286055 0.08673396403289714
0.041264519341720166 -0.0019113088546605973 0.08746267152583101
0.04113261882253767 -5.9970930794241565E-6 0.08759387475029644
0.03474719716555964 5.286714495535124E-5 0.09645303547462977
0.0350547831771776 -0.0011255965578758033 0.09644291026481212
0.03556387470031456 -0.002349997724874053 0.09658264503594546
0.035871463393877076 -0.0038401339930478977 0.09646565596146817
0.036542779537175496 -0.005915001918054577 0.09644060742837182
0.0375105850843771 -0.007392954604363156 0.09572608463648559
0.0390144500413973 -0.009246651644051694 0.09524479479633106
0.040506724154604205 -0.010719288170332198 0.09533650188214432
0.04264759125764476 -0.012741647493161683 0.09564144492745622
0.046540929729990334 -0.014721173628634985 0.09574681397007828
0.048791740772193413 -0.01711512897801138 0.09595710868421092
0.051616666554735645 -0.015610846825108193 0.09623500784892769
0.05058257603716949 -0.014553546599174764 0.09574827118966037
0.04820945874785479 -0.011529963684255967 0.09531397398522448
0.04514493735861178 -0.010629604847336042 0.09352678471336351
0.04318285177070618 -0.009552161439030253 0.09176314029886616
0.041613226933638996 -0.008440333727940069 0.09049794504146193
0.040616224427714225 -0.00711380710570933 0.08984109129293519
0.03989074706369239 -0.005524447065255927 0.0895720216129539
0.03964280964655881 -0.003748572761197524 0.08991333326665467
0.03879990802018161 -0.0019886129834966247 0.08958852758227946
0.03898297178287481 -8.109307477048147E-6 0.08993449086682954
0.03504002925371744 5.468374276626116E-5 0.09510232235040039
0.03534599825889468 -0.0011733264599201047 0.09519001541722291
0.03554712973662068 -0.00230244758935411 0.09523603881828374
0.03577750545460345 -0.0035833224997053334 0.09520276844777004
0.03629839360998183 -0.005377843075188449 0.09489696909121699
0.03721989423043788 -0.006619426252070794 0.09450746503437253
0.03917825658265625 -0.008347950759100178 0.09423973733506359
0.04097796720880147 -0.0099432812325507 0.0946262020189223
0.04256292513436933 -0.011603094153312921 0.0949045436070254
0.046437190919984515 -0.013668779536053654 0.09571140845446266
0.04865478154249405 -0.015475854521774027 0.09586604690487728
0.050306629476996594 -0.017541316235659042 0.09583593803799884
0.05012196387257988 -0.013752638825216896 0.09772955991839496
0.04762496576350816 -0.01219125795312271 0.09732687968876676
0.04457225526179137 -0.011162785370033734 0.09641374077306557
0.042048764287997 -0.0106224138857647 0.09501747947675386
0.03997358417617879 -0.009132088223386941 0.09371652789251872
0.03914349763133967 -0.007765146330958213 0.09310454147752634
0.037959931281288294 -0.005894915585160917 0.0923529993790988
0.0369092930390887 -0.004118140002725775 0.09170807564998967
0.03690799978090219 -0.002182758079876702 0.09165845352783374
0.03720841540095691 -1.186770483765146E-5 0.09202484099077356
0.04470177081072407 -0.006946414758145441 0.08503990606051694
0.04529803584087407 -0.00829598099304644 0.08570184319422745
0.05906389236667478 -0.027406996546790595 0.08647817739933304
0.05999755292031995 -0.020686981430220033 0.08055846087196669
0.05879956571233951 -0.01640556761069838 0.07733060855643531
0.0575976423306624 -0.013618507422215058 0.07581323363441592
0.05539105521381804 -0.010758368015154474 0.0744752140152534
0.054501397437465404 -0.006954009173629745 0.07374291895118361
0.053942561193794536 -0.0020861488247123647 0.07321577765262567
0.04321672831534786 -0.018348422463267122 0.10316980691689716
0.04051906045001346 -0.013636331703837821 0.10705218278523154
0.0397383369638813 -0.010983164062487293 0.10808954466001064
0.03871481650424468 -0.005396118692501661 0.10931088752243273
0.03855405298036243 -0.003029511748754446 0.10920283792619243
0.038473716640348155 5.625663454647264E-6 0.10910246655036379
0.05271062017044164 -0.006919740146804379 0.08893890797603178
0.05260429075423963 -0.006036710304895498 0.08793443958321204
0.07193480853114267 -0.022360200307848195 0.09882303770134607
0.07024441830147665 -0.01982913750033784 0.08902767399003832
0.06720069733256366 -0.01662336442915943 0.08556312746226143
0.06553226702347824 -0.01441747388517305 0.08347857416677458
0.063137889250725 -0.01094390379822838 0.08151419458515315
0.062496610744841384 -0.00747993670020215 0.07978792998309114
0.06159465612474598 -0.002488866718514663 0.07898669245814018
0.06407624665906175 -0.0158014937756127 0.09048859723281358
0.0639148168960269 -0.01381450307320901 0.08707009379609813
0.062447269015022455 -0.01225834105721709 0.08630546000315008
0.06102328181600326 -0.009994919997467558 0.08537581836126525
0.060145072582132135 -0.006884676691138248 0.08438134975714488
0.05919619607598477 -0.002446769336705735 0.0831671108097267
0.052770083242704525 -0.011949258237310731 0.10541758649730112
0.0510960114942349 -0.009185098647108965 0.10442738148079901
0.04976402293568146 -0.007363483025599091 0.10311371051336937
0.04670692719257606 -0.004349437081411273 0.10112927507724988
0.04571938373458115 -0.0028750097414794516 0.10039757734002763
0.05421898894312727 -0.013435321325498628 0.1094753846788114
0.05203244514008051 -0.009863835595817263 0.10917952493260243
0.05076663279459502 -0.007860169318408081 0.10754324282708486
0.04924406418517387 -0.004366226688563973 0.10547948218214818
0.049002136194889294 -0.0029775251610675685 0.10543266121530755
0.04853845802113495 -2.553795718538348E-5 0.10520623444016473
0.0767987916 -0.0201238595 0.0704028453
0.0787600812 -0.021934682 0.0688762912
0.0993142277 -0.0453085022 0.12684709
0.102393792 -0.0445727608 0.125447065
0.122502504 -0.0492650472 0.114441965
0.127398783 -0.0486718243 0.111521436
0.133107188 -0.0492557595 0.107260342
0.10278255 -0.0486639215 0.134420206
0.104953091 -0.0492172687 0.133972922
0.10879151 -0.0504317639 0.130625182
0.119583614 -0.0534422084 0.128849443
0.125130566 -0.0532873453 0.126894567
0.130790801 -0.0525796937 0.12455181
0.135992211 -0.0537419711 0.120087811
0.103298033 -0.0467816863 0.148167699
0.121240681 -0.0533687275 0.141511516
0.128262942 -0.054015225 0.138338612
0.13226973 -0.054914528 0.135711404
0.140424732 -0.0552889269 0.13309316
0.0587908085 -0.0191568082 0.184480146
0.0606669286 -0.0244551365 0.18499872
0.0639487586 -0.031097326 0.183776916
0.0562597579 -0.00454951237 0.184942585
0.0558503097 -0.0113868734 0.185178511
0.0565040879 -0.0157671066 0.185552459
0.0633287541 -0.0307003123 0.185330792
0.0663743731 -0.0367669086 0.184909549
0.0569518432 -0.00393568422 0.19033437
0.0565676813 -0.012827296 0.190160433
0.0572514592 -0.0179056373 0.190332611
0.0669264105 -0.0367214177 0.189032937
0.0965009732 -0.0491753551 0.184030984
0.106622037 -0.0537448824 0.183841016
0.114865952 -0.0585064801 0.183088758
0.12956348 -0.0632461929 0.181781921
0.135179757 -0.0642849202 0.181274831
0.141560245 -0.0650765925 0.180746538
0.148093106 -0.0653013357 0.180121323
0.0580294746 -0.00386234008 0.198218992
0.058810291 -0.0124003345 0.197923663
0.0600692822 -0.0192488292 0.197663504
0.0977054109 -0.0510717655 0.197772664
0.107617996 -0.0559406642 0.198005278
0.116719632 -0.0601675336 0.197681055
0.131878561 -0.0662544914 0.198433505
0.138276526 -0.0674435517 0.199241694
0.144676166 -0.0679486501 0.199839471
0.150732159 -0.0683031325 0.200503504
0.102882084 -0.00307546784 0.054058483
0.10523389 -0.00899015405 0.0536212639
0.06265093218745871 -0.002588980900765984 0.0695526530312553
0.06492404298912235 -0.007631631934063562 0.0705143392245568
0.06631403616485858 -0.010695190819557955 0.07199820368409249
0.0688185060684248 -0.014188492642409112 0.07350246379153456
0.06252889773463598 -0.002488625704013937 0.07430214442842231
0.06436381021575219 -0.007709135919679095 0.07554352073501447
0.06506544372518062 -0.01037265875162102 0.07644757622417944
0.06725867227174494 -0.014676153647516262 0.07859393163656614
0.07053992856045052 -0.017980161068821124 0.08092684020536578
0.0626914722 -0.00261926404 0.0670784575
0.0650200532 -0.00777570318 0.067851418
0.0666324782 -0.0109160186 0.0688509549
0.0626246349 -0.00250084993 0.0641988562
0.0650215508 -0.00769225029 0.0645758727
0.0628024872 -0.00258426014 0.0611650774
0.0650819538 -0.00789186294 0.0617395835
0.0714383547 -0.0149202277 0.0594835112
0.0675159476 -0.0111408856 0.0590118877
0.0842411077 -0.0267978008 0.0626373806
0.0813776771 -0.0211135027 0.05934459
0.0764293676 -0.0160934013 0.0575445542
0.0726867187 -0.011733016 0.0559524455
0.0706207011 -0.00808228829 0.0548735871
0.0679715349 -0.0030897317 0.0546205479
0.103193969 -0.0285543848 0.0668207466
0.090151191 -0.0130225009 0.0593883765
0.0887298214 -0.00912758529 0.0580406685
0.0869259914 -0.00236079186 0.0564570735
0.107539627 -0.0284735996 0.0662790735
0.060188598798713855 -0.019733424656370666 0.1148186227485441
0.04984349867961114 -6.272116545957733E-4 0.10907181007627911
0.05020765646089533 -0.003222744031948834 0.10971710456612817
0.0478907245 -6.928062E-9 0.162736114
0.0478505751 -0.0028355114 0.162718435
0.0485863823 -0.00475584621 0.16195378
0.0504315436 -6.219593E-9 0.164562792
0.0500936693 -0.00274231937 0.164731753
0.0508457761 -0.00467962517 0.164049663
0.0540241205 -0.00609999595 0.162599509
0.0528700612 -2.994489E-9 0.166440073
0.0524848173 -0.00260717259 0.166613435
0.053603272 -0.00445387052 0.166019586
0.0562176482 -0.00575279888 0.164512403
0.0552999373 -1.434215E-9 0.168473478
0.0548404363 -0.00250890988 0.168546843
0.0559417353 -0.00433732745 0.167717697
0.0573186618 -0.00582983742 0.166238346
0.057597875 -1.025996E-9 0.170521221
0.056881735 -0.00258767843 0.170464696
0.0576307601 -0.00441259173 0.169166964
0.0581165814 -0.00525540254 0.168526452
0.0587171839 -1.1051E-9 0.172722264
0.0578564809 -0.00261329937 0.172367761
0.0585386404 -0.00437750196 0.171178194
0.0589703589 -0.00596612659 0.170476961
0.058755735 -3.46959E-9 0.174614241
0.0582127657 -0.00265939812 0.174385374
0.0590730346 -0.00460863928 0.173902382
0.0611260325 -0.0202423475 0.182363622
0.0628387917 -0.0245763249 0.182844387
0.0648246278 -0.0306527313 0.182524981
0.065202022 -0.0350206823 0.181926308
0.066799286 -0.0387014571 0.181312258
0.061966411 -0.024505427 0.183861614
0.0644351162 -0.0310454726 0.18302984
0.077163423 -0.0483162574 0.174168166
0.0675562799 -0.0208371206 0.133803532
0.0709662967 -0.0242666056 0.133454376
0.073123472 -0.0272189792 0.134905697
0.0743992656 -0.0327657375 0.136023563
0.08462083895815405 -0.058737431671249694 0.1221669003171137
0.09358701352012966 -0.06328994729309097 0.11752011717636053
0.10983394940260566 -0.06972657264027722 0.11038507835127649
0.11915368332389255 -0.06966299802296225 0.10708391464693216
0.12646473845362716 -0.06884015399677378 0.10401550822660674
0.13259618577135623 -0.06664081513878514 0.10103945734755258
0.08735436584252408 -0.06157636074808371 0.13147289976050736
0.09620385944306957 -0.06482512992804527 0.12842442196282156
0.11308727938521242 -0.07200327986720662 0.12207706277323162
0.12159881497804022 -0.07297656240393613 0.11907598004399497
0.12878637244217203 -0.0719231837923799 0.1168908092944938
0.1362985988369028 -0.06886760582023971 0.11530240602982668
0.09063476236120666 -0.06246907761247554 0.14005705528386928
0.09897132098615212 -0.06643850281834819 0.13817420376877465
0.11620450469877326 -0.0727823668030994 0.13295093845658762
0.12378160701826145 -0.07379570995298326 0.1301782640123221
0.13118381011288435 -0.07354969572138863 0.1279251686582211
0.13909605499536273 -0.07015695903081486 0.1274736268011486
0.05326560117097558 -0.020119699039651315 0.18057426179889713
0.05511505174526677 -0.026487390217088194 0.18047594557836305
0.05766660985958802 -0.033038335938419906 0.1786570883594701
0.07339370386846704 -0.052701795060484696 0.17030144729776595
0.04977990240324552 -0.004319076776154488 0.18146948481819344
0.049822391023861115 -0.010435336132152265 0.18222675119777929
0.050762089346296634 -0.01579061777691884 0.18273909503637226
0.057785674644736135 -0.03342229607159296 0.18060357268121344
0.06160675106502066 -0.04084352766954331 0.1791085418287883
0.06857043854984833 -0.04991303135849344 0.1790665197990291
0.07635558202785012 -0.055007581272929255 0.17593287316004336
0.08499763422938249 -0.05807290061293307 0.17441520144891312
0.050536903245333005 -0.004044006909392175 0.1877306595168112
0.05059192377678858 -0.011340842919685965 0.18850067808590995
0.051872855007718766 -0.017831678202766845 0.18846414634076789
0.06259976530326938 -0.0406998332136071 0.18442083125826303
0.06952306099820173 -0.04965949673173481 0.1847658520406136
0.07818182130184483 -0.05384280846669696 0.18370443758257096
0.08616795701140754 -0.057294588191814204 0.18245848054749533
0.09527122869576209 -0.061526215765425704 0.18256788686153286
0.11131121038783141 -0.06937330107139127 0.18092210811896756
0.1279706742306578 -0.07339361053709373 0.17955529536847697
0.13480934184680227 -0.0753273497336838 0.17889617036171523
0.14248838706784858 -0.07702202000753103 0.17829976355662447
0.15013247733817178 -0.07715785311735084 0.17748933993990101
0.053275242 -0.0036998898 0.197158873
0.0537627258 -0.0116231039 0.197385241
0.0554283786 -0.0201546178 0.196581561
0.0651434812 -0.0402368027 0.193445683
0.071195714 -0.04838554 0.193864829
0.0790528505 -0.0534919632 0.193893341
0.0877029597 -0.056888557 0.19345729
0.0961337064 -0.062315663 0.194611038
0.11233492 -0.0696858574 0.193789094
0.130140665 -0.0747224551 0.194171589
0.138117635 -0.0765737474 0.195072705
0.14537543 -0.0779287991 0.195934332
0.152612405 -0.0789706774 0.196440358
0.0662601559 -0.0139950431 0.155927453
0.0666103934 -0.022751365 0.146606277
0.0680799771 -0.0260449603 0.14523643
0.0687548621 -0.0311864193 0.144311634
0.0701765363 -0.0366490879 0.1442939
0.0721761053 -0.0408580869 0.147826021
0.0754028734 -0.0454646505 0.154743249
0.0775832165 -0.0478368717 0.159788372
0.0768216937 -0.0477705288 0.169021413
0.0739744725 -0.0477515163 0.171933225
0.0715525234 -0.0465219165 0.175795146
0.0690715981 -0.0418798278 0.177483615
0.0679937837 -0.037502332 0.179202776
0.0672510109 -0.0346117587 0.180634594
0.0663102298 -0.0306518841 0.181456518
0.0660969672 -0.0254543088 0.181983438
0.0659927885 -0.0207081747 0.181183142
0.0659902211 -0.0166510916 0.178737458
0.0661728078 -0.0129642323 0.175831024
0.0660598276 -0.0107687047 0.171813102
0.0673310667 -0.0118105029 0.160148626
0.0645936064 -0.0133573809 0.156311272
0.0659276273 -0.022156971 0.144863733
0.0683612253 -0.0254988436 0.143446879
0.069507561 -0.030804012 0.142766026
0.0708037921 -0.036451525 0.142636576
0.0716060628 -0.0407350128 0.145566407
0.0750041828 -0.0448553638 0.151831364
0.0781605158 -0.0480868439 0.158672361
0.0799443603 -0.0489384179 0.162466644
0.0800810687 -0.0477952921 0.166529175
0.0780439667 -0.0474780847 0.169586594
0.068282695 -0.0424361254 0.178810635
0.0676190836 -0.0380459721 0.179818805
0.0663676661 -0.0347649342 0.181043259
0.0661230912 -0.0306577679 0.181968283
0.0656882802 -0.0254038818 0.182261628
0.0649554214 -0.0207663512 0.181529319
0.0643512899 -0.016795809 0.179662442
0.0631291461 -0.013718771 0.177045882
0.062558423 -0.0105127683 0.174887262
0.0682896639 -0.042116692 0.179803084
0.0667430815 -0.0384079691 0.180842433
0.065300998 -0.0348919173 0.181435387
0.0657422198 -0.0303789239 0.18226008
0.0643756524 -0.0249125492 0.182486409
0.0629941372 -0.020443166 0.181758297
0.0619726696 -0.0167254418 0.180449494
0.0606629032 -0.0138459937 0.178003938
0.06514607 -0.0100762439 0.164074577
0.0656640373 -0.0215870141 0.142554895
0.0690131727 -0.0252964624 0.142043192
0.0704591611 -0.0307488465 0.141747987
0.0715753246 -0.0366293692 0.141744754
0.0722318767 -0.0411914871 0.14455437
0.0756486315 -0.0453973437 0.150897571
0.07370261699627839 -0.04585858801992772 0.10192065079171356
0.08480650928997505 -0.05135240918084799 0.0981362634755912
0.08540534027319761 -0.04063429130314695 0.07184706282550941
0.09261524963943776 -0.0027650198944753793 0.03688783285769413
0.09477354844344255 -0.010944113193975459 0.03799761635904865
0.05120874214811051 -0.002719554963313283 0.06510061547693835
0.05220375745131079 -0.009306529980031134 0.06583545322997929
0.054059626529490284 -0.013559197448277624 0.06621520365818832
0.05706509031591058 -0.01654556470614632 0.06677378071829387
0.0593369144943039 -0.018021438852108135 0.07217900502319487
0.05750051815841634 -0.015437457717102933 0.07129313473497172
0.055120581347834235 -0.012516146225882784 0.07041658358646256
0.053331732995169114 -0.008284923240162263 0.06970417288782539
0.05226855245006232 -0.002272112802850902 0.06856612564398157
0.051054140369243196 -0.0028591960703709834 0.06306301752157424
0.052514905966592015 -0.009790727925501744 0.06320389038175075
0.05442471115242617 -0.013747823108034116 0.06328758640585037
0.052259403407996556 -0.0029902790915517586 0.06134586027235611
0.054455029678786564 -0.00981418168426922 0.06064130501472595
0.05545517001241094 -0.0029478149794005697 0.05768234199403027
0.05753770421297896 -0.00934652505602877 0.057153074341393155
0.06579458996295266 -0.015853643549696313 0.055263566266747735
0.06222866198046512 -0.011904775524052127 0.05479808476162966
0.0818036881617805 -0.02901833478820588 0.05705449600057621
0.07621402128549537 -0.022451390076606 0.052858989563822685
0.07157723691342385 -0.01684706709502652 0.051233115344412314
0.06812403948345815 -0.012245746607838856 0.05065543916456064
0.06644435801065245 -0.00900953906364371 0.050460908947577474
0.06385096821526028 -0.0027242469672651226 0.05024902278638797
0.09990271060075502 -0.034187806805615645 0.0538255420378429
0.08193800022100615 -0.014322258031242593 0.04190678649591539
0.08001247446171003 -0.009695516199897674 0.0415355308263818
0.07759862575199505 -0.002704814264107628 0.04097421871380112
0.1040862463398628 -0.03564096850632831 0.05150800745097187
0.049721231155286635 -0.02591418286644234 0.11439498458222819
0.04656516477884081 -0.021950937961301164 0.10763163859633999
0.03955016494729796 6.476499994934356E-5 0.11319250906754813
0.039606643094492654 -0.0027138532160076068 0.11316159932378943
0.039732930778729074 6.729047591054983E-5 0.1178950951112261
0.039718057544128924 -0.0012794790507307434 0.11783105925608005
0.0371507322542153 5.661571109159188E-5 0.12237429582859541
0.03710513849836581 -0.0012585902253919989 0.12236310625241599
0.037788071682448895 -0.002970222662825142 0.12220326319215051
0.02670860716777754 8.523168700788801E-6 0.12820359841820672
0.02735272430984276 -0.0012675297211533515 0.12867078369927817
0.02787247025737477 -0.002766765801762095 0.1289107382372962
0.0283419725224198 -0.004351255080839867 0.12964010063192372
0.03041151323774087 -0.00649651699812967 0.13056017877002318
0.03671865538775003 -0.013431614080681402 0.1331123692424909
0.039429882292387676 -0.014814970540997001 0.1307927269064825
0.041585091398979576 -0.01744416900401023 0.12784408174683773
0.02423749932272295 2.9172137205986943E-6 0.13103637376764604
0.024787219172498133 -0.0010491025213833583 0.1312425657254427
0.025574556447620078 -0.0028098496854171598 0.13146765264360757
0.02669606243817641 -0.004593394972187844 0.13176458040744038
0.027756766116579325 -0.007073142234060617 0.13213564392924768
0.03566177275589656 -0.014523410130137512 0.13478299579236927
0.022480112075780267 1.0049557473652404E-6 0.13501329835669673
0.023041452334207124 -0.00112594294579621 0.13488404639483448
0.02384948408581219 -0.002882384194389107 0.13483453320037672
0.025052259728816913 -0.00492242602572917 0.134493502579903
0.022278474474780863 -0.0012687396354773015 0.13826765154244625
0.023129239056099545 -0.0030600513166131444 0.13792625718694063
0.024279896534563472 -0.005068546030958167 0.1373230030984827
0.0237391292468871 -5.978754245353382E-7 0.14290130645920582
0.023755472389611464 -0.0014621416461916101 0.14220508443720337
0.02423611034515155 -0.0032779684650766157 0.14145311104248828
0.025185727039064125 -0.005651517481415302 0.14036506700917553
0.025990011341110137 -5.286185539489271E-7 0.14595500993002938
0.025937597371064255 -0.0015318673116070237 0.1449966337133131
0.026002921918219554 -0.0035163489454876377 0.14435580441485343
0.026820102771370324 -0.005875549118289761 0.14342359226041235
0.027743000775081652 -3.898454417567679E-7 0.1483409268365457
0.027713276915809985 -0.0016922360197535024 0.14751548521707572
0.028071462375404286 -0.0038372323356499014 0.14709976857975457
0.029096259841977275 -0.006415202508980411 0.1459353867476271
0.02936841659669423 -2.8393947966788167E-7 0.1504351512353462
0.03010933537830103 -0.001829117009242483 0.14974670167501652
0.030586125015943835 -0.0040202988049429225 0.14958583863401462
0.03181892829864312 -0.007173041551543809 0.1483923308300712
0.03393850403297786 -0.009534226979482963 0.14649728082646649
0.03173942483702323 -1.456977654768837E-7 0.1528782266784626
0.03226873085804911 -0.0020551649755442248 0.15194672003701665
0.03306617307066574 -0.004345573313630513 0.1516133282939579
0.03473357402514209 -0.007848726814978571 0.15017681720483392
0.03714952964672221 -0.00999855334060543 0.14793084737850906
0.03385987354940207 -7.408663496877964E-8 0.15486303074621702
0.03436059512481179 -0.002198481126303361 0.1540433060136728
0.035401613168274414 -0.004634801250600708 0.1536774706471362
0.03716227222244668 -0.008093409123412812 0.1523348764853421
0.03981015521687261 -0.00982732732067123 0.1498633720879027
0.04960464701914974 -0.013037140208970411 0.14749143170610673
0.03646459043750098 -3.661870753964786E-8 0.15706490784857266
0.036670151131715054 -0.002674837378847817 0.15662691889893846
0.0374798812502308 -0.005041767474772042 0.15599730393904715
0.039436347299738585 -0.008358140761080875 0.154594356353928
0.04230395134320373 -0.009923429887263472 0.15235570459276615
0.03902331656119591 -2.23916942168452E-8 0.15906779611914995
0.039107261803405305 -0.002690687870298745 0.15867342846825175
0.03997815351952024 -0.005255141186832684 0.158045405970478
0.04132823339452058 -0.008358800648715959 0.15644065852667988
0.04492383606269097 -0.00979464087587911 0.1550053222763248
0.04145412983730241 -1.4887806119354943E-8 0.16086552013632568
0.04148201423693349 -0.002972684484443219 0.1605638645692481
0.042450556110150604 -0.005592992810262268 0.16025149683805634
0.04443468384382178 -0.007649038798429919 0.15909656322209467
0.04384004600943014 -1.025398543720141E-8 0.16293399006442275
0.04409714605109183 -0.0032183033034234782 0.16275577701629818
0.0453473194122747 -0.0058063590995125125 0.1623663110684753
0.046885661697200674 -0.007669374502857289 0.16119029580561098
0.04629129788753417 -7.626244906787694E-9 0.1651654390403414
0.046787818972759534 -0.003471523008066744 0.16532736362678643
0.04740517906489838 -0.005812614382937402 0.16467803396905317
0.048201270420100376 -0.0076171894099318314 0.16393705830308616
0.04833820792325364 -5.695385343296117E-9 0.1674242697570123
0.04846899218950753 -0.003517303591422141 0.16774919145038164
0.048821126575939275 -0.005942917409520676 0.16728366965573127
0.049934596881732185 -0.00868722182966888 0.16665374820133988
0.058821461476302773 -0.011524706214971018 0.16572161359370916
0.04990761321147277 -4.900784462285461E-9 0.16968775356509253
0.049975146917470036 -0.003940124003930318 0.16984335765036962
0.050612913454166214 -0.006210608381593833 0.16967420338865208
0.0555996311990998 -0.0217441753262334 0.17683422147392025
0.056828202234083004 -0.02684399244370741 0.17651630838881424
0.058616457435241104 -0.03256257826525725 0.17566533547688992
0.060535017843697664 -0.03784714953778244 0.17494449875165632
0.06272851457507758 -0.04167298555761387 0.1734739200691099
0.05607520054891195 -0.02672369216917997 0.17839450086494807
0.05823996491330144 -0.03295437744997037 0.17699066241107758
0.07258570690907289 -0.05165653028612048 0.16887847143555243
0.053742402692297304 -0.02331712806957354 0.13580423202331718
0.05535370637086617 -0.027661028777286538 0.13045393685116025
0.05753807808263066 -0.03375566280863413 0.12979782593698752
0.060572447408593466 -0.03906153639525655 0.13070158004945082
0.06407002206587264 -0.0443167843864159 0.1322254918002378
0.05946944349325825 -0.018874700299116604 0.1533557660575292
0.060467679734775175 -0.02968558492954157 0.14485390402172824
0.061408559207741166 -0.032864664533466044 0.1438934077809329
0.06211947621834894 -0.03689428535185242 0.14388011929147734
0.0637203636355234 -0.040473740626161006 0.14459373361594777
0.06631691266314636 -0.04348267993643353 0.14637330563067633
0.06944115369665396 -0.04624626648555165 0.14968460245076837
0.07275893298446807 -0.048178436544069746 0.1549945669954914
0.07354873014030287 -0.04882867400025307 0.1640902181963902
0.07110443149869847 -0.04748144615946676 0.1657834095673419
0.06851970103905902 -0.044888954064782785 0.16638186078531647
0.065498809660069 -0.04155543236696987 0.16690004664475755
0.06343436446582155 -0.038273089772067996 0.16791425230060159
0.06276040144362173 -0.034970737832806645 0.16912101689526904
0.061986949939418536 -0.03121249022212059 0.17003789416035714
0.06158915467229836 -0.02679166610211355 0.17073593706497803
0.062097878712555475 -0.022546663091162714 0.1709302628166446
0.062489336980330816 -0.019444798814323646 0.16939500210099118
0.0626797045985554 -0.017209585198376526 0.16775064896140143
0.06341662057373762 -0.015644681180536843 0.1664784319283902
0.06312182235072931 -0.014318876904559276 0.1650046320325284
0.05941597116301709 -0.016117736387049695 0.1557213514147474
0.05772612861820184 -0.016348344913480927 0.1520073083494034
0.05838777162682079 -0.02921379020595633 0.14195621963774468
0.05982805786774236 -0.03354209714521224 0.14065654434336225
0.06088575090436988 -0.03815016584950906 0.14120256928211894
0.06296777857478612 -0.04195756688810549 0.14250589632480676
0.06591845551164395 -0.04480756247339976 0.1446775126171633
0.06911605753276152 -0.047483213268245464 0.1470555734221225
0.073457614971933 -0.049833377145036 0.1520090629251303
0.07524977258359665 -0.051713347829934454 0.15792455422482718
0.07636627926197893 -0.05219817971724652 0.16208896811820467
0.0748971623865168 -0.051311685675667906 0.1648447241917053
0.0654815292583562 -0.04273446121021485 0.16899227271511366
0.06312765217443854 -0.03955341610493721 0.17020063624507925
0.06182644750580656 -0.0362389733054949 0.1710772722943176
0.060840824641965094 -0.03199963638085302 0.1719535863602584
0.05971731789297763 -0.02711726932968607 0.1727009413572716
0.05974513010188389 -0.022442559107896613 0.17305240238726008
0.05995003429132518 -0.018628958500864455 0.1717646000050851
0.05982125799725649 -0.015737360312992457 0.16963847623802403
0.06009708908575162 -0.013625225001545565 0.16794940638848435
0.06539277258887136 -0.04411736483409392 0.17107841075680633
0.06280439577572663 -0.040746947319039904 0.17233503883906923
0.06102956568106339 -0.03699666545570353 0.17330809132783828
0.05948842812710721 -0.03227293088770998 0.17402495184460687
0.05793375120893379 -0.026981524320867336 0.1745822649675485
0.057388452343948335 -0.02191474343367146 0.17492220430368313
0.05760667569072245 -0.01786914268813444 0.1737020419481687
0.057396139447097025 -0.014416686965847893 0.17181663314125983
0.062477517694502355 -0.013294921925081233 0.16317655770936212
0.058071725559086795 -0.013169026613046938 0.15866955671263358
0.05725920782900922 -0.02845794674557944 0.13942729259398462
0.0592243327887082 -0.033668015033403054 0.13852595778100643
0.06069709450327896 -0.03865402801599919 0.139341319717017
0.0629754872427905 -0.042595719833504776 0.14079804567013596
0.0657670131866839 -0.04581627826423192 0.14278271867283857
0.06947413333450432 -0.04908155848175645 0.14512938666696185
0.05517826089109508 -0.017031516394884545 0.0830671454776688
0.054682370363023446 -0.012735913875974525 0.08013402745574323
0.05478996022441609 -0.010624740513574291 0.0794470968964109
0.05442802176660445 -0.00824389659913358 0.07884248480650523
0.05395270313264703 -0.00569374073841909 0.07857575305339311
0.052967003356175976 -0.0015721595199459345 0.07835648877985991
0.04353296754661466 -0.017251980861940092 0.10027820228362774
0.0403364630077375 -0.01283260439249158 0.10267374198510353
0.0390441369477171 -0.010500731642441578 0.10379640187117924
0.037452284480109926 -0.005351889533391165 0.10409394913154277
0.03665565978060506 -0.0030329475408211013 0.10326749192924671
0.03644609198444417 1.4736044328690218E-5 0.10296562097344768
0.047984377329137726 -0.00846736544952865 0.08479770337613712
0.047523915758570574 -0.00708746614407912 0.08391769803879041
0.056477943297534056 -0.029849544167187537 0.08809548352150257
0.06870039126850176 -0.03165443006077718 0.07696054202198914
0.0692056162289226 -0.027398796807629484 0.06597754788379974
0.07076113520577244 -0.027537989368546605 0.060028467026133014
0.06650637827857138 -0.025081337329884074 0.061779914650382496
0.059418978539355134 -0.012786057102241141 0.09097772000598443
0.0574743169335945 -0.010208388932169849 0.08903777304899105
0.05668308418020141 -0.008397468002820348 0.08816428521744352
0.055868668642534876 -0.007033160654139715 0.08682159003394876
0.054696309509259085 -0.005164803210681049 0.08615883075809416
0.05357038966628038 -0.0021053007118513093 0.085356530417159
0.0601124784 -0.0204973616 0.18366012
0.0699004461 -0.013754692 0.155665861
0.0692231915 -0.0239351656 0.150294734
0.0693713217 -0.027311059 0.14938706
0.0699687565 -0.0318175154 0.148447402
0.0720996049 -0.0369436066 0.14898256
0.0762214057 -0.0420916954 0.154262108
0.0777561005 -0.0451539438 0.159324527
0.0784376743 -0.0463253906 0.163127525
0.0756409591 -0.0470248931 0.165337675
0.0745446996 -0.0475149657 0.169873759
0.0725314006 -0.0462747515 0.173319002
0.0700250535 -0.041795951 0.174735622
0.067799159 -0.0375319572 0.176148132
0.0666542193 -0.0340524066 0.178795146
0.0664109853 -0.0296338209 0.179458601
0.0678526124 -0.0244443514 0.180283102
0.06892701 -0.020005988 0.17887117
0.0697497609 -0.0163024835 0.175945084
0.0698209492 -0.0134772489 0.172530793
0.0685052869 -0.0119789938 0.169434036
0.0672337894 -0.0131641454 0.157614698
0.0675649087 -0.010701638 0.162747423
0.05429168782946176 -0.028418627261808518 0.1265242373481313
0.03870406155212525 -0.016558071269756145 0.13156656042098996
0.05369575241863015 -0.009548467852274492 0.16581395844064853
0.0545970522074882 -0.021854886051922887 0.17897098439530987
0.06396183988069261 -0.019729798278264654 0.1535866431888501
0.06314445664558548 -0.029401165479659434 0.1495209334905924
0.06390172996085748 -0.03281795005743649 0.14879173944376364
0.06475408526049156 -0.03611504729364 0.14855601402762103
0.06632844267987001 -0.039403792501731906 0.14905944847809088
0.06954879305588274 -0.042660232915748615 0.151161337720518
0.07154741844115044 -0.045024315516877425 0.15513128322163128
0.0717861236553769 -0.04612465969394609 0.15935643412743875
0.0715732320121345 -0.04628881278965153 0.16186497755558452
0.06996257298499879 -0.045234358061963006 0.16334139599546926
0.0680554105908156 -0.0429684245798089 0.16378459127771375
0.06584219069782267 -0.039835236143086185 0.16405845093540108
0.06407678947421892 -0.0364909397347974 0.16492329485459156
0.0626465535588844 -0.03339881579060066 0.16607872122194675
0.061958064263828 -0.029526077418170232 0.16720401040634403
0.06320634645872203 -0.02667091279339236 0.1673262115858327
0.06423740567333867 -0.02321745206167742 0.16721750777018962
0.0644254299352768 -0.020427202204977186 0.16656648228331977
0.06455706530370765 -0.01832251116461791 0.1655520117433499
0.06462629004649663 -0.016947736415559207 0.16453277929861743
0.06438193262179617 -0.01615701867130481 0.16342391406378728
0.06062873461457871 -0.018079462810799002 0.15477167985100146
0.06446608668935695 -0.01586658196652662 0.16151411472878383
0.06344411265512086 -0.01604090480611555 0.160131286302227
0.05230395010432003 -0.015244166775913705 0.08687990943687654
0.05152389939488322 -0.011300804680896325 0.08380260848294538
0.05130577791400118 -0.00927765560897173 0.08305215077815288
0.050779659180662046 -0.007185884203215355 0.08222392020504878
0.050106155089243425 -0.004951069383706692 0.08165164758425855
0.04949212887528348 -0.0014743626533689936 0.08171992930860766
0.0694763547 -0.0114192056 0.158681085
0.04190998183672408 -0.016080966304006725 0.1271149388142597
0.06451852423018303 -0.017787780091754458 0.15621210017131829
0.03141462307366499 7.966011411400983E-5 0.09808953425224039
0.03154032560935821 -0.0012375678892191978 0.0981210457088592
0.03216990867508362 -0.002972478797554881 0.09830638636662034
0.032744274907905 -0.004466639898744498 0.09836867531142258
0.03378057007255872 -0.006537070441347096 0.09862954196734539
0.03483721809873262 -0.008439816146384985 0.09848379610880405
0.0358964003488719 -0.01017126312469696 0.09789921896531531
0.037601608144788856 -0.011963491167927559 0.09662135843768577
0.04028681336572038 -0.013720471064817597 0.09518671889201596
0.04372699649918907 -0.016434078782339594 0.09421453971394267
0.04736134760852166 -0.01705596949057222 0.09412899675394094
0.0497280267374365 -0.016840010237028084 0.09506874990790821
0.04829215396293947 -0.016145596706958646 0.09400026791292254
0.04520263907940882 -0.014486370074186548 0.09210258006173558
0.04262519864149679 -0.013050692116952015 0.08926486530667302
0.04103727241961859 -0.011243959113641204 0.08710016612363383
0.03973912807272435 -0.00926852813089852 0.08555648411427468
0.03850027193329133 -0.007813568142990347 0.0848165085957623
0.03774298542219588 -0.006181768193344623 0.08479510100655557
0.03653456434088164 -0.004227011934088189 0.08562449649198194
0.03605028427585911 -0.002110972900984569 0.08561210888248466
0.035704617454578466 9.307906299663063E-6 0.08558417779071474
0.032249361964009654 7.629113583500005E-5 0.0966476761714747
0.03260827678421201 -0.0012752165565800653 0.0966894691589461
0.03302569306822272 -0.00243466918688814 0.09678936931672011
0.033707353259397915 -0.004109255482769322 0.0968941986250019
0.03423517513336608 -0.005938181569186704 0.09678423234411557
0.03529859865578991 -0.007734098716607327 0.09639085547799826
0.036449171926686556 -0.009400777749706627 0.09605331826839221
0.03828031953357506 -0.011176917264882234 0.09503467949979649
0.04068085808212592 -0.012918253230383887 0.09457675784735513
0.044228715816992774 -0.015680754003337266 0.0939516087665341
0.0477819173778233 -0.016688783032593055 0.09422054307414342
0.05014682069757349 -0.016761340297150817 0.0959410444255787
0.04865742522090871 -0.016086226811475365 0.09535231726121193
0.045115659662023654 -0.014178789472266957 0.09410967369578982
0.04242322683782085 -0.01263196317044454 0.09197472397636149
0.04026361974000555 -0.011250599809384334 0.09008665003400952
0.038377119325733504 -0.009573978669440899 0.08884485251233776
0.0371936119403684 -0.007909230999627002 0.08807701435417888
0.03643431537719944 -0.006125716884742748 0.08777289251140824
0.0359533460788589 -0.004217957262811842 0.08797979814132484
0.03583197655345386 -0.0021611942620251 0.08832119490359196
0.03580173212150994 1.943989531308191E-6 0.08839416853155926
0.0333659299953998 6.791602130838956E-5 0.09595631393031298
0.03399530681565333 -0.0012403247715831148 0.095849284612545
0.034383958304873556 -0.0023764739257469726 0.09586862736552171
0.03476737378224585 -0.0038183477273550166 0.0959047263291751
0.03539326347604004 -0.005642735748090656 0.0956393249284964
0.03615718750337173 -0.006905608439773664 0.09540440324021586
0.037511857456853315 -0.008758182731653425 0.09477417071889908
0.03924242517863309 -0.010486656887967623 0.09437250630152093
0.04141574620360867 -0.012178878663602623 0.09434274550121782
0.04506147315893107 -0.014674137485454599 0.09417955281002655
0.0483916734264263 -0.016643940211606027 0.09456032599717222
0.049521406799141576 -0.015883733994645127 0.09622033860413923
0.046349304677701424 -0.013637318817319964 0.0957029418699862
0.04311476778998384 -0.012193768550185315 0.09483380857126127
0.04102144813708724 -0.011040711135764754 0.09275954291623988
0.03915200342024287 -0.00949807354177103 0.09131663108494079
0.03783612552641109 -0.007930805008509324 0.09050612560997823
0.036940002161649485 -0.006204900206659283 0.08997958070427164
0.03621502955632254 -0.004282966169590296 0.08964432904440803
0.03600833201458163 -0.002183676143106992 0.08984658890058676
0.03634073177777038 -2.2145653272593175E-6 0.09008639837447245
0.040738316559428576 -0.008005549329227498 0.08215874975784435
0.0417223042396139 -0.009726953675506179 0.08299360487082222
0.05766640295617617 -0.02841869460811049 0.08465097257786736
0.05740743441059197 -0.021911356871143078 0.07811730028935963
0.05481235472576594 -0.017159864745177757 0.0743128245669481
0.05403885961317398 -0.014632854878654905 0.0737023014668339
0.053441925201359035 -0.011572966227295074 0.07340012553917151
0.05213557029081727 -0.007951446782728482 0.07288140022186276
0.051077764922830456 -0.002400167810789228 0.07241127288302271
0.04226499108414755 -0.018328659189250186 0.10357857243046824
0.03914423269207579 -0.013935504341946842 0.10652636497681864
0.038449153323959234 -0.011590013192659857 0.1080438279431175
0.036851575472891716 -0.005537689908626634 0.11063714353657687
0.03681330637475095 -0.002961741987348607 0.11007351656441583
0.03681956491260313 2.0638082605903357E-6 0.10937232548559706
0.08360320361032411 -0.06066012340464861 0.1215119877524647
0.0919426723618405 -0.06495633086119124 0.11741922292028285
0.10902698832592082 -0.07358463613680002 0.10949905367142289
0.11949660654084633 -0.07224374255430574 0.10606264193481803
0.12657205646540634 -0.0719664740660095 0.1030037709528386
0.1330264755007354 -0.07104272211420214 0.0997064918297716
0.08644299715870223 -0.06342362592462988 0.13069771670001848
0.09546564430279257 -0.06641165396960325 0.12790856095187672
0.11278892104135099 -0.07466641661944176 0.12134571687651864
0.1221035491062206 -0.07478361783975314 0.11837831810771125
0.12902531613131493 -0.0731176855259347 0.11643586967851027
0.13665907850956818 -0.072370418311088 0.11412636391389312
0.08920207980950932 -0.06486197860764306 0.13958310700641607
0.09857683799756803 -0.06846363269981298 0.1373882043461644
0.11585080821467462 -0.07505675221831008 0.13220476621544933
0.12434657843517205 -0.0758401907241077 0.12951954191645973
0.13165944371601493 -0.07557125712847391 0.12731598388049084
0.13920927102843433 -0.07291972980954621 0.1263888853345949
0.05208507252387232 -0.02074436758486579 0.18074288378991635
0.05398748435402167 -0.02733044091931231 0.18054423581088674
0.056599165972654165 -0.03405309759772422 0.17873811175342946
0.07249147882117062 -0.05412998768396487 0.17023406172781783
0.048190981979855455 -0.004605859427082984 0.18179961371767997
0.04843308723012463 -0.010896459395012234 0.18245720997380352
0.049481193799299134 -0.016367349316723828 0.18294154870660023
0.05667173942569339 -0.03445215674661487 0.18077387297971861
0.060227266434151876 -0.04168089364304989 0.1792512307651353
0.06775260492343387 -0.05111676809889478 0.17916191009053134
0.07577539715596059 -0.05650707132989254 0.17609524206274826
0.08434676627580123 -0.05988377213500598 0.17469206537663243
0.049083206499748226 -0.0043952139816579245 0.1880818866719239
0.04927422147768583 -0.011851098393507453 0.18881265708034908
0.05061614920980545 -0.018462672854188567 0.18876471460164213
0.06143282690569921 -0.04218102665109728 0.1847933541096784
0.06865391663142355 -0.05095825769339861 0.18501910445497824
0.0776190572272299 -0.05521777457213143 0.1840054684630941
0.08572756077379418 -0.05913828062986494 0.18253817004510872
0.09423221258261408 -0.06391938381390017 0.18172981734379445
0.11075947934623172 -0.07172653974731007 0.1797379940067362
0.12767277067067673 -0.07500927901805066 0.17868363392387346
0.13505835791498252 -0.07772824602906697 0.1776922420745592
0.14309706708039918 -0.07906658523648467 0.17727554517566121
0.15029296485332097 -0.0795513464927414 0.17675029853787028
0.051926523 -0.004079976 0.197691758
0.0522793558 -0.012134156 0.19799392
0.0540634628 -0.020930676 0.197157282
0.0641022574 -0.041418844 0.194087519
0.070459564 -0.0495312842 0.194457703
0.0785189916 -0.0547149066 0.194561987
0.0873490641 -0.058282966 0.19408877
0.0953129297 -0.0630214032 0.1940467
0.112344988 -0.0714871608 0.193506073
0.13058766 -0.0766836433 0.193615266
0.138107232 -0.0788268369 0.194282679
0.14628789 -0.0792012942 0.195062391
0.152776474 -0.0811174429 0.195681735
0.07309304496925503 -0.04726195809678245 0.10176769683444634
0.08426979363333807 -0.05297165712588865 0.09748453597466046
0.08234159861880949 -0.04263792983010831 0.06965157424580419
0.0908181972879995 -0.00271201802015367 0.03439372181063575
0.09289385536754176 -0.011632164411430754 0.03509934280201742
0.048520060008118135 -0.0027669953963380687 0.0647462147676282
0.05055598657429235 -0.009782720190947045 0.06547898466956058
0.05307028705857739 -0.014242127177527108 0.06591774498442875
0.05578227812143393 -0.01726895920918198 0.06659483499037969
0.05700716605887616 -0.01896907762013789 0.07119951671016558
0.055236420002889704 -0.016043557008349158 0.07049059455070297
0.0535677633217235 -0.013171705544325953 0.06997218952301387
0.0516311989871719 -0.009036796364801038 0.06927440882276889
0.04915814683794275 -0.002494156098733934 0.06756490195101857
0.048586947665653746 -0.0028870815937388373 0.06239863806077844
0.05039256053061206 -0.01032182041241116 0.06246921767963863
0.05320721539071338 -0.014445548647715873 0.06264646943043285
0.049980056907066715 -0.0031100246745537517 0.059322861384794784
0.05154984726446713 -0.010479327253308033 0.05910369178011458
0.05245568674916591 -0.0032623816129053363 0.05462048215072394
0.05466936054980887 -0.01043958917685155 0.05433791434307068
0.08780098047604296 -0.00293807943611301 0.03501642902831715
0.08898348339724976 -0.011744555044502024 0.035197409446860166
0.07958760186693611 -0.0313255422423724 0.05437519564557437
0.0748602853859451 -0.024411885441575597 0.0506162295693415
0.06978664065229719 -0.018121103025835736 0.04899154126226552
0.06595247402560028 -0.013120325695371984 0.048822135315189544
0.06425348101483602 -0.009869979787524383 0.0482365835818561
0.06157183427007994 -0.0029483432600677247 0.04770974767021067
0.09780887678943041 -0.037328345589192145 0.04906380864661683
0.0809242284127545 -0.015314220363460581 0.03974654856886227
0.07904724729058304 -0.010382361869096097 0.03951540067336789
0.07702579529076177 -0.0027207199058818187 0.03880640205718591
0.10190239439720086 -0.03867672604652507 0.04640885779823397
0.048618700830149554 -0.026022100069371407 0.1139875789480698
0.045227903022456196 -0.022023728418230623 0.10714774641170291
0.03776054346360742 6.59089571770032E-5 0.11440706608249922
0.03695568384965195 -0.002832309698905281 0.11441298903822042
0.03775563454516117 6.07088702102714E-5 0.11798660856781008
0.03753044213119712 -0.0015955678549262739 0.11808631036559478
0.03575481963025058 6.128592072631134E-5 0.12153333255761503
0.03590524522321622 -0.0011349753246200065 0.12157920281375588
0.035994314465864166 -0.002897334326960288 0.12200773417631817
0.026356509881556425 9.08197748729812E-6 0.1269433161010665
0.026519232627596822 -0.00135648695575039 0.12718363752010484
0.02686713370627328 -0.00289889035194109 0.1274709439913925
0.027117714179368365 -0.004508555599741632 0.1280151237218316
0.02823129794058354 -0.007078825784760693 0.12896944785066497
0.03587610677789033 -0.0139102585723842 0.1320930038427691
0.03867317182092109 -0.015195580283916111 0.13004467409236548
0.04084100997164916 -0.018310322357518217 0.12755569853016036
0.023393891410523216 3.0850485635594388E-6 0.1299827068764907
0.023446354169349575 -0.0013997664568126636 0.12993284064081476
0.023564487861658504 -0.003230964479103862 0.1299679256532778
0.023790306690809646 -0.0056501499021655 0.12988680182861562
0.024910223158987436 -0.008276813600723307 0.13012274770143106
0.03406734608630319 -0.015257936947186943 0.13340710224220492
0.021306936232458436 9.45869833986604E-7 0.1342536883974935
0.02132205167154068 -0.0014526805827585676 0.13425433802392098
0.021457950680412514 -0.0033804673722462705 0.13417705890224682
0.02180196816875212 -0.005783573365745613 0.13392779570744975
0.020490896696928353 -3.4752833121199114E-7 0.13819562070467745
0.020532948872562382 -0.0016058094582878544 0.13842080374968613
0.020689092308338642 -0.0035557065332936736 0.1382504947696955
0.021397160749636556 -0.006029082839267489 0.1375728355668729
0.022134139957703365 -7.719802000421703E-7 0.14259801106037967
0.022355368076184705 -0.001676030135944666 0.14266218179665835
0.021995938395017043 -0.003821367394378644 0.14214954093078286
0.022377178730506788 -0.006379405891395339 0.14121203880493327
0.024647378415793668 -6.687766450647319E-7 0.1456929427559072
0.024728381480996955 -0.0017448503705105147 0.14566333617025118
0.0245785555697432 -0.004113830633538121 0.1449795315162733
0.02466585561900121 -0.006674373625954962 0.14416454826972955
0.026769116153975397 -4.5920306763434725E-7 0.1485409480213423
0.026304158000254593 -0.0018270219726728243 0.14809120995519887
0.026559783004610312 -0.004383507261424104 0.14758019847771095
0.027699572888595852 -0.00688304602456722 0.14649503033580485
0.0281463047567544 -3.652346406903503E-7 0.1505086229451327
0.028916968664427285 -0.001976182613920187 0.15046286432033845
0.029367621416212866 -0.004599059584654785 0.1501903381559539
0.03060448289258108 -0.007556354871996289 0.14884676296435526
0.03315200323288334 -0.01022714071269505 0.1468037457495504
0.03041167003911569 -2.0566293781772292E-7 0.1527898700999715
0.031153525141883825 -0.002232828251294616 0.15266372413019358
0.03177194541161578 -0.004987874755971214 0.15218644149959523
0.03328593355236113 -0.00801933482195666 0.15051332461824743
0.03621719056036232 -0.010594915065433102 0.1480505942088382
0.03266545312581187 -1.0261826088329839E-7 0.1549096651407934
0.03314964204081572 -0.002518054356959554 0.15475478600360126
0.034050821304808465 -0.005197858260653175 0.15397442444692416
0.035766565257822736 -0.008421785096631836 0.15230913243520736
0.03875978630321655 -0.010682675340763259 0.14998754979171042
0.0463796517707325 -0.014828024990161824 0.14563492137667933
0.034761340586775796 -5.168212607760133E-8 0.1571236054986517
0.035266157120798836 -0.0029413941251053067 0.15714644736262404
0.03594473380224258 -0.005705603679196944 0.15615584235511282
0.03807493353952685 -0.008808050756202227 0.15433711729824992
0.041191305686163956 -0.010636345273289435 0.15235416248455044
0.03653554047298968 -3.1874045885602085E-8 0.1590978741803853
0.037394501855435955 -0.003321285854920601 0.15928439568985553
0.03805633331380199 -0.005997090806760473 0.1582611483922773
0.04048169424461506 -0.008815500257165326 0.1564382764060397
0.04390155981851652 -0.010440113276686678 0.15500167113132177
0.038427289584019225 -2.0694753553346956E-8 0.16080465810902078
0.03954019512221938 -0.003672993354463367 0.1612255111297739
0.04029630817232366 -0.006322479943479402 0.16061720991555423
0.04284099008008486 -0.008791341844812808 0.15926042153548856
0.040590860914398855 -1.2898022955641008E-8 0.16269747801391216
0.04146747942107871 -0.0036191304100998225 0.1627649573504775
0.042332379388757946 -0.00629585101064125 0.1622651033830589
0.04441087346452219 -0.00818550739443014 0.16117176879092612
0.04299834230887569 -7.588253362676583E-9 0.16491410251195934
0.04427813047299877 -0.0036410308123088746 0.16504566830769452
0.04511871933658237 -0.006100804825636853 0.16442783722371368
0.047179368118215395 -0.007852456527236842 0.1637161225789381
0.04529162692300367 -4.491225258389063E-9 0.1672089253870216
0.046493014583851036 -0.0036561079319789346 0.16751090338852118
0.047018118922097216 -0.006154884462165964 0.16700650493559915
0.04856386416505566 -0.008518404213420702 0.16621178785878277
0.0574302822319809 -0.011551288210650603 0.16562510553742882
0.047729812440536916 -2.3723439969256444E-9 0.16970643817026676
0.048584426966366306 -0.0041593850080755695 0.16989458568289936
0.04924714845311557 -0.0067095794014724475 0.16975410141677386
0.05456891207050841 -0.02241886850107608 0.17693778862800943
0.0558554392103531 -0.027721568366170908 0.17651123314316075
0.05759622772555696 -0.03357625852332614 0.17563632298515885
0.0594858076126824 -0.0389231606795123 0.17477893325277952
0.061791097635597994 -0.04350886083147796 0.17389879263852517
0.05500800986300945 -0.02758488539648331 0.17841072598854604
0.05719460496265272 -0.033969948669043265 0.1770095526251535
0.0715175256330592 -0.05305084958214691 0.16866505314116273
0.05340341213201991 -0.023631022706410654 0.13591916183659444
0.05492909366996695 -0.028076462780625467 0.13031646595334245
0.05687178778361132 -0.03424931232308905 0.12926229690586036
0.05972510200401371 -0.039809363561524064 0.12979110182319978
0.0635327514023078 -0.04556951141642739 0.13138864251559448
0.05864330326436999 -0.019294914636673485 0.152771795227669
0.05977677422055517 -0.03015042609373388 0.14435429811979975
0.06075442345687175 -0.033547083235538455 0.1434292960896864
0.0614573478073796 -0.037622687491893375 0.1435317069488816
0.06310771507043518 -0.04133175764594615 0.1443589546132335
0.06597758403003248 -0.044398591952899025 0.14638839991430938
0.06890305428864757 -0.046743972039611434 0.14993792830403352
0.07185964363929324 -0.04889780674028754 0.15502551758119662
0.07281474491028639 -0.05009232439583309 0.1640703257279348
0.07018269253153701 -0.04883842195536986 0.16566558160377517
0.06769034610524322 -0.04616685191971649 0.1662588020519368
0.06471439272529687 -0.04266084464860946 0.16684231733630323
0.06278933182675138 -0.03923528976003438 0.16794020059615095
0.061949214555145515 -0.03603456724811281 0.16906187653582538
0.06122992892782966 -0.032225986949275635 0.17000855155321312
0.060782172761323104 -0.02770240612237069 0.17071994766786086
0.061208815815613216 -0.023282410845336735 0.1709982299618053
0.06164109560764785 -0.019990689134845318 0.16956244240211318
0.061729706772542435 -0.017684226693262462 0.16784676368310264
0.06266030275784391 -0.016198817726804066 0.166532468288299
0.06217784188767672 -0.0148586341057194 0.16509539004678503
0.057662069197181955 -0.01617543993951834 0.15454264503407447
0.056626385754870626 -0.016832613855253028 0.1511465912602454
0.05774767534333633 -0.029705363290575857 0.14134180338919944
0.05904066958977263 -0.03414747826881202 0.14006556561859063
0.06071703653356179 -0.03830570375225366 0.14089286813006513
0.06267337030297113 -0.04225411750695456 0.14228789647904608
0.06535465285747745 -0.04569453749889771 0.14442189772658948
0.06843002625377757 -0.048104122129317334 0.14728076047089309
0.07215199821153233 -0.050294681846937625 0.15145571930310853
0.07446712925420011 -0.052289607067487254 0.1577018651743861
0.07536973888364328 -0.05286635321561349 0.16220248423643593
0.07430961169531618 -0.05240604814850433 0.16470408319043714
0.06468183716751004 -0.04384803822732212 0.1689092484137574
0.06251662534979964 -0.040461691537087056 0.1701082217363878
0.06099843056413094 -0.03729310249334675 0.17100399995119153
0.05995658170399663 -0.03306212927421471 0.1719153885132201
0.05889087191042892 -0.02803964690780351 0.1726945870256384
0.05887282356133256 -0.023176008203617975 0.17315292264851026
0.059430312350413544 -0.019195082893878834 0.1717970859659779
0.058948973433838585 -0.01611931629692277 0.16989030785736492
0.05902938312936412 -0.01382519388901218 0.1681172599171241
0.0642408879029651 -0.045450763105238684 0.17102838218597183
0.061777134943525935 -0.042054882832127244 0.1721984148886518
0.06001609431388424 -0.038085593222352734 0.17319705997195067
0.05850748104575492 -0.03330724343102895 0.17396454760923002
0.057056523860897095 -0.027884674295844576 0.1745666084686311
0.05636781877049148 -0.022658632263190665 0.1749509394720944
0.05669108265532479 -0.01838910378733362 0.17399267800618812
0.05646324502659323 -0.01486637963241124 0.17217426328860985
0.061170163346453886 -0.01366778683419897 0.16294556477244962
0.05652326487821454 -0.013234806461711802 0.15813109850348928
0.0566877405590544 -0.028858854554389992 0.13893520510814775
0.05848685996443673 -0.03427236750303616 0.13793301156614612
0.060479472940862214 -0.038896648800918865 0.13894646321608156
0.0625708173537328 -0.04308321436859263 0.1404658215060285
0.06520805015410214 -0.0467468384671747 0.1424429132581617
0.0686746899690413 -0.0500384280325799 0.14497643963692136
0.05380057389360417 -0.01756896842068064 0.08094841920587977
0.051019548754875604 -0.013342766084721482 0.07714415317784373
0.0506738003295551 -0.0114411126281331 0.0765183858946505
0.05113542949855226 -0.00933755002684483 0.07656605760147366
0.050416655603416606 -0.007215643500260242 0.0759818492521143
0.0503200049652444 -0.0027116106505273717 0.0759108818197346
0.04169065277495968 -0.017395729600914275 0.10049878071925285
0.03817637842728385 -0.01318100663398851 0.10373345560155621
0.037207354132575914 -0.010744308779527168 0.10537761612423298
0.03556738914184896 -0.006533238622002132 0.1069519390982807
0.034073597293052184 -0.003920792218358563 0.10483976701113182
0.03399608463114345 3.9111468391176145E-5 0.10488513972716675
0.04468592549097539 -0.00968880724860727 0.0816856226821557
0.043627536725190215 -0.008063116903887294 0.08058433706074851
0.0554759491965391 -0.03101324722623497 0.08735758988626369
0.0672695154043627 -0.033180361650576085 0.0750284717670182
0.06698612045833198 -0.028727940217406114 0.06431179617881355
0.06906212602965874 -0.02884040967470453 0.05848759851244035
0.06468491630798014 -0.02617244289984871 0.06089892851054887
0.053842453916858525 -0.0286465860753397 0.1263665869393446
0.03771595883348001 -0.01744727563350065 0.13108149279157252
0.05195084565189575 -0.009865273830832126 0.16564894202960684
0.0534816603478513 -0.02252617676766306 0.179096148523678
0.06225435576620815 -0.020677271537727273 0.15390779254755715
0.06313452724227149 -0.030034920395762225 0.1493994484243208
0.063589054862762 -0.03351717694590995 0.14868114383312225
0.06429794451993166 -0.03694526683808475 0.1485838928811918
0.06602557565616256 -0.0402775522750149 0.14923239362091759
0.0692666856617114 -0.04359058711178328 0.15145751068076982
0.07092688843878091 -0.04579184036525008 0.15536163756891283
0.07146668909978651 -0.04724273362157085 0.15956179862824704
0.0712218593990562 -0.047358286568698414 0.16209014557142906
0.06926220203542163 -0.04647892073431531 0.1633319701195369
0.0672780220905529 -0.04422171540770145 0.16372781301429973
0.06511885038760004 -0.0409783998646239 0.16405232310010368
0.06328812005798254 -0.037609990580716915 0.16489185971566214
0.062007138054442835 -0.03439112149447245 0.16598946671770834
0.06130871574102229 -0.03027489753463421 0.16718456599258416
0.06242403667478798 -0.027556325470096663 0.16728293581131376
0.0632505480968308 -0.02404450042407486 0.16716899489763637
0.06378390862187096 -0.02105263261811106 0.1665829656228054
0.06398625592836286 -0.018936797381273515 0.16560754269750672
0.06408537278688231 -0.017593766445315375 0.16472985319846276
0.06382536888525231 -0.016799704627565394 0.16367589939317667
0.05935468097574625 -0.018610989961845056 0.15439956366822324
0.06377542037122266 -0.01666137867547828 0.16181084784877522
0.062222748833667074 -0.016473827966541458 0.1598581493362711
0.04962704501104319 -0.017323519004611876 0.08462021455564026
0.04803369161819863 -0.012788669163248032 0.08033906226955996
0.04752516201525082 -0.01068233295629215 0.07927892819115752
0.047125766867231376 -0.008784775528065112 0.07843636815558047
0.047159645673976555 -0.006356371094395126 0.0785476232936771
0.045853382093798245 -0.0019444115271360352 0.0785795523808604
0.04149045433539696 -0.01643431374285958 0.12657940069617551
0.06313134141434583 -0.01894766373936056 0.15670148683775392
0.09849065332931342 -0.03077966975479626 0.04378761764145068
0.1011074152114119 -0.028418525622270777 0.04932997779749641
0.105709351 -0.0227247095 0.0641484429
0.1197915571948752 -0.05303251302007838 0.06403881926560591
0.11927016314098948 -0.05593833447851864 0.06288424969566102
0.09738618147346864 -0.023811205194129877 0.03888851343712317
0.101085622346146 -0.030298655701042145 0.04222559194668995
0.11465942322376226 -0.05020856020772138 0.05627082812641937
0.10102274744996309 -0.02108574371288535 0.043837238768487295
0.10544959950335375 -0.02844796304732305 0.046975628318507524
0.11588197446087845 -0.04729172149464474 0.057893850686356545
0.10913831390961296 -0.03430740212945516 0.05045297189977738
0.1053055189194716 -0.03837001983355323 0.04523390159943386
0.109094856 -0.0177499979 0.0573265062
0.111284596 -0.0226131838 0.0599013136
0.1132167 -0.0271440924 0.0620525799
0.10411879393102987 -0.002784777756705866 0.03156846416722566
0.1055735508276852 -0.01031601828015587 0.032291946394610804
0.10818144592497068 -0.014526596270151427 0.03223891891274616
0.10912865946843008 -0.020686245532583455 0.032131494174230446
0.10836023755738032 -0.02979423081686528 0.033887735976450235
0.11225891368896355 -0.037392681943986435 0.03739751721248596
0.12100055050600332 -0.0511928561588671 0.04668099601169832
0.12759748212687647 -0.056805530802101635 0.05433472003420349
0.10644384618273614 -0.0028727065272319244 0.033509409662602546
0.1071891918128974 -0.009693076726549198 0.03360631932531509
0.1094905234228515 -0.01450271756557821 0.03422449332057508
0.10939727856578083 -0.020703594695458908 0.03386117029465955
0.11070597180889388 -0.02885436595542712 0.03521657070878898
0.1147420895496896 -0.03626349524960265 0.038288201908840025
0.1233260226676932 -0.04937249972963487 0.04703096065286357
0.12874952690655178 -0.05570502946868108 0.05408115459454007
0.112707803 -0.00345619488 0.0375315924
0.112731086 -0.0101689662 0.0380310287
0.114231206 -0.014356434 0.0385360905
0.11594587 -0.0192409865 0.0393644417
0.116974997 -0.0268172452 0.0413490399
0.119693886 -0.0334390198 0.0429918746
0.127291199 -0.04538714 0.0480401271
0.130691863 -0.0511600729 0.0548908598
0.08849732315342873 -0.0025858333731793998 0.03756332230891745
0.0903955160098032 -0.010391980364936297 0.038714621444016876
0.08706283315013198 -0.014964191268861093 0.0400819162613221
0.1047087224907491 -0.06255002592436336 0.08452965843431148
0.10494990981821363 -0.05997244439177934 0.08515178544229046
0.09131184857954067 -0.020805019295521494 0.045267315634544135
0.08952036718767385 -0.023386365340225024 0.04080384265036136
0.08597376644101096 -0.016271903577801332 0.03693431919097428
0.08347287975086393 -0.0026309369625567704 0.03829595051414412
0.08339199519579489 -0.002706988163391798 0.03618052531083693
0.08547416426442771 -0.010106774337087884 0.03903793727423795
0.08418656811527597 -0.0110854310603566 0.03634125474941112
0.09486077965912053 -0.03248239296598816 0.05510861699392316
0.09266582304183615 -0.03570678081672428 0.05047244860189041
0.09082096505811456 -0.026427128362217417 0.05135338092631462
0.0880626284220568 -0.02901196819834024 0.04497756429514468
0.08620125052713633 -0.045101285873652794 0.06752340216963632
0.0890387892352904 -0.04273552955188498 0.06975476642683213
0.08337800022273185 -0.03332170003165791 0.0522520122902826
0.08788790004181445 -0.03452314928162548 0.05110496316411695
0.08550138930340628 -0.03043283084379854 0.05586397941572853
0.08967943392787801 -0.03155937713424226 0.05533660138297004
0.09065348436503012 -0.046621219821736046 0.06597394534824672
0.09496544199524262 -0.0481090706654769 0.0640949653780523
0.09296749864951262 -0.043794164895715394 0.06805122391462658
0.09683233277623994 -0.0450228774526447 0.06638589947165877
0.07923933917763464 -0.025751783188158406 0.048225123684947316
0.0834222766425582 -0.027672932271052303 0.04584491396550317
0.08145419747896838 -0.023456379722870537 0.05181675224228977
0.08592271083457188 -0.025191221798222446 0.051166770550295546
0.07465736518336566 -0.0191103232669309 0.04670111721441124
0.07933905460443591 -0.02080156247600863 0.04390783257119033
0.07645003328889369 -0.017625279006709238 0.04935012504650282
0.08134455367856996 -0.01878605183569838 0.04740768870517711
0.07047542692510304 -0.013397780217271614 0.04634995235529306
0.07544541732278633 -0.014166189535001332 0.043116005492459204
0.07248242551722371 -0.012800610393302644 0.04781963832321519
0.0770126195154926 -0.01339208620694195 0.044886035120296874
0.06873450172620897 -0.009858576004134218 0.04597621111917204
0.07350456706917873 -0.010119402085800956 0.04280303615643103
0.0707176716559575 -0.009267198426511277 0.047641621950669115
0.07509959843216472 -0.009526321167609767 0.04456951894452074
0.06705498401799126 -0.0027848136721431633 0.04561467513848761
0.07142542096547023 -0.002830563886037616 0.04264422222172191
0.06839036505960691 -0.0025475009800326426 0.04726549742652682
0.07266924108494666 -0.002517113970087417 0.04450226133057922
0.12448323520501507 -0.05603988484904067 0.0763980683417618
0.11945716269830714 -0.05833206449010113 0.07857303845832196
0.11238631683061569 -0.06017006131125386 0.0816942894572001
0.12408377264475369 -0.06308473737000679 0.07423778182038478
0.11901285132162956 -0.06266428540111685 0.07735806795044216
0.11235803413468333 -0.06316082608705184 0.08065115928991985
0.0861438749474353 -0.05929178302679136 0.1411777498366425
0.08215923760150183 -0.05930601570289113 0.13354496280615824
0.08432222754454279 -0.06262488442211751 0.14050576503726736
0.08101362525959835 -0.06172018156528777 0.13219927237643186
0.07906150754404295 -0.05618435237563362 0.12487350126329246
0.07804723318118154 -0.05823844430209677 0.12408550895934124
0.0915124998 -0.0530353094 0.145100049
0.090552442 -0.0513560447 0.13651442
0.088371441 -0.0446639562 0.129657007
0.07470327381869185 -0.0536247974570809 0.14712898988430953
0.07363406386571184 -0.05452013038839604 0.14691230162298566
0.07960202099807663 -0.057488675225180044 0.15149494586933157
0.08033193962578733 -0.056311800062754845 0.1518047519567602
0.07562118552871762 -0.05626261087321533 0.14531820963029762
0.07621314464975246 -0.05504788965405199 0.14557333018605598
0.08208222512989581 -0.05818074579408975 0.15933018670286855
0.08290306875651429 -0.0571898798029076 0.15932183188056634
0.0774362912646279 -0.05626586984459269 0.15304585311916588
0.07827421222219846 -0.05548430963299349 0.1532314973047985
0.0935486764959684 -0.05841665625563177 0.09154033599584663
0.09890770934539617 -0.06038687962363627 0.08844956791673073
0.09652546430638889 -0.06755947332738613 0.11507494307347316
0.10195941137962189 -0.07092039769602398 0.11239871683996641
0.10005600381812724 -0.06889531312033195 0.12605745986035044
0.105060710595092 -0.07260896408262926 0.12404422807904313
0.1031570743454341 -0.07064049151063997 0.13613664326895844
0.10803581845140997 -0.0738312793034452 0.13460362075925061
0.09959790571272231 -0.05829326322273038 0.08865392369420108
0.09438414674157877 -0.056542254501866125 0.09192695267137202
0.10314503627398643 -0.06793358558492428 0.11314083950352403
0.09800655546575338 -0.06542871255953764 0.11546153361123568
0.10578857894953898 -0.06988856504054436 0.12501451005015604
0.10079878224121144 -0.0669695989975871 0.1268795443158757
0.10872192816311024 -0.07099131285076699 0.13540622057410528
0.1034933770897997 -0.06853756234752896 0.13689691748965294
0.11604211134943801 -0.07267877952250992 0.17943959934142134
0.12180168477714624 -0.07409933685939583 0.17901862565026178
0.11650645324872115 -0.07106386196323529 0.180309169615933
0.12195424535249964 -0.0728317045651269 0.1798004804334925
0.0947121049738935 -0.064602950803783 0.13923431814252252
0.0937835800135483 -0.06666141165411694 0.13856600676027372
0.09182122549668036 -0.06309234683683834 0.12995795157219986
0.09096108290291587 -0.06470898986822435 0.12936272922695768
0.08883903142437413 -0.06079031834319719 0.12006469320919304
0.08786827084207817 -0.06255064773278667 0.11950082647098877
0.07966185788215945 -0.04908660798550812 0.10015733895475062
0.07942258087189914 -0.050278732858706404 0.09970044208211817
0.09957611395479422 -0.06720444318586594 0.18078813046258485
0.10507376022849084 -0.070072494536586 0.18013064858897415
0.100549515 -0.0661152164 0.193806999
0.106434941 -0.0687339325 0.193603114
0.117944037 -0.0731095366 0.193466301
0.124171245 -0.074578448 0.193308125
0.101319931 -0.0651860893 0.194173689
0.107107971 -0.0675507616 0.193902823
0.118330185 -0.0709492306 0.193944896
0.124408991 -0.0727700344 0.193885301
0.10040503270301031 -0.0645905550126607 0.18154043898637243
0.1057535671206533 -0.06721744109739611 0.181399068346088
0.09047638688710878 -0.058994179796828895 0.18281606872738548
0.08968389603413163 -0.06157681365435961 0.18239469115843562
0.0823085280787347 -0.05527919845130201 0.18220761756971318
0.08071865416390167 -0.05576008510500889 0.17471350519321413
0.08184621244990464 -0.0569982375854053 0.18240259534763284
0.0801307371146902 -0.05725932311710927 0.17483106287731476
0.07832616107187164 -0.05541113174622877 0.1655055011512623
0.07743384059179795 -0.05641295847510975 0.16530268482468483
0.0723344753849355 -0.05250792455952346 0.1774839292956451
0.07087829914601765 -0.05175310877758434 0.17529467150064024
0.07165231247198424 -0.0538118187162384 0.17762751104590593
0.06996571051507143 -0.052862417229508296 0.1749035162991231
0.07390599255991445 -0.0517792418954707 0.18409572197846905
0.07319155043868955 -0.05301696814789415 0.18438958324599333
0.06580114021275023 -0.045825106585617184 0.184559319730151
0.0650161620375908 -0.046130660948108936 0.18044068348670597
0.06467810393984375 -0.04739078150035345 0.18492966079460557
0.06253182625136205 -0.04801163876482197 0.1791445945745654
0.0642870410183708 -0.04501286759195079 0.17790213890322035
0.062406307276603776 -0.04665417788901151 0.17690782444136088
0.055028626315503294 -0.03266655161894247 0.18673254773335182
0.056743421346879264 -0.031322486141576546 0.18632500997044033
0.0579074238 -0.0261303027 0.195433057
0.0567394266 -0.0269555816 0.195991766
0.0631089236 -0.0356515702 0.193717151
0.0618023248 -0.0368996185 0.194415476
0.0678369232 -0.0447339104 0.19365821
0.0668810604 -0.0459508885 0.194294179
0.0752830515 -0.0507657232 0.193762686
0.0746472989 -0.0519346249 0.194407402
0.0833377727 -0.0552134163 0.193714467
0.0829064075 -0.0565160704 0.194359518
0.0919173196 -0.0584684754 0.194614513
0.0912822442 -0.0598907437 0.194134543
0.04632442716365028 -0.020057475106028188 0.09871043942381882
0.047466373105282664 -0.018477372535587705 0.09693280047055974
0.045464968120114864 -0.02077935219579071 0.09833043122325698
0.04703311974125566 -0.018427705270827932 0.09574014454736783
0.04963783536643793 -0.018154347052896404 0.09512198986980501
0.049529248198021514 -0.019011497521491193 0.09536890445086092
0.050177168594289875 -0.016919460024435982 0.09416732733723886
0.049384871515650686 -0.016876069283666705 0.09109346222936619
0.05122546980794446 -0.014713806151362864 0.09098427494210738
0.05222386946357741 -0.01587052881704333 0.09420789894826832
0.05333378553682179 -0.01643705249205848 0.08842734965655125
0.05154274118042013 -0.018421892299944884 0.0877261896558572
0.05460712978602121 -0.017362943658528203 0.09006398609585176
0.05334721780133019 -0.01618031098682229 0.09330422475119411
0.0530558960025636 -0.018617253880230777 0.09058171819246193
0.051029407254056816 -0.017036957105241952 0.09343878908456743
0.044633163328268194 -0.018813985388269134 0.0994287195464408
0.04589988753803343 -0.016881256788716485 0.09726718212009264
0.04350226824357983 -0.01939665224856239 0.09895118703955064
0.04417409589277796 -0.017607660383789005 0.09590596106910353
0.04741245302634839 -0.020863379191652733 0.09840458795919131
0.04854486800348539 -0.019962545849473348 0.09634317925407297
0.046602197034469314 -0.021256336304458733 0.097917432608711
0.04733672784221163 -0.01991416563416352 0.09550278970769369
0.05066984643344078 -0.016897441493292652 0.09642558264828277
0.05127104091648954 -0.015619459220667292 0.09746515901455406
0.05008728015284058 -0.017825285256071424 0.09462224264199318
0.05018592996220186 -0.017527898823733713 0.09474289441163214
0.052017274862856414 -0.017896579213242805 0.095653578799661
0.05008942367362624 -0.01901029606955658 0.09542934925935322
0.05039098142755055 -0.01894032757926145 0.09685705266487135
0.05162286220989605 -0.017987299510114477 0.09644282415166497
0.05236674814422599 -0.01793341304701179 0.09500056360197294
0.049971041843888224 -0.01884733268515482 0.09513206169660288
0.050498805996666576 -0.01882499232975002 0.09453092488078209
0.05304467608570048 -0.017809521535936908 0.09462677314525653
0.04551757765549877 -0.013753122945745265 0.08633875098318247
0.0492203735156776 -0.011451024556793468 0.08719761063498457
0.0540509708831735 -0.009440863717839384 0.09093262356062505
0.058460510571632554 -0.011648411424342026 0.09336480889685535
0.05183538682548079 -0.0034201159019187012 0.0868497304244983
0.046605343880588054 -0.003638561517123648 0.08345667214166379
0.042440847403201615 -0.004184530785652191 0.08067799933937879
0.038254464271770455 -0.013584367579632484 0.09916346412544949
0.04112998908472905 -0.013185784868660145 0.09865976714433418
0.04550550995315909 -0.01181233898139623 0.10026716418920185
0.04210709066757193 -0.01465265555040237 0.10202333241367993
0.03957669980574163 -0.015175184361521954 0.10312211854996806
0.051896483843181324 -0.010446396794021266 0.10485569369143707
0.041138428428943906 -0.01616423602661505 0.10521903571179791
0.042173049459905146 -0.016074787067163077 0.10535908316057574
0.05284761695784133 -0.012206068227725402 0.10852761918099597
0.03998057709982772 -0.012273515273270636 0.10058995406851162
0.041556968923784486 -0.013932720128980915 0.10010244306888669
0.03736880046608249 -0.012489597483820399 0.10223680604528065
0.03867427054321158 -0.01449731949689721 0.10068059291938278
0.044863943089884596 -0.010342066334127743 0.10114022759161898
0.04609807283998091 -0.011961438254370911 0.10139117919169457
0.04377586165079029 -0.01649973904001418 0.09888513795946127
0.04130565562815846 -0.016350217601567 0.09890370266221762
0.04763166378225196 -0.013749811537459456 0.10105172445960454
0.03472132268844373 -0.00816167088479142 0.1022722998067749
0.03746547931472529 -0.0074569942186108375 0.10117107481382766
0.041217192869968465 -0.006707664246122189 0.0997360634819946
0.03611762666737718 -0.010288791484148867 0.10379393622959925
0.038630374559680256 -0.009975945937282649 0.1020510718250325
0.04321481174738412 -0.008695809655635137 0.10096782243053107
0.04347420279219526 -0.018651485484685357 0.10892171745421568
0.04479627140962508 -0.01884393499796619 0.10954325202186105
0.055766843510483 -0.015256876923727998 0.11414969609547909
0.03832240830250865 -0.007980459217714734 0.1043793068415845
0.0360968504746614 -0.008731000315940013 0.10636443947823246
0.04833432162930987 -0.006047149479613598 0.10240955572037429
0.041716624471164976 -0.006494256659247902 0.10082427016184564
0.03796262852725802 -0.007638452446077772 0.10283139267713104
0.04117081684585191 -0.0038279456564137572 0.10054298507860389
0.03702298562755833 -0.0053143785514658155 0.10275111298793026
0.03559871804599882 -0.008751674597263764 0.10449860554916297
0.034346715529570485 -0.006558062346393885 0.10482877172919378
0.039159552680379975 -0.007774174438551346 0.10888058927489785
0.037492194896625045 -0.008820207781666317 0.10923551902879526
0.04975059925877131 -0.006196911662097353 0.10624382590337655
0.040535296169395975 -0.008035726961057019 0.11236366108147088
0.03836883685796115 -0.008143842303328692 0.11308830961204201
0.051369543866178355 -0.006457255272264645 0.11080083219314427
0.04549027556154665 -0.0041267400703443235 0.09985164358847716
0.04467346751554274 -0.0040526120515968315 0.09872283913971559
0.04380912008064277 -0.003325335485788998 0.09749540556537961
0.0433130151729645 -0.0030167272050775234 0.0966661672892829
0.04101324537368744 -0.0033847029137718436 0.09529873183097876
0.04724731827901555 -0.005735411620730186 0.1007646520419168
0.04633667421383247 -0.005613364212799091 0.09933404647102159
0.04561612061615876 -0.005548249516746976 0.09838179028979574
0.04465254361451773 -0.0053054531230354385 0.09742615400809189
0.04227668149128426 -0.005234733909913257 0.09584585439125473
0.044091558375750795 -0.006456613999489353 0.0964154317725862
0.04897410160218674 -0.007078202088588349 0.10158944770574292
0.04806134396772877 -0.006918708576989545 0.10023120320270851
0.047079171303881284 -0.006831132764595626 0.09908005349638059
0.04639602503912281 -0.006619466984050612 0.09813767713028038
0.04538035952370994 -0.007792000311732803 0.09712194554818858
0.05040354438764037 -0.008956001214823588 0.10277191854351846
0.04957194345044008 -0.008659522590691209 0.10142917148392303
0.04880965245836678 -0.008319905723448763 0.10020084123690903
0.04795672505231584 -0.008097445935865725 0.0991244656876307
0.04778809520353494 -0.008979951891941541 0.09823000470860348
0.0517076441934451 -0.010311723777334414 0.10335238219493163
0.05124585980597809 -0.009977920624679372 0.10215452109797361
0.050443559572904896 -0.00958752376373443 0.1011919151603589
0.049704348609757254 -0.009319347573385001 0.10015632553775822
0.050255973261100706 -0.010690332404285687 0.09917102721734895
0.05249305727078346 -0.011754796472378214 0.1034271101236306
0.0521710663425818 -0.01145369501663438 0.1022238822820422
0.05197775271934413 -0.01111544535185291 0.10140734064628446
0.05166061405367554 -0.010726584779544872 0.10070793886671975
0.053230866101747154 -0.01266587035137655 0.10672996520544262
0.052285407038325994 -0.011055776783743676 0.10640038234747562
0.051212232300745085 -0.009313088829064231 0.10629867839665731
0.05005529093096114 -0.007426055118677354 0.10439035499599354
0.049265144263204316 -0.005637911974276354 0.10352288755269322
0.047705522583422456 -0.004363811059549952 0.10259584645938896
0.04671704768819697 -0.003160847097616534 0.10212747818982708
0.03631452581210529 -0.0031170861911733404 0.10127818074380643
0.03305288437372404 -0.003478644108817475 0.10310944371025833
0.03551832532239564 2.387155126668777E-5 0.10145113109527122
0.03244925049729281 1.2832654095360174E-4 0.10290195972501791
0.03946351382409265 -0.002014715721394768 0.09956796363653385
0.038664400753480335 -0.002139810996512434 0.09809806773408629
0.03812018122466065 -0.0021835394586904406 0.09693374503561306
0.03758320738613717 -0.002268361619711341 0.09570831059010104
0.03702982417258708 -0.0022016915808953153 0.09445606579106788
0.040149683039532105 -0.00195345911545028 0.10067229111980133
0.045102911618694674 -1.4357587585540478E-4 0.10006872961164716
0.04630905721964779 -7.114284299658225E-5 0.10159594388481645
0.03981049998408001 6.20713394162717E-6 0.09917781720650193
0.03909845825161057 1.0281559827030538E-5 0.097862285797659
0.03821439714787964 2.117407500865352E-5 0.09673276778555692
0.03756188660219276 3.060412270964102E-5 0.09554505300326181
0.03654127900489075 4.334869032793714E-5 0.09455487179152325
0.040522012733205735 1.2658971700500915E-5 0.10041133633981464
0.0394787186804802 -0.0011456882050457852 0.11320076636752575
0.03847525527354998 -0.0013249440390696436 0.10911947837000101
0.03727433078834716 -0.0013490428390152468 0.11458426712405224
0.036946290184732965 -0.0016464281866380372 0.10978908594832831
0.05005255523829238 -0.0018103065540768602 0.10921932670497451
0.049000709877155546 -0.0013495981387113677 0.10498509678689645
0.03651698870969896 -0.0013663433750535799 0.10305650862181649
0.03385829386313033 -0.0018806619334120948 0.1048450734284285
0.04674487869059838 -0.001530397747920836 0.10165891278043487
0.04569559381305815 -0.0014313069141258742 0.10023449723225233
0.035728293744212845 -0.0013192124615012295 0.10052569843832783
0.032567343083291865 -0.0017716399510183127 0.10277444441674798
0.035262018819915565 -0.0012277405899642317 0.09965658454101987
0.0317400530272695 -0.001516671644663534 0.1012654674107264
0.04052585717919977 -7.300629102423762E-4 0.10035895940195244
0.03980053897306105 -7.556259373606925E-4 0.09927570986843154
0.038893607882594494 -7.953711809575778E-4 0.0977345591123487
0.038321802521893586 -9.124230804330125E-4 0.09656848445678268
0.03746172147721708 -9.889638025778046E-4 0.09559813019910558
0.036554248396825015 -0.0010575666876364279 0.09456886376130214
0.04267289745498785 -0.0021464974262610384 0.09579533801478474
0.04486225705575062 -0.002796738250815632 0.0992281768905952
0.04392537385519351 -0.0022547989689053233 0.09785006557234538
0.04335407615114217 -0.0021546123303518953 0.0969170178703433
0.04011694734224985 -0.002207107288281995 0.09493559607105437
0.04203850483999158 -0.0011958631271450336 0.09514342320928254
0.0447094903741717 -0.0013785436218533777 0.09915087127207223
0.04350447748702039 -0.0012785186209685944 0.09753788923406921
0.042877992214727975 -0.0012147060926858105 0.09644866633488777
0.03924538029116227 -0.001171499467335265 0.09411668250765896
0.04108528428804552 2.1163396691408296E-6 0.09514602166261313
0.044011327329845494 -4.59051602643837E-5 0.09880995934368914
0.04299150626142875 -2.2048308585440678E-5 0.09723678933977525
0.042091120591750526 -1.0051838518870689E-5 0.09624603531728569
0.03938244665847485 2.203529379980535E-5 0.094152576803435
0.053247521708234415 -0.01375322331464506 0.09784871137560673
0.05600801751872451 -0.012981268632318896 0.09627606994333204
0.051967658567749285 -0.014489528930060249 0.0986191695317887
0.05870282865137551 -0.013163533784116768 0.09536131644879187
0.06017902579832846 -0.013950295905944399 0.09454687011101384
0.05166560345335926 -0.013632303495914704 0.08500259601843742
0.04857819832749895 -0.015212621869583701 0.08206431427047699
0.04969054060278985 -0.003168880724045216 0.08148751939582963
0.046962528271121094 -0.003992613068904901 0.07880731979094757
0.05831165218795624 -0.011708480991187832 0.08998692871668533
0.06051729726031331 -0.014058693909060577 0.09183510380997205
0.06072543944054429 -0.015595651067293981 0.09288603225524578
0.0541637759872266 -0.003527207714810008 0.08570034840425335
0.05506836881482496 -0.018361738520869766 0.09165836412357217
0.05413446651451509 -0.017838638340940547 0.09389260281621309
0.053473126217734646 -0.018981993567699744 0.09198058822922028
0.0511572912056464 -0.0188665759368223 0.09382250376578732
0.05273298728104313 -0.01649202229628489 0.09804995968949078
0.05407139076577834 -0.014614562898627882 0.09807984936285426
0.05662351451475765 -0.014110155876299957 0.09715104783700355
0.05883314032537952 -0.014379459934844891 0.09632580067037301
0.06000180792805064 -0.015483918273393469 0.0951899165030299
0.06421458566815373 -0.01485360539995382 0.0892966030754874
0.05485707290906635 -0.01492996117688496 0.08146574841909127
0.0606636225975009 -0.01696046706737664 0.094449207124773
0.05079808944983014 -0.020589501557994414 0.09358248474998689
0.05362761935659495 -0.01947540121002241 0.09432919983108279
0.050727826752238275 -0.020614707764062247 0.09391066073674639
0.05292024775473414 -0.019668027259609807 0.09476950469392466
0.05086058759754038 -0.02053118994605207 0.09426410746289056
0.053252192204568005 -0.018941352074569377 0.09538728270061891
0.051215259573046006 -0.02026601840736747 0.09452224727188756
0.05190291958062828 -0.01968351697062295 0.09532528158687421
0.05395600464038605 -0.01682193935316454 0.09771324623860363
0.05535806490427415 -0.015003382690245717 0.09847325340815513
0.05616605407563188 -0.014806160435388026 0.09863937575095286
0.057266370684549935 -0.015377285602091026 0.09816159622550341
0.05952652182634368 -0.015619496805479603 0.09688094759183535
0.06032514537438655 -0.017066186137024215 0.09665049185628442
0.04528421586758355 -0.01795446055334691 0.09840988627944372
0.0442710506361969 -0.018406613714911653 0.09735886303790796
0.04674384440484153 -0.01911454243653593 0.09787377678062933
0.047994504686789646 -0.020558168999409657 0.0971441835077889
0.046160358707700404 -0.019616901387550775 0.0970923275663477
0.04706523785636926 -0.020713356388196377 0.09659998353874136
0.05143963550807313 -0.012089408272877753 0.09939428459725098
0.052265971702099796 -0.012132799280842259 0.10089673417728158
0.05233044471734859 -0.012164065766900455 0.10157584575096801
0.052398664796034264 -0.012395983328887415 0.10236649241595427
0.05273712976713756 -0.012634870294255023 0.10372943286994057
0.053157882927511155 -0.012931598630699285 0.10535785259676506
0.048687773456518875 -0.014829188605508954 0.10023655500061374
0.04881361679227524 -0.015186078618800995 0.10112391790372015
0.0536528044570691 -0.013899992503977662 0.10643778461336766
0.05207557741033281 -0.01339675328006349 0.0990257411430129
0.052620471967748945 -0.01298641123711724 0.10071323684215437
0.052759992251711 -0.013226476019971792 0.10147034465935945
0.05313498600204426 -0.01387341936623731 0.10251571215258752
0.05420777156800672 -0.015135569246589329 0.10412747466317726
0.054964122759667444 -0.015610503306895538 0.105418343320842
0.050168686314017254 -0.016238701943199582 0.10011578306301919
0.04998879567428458 -0.016655317808655524 0.10099168612463608
0.05535629237447885 -0.016219890792514402 0.10605876390247918
0.052384182790459324 -0.014697327584181135 0.09880505198205808
0.053155877738832555 -0.013715415445888298 0.10043334291893462
0.05351391892362257 -0.014304244132347944 0.10142932650698412
0.05538751863979213 -0.016218840334854347 0.10308316438831096
0.057244326692072474 -0.017970101942189568 0.10456282235845622
0.057366907861815884 -0.018356834575630625 0.10523883279580885
0.051322304362611135 -0.017753213544251988 0.09985252279690326
0.0512980975349834 -0.017860854810536366 0.10084097516232272
0.05756289494469573 -0.018720785181774217 0.10567249199573613
0.05156744552268648 -0.01749450366898091 0.09906847349179164
0.05190991197183437 -0.01695090137282562 0.09854988212257874
0.04987375023509043 -0.018459013541979836 0.09541041658930642
0.050602627991565945 -1.284776215387907E-5 0.08931006609895815
0.048680166955930436 -1.7113757604335525E-5 0.09011272428580695
0.04590936506278039 -2.564433482635352E-5 0.0927488328099551
0.04372536140672419 -2.4105526105207888E-5 0.09340956034766511
0.05599084987117862 -0.0019579468984598793 0.08737114397300126
0.05360111051698831 -0.0017748190759758822 0.0891113337869119
0.05224019095400759 -0.001664401646922992 0.0903168328687648
0.05042748926492785 -0.0016814893102607966 0.09138537147884628
0.04688040846280146 -0.0013329718160287913 0.09265912506553357
0.04374066738252056 -0.0013029371944527676 0.09408151522488008
0.05645704014477514 -0.004067742019380437 0.08795744810304709
0.05453925547871856 -0.0035892021487405807 0.08958126701514758
0.05278173539726397 -0.0032935391738723474 0.09032655152846392
0.05031298692101697 -0.0027123236711045955 0.09149319023405235
0.046831455366653285 -0.0024130682620329596 0.09354814712967029
0.04265933376834081 -0.002895366042999544 0.0943995045575952
0.0569931471872563 -0.005743696411171475 0.08801147034862954
0.05516425377571767 -0.004782965438293157 0.09000855567813648
0.05320950610774355 -0.004233896130904018 0.09093909822317815
0.05011585281957809 -0.0038122104962427005 0.09218927050959752
0.04671656715360769 -0.0036330466359285017 0.09388116166772453
0.04249459197554041 -0.004269833989156431 0.09507022058303834
0.05738220649943332 -0.006365746606300688 0.08808550538125054
0.055577022657359726 -0.005693184088619954 0.0898570300576797
0.05291629254009521 -0.004616726190661164 0.09192181615794776
0.05045344957823007 -0.004683059437838144 0.09283432772791685
0.046784417713506235 -0.00474907846082707 0.09450567378671854
0.04318088174697173 -0.005767725550938788 0.09620472580787136
0.05948006210781711 -0.009730775417581071 0.0888475108875893
0.05483347229657522 -0.005479890562626219 0.09113742332515237
0.05263756483150334 -0.005721655190496125 0.09215675503074866
0.050729440147725666 -0.005250822986727018 0.09334616534452939
0.04724497697829692 -0.005590368308016398 0.09519630102292082
0.04399421117346283 -0.0073256872348894655 0.09645499235617064
0.05957891953961784 -0.010752994344910768 0.0895979564475197
0.05485319690327861 -0.007228310243714812 0.09125943714775292
0.05304503598823605 -0.006777931250356481 0.09229222835980858
0.05127635588847597 -0.005945544900741059 0.09374353162943472
0.04842275512475449 -0.006558612231542442 0.09620722797935909
0.04467087440071699 -0.008782359814926243 0.09678026679601949
0.060192200487601724 -0.01189316622811143 0.0902358990280907
0.05664519516423232 -0.008675543399876754 0.09256071252973477
0.05426995491653067 -0.008095962423549603 0.09314949804177562
0.05267104254775793 -0.007380878190011303 0.09437378593244346
0.05064568116468809 -0.007939011203729114 0.09751158922294546
0.048367172089156626 -0.009153710401074015 0.09874952305256544
0.061149327309216656 -0.012777933753968582 0.09115326512553731
0.05797787915001453 -0.0099581120651397 0.09306990410821454
0.055832276786711314 -0.009413325377082683 0.09397990724057179
0.05427784506879518 -0.008730068899799184 0.09527379655143157
0.05260606164366295 -0.009645708317993969 0.09870509387746945
0.05088069359654366 -0.010546990619422448 0.09943645098276034
0.06208270679796888 -0.013864614553492732 0.09230999056396054
0.05959360540055325 -0.01179013991950932 0.0936679730632103
0.058353829083729165 -0.010265348597428716 0.09506938692079006
0.055719109206693616 -0.009627977582149031 0.09615214321122197
0.053206800400569944 -0.011488110613921486 0.09891277921486717
0.051942315149711725 -0.012443310814851618 0.09954027863879658
0.06212646546324219 -0.015614935962278708 0.0933323759452184
0.06123254089431104 -0.013085603568184098 0.09503868514580134
0.05947811570204534 -0.012275153090814879 0.09621302011517532
0.05661585766154847 -0.011372224392144978 0.09724418286006041
0.05362374170542725 -0.012949965903415942 0.09894633598164113
0.052754029741205195 -0.013747182770429045 0.09939987560013695
0.06206358660225249 -0.016461111343443868 0.09495287346975634
0.06099348879072924 -0.014370620473702366 0.09573196401884665
0.05958790355526981 -0.013494970256562882 0.09704498623929758
0.05729867778618128 -0.012955044355543295 0.09839557230777855
0.054522202482691705 -0.013323569259774704 0.09927482244846707
0.053359526022711504 -0.014385626636847173 0.09978893546180198
0.061454082266120286 -0.01578348225201952 0.0973227437441767
0.06083542751183401 -0.014903157499749376 0.09781997865774585
0.059990208505169174 -0.013886553960546312 0.09892159759199892
0.05811080678911045 -0.01343135115167094 0.09997899380515778
0.05639710368844954 -0.013438913521936848 0.10016061482007216
0.05421519293818206 -0.014737593302944068 0.09976907851405147
0.05137177904740284 -0.015407303976129582 0.07802510769396145
0.05969679352747229 -0.018555740081619698 0.07907412134620388
0.0553063929569396 -0.019416439854348832 0.07554023279788993
0.06105734486232238 -0.020873449904743623 0.07297525843472057
0.05884284148418116 -0.021692320630058142 0.0726147096434692
0.05992954261472191 -0.023845935858202848 0.08342227691726994
0.06278509914139092 -0.026986789518871353 0.07755882050401003
0.0582299013145496 -0.02508917457878233 0.0812787729470728
0.06123541989378514 -0.027756171644019504 0.07709679852932239
0.055756242709575805 -0.019986621993082286 0.08590279355014742
0.05417950378176637 -0.020839672842815533 0.08426769556142849
0.05635107923737932 -0.02122374359558791 0.08762606819068447
0.05976036809757634 -0.02532992952880302 0.08513951528550667
0.05429848441447548 -0.022139555117018008 0.0862703871844566
0.058468246999778414 -0.026608222906757538 0.08311860508560265
0.06321775971796278 -0.029072990055047022 0.07944486228144187
0.06161075162823573 -0.029720397902340673 0.0785236162181899
0.05986337590684866 -0.022286471307352156 0.08199972404660258
0.06289804698292692 -0.02588678087110549 0.07599222390554763
0.05776286513350071 -0.02370449299095122 0.07950334557907947
0.060792556483769904 -0.02602595748088101 0.07529269119937014
0.055361703128428814 -0.018666706331087142 0.08429216053481405
0.053789618316706214 -0.019492676606360986 0.08234948481544052
0.06490663099871603 -0.01724634951084601 0.09397088281537408
0.07180568603213469 -0.022142084306298663 0.09296533258240128
0.07719584550294083 -0.024408630222068926 0.09101437727535126
0.06498075140293512 -0.01830978577071583 0.0954780784487574
0.07225606519154286 -0.021986469975718972 0.09553651772255513
0.07758156420719219 -0.024805427600334853 0.09446260378958932
0.06455285581254874 -0.016512235881914854 0.0922316893145728
0.07110630169534717 -0.021095602991663156 0.09111746958367513
0.07605791056029791 -0.023440262930597037 0.0883163385844257
0.05049090763605489 -0.018548929740024714 0.09481795351360671
0.05235467723002539 -0.017254628849940556 0.09644164501626748
0.05025436549545703 -0.019346619442832724 0.09476632702465838
0.05248678054256332 -0.017533291193638532 0.09754759548066241
0.053822934588147284 -0.014290753237040724 0.10049931980257724
0.05271145330982755 -0.014880526982479202 0.09862225323057898
0.05015058204721511 -0.01909078900949116 0.09425593141902347
0.05030534546507617 -0.018858247998059904 0.09426185522428084
0.04979529242228363 -0.020124348835972524 0.09483457790226445
0.052445961755103916 -0.018008250051356856 0.09817297423730435
0.04970771116840391 -0.019610307198115035 0.09425585221858103
0.05425052089469229 -0.014816197658670389 0.10127786706218013
0.0493877897440589 -0.020870076076406296 0.09513159055285324
0.05226099598481217 -0.018303461671235005 0.09887476414686336
0.04886692810245464 -0.02041850931910707 0.0945044175993912
0.056310950012222055 -0.01687105231901304 0.10283852655999609
0.049081275389443166 -0.02151503556866194 0.09582319530584955
0.05238541407872709 -0.018438364281969585 0.09987561562580827
0.048194788495345454 -0.021205177168523933 0.09491217218727
0.05814584126667944 -0.018812794845730625 0.10362583153376147
0.04881131095519858 -0.021889146082702222 0.09678378998660914
0.05257006392250068 -0.018752736480759386 0.10077424109347059
0.047880832259320785 -0.021984771570634415 0.09599769125959354
0.058626442765244646 -0.019254603801614773 0.10395106737387451
0.04832485574525927 -0.021875974722534188 0.09788591567650284
0.05890174310149797 -0.019557928407020614 0.1045820348851704
0.04775187797189886 -0.022421196701604765 0.09711927525317757
0.051119311303596315 -0.020642570914992612 0.09488219306920873
0.053882358834094105 -0.017254991161427088 0.09818275345620942
0.05037344824730402 -0.020999929400478033 0.094203858718367
0.05522901551998054 -0.01501759567911023 0.10074410437454102
0.050541853318431286 -0.02138822401456358 0.09458789643554485
0.05379890537934203 -0.017561126022245188 0.09845885829204251
0.04993577373223249 -0.02136469270619377 0.0941107070245598
0.05589021089589135 -0.015711860788601203 0.10125855220714221
0.05020746248088756 -0.021852132947380323 0.09464719563005466
0.054089227658927326 -0.01754418868885724 0.09939847986789319
0.0494198704849152 -0.021714089404801934 0.09405727976734689
0.057350905789292576 -0.017714315340205896 0.10222057049646803
0.050165103594177266 -0.022354608599508996 0.09522367249221637
0.05450345548631021 -0.018169438590399833 0.0999359798965127
0.04926285829543146 -0.022303882107444183 0.09434158856414579
0.059603975979204867 -0.019512442372128277 0.1028821467435532
0.04996007626246055 -0.0214118276037592 0.0931284795757775
0.05179079973631609 -0.021131442841819725 0.09386871744568696
0.057097739162004425 -0.016437792645883485 0.09983423803615085
0.05995536327653171 -0.01627150552187389 0.10136777822383963
0.050464161004156634 -0.02266783214821151 0.09641495429240754
0.05594349944969647 -0.01887581166105948 0.10074597188213491
0.049333096879298634 -0.02322170879308778 0.09496264073936757
0.0606042961242444 -0.020110917076317313 0.10360933356894055
0.05018302499520456 -0.022019168768919125 0.0922433669519625
0.05211194796281961 -0.02185290064099143 0.09320749646394104
0.0573824240265662 -0.016442089453237618 0.10005519345739183
0.06283237456169068 -0.018958084159495174 0.10154849305140141
0.050824736347591555 -0.023135864069522206 0.09736032861201405
0.060681965381981964 -0.02012912389200802 0.1037448473775993
0.0493758974823989 -0.02360359714352069 0.0957500330934463
0.05158072023051953 -0.023318313059534655 0.09121956632186853
0.05346105559251084 -0.02260192004331009 0.09286556575725965
0.062298244910631434 -0.01944030384468534 0.10137471842082518
0.044087092480468125 -0.019700356236902392 0.10194774298266993
0.043077189191874546 -0.020340117351527152 0.10189968715718278
0.046104211410445 -0.020417342440774068 0.10118587145868274
0.04492893092054592 -0.021532229963281854 0.10049346180568434
0.04798043253570249 -0.021218724404195696 0.10097794190486625
0.046385172143899346 -0.022165119037936568 0.09981927357817492
0.04958749785933577 -0.022348303601024275 0.10028442017983495
0.04784367569381479 -0.023573247017506495 0.09850850527900595
0.055109227614577566 -0.015589635196534547 0.1082570875143946
0.05665794562740863 -0.017247933631225624 0.10773075361892125
0.05850218695066086 -0.01971438502775266 0.10676384479126072
0.059653603524057006 -0.020441799252814835 0.10627428911418761
0.0613284401872514 -0.020471264327152322 0.1054391919133034
0.05056892633421073 -0.005129024797480823 0.07602594594204577
0.051244063014319066 -0.004985886234468814 0.0724643430507516
0.04989150480631072 -0.0051707294473355495 0.0681328260512779
0.04886887102889244 -0.005602833365731559 0.06494859746879854
0.049033535097505715 -0.006100119258435309 0.06242623202164082
0.05036656528390499 -0.006357291537511313 0.0592916028443181
0.05309995622902092 -0.0064322010373296995 0.05442845864314752
0.06284461301633598 -0.006028017259518902 0.047989842140798204
0.0676689485211201 -0.005797028845633784 0.045983720204634856
0.07214343566778753 -0.006091145602128292 0.04264225790737412
0.07767117268540938 -0.006134387424731256 0.03926290749465954
0.08354998358155447 -0.006510712409711065 0.03613996566355687
0.08819996953678617 -0.006755455116038623 0.03491866078480451
0.0915948808427409 -0.006903706840934094 0.0344213559975111
0.10749345215101083 -0.006357144524008857 0.03360824890107091
0.05303700245624892 -0.003435484973472044 0.07860379433304546
0.05413568524081444 -0.004422546037855213 0.07357602017662954
0.05261467202677507 -0.004915786130079948 0.0690204018278798
0.05124663937547683 -0.005303978222023284 0.06528920867093416
0.05114101469302707 -0.005829472442580076 0.06304406812162563
0.05243262182956591 -0.005997838010696806 0.06116711949851207
0.05573131351744823 -0.005937968213460779 0.057452000656395316
0.06456142551398449 -0.005625669453646675 0.050238218788619775
0.06915178907177322 -0.005749000133265583 0.047429862241016224
0.07336229501382767 -0.005784561401888274 0.04420716194535434
0.07832288413100709 -0.00591603649970739 0.04112014670060571
0.08401504509497333 -0.00600382472427535 0.03845315861264493
0.0889621197171605 -0.006037059703944282 0.03768163798345049
0.09384901407700881 -0.0063392078576588766 0.037659592878647556
0.059802863952970006 -0.004659649287085136 0.08380086063182506
0.062162552784305505 -0.005046296599099872 0.07919133498367452
0.0634795135036599 -0.005100040542285809 0.07460400483010507
0.06375700340544789 -0.005032125277554481 0.0699034807362061
0.0638349383 -0.00506651384 0.067130557
0.0637772542 -0.00496064089 0.0643099836
0.0636194431 -0.00467075976 0.061077004
0.0687089123 -0.00552398616 0.054571133
0.103647418 -0.0055243004 0.0522292859
0.0875512304 -0.00562569855 0.057146991
0.0744824568 -0.00278186308 0.0567282334
0.0817633029 -0.00246760719 0.0570743489
0.0918479291 -0.0023308376 0.0560342042
0.0965610321 -0.00231162843 0.0554299875
0.0748288749 -0.00532100669 0.0563278518
0.0811973294 -0.00574974923 0.0566875992
0.0943523083 -0.00557093151 0.0564846847
0.0992140047 -0.00553757993 0.0552947372
0.0757274163 -0.00842965351 0.0562794747
0.0819304192 -0.00844788648 0.0572072355
0.0953903872 -0.00905506033 0.0578352288
0.100454528 -0.00902170055 0.0565715127
0.07774715 -0.0120340015 0.0572022293
0.0836595137 -0.0120803683 0.0584294072
0.096965782 -0.0129824544 0.0597643363
0.101896341 -0.0128956478 0.0586676072
0.0814314809 -0.016100931 0.0587337729
0.0872858183 -0.01633731 0.0608764397
0.0988101698 -0.0165888757 0.0623096115
0.10517329310225436 -0.006304616383154371 0.033277390979858906
0.112715307 -0.00654408403 0.0377532574
0.0550439401934376 -0.0032430487325007516 0.051132190886490465
0.05799610356706271 -0.0030388191571546993 0.04899700570560955
0.05795755308602705 -0.002847334135028481 0.05460293240031337
0.06036716416257181 -0.0027863464437106835 0.051950219411713315
0.0635153591 -0.00230852009 0.0591456033
0.06491492 -0.00260489215 0.0569100145
0.05597072979228423 -0.006220043023507665 0.05136600190732908
0.05907244563724541 -0.00616797468025276 0.04907100819833081
0.05846761763585483 -0.005685679051062795 0.05440687802886968
0.06122321516368398 -0.005567566396218167 0.051905111755905085
0.0641665107 -0.00483045054 0.0590127507
0.0652671247 -0.00516894345 0.0568026068
0.05781285942170153 -0.010258048354844935 0.05156801138194971
0.060825687127972206 -0.01005818723448051 0.049503705294095285
0.06050137239688554 -0.009036738062919582 0.05471546983341866
0.0634646735783818 -0.009062771420945937 0.052310957675059326
0.0652340502 -0.00777124236 0.0589135343
0.0666893883 -0.00811133313 0.0563003266
0.05962626841049074 -0.013205193625502038 0.05190699530133832
0.06268613647996442 -0.013045940351790915 0.050102240503395144
0.06514076931286768 -0.011988961110044376 0.052474018740058664
0.0695523759 -0.0114626265 0.0567485953
0.07303601247903503 -0.01866736315738709 0.07618087655401269
0.06913540809540344 -0.018648546301252636 0.08738941497848293
0.0732296240613564 -0.020527100177782663 0.08297522471754645
0.06330173629635888 -0.017444294025454173 0.05278612886338663
0.06624005123888249 -0.017646267810857895 0.050660615739892646
0.06855634285569431 -0.016305631318170335 0.052993654285736484
0.0675078026556693 -0.023742500387897852 0.05381153117070573
0.07099086686452073 -0.02406186016056492 0.05193850011076544
0.06915929563426647 -0.02277970054696471 0.05561944611519154
0.07284052319708591 -0.022634202051394325 0.05401236445910373
0.07314054522096505 -0.02947896609934058 0.057314082709299725
0.07651151897416045 -0.03017165231277505 0.05586180437067463
0.07499170171578017 -0.027530092242352693 0.05937586578954095
0.078791031878623 -0.02801810625331586 0.05834445391007022
0.0732099259 -0.0154745617 0.0582496845
0.0752992163 -0.0197820439 0.0613269157
0.0781956075 -0.0206069358 0.0597924978
0.0804882119 -0.024120554 0.0673876028
0.0819629546 -0.0259741219 0.0653939565
0.100876244 -0.022886127 0.0651472197
0.0956873382 -0.0222390109 0.0644673153
0.0901515812 -0.0215665509 0.062875186
0.0860189399 -0.020949288 0.0601398425
0.0993714424 -0.028800145 0.0666810364
0.0935288787 -0.0281538632 0.0631825681
0.0883825585 -0.0277715491 0.0625228737
0.07541336915489831 -0.021185599268352142 0.07898824660489602
0.0723030079222396 -0.03163024790184199 0.0629305146557772
0.07291987081253243 -0.035101560514822466 0.06745666158301833
0.07591450729424276 -0.033662140127826944 0.06142789293832155
0.07736241332335565 -0.03732817741282418 0.06615682903807917
0.07942461878956156 -0.03567632735570811 0.059926589995279826
0.08139428560248678 -0.03976840360313804 0.0644518071528666
0.08292853770064261 -0.0376220429661234 0.058134976086425795
0.08536596305024205 -0.041683313248977755 0.06262798671855374
0.08706728138921432 -0.039066609026701025 0.056283000910757566
0.08938100787467561 -0.043477935076883654 0.06054402033532052
0.09150189930845401 -0.04012532531850764 0.05516760086304235
0.09371863704881055 -0.04454345502329854 0.059314842408023635
0.09602827659809492 -0.04081296057648457 0.05404703947850057
0.09833637779906428 -0.04533766720782424 0.05806351933525459
0.10100472390292413 -0.04225991634188333 0.05212255936196975
0.10369306117158847 -0.046160484482796624 0.05688689545988323
0.10570227799287411 -0.04257162723496504 0.05050877196603083
0.10858243991167613 -0.04620611378809915 0.055099515001401284
0.10922001907240089 -0.04215953738962193 0.049381350953653785
0.11217190378084212 -0.04612496735282086 0.0528279509863503
0.06783255466452752 -0.030610999063818707 0.06952140990531518
0.07408385444922069 -0.03000915017211417 0.06471059560291297
0.07509259842598624 -0.03291614995012272 0.06953325365607552
0.07844848971357875 -0.0317526047011819 0.06384226034264613
0.0799932734879238 -0.03538410088247768 0.06827696537013053
0.08179566009123924 -0.033612183725244583 0.06246326948527489
0.0838718813867963 -0.03753618692532107 0.06684863169491512
0.08523392530503816 -0.035526284198561804 0.06086528667858208
0.08783249495970472 -0.039524487725545815 0.06495851459271332
0.08953523925065214 -0.03686679612236024 0.05969831793644046
0.09192941065488082 -0.0407932124521399 0.06338777869691774
0.09353741703019086 -0.03751356070849863 0.058756375241933605
0.09567141906167306 -0.041774762916284874 0.06205369751966634
0.0978767926267556 -0.03842720917853683 0.057111155711762965
0.09984138022441921 -0.04287720222068836 0.06023655969025578
0.10202947882176185 -0.03953307487850501 0.0556304633450711
0.1041828676029868 -0.043873426938011925 0.05877112043829855
0.10653973798491756 -0.04009007887248988 0.05383881068987874
0.10887293476826254 -0.043927814758766434 0.05702518168287719
0.1117420907858894 -0.039250883465523335 0.05284870642244043
0.11376434297551742 -0.043306203381799815 0.055186103915720174
0.07001763100793196 -0.02924391699987887 0.0711282397196713
0.06331006604627211 -0.027158544760993907 0.07077319518568023
0.06553815247600318 -0.02580079176737781 0.0726304599004108
0.06325511814595636 -0.029653248598988102 0.07638676829725712
0.0647856691975423 -0.029139211147994237 0.07775471325385283
0.07264741423857782 -0.03856592498932168 0.07903720941495157
0.0721032154754649 -0.03999010954916955 0.08425255787372181
0.07821912690552518 -0.04147358074951797 0.07704366565972773
0.0781019178630503 -0.04338431049596721 0.08235484640516658
0.0829975647227041 -0.04463937851901261 0.0749200230468618
0.08307585952512486 -0.04664455479827854 0.08014761562400993
0.08707809244605783 -0.047301778235654415 0.0730144818461978
0.08766850250966426 -0.049519056241434475 0.07827709669301254
0.09164438652625391 -0.04910520855781303 0.07141836447800799
0.0924593987690305 -0.05147481732153978 0.0766430105272105
0.09636793997224434 -0.05079213460135198 0.06966853379564424
0.09732667039727207 -0.05323040252784936 0.0745335607579702
0.1015639319320884 -0.052465793618209626 0.06753617305856026
0.10261903517806087 -0.054944562493806255 0.07173123038793117
0.10742192642789822 -0.05274674438368231 0.06547312361863819
0.10889544405834305 -0.055027795719161034 0.06915028939675973
0.11266936311488733 -0.05261373880699094 0.06305122003874566
0.11440925588104706 -0.05516202043397332 0.06634970097882438
0.11708566092636113 -0.053397761095509345 0.05925776847535765
0.06656853773534697 -0.03501765496242891 0.08081279540855724
0.06512030104123147 -0.03656513586415078 0.08584260132616188
0.06038581318214614 -0.03321025088547424 0.08632840390372906
0.07420929563922705 -0.03768250411065993 0.080814219619357
0.07329235092703842 -0.03925568147812208 0.08562260296250145
0.08036785798480565 -0.040418171387188485 0.07904296263115285
0.07978580165908923 -0.04240026107189678 0.08336029757926651
0.08555665512304562 -0.04336296843697414 0.07661734450528507
0.08511123228292274 -0.045541689751785595 0.080803988514643
0.08969369751547795 -0.04553777651112371 0.07447579595381836
0.08975264007010078 -0.047754406271203885 0.07892440814090541
0.09363339841035107 -0.046675327699321395 0.0732384173754512
0.09384311526604523 -0.048771791032420866 0.07766902404694953
0.09788467280544708 -0.04790747275895862 0.0714722191210933
0.09840008009325216 -0.05027814916089665 0.07543079051774514
0.10231588096753169 -0.04955121790039638 0.06910230514637422
0.10333643523305767 -0.051435522085073807 0.07311419966175914
0.10793289246877898 -0.05039576031188539 0.06680978168089255
0.10926471219482713 -0.05175120673011786 0.07068442321145654
0.11324771572311398 -0.05036159284432973 0.06424380875621898
0.11494934562956793 -0.05227081562114507 0.06736621979567248
0.11788759608053988 -0.05056123898705808 0.0607317075857647
0.06706134610075766 -0.033886443417570467 0.08220858971368158
0.06572169378008216 -0.035696752285849176 0.08702582561142294
0.060554484102865506 -0.033118779980189784 0.08744090834259001
0.07915305569014928 -0.023268306011369696 0.07672367152983744
0.0832722062 -0.0257189221 0.0749014675
0.0856642078 -0.0279671885 0.071756785
0.0869672631 -0.0296056467 0.0682896273
0.0894773013 -0.031342428 0.0660799397
0.0924986664 -0.0325762192 0.06581398
0.0960866947 -0.033462438 0.0657625982
0.101342277 -0.0331732147 0.0671294557
0.105357127 -0.0329399382 0.0689495697
0.109732161 -0.0324607719 0.0670352421
0.115180965 -0.031327828 0.0647562848
0.07697522610448737 -0.023404465010397602 0.08510528383638781
0.08213028299406605 -0.026109334684443323 0.08395612106755668
0.08543199310881489 -0.027850329359933777 0.08092928198690971
0.0896648799 -0.0306886456 0.0771979505
0.0913376067 -0.0325022435 0.0740744696
0.0933721024 -0.0347582564 0.0708038701
0.0964540389 -0.0365192001 0.0696746046
0.10028931 -0.0363994531 0.0679885512
0.104434859 -0.0360372928 0.068438662
0.108163195 -0.0351939127 0.0699581191
0.111653737 -0.0356423545 0.0695362002
0.116166606 -0.0349925126 0.0667343185
0.08063446694867178 -0.02583868692647241 0.09363892182874928
0.08394390161532021 -0.027077994887920336 0.09305697852207574
0.08805285105386151 -0.029418151086719656 0.08882250627876978
0.09143255404239799 -0.03159165152136382 0.0851452515581871
0.0952553951 -0.0347543929 0.079829455
0.0971101073 -0.0369580436 0.0768201568
0.0988817597 -0.038411505 0.0728344905
0.10170111 -0.0395121751 0.0711188104
0.106008217 -0.0393893374 0.0708759116
0.110788088 -0.0392632019 0.0711250005
0.113667854 -0.0381138946 0.0712797119
0.117593265 -0.0383384094 0.0685691952
0.07948609796618684 -0.024730753518944232 0.09963352681835964
0.08396878000694959 -0.02704424121378185 0.09810884055203245
0.08891144386371 -0.028262613740279784 0.09554560932752826
0.09322264593393847 -0.031103331102993934 0.09200862034349014
0.0979957525 -0.0349777726 0.0872895918
0.0999241642 -0.0378735688 0.0819990057
0.101551192 -0.0398811588 0.0788047422
0.104089729 -0.0404987751 0.0766074121
0.107576368 -0.0412435292 0.0749633277
0.11186935 -0.0418026588 0.0738215396
0.115045093 -0.041442484 0.0726710937
0.118527057 -0.0403682739 0.0716421613
0.0772510427589457 -0.024839625316709996 0.10392848465753458
0.08239935072123057 -0.02746473129238874 0.10195908090973602
0.08766856580080629 -0.028814196357611482 0.09916411763567921
0.09246866141607081 -0.030006153952554616 0.095473230059677
0.0991193661 -0.0345195654 0.0914828524
0.100496543 -0.0390705644 0.0864092734
0.102693819 -0.0404661729 0.0836541559
0.105803505 -0.0409385058 0.0813349275
0.109102322 -0.0418594333 0.078926209
0.112796228 -0.0428011806 0.0772231931
0.116085734 -0.0432931433 0.0755022511
0.120595772 -0.0414193206 0.0728445893
0.07662769543098676 -0.02845477312345367 0.11628698339925599
0.08222341914824362 -0.030259690954765595 0.1152917680203988
0.08678219147646851 -0.030923974209758277 0.11399511895142805
0.08962353878791145 -0.0307656224912867 0.10859164944578469
0.09440267518280031 -0.0317963734534653 0.10577407745871371
0.103344094 -0.0379007401 0.101755143
0.106475393 -0.0400322718 0.0988867705
0.109319966 -0.0417092633 0.0950030125
0.112470108 -0.0426617723 0.0916157875
0.115745559 -0.0441334423 0.0880777728
0.11960357 -0.0447874457 0.0844080724
0.123984158 -0.0457901584 0.0810376364
0.08055102508082423 -0.033222766135973664 0.11983237482909684
0.105692269 -0.0456475945 0.123615607
0.109358124 -0.0471828599 0.121559323
0.114013054 -0.0474787606 0.119519151
0.117986512 -0.0485685033 0.117054091
0.106907609 -0.0494177569 0.13255388
0.113229119 -0.0520411853 0.129530377
0.113127274 -0.0457952727 0.151108621
0.115505199 -0.0469741008 0.149370143
0.117221943 -0.0487588751 0.147074823
0.119147527 -0.0509435644 0.144440254
0.119540853 -0.0606054458 0.18257083
0.124416701 -0.062126227 0.18198578
0.101957555 -0.0513285181 0.1842044
0.11092189 -0.0562450625 0.183520945
0.121809554 -0.0626747165 0.197961853
0.126861498 -0.0647049974 0.19822038
0.102733406 -0.0536381503 0.198004393
0.112366889 -0.0579494322 0.19786818
0.050517922465502116 -0.023670235873365125 0.09300709060365522
0.051887509843724436 -0.0231053090494582 0.09439546758489178
0.052733375234225874 -0.028325364288493724 0.09756862136003516
0.05327938648896975 -0.024494567476488423 0.09536495608053161
0.05177696998812946 -0.028293689465926548 0.09676807483865102
0.05114643881320123 -0.025232343524356705 0.09389963979532354
0.060065921339924104 -0.037414620992303485 0.10749276117731814
0.05944526944967152 -0.038377764754204055 0.10732566038369211
0.07113364870221475 -0.052292044578803716 0.12763467883670673
0.07043546197908987 -0.05361763376222503 0.12754193628515295
0.05584837326464338 -0.034254916493671766 0.1249511060490751
0.05660804757651552 -0.03408910982698313 0.12558166839306636
0.0702025422122717 -0.0515179861203153 0.11963335965087459
0.06872734540959015 -0.04824866525907639 0.11143282299481223
0.07565859169015682 -0.05446782776607073 0.11704189764487476
0.0739770343099849 -0.051046299570197316 0.10935798131521451
0.08136013417702588 -0.05703874293307774 0.11429151418227912
0.07988956972601848 -0.05347576435449958 0.1068484555610098
0.08593670160431226 -0.05941053311923798 0.11170978136446641
0.08473387228004522 -0.055862135234952134 0.10424215799799787
0.09025859310786433 -0.06223661824293587 0.10910483491130822
0.08933307314970347 -0.059121273541526034 0.10127982009136917
0.094667445621855 -0.0647803315454205 0.10665504236015551
0.09389731717963781 -0.061600757958383004 0.09858969374900806
0.10044191912699328 -0.06709781006674564 0.10355975185383574
0.09956387764227943 -0.06336683885055992 0.09541167283811955
0.10750195013666118 -0.06903201956859506 0.10000305284485189
0.10603813122082495 -0.06549669187971593 0.09140551190603255
0.11578476443990492 -0.0715202673626513 0.09499286835639616
0.11364409411457767 -0.06757939310124148 0.08661977120177683
0.12334241088059412 -0.07110923741449728 0.09145004786522104
0.1204664911987681 -0.06820852351499712 0.0825836233838413
0.12921790169529856 -0.07024568777523346 0.08889025226482192
0.1260555477297636 -0.06727624271496585 0.08013573555046256
0.07066086944000975 -0.050213635801742616 0.11950448163682155
0.07635290951949182 -0.05278935558411951 0.11749656801890973
0.07460472591494613 -0.049863412526539426 0.10964222356913715
0.08221570156468816 -0.055520145587538025 0.11461464754388981
0.08024385186943518 -0.052463652683155754 0.10726935628660506
0.08675216782446356 -0.05771713840034363 0.11225132782688844
0.08537291933642449 -0.05430895648892856 0.10496714288662215
0.09155128646662171 -0.0603276277624453 0.10949808306457892
0.09035260855689653 -0.05710111213014109 0.10207080689970331
0.09622400850867724 -0.0623184744450616 0.10702911094664397
0.09504071048523022 -0.05943548421283176 0.09918024820452075
0.10177966977533522 -0.06374345040851404 0.10425945725235124
0.10044827872351976 -0.06086776105571264 0.09595978164547457
0.10827488775140577 -0.06536053843126516 0.10104394592489736
0.10640610357921865 -0.06253236800701997 0.092353695674688
0.1162658354825675 -0.0658424558345012 0.09716475313517006
0.1137062346623048 -0.0631205719097073 0.08821206703462976
0.12291799952440277 -0.06546014577905565 0.09326559502571283
0.12054225019865417 -0.06148283405174855 0.08454436577999058
0.12907630009712207 -0.06388617111949838 0.09046004435485357
0.12610583648717824 -0.06128684312578485 0.08197231436157106
0.0843073096 -0.038296135 0.127052285
0.0889561526 -0.0386391282 0.125247147
0.08814463936371193 -0.03316330541321202 0.12003245018251979
0.09315901946341547 -0.03894460693558823 0.12134215268778889
0.09094191149255432 -0.03338061058007464 0.114969664333748
0.09829804836469061 -0.03997555393367782 0.1189615910616567
0.0949490235577171 -0.032783224144257384 0.11206011867139333
0.104794898 -0.0417459998 0.116165841
0.103245855 -0.0383747044 0.109032081
0.108098632 -0.0441104086 0.112875559
0.107039313 -0.0417749897 0.105710292
0.111892174 -0.0448669889 0.110185135
0.110490213 -0.0429617538 0.102200899
0.115657293 -0.0459363105 0.107129762
0.113977615 -0.0440985436 0.09864387
0.119787013 -0.0461258798 0.104378583
0.117613644 -0.0450097363 0.0952826467
0.12464724 -0.0469880661 0.100851657
0.121887904 -0.0459013035 0.0915860366
0.129488576 -0.0469852461 0.0971881752
0.126226807 -0.0460349939 0.0867915077
0.06683421021698267 -0.04686160196751246 0.11245378134152395
0.06731044695266791 -0.049256145199154666 0.12040005494221385
0.06335458000654601 -0.0442934227176612 0.11345874994969694
0.06466221479149763 -0.04669476485345206 0.12167850636127527
0.060751830212101704 -0.04069097590909978 0.11491954180156645
0.06729399186429648 -0.045983021654890426 0.11284484682291931
0.06804458033383594 -0.048531170236958264 0.12075040955636061
0.06405868332002672 -0.04376675869088251 0.11405998778969416
0.06495936304971388 -0.045995819493261654 0.12232223382646354
0.06098216509223312 -0.039959754856474995 0.11570412828310266
0.021796400289518618 -2.384799274568358E-7 0.13880193227504262
0.04101490912052097 -0.01189228292344923 0.11628090560727117
0.04233464159436899 -0.012037016548589206 0.11668448144603849
0.03750911864429663 -0.005178527223926368 0.11840181534495904
0.03937833753726507 -0.008098025229186383 0.11775533265226007
0.039786150629472855 -0.005648381477039753 0.11813179442977022
0.040552006109238266 -0.008828787860244346 0.11810672429933948
0.03741461355360302 -0.006187296975058345 0.12289665280066805
0.040618590362161686 -0.01000868530179599 0.12198158235935332
0.03879271456879027 -0.005913313558317778 0.12379393094593347
0.04094938766921476 -0.01021776082591968 0.12230558429585327
0.03450921095200579 -0.005231617472706398 0.1251026958574569
0.03099732882763039 -0.004856681082909367 0.12700361993449072
0.034911053704271736 -0.004978352079776759 0.12680441206086618
0.03183227416709333 -0.004855525163736735 0.12885418662006554
0.03320906196480303 -0.002963793401554472 0.12419817556873713
0.029972075203621374 -0.002638987208265713 0.12611408273057179
0.033738830580412035 -0.003005080515389886 0.12579308762982125
0.030628817479863412 -0.0027367097761532475 0.1276388248367865
0.03275548349392733 -0.0013812619196586888 0.12373213699909152
0.029618015345035272 -0.0012194947108676146 0.12559004442585692
0.03322282010293449 -0.0013173510921397832 0.12531861759137386
0.03017644715883903 -0.0012367176995074774 0.1271086581492178
0.046336480171116495 -0.009966919046373632 0.15788618067035526
0.050092352867953424 -0.011149443869909445 0.15715855453072922
0.0476528392303551 -0.0092079966279458 0.15775577657591114
0.05150160031961342 -0.010680153886141519 0.1572769284778997
0.048015723917483266 -0.011836266278620949 0.15382628335834697
0.049006774676599384 -0.01122262234859827 0.1538926360510399
0.04490779189845297 -0.011968523528958008 0.15054466159941063
0.04600377250189036 -0.011338298840022727 0.15054756627854235
0.04211911908845575 -0.011994031015747378 0.14777822829230838
0.043084615623809996 -0.011164864711023677 0.14769825377447754
0.03965645286271187 -0.01255885305318289 0.14607473108548505
0.04050766691721353 -0.011732759629406562 0.14597706618762946
0.029150710177362864 -0.013177049449215798 0.14123020677050976
0.03102759681528415 -0.012203124182349511 0.1414949254000488
0.02511738448474382 -0.011326825019821287 0.13535006206123804
0.027514421923095233 -0.010743003493383326 0.13595644961620243
0.027577640898870374 -0.01062550990842377 0.13176958743657619
0.0303810671012814 -0.012953291012861629 0.13317429460044306
0.030291907887590692 -0.009741670751687956 0.13362578414938875
0.032453296067979184 -0.012344378527170852 0.13472528375369097
0.030848008833745028 -0.009938542690929409 0.13030867651576247
0.033365369084253374 -0.011986957920360137 0.1320904909240924
0.03215710031588034 -0.00911591416780598 0.13221865729127086
0.03433269259943347 -0.011597290267724865 0.13345137500622928
0.02661837959797579 -0.011948516891788557 0.13808484602429613
0.02551151239995353 -0.010975562059474378 0.13347954083562488
0.028787030135526578 -0.011403629871175032 0.1386179344709791
0.028000547959208283 -0.01032438443227994 0.13459559427564033
0.032535053218793464 -0.015576986929476743 0.13972681947472726
0.029904552647538545 -0.014865367027888975 0.13747283285113637
0.028657228868331094 -0.013855778930767573 0.1353735845842372
0.02898514527307646 -0.013146748922882116 0.1344127428708574
0.03405060146424462 -0.014661312110493629 0.13995946710037122
0.03158879486387741 -0.014205970537875538 0.1380865973456055
0.030545165168503172 -0.013259347075872353 0.13625886830365247
0.030824704118017594 -0.012846670711610502 0.13541438792791402
0.04028698875899658 -0.014877016712503495 0.14203030242373937
0.04137433340830828 -0.013573210371702548 0.1416246727534726
0.04926388058044856 -0.017506413602541567 0.1439319463602452
0.05253326074561423 -0.013208678067508979 0.14821732894266415
0.03638232672994099 -0.01746631516154251 0.13746385280014847
0.037488682758898995 -0.0166063128531175 0.1374746149047759
0.0399623950992405 -0.017727636700483385 0.13871982881432346
0.04087047440419416 -0.0164631181551558 0.13829340532523998
0.034286743979455976 -0.017184420651895533 0.1361259633049067
0.035640008704973795 -0.016090150034016253 0.13646533669130523
0.04411856864533171 -0.01628162521757958 0.13892167298215025
0.045043591602353786 -0.014856488514183051 0.13844290967119818
0.04685127824156681 -0.01685385093398111 0.14098588322836422
0.047738927846620836 -0.0157941167387952 0.14078494499609606
0.04694556146674357 -0.017932516865644257 0.13689525482210435
0.04807619694051831 -0.016307124827037583 0.13651078835586483
0.04003386382774605 -0.019313312620726445 0.13382150834038223
0.041667662429471904 -0.01735894615895662 0.13382810709133092
0.0513194707631057 -0.019952470502147115 0.14202274952339053
0.05499247361869811 -0.0163608891230689 0.14395014719733534
0.04330597699591749 -0.01858268351277327 0.12551019722253323
0.04344297807524457 -0.017623989120272448 0.12620402148482734
0.04449366119589596 -0.01812504984795855 0.1236811189067053
0.04490207614063528 -0.017493220995426446 0.12440690537770356
0.04398257277725075 -0.019943594355609922 0.13044931936725365
0.0472652619751816 -0.019342828272152182 0.13248680568963836
0.04504840870343392 -0.018473396970378853 0.13068877652464103
0.04798478272151665 -0.018130685263506273 0.1324948226689928
0.045266518273103816 -0.016269262066298824 0.11922197412834921
0.045636996147349305 -0.016221634418332145 0.11969823433638643
0.04167598378467591 -0.013503101939180109 0.12209777147449456
0.042219838606112024 -0.013610796849446275 0.12223305554489182
0.04535514814960305 -0.021264236944880742 0.1127420956717757
0.04647103057238829 -0.021297391362320006 0.11364250249637022
0.04621210777863492 -0.025166765835093925 0.11051192688961653
0.04727989016312743 -0.024596657803883353 0.1113065098063267
0.04647852776129569 -0.01814789568498805 0.11870137833338586
0.04692472728060502 -0.01817153465468342 0.11896987615636258
0.044917755841874844 -0.017353826759693342 0.12147798696874258
0.04539266841751451 -0.016812423072288713 0.12203220814716499
0.04282340864000174 -0.015412535402000035 0.12158471944513759
0.043056483182732745 -0.014656982396972988 0.12217705689383654
0.053660890931531716 -0.03134840371240924 0.10384765429538678
0.04964869318223996 -0.020102586746339895 0.12174692406228302
0.050152902879141384 -0.01993870067754497 0.12235571115006816
0.05023357927191021 -0.019665996392517465 0.12528948596523232
0.05075556602109888 -0.01884978198068806 0.12597047375654774
0.048076919646030405 -0.020095051777339418 0.1279182966705494
0.04828413638684485 -0.01912609236403775 0.1285015247344712
0.050576160399452806 -0.019668049365053272 0.12992965256633734
0.05106691121815241 -0.01849158037517838 0.13015067443714515
0.05206969301621424 -0.019737281276775983 0.1314963462785643
0.05266705876444105 -0.018480655495247033 0.13155855975077857
0.052252307173434084 -0.01962475511453704 0.12802275878936648
0.05264283868790146 -0.01857532754594797 0.12842698557028326
0.0504467823642439 -0.02279098530484921 0.12085421524639993
0.05130319109415091 -0.022243585714893824 0.1219201399356737
0.05348678314648626 -0.031654729323483385 0.11613152567260751
0.0542066445930598 -0.03170743215406762 0.11718334344069661
0.05804708712311097 -0.03843132372087599 0.12040836412304697
0.058479085343849636 -0.038019938169337804 0.12061089119551621
0.05481589827496651 -0.03371257008106481 0.1208004353234341
0.05551479547905496 -0.03357022531029406 0.12143980721252036
0.05274468180059527 -0.028565055296371412 0.12258220500924434
0.053217858933640796 -0.028390146089329178 0.12292254796570756
0.06218954180720178 -0.043728146618703355 0.12074928016764308
0.06254226536567688 -0.04301942167960793 0.12149580897073635
0.05325495801254511 -0.023023125466071014 0.12910100956444664
0.05216018866751643 -0.023289136709508242 0.12494231273186265
0.05348483894917829 -0.022465609404958994 0.1290669382426844
0.05295091909903647 -0.02267151962636495 0.12547574980623133
0.05429817740079434 -0.024575517167115313 0.13821575251046292
0.05470730361371193 -0.02424011179979053 0.13808072286957748
0.051729015355999754 -0.020671416500008016 0.13790087802764966
0.05373439160837554 -0.018616141374080634 0.1382770650787091
0.05271612055208095 -0.022101310140379898 0.1401868396811291
0.05305243225119016 -0.021902273545666373 0.13988229193764695
0.058071270345013644 -0.02125600209961956 0.1499503534527786
0.0581843586236136 -0.02391961647575602 0.14787152786725816
0.055940032154557784 -0.019377212071897576 0.1483981884040673
0.05567537508051956 -0.02258707376682879 0.14619928488418216
0.05275025252603423 -0.017807028091621803 0.14714979374797885
0.053256849624326225 -0.02114708225078558 0.14442946567266
0.058394789414958 -0.02592254397620832 0.14664406532832747
0.05895606206692863 -0.027964641934949245 0.14545781609903327
0.05606650519012798 -0.0247054902771194 0.14455538299470452
0.056846744595612356 -0.026910786818189168 0.1429179826149514
0.054097030370349006 -0.023404683526506948 0.1424566737477665
0.05541597192728024 -0.02571818393042021 0.14062775511412243
0.055761771387270655 -0.02830344734683597 0.13628805868919217
0.05539573409312819 -0.027990460948072404 0.133630110986424
0.057988707883130014 -0.03429642179562237 0.1351132085371059
0.057455737052480145 -0.034279407242666635 0.13224347804375033
0.059350206328641526 -0.03881081702257873 0.1362925974720235
0.059712996678516504 -0.039614684978714836 0.13306098967705263
0.06272639909637813 -0.044205874407185805 0.13778105891132109
0.06305842907516751 -0.045056652435189165 0.1347726182938463
0.0657517703411207 -0.0482174031545209 0.14003368631955343
0.06625367046981054 -0.049440397394571595 0.1371363768721792
0.06916894520799004 -0.05151511458051312 0.14267619296847128
0.07007960345376801 -0.05315367415851523 0.14019436541805447
0.05864523311423688 -0.020673418275964577 0.1506094536697488
0.05875220714762245 -0.02354454264539374 0.14838190877863397
0.057536527902104014 -0.01801497921220436 0.14942307650735207
0.05604241631341407 -0.022161061042832476 0.14651192265388502
0.05675028212582169 -0.014575954460469866 0.14954345359613846
0.05683576853729852 -0.017199583728263367 0.14661954448009304
0.059043757555044374 -0.025655477869688366 0.14709344937182806
0.05963391424754611 -0.027673031145307177 0.14595359789223
0.056313476721739586 -0.024417360747295988 0.14481070911152685
0.0572679537917528 -0.026696550478005017 0.1433089211713806
0.05438164735655292 -0.023025575590349793 0.14242914733020165
0.05585804655438926 -0.025362295480319208 0.14075271372796855
0.056289937926820584 -0.027987083060323065 0.1366724748373288
0.05571642652969114 -0.02774609803718599 0.13391437863797265
0.05863622100586308 -0.03368058479210228 0.13543036257004334
0.05805774170676829 -0.03374000899612388 0.13248205355672218
0.06031105752281104 -0.03839944315748521 0.1363647119959298
0.06049041360149628 -0.03872858022155538 0.13338671155568438
0.06336357693765905 -0.04335689386417562 0.1382048253300909
0.06377013716656955 -0.044025206028466934 0.13536715327168095
0.06654490052538058 -0.04718060719558046 0.14048327402649466
0.0670207093039093 -0.04824598754002016 0.13769178057237313
0.0700333463164057 -0.050540019654687615 0.1428419012609379
0.07082739159352358 -0.052032499681952026 0.14048028376702718
0.05235769567566863 -0.01755252876979827 0.13498975425150767
0.05109974166466009 -0.018896038282023495 0.13499701820084437
0.04693661058828622 -0.018316485760982302 0.12479995464528164
0.04311356353953712 -0.015774406603586553 0.12412824323241352
0.04651027513260512 -0.01923459467328475 0.12396915389393594
0.04261497136757653 -0.016098985928474707 0.12359223058699882
0.04634165978586386 -0.024726185352885687 0.10373403503362984
0.051971311179346696 -0.02919493817886995 0.11186607813118697
0.047064263963799945 -0.024415017255426573 0.10429448797543654
0.0507191887157389 -0.028915880511919893 0.1118623735250107
0.05096243514649418 -0.029157101923173667 0.10621599277983053
0.049473863718174166 -0.026717943996595328 0.10890628328631184
0.049570477667149226 -0.029627683410004574 0.10501442936766907
0.04778043868622676 -0.027539489734944474 0.10779537867780277
0.05891069822930111 -0.03526097765713291 0.09284474572306427
0.0608465615896859 -0.03770153080463536 0.09892261147245521
0.06476409743978143 -0.03803849643526877 0.09138137764345644
0.06580824018194005 -0.04054908780350335 0.09745434241229936
0.07195611468417042 -0.041836550330919216 0.08973825505072554
0.07281619878800695 -0.043696117866337494 0.09586966314150024
0.07815533346579984 -0.045203089968279035 0.0877194230540561
0.07929159131015673 -0.047257995546295825 0.09378606592642713
0.08340141609613988 -0.04792781174063301 0.08556076312885724
0.08388245264875759 -0.050310784653997714 0.09148163924036877
0.08817247395662042 -0.05147723430658388 0.08323247276565993
0.0886282494313283 -0.05359433029010944 0.08858043813624718
0.09296035149290051 -0.05361128823553096 0.08127982381843336
0.09333261795250794 -0.055851656544432644 0.08621381116149363
0.09810270924882679 -0.055075918539596064 0.07896798482751312
0.0984258874221777 -0.05793531439014455 0.08346432012304347
0.10340329724727433 -0.056829084352116595 0.07592202765302612
0.10394481269791082 -0.05963595600834169 0.08011589985902129
0.11007883840796596 -0.05706628454824125 0.0731338147523205
0.11146635674778067 -0.05946725603200277 0.07652647760663439
0.11606859342329635 -0.056631093297139105 0.06990363543658876
0.11753612322958144 -0.05946733226364276 0.073374756235241
0.12103257644983988 -0.058180387361750734 0.06638756177993085
0.12250409244498865 -0.06045573783428326 0.07007712651171302
0.05938418973785927 -0.03488590538082254 0.09351109747710652
0.06098838562249774 -0.03764301860772677 0.09896643425847372
0.06560740291108362 -0.03758401599240013 0.09163915337202153
0.06674145879689007 -0.0401207086683625 0.09792586960520595
0.07238465445660573 -0.04136325736899643 0.09029773312370505
0.07351839951845807 -0.04345004145388682 0.0966138092798173
0.079011818095865 -0.044710542939086766 0.08798175120257273
0.07950094817356168 -0.046845767192871084 0.09385503771051257
0.0844949805602055 -0.04742693957598376 0.08574058718250295
0.08453392895358275 -0.04958689265278604 0.09171246616783049
0.08968541961845278 -0.04991971617857693 0.08388356173432132
0.08969063084051421 -0.05212452295391571 0.08930593913750379
0.09401794443546972 -0.05100870087567914 0.082350878004935
0.09416812606118913 -0.05361662038725439 0.08706311542505497
0.09919009522538114 -0.05204810414427837 0.08008637948134358
0.09946250999467358 -0.054936059144777685 0.08437507850229937
0.1042642332284392 -0.053160886473739344 0.07756434080881498
0.1047284918463503 -0.05615277351147801 0.0815289079115677
0.11073683475030287 -0.05358487784661395 0.07440819454541124
0.11179720874047841 -0.05621701064607617 0.0781986124427428
0.1164826902198919 -0.05400169176989518 0.07080800354447338
0.11809628982728036 -0.055756729820994125 0.0746047715351403
0.12149261774131163 -0.054150948330973864 0.06777579022966873
0.12305621223066929 -0.054970789525574375 0.07193321726314722
0.07409777162150202 -0.026435794549752055 0.10813231665230942
0.07456974279727101 -0.02803724781578513 0.11100015612320527
0.07831474351891268 -0.028409087076499914 0.10571298847484492
0.08150885285998896 -0.028675459971658938 0.1107507816178157
0.08663160661044117 -0.02973792602050107 0.1024390946968103
0.08540007286312065 -0.029138486073655285 0.10920258504771142
0.09197287443301891 -0.03007187473475038 0.09889577804357322
0.08998477741017698 -0.03007393717729708 0.10389691555743626
0.09776775349441719 -0.034146309590072824 0.09494615998694045
0.09725700810817452 -0.034300983086958614 0.0995267589518574
0.101772303 -0.0385791462 0.0909017706
0.102835825 -0.0380108187 0.0959908491
0.103984948 -0.0404712963 0.0880407221
0.10570515 -0.0397186696 0.0931443258
0.106588026 -0.0418139357 0.0850644286
0.107987574 -0.0416153497 0.0897082213
0.110172805 -0.0423645579 0.0824086694
0.111296981 -0.0421313838 0.0866623908
0.113554369 -0.0431274129 0.0794907149
0.114437981 -0.0438114495 0.0833422884
0.117071072 -0.0440242506 0.0781700005
0.118179553 -0.0443245783 0.0804884452
0.122122606 -0.0428742273 0.0731420756
0.122572893 -0.0454781588 0.0770178011
0.058669374693811886 -0.035876960960021 0.10014032753707237
0.058060310861930614 -0.036631627576433214 0.0992588027879163
0.05621149940025084 -0.033505195199348366 0.1023206956051278
0.05223840814616561 -0.03141319068974286 0.1029827950755027
0.05547425184156092 -0.033589949461778866 0.10107397160831545
0.07889480250483034 -0.05645591042343648 0.1437322904968053
0.07440257556394092 -0.055926622703762204 0.13583831045328537
0.07765595287264737 -0.05858270034327527 0.14329717684935547
0.07366075200470808 -0.05713931797252854 0.13560467243909693
0.08350138009538068 -0.061191725022592985 0.1492519883673088
0.08616709522386456 -0.061636086536291775 0.15802453171926606
0.08772897330522311 -0.06340814821285337 0.14860120718871175
0.09019632179541107 -0.06451164910968445 0.15741166718032862
0.0919477915746727 -0.06600322486777277 0.14782375915182397
0.0945700930543045 -0.06720553216871052 0.15650056125265172
0.09642210013497793 -0.06814613028065415 0.14700529275162175
0.09930036403790893 -0.06938458765209123 0.15572033580084757
0.10114833952930898 -0.06992629605545907 0.1460054053269684
0.10416330509878181 -0.07126893588723235 0.15488921644774897
0.10608587441040539 -0.07181301777595962 0.14481479976797693
0.10912503674367262 -0.07288420031902242 0.15406182270123317
0.11139857487572322 -0.07375076204394383 0.14331587455920325
0.11452155063067021 -0.07436555868814661 0.15312444026536237
0.1186277909472488 -0.0759650224637797 0.14146860084983445
0.12139589921438382 -0.07590956594834285 0.1518908663828089
0.12693884652211343 -0.07725403631458969 0.14030887024280567
0.12949148906249405 -0.07713031803864347 0.15057850790460914
0.1336256682978101 -0.07617161073845993 0.13753844893687767
0.13630705657737266 -0.07642563269546343 0.14843458481482893
0.14122481792024372 -0.07432023362425079 0.13635154300830105
0.14367615384587862 -0.07500365767852343 0.14719437810148164
0.08526559356623221 -0.05810444156740662 0.1500833214471917
0.08778377100382218 -0.058822989595446434 0.15878470879741494
0.08946844859555575 -0.05988510682160395 0.14916034229038524
0.09200301576542422 -0.06075369037690076 0.15792758228933132
0.09360133972167237 -0.06324090882311269 0.1480186783084244
0.09635235045494567 -0.06390691224508546 0.15683393696458375
0.09757707024043072 -0.0653955575440321 0.14721236114794206
0.10040444752229434 -0.06597471804628274 0.1560053854260696
0.10183627344497148 -0.06751867648684998 0.14622852722197305
0.10489221161239529 -0.06816640927331197 0.15516386891244668
0.10635002683344782 -0.06949048049869629 0.14521811691503464
0.10936855035694476 -0.07021725943948808 0.15441072372871759
0.11147373259519032 -0.07126236830612187 0.14374840407315417
0.11445755230621654 -0.07275568508270197 0.15317257655497932
0.11864379898991798 -0.07383054388465957 0.14197254991353622
0.1213546896930515 -0.07470976091146941 0.1518886811745597
0.12693897869719126 -0.07483986710860696 0.1420720555045341
0.1285897521909552 -0.07556533159653145 0.14996072982153516
0.13304332914292002 -0.07422227693633988 0.13860074704742983
0.13573732094619975 -0.07425928772816193 0.1492581370248424
0.1411282211210308 -0.07152647605750222 0.13771453507882467
0.14361025915233472 -0.07232836680018927 0.14828496927141607
0.0898672451 -0.0531815365 0.152730903
0.0908942884 -0.0530140821 0.16079802
0.0936624271 -0.0539651205 0.152216376
0.0961624507 -0.0540925131 0.160651761
0.109925876 -0.0458186451 0.157231384
0.109196192 -0.048352592 0.16402414
0.11511689 -0.0464055331 0.157330548
0.11378772 -0.0497188183 0.163555846
0.117327355 -0.0475047185 0.156235175
0.116438514 -0.0508705453 0.162698186
0.118874946 -0.0488798392 0.154503826
0.118757096 -0.0523542327 0.161478477
0.120632415 -0.0513479368 0.152594051
0.121415673 -0.0543559544 0.159845871
0.124578788 -0.0529623 0.150876092
0.125876947 -0.0562758997 0.158576438
0.129260966 -0.0545976387 0.148577287
0.131117031 -0.0571382943 0.156998444
0.134267434 -0.0563390992 0.14604261
0.136395588 -0.0579970511 0.155379141
0.13979392 -0.0573814594 0.143351668
0.142269271 -0.0588555037 0.153279757
0.08147487967297097 -0.0592014262676515 0.15031536954760544
0.08251509216043945 -0.0570480664599037 0.1509723460817021
0.08425377882442321 -0.05967276295431953 0.15863285637327182
0.08541664798535002 -0.057892921477250135 0.15894078526134783
0.06871856839440618 -0.051890479874474045 0.1726036907209358
0.07400680485236537 -0.05507082015719845 0.1728140595000808
0.06970932551188601 -0.05071391884460614 0.1730200187560204
0.07479521183258452 -0.05366160927074439 0.172717721568425
0.07800824329142528 -0.05500379997844873 0.17003555164144307
0.07742406956794062 -0.05635078937317262 0.17012754214302706
0.0811957642528682 -0.05656080623902309 0.16650201582799745
0.08047015885752261 -0.057833126936432826 0.16642282044846549
0.08705911522635941 -0.06273133160199418 0.16667328812212404
0.08818811137386032 -0.062717555012181 0.1747718358608856
0.09125745664172813 -0.06523081663502246 0.1658151139120068
0.09247291674213956 -0.06502707266835454 0.1739600866434468
0.09640401510515575 -0.06770522670980725 0.1646377946716968
0.0979301587250185 -0.0677999442882521 0.17279901903010692
0.10171275101592146 -0.0701859790624672 0.16379197129644715
0.10351730116239446 -0.070607829155899 0.17200830398287975
0.10691658462583485 -0.07201281767139012 0.16313444024570592
0.10904252629343862 -0.07234232250331014 0.1714879740160124
0.11173734966267054 -0.07338890961069419 0.1626817258118894
0.11398736254610155 -0.07334342705573567 0.17118263604025197
0.1172373844479151 -0.07454150597182567 0.1620946847901896
0.11963646944442363 -0.0742272016156447 0.17078230685934667
0.12376421331757874 -0.07541982901946777 0.16126514698939287
0.12587848347012268 -0.07484713895690745 0.17022796092917578
0.13240231791504706 -0.0759695169658013 0.15883751533529206
0.1335811964356617 -0.07623293088025654 0.1691223180911047
0.13884122616512468 -0.07765373048334911 0.15787524075246598
0.14108451215498236 -0.07858355873994062 0.1678145624102615
0.1458393763096604 -0.07572970914760077 0.1570720332602799
0.14813721741128175 -0.07751365891212457 0.16697310214033118
0.08835073587461821 -0.05964647495748525 0.16714455669983871
0.08926700060464274 -0.05943191104596891 0.17511585379525352
0.09297842056719695 -0.06151291383705065 0.16638350593702242
0.09393294467338667 -0.06177065130904696 0.17460702618282614
0.09796039403034627 -0.06428290470973536 0.1651639819253312
0.0991027702612285 -0.0647369799655162 0.17343505296654857
0.10234614728261177 -0.06669343646482248 0.1646518561318504
0.10396239442864656 -0.06731075443338418 0.1731652125124655
0.1074237627641363 -0.06848704929797536 0.16402497337614966
0.10945231167656547 -0.06906017339033071 0.17264444482656868
0.11197895586052901 -0.07049353588060778 0.16343167332539554
0.1143126725256294 -0.07088178609251153 0.1720705714078971
0.11723757380730157 -0.07272524951463666 0.16267351382103382
0.11970732486697948 -0.07217563484604857 0.1716701073685876
0.12376460153154499 -0.07369100967801369 0.16188254769496419
0.12603747646060842 -0.0732399754822573 0.17103845032632178
0.13131451605432726 -0.07500910345737997 0.16029418433400142
0.1332626737377899 -0.07416168738890903 0.17018736443577445
0.1383482397546505 -0.07489890609347444 0.15888573047890392
0.1407303477874188 -0.07632017977184757 0.16877062386530997
0.1458261091055985 -0.07320481656226105 0.15802055720934535
0.1480729042914158 -0.07510747467202601 0.16773298997468922
0.09647986 -0.045061062 0.172253392
0.0958399919 -0.0479570705 0.177837987
0.102298483 -0.046188629 0.172483221
0.101337347 -0.0500794058 0.177934002
0.107735882 -0.0500427231 0.17082801
0.106376702 -0.0532091857 0.177124491
0.111024683 -0.0529185313 0.169564875
0.110335218 -0.0552000938 0.176606101
0.113899074 -0.0551262389 0.168652109
0.113869713 -0.0574439833 0.17589695
0.117369121 -0.0570437661 0.167693841
0.117915534 -0.0596575773 0.174996993
0.121742825 -0.0582256953 0.166724401
0.122636425 -0.0611204522 0.174105528
0.126640419 -0.0596961969 0.165678861
0.127848826 -0.0619541391 0.173522926
0.132222003 -0.0604476464 0.164478415
0.13351586 -0.0630236443 0.172536119
0.137972584 -0.06055971 0.16315479
0.139627761 -0.0629819465 0.171657954
0.144035179 -0.0609590351 0.1614189
0.146169071 -0.0631011289 0.170387832
0.08363714936661942 -0.06001247470147458 0.1673880407840978
0.08454875959583853 -0.05817407184388264 0.167481138095647
0.07075107215683842 -0.04578314422606118 0.16262300017548775
0.07228751676192227 -0.04820231961013928 0.16497176373419545
0.07022350283417123 -0.04694183987840029 0.1627392345086633
0.07147182664403673 -0.04950799118222094 0.1649117888094525
0.07322382537008332 -0.05053950940477069 0.16605716740316812
0.07251641781245652 -0.05168909658083628 0.166002019069982
0.07452289644712588 -0.05253770457785843 0.16713409015101016
0.07359561823626541 -0.05377385158471185 0.16688836478028624
0.07568510942191238 -0.05392425602801535 0.1683652419238202
0.074966537028297 -0.05528263440407459 0.16807812616497994
0.04918235630792716 -0.009188442325028611 0.16061574320239277
0.05442352631954203 -0.010623514106158718 0.16114455974268116
0.05069318371189645 -0.008834811097336366 0.16090705735759314
0.05648048567871618 -0.010497108679597092 0.16189213208031886
0.05026818875402084 -0.008356811538858549 0.1762628940061777
0.05154453718687639 -0.007967949433326777 0.17608192773323422
0.06401792099709974 -0.017080562597360967 0.16426972854956257
0.06366681326178654 -0.01669929784434958 0.1628976037527674
0.06248816338046027 -0.015575602908537744 0.16582250311030688
0.06174665470186871 -0.014177791847729361 0.16420264692064496
0.05835625498918553 -0.012531279595020458 0.16696910887895158
0.05610983964068176 -0.010912049208920508 0.16369395139445073
0.053934138047611664 -0.010537990214940568 0.16789212337308287
0.05025886335463633 -0.009390138802714752 0.16306542111087444
0.06454330014320168 -0.016464423383356158 0.16404456122432612
0.06429712801749318 -0.015983307656051014 0.1626166907494269
0.06333774367041087 -0.014956578879198448 0.16572525142910968
0.06283277712657344 -0.013756854250912881 0.16419184824945174
0.059524110755728055 -0.012432242563652822 0.1668894204755177
0.05786254243060997 -0.010744255112636563 0.16403944569400747
0.05531331628963139 -0.010239153240361494 0.16781675227641266
0.05195349328767098 -0.00913047214522199 0.16341097367244203
0.07860286356770924 -0.03185068309681759 0.12022635690089527
0.07065556687319445 -0.021827143422636808 0.10331077990896098
0.06174648013708616 -0.020048393819382986 0.10287764640497105
0.06339440383237792 -0.021152276313994134 0.10317082992174519
0.0630416629753651 -0.021254014696142506 0.10420662653172413
0.06941929199784423 -0.023989470308711347 0.10904127494146522
0.06488575598735383 -0.023182510822428903 0.10910380040257926
0.06149800689020372 -0.022593838755965098 0.1094472259243417
0.06520747026263769 -0.022507859139765423 0.11422906094242341
0.06391444119097622 -0.021991471100579314 0.11453736010276647
0.07062180769014281 -0.027033749588518646 0.11146815939878313
0.07001431072717547 -0.02527907876837196 0.11415638606014343
0.06848204715032133 -0.024165159437753193 0.1156740869740703
0.06746716551010272 -0.023781213750721564 0.11600904871182446
0.06594017546547093 -0.023106376990006398 0.11626714299492136
0.06311991116445427 -0.020949333567842125 0.11685699509994682
0.059133773425114666 -0.018029666465998566 0.11733866706694779
0.05760111996834415 -0.014724097486797209 0.1179624658841628
0.05505200380766658 -0.010829645343636774 0.11805834148974602
0.0543652848390721 -0.007715631599160795 0.11784091961088829
0.05357630169798956 -0.005230670079498276 0.11721953195841314
0.05319260054437607 -0.003531900879339127 0.11677991080087373
0.05299079585448527 -0.0017119805952578843 0.11675765907990511
0.07242377795682632 -0.02644716502586105 0.11779123178016218
0.07016012272276088 -0.025626932103302955 0.11888828183379369
0.0696717670249999 -0.024616609749077614 0.11989046134169841
0.06802188120955845 -0.023301667793543535 0.12042053855721604
0.06340049164504918 -0.021266420171736487 0.12138304685593418
0.05991566457520342 -0.01889911460776547 0.12174206717337188
0.058005645778893035 -0.015147196826478292 0.1213061388928282
0.07622152780798822 -0.028818096043427603 0.12168983698989207
0.080500278 -0.0346209166 0.126940615
0.0799046217 -0.0423729635 0.13146034
0.0796704331 -0.0492162803 0.137738792
0.0864722015 -0.0493015984 0.147686544
0.0872464108 -0.0521212499 0.153371272
0.0892663844 -0.052645479 0.161356116
0.07398377383558524 -0.025779500436736623 0.12310582273616986
0.0772635055 -0.0312043168 0.128079794
0.0774389992 -0.0388620053 0.133050337
0.076043878 -0.0290348053 0.127631406
0.0754423572 -0.0318059845 0.131731266
0.07260359823269406 -0.024654802740956123 0.12314997883140053
0.0735545187 -0.0248621702 0.127313561
0.074061323 -0.0259733786 0.131336772
0.07022073238449304 -0.02283675162856609 0.12406302606682729
0.0712961419 -0.0235283033 0.127351267
0.0720808776 -0.0235725466 0.131009115
0.06643607482405026 -0.021211367575593998 0.12485060452709217
0.0675748263 -0.0214123434 0.127613532
0.0677095292 -0.0213146722 0.13048367
0.060837672213340625 -0.01794256798634425 0.12515662810532063
0.062464632 -0.0174651462 0.128010301
0.0627953388 -0.0162533089 0.131638038
0.0531722424 -1.623353E-9 0.197169467
0.0517552831 0.0 0.197731162
0.05040577739747108 -7.927269163632457E-10 0.18783266376113986
0.048609286764660115 1.5727686331822342E-9 0.1881845930636842
0.04989852311730115 -3.894427293158068E-9 0.18136194666362687
0.04764036173564915 1.5744227062263544E-9 0.18167181649778671
0.05074776269396546 -3.899962830933451E-9 0.17831955702446942
0.04840004155075297 1.238218016826041E-9 0.1787823359448048
0.051070517337112785 -3.1542252875583664E-9 0.1754829097181181
0.049416884133442085 2.8422324346872103E-10 0.175560273997093
0.0586477532 -5.6097E-11 0.198088062
0.0572356465 -7.577126E-9 0.190599904
0.056204812 -5.933962E-9 0.185014214
0.0570190512 -6.589894E-9 0.182646502
0.0579517604 -1.7287042E-8 0.18030242
0.032583127760909804 3.805549865199163E-5 0.123323008981031
0.02953260087772993 2.17467698656485E-5 0.1252504904596067
0.033062943889878814 3.7953409337972996E-5 0.12491480962188342
0.029779689121851607 1.552276590423293E-5 0.12681301539962586
0.0578381025 -0.00792131916 0.180084189
0.052777394775865676 -1.4296628261022004E-4 0.11669179512801671
0.049520365863897735 1.2358213255787282E-5 0.08175615455564555
0.0464002465845928 -8.086480812818633E-8 0.08389671434243871
0.04672079407212096 -5.685508999856818E-5 0.07909441194586032
0.041039747423319006 2.8561496721156838E-5 0.08082396836269863
0.05295195491087754 3.7664463210399976E-6 0.07829525980873188
0.05079769697198585 1.4620962505737288E-5 0.07605686819260629
0.05376468868951698 -2.7781373795900134E-6 0.07324141178334574
0.05097656018214989 7.029564155197527E-5 0.07234502550111482
0.05221860931178302 1.0067082060952574E-5 0.06847191045348978
0.04877370276722278 -1.4206685257511704E-5 0.06743159917952042
0.0510197937176935 1.5783214094471689E-6 0.0649772628568403
0.04830015514753984 6.354573220269069E-6 0.06468802590648406
0.05115210197452281 2.7799600449043254E-6 0.063009768758218
0.04821978260105883 4.436442618856866E-6 0.06235581410008452
0.05195272821286649 2.0156087755819917E-6 0.061416750435506776
0.0495810742177753 4.239459044798011E-6 0.0593931980815231
0.10629573261174205 -3.161109251614943E-8 0.033554097615275065
0.10416367174525908 -6.08819682222155E-8 0.03136026083237674
0.09222435912292308 2.717260761514699E-8 0.03664989786798918
0.09053324750104697 -5.602445810381116E-7 0.03426947662277348
0.0885386389372885 -6.335900330385493E-6 0.037442329115638606
0.08746521842080635 -9.462962731286976E-8 0.03486209220384168
0.08346872914520656 -7.002140162267658E-8 0.03839177526574201
0.08228077553698479 -7.498425919872631E-11 0.03582464662422287
0.07723423948508049 -3.199038685075614E-8 0.041102280497655096
0.07648147030798588 8.85316936425736E-8 0.03892732807614579
0.07238547127079481 -2.371502379029187E-7 0.04476636850615767
0.07080403924255849 2.7021232575611894E-7 0.042786303783297654
0.06804601913765869 -3.5571079813862227E-7 0.047281094165717595
0.06608059455271965 6.05354586872356E-7 0.04576573543902146
0.06282302156273005 -7.388832778461538E-7 0.05012214925102243
0.060523444096872686 1.4243720319864414E-6 0.04764383289512339
0.059846890675992886 -8.181068221363869E-7 0.05209068601361362
0.057230497678155745 1.982864582037448E-6 0.04909686990795396
0.05765234680113148 -1.0745463628797897E-6 0.054781631142103444
0.05449830144411342 2.539738795981823E-6 0.05149302955964288
0.055130936185190854 -1.8896759636046249E-7 0.057894733988609344
0.051904366221535166 3.2267830608229456E-6 0.05502322766117737
0.05517923833738992 -3.857412253618081E-6 0.08718230970594965
0.052725319062828485 -9.087278375077968E-6 0.08834650747226667
0.05362503105203232 -7.82737062801546E-6 0.08538925801637354
0.05017119040751062 -7.5779437365225034E-6 0.08650319111513274
0.05892969645344427 -9.073502222298831E-7 0.08245630541686982
0.061454247953176104 -1.6788495325252303E-6 0.07896331522530776
0.06258498915118335 1.3839426188695515E-6 0.07388020050447817
0.062051622965286136 -1.508193427952673E-6 0.06917049366744588
0.0617025608 -4.68462592E-6 0.0668684849
0.0616575562 -5.05620528E-6 0.0640134185
0.0619446963 -5.08794924E-6 0.0612566432
0.0625025299 -4.80930132E-6 0.0593009251
0.0645970467 -4.12965982E-6 0.0574517725
0.0672416984 -3.03147505E-6 0.054858997
0.0733044472 -1.6117856E-6 0.0556015284
0.0834666812 -7.39692758E-7 0.0570383795
0.0870970342 -4.4330674E-7 0.0570526755
0.0912001434 -2.88723847E-7 0.0566109755
0.0954233415 -1.72989524E-7 0.0563655928
0.102054806 -1.16999231E-7 0.0555171937
0.112652911 2.5513513E-8 0.0375692056
0.11525954259754176 -0.04253089920023751 0.040441866579131555
0.11821089006122819 -0.04696430102217666 0.04349639795830706
0.11757428385579055 -0.041415436399595655 0.04102164691289075
0.12055793234293072 -0.04546789007850288 0.043924732170152796
0.122886892 -0.0386534398 0.0448943084
0.12426687 -0.0423677781 0.0459908709
0.12429097001069203 -0.0539496793361864 0.05066374723296034
0.12605587061007542 -0.0525609134202134 0.05046830464645208
0.128852453 -0.0487250629 0.0513156212
0.0934983455243828 -9.038658864445769E-8 0.03351448265366693
0.09898492866010951 -7.717101590471897E-8 0.032415514409133116
0.0939664156571766 -0.0027815711213161442 0.03324644138716137
0.09921037418065433 -0.002778787970298202 0.03227773172891033
0.0943704317208458 -0.006359211343025469 0.0339982530613685
0.09958417736399833 -0.006303143041096603 0.033622759948852755
0.09565509058844367 -0.010787347828608579 0.0346613487977281
0.10033228447316656 -0.010316158146419417 0.033579434783288876
0.0970407564986014 -0.016348004333743088 0.0344331876824384
0.09974891312015559 -0.015288943956477561 0.03311047937428755
0.09967644039195203 -0.02391556158384432 0.03615899778251647
0.10229427038104678 -0.022871826645970143 0.03376290607211383
0.10262047369099266 -0.030224741035404998 0.03880897327279187
0.10565891814090846 -0.030829413820696004 0.03586747077832332
0.1080685835438641 -0.03805751768286384 0.04324948691267579
0.11052265503510128 -0.037454992254510676 0.040926174924417025
0.11170809345830567 -0.04214333877452787 0.047347797471315275
0.11379173760569859 -0.04214940338343951 0.044479376605366036
0.11447007709245759 -0.0463706493410045 0.05054145598436055
0.116552661481326 -0.04654993512074253 0.04749711370230618
0.1167109621090157 -0.050627750562236076 0.05349433331724302
0.11890945914162626 -0.05092118644564333 0.0504650301041152
0.1191514934698824 -0.05395561196406196 0.05670782517452103
0.12179107722793021 -0.053761608499811146 0.054073753083935146
0.12202455667794997 -0.056382661601832 0.06036449529491229
0.12470242018083466 -0.05669669764908881 0.057574766217605856
0.0962171592181854 -6.323862891316997E-8 0.03584425801354786
0.099505585774696 -2.2968854881913482E-7 0.034620725869433044
0.0962455344719968 -0.0026394054878539955 0.035655851739873436
0.09963672371443093 -0.002771493121569658 0.03472557673587546
0.0971998914814195 -0.006678860272416867 0.036344962177608006
0.09991387997985787 -0.006355178260495806 0.03531564029897343
0.09801477028329192 -0.010965251512631126 0.03665547683989231
0.10076705813607605 -0.010117665331236078 0.03507286961182454
0.10044129946026673 -0.015781555674314243 0.03863450186850725
0.10267004175593962 -0.01594451838322107 0.03507661828810619
0.10353396505593296 -0.021137551933576804 0.04096661756800022
0.10476183231538118 -0.022052385762961934 0.03640619700797151
0.10743578794963521 -0.029345904607392233 0.043850192618933075
0.10845124939863526 -0.029485721122609634 0.03935772404744869
0.11143690500562414 -0.03526362669409988 0.04760193184919325
0.11335972224120491 -0.03575669569756369 0.04372409786794774
0.11404399085256656 -0.04004599423230882 0.050410676847038406
0.11601916665118894 -0.04069559915334284 0.04655873106392283
0.11610038022461007 -0.04425108402072847 0.05282556563426184
0.1183843913897679 -0.04493895550744926 0.04912012125758122
0.11812598231271083 -0.04827978212583968 0.05547697621628903
0.12056644198708305 -0.049053145355898595 0.05187175372547017
0.12033585084341684 -0.05146767450726726 0.05844777686655273
0.12295430568947108 -0.05228301062720439 0.05508245103106331
0.12258209020811536 -0.053857371191940215 0.06151933156143444
0.1255908216168865 -0.054713880092689585 0.058245427010870085
0.105958335 5.9579175E-8 0.0470844145
0.109191123 4.1301489E-8 0.0405487362
0.105743235 -0.00230689407 0.0470253232
0.10897305 -0.0026727774 0.040560533
0.107073206 -0.00552777813 0.0479575538
0.109432423 -0.00597031345 0.0409335209
0.108174672 -0.00899258091 0.0491962784
0.110170105 -0.00971409422 0.0415570099
0.110128785 -0.0128519974 0.0507351912
0.111525167 -0.0137235618 0.0426103334
0.112389094 -0.0177496814 0.0522907639
0.114108545 -0.0192325711 0.0446056453
0.1148907 -0.0226104901 0.0545562737
0.116460468 -0.0251922813 0.0463775886
0.11747231 -0.0284927044 0.0568402497
0.11900673 -0.0310244666 0.048930683
0.118802752 -0.0325646585 0.0584059092
0.120477965 -0.0359322245 0.0505507018
0.120122151 -0.0359566497 0.0605788107
0.12218819 -0.0395478705 0.0527726702
0.121235802 -0.0392553947 0.0625546032
0.123754912 -0.0432152983 0.054813946
0.122780034 -0.0410589455 0.0657720854
0.125689298 -0.0455282141 0.0579198214
0.124424494 -0.0426204985 0.0685306247
0.127595428 -0.0470215265 0.0614489692
0.118363712 2.5936935E-8 0.0345277809
0.119367331 -0.00300727299 0.0346781832
0.115944571 -0.00317995443 0.0315857036
0.115489031 1.7134496E-8 0.0314039498
0.119370503 -0.00610101569 0.0350615752
0.116207019 -0.00632586016 0.0317838769
0.119384012 -0.0100559729 0.0354468482
0.116605776 -0.00986384949 0.0321663879
0.119411135 -0.0140286987 0.0353548588
0.117367682 -0.0142348289 0.03192039
0.119428281 -0.0188711312 0.0356959019
0.115354423 -0.0205152101 0.0329031074
0.119435723 -0.025353727 0.0367543099
0.115882927 -0.0268485443 0.0334074397
0.122172361 -0.0340496179 0.03599897
0.11974781 -0.0342289902 0.0328576414
0.123966366 -0.0403809577 0.0371003673
0.120042458 -0.0422244641 0.0351293862
0.126248052 -0.0445287206 0.037730719
0.122686261 -0.0468957623 0.037149299
0.129705224 -0.0480970779 0.0411620682
0.126152429 -0.0508137001 0.0407821855
0.132395629 -0.0509558764 0.044764165
0.129707148 -0.0534278832 0.0443949106
0.134496714 -0.0545350602 0.0483928336
0.132405266 -0.0571974627 0.0485128745
0.113597152 -0.00278265134 0.0293792436
0.112611352 0.0 0.0293758826
0.113959612 -0.00637593903 0.0300384986
0.113734384 -0.0101419696 0.0307844
0.115552552 -0.0145419531 0.0304086012
0.114587398 -0.0207058653 0.0314680527
0.114581105 -0.0276070737 0.0319095583
0.118782467 -0.0346697955 0.0316534231
0.118687907 -0.043441148 0.0340610432
0.120615186 -0.048200758 0.0370789055
0.124093416 -0.0522756072 0.0406944559
0.128193455 -0.0548779758 0.0445161117
0.13134025 -0.0582227805 0.0487778548
0.12489624160622434 -0.05591024230330532 0.06474050722796763
0.12424194203056355 -0.058653788049777826 0.06401190363078622
0.12825938579420615 -0.05663411333186922 0.06178363462736088
0.12755288405918416 -0.058487932370031796 0.061505400348603065
0.13159979952131146 -0.05756640353350275 0.05833300994232279
0.13071198605221096 -0.058894697428955985 0.05873119024381513
0.135075785 -0.0602551454 0.0530319006
0.134291051 -0.0612488223 0.0534814972
0.125575698 -0.0435445408 0.0713319697
0.129333375 -0.0482885699 0.0640944146
0.132967594 -0.0527895833 0.0584334074
0.136551319 -0.0567555478 0.0525654802
0.12639951945186723 -0.0574863332799913 0.06896736616023832
0.12610719879440463 -0.06097353284355725 0.06798904496998125
0.13027867801477258 -0.0587072346801513 0.06562021545369588
0.1299461563879614 -0.061281368220563834 0.06553476712251399
0.1343283060959688 -0.05976900324539651 0.06222250852899813
0.1332953565216877 -0.06176547067365505 0.06296855707809547
0.138415191 -0.0621111072 0.0577418616
0.137559537 -0.0634949234 0.0583125408
0.127080587 -0.043633102 0.0730549753
0.131417539 -0.0481590133 0.0680562954
0.135113429 -0.0532522594 0.0629423673
0.139353328 -0.0578543733 0.0577399528
0.12820370007961698 -0.05918164470376958 0.07328301525869767
0.12787323834165032 -0.06319537923889774 0.0723663866610111
0.13244854795140018 -0.06038861415459732 0.07034640821786278
0.1319337209623347 -0.06360910969523619 0.06989707414604648
0.13670419233958628 -0.0613876665972936 0.06722632955926139
0.13583260259819468 -0.06390019691793394 0.06748339135114198
0.141393529 -0.0631586869 0.0631771163
0.140614368 -0.065099051 0.0637024813
0.129141306 -0.044276707 0.0743452524
0.133103614 -0.0475693921 0.0723629978
0.137448853 -0.051707834 0.0679543951
0.141904364 -0.057015525 0.0636346337
0.1307550761292093 -0.061641578028153746 0.07993573116503447
0.13060120036578787 -0.06634234962349574 0.0785142038476072
0.13543450198419896 -0.06174205908067659 0.07782601790004882
0.13529526735640537 -0.06572812435331536 0.0770227361929592
0.14007314335829024 -0.06230147197983406 0.07581314126383137
0.14014084976691193 -0.06545157989383377 0.07499515051914733
0.145866625 -0.0638057365 0.073194897
0.145309818 -0.0660948299 0.0727077122
0.13096995 -0.0472845994 0.0840662325
0.135319048 -0.0477572413 0.0805634771
0.13944258 -0.0500971347 0.0791176299
0.145854128 -0.0541980621 0.0749891556
0.13393269036432204 -0.06311250152923176 0.0883405014217351
0.13411234992059182 -0.0686998965652582 0.08726614433594097
0.133953182 -0.0475937446 0.0931283373
0.138067336 -0.0491039583 0.102944686
0.13777925594463827 -0.06433018254314733 0.09889415219856984
0.13793967308836586 -0.06941610039326256 0.09782229771911224
0.1415672419162489 -0.06594650004016417 0.11389697374654155
0.1416887997142239 -0.07100633192843901 0.1133219188110687
0.142336836 -0.0524789519 0.117017493
0.14449677208338332 -0.06789770205405814 0.12704512001548232
0.14471610291256684 -0.07080280708037955 0.12573981549839708
0.146324115 -0.0550318547 0.129942463
0.13900720943230171 -0.06217392219130853 0.08628420394140206
0.13914152240775768 -0.06718955321521254 0.08561672294989324
0.138508596 -0.0477145175 0.0896890896
0.142100985 -0.0487768488 0.0995484621
0.1429435844091395 -0.06357147771359403 0.09625073141297488
0.14298159994888224 -0.06875961612327114 0.0957968175521025
0.1472711059955392 -0.06511218020086461 0.11218211300273732
0.1482657786069894 -0.07020919157898564 0.11021823026278572
0.147061814 -0.0523186606 0.115695086
0.15029057804118023 -0.06738401881187321 0.12546915682572268
0.15002574610184408 -0.07092906923542795 0.1245983027889595
0.150390177 -0.0543588682 0.129401966
0.14398703044869232 -0.06333954320660191 0.08400209505047415
0.14429125134657717 -0.06726253140160542 0.08340135543238185
0.1426223 -0.0484723594 0.0879947144
0.14773590843212311 -0.06469844715014769 0.0936665486525554
0.14821556852007553 -0.06912993069279963 0.09351414190452825
0.144842576 -0.049582187 0.0968319918
0.1523347477807922 -0.06683485712726109 0.11038155588180505
0.15228919396920793 -0.07097172157761264 0.10960269631834359
0.151569572 -0.0519004459 0.112464648
0.15558592242772434 -0.06796946016300162 0.1238324895563653
0.15536353622064897 -0.07258133109911989 0.12318621808794124
0.155738023 -0.0537560827 0.127390303
0.149514103 -0.0650704864 0.0815510668
0.149415567 -0.0671983758 0.0810527882
0.147854028 -0.0523678271 0.0843606642
0.153295283 -0.0660555234 0.0909935322
0.153530337 -0.0691773376 0.0912930045
0.151071187 -0.0509107582 0.0936363179
0.157968489 -0.0681337526 0.108524893
0.157657691 -0.0715452191 0.107954502
0.156186745 -0.0529612252 0.109673727
0.161023721 -0.0690967878 0.122198343
0.161102904 -0.0731653287 0.121797161
0.160533125 -0.0540367542 0.125418774
0.14669186070214707 -0.0662730982200185 0.13822052469747623
0.14694509456423607 -0.06905693575351769 0.13725211166602216
0.146758431 -0.0563564699 0.141649332
0.15272822348931514 -0.06855367080132001 0.13689845380392363
0.1517599789696635 -0.07221510302070527 0.13552947433747367
0.153380024 -0.0558241234 0.140446244
0.15864014516633645 -0.07125073918379336 0.13556288738397973
0.15822103186978353 -0.07473471860528019 0.13462092579893428
0.158572444 -0.0554410982 0.13938176
0.164213779 -0.0710959846 0.134409827
0.164141724 -0.0751769919 0.133451624
0.164398469 -0.0552610815 0.138183793
0.14932832556788916 -0.0670073117774764 0.14841250026837394
0.1485802808838547 -0.0715012609777786 0.14826944411419304
0.149227604 -0.0580235448 0.151546417
0.15530672321322392 -0.07040058289920276 0.14792337463559896
0.15521947131802946 -0.07522662696362423 0.14653170321862816
0.156301816 -0.0573594191 0.151377572
0.16135982473506422 -0.07511642748736135 0.14683169212325198
0.16103750557956692 -0.07776946357228619 0.1455287925680762
0.161777357 -0.056828307 0.151224044
0.167029919 -0.072105553 0.146297155
0.166983625 -0.076192436 0.144963
0.166945292 -0.0563791423 0.150839566
0.1520592545232564 -0.06827652931491583 0.15883420747231583
0.1520743252196634 -0.0715497558170389 0.15823493405223296
0.152005184 -0.0592101318 0.161591775
0.15738996554535536 -0.07315752988290347 0.15799418808713508
0.15674937635108102 -0.07805434859407576 0.1567840862958808
0.158990715 -0.0585202036 0.161615767
0.16328509709940162 -0.07630561587573628 0.15727352506383258
0.1628510348032304 -0.07936205873061199 0.15619901853055154
0.164465317 -0.0578331636 0.16180955
0.169433824 -0.0731795381 0.156953383
0.169398203 -0.077747869 0.155696205
0.169530764 -0.0570048046 0.161876285
0.1546023347957709 -0.06989956185461572 0.16869638573393592
0.15434546924706952 -0.07283854641457774 0.16809443198407523
0.154475439 -0.0620288123 0.170744026
0.15950375026565816 -0.07222636039913977 0.16783110368261767
0.15924044336037788 -0.07540988213471123 0.16720550470090623
0.160953167 -0.0625799714 0.171118851
0.16545965758845002 -0.07539115603178706 0.16698104314395423
0.16510039479033242 -0.07944887991809013 0.16580260268970878
0.167248951 -0.0632056288 0.171013546
0.171923135 -0.0748817387 0.167197172
0.171873162 -0.0791049772 0.166195767
0.172582466 -0.0627730172 0.17148351
0.15597694729999187 -0.07331696509846669 0.1778960504559638
0.15595926322238557 -0.07571496350954986 0.1772916771227632
0.156402928 -0.0648116736 0.180506646
0.1605549181354072 -0.075184914246831 0.17715167714870275
0.160291875374408 -0.077571024228689 0.17650302655657196
0.162383056 -0.0654263032 0.18064119
0.16738103015113182 -0.07665520156565238 0.17683029990300564
0.1682952062841197 -0.08021137395493 0.1754424574332252
0.169958904 -0.0655076217 0.181180063
0.174210479 -0.0769171907 0.177251119
0.174290842 -0.0821237617 0.175987814
0.174840213 -0.0653027549 0.181062613
0.159782765 -0.0731698338 0.198132315
0.160024334 -0.0747306973 0.197874008
0.159212265 -0.0655791238 0.202316158
0.164813598 -0.0737497979 0.19811897
0.165350997 -0.0771607376 0.198033262
0.164593166 -0.0650324045 0.202659013
0.170782222 -0.0772224816 0.197570728
0.170485807 -0.0819940233 0.196069175
0.171298707 -0.0655027858 0.202278932
0.176859304 -0.079008421 0.196889321
0.176909034 -0.0843347337 0.195442794
0.176636295 -0.0648666077 0.201737672
0.05708005518784628 -0.010109392352618417 0.12123219922176008
0.055488196664165726 -0.007252677658317669 0.12155680486585345
0.05547686778750009 -0.004683165469196514 0.12103278821620049
0.054610037682682196 -0.0031109034991592703 0.12035759786535354
0.05461792098112385 -0.0014141690881525873 0.1207441146083239
0.05434443788070094 -7.227618780028342E-6 0.12100666298814045
0.0579157245590455 -0.01286958101385366 0.12147391734671745
0.059883165723592875 -0.015561093779094575 0.12544161840429363
0.058680512560938855 -0.014168877801838523 0.12535306994735143
0.05794746348969636 -0.012263999831283217 0.12465094536416485
0.057182231852099516 -0.011338769822373336 0.12429141304708102
0.055515810948626294 -0.00968668081478486 0.12381169802096546
0.0625079682 -0.0251313994 0.19658412
0.0619342832 -0.0287933189 0.190036476
0.0649316206 -0.0305371398 0.195860644
0.0678279432 -0.0344490857 0.195304827
0.0698470185 -0.0388706162 0.195147991
0.0667084347 -0.0397965932 0.181576611
0.06701887 -0.040748668 0.183228157
0.0681646236 -0.0410045037 0.184816174
0.0701916446 -0.0413027814 0.189139072
0.068523219 -0.0433513214 0.181288761
0.0737545617 -0.045258505 0.189368598
0.071946315 -0.0452499021 0.185146683
0.0698514325 -0.0445438419 0.182798836
0.0719830665 -0.0468339872 0.18100988
0.0719794034 -0.042446511 0.195344322
0.0755606459 -0.0446918626 0.195591171
0.079660419 -0.0464276367 0.196019957
0.0839070617 -0.0478763691 0.196599053
0.0885076402 -0.0488356865 0.197099373
0.0932478583 -0.0496731656 0.197471542
0.07753716 -0.0477965993 0.188770685
0.081496161 -0.0482220959 0.187376637
0.0858040939 -0.0473082052 0.185891721
0.0908343674 -0.0473462078 0.184569643
0.0756537788 -0.0480062604 0.184463471
0.0806118697 -0.0483651347 0.182209083
0.084799525 -0.0476887938 0.179927915
0.0897618148 -0.0473034235 0.17809862
0.0738897878 -0.0474723869 0.182449173
0.0792681894 -0.0488812204 0.176724642
0.0801478421 -0.0486911121 0.17951483
0.0759599756 -0.0475571981 0.16842579
0.0754524653 -0.0479440698 0.170528729
0.0767072563 -0.0479192946 0.171348248
0.079523399 -0.0471331007 0.172054637
0.0887956078 -0.0490362628 0.170235895
0.0824839249 -0.0481327408 0.174202163
0.0841503108 -0.0483518206 0.177108942
0.0844784424 -0.0493449928 0.169213207
0.0869884633 -0.0506916181 0.169451504
0.0846294751 -0.0513376906 0.164188585
0.0869536262 -0.0522744579 0.162450399
0.0827924074 -0.052255559 0.157675147
0.0847175092 -0.0520075962 0.154907411
0.0809881488 -0.0498760729 0.153136937
0.0835614469 -0.0488488728 0.149904102
0.0764564593 -0.046463778 0.147730852
0.0769990288 -0.0475379147 0.144285472
0.0659386976 -0.0208616816 0.139854056
0.0668385886 -0.0204647357 0.136964523
0.0697064105 -0.0250326839 0.139415803
0.070593257 -0.024744853 0.13677078
0.0719164373 -0.0311174256 0.136847187
0.0719143353 -0.0382213672 0.137609526
0.0728818192 -0.0442594045 0.139938373
0.0720684656 -0.0308622247 0.139244182
0.0722247738 -0.0375419651 0.139660008
0.0731408504 -0.0429508756 0.142519624
0.0506057252 -0.00658007439 0.160309292
0.0542589179 -0.00857758568 0.159326479
0.0590209585 -0.0102749312 0.158992104
0.0612228562 -0.01123916 0.156370961
0.0586666694 -0.00814871792 0.162595248
0.0622858191 -0.0103719457 0.161180478
0.0596308304 -0.00731083387 0.164836689
0.0627736379 -0.00876261589 0.164610618
0.0674682976 -0.0105082665 0.164097923
0.0674833352 -0.0105408877 0.165347617
0.0676464496 -0.0107920002 0.1665943
0.0679842105 -0.0112654313 0.167932769
0.0647352217 -0.00911425074 0.165407973
0.0647900248 -0.00881994171 0.166665511
0.0650885513 -0.0091189229 0.168006295
0.0655519546 -0.00980246674 0.169656911
0.0621740809 -0.0071774801 0.166180099
0.06165846 -0.00654377847 0.167945642
0.0615129995 -0.00695848144 0.170061864
0.0621159048 -0.00811841171 0.172690366
0.0598340579 -0.00625221082 0.166709058
0.0597373373 -0.00610069968 0.168716527
0.0597911287 -0.00673398804 0.171026325
0.0601673244 -0.00796588532 0.17361576
0.061908164459512825 -0.027536790606427646 0.15003368483470964
0.06247522936123226 -0.02547326734513604 0.1506588548901477
0.06259350829800361 -0.023460245028199656 0.15135546531165486
0.06324815211184179 -0.021441614894483586 0.15231956144011233
0.06169735838864266 -0.02811496340222775 0.14994806109488834
0.061596968719762946 -0.02635613341738617 0.15059215425054567
0.061597643259319254 -0.024344314052701453 0.15141948786548534
0.06175544102964501 -0.022231235237911758 0.15257074821269265
0.0701048858 -0.0154461416 0.154218054
0.0700069939 -0.0173858559 0.152981764
0.0696837954 -0.0194042137 0.151897314
0.0693276153 -0.0214781755 0.150998528
0.0665810724 -0.0157584315 0.154147045
0.0658755628 -0.0169735286 0.151771342
0.0656932715 -0.0185349734 0.149601268
0.0659470091 -0.0205588983 0.147839661
0.0647786641 -0.0149836827 0.154519157
0.0635225864 -0.0159959388 0.15119156
0.0638572229 -0.0173303735 0.148391735
0.0645910339 -0.0197274408 0.146347148
0.0622820552 -0.0119795606 0.152327116
0.0606045702 -0.0136104358 0.148799848
0.0611066436 -0.0156890632 0.146118266
0.0624013311 -0.0178903813 0.143883922
0.0624209505 -0.0162901118 0.141174201
0.0622005588 -0.0158287416 0.138175723
0.0604358523 -0.0138981499 0.128384269
0.0616699134 -0.0116722217 0.133415638
0.0611935787 -0.0132274284 0.130508464
0.0570089117 -0.0112575551 0.149625886
0.0605084854 -0.0111219263 0.137728874
0.0607881409 -0.0135130364 0.143450654
0.0605748443 -0.0118933336 0.140234545
0.0588674285 -0.0116684034 0.142828988
0.0593112663 -0.0125549104 0.146193521
0.0550883122 -0.0106929951 0.150559541
0.0497990413 -0.00916210318 0.151989979
0.046423575 -0.00766351656 0.153983029
0.0440626883 -0.00623734098 0.155983906
0.0420781988 -0.00323123723 0.157430727
0.0412334655 -0.00142250714 0.157727022
0.0412282639 -4.744024E-9 0.157721288
0.0541373872 -0.0111581113 0.143589603
0.0373274108 -5.79568189E-4 0.154023384
0.0496260919 -0.0103060234 0.145300714
0.0456919971 -0.00828431288 0.147647842
0.0421857508 -0.00696978792 0.150009759
0.039674654 -0.00524209299 0.152307206
0.0380464062 -0.00178409042 0.153534925
0.0373253034 -6.393954E-9 0.154025219
0.0566075316 -0.0112647177 0.138812052
0.0507541859 -0.0112065998 0.140112954
0.0460578315 -0.00952709949 0.142192145
0.0419692223 -0.00825051501 0.145360674
0.0385694689 -0.00656463611 0.147969354
0.0366714122 -0.00448508541 0.150099954
0.0354905986 -0.00135164777 0.15121283
0.0351759411 -3.20725484E-4 0.151486069
0.0351755152 -7.23912E-9 0.151485884
0.0601540356 -0.011554677 0.131992502
0.0557291719 -0.0121016936 0.13537282
0.0492688364 -0.0136985931 0.136903935
0.0454221612 -0.0122826128 0.138336928
0.0420447861 -0.0109187254 0.141327048
0.0386712746 -0.00941549483 0.144002876
0.0359307854 -0.00626472581 0.145904107
0.034140248 -0.00377069343 0.147340105
0.0331600221 -0.00123931526 0.148497647
0.0329160488 -5.38240946E-4 0.148604846
0.0329186597 -7.360644E-9 0.148602139
0.0577127247 -0.0128592829 0.130561891
0.0513775612 -0.0144479783 0.133651006
0.0420655838 -0.0135406462 0.138438574
0.03764975 -0.0111786817 0.141039772
0.0458200404 -0.0136893856 0.135221102
0.0355011776 -0.00899579538 0.143286746
0.0330902261 -0.00606012695 0.14411449
0.0315719187 -0.00339134592 0.145088792
0.0306234811 -0.00130184297 0.145736757
0.0304198165 -5.5483891E-4 0.145913917
0.0304212391 -3.269929E-9 0.145909253
0.0560659458 -0.0147804778 0.12756124
0.0502958719 -0.0167648817 0.128558128
0.0480552332 -0.0158500909 0.131670138
0.0437298724 -0.0149256631 0.134426073
0.0402226089 -0.0139867017 0.138367089
0.0352435222 -0.0120097483 0.140247233
0.0401265214 -0.0128304235 0.137378642
0.0334836228 -0.00950774607 0.141738496
0.035224667 -0.011849493 0.139965086
0.0355032367 -0.0114544437 0.13900975
0.0312130608 -0.00593550037 0.141855166
0.0298093143 -0.00323707059 0.142285381
0.0288559702 -0.00125160354 0.142846266
0.0284723782 -5.69622967E-4 0.143156992
0.0284732757 -2.9013E-10 0.143153702
0.03219135 -0.00913675287 0.139618759
0.0301011804 -0.00547113111 0.139170704
0.0293753999 -0.00402966823 0.139245874
0.0300858314 -0.00385150321 0.136666358
0.0314103421 -0.00639643853 0.137263966
0.033383838 -0.00942410783 0.138389316
0.0283948599 -0.002021217 0.139474553
0.029041505 -0.00183467846 0.136623513
0.0276208671 -5.57861654E-4 0.13981451
0.0276207161 1.4037762E-8 0.139809252
0.0281928812 -3.73026457E-4 0.136836315
0.0281919644 3.640996E-8 0.136832215
0.0309832158 1.55059214E-7 0.133799109
0.03574193 3.44376472E-7 0.131459481
0.0452267669 3.40548746E-7 0.127844603
0.05055393399534537 -7.597373583281899E-6 0.12520115387646757
0.0309850558 -3.3772853E-4 0.133805098
0.0357484424 -4.92826775E-4 0.131472381
0.0454334683 -9.0306936E-4 0.127944049
0.05077531171619742 -0.00121771564021857 0.12546268606942884
0.0318464708 -0.00185623036 0.133700129
0.0366138324 -0.00208965091 0.131478977
0.0461715671 -0.00283497894 0.128009428
0.051592363399788274 -0.0027017324092036914 0.12563695807338396
0.0328559253 -0.00383930018 0.133943529
0.0374234579 -0.00396426412 0.131553882
0.0465693427 -0.00505989214 0.12786795
0.05241020489991968 -0.004042361793198364 0.12536140361912582
0.0499809333 -0.014541473 0.126896674
0.0478336918 -0.0158547972 0.128518781
0.052344262 -0.0154424482 0.127005089
0.0501839575 -0.0165252018 0.128350647
0.0466184348 -0.01648009 0.129723935
0.0395280389 -0.0124428941 0.136864917
0.0426207395 -0.0144599525 0.133685479
0.0402852873 -0.0114260523 0.134567281
0.043146797 -0.0126482402 0.132315517
0.0343512961 -0.00641179925 0.135028097
0.0360578239 -0.00886618458 0.136603475
0.0377466007 -0.0109746835 0.13752135
0.038111175 -0.00599828484 0.132217003
0.0385731289 -0.00810249901 0.133493247
0.0391566422 -0.0101231933 0.134687079
0.0420343862232469 1.8842684155587814E-5 0.10239347606936086
0.042044084642497676 -8.674907024678639E-4 0.10233530758651399
0.04459472521502273 -9.63008022721261E-4 0.1056808272699966
0.04464826963989371 -5.27139358387829E-5 0.10574079747826531
0.04224897963222377 -0.0017787598685195262 0.10235343834867729
0.04466275182306296 -0.0022893954239830414 0.10555868881046253
0.042675079370558616 -0.0037701898471582136 0.10220759993327011
0.044841343773078024 -0.004018911143898017 0.10530113428759806
0.04303909917273187 -0.005799047030344882 0.10234673900823398
0.0451914115764872 -0.006292385950266047 0.10520637229763823
0.04402927903990904 -0.008579396574888041 0.10246109114612657
0.04616108674631646 -0.009317167613177052 0.10549886427918577
0.046112058120008154 -0.010991038885138223 0.10307577369877306
0.047338912622460816 -0.011787763059714117 0.10542949457626177
0.046898971427002424 -0.013525602474565215 0.10262135330114544
0.04854362398297869 -0.014882743876029529 0.1047924244293492
0.04846613712866214 -0.015395870851237345 0.10252794476815531
0.05007560120783863 -0.01664016620289391 0.10464615177880657
0.049757336136883476 -0.01665685137677459 0.1023862302746604
0.05080951128422543 -0.01776974546819192 0.10426431952404668
0.0508937619644234 -0.017896729240188657 0.10196144277755573
0.05208733767348068 -0.018854326338088364 0.10383055346491366
0.05174576594876241 -0.01843002937032136 0.1014443458123787
0.052962206336354956 -0.01943743457556071 0.10324885560507084
0.052175353225860026 -0.019338780759554676 0.1006513924747749
0.053981263448275814 -0.020273350506305073 0.10254232369344472
0.05566323791234767 -0.01976325818173453 0.10098767006292826
0.05629606078955532 -0.02109734091030697 0.10259530009501147
0.05820373587260657 -0.020787902055598554 0.1014487879919143
0.05611288683645781 -0.0189420183538192 0.09958982060720918
0.059679604579411266 -0.020183327567262876 0.09942287419436341
0.05790468830003055 -0.018008483767129383 0.09906286432942925
0.06540774195813723 -0.023629685902330284 0.0948642905824123
0.06179665525657387 -0.020201339056042815 0.09604204790745806
0.06047599982068751 -0.020188187559957285 0.09257102118707967
0.06512768638705625 -0.02354435245796828 0.09136997182166798
0.05979567413416137 -0.01950238583597419 0.09068517356982682
0.06510821075191305 -0.022476548362234915 0.08871797669413856
0.059512366917225494 -0.01829041626205451 0.08894386302455067
0.06483899694413615 -0.0210860948708166 0.08685130178137537
0.05936234525880278 -0.016610239045188217 0.08729331035156962
0.0644986197339758 -0.019836953666454115 0.08489976952216322
0.05916902123672421 -0.014699519601675048 0.08580574743507192
0.06400246964921233 -0.01810179433118784 0.08322658345729948
0.05921050806636287 -0.012720615854236759 0.08447986401436093
0.0635809692462038 -0.015975007873848462 0.08145893882366817
0.059363024478310406 -0.010769965856284208 0.08336966466229229
0.06266944547817724 -0.013357613878276236 0.07975358787256576
0.0595990780137236 -0.008465140122097719 0.08272102671919541
0.061630502986716816 -0.010217584795635304 0.07840524107266506
0.058190701693415336 -0.00617612831411564 0.08256724534120193
0.06004697835528239 -0.006887955255835761 0.07819039713643722
0.05720879192295599 -0.0035808024949794863 0.08204747238163076
0.059363902290539075 -0.0036128596290723393 0.07706676840180837
0.057383435558255445 -0.0020279394059014343 0.08180792162796809
0.05929456704831099 -0.0020934867343935406 0.07689010782966413
0.0573602618994986 -1.1920089393571842E-6 0.08185598417240372
0.05930853093969101 5.861067104112124E-6 0.07686786816743382
0.0628945433895168 -0.023508775214533623 0.09959415954140612
0.05867139214308912 -0.002277985184886377 0.07167212579205187
0.058659548568103015 7.455960799454933E-7 0.07169603474388783
0.059327521955977756 -0.0039124835066883905 0.07277649852918278
0.060553420454393284 -0.007900854567683392 0.07322258476921027
0.06256089710995047 -0.01149000513748193 0.07340621200133285
0.06416345716271624 -0.01454746593083827 0.07438547760933789
0.06550434785474736 -0.017402107015721445 0.07548667752150483
0.06670735345654254 -0.020187294592818802 0.07656880797314045
0.0675056751949748 -0.022412074914816373 0.07862462858151131
0.06787598046009144 -0.02452158074496778 0.08100050951902968
0.06802221714239212 -0.025673321813240835 0.08340927360227554
0.06834543922158483 -0.0272726127122396 0.08643744922409316
0.06921459559570467 -0.02842469272630261 0.0918250741038463
0.06726331935883838 -0.027717492481874547 0.09764786480743218
0.0655754078685065 -0.027765013240202325 0.10325664831626057
0.06044871542554827 -0.02533615944266544 0.10420405880162405
0.05714252365301807 -0.025315372956310155 0.10400384436496776
0.05529239003054695 -0.024653521575942812 0.1045584034605653
0.05647508301286087 -0.022372286170864314 0.1076733469431365
0.0549421914573402 -0.020646953726749295 0.10911640537493031
0.05296212045602375 -0.019019850732992786 0.11024454426037172
0.05071001100822189 -0.01708289145461091 0.11021659103058934
0.049337382559864244 -0.014046769304546253 0.11054705704355168
0.047799946950213945 -0.010278721911871378 0.1102029575340643
0.04689138428686603 -0.007921319391978734 0.1101051104901581
0.04669111521018796 -0.0046085570151467616 0.10943602770396213
0.046425413924625784 -0.002882066926356373 0.10926887420082536
0.04645025956365484 -0.0014178669670383164 0.10952670736848
0.046406237598779605 -2.781199139655085E-4 0.10957313505212997
0.05771185345553033 -0.002420671596606048 0.06763929907632733
0.05733396700102777 9.646411935341638E-7 0.06774847669938171
0.05911241159590197 -0.005174629832236575 0.06755943771064497
0.06093672958743714 -0.008291431345357802 0.06829055394535807
0.06287100365862391 -0.0116471044158924 0.06899415868313667
0.06508107755934496 -0.01488079101769705 0.06980739451217512
0.0665176331795529 -0.018098651241763564 0.07065267784555232
0.0693618386152886 -0.021948369039009905 0.07223107433704322
0.07063364692359812 -0.02413829664884668 0.07736239284073781
0.07127593544445761 -0.027492106129901883 0.08477203137427104
0.06569173593458331 -0.03247724048038158 0.10577560317340061
0.06304760156281526 -0.03094848082382978 0.10630675080320134
0.061350632410149465 -0.028166037356904542 0.10822851622968786
0.05974928147666695 -0.026067328389766095 0.11031986772203055
0.05841931095285045 -0.024847856495461937 0.11213851576875324
0.05673290664225352 -0.02404339371656308 0.11354790955531287
0.05461968199515282 -0.02255806007414666 0.11471782590155215
0.05235360710845815 -0.020086956591945967 0.11544011692481528
0.05076795627797206 -0.016932025559081337 0.11617201378236348
0.050123639170181596 -0.013156667865592974 0.11636611530807739
0.04870029945867777 -0.009854106695272575 0.11675351686171105
0.0478595104572466 -0.007214870542903396 0.1165768541940937
0.0473958188665292 -0.0036036176663546806 0.11587407072982184
0.04733566366798104 -0.001364186028075511 0.11616954988491437
0.04737697809316985 2.023131053222911E-4 0.11632690148286932
0.05763415145411164 -0.002606993447789705 0.06434214346461435
0.0568720589361885 -7.665380391946518E-7 0.06455691097140799
0.058206844800224374 -0.005328595469263814 0.06448729106250822
0.0606213648826281 -0.008312536913457635 0.06522474449574471
0.06311542078924205 -0.011174367437308935 0.06602285686906266
0.06536509101139207 -0.014456146406383505 0.06672064077091584
0.06766048970975036 -0.018560142282979315 0.06726664213589817
0.058408675491925716 -0.00270330032271836 0.06233498796489961
0.05725287603212989 -1.8792766714331563E-6 0.06259214638440652
0.058425310954219434 -0.005359086037063049 0.06210661417278475
0.06102389795260977 -0.008043148753497814 0.06239871766958965
0.06306847852156681 -0.010856575551903072 0.06280008359834713
0.06570817108418232 -0.014194476722301463 0.06342691215896072
0.059335461682367176 -0.0025480485496192887 0.05909711001133994
0.0581827690179638 -2.581359269607723E-6 0.05898096225672855
0.059533634099797325 -0.005166588998052673 0.05894431005381716
0.06160218318146699 -0.007891879198973346 0.05915617243183145
0.06378209408895649 -0.010807814644993367 0.059366184002947776
0.06063854604587948 -0.0024838786225241894 0.05658355324896455
0.05983938774195123 -2.723354769418295E-6 0.056284665447548635
0.06113472902507097 -0.005065938427087969 0.05634714869969341
0.06311637342047091 -0.0081009327292736 0.056425077859382236
0.06528524348104782 -0.010925501588851002 0.05641402718608981
0.06859546949171255 -0.015273868305945851 0.05701745448017133
0.06691338750688788 -0.014444792451984706 0.05978986320280721
0.06292781832428092 -0.0026112649529261836 0.05433817686690905
0.061660139261004346 -2.3310041975488025E-6 0.0538345131242632
0.06350023815085026 -0.005111770816610062 0.05407893371362402
0.0656896341115808 -0.008350828007146918 0.05420036361943847
0.06772119440847602 -0.011156949614545176 0.054333169272883945
0.07077296926187507 -0.01582268778983059 0.05499366702154177
0.06772021395096765 -0.016810434373361542 0.06202036501392042
0.06640433607524752 -0.0026726928248172878 0.05242689499854995
0.06466145266498148 -2.100009870994018E-6 0.051796081237643773
0.06705010416255652 -0.0053722037135187 0.05239871363376788
0.0684853215511651 -0.008582317784582983 0.05241616565539458
0.07067261751272245 -0.011484419003717975 0.052963475487733946
0.07402236318570277 -0.016142711217069054 0.05384158567715849
0.07123520446273085 -0.0026513522042608604 0.05059515239490627
0.07120663772300133 -1.2924204923222464E-6 0.05019689363782209
0.07202707696836673 -0.005415046516365595 0.05073042289763317
0.07332377563461154 -0.008688645348056639 0.051135886524230206
0.07520066920211649 -0.01214569549308216 0.05167894677149194
0.07883943446058402 -0.01661062914191387 0.05334873924017449
0.07576768996727769 -0.0026454543992197473 0.04933525324417549
0.07643907594964255 -6.734685978762546E-7 0.049119838130751096
0.07683659270909367 -0.005477281706669017 0.049803532846454626
0.0781029047771169 -0.008867980127019327 0.050153101654673245
0.07992222242400884 -0.012559274231608094 0.05079814795914137
0.08420283564368557 -0.01707693047759851 0.05376548410975961
0.08121271390075682 -0.0026612643962707952 0.04710335622911838
0.08167765938707698 -3.7877585478142395E-7 0.04687718428416749
0.0821228599043695 -0.005388341542526448 0.04819552112306759
0.08553481299301326 -0.012870110979751109 0.05031136863216297
0.08349817497333459 -0.008918254619341651 0.048949237903121195
0.08795258609624096 -0.00266575683595217 0.046110054092800196
0.08675160116705871 -1.360133665426767E-7 0.04508979530658936
0.08917530515239677 -0.005847445654384117 0.048378001793748744
0.10118038689697177 -0.019618167833917104 0.05459938371514701
0.09589698413272399 -0.01790776578991703 0.055746097988969394
0.09292675924012135 -0.014270898346921234 0.05234354169406362
0.09797772955376004 -0.014303254483942285 0.05172047242712126
0.10396078132293286 -0.006279266104692732 0.03630444885744239
0.10506891847861163 -0.010305580253247475 0.03718525321968164
0.10312441775459674 -0.009527988243266108 0.04430647479682684
0.10116781803463959 -0.005922709933705039 0.04197931768831587
0.10331496067243885 -0.002724087393734907 0.03574117078515668
0.09968398600970256 -0.002704513008294683 0.040410493158985324
0.0984596547656059 -2.0204325444174166E-9 0.03895573822355317
0.09654280640492321 -0.0026943194884612304 0.04285401232753631
0.09541837195152518 -1.8431948075818183E-7 0.04149298814702896
0.09810084821044589 -0.005897963072487605 0.04466365094003373
0.11030473368088482 1.0409861470652359E-8 0.03442116084643839
0.11117413094080482 -0.002921686347033272 0.03402914324605736
0.1030628156266834 -3.559603318812075E-8 0.03622449298469542
0.09336899765039819 -0.0058700752944793 0.04682833342321575
0.09229863276747184 -0.0026816906974211 0.04440907877929742
0.09129195073888267 -9.414346947976054E-8 0.042777081851478896
0.10329984554879322 -0.01433381923013171 0.049277522126143836
0.09542136575586871 -0.009462219532970436 0.048846072478384295
0.10036626145579704 -0.009495149038997631 0.04664226721344298
0.117112155 2.2791581E-8 0.0327078568
0.117262113 -0.00313950412 0.0329364761
0.11781744 -0.00636226183 0.0332114254
0.11201439036664489 -0.006363694151964738 0.03406428830785732
0.10604559179914777 -0.014372026667937288 0.04641229204342059
0.09057510118315484 -0.009429605654464327 0.05005630921192958
0.08951825125823197 -0.01746773753428777 0.05479861954677584
0.09975868014479015 -0.02448657433082896 0.05896008603385587
0.09387681442831398 -0.024166710659237485 0.05857348265546174
0.10618702156676964 -0.019638123231051817 0.05195452609878761
0.08835071110647509 -0.0226938738274823 0.0571661668238093
0.10417652627866401 -0.024437173128547658 0.057155731864058174
0.10887033460729695 -0.02444929524118258 0.05428441533232108
0.10681099535937334 -0.015110805864010956 0.03853765141089266
0.11002541960378019 -0.009842518459504124 0.034254063086443236
0.118037238 -0.0094789674 0.0333615651
0.116924396 -0.0139895499 0.033385437
0.1105180943211349 -0.014193638888758908 0.035799884384855
0.116388586 -0.0194646016 0.0338764241
0.1111729928068635 -0.02104312359838905 0.03630336097632159
0.10968797336352375 -0.021030932674553957 0.04067510815095007
0.10856326356729387 -0.019691739952747898 0.047946716859799954
0.117618564 -0.0262600934 0.0343369966
0.1139621698387001 -0.02802730632491059 0.03726380028233098
0.11295630690727522 -0.027138397477251483 0.04334199181075808
0.11124414719532029 -0.024497715406022674 0.04960348120925316
0.08383500722711398 -0.021812655145019948 0.05621798084834809
0.07880549278729015 -0.021442846254067418 0.056250664999237546
0.07556233942796774 -0.02140902198687312 0.057002331925749126
0.07245232483703548 -0.021133662966106328 0.05799875043976183
0.07053133624932743 -0.02005789617525203 0.0600715563994601
0.10675242926660926 -0.030427924708192878 0.05942375215232325
0.10257010192887393 -0.03048562256446905 0.060778576343035094
0.09736133909828262 -0.029771628249227182 0.06094501509883231
0.07166530675011414 -0.021923546351774657 0.06532829664993489
0.09134183838128668 -0.029609868275875344 0.05982011425348064
0.08692906496656685 -0.029071419007978164 0.05919064379727138
0.08327954873060478 -0.027587370515677636 0.05965853342744515
0.0807803281011897 -0.026412124726349375 0.061332646804063876
0.07779775008839325 -0.02517039030612076 0.06324097105098482
0.07477508061620985 -0.023812498112490466 0.06413499341544462
0.121054602 -0.0347964487 0.0350105088
0.1170439474627585 -0.034973496215803763 0.03911373779212397
0.11627131654631395 -0.03320012091924995 0.046438098365954555
0.11402924349217851 -0.0304805700392823 0.05208746526412386
0.11156650485373049 -0.03043235558181421 0.05659686281325762
0.121763611 -0.0412088016 0.0359232361
0.11977982369790864 -0.03995377559930799 0.04165951197190392
0.11814881475667928 -0.03843385101062997 0.04842829908476711
0.11637724758804424 -0.0362496401921513 0.05421676170621185
0.11356718760466328 -0.03480988228421793 0.05834561861221609
0.10834324556040215 -0.03520277059469656 0.06030296385775437
0.1039082320579793 -0.03506526828549477 0.06210776263596259
0.09933635023008269 -0.03528243648105578 0.062319864973330065
0.09459206045168238 -0.03521298493537851 0.062362031785068314
0.0907254981921721 -0.03463063563576141 0.06269732648460644
0.08719667444137269 -0.03331790447599727 0.06336094108772106
0.08429084476433046 -0.03142106828175203 0.06541001828099104
0.08175338015094884 -0.02963952003259192 0.06752619602258852
0.07832532028803962 -0.026860349816958583 0.06918251638683447
0.07441175948935567 -0.02441408703583913 0.07032991962396289
0.07588957936177192 -0.027339635891648752 0.07616155249733976
0.08051345209694356 -0.030384527968163266 0.0741961701867007
0.08443495787105373 -0.03261634048423436 0.07246046553840899
0.0875194323838985 -0.03459402824643202 0.07031315579360607
0.09014846730500997 -0.03712889075894715 0.06775343001513588
0.0943909308500467 -0.03790708509331707 0.06668013541105797
0.09763269448087766 -0.0390051683262071 0.06526547686351057
0.10157863824501895 -0.039102686682455756 0.06463223685893454
0.10575622309683289 -0.03896007221975519 0.06370155814917103
0.11020006867659543 -0.038792280632409144 0.06256169573601221
0.11504268832839323 -0.03882278389115822 0.059966581493551475
0.11801586742682812 -0.04020454780115425 0.056204553735034066
0.12018547102307624 -0.04237061671874984 0.050804702878829225
0.1226006921795216 -0.04382942920089904 0.04450272564694669
0.124471977 -0.0457085851 0.0374105511
0.12795796 -0.0494295883 0.0409455861
0.12540846316570162 -0.047284342816449325 0.047477856537032716
0.12208914542787114 -0.04621848016861074 0.05321469535764369
0.11967090130435845 -0.04381778017356229 0.05837335769470188
0.11667091679149819 -0.04245623531109509 0.062440418243095014
0.11184512946063269 -0.04236623918231005 0.06526024555171962
0.1076779342574353 -0.04239946853610806 0.0668662776656379
0.10267841506052078 -0.04274725946803429 0.06793146544218052
0.09880810389935393 -0.042279372056255524 0.06880433138345228
0.09558750693597447 -0.04127384671893542 0.07046241409101084
0.09316787813691729 -0.03927272238468199 0.07325945846108674
0.08980634256181565 -0.03732562952486947 0.07589274419569238
0.08620595644201008 -0.035142023260366084 0.07862253564684987
0.08154759678558904 -0.03328295456018563 0.08102944192973201
0.07571648871898996 -0.030357064776759434 0.08382206403969727
0.08632570765513131 -0.03868073591570892 0.08912850599833096
0.08047994058379035 -0.03630368484062383 0.09220541996527261
0.08162944888326644 -0.03513697457321858 0.08779004733039275
0.08687237163809508 -0.0370855726181721 0.08487253908914312
0.08587775972669537 -0.04001516468005336 0.09297166368124078
0.07964893143883973 -0.03763961865881874 0.0960445659942003
0.0941416624054897 -0.043744042303662294 0.08224666460481662
0.09072231931954906 -0.04119135178373722 0.08557555803494282
0.09112875347150028 -0.03937169338479608 0.08147212017455409
0.09409900291668356 -0.04209904090715532 0.07814792901154385
0.111532633564596 -0.05427184835373955 0.10442049334244455
0.10638751066419706 -0.053157164107576815 0.1072968350943849
0.10485096849720259 -0.05091375524609773 0.09917408762609242
0.10975876723430637 -0.051827076663037264 0.09598438644722625
0.10260663511258299 -0.04844132843669881 0.08695027756085001
0.10342804826560859 -0.04961837243843875 0.0919026831984193
0.09889037107913448 -0.04858936559686434 0.09494796296405549
0.09831793974473521 -0.04741748610544743 0.08968156476966165
0.10027379338725886 -0.04430870052157451 0.07402392806289598
0.0970521719026518 -0.04330170856856307 0.07597294780322342
0.07268498522722606 -0.033790718047670296 0.10465641511548263
0.07355350914164435 -0.03741972654852135 0.1102288250167726
0.06805998135233296 -0.034102038500552954 0.11139093417467273
0.07122597378823022 -0.033430347063118745 0.09889072779501328
0.07312726639266162 -0.03281949420639488 0.09475654754732343
0.07453044979098392 -0.03217847770475693 0.09015901444670116
0.11019828337464976 -0.047150989455834263 0.07398178141834198
0.1051944292227029 -0.0465134837499416 0.07615095199711859
0.10387229367737112 -0.04537395420393563 0.07188958180938627
0.10891201864584069 -0.045523338974010646 0.07024180083621745
0.10113576426451253 -0.0457963332933211 0.07815991785500072
0.10188922903453264 -0.04702762395627214 0.08237232104208898
0.09770224244640453 -0.04632979619222899 0.08473336802706118
0.131087441 -0.0521670063 0.0445500886
0.1274258754135302 -0.050733653937453965 0.05076324895444109
0.12406419781573753 -0.049257580016921286 0.056255523929534
0.1215533191590162 -0.04638955422395297 0.061260757738238227
0.118362235021421 -0.04524776122937838 0.06485809702544333
0.11360429128190896 -0.04511767133942897 0.06849650484230212
0.11511442006882332 -0.04689739575156757 0.07148235800937029
0.11639783328813262 -0.04812547105634311 0.07433414633838019
0.11132034008510852 -0.04842661567840698 0.07740561633001804
0.12339233087431142 -0.048474451928283445 0.06419815977449392
0.12521846720467256 -0.04978041967106323 0.06715318021941849
0.12139972772135278 -0.048129256272702786 0.0712665216153151
0.12002004082739806 -0.04727373997159404 0.06771292889669299
0.12969119193749792 -0.05350464143738632 0.054411826744271925
0.12633638815918133 -0.05128068281333955 0.05957095450136004
0.13345326 -0.0558747461 0.0484194298
0.135803271 -0.0585255485 0.0527693731
0.13225196348327897 -0.055240081784238934 0.05831288328111472
0.10739647588427068 -0.048616637987490455 0.08443193939653612
0.10821396419016718 -0.05012725645430772 0.08897456219107466
0.10643951783001257 -0.047367078072274284 0.08016289110560167
0.09417134464496739 -0.04613846322709064 0.09208886321185414
0.09444366039124755 -0.04712649754207053 0.09780758725203721
0.09000960710891619 -0.04482168731192094 0.1010699871538086
0.09016666488613476 -0.043767927744629884 0.0948943201319886
0.09743425275624601 -0.044832231268482264 0.08038089648274015
0.09402080597913355 -0.04517379225464028 0.08688587619592088
0.09037312552848778 -0.042697200439617014 0.08976218226142689
0.0855266573153696 -0.04156523021974412 0.09795438599113307
0.11534483726169155 -0.05192676902974939 0.09257908871798513
0.11367815504526611 -0.050771627067843945 0.0856478344432908
0.08484138512048063 -0.04299538783512952 0.10357169619267063
0.07970072763800451 -0.040354161482260495 0.10789161460667267
0.08080645663059388 -0.03680200321245963 0.10236359464684996
0.08060123621557502 -0.042893486475929034 0.11457802551009871
0.0744293945673645 -0.040513657789373665 0.11615379968743726
0.0903446194354324 -0.047419274682947786 0.10771544497701561
0.08504394538477104 -0.046013053083235916 0.11045912456328748
0.07233319177802869 -0.03921754739331069 0.11700020986092365
0.09559614153156118 -0.04854953794401505 0.10492606094043169
0.10021689380203332 -0.04989966093677295 0.10214981799853441
0.11259883057925534 -0.04914623030556347 0.0813993685251183
0.11767099735213296 -0.04920838792029821 0.07814758136194574
0.11904718151924532 -0.050752782626312075 0.08231063742121593
0.1285791910007334 -0.052857682967078004 0.06268815445169504
0.138869634 -0.060020131 0.0577142288
0.1346947802008753 -0.056539414745575445 0.062495422575257836
0.13067468867876728 -0.05361485079703289 0.06665998133356053
0.1269048714600779 -0.05026906633898807 0.0711518812989779
0.141620613 -0.0601190937 0.0633617262
0.1370391590444862 -0.05656526690537298 0.06746641358808243
0.13274674529387326 -0.05370060329754673 0.07119073995598466
0.145855656 -0.0590448974 0.0739914815
0.1397103744947793 -0.056107554997552316 0.0772782955481802
0.148687907 -0.0583868624 0.0827127864
0.14044665348298738 -0.05510904134839531 0.08594832365829967
0.12302046229342287 -0.04860567871203568 0.0744881787188505
0.14184982230343018 -0.05538508445231569 0.09547072079247745
0.1518468564509156 -0.05931414833027318 0.11123773297595896
0.14668719932038132 -0.058463733480464665 0.11359940545840577
0.1388458340362779 -0.055251241089772064 0.09847811152955396
0.151629685 -0.0587085008 0.0917263284
0.156981185 -0.0605193545 0.108970694
0.160723344 -0.0615663143 0.123671338
0.15561937281018953 -0.06087159326799102 0.125444196747693
0.163848917 -0.0627397208 0.136288304
0.1584445924844272 -0.062363810730919615 0.13733831464431548
0.15034240261912316 -0.060878679651151416 0.12724600135147043
0.13534360578141155 -0.05385427211769184 0.0888324664218519
0.14116585126147638 -0.05924096786322853 0.11586414609307184
0.1366989247256847 -0.05635865093968629 0.10142028744233252
0.13516050483637715 -0.054436023661826795 0.07967957283215771
0.13081213903545735 -0.05317521473752867 0.08234287284849158
0.12839711332625645 -0.05101727092990804 0.07520385966202962
0.13297328832339275 -0.054479324170862355 0.09145570217019242
0.14443977653117746 -0.061475397528163264 0.12917942549790057
0.12327636979093892 -0.050575503845218625 0.07871061431467126
0.12579547045539 -0.05216722006192957 0.08539653303704459
0.12074986101306945 -0.0522699905161207 0.08889032267010219
0.1285718615750601 -0.05459856522835373 0.09449269124969183
0.12603608615923134 -0.058049111606552996 0.10803074445664138
0.12841777804986879 -0.062204908597901495 0.12078188134658548
0.1222259064796311 -0.06264347723806875 0.12314515806004248
0.11986929970201851 -0.0584992912815478 0.11094079801457289
0.13188349540845373 -0.05727503824318461 0.1044178924490056
0.13556021035710264 -0.060877694185685005 0.11838231244472959
0.12320230539330453 -0.05452729270864626 0.09776458073252772
0.11746837918742699 -0.05441853706279673 0.10128682293723852
0.11340566970083406 -0.05808872274257822 0.11387766531487735
0.10812751586730195 -0.056745377586364686 0.1163629641087538
0.11571491545211951 -0.061827862234918284 0.12568945100848225
0.10987683704194282 -0.060152215777212664 0.12810139221117148
0.10153471134524866 -0.05227579458346322 0.1098217020948653
0.138085177101332 -0.06262415192876132 0.1305734559623468
0.1312204884734956 -0.06424605237702964 0.13216695197804212
0.12442202347825558 -0.06432929374517789 0.13438058487197754
0.1331563851498632 -0.06559469785792195 0.14208403258489471
0.12775974918698632 -0.06633351037807056 0.1461075004486288
0.166851838 -0.0636320623 0.148473292
0.16124586375182284 -0.06398108080417748 0.1489367188006336
0.169430921 -0.0648282314 0.159321088
0.16380637563977565 -0.06548000274347635 0.15946727394249724
0.172041148 -0.0679467841 0.169435925
0.1660843929591168 -0.06807256272940287 0.16927584289928793
0.174361365 -0.0704904233 0.179181822
0.168160191443119 -0.07071157496398221 0.17880753425245396
0.176683192 -0.0714499149 0.199198108
0.171073844 -0.0700585546 0.199826709
0.15296732344876532 -0.0616778006448126 0.13858466277975062
0.15565300593643738 -0.06254126953697431 0.14957889642287223
0.164753946 -0.0690068102 0.200275977
0.16125209942332952 -0.07103828002260582 0.17864935231450657
0.16016806368070904 -0.06664243823173281 0.16956598983012797
0.1581866205398398 -0.06409885443073858 0.15976799120671223
0.14665859917829033 -0.06135465521294869 0.139796960967917
0.14924558676429905 -0.06233458148023872 0.1499054199467372
0.1520126570357049 -0.06336540129291653 0.1601461934212636
0.15449021079237638 -0.06543664097662838 0.1699014449210032
0.15610958349612022 -0.06946909233533571 0.17905470196966275
0.159536295 -0.0689741338 0.200113179
0.151625583 -0.0735430997 0.198448262
0.1490867088458952 -0.07114285188663062 0.17873596311386927
0.144916495 -0.073017101 0.197850598
0.1419656768057796 -0.07102693588850022 0.17944091109918328
0.14706345804098134 -0.06896909570287904 0.16895146192598123
0.14018269002097086 -0.06937851893196614 0.17013652738050566
0.14487616711447115 -0.0670086400627283 0.15957695905338665
0.13801445385777322 -0.06768023866594863 0.16088644846058806
0.14276905486504243 -0.06555295800646163 0.15061150589447725
0.13584859960167553 -0.06622715675317284 0.15206299159018857
0.14047013360180366 -0.06447703158897826 0.1403925965126036
0.12942046790676004 -0.06666552385693478 0.1531439530155651
0.12096631783648183 -0.06408632061259611 0.146026661990763
0.11825264393153052 -0.06339430759639256 0.13677994599552878
0.12314894283654891 -0.06599396679416909 0.1548840831739239
0.1314996157818797 -0.0679097097882066 0.1622209358257324
0.13334847321024687 -0.06850335522466615 0.17124447089071307
0.13494666451740284 -0.06980398909984512 0.17999942060483876
0.138174412 -0.0719364736 0.197123878
0.131001332 -0.0704272468 0.196260032
0.12873617239574067 -0.0683143368996021 0.18058036591631635
0.125701637 -0.0686121133 0.195996246
0.1231628604379568 -0.06745786754409654 0.1807969487010699
0.1269375030659177 -0.06748701529104062 0.17216164983218513
0.1250386949635607 -0.06681279935559466 0.16355725983233663
0.12120495502930048 -0.06647180137970767 0.17278339323523753
0.11940731166291611 -0.06542480545739678 0.1645225887650863
0.11759705008436405 -0.06386835756977245 0.15616531396005526
0.11541052886998562 -0.06182183080205702 0.14768830117027854
0.11283927063316374 -0.06152979620268808 0.13893191783337408
0.1113868093435292 -0.05960430965288844 0.1490898709648693
0.10875033651111778 -0.059321001750519124 0.14080512710760687
0.10802861267925933 -0.05782652251485064 0.15036761683775673
0.10499320359920439 -0.05769020637206283 0.14233025725376525
0.10123131683355416 -0.057440251861991434 0.13091724524357673
0.1050425450794651 -0.05857138703046569 0.12971502466659338
0.1132453760467002 -0.06154777818788884 0.15737080991250302
0.10936813810124157 -0.05990984237785779 0.15816293101163878
0.10062684256308653 -0.056463712331022105 0.14300810976386927
0.10405242225953644 -0.05628010651903267 0.15114203811797688
0.09880879501258608 -0.05512933231622089 0.15149050030327324
0.09595784987024623 -0.05539491712758308 0.14352933259037634
0.09902054541736341 -0.053763773034181596 0.12076789081428564
0.09457063277020883 -0.052372686442285314 0.12268456968139783
0.09185213546627884 -0.04976183077201275 0.11491997119210436
0.0971159229444557 -0.050758631438965036 0.11248477916052506
0.09798770325154937 -0.05657778391800899 0.13199781098822294
0.09363778513098446 -0.05554086845862917 0.1333079835350868
0.08980778195717135 -0.051628066684582904 0.1243448839686737
0.11039031268976039 -0.06158300467461467 0.16622004516717112
0.10612822796156067 -0.05999465487253575 0.16683522183712393
0.10570378873748543 -0.058281536459887935 0.15901665380935961
0.11459776164218466 -0.06351770241292469 0.16545613049460772
0.11618667069335563 -0.06495211249695791 0.17348505825649
0.111633743434558 -0.06300692094575921 0.17421761838945765
0.08341171353181473 -0.050160974835473354 0.12712577290949656
0.07832096854548631 -0.04890700398962941 0.12835288472681078
0.07705184737649375 -0.04440191786979088 0.12314317257625218
0.08235675839453958 -0.04595998324265538 0.12168214902395987
0.10321811925835463 -0.05537349557763534 0.11860195865931981
0.0868457090496291 -0.048594182963957455 0.1172390387599516
0.120183102 -0.0664848697 0.19586377
0.11801219685456513 -0.06578855725318981 0.18135678010173953
0.114749897 -0.0643190173 0.19559565
0.11308794028757242 -0.06385995022243371 0.18193620629506918
0.110022221 -0.0620341181 0.195734139
0.10837243355196986 -0.06155883171708199 0.18240389292237372
0.10700873356559872 -0.06119412311349435 0.17475568106748643
0.1009966360237276 -0.05677749537290127 0.15955306443505676
0.10234311279126575 -0.05757598684248462 0.16766346386114991
0.10272577420260365 -0.05882959141539761 0.17517256406995127
0.1035664225425959 -0.05892650793076504 0.18264237664232766
0.10443555 -0.0605554789 0.196067324
0.0993276709 -0.0581123163 0.19633592
0.09871847638999955 -0.05603825069859414 0.18334377784887307
0.09797120148549338 -0.05498708718580386 0.17644305235648908
0.0980468422635715 -0.05275740803637165 0.16979947942592663
0.09417753301417323 -0.05781998051826032 0.15911231226620712
0.09165235341701927 -0.057131921678640986 0.15075983947411442
0.0898495028193987 -0.056389338106690966 0.1596897497635513
0.08759130531390102 -0.055771294991791495 0.15136191706636104
0.08881220464642044 -0.056154566218886676 0.14303671072432259
0.08388936762567224 -0.05474938704378267 0.14372452424898427
0.0858250582639091 -0.0550574626145775 0.13529526234344855
0.08026551854740013 -0.05359214154805408 0.1347631255889206
0.07691533250945808 -0.052594999617852654 0.13664316235825769
0.0742537989953908 -0.050334718033863586 0.1388107053939017
0.07252939114661242 -0.04477954875895335 0.13083178038244028
0.07520036483278313 -0.04739906844241478 0.12937278101265864
0.07050600472105957 -0.03859560095358142 0.12539577979091251
0.07367087719673403 -0.04170281935106744 0.12387696300553927
0.06927788276309359 -0.038227965824294906 0.12941765048202447
0.06687981910848158 -0.03231928105565375 0.1288687275128543
0.06526073905901558 -0.031201808100410906 0.12450049486004788
0.06861759979926683 -0.03590684697259407 0.12487057822393623
0.09259341957683571 -0.05217260297388148 0.16944001245576995
0.09279763109031001 -0.05271965541324437 0.1764977751031287
0.0935063871951438 -0.05326123744721422 0.18341362278825177
0.0947766772 -0.0547878831 0.196203969
0.0905236704 -0.0531615128 0.195444183
0.08845279166245855 -0.05142259259918143 0.18351790943575108
0.08756937373412263 -0.052627801794791894 0.17605621990587889
0.08742276894587545 -0.05450954997390186 0.16859831625925165
0.0874659550402259 -0.055685888383504294 0.16000748129010287
0.08483181566992683 -0.05464252900712599 0.15211775971242833
0.08219078562306402 -0.05307256018263098 0.14550586296671905
0.0859619064 -0.0519610187 0.195375512
0.08399419379959434 -0.05088443256172486 0.1840455377688814
0.0828267037634427 -0.051850825669884165 0.1772047023084211
0.06451061555146788 -0.031949272582368564 0.1134723229671653
0.06210319475389947 -0.03023657294133694 0.11461513772551064
0.060679346549734885 -0.028096056377566788 0.11645301375913587
0.05890873752825853 -0.026359345757821857 0.11761412837712537
0.05610151806631524 -0.023866364628321594 0.11895692025985667
0.06929740393856822 -0.03627329723143529 0.1186052376317934
0.06641252062071812 -0.03256949771504957 0.1202846527332122
0.06347505102494509 -0.02977646664991079 0.12033634149757493
0.06282420958439082 -0.02820001758042182 0.1248872710997639
0.05994219819008314 -0.024493219069073955 0.1254823280420951
0.05861131718947755 -0.024436449861730325 0.12269710447234279
0.0612747753604944 -0.02719194400784996 0.12176261421796952
0.05402765485029737 -0.020581049667583312 0.12044201279190006
0.05184164313075821 -0.017075881668037838 0.12069133141778092
0.04785497774431522 -0.009103394079699068 0.12098514060027643
0.0467256073284095 -0.006437722597311404 0.12083503591492942
0.04625801053620845 -0.003227277610177726 0.12018223327706293
0.06430484352638594 -0.028269914108193104 0.12867230008052286
0.060911248453346285 -0.02409415960573223 0.128634990989776
0.05915809125077475 -0.01836344855327326 0.13000359154996605
0.05791333808229687 -0.01986703874478171 0.126455560661577
0.07110586622123985 -0.04446937482641868 0.1357534891512924
0.06911757752876775 -0.03871394876747065 0.13428700739852265
0.06680066720663706 -0.033126484478395585 0.13287186996976838
0.06785555395335847 -0.04106796719213694 0.1366407923378314
0.06637957844226358 -0.03508392453856555 0.13514598321722618
0.06440808311736375 -0.02826388901495031 0.13174574038854095
0.06160513294830057 -0.023207732473893464 0.1321381820384376
0.05544501614422949 -0.020695918383893012 0.12387460648979312
0.07389353607353864 -0.0498208396205627 0.14229171640707897
0.07966659944138821 -0.051930102297003664 0.14760133021551675
0.05828366631394998 -0.018613279275335962 0.13355386988174078
0.061682628512516206 -0.023097932492378327 0.13544748644028726
0.06464591520863246 -0.0285163770402446 0.13475285744809554
0.08250757633434169 -0.054174207588445794 0.15347373507117956
0.0732708245694101 -0.04846555333230639 0.14526423150274348
0.07791650494666022 -0.051597398191872694 0.1502739056506041
0.08401653498603644 -0.05394588554629644 0.16785341247558017
0.08482437432197104 -0.055098416200114325 0.1607136920244432
0.0822397424919263 -0.054142488673176406 0.1621676773280626
0.0805517110156641 -0.05398562522207678 0.15588064191491513
0.08107582044279718 -0.052818969667125445 0.1670580918151475
0.08066881044739611 -0.05135053637924744 0.17314586842166468
0.07837693268814823 -0.05065711431418297 0.17066491334504938
0.08003018240770388 -0.05244998415919001 0.1633940996835577
0.07876468887971116 -0.05125052401152663 0.1668600685278831
0.07976847605749104 -0.05104948501201422 0.1855179934954164
0.0815885826 -0.0505494603 0.195182428
0.07563403169556818 -0.049953895916421506 0.1864030563657994
0.0775204927 -0.0485267803 0.194857688
0.07153168312653471 -0.04753548188059955 0.18704790020262535
0.073382097 -0.04651537 0.194718017
0.06800223072534427 -0.043398774753016234 0.1867068485091208
0.0699221669 -0.0435758596 0.194483856
0.0647608468429886 -0.03854873328492919 0.18661515943783824
0.067528456 -0.0395600195 0.194272039
0.0655906723 -0.0349975135 0.194450774
0.06186370762394557 -0.03458264155738023 0.1868401129840272
0.0627445468 -0.0309949019 0.19507788
0.05934607283936208 -0.03002229473069305 0.18814532773706855
0.0602512046 -0.025611262 0.19596005
0.056602098283532784 -0.025480311138825408 0.18904349952133537
0.0578146641 -0.0196778809 0.197073403
0.05457795160274407 -0.017886134480427453 0.18937732222578676
0.0565376641 -0.0120250111 0.19751805
0.053592090098827094 -0.011973171949144084 0.18937938540299076
0.0557471506 -0.00378053379 0.19762447
0.05387335399818983 -0.003977431871019792 0.18895849915659924
0.0561339528 -1.298367E-9 0.197495554
0.05393909344138513 -5.799734994948988E-9 0.18909633494697473
0.07861194558428962 -0.05149188071433929 0.17902425290748714
0.07420982628472227 -0.049847230096151225 0.18100161667231018
0.06666434771688874 -0.04347243060966605 0.18254720757560475
0.07035342174074129 -0.04744852271325595 0.1820806790519412
0.06397560574736681 -0.03868409771853003 0.18189946693386103
0.060568297670038754 -0.03194011407449435 0.182787626223404
0.05706192270244134 -0.025629266026179445 0.18458752310866905
0.05503058672046065 -0.02031468302399655 0.18482068849780817
0.05379615807997975 -0.015697058667825236 0.18415161088538803
0.05305038022236068 -0.010748566333856882 0.18375043445522293
0.0532189215125077 -0.004332497388436247 0.18319811802899416
0.053275511496724035 -6.777936440466153E-9 0.18319651749524263
0.05390325764607235 -0.004211838571728163 0.18055038593506217
0.05409048051757065 -9.491884108585812E-9 0.1805509920051686
0.054106619369564034 -0.009198560587422138 0.18027789740304714
0.05488919370020234 -0.014323384407282648 0.18085224099352465
0.05612024827544321 -0.01961806541090712 0.1824744883846415
0.05793801881557739 -0.02550089618543646 0.18266450829868905
0.060804312708285645 -0.031978430620335604 0.18101203836609422
0.0636314465116673 -0.03922742720934267 0.18021697720374147
0.0655568143560897 -0.04299568780580309 0.18053180836874758
0.06886206186507288 -0.04752185835029716 0.18018282212564413
0.07231298940450218 -0.04970225820648966 0.17885059187604777
0.07730268032907585 -0.0516809365818065 0.17588648731727163
0.07592933420037723 -0.051097970617816145 0.1731875834950654
0.061553338493283975 -0.023687196411833342 0.13835432623303337
0.05875009450395068 -0.020012961622675556 0.13964005212212
0.05822124124305587 -0.019242798915659796 0.13690520781855708
0.06157257758259945 -0.0247100074819795 0.14120083441457118
0.06451232980310136 -0.028804899694191127 0.13763957735237212
0.06437791847354403 -0.029272291269686817 0.14048370666247628
0.058803300308315036 -0.021846187740788565 0.14237049292782852
0.0641879227129145 -0.029470708213587656 0.14214363881986014
0.062089652141108315 -0.02567720169897066 0.14367899110238497
0.06652919504336172 -0.0349195442735222 0.13789566744231455
0.06573660292333325 -0.03486334767455206 0.14060756054379683
0.06543217631662335 -0.034650326154761546 0.1419328368171547
0.06995964729977062 -0.0462224696886543 0.13892111448117908
0.06985310711173363 -0.044999591284502385 0.14181529310258637
0.06727836147558312 -0.039675288098758005 0.14155360623248325
0.0678028998971417 -0.04042345452154387 0.13924237624417973
0.06905746014805854 -0.043513065597722604 0.14404074871744377
0.0724124846498469 -0.04705889043933578 0.14792008955545738
0.07655159910662801 -0.05068823293833571 0.15345795771973422
0.07899863417191619 -0.052943736848213956 0.1584812834677646
0.07668284154668874 -0.050560838183867876 0.16905694206216326
0.07450858944674266 -0.05053476254264315 0.171147756275317
0.05453940016126467 -0.003924856197797349 0.17791900498746602
0.05466451832804638 -4.201090103100779E-9 0.1780354425930225
0.0549628379199721 -0.0035301424482894156 0.17479995665400463
0.054712894843168006 4.498763743009302E-10 0.17498941248303268
0.054276324102835755 -0.003218500908119524 0.1719301110377054
0.054259767909737674 -5.158024590624468E-9 0.1720957966475155
0.0531189825068891 -0.0030458530022112774 0.17001692675372287
0.05323874959407057 -3.901755650882531E-9 0.17002214127383275
0.04619310507308016 -0.001435137781858351 0.12046446304112104
0.04604505123640003 4.177371908759878E-5 0.12125581309684512
0.042857126857196864 -0.005743006597676658 0.12500627208709508
0.042789251010352934 -0.00331121778360329 0.12456498185203785
0.041940347209579606 -0.001381268323849285 0.12449069185471759
0.04135786107065534 3.800016409552285E-5 0.12478960859698893
0.03861741149201872 -0.00481923078886276 0.12825902782634108
0.03782328291081087 -0.002798239840010622 0.127740947871105
0.03726932061463097 -0.0010910432040390431 0.1275432836819214
0.03563066493849299 2.2395885370577086E-5 0.1276062723940327
0.03134246821652396 -9.043266161205918E-4 0.13035871427652662
0.03097676932040671 7.179784463730442E-6 0.1301595589458148
0.032068857990617206 -0.0025053908639296753 0.13053007451832108
0.02783024088104294 -6.931720199557903E-4 0.13261658748861796
0.027547392677163624 3.1650537563514847E-6 0.1325108297996517
0.025601310184102135 -7.503459561975278E-4 0.13588215750299196
0.025320264565879318 8.096653123103211E-7 0.13593856268147006
0.026428238460554507 -0.002361233800698956 0.1357667797073302
0.02577281445040648 -0.0025413582398725485 0.13871768061605924
0.02499495785726467 -9.137184248162635E-4 0.13907506640962575
0.02754962382986206 -0.004392563712905818 0.13563625673800497
0.028783614211774923 -0.006900798727551066 0.13575752992052634
0.027803475568025142 -0.006598114340225161 0.1379210958508249
0.02680824347210612 -0.004555587297574172 0.13830357496759108
0.05097406457059256 -0.015262112657539897 0.12416922883294496
0.04908780208227959 -0.014138178398686491 0.12391415060469865
0.04986413043069572 -0.012618199087746442 0.12105039296624408
0.05116802829234604 -0.014846100282105097 0.12102364610823543
0.054427663425901766 -0.018344007867449347 0.12425945109437382
0.0527079647952657 -0.01654712565187693 0.12439501251931362
0.0329048335498274 -0.004295817630024366 0.13093653794801846
0.028662733525157424 -0.002334775883772846 0.13269849647600124
0.02973920321683563 -0.004215414682771127 0.13298752958371046
0.024767230840891767 1.1168441740508702E-7 0.13936170697293046
0.031037013725985097 -0.006755784672169918 0.13381644217966185
0.026273696618443542 -0.0010183074333751756 0.1427130844373482
0.02625171922996043 -3.59164728736811E-7 0.14304455411545108
0.028049211321916432 -0.0010483585014456095 0.14549831158222426
0.02806572447805585 -2.7813241507126516E-7 0.1459547731919182
0.0301493092486545 -0.001121842102783695 0.14798076162626397
0.03008525666276155 -2.1073972461309023E-7 0.14828848439619405
0.03262081219611094 -0.001059600351457042 0.1505613462302922
0.032228556484372194 -1.2367940300512168E-7 0.15091502756435451
0.03477219527577659 -0.0013038963869104632 0.1529212454463875
0.034492248251383084 -6.596786353038981E-8 0.15340054414732623
0.03771715132985042 -0.0018030094158642462 0.15578578384524255
0.0374616546546276 -2.4298232947732656E-8 0.1561971169231499
0.0420025047590437 -0.002825692354585067 0.1596018098842864
0.04196793469408401 -9.596451655855464E-9 0.15972256824162126
0.04444108306070761 -0.002752336392681581 0.16161520784607444
0.04678747093095601 -0.0027438895162970713 0.16349832625012273
0.0469568894559664 -5.904124073540519E-9 0.163613614404882
0.04453415796126562 -6.0392869689276196E-9 0.16169211467934586
0.04893431938841777 -0.0029137809811932594 0.1659010331766957
0.05145606992170654 -0.003093863687367196 0.1681657400113443
0.05161666002527601 -4.8711433727833256E-9 0.16795409423108174
0.049299886277314 -5.6057480720968874E-9 0.16577469897475502
0.054993167170926886 -0.00777392834964609 0.1779526898333065
0.05551013047705205 -0.01157127787164787 0.17785117572624057
0.057688240922402066 -0.017356811323323083 0.17893223349219142
0.05836672439863096 -0.020986801423749427 0.1794796629564585
0.060151539534882954 -0.021195576025443395 0.17818620246779107
0.06099923016425995 -0.02598998742784114 0.17835048440548004
0.05966258433524921 -0.025747064225564553 0.1794907618635909
0.06373801102335498 -0.026173546985305336 0.1762376739980745
0.0655202009691545 -0.025284645441553875 0.17347285192880033
0.0641094412195788 -0.029953598523260846 0.17289393188101293
0.06400375561649461 -0.03112662039372827 0.17565218304493196
0.0647900679926519 -0.03516741251643966 0.17477778175562186
0.06423904253307162 -0.034185426340777245 0.1718062095699943
0.06566039977010499 -0.03735210086453395 0.1701818164328713
0.0653500843146052 -0.03834651220518194 0.17336947232949515
0.05586052976282188 -0.0060415970570530195 0.1745024568706218
0.0566668668348004 -0.008982814889010314 0.17389865712948852
0.05593486553481809 -0.008159732150820621 0.1711149688580731
0.05517103448461433 -0.005284835419100684 0.17148618590646209
0.054835339316973694 -0.007402439189667042 0.16861353670439594
0.053988007628222694 -0.005111536399079443 0.1691365304151597
0.04479538396969713 -0.007326345453137363 0.15730091596744603
0.04271990589917201 -0.005018537968672497 0.15902579775985023
0.03868345926537623 -0.0039006444425987463 0.15543341930325003
0.04056843047683393 -0.007086897051197448 0.15404838725032907
0.053132438685693395 -0.006633083694494721 0.16664881736105733
0.05228919334850683 -0.0052233764133587405 0.16730245181292275
0.04987849379757947 -0.0051482153742685045 0.16548237475119046
0.04522620211737411 -0.005012918006299374 0.16098599809720926
0.04773678149205089 -0.004886793383706777 0.16298673835641866
0.04734099540870903 -0.007324440695592155 0.15934497364747516
0.035562944500666036 -0.0030313583745414105 0.1524885274066298
0.027508153983740898 -0.004490158842125897 0.14143802391515917
0.02666819383018266 -0.0022801897533318884 0.14221265153421256
0.02885957597726622 -0.007151639055938563 0.14085257045078542
0.029170906130643343 -0.004672264975397976 0.14433456437005182
0.02822305494421552 -0.0024282508117505885 0.145078534223061
0.03052895280329984 -0.002561629500870622 0.14781613083958867
0.03305235878671892 -0.0026474985089151547 0.15031909956169673
0.03152033514315199 -0.005150436434574983 0.14671476559838187
0.03424317337724076 -0.005782222511406572 0.14914358443949946
0.03716895967545857 -0.006565450965292781 0.15119493995342068
0.030684189000209507 -0.00742779164363319 0.1434159901549679
0.034343854424919364 -0.006281600793650736 0.13193450984358707
0.0355227581401646 -0.00870240821077837 0.13349028842232
0.03319341833560853 -0.009428583948363834 0.13547066550721676
0.036207873346359526 -0.008044747936651272 0.14714423559510895
0.03340837197522801 -0.007741502361924207 0.14539524832821052
0.030662798989266524 -0.009927472359309067 0.13661040583517936
0.036894427857512485 -0.010986809621695763 0.13458185178189608
0.03519545583769302 -0.011883330240735422 0.13669661571768613
0.03318901537765993 -0.012291819872718227 0.1375172812272673
0.03852811661193355 -0.012582279686013127 0.13413024401283324
0.037663253428246245 -0.013726799516571133 0.1362492374895001
0.04120585751177719 -0.014004463573079579 0.13176561336050013
0.04066606920298444 -0.01581937698386461 0.13288406349754803
0.03800404998344173 -0.014226922576184844 0.13709429464016124
0.04447017678184199 -0.016415703167545176 0.12729437589478038
0.04383654961991688 -0.017234212528596814 0.12850514985087563
0.029848989330899228 -0.010013809547118144 0.13792692696804396
0.03110924474918575 -0.010715793987794054 0.1405696092524328
0.03290863937563098 -0.012721844684359286 0.13843004679808815
0.03961572638589578 -0.008362281616244659 0.14888991322233933
0.04311822041701445 -0.008556545313187022 0.1517932241906591
0.047613358627458385 -0.00885297815902237 0.15524242239240435
0.050511972700293464 -0.00895579062167801 0.1581198574164156
0.04648287556136754 -0.009924220662677511 0.14958565035662233
0.04306383828874829 -0.009762464741060151 0.1466360212515579
0.04584371766497847 -0.015860273794265054 0.12505560014289122
0.04793636078122538 -0.012974695490891107 0.12347950793191612
0.047813780920352135 -0.01703957023982615 0.12550060843718783
0.05078860158438883 -0.01721214104235129 0.1262035992477086
0.04618532393526762 -0.017619138390397956 0.12679160460550148
0.05566846397231295 -0.01641681671320439 0.12707213869022255
0.057552316859921626 -0.015331159908686122 0.12933794966655326
0.04711629343272828 -0.018310040739818456 0.127716968515385
0.052430208833531465 -0.016810894628745313 0.12969446321920788
0.04519075669389528 -0.01743968046133059 0.13016031454747226
0.04142336265629606 -0.016243306485185204 0.13377650578709116
0.03798967066571469 -0.01537592257199361 0.13783831080058404
0.03401612455889119 -0.01313553934914008 0.13977290628328876
0.03324416613719399 -0.01076904461406916 0.14271616685255276
0.035961934220947143 -0.013156775601396806 0.14095998041069382
0.036142738670458474 -0.011270451525020346 0.14389149057717285
0.039564251191318664 -0.010159807720574933 0.14495388792392286
0.05054504597345375 -0.010477484773964162 0.1535478771509154
0.039557035839179695 -0.013069148454364077 0.1416237082918253
0.04365558151571631 -0.011455522254577808 0.14168733654391516
0.04688584153599815 -0.011987272491686522 0.14395015074110956
0.05222154726924437 -0.011782073466264477 0.14893445166796376
0.055499139234739835 -0.012068688154033946 0.1524710306428791
0.039158431765271694 -0.015459421825257237 0.13811157221812184
0.04305852639794332 -0.014326512372977907 0.13831967331874243
0.0475629227418021 -0.013132652094775687 0.13896894465947554
0.050647083588959696 -0.013757302080612993 0.14216610450605466
0.05521523512951514 -0.014274140919064936 0.14106990840887654
0.051886008709735136 -0.014349236418589116 0.1376718858914996
0.04647409562746321 -0.015325199515078481 0.13562001874597096
0.0436841185960736 -0.015713612807559965 0.13462446067587358
0.04779438559134169 -0.017010286650724248 0.13216045337402524
0.05145455231584841 -0.015683546097477703 0.13398962627929578
0.056547488333731105 -0.014046653369961927 0.13636669260248357
0.05564809325397508 -0.015000398988026681 0.1311038601159931
0.05750041189420187 -0.014592939333922863 0.13246967606228163
0.05474168326766134 -0.012185442548996233 0.14888654073277857
0.057210128192299724 -0.014339058033149143 0.1450680778924375
0.057367839823832166 -0.014886557761515156 0.13926955420295442
0.06685207967775952 -0.03929965942121867 0.1427492458449699
0.06689270941036635 -0.038688427083731526 0.1443971423179304
0.06560971468313997 -0.03423843308331274 0.1438367816075536
0.0644970515897288 -0.02960854065511548 0.14440246343251018
0.06874827469300998 -0.04283509158252844 0.14533472515689677
0.0633763227096791 -0.026298316548321037 0.14584868718584326
0.06915537287676315 -0.04230012118959584 0.1470460675870207
0.07202936775496606 -0.04610016399970312 0.14940798766666846
0.07283744857318683 -0.046052213448546646 0.15191440516321475
0.05705814533384654 -0.017454532184757433 0.1417128336339713
0.05760314469880711 -0.019405904072210916 0.14433701806633353
0.06054496553041432 -0.02354076123665495 0.14504426506513612
0.05972547897699806 -0.021153031566234066 0.14674421441329175
0.06248548442968398 -0.02436120529496795 0.14703387346190938
0.06191574121298981 -0.022249066992682316 0.14845374906761358
0.06617077337019456 -0.030221469339819375 0.14870980072834658
0.06616892074190929 -0.02664549863903132 0.1497919876724495
0.06712679283253338 -0.034153473307088976 0.1480623723734156
0.06903635153664292 -0.038386056910612795 0.1487873331235123
0.07303236526796096 -0.04281339005358181 0.1522779302371197
0.07449928852039699 -0.045149161052028625 0.1580963063258832
0.06626838583798447 -0.024364682367387872 0.15037253175892829
0.06661856480749974 -0.02229396445664595 0.15097335677144863
0.05870136104161406 -0.015359693129066954 0.1476814676762274
0.05975330667457397 -0.018629142198649327 0.14872370534864385
0.05905282000194232 -0.013459283658033769 0.15066965468949603
0.06040139691023522 -0.016651220230527824 0.15230778110698515
0.061543211247857395 -0.0202785090089793 0.15036010819229273
0.06715608558815848 -0.020199026149986456 0.15186222161975757
0.06207740653396688 -0.018478031118592607 0.1528759493021775
0.0676052954378941 -0.01827358104234114 0.15306051922607225
0.06777333490153489 -0.01667855367002456 0.1545418642848221
0.06434556448300026 -0.016481833219342237 0.15511377775954863
0.06175882881750267 -0.014855734566397256 0.15529107919506321
0.06787321918241918 -0.014506161521661313 0.1572925650048307
0.06558433112148712 -0.015489963809669724 0.15633149816538477
0.06357955880602212 -0.014208523785327703 0.15843986889208322
0.06595830924751098 -0.013366916883708346 0.16167101381289453
0.06021823858495326 -0.013456005923937153 0.1547040265577438
0.0618182398400831 -0.012501654161351242 0.15887175114356317
0.06340592730317846 -0.012051368698737944 0.16249478733235348
0.06662823076406649 -0.012981735083250802 0.1627343239609631
0.0639241269077112 -0.011388175718684864 0.16441306898052
0.06671109281054953 -0.013098159733907006 0.16377921584305746
0.06395830229100448 -0.011498022056002281 0.16537195979029246
0.06671212705610387 -0.013428481215740775 0.1646901850433928
0.06400769435454977 -0.011905890325110738 0.16624298504047694
0.06665888931034576 -0.013916823220285217 0.16553299499856544
0.06401562460388091 -0.01248977565352879 0.16713105008415316
0.06651540293299751 -0.01455208387303966 0.16635538982967465
0.06393331184882191 -0.0132055650131405 0.16818260283576295
0.06651387194428231 -0.015870067033157707 0.16811684905646984
0.06380948638150122 -0.014859223152271638 0.17066232743419468
0.06682011415945861 -0.018149598960375435 0.1703904854691218
0.06422173873008809 -0.017917165007427606 0.17362635952586028
0.06666948456709745 -0.021344080899397183 0.17260247019183989
0.06404754880129879 -0.021653817415120184 0.17594103931384356
0.060629562553044254 -0.011939889626607973 0.17049107150481285
0.05990989230303155 -0.010268705379429624 0.16896350459129217
0.0598213240425147 -0.009284049217148838 0.16757158676049194
0.05989771576969646 -0.009005699426681398 0.16616857100503726
0.06169955669419097 -0.014378838043012244 0.1729615926598475
0.056776512407629785 -0.008305706734873068 0.16838406883722434
0.05634334284276362 -0.007953798531511593 0.1665095476395503
0.057267785452277 -0.009275423468561436 0.1702203928976391
0.05830864024504894 -0.010977209907329661 0.1722313005286235
0.05931030268498058 -0.013901568834673642 0.17473821962191163
0.05702506247130395 -0.01222797395143902 0.17625648098088856
0.059995755976343254 -0.009242022133054736 0.16458500673844773
0.05580036230605739 -0.008016264816372586 0.1644811696516855
0.05159030353075168 -0.006831790107617015 0.16399381117521555
0.053310238974566625 -0.008468408675177577 0.16141148020886603
0.04984012137800469 -0.006744911011153461 0.16191843234879413
0.0583527445213342 -0.010229090069617794 0.1619589497890729
0.055831590490260284 -0.010763796354635969 0.15808961829017823
0.06221898931338492 -0.017652424978334615 0.17547448383828024
0.05984235275993658 -0.017257888213532295 0.17686316507046151
0.06233428634254527 -0.021641710111042572 0.17715031271367787
0.06258789953672729 -0.02631736418173738 0.17732517889189395
0.05740450941964075 -0.021168677735772534 0.18123821123299655
0.05900680970072536 -0.025648975022432182 0.18102479339077657
0.06134959333600773 -0.03191308862977287 0.17979854697366884
0.061715516494993544 -0.031543686379325066 0.1788805003792921
0.0625780204645202 -0.03129169682141386 0.17792359728207144
0.06338805111259324 -0.03141757883148199 0.1768266127639911
0.06397413440969708 -0.035721468150000844 0.17599343863246425
0.06314524027613205 -0.03599225585410612 0.17726402382164946
0.062894152359957 -0.03637020569145452 0.1782653664982779
0.06497648908717901 -0.03918189488305109 0.17478585293296414
0.06455975880335094 -0.03976185865746419 0.17644547545765668
0.06290925378812584 -0.03730565333116871 0.17911819754650327
0.06450728314677184 -0.04035901524715625 0.17722239078532295
0.06453962940389212 -0.04152217001256984 0.17800281480509816
0.06779091898577747 -0.0409324207529279 0.1690864524928674
0.06683539386454271 -0.04210550983066309 0.17177749781346038
0.0672722535828144 -0.046267941125645494 0.17799425458717452
0.06660773222488314 -0.04493943717338903 0.1765812332137668
0.06658973280035743 -0.04332432756889702 0.17529951007856143
0.06652077779379884 -0.04287948365217149 0.17365165613078481
0.07015699020161253 -0.044892523983500805 0.16831384205937122
0.06939222820794727 -0.04600405086960535 0.17035334524867543
0.06897501492141847 -0.04654302771500021 0.1719018646201565
0.06877325899905717 -0.046997186950362875 0.1733542903149582
0.06920165286375823 -0.04798380297871835 0.17513728737101691
0.07057519009782104 -0.0491951792758417 0.17701176654714884
0.07294747052580762 -0.049147087320110465 0.16927008589405956
0.0721485044508428 -0.04667759103532146 0.16667047280463992
0.07223243512149041 -0.04777569488920636 0.16832029473337695
0.07466316026914566 -0.04979845734432852 0.1681243978195428
0.07362922320805883 -0.04836951672943245 0.16734375784407085
0.07311435864097782 -0.046897532146950346 0.1656239410327982
0.0740529374629733 -0.04688671159930541 0.1644882363104979
0.07506028066270867 -0.04874219745645141 0.16630798578210343
0.07634997506815358 -0.05014202504731525 0.16685506480734005
0.07818633862784749 -0.05066430476399043 0.16424916877511447
0.07644700197497294 -0.04907945254943921 0.1644643370117951
0.07490638068116637 -0.04710868601521604 0.16332921042868742
0.07766309764834124 -0.05072857405030947 0.16084870488435485
0.07645603764026498 -0.04897720170816438 0.1621283173378748
0.07569929271884586 -0.049397893168683954 0.15630084446313863
0.0748129842545057 -0.04839840210365808 0.15831072539698549
0.07509596053672839 -0.04632257645492247 0.16188974625796243
0.04943472955787819 0.003423077323838137 0.08767874127096784
0.051209060208468674 0.007516378207879223 0.09061652875656644
0.05224574343814504 0.008749053071565802 0.09163005705723133
0.05408935439987034 0.010060074979686652 0.09302511799859027
0.05692293485616629 0.011079615583634 0.09441276775067507
0.050342663742890655 0.015601151974623669 0.09954195403993842
0.0490945086229699 0.014176029862671196 0.09964321956785581
0.047734962096787834 0.01278521526209565 0.09966118888091262
0.04492543456314318 0.011107491035177405 0.09946491366734489
0.04332718639639524 0.009892297258618423 0.09894232652369796
0.04193698642268282 0.008316829869514096 0.0985898487739867
0.04089266067470091 0.006520244181058868 0.09855785953986244
0.04362608359552554 0.0037598794582703095 0.08490765473801559
0.04614194662361138 0.009536070343008941 0.08693526319882632
0.04726702199299925 0.010913473404680974 0.08863651957105363
0.049178089229794955 0.01229127578440879 0.0909137664310047
0.050767351538095196 0.014128378212351023 0.0927746964634173
0.04903881894795705 0.01947191242138005 0.09585671052402422
0.04797230945840088 0.01818938890072128 0.09652603964777587
0.04617323408220364 0.016199150700586994 0.09657542468385341
0.04397204056886537 0.015103298907974785 0.09674425741689262
0.040815974408535544 0.012254834440920705 0.09750983704706802
0.039427338766343654 0.01080809524697422 0.09776448494296003
0.03793635352449081 0.00878833675585149 0.09892605616362649
0.037216619381662784 0.006973464694461868 0.09982640575883969
0.03531049805610413 0.0026614282711258652 0.09862460964261154
0.03480664292153763 0.0012015686781246407 0.09833178093862528
0.06931342510645644 0.04719026184472128 0.11177357079297275
0.06258131942735667 0.04040378829985789 0.10555961670138121
0.05707696856374193 0.03507716405302211 0.11530339795822356
0.052484309779525506 0.02351099965126625 0.09926042637844092
0.034099569649043336 0.007490214578508779 0.100781067580482
0.03514587115889041 0.009304507544577826 0.10032568609311929
0.037881528520338575 0.012741093827160686 0.09796580825381918
0.0539346229752546 0.024861317171003323 0.09106037912681407
0.0741005511 0.0184239307 0.0644662637
0.0849240621 0.0478519175 0.134109921
0.0887947081 0.0500029828 0.146642796
0.0594782808 0.0242664428 0.186620047
0.0645405845 0.0334433485 0.188956875
0.1067699 0.0128589002 0.0552951285
0.0745415519 0.0186604745 0.0727823945
0.0694031338 0.0140411948 0.0661446181
0.104002745 0.0178321839 0.0611064798
0.05388116351389787 0.011320689323958308 0.113872131865546
0.05061619635092343 0.0037442363783252927 0.11066389834680031
0.0639535387 0.0122507381 0.15620666
0.0586074088 0.0053882582 0.176987801
0.0590875412 0.0125653747 0.17865928
0.0602299124 0.0170461831 0.181788289
0.0576221678 0.00388490091 0.180056104
0.0580581357 0.0119428264 0.180051381
0.0710016782 0.0470840362 0.178159332
0.082370543 0.0497892629 0.165739849
0.0790806768 0.0495420113 0.157027011
0.0739376245 0.0386356851 0.13628885
0.07754889012910424 0.056803691416802755 0.13531704716975354
0.08108820409848558 0.05673924453382713 0.14204692501934169
0.05455415315530664 0.026928392189165973 0.18261337719771586
0.059158071885407025 0.036011138631528626 0.18497652613999643
0.0781148084 0.0480980113 0.165274507
0.0706800095 0.046877862 0.176708003
0.0595459505 0.00752354932 0.173554042
0.10618881442101268 0.04759946809199308 0.06271648851670167
0.07480445967092743 0.03548208321901989 0.07498425996900525
0.09742700120287973 0.015738981205947602 0.04052134777428283
0.06294631253131197 0.031082178893779427 0.08281292945390546
0.06363722468406498 0.023755438341999773 0.06869423433008942
0.06086128317757367 0.02075832184405869 0.06432959659080517
0.05955062515545806 0.016187457943006564 0.061322487555908335
0.09610540803427049 0.0210408920343654 0.04510969589283364
0.0682967125277649 0.05035168226693254 0.12881724291223218
0.04473288065032849 0.017048021839125373 0.11521105358243666
0.0432182555954943 0.01527027661840675 0.11113130837208107
0.05089870865929337 0.02711588986507148 0.10016044700431845
0.03968404715038856 0.0050695787223196806 0.1128967268079761
0.035744877981110645 0.014984614214155197 0.13587793031300116
0.028299768692541964 0.008655862728234527 0.14239210695897248
0.03966383998871822 0.017575226932494893 0.13237325402677935
0.04290102852710912 0.018430796428966393 0.12886584372579069
0.044945130104943755 0.019046785861424047 0.12673557773243524
0.04794483984885329 0.017949513261040523 0.1224246297114446
0.037085861596133994 0.014801011988887862 0.14128413898895983
0.03724273409098412 0.012132124283211561 0.14466267088427623
0.04411611538147266 0.017314886670704247 0.1350258703826913
0.055042173696094134 0.013836893566192311 0.15114764323713872
0.052532816097163135 0.006899928672356359 0.1724261563104865
0.05450198488808486 0.012243961884609248 0.17416808947778298
0.05505576372512686 0.017711683850791908 0.17642563279936538
0.05074545642136015 0.004202117229638776 0.17601164051833393
0.05259850367454873 0.011435014644810929 0.1759502900461277
0.06869352485473922 0.04938003476314362 0.17092935912685991
0.06294877287385418 0.04285056906903245 0.1747270956457695
0.06658721617302371 0.048282940193385235 0.17454222436059824
0.0780784417143033 0.05423667045248817 0.16117847926209966
0.07328836454438965 0.05193460126105857 0.14898899863402473
0.0675866686776411 0.04907563128413846 0.13440737180123183
0.07430124066280992 0.04950799478257456 0.16276660175796637
0.0683287737145161 0.047755209172176724 0.16916021918846397
0.052210032732422675 0.008804323021271163 0.16927513172107414
0.054262771612196434 0.019524246949922722 0.09386467622823823
0.06607268778619559 0.02209673817065829 0.057538420801547696
0.051109320176001054 0.002090373444406769 0.08695683973343409
0.052362630866388336 0.004805990486512333 0.08744445103311071
0.05335772092537358 0.007995899323348463 0.08988175665211512
0.05601064930837902 0.010516061855274964 0.09223961584793464
0.04757678182541096 0.013469758141824262 0.10017548044528625
0.044417223311156835 0.01028874642965634 0.10012588233943875
0.042431258968209436 0.008590897726567303 0.09969002846013225
0.04061106197482813 0.0038815167858870154 0.09961112461529548
0.04656564120183533 0.0018463938533438088 0.08365521991501199
0.04708990929505118 0.0052546963630646076 0.08360562123163214
0.04860843997586277 0.009781136374626197 0.08581742646172243
0.05028272679425654 0.013375180492858317 0.08931576779098407
0.04407140262642007 0.016050297428279448 0.09758510830365597
0.039869393850438986 0.01169025668350821 0.09902298194194438
0.03827742388714273 0.009367059357176272 0.10033392561202781
0.036533739361517666 0.005150967434296889 0.10135068281264131
0.035787135686846945 0.0029570590382871666 0.09994049885856394
0.06746163160537166 0.04349572705966163 0.10434862623908202
0.05750598415162351 0.03471313096504657 0.10838043119785071
0.035841365112047094 0.009788203395084374 0.10190272178492558
0.036769666901584126 0.011946393194361292 0.10054538636229392
0.041119403881143615 0.015188686363559424 0.09768638216698158
0.0717862952 0.0161762987 0.0650768494
0.0595202965 0.0245136202 0.19028767
0.0745389977801019 0.02184551304388346 0.08493785335016603
0.0696906062 0.0142639172 0.0706563829
0.066759079 0.0108081132 0.0650343949
0.052566236326713416 0.00909052473869019 0.11335467008249202
0.0646187805 0.0112697441 0.160742806
0.0569508905 0.00966170294 0.182186846
0.0575001169 0.0145189197 0.182842843
0.0658821733 0.0374124275 0.183536897
0.0751259524 0.0435479211 0.140379663
0.05410857122007551 0.02621559246507067 0.18774260165302803
0.060334758 0.0315837557 0.194444804
0.078212998 0.0477528048 0.165022286
0.070606341 0.0466063688 0.175701344
0.0601971757 0.0104950811 0.175691855
0.08031047269542277 0.03813298816619393 0.0736029306091874
0.10102865807711493 0.04654298583902976 0.06471636787960329
0.062275520516915456 0.02323968434905571 0.07475917203624495
0.05973666306538625 0.019641303842533014 0.06764056764068507
0.05758036035397914 0.016525630499019835 0.06386156479561568
0.05635393027448355 0.013469578237374585 0.06069825151389576
0.09641063573077839 0.02721717733985805 0.05063944722973485
0.059740617232823 0.03903384842561946 0.12585679222117524
0.07233267715220468 0.0533542700202882 0.13815703715767674
0.041416953442392664 0.011321282848322536 0.11195811489722793
0.04920931925100713 0.021564914712690213 0.11769266027478201
0.05462356687107536 0.03150189180090567 0.11056509731116189
0.043361163070495486 0.01412547810675116 0.12034719543987896
0.025519789181672817 0.0076118083719308935 0.136425431644208
0.026538211174737123 0.008175452649615238 0.13945498586634153
0.03367013442866803 0.012800520528323317 0.1432961397432194
0.051565225690870846 0.017183153625050355 0.13929125865192732
0.05517831553273803 0.013156784088881898 0.154001020358561
0.0512365590306945 0.0090440644004037 0.1783766718188077
0.0519978302452064 0.014256159101267133 0.17905532987975106
0.061555990311473276 0.04105268646154909 0.17712870562606176
0.06813785022608172 0.0499610244496942 0.17736492520929514
0.08013207858357284 0.05617413392179773 0.1602746684074766
0.05498349797372258 0.03027301112173199 0.0951633411304966
0.07205028381401095 0.046760801074148 0.16087201557858033
0.06843213277205605 0.04634111038996509 0.16790651446373694
0.0565386914310274 0.011502458135433206 0.16957209599797432
0.05509049332276562 0.019838547972498777 0.09300886383417077
0.06281012755356068 0.018378172843836554 0.06016602478344148
0.04849434667913663 0.0020823083798688557 0.08845602074627495
0.04995084784320511 0.004649537769161742 0.08846871547653609
0.04000344569414362 0.0038597895108579625 0.09809235623717674
0.043725642957569345 0.0019185230970388276 0.0853797371495386
0.044126810859090614 0.005454074477872492 0.08480793445665404
0.0361292835977136 0.004741412101242679 0.09986315250055088
0.0638000231578282 0.04452187663746222 0.12695836348427042
0.07347990100210026 0.05414928806012815 0.12661523953262868
0.04839074639024122 0.026045032293889495 0.10178791240083768
0.03367678845523472 0.00608394359769029 0.10256502899552543
0.057327260470293816 0.022300511804004844 0.09038881886877889
0.06640473326062213 0.018695465003412442 0.09849203589926026
0.0703931539 0.0146187569 0.0628757668
0.0575369432 0.0194337104 0.186387783
0.0670891925 0.0109951905 0.0622113341
0.0928560686 0.0167800894 0.0620468007
0.0624985659 0.0157272406 0.134938803
0.0579071098 0.00303360293 0.177179116
0.0590427217 0.00889711603 0.176313487
0.0569080259 0.00444335525 0.182517194
0.0681738502 0.0430073683 0.180537085
0.0653246639 0.0358345825 0.182618237
0.081330212 0.0475154248 0.169132993
0.081340983 0.0512202873 0.160548291
0.05230589760037982 0.021269577637476902 0.1832620734420809
0.0835906298 0.0422661237 0.129397878
0.0789383134 0.0480271355 0.163366623
0.075149243 0.0482306925 0.172729275
0.11094799613890421 0.047480217117279885 0.06082220790518894
0.08966540099148841 0.054224508253792575 0.09504137564019197
0.0922835353810777 0.015039143634001861 0.040878758252402836
0.05932423719065195 0.012539952640686455 0.05715921181713233
0.08575983049474067 0.019851253735717653 0.04597144748050289
0.05210189465796983 0.027599611027844195 0.11901083710990348
0.039802230818820436 0.003569483556332952 0.11797896536711287
0.026202464869473453 0.00739262699755418 0.13409055252842747
0.030951887189117948 0.009217141956699166 0.1447724811842478
0.05340494346671307 0.022520824961300503 0.1324665057209311
0.04430007472018257 0.013953031244799076 0.1431386574977453
0.0514295909269165 0.012803767890872193 0.14961701925456972
0.05135269907320003 0.0042375941026844294 0.17271833984878474
0.053827495948198543 0.009284435589465108 0.17187207092402088
0.05049925503279653 0.004159859522936564 0.17862767083220127
0.06562621088561707 0.046238280235523926 0.17274359539699763
0.060472563339088084 0.03894242115147501 0.17596913349450793
0.07655690724134927 0.05336169088041157 0.16521704480720734
0.07661763904599289 0.05409369823699883 0.15515390136285967
0.07381597660810277 0.0495842073209267 0.16003663576611196
0.07165819588489641 0.049616764438000185 0.16710864602914421
0.062478985210690265 0.015535429834785591 0.0574741671063017
0.038713658587293864 0.004326287870654569 0.082595551083768
0.04278366162107715 0.01153539472070621 0.08464297257486357
0.04393226062286254 0.0134750875419037 0.08722840476706208
0.046169244217779154 0.015103400694366694 0.09026572267591627
0.048426109871184154 0.016199525516258678 0.09270094776682553
0.04811762468387021 0.019191609142251494 0.094685790148831
0.04715829778658065 0.017519640496165174 0.09467507096988569
0.04390196724424825 0.017098427453845554 0.09493645235095007
0.040392567502775215 0.01429582837138849 0.09639367653740682
0.03634515023346502 0.011102974790919094 0.09938897742944991
0.03188630829400593 0.0032109208728508536 0.10000483644888894
0.03128583086387197 0.00142698553775146 0.09971186987405789
0.062057262842727695 0.04152657327917669 0.1055880181153118
0.05665128721554659 0.03521973811674928 0.11518520068454316
0.04929218535155231 0.024666725702004434 0.09564235185574467
0.052224431917853545 0.026592198479428262 0.0890598108185825
0.0758945821794346 0.059201425355688155 0.13412703992338298
0.07953416134964057 0.0606855145283544 0.14148580387527462
0.05338157925925768 0.02775481678740241 0.18275769049453733
0.05804384976345424 0.037204180021505814 0.18534383642861693
0.10577707068782463 0.049809231994822664 0.06169088465384447
0.07302500124315177 0.036553607247352245 0.07328071428008512
0.09521151580391414 0.01641624058484319 0.03720213049193423
0.06233185738173034 0.03147795822156897 0.08170871668093292
0.062493191887786105 0.024592449446783776 0.06829994890567091
0.06112582860772096 0.022077217109820513 0.06377720796664717
0.057630884814061735 0.01757387201952865 0.06021693306403137
0.09425534630116127 0.023847762053151346 0.040219035253516826
0.06779196521383216 0.05136197689363321 0.1285612869171326
0.04382160714671699 0.01677046172729124 0.11463179022686248
0.04180736042258891 0.015112752530072299 0.11040646298454765
0.04955865739822131 0.02691766529364304 0.09900807913520328
0.03696125211861026 0.005160668934665219 0.11442167210277382
0.03359496812157914 0.016365048222559454 0.1351255453935608
0.026261259422937503 0.009551265755598693 0.14264424667484552
0.0383299543413605 0.018624924891242865 0.13224185469769323
0.042221192834637315 0.01974257898140692 0.12859049064401493
0.04465786480637983 0.019895225020633865 0.12611674788714763
0.047482302845148205 0.018429088680956995 0.1216336126536819
0.03575804200956198 0.016082473649859385 0.14137356765478987
0.036334239100610975 0.01288001887940512 0.14491140074463799
0.04355640624542673 0.0187177991329716 0.13572157722468722
0.05271616670976729 0.015107590259804576 0.1499489514813527
0.05091708260530581 0.007238085007622448 0.17268416679916895
0.05347597238941013 0.012670004007967684 0.17451002548460015
0.054050422338874075 0.01823617374826094 0.17668047269505785
0.04933882930986195 0.0044961755409812475 0.1761631481043383
0.05146432929861296 0.011870532179575285 0.17620528533422283
0.0678611569347238 0.05071799482221766 0.17080715607110636
0.06162545478027317 0.04541733493596635 0.17459853822819268
0.06533102202596114 0.048558469897151464 0.17462751838229215
0.07725589134634758 0.055033552032249834 0.1610621788585491
0.07240482180728597 0.05256534732190565 0.14902032576704133
0.06690926147151717 0.05035494155224072 0.1335778487571876
0.07344259036869259 0.050481297215741294 0.16266312775976696
0.06757797418378199 0.04898608884649615 0.16905243104106887
0.050830267096148844 0.009204486351594416 0.16939314802953098
0.05127703870481014 0.020617383165158817 0.09315083269770306
0.06467350586259368 0.023000332685895283 0.05648284272681678
0.04162840720660168 0.002160991220002499 0.08065619592436064
0.043139791177219014 0.006050611824183253 0.0804664319662406
0.045082524519627666 0.011640260284367517 0.08304823285081704
0.04736761749043562 0.01591150315389874 0.08870787519337277
0.032246342191354464 0.003472789568622708 0.10140773278748141
0.06701454785046533 0.0444389462334454 0.10392210313647836
0.056629249718358095 0.035052793428451925 0.10848352693770014
0.05291072201650883 0.027036048081008048 0.1880016937923484
0.0592383492 0.0325187781 0.195027259
0.07789123462524244 0.03951312602847854 0.0716316814979592
0.1000017356897338 0.049178648084231016 0.06296667853664778
0.060464740060549034 0.023862348265095975 0.07391967839266281
0.05922675735249721 0.020575029109203533 0.06751905113752339
0.0563821763912552 0.01754177948070228 0.0632551056950236
0.053937112035107364 0.01425833363097376 0.05927889258561083
0.09428731524942785 0.02969099383584467 0.046047937728295046
0.059048165438079156 0.03947196937494319 0.12519594909659895
0.07179387275121452 0.05509884881131583 0.13763051422301711
0.03999158510436016 0.011700847377937092 0.11177538688596347
0.04786318777009117 0.021490707055643283 0.11674928637467613
0.053418102195472064 0.031787881256265804 0.11010987313620188
0.043073636159356186 0.014401708015089717 0.11945171609014268
0.02266667520572747 0.008504159993007495 0.1365690794888702
0.023909027897236916 0.00899020782770054 0.13962900584178853
0.03246213431430785 0.013389398521983481 0.14360984618146877
0.050127973375976846 0.01861756770009837 0.13933869764865806
0.05337952960054477 0.01342731929220675 0.15341753356433196
0.04990827139793225 0.009439533987185481 0.17854843674649307
0.05080245830105124 0.014756288542037694 0.1792591462164743
0.060265334610404404 0.04122193581791328 0.17715960270474604
0.06667061237540815 0.049961472053722075 0.1769570190670298
0.07907713468143986 0.05710307892636709 0.15994942147697988
0.05449273482371341 0.03059731668673058 0.09377713855933886
0.07172713291294643 0.04781620374791841 0.16107792542246055
0.06755183406550917 0.0476161561015311 0.16777577767787202
0.05546552136991565 0.011904570363190495 0.16984203993189567
0.05292348227378697 0.020256148614144712 0.09210669002382678
0.06128750615811178 0.02027126823669306 0.05849601845008663
0.03765613006892903 0.0022886472461077735 0.08248655833029057
0.039826807235439854 0.006277882190858048 0.0820208979117361
0.03303200262447055 0.005276114544490437 0.10064093292680688
0.06345690040616389 0.04544571971800833 0.12627711380709591
0.07309642156514307 0.05573461269073507 0.12647788567594975
0.04758172055273106 0.026305355002107553 0.10134171979496698
0.054905976609529394 0.023357386061381373 0.08854325602226644
0.0510736189663229 0.02192586819187198 0.1834663808191749
0.11065867630787961 0.049716904993247386 0.05956717354206825
0.08895946981511803 0.05609896380696259 0.09428990693223047
0.0911239710779219 0.016613880741922094 0.03711248317771943
0.05675144114942651 0.013761590045313491 0.05480202597482131
0.08382984635302448 0.022806568169823703 0.04080929694016911
0.051361639850376915 0.02758996113031848 0.11799298768207259
0.03688121160484097 0.003338106717846466 0.11856036713251153
0.022978718000395932 0.008439365407047842 0.13341682570470906
0.029464182342980514 0.010134493336793914 0.14524656470327293
0.053226257878700306 0.022840323815250106 0.13264700021262968
0.043569715118514346 0.014846751694363981 0.14318832092248066
0.04894979822628238 0.014558232114747304 0.14865574108355023
0.049628452868650204 0.00454223685705471 0.17286844420742847
0.05261100167116803 0.009728641113266748 0.17216705670148044
0.04898835437208193 0.004441865783486512 0.17888210508371705
0.06456099828280751 0.047085585250215896 0.17289568331263955
0.05932644412340131 0.039987367816485 0.1758089962506175
0.0758009003834438 0.054371634820180086 0.16493679749278756
0.07587234805387712 0.05452848561699231 0.1550762955848138
0.07304415048899668 0.05035370097728212 0.1598307632901497
0.0708320574242214 0.05082172658096718 0.16714372216276105
0.06034167674390188 0.017629147023718268 0.055225002341167485
0.03951717661842625 0.0038564557604497114 0.09705377201749091
0.04033911117262071 0.006310312204742389 0.09695457452219587
0.04148796230972462 0.007746379514635009 0.09741959172917662
0.04275562626729382 0.009441437776515202 0.09807567642673048
0.04438793784982554 0.010562897888162085 0.09877712482100297
0.04787807374571741 0.01221030408505265 0.09926387861450997
0.049453153843860266 0.013520283468551265 0.099407661940129
0.050870363060873176 0.015170557883789671 0.09929888063700694
0.05471872060191648 0.010951895075135642 0.09540990330115943
0.053100931768030754 0.00951380855867723 0.09443128306283476
0.051414242026456454 0.007865370148669946 0.0933071895488117
0.049837793339519265 0.007020759433879251 0.09199970649094066
0.04872439172965096 0.006351463394722224 0.09104343604974977
0.04807423480911247 0.005737124720613763 0.0901904712509036
0.04743316833882759 0.004571796961870459 0.08967056629256856
0.047054967630352294 0.0032129264213144226 0.08936938046902909
0.04599493075966602 0.002044585620820813 0.08955865311469131
0.038999619812866995 0.003736369423132263 0.09554380112318607
0.03989800055423478 0.0059642525055158034 0.09537628960701462
0.041145192999758474 0.007212827529213624 0.0960739431828197
0.04255936267323302 0.008701214540631106 0.09691437720280596
0.04394827002723455 0.009982803325176409 0.09785614109389323
0.047953021385915735 0.011405838892528384 0.09870505210463659
0.04984445945486821 0.012749615919107121 0.09895409391210616
0.05106998657613817 0.014599913208785205 0.09885027690526259
0.0520059255512938 0.01632247929287476 0.09825678295443661
0.0526167645569964 0.012033615785943861 0.09784673010125006
0.051715753758923615 0.009958107589088001 0.09764315589041286
0.049425759612015355 0.008193508689631972 0.0963471246996467
0.04660932213917766 0.007332338630917655 0.09443449683976095
0.04546571668081149 0.0064727969724070935 0.09372696166682966
0.04469299045005315 0.005558113714663361 0.09309387380481422
0.04438712459551323 0.004324494379577965 0.09245342605759127
0.04463163451488251 0.002942271503547085 0.09210228087854015
0.043832659127721156 0.0019879283913743573 0.09209735681737273
0.03772659722964261 0.003341246367649509 0.09449532547902019
0.03920003260225735 0.005120578559517848 0.0941731789859817
0.04091555571436177 0.006479342084437883 0.09469542239275781
0.042199924827734 0.008007137687198776 0.09557085485666018
0.04350008079128178 0.009429848258055346 0.09641001476440231
0.04666777094814326 0.010596539039379764 0.09797035991826622
0.04969169675829623 0.012453211689476029 0.09809250293100469
0.050569251870495324 0.014034522632044159 0.09785115146546802
0.051450253451565835 0.016190783838018738 0.09739214823782609
0.05108832282703938 0.012479820977201787 0.09867389685886767
0.049353162884354776 0.011039953064630976 0.09877659101714707
0.046083755252596205 0.010216300715225096 0.09768287958111199
0.043206706843805814 0.00949319884437819 0.09621527935381086
0.042327844769722595 0.008123788324103631 0.09567079893743062
0.04166468358989738 0.00671587136683732 0.0951932386519476
0.04046869207767935 0.005064076187977007 0.09422553242607067
0.04026143833022786 0.0034104687155207545 0.09363086116192873
0.04060957170179136 0.001736802104965091 0.09352999718786555
0.05031312856646237 0.005713836127257279 0.08934396569501338
0.05045176423725271 0.006586469714587347 0.0897429470020959
0.03494548594229838 0.0012081321235547962 0.09734531708063249
0.03520162389406068 0.0024442683095318384 0.0973781132581408
0.03586137730130306 0.0042909096043142695 0.09818486981877905
0.036789818953701044 0.0065697101556930005 0.09827729744338905
0.03771825942997873 0.00827477121887879 0.09763479309915772
0.0393185147672047 0.010056251556247795 0.09660040907505671
0.04058644521282721 0.011466392211946706 0.0964770008002685
0.04362189854173992 0.014041820042684441 0.09622510656171111
0.046656527102837936 0.015909006468685948 0.09601675265110221
0.04860525425453678 0.018025684378710893 0.09609595169052938
0.05164538025112986 0.01568221377319274 0.09497279834087115
0.050298104310260494 0.014123865982374244 0.09386917701574525
0.04838922400901983 0.011771192195328947 0.09238028302837502
0.046243833928368526 0.010587712437896071 0.0904297279545275
0.044609737306270866 0.009496630959978191 0.08858779883166315
0.043428809495782254 0.008323870386684166 0.08730280379494858
0.04251996355036177 0.007055273717393458 0.0865575201928098
0.04164624591100266 0.005532988435428483 0.08641311778679935
0.04107938538903268 0.0037733252144475605 0.08675165737573215
0.04127021204913678 0.0019038469721032157 0.08747186972614591
0.03508291338150353 0.0012248134129448566 0.09644745042108813
0.03562342527450537 0.002435046614582982 0.09658942408163329
0.035973807401105964 0.003914653904495003 0.09647861638682728
0.03670523660027405 0.005960249627232738 0.09646210544916714
0.03771208515396266 0.007387136127106751 0.09575280920016724
0.03907713282029625 0.009248899124920931 0.09508542433562137
0.04071421435066505 0.010679568922639113 0.09544196506554722
0.042844873114616364 0.012650399171078297 0.09576715711909102
0.04668788774411586 0.014666515258773712 0.09584737311768857
0.04887420828329827 0.017099283942000967 0.0960531266394711
0.05161979050705672 0.015543422529813751 0.09635995075482255
0.05061505184169692 0.014501110094821024 0.09588609146390753
0.0482825004298222 0.011432086880931941 0.09537150870094128
0.04519177641074215 0.010545642782667588 0.09359806493883484
0.0432247741737245 0.009500879970089145 0.09183590670016785
0.041650987327027544 0.008413970260624693 0.0905433065854591
0.04064619254315921 0.007096092881104705 0.08987183553146229
0.03990995740548022 0.005507737150140988 0.08960172373022622
0.03965678572621154 0.0037289150967417433 0.08993390159273805
0.03880723093364932 0.001974744833071987 0.089599443075069
0.03537689775656675 0.0012764291024049983 0.09519404853453962
0.03561439692145671 0.002399177142433781 0.09524456144152556
0.035879592192391827 0.003667590959652591 0.0952106343059426
0.03647049043077723 0.005450362986292791 0.0949189588479452
0.0373896290805133 0.006644312292569678 0.09459083813458893
0.03941009821012403 0.008303032288910822 0.09427350114312025
0.04120356823273106 0.009927971166354778 0.09473789597590031
0.042774953668449495 0.011501572320693312 0.0950622295938148
0.04661218218280571 0.013606292566165757 0.0958172196685725
0.04879944664098665 0.015497046208193147 0.09595207211661581
0.050315821733173983 0.017520821934186026 0.09606208559521658
0.050243054766761185 0.013715472728692384 0.09781177140683586
0.0476827482010141 0.012006146717894423 0.09747792594842174
0.04464910796422696 0.011008650185297862 0.09650966796210349
0.042132576431336555 0.010521279283160647 0.09509741172796499
0.04002227498667638 0.009092100023053714 0.09378900543227289
0.03916190351858454 0.007723357736155622 0.09319128306513767
0.03798143807605977 0.005857356376552734 0.09239686707041148
0.036928082041227404 0.004096413918902412 0.09173756924428818
0.03677146004255899 0.0021727700071835026 0.09155908825649024
0.044712333977453396 0.006946699590566009 0.0850720271103672
0.04531183259044082 0.008295241205313717 0.08574063298022973
0.059082471334369564 0.02740209948384081 0.08650857327446666
0.05999916510589159 0.02068765691362376 0.0805786655422379
0.058796501068530425 0.016411122223172533 0.07734802329595494
0.05759243786607667 0.01362649522514917 0.07582958252946023
0.05538493728681113 0.010768608068162521 0.0744908859396898
0.05449667670613843 0.006966560501843043 0.07375419132757069
0.053949665150537944 0.002103082024755816 0.07321615760898471
0.04328716925236652 0.01837535662270802 0.103194805781976
0.04064759240589942 0.01341913613045221 0.10715592297250029
0.03987980208393407 0.01098634370338226 0.10816496897194816
0.03883198686090417 0.00542305877902208 0.10930197555279218
0.03861758738523714 0.00303911745204068 0.10922099890995948
0.052731430690872924 0.006906204726837504 0.08895173340150407
0.052620518926456576 0.0060259705329998485 0.08794647755585304
0.07187979205153912 0.02219240715677916 0.09878687290456489
0.07026266527994944 0.01982361043833668 0.08902294337604778
0.06720190715156672 0.016629674093655726 0.08556412657581851
0.06553327669420983 0.014419788071809287 0.08348274392573891
0.06313778999973853 0.010947052324076783 0.08152158644846404
0.06249231777472163 0.007484406287239777 0.07979169427929504
0.06159579568200022 0.0024952301054418907 0.07898785743078365
0.06409747060458083 0.01579804592469141 0.0905025583672553
0.06392385438488081 0.013819459224515456 0.0870756881366111
0.062446659044844734 0.01226927657191413 0.08630631216377159
0.061020499777481384 0.010002579219143127 0.08538148606971158
0.060145994702713104 0.006888838820573706 0.08438453547329883
0.059197096270956324 0.0024483409473001834 0.08316798063062131
0.05280674883975332 0.011970111597322407 0.10555563446977845
0.05107794823925202 0.009088532787600129 0.10481545704020387
0.0498092204266087 0.00725114595315689 0.10346134155137489
0.04680644464779896 0.0042084958750751985 0.10125449669597729
0.04574105007925229 0.002694164864007772 0.1004962910949735
0.05440389286479983 0.013605643620396287 0.10958441939903885
0.0521776121195855 0.009953863970538953 0.10957540488585722
0.05068764362296112 0.0074327169188988206 0.10797341110230292
0.049197595058561104 0.004051825019102634 0.10584565915314721
0.04898707645878948 0.0027852716550139035 0.10551521905432915
0.0767987916 0.0201238595 0.0704028453
0.0787600812 0.021934682 0.0688762912
0.0994600313 0.0449502802 0.126428357
0.102530404 0.0443220852 0.125126454
0.122502504 0.0492650472 0.114441965
0.127398783 0.0486718243 0.111521436
0.133107188 0.0492557595 0.107260342
0.103144079 0.0482955971 0.134255616
0.105181111 0.0489795535 0.133847692
0.108913029 0.050311736 0.13052684
0.119583614 0.0534422084 0.128849443
0.125130566 0.0532873453 0.126894567
0.130790801 0.0525796937 0.12455181
0.135992211 0.0537419711 0.120087811
0.103416451 0.0466253379 0.148200516
0.121240681 0.0533687275 0.141511516
0.128262942 0.054015225 0.138338612
0.13226973 0.054914528 0.135711404
0.140424732 0.0552889269 0.13309316
0.0587908085 0.0191568082 0.184480146
0.0606669286 0.0244551365 0.18499872
0.0639487586 0.031097326 0.183776916
0.0562597579 0.00454951237 0.184942585
0.0558503097 0.0113868734 0.185178511
0.0565040879 0.0157671066 0.185552459
0.0633287541 0.0307003123 0.185330792
0.0663743731 0.0367669086 0.184909549
0.0569518432 0.00393568422 0.19033437
0.0565676813 0.012827296 0.190160433
0.0572514592 0.0179056373 0.190332611
0.0669264105 0.0367214177 0.189032937
0.0965009732 0.0491753551 0.184030984
0.106622037 0.0537448824 0.183841016
0.114865952 0.0585064801 0.183088758
0.12956348 0.0632461929 0.181781921
0.135179757 0.0642849202 0.181274831
0.141560245 0.0650765925 0.180746538
0.148093106 0.0653013357 0.180121323
0.0580294746 0.00386234008 0.198218992
0.058810291 0.0124003345 0.197923663
0.0600692822 0.0192488292 0.197663504
0.0977054109 0.0510717655 0.197772664
0.107617996 0.0559406642 0.198005278
0.116719632 0.0601675336 0.197681055
0.131878561 0.0662544914 0.198433505
0.138276526 0.0674435517 0.199241694
0.144676166 0.0679486501 0.199839471
0.150732159 0.0683031325 0.200503504
0.102905127 0.00230728705 0.0539559335
0.10523389 0.00899015405 0.0536212639
0.06265249532600418 0.0025937405433219753 0.06955544857373065
0.0649306941352872 0.007633084581755064 0.07051792996513072
0.06631152815867328 0.010697687403161866 0.07200115899726389
0.06881696418964352 0.014188943183417842 0.07350436883743129
0.06253059930676336 0.0024959419593018417 0.07430482367984627
0.06436182592700243 0.007714087206826217 0.07554798454277806
0.06506357534712413 0.010376107083639341 0.07645193780950651
0.0672555559812897 0.014678894553916466 0.07859688035381002
0.07054030281784644 0.01798119703811923 0.08092378792492219
0.0626914722 0.00261926404 0.0670784575
0.0650200532 0.00777570318 0.067851418
0.0666324782 0.0109160186 0.0688509549
0.0626246349 0.00250084993 0.0641988562
0.0650215508 0.00769225029 0.0645758727
0.0628024872 0.00258426014 0.0611650774
0.0650819538 0.00789186294 0.0617395835
0.0714383547 0.0149202277 0.0594835112
0.0675159476 0.0111408856 0.0590118877
0.0842411077 0.0267978008 0.0626373806
0.0813776771 0.0211135027 0.05934459
0.0764293676 0.0160934013 0.0575445542
0.0726867187 0.011733016 0.0559524455
0.0706207011 0.00808228829 0.0548735871
0.0679715349 0.0030897317 0.0546205479
0.103193969 0.0285543848 0.0668207466
0.090151191 0.0130225009 0.0593883765
0.0887298214 0.00912758529 0.0580406685
0.0869259914 0.00236079186 0.0564570735
0.107539627 0.0284735996 0.0662790735
0.060377512508260796 0.019905757754447896 0.11474464197761655
0.050419322884000105 0.002105267946182306 0.10996348640112151
0.0478505751 0.0028355114 0.162718435
0.0485863823 0.00475584621 0.16195378
0.0500936693 0.00274231937 0.164731753
0.0508457761 0.00467962517 0.164049663
0.0540241205 0.00609999595 0.162599509
0.0524848173 0.00260717259 0.166613435
0.053603272 0.00445387052 0.166019586
0.0562176482 0.00575279888 0.164512403
0.0548404363 0.00250890988 0.168546843
0.0559417353 0.00433732745 0.167717697
0.0573186618 0.00582983742 0.166238346
0.056881735 0.00258767843 0.170464696
0.0576307601 0.00441259173 0.169166964
0.0581165814 0.00525540254 0.168526452
0.0578564809 0.00261329937 0.172367761
0.0585386404 0.00437750196 0.171178194
0.0589703589 0.00596612659 0.170476961
0.0582127657 0.00265939812 0.174385374
0.0590730346 0.00460863928 0.173902382
0.0611260325 0.0202423475 0.182363622
0.0628387917 0.0245763249 0.182844387
0.0648246278 0.0306527313 0.182524981
0.065202022 0.0350206823 0.181926308
0.066799286 0.0387014571 0.181312258
0.061966411 0.024505427 0.183861614
0.0644351162 0.0310454726 0.18302984
0.077163423 0.0483162574 0.174168166
0.0674920428 0.0207675498 0.133717092
0.0708690896 0.0241748979 0.133296587
0.0729970344 0.0271311322 0.134666489
0.0740833131 0.0325297249 0.135499056
0.08461749008524665 0.05876531473162795 0.12212374895638807
0.0935936146486104 0.06330369822971682 0.11749906266698035
0.10984083014221492 0.06973168785813874 0.11038040616065234
0.11915899969251575 0.06966569964695896 0.10708198146729758
0.12646872055444078 0.06884169959847072 0.10401460371168457
0.1325988196973066 0.06664167058016061 0.10103909331612945
0.08733812632756528 0.06138219913531813 0.13147994664881446
0.09620039374696582 0.06482562030226338 0.12841032957733217
0.11308909982612889 0.07200470575029715 0.12207542991152194
0.12160099040222706 0.07297768102238444 0.11907608147728874
0.12878829497309566 0.07192399363179229 0.11689140558909243
0.13629982263992485 0.0688680825590577 0.11530309471602805
0.09058079333933097 0.06217587100360522 0.13998950323422107
0.09895944508040994 0.06642362233921777 0.13816130870224344
0.11620106841301707 0.07277992980077627 0.1329503892978982
0.12377962666217902 0.07379479322127527 0.1301788911691965
0.13118297613464946 0.0735496292972955 0.12792620987216718
0.13909573231052952 0.07015710065360926 0.12747457140875457
0.05326561698463173 0.020119718874550954 0.1805742567647439
0.05511508498404462 0.02648742497653411 0.18047592279271102
0.05766668290411471 0.03303840992441336 0.17865702409724601
0.07339436591844152 0.05270169085093062 0.17030027932602237
0.04977990249005007 0.004319080128002723 0.1814694852200808
0.04982239338635504 0.010435343634426147 0.182226750482158
0.05076209679171842 0.015790629696091903 0.1827390919692693
0.05778573890617504 0.03342235900797157 0.18060350889725366
0.06160687002662436 0.04084361203806505 0.17910839029163952
0.06857067379157224 0.04991314012607826 0.17906626274787577
0.07635610186026602 0.05500734975043792 0.17593178162970283
0.084997707532196 0.058072740873075075 0.17441250415838586
0.0505369034513642 0.004044010194003158 0.18773065932333743
0.05059192493749554 0.011340848631956047 0.18850067640692722
0.05187285949180856 0.017831689326868606 0.18846414166826878
0.06259980837800447 0.04069989439737179 0.18442075423392215
0.06952323031358465 0.04965958156898767 0.18476570040630094
0.07818220669302116 0.053842769263863395 0.1837039502472462
0.0861683739531071 0.057294368327478785 0.1824574196576708
0.09527130145720215 0.0615257854043282 0.18256628162517127
0.11131025256820183 0.06937225167148507 0.18092025796993114
0.12796966632223 0.07339307464307643 0.17955454653707176
0.13480849792274813 0.07532693164099302 0.17889568901101774
0.14248771410998473 0.07702170202425902 0.17829942198697518
0.1501319243663445 0.07715765681107799 0.1774890387737938
0.053275242 0.0036998898 0.197158873
0.0537627258 0.0116231039 0.197385241
0.0554283786 0.0201546178 0.196581561
0.0651434812 0.0402368027 0.193445683
0.071195714 0.04838554 0.193864829
0.0790528505 0.0534919632 0.193893341
0.0877029597 0.056888557 0.19345729
0.0961337064 0.062315663 0.194611038
0.11233492 0.0696858574 0.193789094
0.130140665 0.0747224551 0.194171589
0.138117635 0.0765737474 0.195072705
0.14537543 0.0779287991 0.195934332
0.152612405 0.0789706774 0.196440358
0.0662601559 0.0139950431 0.155927453
0.0666103934 0.022751365 0.146606277
0.0680799771 0.0260449603 0.14523643
0.0687164474 0.0311158011 0.144223218
0.0700709033 0.0365141688 0.144228178
0.0720432241 0.0407479379 0.14786199
0.0753350632 0.0454348045 0.154815287
0.0775832165 0.0478368717 0.159788372
0.0768216937 0.0477705288 0.169021413
0.0739744725 0.0477515163 0.171933225
0.0715525234 0.0465219165 0.175795146
0.0690715981 0.0418798278 0.177483615
0.0679937837 0.037502332 0.179202776
0.0672510109 0.0346117587 0.180634594
0.0663102298 0.0306518841 0.181456518
0.0660969672 0.0254543088 0.181983438
0.0659927885 0.0207081747 0.181183142
0.0659902211 0.0166510916 0.178737458
0.0661728078 0.0129642323 0.175831024
0.0660598276 0.0107687047 0.171813102
0.0673310667 0.0118105029 0.160148626
0.0645936064 0.0133573809 0.156311272
0.0659276273 0.022156971 0.144863733
0.0683612253 0.0254988436 0.143446879
0.0694557969 0.0307191675 0.142639079
0.070650646 0.0362566748 0.14250984
0.0714102027 0.0405573144 0.145589161
0.0748864551 0.0447935382 0.151939924
0.0781605158 0.0480868439 0.158672361
0.0799443603 0.0489384179 0.162466644
0.0800810687 0.0477952921 0.166529175
0.0780439667 0.0474780847 0.169586594
0.068282695 0.0424361254 0.178810635
0.0676190836 0.0380459721 0.179818805
0.0663676661 0.0347649342 0.181043259
0.0661230912 0.0306577679 0.181968283
0.0656882802 0.0254038818 0.182261628
0.0649554214 0.0207663512 0.181529319
0.0643512899 0.016795809 0.179662442
0.0631291461 0.013718771 0.177045882
0.062558423 0.0105127683 0.174887262
0.0682896639 0.042116692 0.179803084
0.0667430815 0.0384079691 0.180842433
0.065300998 0.0348919173 0.181435387
0.0657422198 0.0303789239 0.18226008
0.0643756524 0.0249125492 0.182486409
0.0629941372 0.020443166 0.181758297
0.0619726696 0.0167254418 0.180449494
0.0606629032 0.0138459937 0.178003938
0.06514607 0.0100762439 0.164074577
0.0656640373 0.0215870141 0.142554895
0.0689841178 0.0252428449 0.141951152
0.0703907596 0.0306531382 0.141584141
0.0713843679 0.0363992825 0.141576292
0.0719584204 0.0409403478 0.144585637
0.0754867125 0.0453155575 0.151061253
0.07372270614384409 0.04586111803298367 0.10190740119181146
0.08481842596471863 0.051356873130628755 0.09812142325811335
0.0854064530698637 0.040635933425155576 0.07184274903249399
0.0926151877570131 0.0027646596008048395 0.036887820010972544
0.09477347356748417 0.0109439687049326 0.037997528961203675
0.05120981173914168 0.0027296919179352797 0.06509771088072006
0.05220546101907483 0.009317403749497894 0.06584083082327893
0.0540605719203861 0.013565730876924286 0.0662243311740795
0.05706538653259282 0.01654877676530493 0.0667835784154459
0.05933415833887549 0.018024097208055225 0.07219200956780017
0.05749772546815584 0.015441932427486127 0.07130689912844734
0.055118497044736335 0.012523332434103442 0.0704297516993847
0.05333018458429351 0.008295487859556368 0.06971435232264286
0.05227347217852876 0.0022893558697561446 0.06855907447393793
0.05105510947786403 0.0028681123162319143 0.0630625899913509
0.052516745932693586 0.009799699269853288 0.0632076189213572
0.05442659228573082 0.013754006004808122 0.06329410268173859
0.052260217851463425 0.0029983555602842004 0.06134619459207533
0.054456895333337973 0.009820615720703672 0.060644766659643044
0.05545574821012468 0.0029532282829988453 0.05768311079574498
0.05753879535135289 0.00935070412381851 0.057155596545539325
0.06579465468209596 0.015854736909157348 0.05526556956523338
0.06222913450935265 0.011906898098449522 0.05480015017543647
0.0818033820440124 0.029018009447033807 0.0570541670516458
0.07621356153035513 0.02245146517795566 0.052859384505531744
0.07157690593253681 0.016847601024828747 0.05123379939342227
0.0681239017784682 0.012246723369570865 0.0506561570113354
0.06644432871408296 0.009010757296342055 0.05046149429340716
0.06385097676427841 0.0027259715826622325 0.05024923870073429
0.09990284097851493 0.0341872970599547 0.053824946502306424
0.08193782127510885 0.014322241465599822 0.04190681170255672
0.08001234727571442 0.009695581532398183 0.04153559270952679
0.07759864680578046 0.002704988661265775 0.04097414126111828
0.10408635394975613 0.035640516443080854 0.051507402401030085
0.049741324771281036 0.026011566632255515 0.1144470319476788
0.04662029785040073 0.022012992335918025 0.10764326527947804
0.03963930233748536 0.002828946631227331 0.11315124493747532
0.039708975088466734 0.0014301939830728596 0.11783384772967467
0.03710248591617536 0.0013777683734663513 0.12237253889424327
0.03778899808347581 0.0030932715738798146 0.12221455367189982
0.027350134037288566 0.0012827782885921407 0.12867328057500427
0.02786746272387845 0.002784210505642606 0.12891707978187628
0.028335298380181888 0.004365158381694634 0.12964873016049563
0.030405722485057424 0.00650969233844273 0.1305691001648194
0.036719198410593235 0.013431756631662356 0.13311152589567124
0.039436989915009005 0.014818021111024484 0.13078810531445834
0.04159541904057609 0.017464242439898983 0.1278386085167026
0.024785750924811615 0.0010559569634534748 0.1312442134715333
0.025570995647219343 0.002816817424152436 0.13147161061843954
0.026691113250291054 0.004601578804746601 0.13177063840489014
0.02775118973894959 0.00708116822154556 0.13214289026296677
0.03566304292080657 0.014524158626398094 0.13478257521698148
0.023040717057089367 0.0011279519844663035 0.13488523095425695
0.023847717611469886 0.002885195715553488 0.13483760531766925
0.025049294129214562 0.004926215742617171 0.13449841553850686
0.022278178634010652 0.001268797784960719 0.13826882889309702
0.02312851292958792 0.003060530774869425 0.13792887695696596
0.0242786196982553 0.005069911621769239 0.13732710557366576
0.023755477263388034 0.0014610816858027919 0.14220587817213434
0.02423603959065492 0.0032773173228209354 0.14145491270492697
0.025185513056997517 0.00565156017284996 0.14036813343939702
0.02593767868998304 0.0015308976849386401 0.1449970998487881
0.026003107248388942 0.003515469687657632 0.14435692207544884
0.026820415822193598 0.005875054304281055 0.14342537832746552
0.027713321076702553 0.0016914758643154892 0.14751582656477868
0.028071609827983818 0.0038365963984258273 0.14710049886630658
0.02909661589451179 0.006414784200336743 0.14593644745585424
0.030109363259786588 0.0018286772679309946 0.1497469098352402
0.030586194690046073 0.004019938450160612 0.14958623950671163
0.03181916347000956 0.007172842006470683 0.14839287615449115
0.03393891505749163 0.009534157276851338 0.14649769698582576
0.032268737068596676 0.0020549137898860825 0.15194684503566808
0.033066214668843595 0.0043454072230203755 0.15161354874987226
0.03473369417157842 0.007848671771385714 0.1501770723247238
0.037149710992513435 0.009998563617791304 0.1479309993750794
0.03436059777137187 0.0021983611439973616 0.15404337644741528
0.03540163406443646 0.004634725615367752 0.1536775791387988
0.037162324320219285 0.008093391320206672 0.15233498865490488
0.03981022148412875 0.009827339840603112 0.14986344008337207
0.04960462732641135 0.01303707283048664 0.14749146669917415
0.036670153129827285 0.0026747789904238766 0.1566269557134683
0.03747989014522322 0.005041730056345494 0.15599735989510194
0.03943636693649924 0.008358126681092464 0.1545944112856557
0.04230397047832341 0.00992343836105587 0.152355740698613
0.03910726362476721 0.0026906539318426654 0.1586734470302214
0.0399781572382061 0.005255118628267399 0.15804543625924203
0.04132824068661377 0.008358790089180206 0.15644069184734044
0.044923839048228026 0.00979463824953147 0.15500534099977076
0.04148201534331237 0.002972664645691017 0.16056387540494257
0.042450556569291836 0.005592979389962172 0.16025151311789418
0.04443468468073271 0.007649031661726114 0.15909657948220213
0.044097146332959906 0.003218291858723541 0.16275578286421713
0.04534731827754434 0.005806351549681423 0.1623663200684812
0.046885659622617405 0.00766936983597163 0.16119030558608985
0.046787818579313294 0.003471516374838975 0.1653273667436442
0.04740517688713946 0.005812608839493631 0.1646780396518084
0.048201266729319604 0.007617185146871385 0.16393706498793914
0.048468991420427154 0.0035172988748746266 0.16774919361107013
0.048821123890120735 0.005942912790843989 0.16728367418745932
0.04993459138917634 0.008687218307758744 0.16665375454024897
0.05882145260339918 0.011524702974970167 0.16572163658659517
0.04997514609790163 0.003940120926537825 0.16984335965292904
0.05061291110454201 0.006210605508517174 0.1696742072349598
0.055599650233961295 0.021744202678275405 0.17683421675798405
0.05682824454916095 0.026844042270124404 0.17651628566876618
0.058616553102419214 0.03256266124795851 0.1756652651383325
0.060535204422931636 0.03784725632225673 0.17494433981607346
0.06272882203283828 0.041673114498732004 0.173473669645021
0.056075238503585395 0.026723736167541236 0.17839447781506032
0.05824005122062603 0.03295445683745187 0.17699059296113376
0.07258649250192076 0.051656530402595484 0.1688773302999669
0.053746176162727255 0.023322162749038335 0.13580991690758176
0.05536954344040483 0.02768224407026553 0.1304721516266728
0.05755954372348181 0.03377889327123415 0.12981523297158135
0.060588129192083125 0.03907416444785141 0.13070939321224606
0.06404781023796782 0.044325559338600516 0.13222271166967361
0.05946948888927181 0.018874381465082864 0.15335666631640138
0.060467506305893204 0.029687530493522667 0.14486186174971608
0.06140761661037157 0.03286850377018334 0.14390378562242148
0.06211798133964686 0.03689969137274165 0.14389242935733434
0.06371860342710584 0.04048004890361105 0.14460584918519084
0.06631868541760236 0.04349062110716216 0.1463786703667143
0.06944608689360622 0.046254094506890046 0.14967905657451172
0.07276219280394193 0.048184458666553104 0.1549877340919088
0.07354942840387373 0.048830898184812364 0.16408779557421801
0.07110532702300859 0.04748235874365429 0.16578193063533872
0.06852072491928834 0.04488927730365397 0.16638116981982667
0.06549963698718345 0.041555583207100635 0.1668997553514125
0.0634348994846965 0.0382732395722255 0.16791405487396638
0.06276070059590777 0.034970858270026356 0.16912091498670595
0.06198709823193019 0.031212575259519176 0.1700378447813518
0.06158920961714272 0.026791719581506526 0.17073592302354168
0.062097893683075216 0.022546689114885676 0.17093026357199723
0.06248934130458939 0.01944481392091248 0.16939501022279407
0.06267970642376805 0.017209596240641865 0.16775066483202167
0.06341662378042043 0.015644687964982026 0.16647846099013255
0.0631218261279905 0.014318874884273702 0.16500468059350512
0.05941593763775319 0.016117613322701257 0.15572170828130655
0.05772609708930729 0.01634811767158546 0.15200777264623855
0.05838809837707203 0.029217214479991357 0.14196443987515886
0.05982803273211037 0.03354814047269345 0.14066702582983606
0.06088344977988991 0.0381566654507665 0.1412147956134729
0.06296302188144651 0.04196491981945176 0.1425175993964567
0.06591793896309166 0.04481629319028905 0.14468181359710708
0.06912233761653706 0.04748999152427797 0.14704515215252448
0.07346393503262746 0.04983650713887177 0.15199343087543007
0.07525338789882174 0.051716374643366224 0.15791401612771944
0.07636774235219339 0.052199575899354846 0.16208333883442538
0.07489829479844946 0.051312434042328374 0.16484196770597712
0.06548218345870033 0.0427346244999293 0.16899192356183487
0.06312806503165654 0.0395535708620986 0.1702004040083894
0.06182670935792142 0.03623910089252343 0.17107712390963756
0.06084095607241597 0.03199972970058152 0.1719535191858405
0.05971737104656148 0.027117328242753057 0.1727009184882992
0.05974514645498136 0.022442590260188064 0.17305239984317725
0.05995003832053148 0.0186289752781666 0.171764605650689
0.05982125677902961 0.01573737030479467 0.16963848729236297
0.06009708487652154 0.01362523006323729 0.1679494242168365
0.06539328539245523 0.0441175117973853 0.17107803816867734
0.06280472796958768 0.04074708735677069 0.1723347976724461
0.06102977295028274 0.03699678081742389 0.17330793806505362
0.059488538843333855 0.03227301899448721 0.17402487974067968
0.057933798786557286 0.026981579399753226 0.1745822418604879
0.05738847009887036 0.021914772943003497 0.17492220100030725
0.0576066815058675 0.01786915898283821 0.1737020461838442
0.057396138440171836 0.014416695041919307 0.17181664039582473
0.06247751547553932 0.013294907445476883 0.1631766295778424
0.058071683348751006 0.013169001017480513 0.15866967209401783
0.05726143432129045 0.02846301596031594 0.13943551907258864
0.05922651880038771 0.033675832521235745 0.13853715336644856
0.06069445587056066 0.038661635559155895 0.13935340513399477
0.06296765508314976 0.042603738910480304 0.14080888291750163
0.06576332200272 0.045824864775890005 0.142784428266444
0.0694168655861385 0.04900759263878117 0.1451297190573628
0.05518115065986823 0.017037190139294122 0.08310321382100529
0.05468102029112938 0.012743698667632529 0.08015851112144834
0.05478760511794415 0.0106334883456453 0.07946595161326346
0.05442503256902924 0.00825127563148797 0.07885666881382403
0.053949481017796744 0.005698810985289627 0.07858597374232469
0.05296455784914878 0.0015812653862508777 0.07835762596795448
0.04362877331617259 0.017247504168574592 0.10033651094872562
0.04047085492744289 0.01274819501677066 0.1027331070580782
0.039202437299472793 0.010461885437036238 0.1038750306191592
0.03754442889018724 0.005377462750048162 0.10412352165666684
0.03670238293026488 0.0030727583377377623 0.10328950314124705
0.04799459924416912 0.008471271477700416 0.08483226989338888
0.04753099612388771 0.007093083949093473 0.08394594723396308
0.05650084715708826 0.029854002506921933 0.08811598215096013
0.06870057855167128 0.03165380391486125 0.0769635746124249
0.06920432415172129 0.027398298833911747 0.06597991119477657
0.07076007349856804 0.027537604577168317 0.060030275746069346
0.06650563372873905 0.02508127068561243 0.0617833497817263
0.05943811142971149 0.012791064788530246 0.09100297340692756
0.05748088422182801 0.0102109214110614 0.08905372776838905
0.056692352689261406 0.008396935619461988 0.08817628347542722
0.05587753988590348 0.007031753791853464 0.08683226157135247
0.05470340759369395 0.005166284671233358 0.08616956085133613
0.05357440890213384 0.002105130552057931 0.08536187562708109
0.0601124784 0.0204973616 0.18366012
0.0699004461 0.013754692 0.155665861
0.0692231915 0.0239351656 0.150294734
0.0693713217 0.027311059 0.14938706
0.0699687565 0.0318175154 0.148447402
0.0720264803 0.0368506471 0.148978404
0.0761491993 0.0420570621 0.154324507
0.0777561005 0.0451539438 0.159324527
0.0784376743 0.0463253906 0.163127525
0.0756409591 0.0470248931 0.165337675
0.0745446996 0.0475149657 0.169873759
0.0725314006 0.0462747515 0.173319002
0.0700250535 0.041795951 0.174735622
0.067799159 0.0375319572 0.176148132
0.0666542193 0.0340524066 0.178795146
0.0664109853 0.0296338209 0.179458601
0.0678526124 0.0244443514 0.180283102
0.06892701 0.020005988 0.17887117
0.0697497609 0.0163024835 0.175945084
0.0698209492 0.0134772489 0.172530793
0.0685052869 0.0119789938 0.169434036
0.0672337894 0.0131641454 0.157614698
0.0675649087 0.010701638 0.162747423
0.054317578568175935 0.028454654058301818 0.12654912724534337
0.03870839728760926 0.01655780190352064 0.13156334483718585
0.05369574487913495 0.009548464945373295 0.16581396807669452
0.05459707299161642 0.021854910775523203 0.17897097661759764
0.06396209200137819 0.01972951494085104 0.15358748705691327
0.06314617496660495 0.029400461988631606 0.14952706930119403
0.0639040136888613 0.032818588145409146 0.1488002366611039
0.06475701439425355 0.03611782070787951 0.14856669381962279
0.0663333125544758 0.039408894765731756 0.14906852835299358
0.0695518299318922 0.04266668506629087 0.15116359740076077
0.07154765730276126 0.04503151359360513 0.1551278181149425
0.07178544081830719 0.04613202317053125 0.1593521356898481
0.07157298517314058 0.046293740181346965 0.16186141142190522
0.06996345236714793 0.04523606714138436 0.1633397181987329
0.06805657272565976 0.0429688683696491 0.16378406439544987
0.06584315227169825 0.03983530807824115 0.1640583221942365
0.06407743201462714 0.03649103060021436 0.16492321255780926
0.06264691452131922 0.033398921146833016 0.1660786554232411
0.061958217987123115 0.029526148066370102 0.1672039827871136
0.06320641894480017 0.026670939958340984 0.16732621092389177
0.06423742867675361 0.023217463536251422 0.1672175124171746
0.0644254378427845 0.020427212074067082 0.1665664917148371
0.06455707348977639 0.01832252097954788 0.1655520320773249
0.06462630328963179 0.016947743218248865 0.16453281522782068
0.0643819514183246 0.016157019786475837 0.16342397718610224
0.060628784660899826 0.0180792276036213 0.15477230143119916
0.06446611543541104 0.01586657007988251 0.16151422618918349
0.06344414157796323 0.016040867959356254 0.16013149182495007
0.052314147477844984 0.015243726575125346 0.08693052407225092
0.051531130506472185 0.011305349708208323 0.08383784483958873
0.05131038896136991 0.009283755310487059 0.08308047972980546
0.05078173833666849 0.0071934970280757085 0.08224615767473435
0.05010552462989835 0.0049577138310826895 0.08166839925303838
0.04949403489752438 0.001480805053658915 0.08171503913303008
0.0694763547 0.0114192056 0.158681085
0.041920746624038926 0.016113169928801338 0.1270947684637673
0.06451864949256321 0.01778762681212248 0.15621248672037827
0.03156793693502866 0.0013944542975789303 0.09812619747751075
0.03223131828771429 0.0030243817711369885 0.09831336341005496
0.03297399885532856 0.00456213984448458 0.09859338340439129
0.03390183708805629 0.006614170640317209 0.09863066252880444
0.03489254118281656 0.008576023808328724 0.09819519898733114
0.036081164215639144 0.010191417561285632 0.09792733876755265
0.03779739718398237 0.01194285236474954 0.09666654744779118
0.04047285790087407 0.013655336901951186 0.09525755826750319
0.04389050536014441 0.016327949859240135 0.09429886802342793
0.047389069994730665 0.017086373996735824 0.09414726173056624
0.049722255615623386 0.016766483774997728 0.09517661927474609
0.04831359906107856 0.01606937767044434 0.09414912998577779
0.0452396002191127 0.014429892526695506 0.09221307932179022
0.04265780380651793 0.013022452487563405 0.08936226265341744
0.04106521274701305 0.011237271141724436 0.08717955305811953
0.03975962625558082 0.00927841875809996 0.08561392627563202
0.038515532254723754 0.00782995404320419 0.08486348958351993
0.03775262637578836 0.006203804979257574 0.08484068128033992
0.03688331878303135 0.004154656449076529 0.08566824872530758
0.036217128419244925 0.002104427014866912 0.08567058641777425
0.03263808158648712 0.0014202774520724187 0.09669474357621326
0.03308190842911938 0.0025687212257230955 0.09679707622188122
0.033806893242904916 0.004220028200109686 0.09689543434301982
0.03436562962281802 0.006019991830075707 0.09678882892375576
0.03547641021891373 0.007794538206534438 0.09640321304780436
0.03664903638735439 0.00941560418848438 0.09608675719035406
0.03848873169126917 0.011146089888100771 0.09509436101256333
0.04088638801955467 0.012846204900178897 0.09464745194290584
0.044398483994910226 0.01558737390383181 0.09405714971356564
0.047832834574608254 0.01669872194765596 0.0942508272293503
0.05003022383969353 0.01676845839853289 0.09608247721457262
0.048680741794490744 0.015933304912583563 0.0955039986001228
0.04516439282518883 0.014059778218121521 0.094231568824021
0.04249042711819006 0.012572618999842933 0.09207756129189516
0.0403019976665642 0.011231129890309867 0.09016355763166971
0.038405662599556606 0.0095634111563544 0.08892098166124653
0.03722004095741201 0.00790968285929102 0.08814704018957924
0.03645444013455948 0.006136276587568235 0.08782603501499542
0.035965278741083594 0.004226715175494608 0.08801158195565098
0.03583720851361129 0.0021681052473406506 0.08833447262068589
0.03402619909959172 0.0013638983272784297 0.09585516679779221
0.034442598465854436 0.002488568863116749 0.09587298034725926
0.03487316126563917 0.003919262066076672 0.09591530421167564
0.03554530843047859 0.005712055117857008 0.09564106961288657
0.03634255007045661 0.006947649206829037 0.09541853083272611
0.037723672356663844 0.008762534643857569 0.09481462754726226
0.03946483191209125 0.010448260309442965 0.09444539459751622
0.0416391427451965 0.012098876841315526 0.09444320462452041
0.04522810791872628 0.014592484843448562 0.09428747279922953
0.04846914316725243 0.016676229031730525 0.0946661859870395
0.049481131056073935 0.015654993835544674 0.09637222299640104
0.0464225012258672 0.0135018479102298 0.09578859222509097
0.043152963953522486 0.01210802455302718 0.09490277820283008
0.04107506336836251 0.010993169032425875 0.09286781440607525
0.039193764285445236 0.009464662653673487 0.09138451082788399
0.03787583782125784 0.007914766021687563 0.09055497878989577
0.036965463351351785 0.006199124164610081 0.090025198029198
0.03622810566211251 0.004277408507047711 0.0896762294706312
0.036017135967044686 0.002177039035797663 0.08985957892852034
0.04074622186157376 0.008021955551005874 0.08220762996751452
0.04173288626051615 0.009740960675105638 0.08305257459253867
0.057684952522506584 0.028413664729678777 0.08467296515732321
0.057409928349865406 0.02191304425974683 0.07814080844001638
0.05480973674234736 0.017167237428469415 0.07433697999959278
0.05403531090565557 0.014641938003624256 0.07372487418961723
0.05343779813091421 0.011583607484975627 0.07341859808642512
0.05212920783726453 0.007955997473569293 0.07289343277571703
0.05081490500630309 0.0024510702867018693 0.07237434012091222
0.04232204170466513 0.01836669745114157 0.10360702310046098
0.039305499529972525 0.013808662801929463 0.10660048263092461
0.038529876106962464 0.011567679744530723 0.10812569082740592
0.03692989496602778 0.005637921124814833 0.11061225346602044
0.03659403525161765 0.0030277100527072334 0.11031873276815221
0.08360277557908173 0.06068744090520992 0.12146905283680495
0.09195084766083002 0.06497198742661102 0.11739694615658784
0.10903535270627186 0.07359045353687939 0.10949463801061127
0.1195026990289665 0.07224664458083799 0.1060608345248949
0.12657657032492386 0.07196827608771962 0.10300289804399221
0.13302983167164942 0.07104384896639895 0.09970609814859094
0.0864360759686372 0.06342122441476204 0.13067276814725293
0.09546299955214846 0.06641319759386256 0.1278959687234413
0.11279135637767951 0.07466814020242984 0.12134472922349511
0.12210604421009902 0.07478489312712269 0.11837878289344742
0.12902738839868613 0.07311856092619738 0.11643658963310731
0.13666064690133786 0.07237104736575053 0.11412721589807476
0.08918627399107049 0.06482439204915552 0.1395575853032578
0.09856444698987007 0.06844904044363954 0.13737814035562373
0.11584735446833795 0.0750545269203684 0.1322048202413846
0.1243447496896032 0.07583944933787688 0.12952051953373625
0.13165859261322765 0.07557125899394 0.12731728101263207
0.13920900332886244 0.07291990694467362 0.12639007567344396
0.05208509242147476 0.02074438771550544 0.18074287813882214
0.05398751864741894 0.02733047833129988 0.1805442104842142
0.056599261180678956 0.034053170623236755 0.1787380389474526
0.07249235867429983 0.05412976304348282 0.1702328256882691
0.04819098216267648 0.004605863367012289 0.18179961410679696
0.048433090541898316 0.010896467798719852 0.18245720893036735
0.04948120169618048 0.01636736297449496 0.18294154506234733
0.05667181745658019 0.03445221687926318 0.18077379945123073
0.060227404569582296 0.04168099260556292 0.17925105129560334
0.06775287815896631 0.05111689667659107 0.17916164601192625
0.07577600786320904 0.05650695818647514 0.17609412643180866
0.0843473269730138 0.059883172996374454 0.17468910454969186
0.049083207100059936 0.0043952176861100515 0.18808188630223793
0.04927422325706862 0.011851105036821706 0.1888126547371227
0.050616156149396754 0.018462685520383635 0.18876470794661487
0.06143289452489023 0.04218109081363384 0.1847932508658936
0.06865413725710402 0.05095832019494677 0.18501892228175945
0.07761951431781565 0.055217659272070854 0.1840048972583719
0.08572795659618371 0.0591380181692178 0.18253698058785914
0.09423239873466059 0.06391879938642743 0.18172780486651663
0.11075835016233287 0.07172499054822129 0.17973560675673575
0.12767167467781315 0.07500855712707176 0.17868279582470847
0.13505744626603308 0.07772768416127919 0.17769170975169832
0.1430963322285108 0.07906618413177853 0.17727516031827154
0.15029227457227215 0.07955108129618539 0.17674994038685413
0.051926523 0.004079976 0.197691758
0.0522793558 0.012134156 0.19799392
0.0540634628 0.020930676 0.197157282
0.0641022574 0.041418844 0.194087519
0.070459564 0.0495312842 0.194457703
0.0785189916 0.0547149066 0.194561987
0.0873490641 0.058282966 0.19408877
0.0953129297 0.0630214032 0.1940467
0.112344988 0.0714871608 0.193506073
0.13058766 0.0766836433 0.193615266
0.138107232 0.0788268369 0.194282679
0.14628789 0.0792012942 0.195062391
0.152776474 0.0811174429 0.195681735
0.07311147204332763 0.047264203127991955 0.10175436715732059
0.08427959904947144 0.05297584302024992 0.09746950658549451
0.08234246201658 0.042639450014850366 0.0696473095382704
0.09081818384394692 0.0027120003892194995 0.03439364931119945
0.09289377775788375 0.011632041993713618 0.035099199514849494
0.04852235999828014 0.002774203617936806 0.06474814751589926
0.0505569048019565 0.009795469985464284 0.06548175339283872
0.05307198940484603 0.014248693817025733 0.06592570745889811
0.05578327049828073 0.017272951438807402 0.06660371825495218
0.057005514329664574 0.018971461698487613 0.0712135797174198
0.05523529115619423 0.016048427567011102 0.07050476166124943
0.05356652102320476 0.013179437578250176 0.06998369562002227
0.05163197330526866 0.009044904386677311 0.06928476606721855
0.049161644287050506 0.002505469389042609 0.0675458863551967
0.04858739901934671 0.00289654080218866 0.06239824250171586
0.0503948340433042 0.010331009360203395 0.062471763807751546
0.053209655057265715 0.014452345963646565 0.06265256310257372
0.04998094523320629 0.003118029814727159 0.05932322842386278
0.05155204118077199 0.010486955632281917 0.059106498133799965
0.05245625412945796 0.003268506377910286 0.05462116130529429
0.05467062867790276 0.010444747279564712 0.0543406193658312
0.08780091426879645 0.0029380698952672815 0.03501643792879911
0.08898335365435965 0.011744445272021677 0.03519730873966355
0.0795871796966661 0.03132508214830186 0.05437476486246974
0.07485967226197121 0.0244119231587133 0.050616828120180125
0.0697861766325566 0.018121794894587734 0.04899255704829589
0.06595227517220459 0.013121701815246445 0.048823227756941444
0.06425341274067728 0.009871767601212006 0.04823751482276394
0.06157192755393879 0.002950838908367652 0.04771008023332191
0.09780897099551711 0.03732778789924369 0.04906290652480048
0.08092403766545139 0.015314174608700831 0.03974657285931267
0.07904711257055323 0.010382441113236808 0.03951545522724365
0.07702575430215683 0.0027208697045190983 0.03880640653898003
0.10190243459799282 0.03867628929205715 0.04640803901475204
0.048640729528266084 0.026106983003080095 0.11403512717597673
0.045290730236820495 0.022061696511997075 0.10717259525218989
0.0369748488030126 0.002982055668404699 0.1143931825640992
0.037534080476478396 0.0017548098747222829 0.11809039587498017
0.0359077555842116 0.001255636479190269 0.12158450600338233
0.03599034733353371 0.003016342583480715 0.12202118868299969
0.026516327251847147 0.0013745776531140029 0.1271865098996375
0.02686100494843789 0.00291595669414407 0.12747616645842588
0.027109958027626904 0.0045247486030297246 0.12802096278473876
0.02822297039932417 0.007092221908690874 0.12897796089160005
0.03587739793369346 0.01391126508514056 0.1320926902053542
0.038680750379054975 0.015198078426038264 0.1300399156844944
0.04084975800152896 0.018331281816503397 0.12755737429670375
0.02344388264678457 0.001406544359115968 0.12993489951121234
0.02355960599089556 0.003238351293079422 0.12997259107715414
0.023783145121754112 0.005658823510526796 0.12989412287895263
0.024902344392613192 0.00828670495215442 0.13013159770587987
0.03406900708314436 0.015259070027017473 0.13340733804913507
0.021321102242251262 0.0014544099541049513 0.1342562065158513
0.02145561441628114 0.003382798997340975 0.13418125745505244
0.02179822086571317 0.005786993047712657 0.13393465651327013
0.02053246102803131 0.0016053109453543796 0.13842244720205582
0.020688115094227265 0.003555427732650452 0.13825404263057853
0.021395427841250498 0.006029895945660604 0.13757870217602944
0.022355401689263334 0.0016744354707015742 0.14266331129741322
0.021995845662621277 0.0038200226371595688 0.14215230513334026
0.02237678005481664 0.006378709541256271 0.1412166244366928
0.024728450672387364 0.0017436032925285544 0.1456639812800395
0.02457878225718619 0.00411260703220232 0.14498121196844457
0.024666205117547402 0.006673482969241465 0.14416750501181672
0.02630420703486165 0.0018260047804950121 0.14809164304051953
0.02655991253644145 0.0043826611201332475 0.14758119722087723
0.027699956464936906 0.006882507288926723 0.14649650117916907
0.028916977591604987 0.0019755908894033823 0.15046312537772158
0.02936770369415889 0.004598588326523372 0.15019087618338856
0.030604700866522516 0.007556127794108719 0.14884745783521203
0.03315251192046292 0.010227098549466622 0.14680433002802473
0.031153520447232907 0.002232491044516955 0.15266387256068803
0.031771986615211946 0.004987644219584185 0.1521867446342829
0.03328606265485772 0.008019245880795191 0.15051367240447094
0.036217412708452024 0.010594935531212364 0.14805079886323425
0.03314963621589926 0.00251788790054019 0.15475487537186974
0.03405084146903308 0.005197749963115305 0.15397458018650417
0.0357666255702132 0.008421763010035041 0.15230929561231024
0.038759873468896845 0.010682698385119028 0.1499876441554165
0.04637970551264339 0.014827993978285126 0.14563491070796314
0.035266158154910965 0.0029413121102074146 0.15714649726520044
0.03594474183615232 0.005705549998264156 0.15615591955667069
0.038074959063953535 0.008808038523359958 0.1543371961949569
0.041191334735778316 0.010636350878250314 0.15235420713960174
0.037394503307915744 0.003321238343158477 0.15928442572131754
0.03805633617915119 0.005997056751064425 0.158261190889667
0.04048170251723382 0.008815491360310707 0.15643831720921003
0.043901563136011776 0.01044010772856894 0.15500169550011528
0.039540196675949386 0.003672963084673531 0.16122553010618487
0.040296307755127964 0.006322458567662926 0.1606172346958189
0.042840990734993305 0.008791332495906997 0.15926044407924517
0.0414674797973397 0.003619109864184676 0.1627649685785792
0.042332378327106616 0.006295835747058773 0.16226511943887192
0.04441087161151542 0.00818550004415046 0.16117178369640245
0.0442781296923356 0.0036410192328659176 0.165045674009243
0.04511871707189462 0.006100795724033943 0.1644278455298563
0.047179364245339896 0.007852451667621 0.16371613068320837
0.046493013450604866 0.0036561006333371672 0.16751090646858743
0.04701811579245725 0.006154878043334413 0.1670065102496992
0.04856385899761611 0.008518399864323806 0.1662117939504093
0.05743027226352462 0.011551286115641246 0.16562512473439636
0.0485844257437271 0.0041593805791776675 0.16989458813750727
0.04924714536236345 0.006709575146956512 0.1697541059203291
0.05456893409538363 0.022418898138847725 0.17693778256032439
0.055855492114093616 0.027721622571914007 0.17651120647673368
0.05759633814027669 0.03357634747201556 0.1756362418607178
0.059486032354736956 0.038923270123630414 0.1747787461962973
0.061791414341182065 0.04350897451178859 0.1738985147695528
0.05500805338530201 0.027584931854637056 0.17841069663653647
0.0571947087663524 0.03397003356046542 0.1770094774791066
0.07151835366594642 0.0530508134489875 0.16866398146112035
0.053407157427495404 0.023635932263328763 0.13592460489574104
0.05494461678745941 0.02809908698405057 0.13033527676963963
0.05689501510518745 0.034275296983454766 0.1292803527129577
0.05973774769489952 0.039822091938909246 0.12979751052742974
0.06350988190434108 0.04557777844681393 0.1313795939746101
0.0586433055955147 0.019294576302818254 0.1527728539988314
0.059776468423128164 0.03015260531633946 0.1443628243066208
0.06075348133780658 0.03355129632570472 0.14344003781698025
0.06145571643110148 0.03762811369849972 0.1435443013289015
0.06310575440329033 0.0413383442737756 0.14437154469799732
0.06598041964870896 0.044407633807000094 0.14639248611811165
0.06890873401554236 0.0467532240820675 0.1499310727310254
0.07186391095574997 0.048905232824616104 0.15501716856453054
0.07281592807545433 0.050094083252868446 0.1640681942577625
0.07018350489645753 0.04883906450134855 0.1656646224517542
0.06769132037037295 0.046167094154224514 0.16625811225341122
0.06471528312793716 0.042660986536701306 0.16684192714147764
0.06278992373776188 0.039235472826956684 0.16793992925787757
0.061949574845176034 0.03603472146549255 0.16906171861008143
0.061230108661051545 0.032226095987423785 0.17000847811938707
0.060782243781930916 0.02770247362533225 0.1707199257638871
0.061208836241901945 0.023282444899651807 0.17099822797799089
0.061641101733839625 0.019990706026382872 0.16956244981041457
0.0617297087504176 0.017684237836768327 0.1678467755787828
0.0626603051589993 0.0161988258742027 0.1665324920033219
0.06217784054610531 0.014858636132978323 0.16509543238359609
0.057661991503369085 0.016175318380754485 0.1545430169638998
0.05662631690425133 0.01683234873681973 0.15114714594699374
0.057748348544937884 0.029709236650568634 0.14135019163330156
0.05904078273951842 0.034153861611525387 0.14007624015750586
0.06071459680680924 0.03831222473760304 0.1409050662259257
0.06266821374082242 0.0422613160354458 0.1422999201728147
0.06535494643262058 0.04570414550704556 0.14442550647940716
0.06843867963609658 0.04811298558613861 0.14726835794426485
0.07216112844415978 0.050299779578512206 0.15143691320531605
0.0744724999355224 0.05229279926442387 0.15768922776207628
0.0753716290064918 0.05286787998544099 0.16219667175509722
0.07431084902437558 0.05240650879374395 0.16470138862633932
0.06468254829772846 0.043848170709851676 0.1689088147185715
0.06251708514215204 0.04046185153597294 0.1701079489127189
0.06099873466509989 0.03729324012155409 0.17100381529778536
0.05995674041916157 0.0330622342194811 0.17191530308189892
0.05889093686492436 0.028039713123202914 0.1726945587597764
0.05887284586929625 0.02317604410175167 0.17315291799154262
0.059430318024085126 0.019195100776026493 0.17179709120920167
0.058948973002860026 0.016119326407781055 0.16989031729788173
0.05902937877943539 0.013825199244436008 0.16811727441538077
0.06424143773878911 0.045450871892307676 0.17102796578165813
0.06177752109488939 0.042055016131771206 0.1721981283642167
0.060016337476614286 0.03808571558136595 0.1731968788022629
0.058507611237204646 0.03330733693922401 0.17396446257790127
0.057056580976514136 0.027884734851108907 0.17456658230843358
0.05636784107607562 0.022658665004052253 0.17495093478107873
0.056691090721748036 0.018389121368313065 0.17399268165311127
0.05646324508704516 0.014866388217881369 0.17217426968857563
0.061170148509441045 0.013667775246348914 0.16294564759215502
0.05652321166932539 0.013234786233131624 0.15813121569251715
0.056690497521651 0.028864525835430428 0.13894370907739162
0.058489607589959615 0.034280674142220156 0.137943679491613
0.060476566323207324 0.0389043559222328 0.13895818509238064
0.06256172535008336 0.04309113715762134 0.14047656350912457
0.06520511132839611 0.04675547707665727 0.14244494147712666
0.06868607954014623 0.050040735226807846 0.14495485693222424
0.05380269743655025 0.0175766746873245 0.08098543490484951
0.05101684682535359 0.013357591886544578 0.07717792277055303
0.05067001499501917 0.011456032319659035 0.07654780883423715
0.051131444412200786 0.009350037200838837 0.07658857388562025
0.05041308807582893 0.007225394286110309 0.07600036158244457
0.050309455647948136 0.0027304682310014023 0.0759437114408968
0.04176630727800576 0.017381519075919213 0.10054103639598215
0.038321075013902244 0.013152741148678355 0.10380585367559272
0.03731524463032279 0.01072929544764367 0.10542041633082748
0.03567964018122436 0.006574993645861663 0.1069719038900976
0.03416335966659303 0.003991392426062529 0.10486941195468376
0.04469048165214889 0.009709163728192307 0.08173567670738767
0.043628161489596445 0.008089997546390303 0.08062840200105972
0.05549422972691573 0.031013974443487188 0.08737499716253044
0.06726970999149202 0.03317981509414319 0.0750322756913716
0.06698505672770758 0.028727389657125995 0.06431485704311965
0.06906105125438738 0.028840055555324172 0.058489557023770504
0.06468401682974247 0.026172390060097202 0.06090263596603173
0.053868913597600765 0.028683544252189958 0.12639114000547677
0.03772061369055347 0.017446260565164542 0.13107898709844007
0.05195083816623779 0.009865270998666539 0.16564895009953864
0.05348168443419877 0.02252620294378615 0.17909614099688476
0.062254593488993426 0.02067694630949561 0.15390895803474566
0.06313628900596988 0.030034421094498342 0.14940614513987255
0.06359120014969627 0.03351820101920891 0.14869067097427388
0.06430109326987331 0.036948694187975605 0.14859533980237613
0.06603056939643628 0.040283002164870005 0.14924141489335213
0.06926947293698026 0.043597953755529814 0.1514579742110199
0.07092780729917957 0.045799987682745694 0.15535640865044165
0.07146698556791721 0.04725023386258661 0.1595570262240525
0.07122195573604892 0.047362677183805 0.16208795982843271
0.06926265630271519 0.046480235286752034 0.16333117326677588
0.06727904537619447 0.04422198245138176 0.16372731516076708
0.06511988353010748 0.0409784803758081 0.1640520705010997
0.06328884605527049 0.037610120056786545 0.1648916865923172
0.062007574004499494 0.03439127150813842 0.1659893488388522
0.06130890174323109 0.030275005951684086 0.16718451218321062
0.06242413148241034 0.027556376675153992 0.1672829249932983
0.06325058038331599 0.024044523257465908 0.1671689972697638
0.06378391864306607 0.021052644681282963 0.16658297324019075
0.06398626365022193 0.018936806214207128 0.16560755729737453
0.06408538410593904 0.01759377409349272 0.16472987983805054
0.06382538276323396 0.016799712661355076 0.1636759550060317
0.05935468669487978 0.018610701273423257 0.1544003438882312
0.06377544140995602 0.016661375987946783 0.16181097431699415
0.06222275169309251 0.016473791535326136 0.15985839378427483
0.04963597919821433 0.017324356462845518 0.08468201546042418
0.04803759423494802 0.012802053713661063 0.08038646863667856
0.047528427750943396 0.010701456745801264 0.07932048023671116
0.04712866368955029 0.008812589785365697 0.07847268097110403
0.04716160853759931 0.006400430600921828 0.07857479431840442
0.04622071800614356 0.0019169838498017879 0.0787295133090662
0.0415018235043563 0.01647314551150079 0.12656379199211998
0.063131458922954 0.018947520359378373 0.15670202969797448
0.09849060765692927 0.03077925717780302 0.04378713828781537
0.10110741127250213 0.02841816105365656 0.04932965018840185
0.105709351 0.0227247095 0.0641484429
0.11979215813222735 0.05303266397766197 0.06403767210875186
0.11927068426051958 0.05593863233468436 0.06288300332001631
0.09738611274174343 0.023810915049300108 0.03888823851998934
0.10108557244121864 0.030298315660905368 0.042225180616830796
0.11465963865561317 0.05020852700314946 0.05626980696524175
0.10102269713356347 0.021085502752597147 0.043837045990880244
0.10544959233356847 0.02844766959392057 0.04697532422694456
0.11588225173849662 0.047291591933746754 0.05789299668927163
0.10913836092644941 0.03430709722586325 0.05045257018716573
0.10530554900156383 0.03836967014349568 0.04523322379938531
0.109094856 0.0177499979 0.0573265062
0.111284596 0.0226131838 0.0599013136
0.1132167 0.0271440924 0.0620525799
0.10411878157437755 0.002784662897884862 0.03156844662434469
0.10557355950805507 0.010315877554777886 0.03229188141959391
0.10818145686255887 0.014526469668321013 0.03223883498723266
0.10912868295354039 0.02068608571004017 0.03213134946002736
0.10836023290502558 0.02979403435662341 0.033887443090927456
0.1122588773639475 0.037392613597197616 0.037397234610910095
0.1210005129321146 0.05119293391517925 0.04668070035531582
0.12759751254817106 0.05680569901126575 0.05433433549388538
0.1064438428272701 0.0028726261914475766 0.033509391329891655
0.10718919498790819 0.00969297369959551 0.03360628557766921
0.10949053023031811 0.014502626395217858 0.034224441919824135
0.10939727550910389 0.020703454511294034 0.03386104809828227
0.11070594446429398 0.02885423372447927 0.03521638989463965
0.11474206363664297 0.0362634347587471 0.038288016425031914
0.12332602347820498 0.04937251471594933 0.04703075875335251
0.1287495651177536 0.055705114503035794 0.05408087129012999
0.112707803 0.00345619488 0.0375315924
0.112731086 0.0101689662 0.0380310287
0.114231206 0.014356434 0.0385360905
0.11594587 0.0192409865 0.0393644417
0.116974997 0.0268172452 0.0413490399
0.119693886 0.0334390198 0.0429918746
0.127291199 0.04538714 0.0480401271
0.130691863 0.0511600729 0.0548908598
0.08849736121982277 0.002585600006526971 0.037563246840838074
0.09039543835137376 0.010391873626482022 0.03871454245403782
0.08706269557783138 0.014964052170676211 0.040081847401828005
0.10471467672957932 0.06255425448149463 0.08452264705147983
0.10495551402178413 0.059976451301107264 0.08514508752456469
0.09131173156540441 0.020804757110369127 0.04526714426411165
0.08952020604680996 0.02338608955950276 0.04080363648841581
0.08597360376838256 0.016271768580710097 0.03693425418829967
0.08347279964275399 0.002630963457927879 0.03829599835314309
0.08339198237457188 0.0027069449063965045 0.03618052237764736
0.08547404832647934 0.010106723823522366 0.03903791581675334
0.08418642634193421 0.011085354482532846 0.036341228511867024
0.09486088604463241 0.0324818728359823 0.055108051135459406
0.09266590354304477 0.03570618329697283 0.05047149553613983
0.09082087662528036 0.026426767988793853 0.05135310382960951
0.0880624673618691 0.029011545104334752 0.044977149692804905
0.0862023273142418 0.045102392431306045 0.06751897321459334
0.08904002422424911 0.04273676198318119 0.06975069124651831
0.0833778004477022 0.03332117523898329 0.052251233686965826
0.08788786693224541 0.03452257493976913 0.051104052393173505
0.08550125831064538 0.03043240668149357 0.055863454988346606
0.08967945425100655 0.03155888257107101 0.055335992040218
0.0906547837286027 0.04662191462474667 0.06596980078962913
0.09496680401425785 0.04810925918595549 0.06409130780927103
0.09296872653676062 0.04379474393711048 0.0680478215740229
0.09683355421976385 0.04502300708523895 0.06638302079175885
0.0792389460736637 0.025751597483363958 0.04822517349962004
0.08342201367739828 0.027672605545153748 0.04584467134299647
0.08145389208820979 0.02345624322402205 0.05181675536319299
0.08592252169715381 0.025190933000428597 0.051166582468282304
0.0746569746636005 0.01911057116988642 0.04670152182837837
0.07933876447932693 0.02080151273890882 0.04390790775025972
0.07644971292894139 0.01762549202215813 0.049350373208146954
0.08134429725047237 0.018786023882105644 0.04740773496167326
0.07047516010381988 0.01339844893281675 0.04635042591391329
0.07544519354225536 0.014166411428828895 0.043116187713203705
0.07248218983139183 0.012801135353076655 0.047819958615838744
0.07701240405186884 0.013392287969236668 0.04488618283897135
0.06873432118206735 0.009859423947675498 0.04597660899467658
0.07350441328544292 0.010119765625983655 0.04280319815965572
0.07071751791876447 0.009267878779466726 0.047641865121038456
0.0750994560182358 0.009526631673607936 0.044569646360672226
0.06705494930990187 0.0027858631770508397 0.04561476629025317
0.0714254110414759 0.0028310193973560107 0.04264427546279994
0.06839040057376058 0.002548388473310404 0.04726558030875627
0.07266907373448818 0.0025175913655868473 0.04450235420569785
0.12448466111961234 0.056040257389265526 0.07639684535309348
0.1194597170100103 0.05833291201436772 0.07857088445165165
0.11239048444691241 0.06017211745618148 0.08169018859576858
0.12408577841678152 0.0630856587912665 0.07423589174488819
0.11901593028496475 0.06266560031154512 0.07735531553096298
0.11236279816057851 0.0631631746256853 0.08064651676013407
0.08616265640280192 0.058616791880526604 0.14112271070377222
0.08215330492201757 0.058672555296403285 0.13358595561791142
0.08431367546415701 0.06257716122167467 0.14046723108980305
0.0810007143507687 0.061713962852484046 0.1321708886229725
0.0790401853966064 0.056065433266188146 0.12488155229106664
0.07803380120962818 0.05827008073480016 0.12403777839257231
0.0917756709 0.0530355584 0.145395704
0.091198758 0.0485064152 0.135794694
0.0886135892 0.0443430515 0.128988722
0.07470953279739559 0.05350237427698571 0.14709785415952603
0.07365670518700164 0.054500682565513936 0.14686386939621945
0.07961506399985757 0.0574597185904274 0.15144936442998083
0.08034268463059745 0.05628468616912989 0.15176486962244326
0.0756388487036755 0.056225327977834576 0.14526780919549317
0.07629997206496404 0.05468994244276932 0.14543343453235352
0.08207941972284742 0.05817915525709935 0.15931267820348632
0.08289915145421399 0.05719020643430879 0.1593086136475529
0.07744989388127549 0.05625455346348801 0.1530086058511741
0.07828417816561833 0.05547198500694103 0.15319977279824828
0.09355511441024461 0.058422136195632406 0.09152936617911273
0.09891394295146072 0.06039255434558233 0.0884406387722646
0.09653392776175664 0.06757081262028032 0.11506076201739625
0.1019679115420987 0.07092898410093594 0.1123902254455127
0.1000559864721194 0.06889730687662023 0.12604981839167348
0.10506234583981842 0.0726110995150632 0.12404045845413611
0.10314866886479956 0.07063226176910588 0.13613102591588033
0.10802993439020225 0.07382629835682498 0.13460148376740189
0.09960392661118997 0.058298587796348736 0.08864540826367778
0.09439077612078646 0.056547670433235483 0.09191652011266026
0.10315260745995285 0.06794127106851065 0.11313210539034284
0.09801417081373372 0.06543934744734792 0.1154477599254444
0.10578917959873478 0.06988999397200828 0.12500997112668338
0.1007976577467296 0.0669708126800066 0.12687102301078282
0.10871586037862489 0.0709861625836421 0.1354028741938301
0.10348464706119066 0.06852889065483626 0.1368897762151036
0.11604079890109605 0.07267747878171019 0.17943775109105758
0.12180037411555047 0.07409831095441351 0.1790172813596914
0.11650529815894975 0.07106292693308727 0.1803076338633009
0.12195306092122746 0.07283092607392379 0.17979930668932423
0.09466784089590144 0.06446191002076186 0.13918762959231668
0.09376791155347136 0.06663667204723397 0.13854911766745237
0.09178561215055418 0.0629482269758263 0.12994353198719963
0.09095508866371525 0.06470711562880282 0.12934439880891055
0.08884267155551369 0.060810101043632867 0.12003224410363526
0.08787430285020827 0.06257172204519205 0.11946889306783864
0.07967502700691954 0.04908702931675237 0.10014218686853664
0.07943509697800634 0.050279935713419745 0.09968424019890887
0.09957591301959483 0.06720337546947198 0.18078565819907919
0.10507308204907918 0.07007101189671344 0.18012795748472732
0.100549515 0.0661152164 0.193806999
0.106434941 0.0687339325 0.193603114
0.117944037 0.0731095366 0.193466301
0.124171245 0.074578448 0.193308125
0.101319931 0.0651860893 0.194173689
0.107107971 0.0675507616 0.193902823
0.118330185 0.0709492306 0.193944896
0.124408991 0.0727700344 0.193885301
0.10040475421096526 0.06458975129162604 0.18153842789593772
0.1057529321406872 0.06721644983066305 0.18139707022119633
0.09047659920868098 0.058993941011717864 0.18281484092790548
0.08968418715124243 0.06157654100055843 0.1823930812307708
0.08230897149774374 0.05527908472692776 0.18220684896801773
0.08071905503304826 0.055759791898649574 0.174711760241796
0.08184669472325859 0.05699810623277865 0.18240174413498692
0.08013132328940561 0.05725859472953519 0.17482902941796202
0.07832536954315893 0.05541217117821453 0.16550132323774913
0.07743351253019805 0.05641324651366978 0.16529798376794377
0.07233490031863056 0.052507984730755 0.1774833659902485
0.07087876804022218 0.051753148195564064 0.175294097919634
0.07165285883595864 0.05381180442705392 0.17762683704378002
0.06996629525254056 0.052862409648819365 0.1749029080598062
0.07390625696707039 0.05177929403321342 0.18409543908404044
0.07319187352208525 0.05301700849256031 0.18438924337817564
0.06580122109059683 0.04582518948005034 0.18455921834360378
0.06501630042459008 0.04613076658348117 0.18044049811757532
0.06467822643795705 0.04739087694771375 0.1849295107586675
0.06253205910689698 0.04801173838968032 0.17914430459173186
0.06428722368782087 0.045012979397582566 0.17790192171134436
0.06240659713931248 0.046654274888630685 0.17690753903236017
0.05502866777282789 0.03266658519927462 0.18673250184665194
0.056743452311713835 0.031322517060278124 0.18632497622690006
0.0579074238 0.0261303027 0.195433057
0.0567394266 0.0269555816 0.195991766
0.0631089236 0.0356515702 0.193717151
0.0618023248 0.0368996185 0.194415476
0.0678369232 0.0447339104 0.19365821
0.0668810604 0.0459508885 0.194294179
0.0752830515 0.0507657232 0.193762686
0.0746472989 0.0519346249 0.194407402
0.0833377727 0.0552134163 0.193714467
0.0829064075 0.0565160704 0.194359518
0.0919173196 0.0584684754 0.194614513
0.0912822442 0.0598907437 0.194134543
0.04641456461005011 0.02005220071721835 0.09877382470167848
0.04754964232257976 0.01844090382785739 0.09701517524778609
0.04553982178572346 0.020756799929314264 0.0983665953349017
0.047116142020967686 0.01838676613624642 0.09582805053452882
0.049703480033811524 0.01826909843757341 0.09544448548000083
0.0495899577259486 0.018997830041162525 0.09549332182998203
0.050179534859977754 0.016847981923483944 0.09426309271350695
0.04939968591133476 0.01684405581425104 0.09118890303925979
0.05124616052002273 0.014693832372123778 0.09105401431434784
0.052249173012525386 0.015822899336223925 0.0942874795500587
0.0533465863048733 0.016436280212221457 0.08848012604674643
0.05155459204256964 0.018417189613306136 0.08778670048747853
0.0546249319692415 0.01736282674696832 0.09011944346625497
0.053374967528895666 0.016155681306804708 0.09336877481671649
0.053071381897859295 0.01860837332501129 0.09064211452064005
0.051041883536272224 0.01698494939936244 0.09352219606919591
0.044734997553574275 0.01880279153953712 0.09948027854830135
0.04601032696129615 0.016826467258221525 0.09735378220020612
0.04360669392244623 0.019366497051232 0.09898499294932153
0.04428780358128744 0.01753775152163791 0.0959744346813661
0.047478574107684114 0.02083540320783207 0.09848231115066279
0.0485954687025424 0.019942138780931075 0.0964424237369242
0.04666772562495795 0.02123809178098751 0.09798121061387874
0.04737075825761617 0.019880031150117803 0.09559650119427109
0.05070662937829957 0.016965581133281043 0.09658850163147878
0.05135402606752279 0.015519366311570448 0.09766112244176711
0.05001153697115 0.017895644636109972 0.09478350109999224
0.04998743174585115 0.01760975944855272 0.09487238968367281
0.052147633753056075 0.017863149024933727 0.09567898172359668
0.05011777060585125 0.018584009899505042 0.09555080610352402
0.050289967322306756 0.018875887436756136 0.0955626068769378
0.051614116002176275 0.018003742319490586 0.09664407280263802
0.05242050805486688 0.017887100624186688 0.0950439003621583
0.049949810627682514 0.01866594125129358 0.09515386920175092
0.05049827437321835 0.018735206822902202 0.09456924714777637
0.0530849723191501 0.01778086011253617 0.09468432982418727
0.04553519383831724 0.013751791003079796 0.0864175688195112
0.04923709172990291 0.011449232689026211 0.08724706985619493
0.05408137158959204 0.009429905894070478 0.09095439489269701
0.05849956336485052 0.01164819136683218 0.09338474054341436
0.0518438249641386 0.0034108462698741924 0.08685333998871246
0.04660941657423354 0.003636729274132082 0.08346403698445061
0.042458487162869776 0.004189436438959807 0.08069184395225806
0.038411928821524326 0.013557898842180656 0.09921770481310688
0.041295619421896815 0.013138782259070485 0.09874380636870737
0.045671097820348984 0.011760430490570685 0.10041989577650251
0.04220014203510859 0.014643055021601207 0.10208532997352791
0.03969849536321686 0.015091808317653608 0.10320595172713509
0.0518761195783448 0.010395098830536237 0.10514872582667169
0.04118372177113544 0.01607674600826296 0.10530740673436981
0.042207550592230934 0.016087678363302854 0.10541725282339513
0.05300312084406565 0.012338669056611138 0.10866286126251368
0.04013087373727039 0.012240659667363265 0.10065405891119059
0.04170121492008135 0.013894449936584174 0.10016661130269883
0.03751019461754628 0.012461682501612552 0.10229832134648655
0.0388059487546564 0.014467861484996673 0.10074485014575019
0.04502365006400443 0.010299768018395576 0.10130718451879564
0.04623720726089252 0.011963639610322627 0.1015371974661724
0.043892907728799724 0.016462814528882305 0.09895709957316293
0.04142851555788723 0.016304872034562518 0.09895384347983802
0.04777635482753637 0.013716545749915588 0.10115277675139162
0.034844127869753605 0.008214162014949362 0.10229847569101043
0.037597992115042805 0.007470870639164626 0.10121031062567855
0.041368405776320824 0.006676204861110437 0.09981782397679993
0.03626118983125293 0.010295208896411888 0.1038406794297626
0.03877720469375108 0.009951052404000255 0.10211639421326468
0.04339097368993278 0.008662895096026973 0.10109359164733546
0.04354547611913166 0.01860752794004397 0.10898651792202665
0.04484427398531251 0.018813732177937834 0.1096211766880487
0.055873325320294674 0.01553324760701241 0.11428668453399156
0.03847235055533161 0.00799128391344271 0.10444775146760972
0.036222023860985345 0.008751760785061648 0.10640349144525095
0.04843226538871748 0.005919133355821529 0.10262098187769568
0.04186078365420291 0.0064742546355695966 0.10089911517750363
0.038093778682287166 0.007639852004152957 0.10288452031379476
0.04125134271504037 0.003805682518293812 0.10059169792497873
0.037114768139374164 0.005357922901224071 0.10278417884903542
0.03572358057134279 0.008783858400655157 0.10453941292824352
0.03445028471584318 0.00661399886232257 0.10485711183915698
0.03932209395582416 0.007799236078066725 0.10889168684737671
0.037640231129499366 0.008847259114296926 0.10923851506647932
0.049682558306362 0.005829266090788339 0.10662866644303037
0.04066224757756655 0.008094774342105062 0.11230129395254478
0.03848129595369339 0.008249388741393582 0.11304847027644438
0.05146048463436711 0.0060116397246826716 0.1114315705512088
0.045586719644960604 0.0040108161899067435 0.09997040691394934
0.044779265212140186 0.0039595838110527085 0.09884184938664992
0.04391165624346948 0.003254720754877454 0.09759083312980629
0.04341432938755662 0.0029694866205725477 0.09673956240174138
0.041117450271755486 0.0033772632021043035 0.09537777933498039
0.047374995263313804 0.0056422395783726495 0.1009523591202053
0.04647898589365954 0.005533243868894604 0.09951610437793416
0.04576461613667634 0.0054743816757858756 0.0985676706087999
0.04481251358831879 0.005232096123539941 0.09760604920464774
0.042488723615665414 0.005182046490602709 0.09589822726278813
0.04422041729621537 0.006395250178096909 0.09676387116914659
0.04909012706571831 0.006999437716035484 0.10188178696605782
0.04821310403916028 0.006851318188053983 0.10048788968685783
0.04724382724740126 0.006773010569782952 0.09931698739053313
0.04654910310612724 0.006567783266929076 0.09840135869475351
0.04564392034239027 0.007679029347650368 0.09725345110520603
0.05047321439126411 0.008889491650924094 0.10311795982756254
0.049700862021342725 0.008598066928795684 0.10173012967486994
0.048987084469250444 0.00825039536953556 0.10046491705083474
0.04818165920844495 0.008020840925392495 0.09934183149271375
0.04813592221924491 0.008941967998042609 0.0984323914197472
0.051691635533196854 0.010274621134034887 0.10363096128680689
0.0512972739386095 0.009941452839321366 0.10243874210796676
0.050557933041957166 0.009537542590274516 0.10147182768124187
0.04988548998241216 0.009243303865839592 0.10041667119506036
0.05038150443102578 0.010652138864546686 0.09936831812028306
0.052492203936261986 0.011761955762238162 0.10356999129003658
0.05220421621625184 0.01142416835770918 0.1023917706091569
0.052029953145566646 0.011087512088292947 0.1015912397754999
0.05173713246289862 0.010706128075332706 0.10091542908530152
0.0533202770603393 0.012760028509826308 0.10680909699831083
0.05232741770869014 0.011102582063835709 0.10659476719149644
0.05119898182004176 0.009234069567615062 0.10676001517707694
0.0499907103316151 0.007190797549326168 0.10476228454457959
0.0493490740978207 0.005422992446073104 0.1037362563782832
0.047789453836036076 0.004231641789168507 0.10279852807374955
0.046775401141505 0.0030429638081182664 0.10220682706555938
0.03636502017597252 0.0031720789309434387 0.10128818906661084
0.033119267922002205 0.0035675261024765044 0.10313206241545342
0.03950045285384014 0.002032713361985707 0.0995999991457277
0.03871966544104023 0.002171005186921503 0.09812142363138929
0.03818214342938486 0.002225123737313934 0.09695606116609085
0.037650534523896745 0.0023230907600477104 0.0957300676788793
0.03709879973335169 0.002272938597567715 0.09447079691404653
0.04015694149221446 0.001979450727870996 0.10072500576980896
0.03948400522523711 0.001264836836207134 0.11319858446800068
0.03850294151202007 0.0013346607016569646 0.10912610890857666
0.03728178043256372 0.0014947781446783142 0.11457331408423481
0.036701751007705535 0.0016699262877856208 0.10989119303196333
0.05000654675410757 4.8434004996101106E-4 0.10943458599704971
0.04900268043521283 0.0013147977774539577 0.1050317124279172
0.03653762327057021 0.0013993039208384937 0.10306484869204063
0.033908964382363134 0.001955600193953221 0.1048634007801614
0.046747640286644083 0.0013630087315069524 0.10170352555129888
0.04568076158587234 0.0011584883675241952 0.10028844431112754
0.035746292929021796 0.0013793561058180704 0.1005248059679663
0.032609616233281236 0.0018781082842328543 0.10278643061471994
0.035282650612161556 0.0013023540603970543 0.09965896069915413
0.03156937929070212 0.0016520686749356705 0.10135734241875514
0.040515720770902444 7.49862313652885E-4 0.10039645074913295
0.039816140096891516 7.724143805053104E-4 0.0992964283571498
0.038913822856358575 8.235087457818738E-4 0.0977439667405569
0.03834776762922459 9.541886177227778E-4 0.09657714272688418
0.0374913592692431 0.001051601758216445 0.09560541757505127
0.036588562534045375 0.0011448206634818879 0.09457537982075752
0.04274882639290744 0.0021095491363597144 0.09585459289246397
0.044906330911304256 0.0026633247127513552 0.0993380222075896
0.043981992449665136 0.002173078584732117 0.09793718964238586
0.04342194146050113 0.002100427020804928 0.09698776383930449
0.04019663778196055 0.0022264570962917587 0.09496245667578024
0.04208331260396048 0.0011838614054384183 0.09517275061798697
0.044707972431745305 0.0012343714693834056 0.09923324644543369
0.04353812485100309 0.0012201896832778844 0.09759212757150157
0.042919151919934014 0.0011742232590375135 0.09649011241738238
0.03928319880006545 0.001217921159633711 0.09413547066304742
0.05333469391469435 0.013691934036674194 0.09790534843716656
0.05606085574265264 0.012957313148302747 0.09632257163854588
0.05215519280576635 0.014427886047729332 0.09866744055890543
0.05874634856899932 0.01315708900672673 0.09539157131457145
0.06022137082843619 0.01394603590865958 0.09457606227796482
0.05167385001017478 0.01363417388286835 0.08504682555065336
0.048584454315693866 0.01522055448632589 0.08211959951459762
0.04969123205470667 0.003164622465233538 0.0814892381546066
0.046956937793897584 0.004068799541719022 0.07882324006693113
0.05832329886498468 0.011714393074676324 0.09000921738456993
0.06054373591943576 0.014059902789084824 0.09186513406706857
0.060759948623172 0.015594887291642644 0.0929271460332539
0.054172654833541056 0.0035351481298417026 0.08570393744742433
0.0550806741917813 0.018360960076513187 0.09172805818453898
0.05416159043029487 0.017818042930208212 0.09395035831055612
0.05348515804073484 0.01897206846309277 0.09203919178392929
0.051170672190050094 0.018822472136386943 0.09388012156366086
0.052795913372598056 0.016448642777672242 0.09808821407468585
0.054117836687734754 0.014571526346898149 0.0981593940795123
0.05667271492769489 0.014085139803030836 0.09721373104340411
0.0588719699684659 0.01435895618078607 0.09637252272412378
0.060034396690296504 0.015466097870790705 0.0952256956860122
0.06423277448666916 0.014852888324683828 0.08931057417051305
0.05485678966600601 0.014937237386651186 0.08149590632740467
0.06072659532811087 0.016959254535364725 0.09451000085340108
0.05082668671836433 0.02056889117884247 0.09362842715438875
0.053655582047926156 0.01945960066014937 0.09438435394445212
0.050748770592678565 0.02059690959042811 0.09393444811406944
0.05296298295857952 0.019652453828669897 0.09482436448775206
0.05087450329347114 0.020528122768739266 0.09427483638630073
0.05330735360357554 0.01892610843317106 0.0954536614930833
0.05124898634130703 0.020273217590426246 0.09469608090850334
0.05192685988694433 0.019687324572479157 0.09538130376189902
0.05401489793654216 0.01678760168386919 0.09777534582827076
0.05541116753090199 0.014969890143525413 0.09853507979120096
0.05622481499942285 0.014779584206658992 0.09870580816223681
0.05731516745574484 0.015354932257807144 0.09822457299827826
0.059562720896638596 0.015590513265597607 0.09692685249178251
0.0603615551931191 0.017043647081392742 0.09668090273064914
0.04538281523845757 0.017916622096578048 0.09848412003846516
0.0443782141823109 0.018354374887597658 0.09742195234554438
0.04683277532721135 0.019086360977800233 0.09795037959050042
0.048055840216134384 0.020535789536013215 0.0972315859795915
0.0462406566859009 0.019572051650197667 0.09716391373622481
0.04712138297533854 0.020689830243301732 0.09668186941300905
0.05157922627748484 0.011959531991560083 0.09936415901522809
0.05238986436695313 0.012039696990691509 0.10097245441346195
0.052436764189348936 0.012095352982721831 0.10168072334012591
0.05249447152629514 0.012340632582667047 0.10247506479330959
0.052839987004573125 0.012598762031045253 0.10382844313758256
0.053263419291210555 0.012944823689689236 0.10544518250389542
0.04880826956371338 0.014786611899503716 0.10033029501990273
0.0489280064150243 0.015150166747262078 0.10121690876883299
0.05378975556090994 0.01392817676890836 0.10651492039857009
0.052214487467655606 0.013369146414865122 0.09913830529832457
0.0527208966860688 0.0129557933998956 0.10081930605699818
0.052867445963796986 0.0131810504119283 0.10156290756017983
0.05324983392095181 0.013832635064127881 0.10259826679931063
0.05432560554523198 0.01510371705624834 0.10420219108061207
0.05508353526886434 0.0155581539429374 0.10549923505750579
0.05025477501651394 0.016202366603199753 0.10021202650449988
0.05006628032901542 0.0166092673157643 0.10109099471435683
0.055471468154046126 0.016164526551152476 0.1061463941035238
0.052484092390555875 0.014617200770911415 0.09886004671393166
0.05326763445042131 0.013678873760237195 0.10051862759024319
0.053620908962425745 0.01427993585105006 0.10151393200161067
0.055456208331267035 0.016226924033097213 0.10315583862203523
0.05722392403527556 0.0180088843453383 0.10462484553805598
0.057359109654018824 0.01838101761787586 0.10533443274693483
0.05140885705185235 0.017722204252681895 0.09994462299214807
0.051372433054465 0.017833087833549276 0.10093133108663119
0.05754692360257191 0.018717769942302218 0.1057861718553414
0.05164364575832955 0.017469200342718514 0.09915309765049081
0.0519807507169111 0.01692585978773689 0.09864136643375937
0.04996623049320776 0.0184397353489069 0.09553819714457387
0.05599544294583037 0.0019486858599033657 0.08736465128797817
0.05361246873601114 0.0017545180805665396 0.08910653388053777
0.05225381535102018 0.0016353559733282268 0.09031252614160333
0.05044336347813558 0.0016425425019033766 0.09137977369435439
0.04689426241159049 0.0012820875000530568 0.09265474541756621
0.04375395006065091 0.0012499720723001273 0.09408288801121448
0.05647033541656694 0.004054304422856919 0.08795750424499738
0.05455814672647892 0.0035689017481021048 0.0895799305931486
0.05280223474674821 0.003266850018136445 0.09032456591696013
0.05033467028270652 0.0026736624274254833 0.09148953809227468
0.04685631286782015 0.0023521400634876357 0.09354199803368522
0.042683804749854656 0.002838610425935707 0.09441116128623572
0.057009943899686506 0.005735753230322562 0.08801566679974361
0.05518779596745206 0.0047640101086541655 0.09000939184305824
0.053238723198995065 0.004206141901183902 0.0909373749721047
0.050147223274363814 0.003769204944029398 0.09218235553544103
0.046751279793657396 0.003561877567181093 0.09388133317596539
0.04255159297371423 0.004203402857695797 0.09508346944458486
0.05740080452886852 0.006360965427788128 0.08809306027838874
0.05560111639688781 0.005676553361194838 0.08986002153788873
0.05295534521744503 0.004585674514159683 0.09192002124189871
0.05048847740425362 0.004634550724071978 0.09282015015780952
0.046858104102163914 0.004656351199020362 0.09452123981593297
0.04313303181764633 0.005734482785712155 0.09622395394265071
0.05946292746222854 0.00973396633571887 0.08884700715718764
0.054874135971400034 0.005456665421915533 0.0911410128279561
0.052677836910706335 0.005695386501646864 0.09215664286145057
0.050777589952189756 0.005180609140358938 0.09334542176658923
0.047335706651585534 0.005529358060142255 0.09516449511942061
0.0439763056852981 0.007108373753100906 0.09656404434580884
0.059581836709913245 0.010760771058727078 0.08960207999371929
0.05489115664881027 0.007211900463939415 0.09127010948636903
0.05308687294083075 0.006748864668182185 0.09229202280663135
0.05135484535715775 0.005899824647180893 0.09374418888397175
0.04849141712859607 0.006451414593505077 0.09616183949627284
0.04477113392816699 0.008514579019632576 0.09692089503538813
0.06019690003109839 0.011911289672149501 0.09022200033010375
0.05669278451796297 0.008665273353659464 0.092579016804044
0.05432300648826722 0.008069305042743476 0.09315787075780639
0.052732485785325287 0.007359395305897735 0.09435446251320292
0.05075379335223638 0.007803933740945932 0.09754440525689786
0.048378761218347964 0.0090203056130139 0.09854336728363405
0.061171820618011616 0.01278836734995346 0.09116620459842723
0.05799842332023379 0.009969577686699944 0.09307320342678196
0.05589629690361318 0.009397479542068139 0.09399678900197392
0.05432998558544255 0.008687161941982732 0.09528384503761049
0.05273144114567134 0.00954950725589999 0.0987023675213722
0.050864276373902145 0.01038391136419044 0.0997119318930607
0.062108123924271175 0.01386713103970689 0.09232211560966677
0.05963544102959622 0.011816976562143422 0.09369848312410518
0.058388941826937164 0.010271697963967232 0.09508398167859224
0.05581066789548452 0.009602664351416126 0.0961634695365569
0.05326893496066709 0.011387801436900323 0.0989568248230898
0.05207671001367675 0.012262583413371227 0.09948153697533296
0.06216528152670377 0.01560159597848288 0.09335630728301388
0.06127033392043196 0.013085257764525496 0.0950594101568506
0.05953170741676833 0.01225541117217629 0.09624357253354064
0.05666638289109093 0.01135378997524019 0.0972750542708416
0.05372007194868305 0.012866054903321914 0.09900438699275663
0.052786614104110875 0.013659345085040488 0.09953234894854186
0.062113375669787946 0.016448189663370392 0.09498834811744493
0.06102961325112392 0.014340665232725036 0.09576562303099362
0.059631102113343944 0.013481433941978186 0.09708173879425566
0.05735471362785061 0.01292951688811744 0.09843952852933072
0.05461595565717468 0.013280530932254378 0.09935009781284374
0.05344820351472985 0.01433996964314583 0.09985679521122294
0.06144971249060492 0.01570627030381493 0.09738641452121059
0.060870010854230085 0.014891400367552165 0.09787347171921605
0.060056680775813824 0.013847506697364906 0.09897086548319502
0.058168387560275266 0.01341084298162385 0.10003658484204815
0.056474101317978316 0.013427545071973425 0.10023414301084717
0.0542796673432291 0.014712763686134287 0.09983814734923281
0.05137131638363091 0.015420129095202625 0.07806213739705797
0.05969594539219491 0.018559020319299093 0.07909250266763243
0.055305855903323715 0.01942197462702248 0.07556541380765318
0.06105511305950155 0.02087437427130197 0.07298612531327589
0.058841328306918045 0.02169331795209725 0.07262766732633945
0.05993787242229354 0.023842195487411625 0.08344390900672952
0.062790403472588 0.026985964927083963 0.07757028768135438
0.058236271254140604 0.025086697736167323 0.0813016481425477
0.06123853354487125 0.02775533295325403 0.07711391770239774
0.05576709963807332 0.01998744504553658 0.08594822566994205
0.054192060558565826 0.02084171618027425 0.08431178581916841
0.05637190434305768 0.02122317935477577 0.08767270391918791
0.05977053287715554 0.025323163744236765 0.08516135127462186
0.054314087559277836 0.022136039005859 0.0863113720933374
0.058480092227010436 0.02660588914083356 0.08314281582020049
0.06310403787858311 0.028970814914563756 0.07945237107309598
0.06162337980110922 0.029714188354563093 0.07855050667066285
0.05986798413960219 0.022284665982600736 0.08202145159539467
0.06289953855586583 0.02588728228044055 0.07600243178979756
0.0577676440097065 0.023703817845594822 0.07952693631608983
0.06079397062033836 0.026026883216548603 0.07530683903152795
0.055368282039831254 0.01867038096135491 0.08433318483551307
0.053795973480109574 0.019498089231733396 0.08239229107348991
0.06494852378966334 0.017234115477035322 0.09398317411980636
0.07183190852436849 0.022131223565942753 0.09295349929241264
0.07703121718975432 0.024319640546022456 0.09112478019769166
0.0650243042862948 0.018277968474195164 0.0954962276624478
0.07213472335017475 0.021773436800858168 0.09549055773943722
0.07763252973494607 0.02485042625456813 0.09453325419140532
0.0645840573661418 0.016502030590836957 0.09224517724013687
0.07113158262098275 0.02108545876969782 0.0911097630224613
0.0758914065933096 0.02334140820305548 0.08837847776584612
0.05051623574450115 0.018525915779149534 0.09493825445234369
0.052412393239317845 0.017228002153472772 0.09651763199607902
0.050293245958479955 0.019346663711442457 0.09487435103383812
0.05255106298269945 0.01751162692459919 0.09763051328809617
0.053915508410792116 0.014272092592156125 0.10058012606429194
0.052802263480683016 0.014852793774914816 0.09872553141523334
0.05023291702423638 0.019073103545538594 0.09433547092603749
0.050387754420743 0.01884012174733065 0.09431561659699544
0.04984816248655747 0.020129888342801053 0.0949373541498637
0.05250181289355883 0.017988057264043518 0.09825322353392173
0.049719339507803 0.019594248851934563 0.09431256223897073
0.05434504508314074 0.014805936122715855 0.10135408846164073
0.04943924148441867 0.020867066710066762 0.09523136552422422
0.052320850027825924 0.018289116242857905 0.09894897984946265
0.04890609972013984 0.020434720466833606 0.09484429044075095
0.056359263451777566 0.01689270392681326 0.10290833118172246
0.04912726266622409 0.02150391418484354 0.09591461075543285
0.05244900650975027 0.01843028900936966 0.09994327363596352
0.04823783209486996 0.02119569352339385 0.09500645756556524
0.05814148321238652 0.01882820717249884 0.10371715851080962
0.04886451144985084 0.021873249671484157 0.0968562133981118
0.05262719226967875 0.01874101619880614 0.10085251232063086
0.047927950269376934 0.02196760068206222 0.09608409721765829
0.058605228921183694 0.019270437623221517 0.10405899605556393
0.048373676844900855 0.021855636407660244 0.09796470101686053
0.058898116589504765 0.01958127436221531 0.1046911352458798
0.04780553966753435 0.022400230341159934 0.09719205415243504
0.05114629087853203 0.02063667655392689 0.0949527358740095
0.05394459380744119 0.01723128409261108 0.09824760366015817
0.05041150124114586 0.021001876961847157 0.09429613366823637
0.05530065043603236 0.01500901797162768 0.10081107192936192
0.0505763162935889 0.021379071546554766 0.094652029542809
0.053856254958928 0.01754563128517346 0.0985288515227507
0.04997210951904536 0.021346977709064716 0.09419639401711316
0.05595856915625978 0.015718310048146555 0.10132710399652414
0.05025107704268873 0.021840267317426353 0.09470677484514008
0.054143202740736106 0.01753861564744713 0.09947129171261324
0.04944539427826716 0.021687825945720576 0.09411883784546579
0.05737188872773788 0.017746050399233368 0.10228007478816424
0.05021779597923669 0.02234316468217011 0.09527892731627755
0.054542981713659226 0.01817402323443917 0.10000393215082971
0.04929495893993066 0.02228755658608656 0.09441024341831068
0.05962842929694695 0.019542067806060177 0.10294930622205525
0.04998893101032485 0.021394611587619954 0.09319250624476576
0.05182228854699615 0.02111618997800317 0.09392540901509752
0.05714445733513344 0.016433023324190832 0.09989645362727215
0.06000166369143404 0.016266961681117652 0.10139896559970682
0.05052119287817801 0.022655998961462483 0.09646186431757899
0.05596837092650831 0.018892106601252127 0.10081114596961938
0.04937386513691367 0.023205514752629452 0.0950268328355335
0.06060597398998508 0.020120539721419046 0.10368639872154918
0.05020633344930448 0.02200098875104052 0.09230172374954271
0.05214292221086724 0.02184823707507437 0.09326410750720329
0.057424648875918055 0.016429160379244946 0.10011354990874403
0.06290806015353116 0.019056983244164803 0.10160058471270483
0.05087482632445806 0.02312510481905413 0.09740821670609297
0.06067162232800062 0.020140545466029558 0.10383815295054682
0.04942601094518379 0.023588269832087446 0.09580754629429483
0.05160405626396872 0.023311585825126234 0.0912632869929378
0.05348041939815788 0.022594379378179468 0.09291524172796586
0.0623040498052584 0.01945371818480174 0.101395417621648
0.044182642945309464 0.019727946440799744 0.10196526465295776
0.043169136640283524 0.020355846236362725 0.10190851735259962
0.04619088344610156 0.020430583333915182 0.10122772795133363
0.04499730979240824 0.021549776421065186 0.10051194284624518
0.04804438233146709 0.021202797532642714 0.10104894163231724
0.04645086269987167 0.022171521347407984 0.09985736617867129
0.04963977796741494 0.022337591796944396 0.10036380876914024
0.04790190341394355 0.023561235064221316 0.09855621009263679
0.055290832217732115 0.015661275910878843 0.10830455236249346
0.05677299673924155 0.017267057857571565 0.10780874362065682
0.05852336447334853 0.019697099626452285 0.1069249014523161
0.05968161721832014 0.020464967124665147 0.10648451428898861
0.06136882572493259 0.02046781232262472 0.10558796820982612
0.050562520005628164 0.005133271088089353 0.07604800081889633
0.051243344379947285 0.004956559016923664 0.0724722708210329
0.0498925102848985 0.005203051513255598 0.06812970005510932
0.048869745706222496 0.0056119100891475465 0.06494502503647853
0.04903526801569465 0.006109978936434473 0.06242653206797626
0.0503680204689932 0.00636556878058271 0.05929257526089334
0.05310097404227699 0.006438155697268928 0.05442999087738112
0.06284464758251315 0.006030161397286144 0.04799046373599173
0.06766886773221356 0.00579801709707087 0.04598395532211427
0.07214334652035786 0.0060915881193497065 0.042642346652132505
0.07767109667668678 0.006134539699976716 0.03926291843612565
0.08354989955774766 0.006510679024517653 0.036139953434986036
0.08819992381634287 0.006755275180662662 0.0349186658443848
0.09159478784689214 0.006903485243590479 0.0344213585480653
0.10749345209610428 0.006357062480382706 0.03360823292191691
0.053033874900404065 0.0034406623014610472 0.07860800009086846
0.05413864530434579 0.004450062989203441 0.07358331553544901
0.05261782081218295 0.004929551562327486 0.06902018932974471
0.05124861607492464 0.005317689334201228 0.06528849766863695
0.05114263966547421 0.005839154571091886 0.06304426247790737
0.05243427578876159 0.006005733336660879 0.06116855013077372
0.05573232763936529 0.0059430661505480925 0.05745359890661373
0.06456145565396067 0.005627252862138007 0.050238661405473714
0.0691517479809461 0.005749772015940693 0.04743002829453357
0.07336221147442844 0.005784995375210955 0.04420723823105112
0.07832282895885383 0.005916219472666059 0.04112015626796686
0.08401495527441251 0.006003792844648519 0.03845317986806899
0.08896200172931129 0.006037066458460062 0.03768161592912899
0.09384904023491118 0.006339184189636147 0.03765945581836038
0.05979997580814186 0.0046624645607012665 0.08380067604552854
0.0621600298292368 0.005053720845247673 0.07919335239236089
0.0634787877997555 0.005105903553302051 0.07460820405860406
0.06375768860965868 0.005035840009714917 0.0699068518911423
0.0638349383 0.00506651384 0.067130557
0.0637772542 0.00496064089 0.0643099836
0.0636194431 0.00467075976 0.061077004
0.0687089123 0.00552398616 0.054571133
0.103647418 0.0055243004 0.0522292859
0.0875512304 0.00562569855 0.057146991
0.0744824568 0.00278186308 0.0567282334
0.0816909888 0.00246592907 0.0569248222
0.0918479291 0.0023308376 0.0560342042
0.0966824885 0.00231168879 0.055491575
0.0748288749 0.00532100669 0.0563278518
0.0811973294 0.00574974923 0.0566875992
0.0943523083 0.00557093151 0.0564846847
0.0992140047 0.00553757993 0.0552947372
0.0757274163 0.00842965351 0.0562794747
0.0819304192 0.00844788648 0.0572072355
0.0953903872 0.00905506033 0.0578352288
0.100454528 0.00902170055 0.0565715127
0.07774715 0.0120340015 0.0572022293
0.0836595137 0.0120803683 0.0584294072
0.096965782 0.0129824544 0.0597643363
0.101896341 0.0128956478 0.0586676072
0.0814314809 0.016100931 0.0587337729
0.0872858183 0.01633731 0.0608764397
0.0988101698 0.0165888757 0.0623096115
0.10517329031704058 0.00630450455043142 0.03327735732069199
0.112715307 0.00654408403 0.0377532574
0.05504428487551604 0.00324780195654463 0.05113285931409782
0.057996272331953314 0.003042518108317361 0.048997499304962874
0.057957836484332934 0.0028511660162628223 0.054603527053536556
0.0603673068178969 0.0027891441946985757 0.0519506401542353
0.0635153591 0.00230852009 0.0591456033
0.06491492 0.00260489215 0.0569100145
0.05597127050222944 0.0062245362631487096 0.05136725866923283
0.05907268076240968 0.006171332873712723 0.04907199251495798
0.058468150443767554 0.005689214733641908 0.05440810651177141
0.061223425587409834 0.005570050419491224 0.051905921052784236
0.0641665107 0.00483045054 0.0590127507
0.0652671247 0.00516894345 0.0568026068
0.057813445160693915 0.010261819420853286 0.05157005099441903
0.06082587741573723 0.010060952551510854 0.04950521436963332
0.06050192349577534 0.009039449620982716 0.05471718861248333
0.06346484291688184 0.009064612534831476 0.052312032076922754
0.0652340502 0.00777124236 0.0589135343
0.0666893883 0.00811133313 0.0563003266
0.05962675011778151 0.01320824707100153 0.05190942816752963
0.06268618010139011 0.013048090253334999 0.050103998245635196
0.06514083472587237 0.011990398603281875 0.05247526379926699
0.0695523759 0.0114626265 0.0567485953
0.07303562381219872 0.018667446433117924 0.07617876379370869
0.06914528141077149 0.018648237118673628 0.08738778132234118
0.07323864998143348 0.02052518107635185 0.0829703921333699
0.06330164373742626 0.0174459990522149 0.052788687499577804
0.06623968671688496 0.017647418916026558 0.05066233658126554
0.06855612111623302 0.016306428267209603 0.05299488367313477
0.06750705628959719 0.023742877726071032 0.05381381516992081
0.07099007067134844 0.024062089844420303 0.0519398577937424
0.06915867854985633 0.022779966953087403 0.05562137002802697
0.07283996176686258 0.022634365972014153 0.05401331647259652
0.07313949754916321 0.029478544525868462 0.05731502047670726
0.07651082461449342 0.030171283587982753 0.0558617962114354
0.07499102972119776 0.02752985562916037 0.059376275224436656
0.07879057564288376 0.02801783909391847 0.05834438041751412
0.0732099259 0.0154745617 0.0582496845
0.0752992163 0.0197820439 0.0613269157
0.0781956075 0.0206069358 0.0597924978
0.0804882119 0.024120554 0.0673876028
0.0819629546 0.0259741219 0.0653939565
0.100876244 0.022886127 0.0651472197
0.0956873382 0.0222390109 0.0644673153
0.0901515812 0.0215665509 0.062875186
0.0860189399 0.020949288 0.0601398425
0.0993714424 0.028800145 0.0666810364
0.0935288787 0.0281538632 0.0631825681
0.0883825585 0.0277715491 0.0625228737
0.0754165181561041 0.021184157722911323 0.0789844784437584
0.07230179016513363 0.03162979960533458 0.06293102062885453
0.07291885603061764 0.03510137806855397 0.06745602001099746
0.07591379029998574 0.0336617418958391 0.061427062231070945
0.07736184921315978 0.0373283189885071 0.06615457321201254
0.0794242099658713 0.03567592942197398 0.05992513562779242
0.08139430707563323 0.03976872452101723 0.0644487065873236
0.08292851110790095 0.03762164572908536 0.05813311757196441
0.08536645546920972 0.041683464926879375 0.0626248326640503
0.08706751160452932 0.03906607021516129 0.056281133959723145
0.08938173809663522 0.0434777655171171 0.060541044478702406
0.09150227181185269 0.04012468610822052 0.05516583402773544
0.09371947349642534 0.04454307577539677 0.059312197929311
0.0960286169429008 0.04081234097216946 0.054045584987030715
0.09833711568743311 0.04533716195685687 0.05806136092169241
0.1010049730664243 0.04225941224765742 0.05212132731006476
0.10369362617630658 0.04616003676591676 0.05688521409775061
0.10570244021076967 0.04257124215967131 0.05050778478415163
0.10858276264671474 0.04620578774615349 0.055098290348164956
0.10922011383458512 0.042159256715764294 0.04938059215282421
0.11217205183808666 0.046124781712723065 0.05282706926805979
0.06783101691405588 0.030610483368176924 0.0695241174205125
0.07408302152648955 0.03000889067890275 0.06471078485490976
0.0750919261439568 0.03291648133394414 0.06953190651211098
0.07844788723773474 0.03175254072388831 0.06384138709447255
0.07999311707905764 0.03538473575407428 0.06827439763880934
0.08179547974326483 0.033612064977085694 0.06246180748246093
0.08387214110671362 0.03753686317242347 0.06684573991734709
0.08523398933160262 0.03552601733478689 0.060863741233509995
0.08783304281854354 0.03952473917331173 0.06495576282176843
0.08953553538631993 0.0368663857057371 0.05969683824615481
0.09193014166456975 0.04079310509265591 0.0633854047138068
0.09353777493496798 0.037513026264898774 0.0587551486026564
0.09567214233299422 0.04177438837125355 0.0620517215040253
0.09787716393354333 0.038426596610903904 0.05711008373231387
0.09984206108533343 0.04287667386385312 0.06023488626857111
0.10202980197671942 0.03953249860205394 0.05562948265787412
0.10418343969707389 0.043872887173930106 0.05876970907484549
0.10653994909645509 0.04008962775232541 0.053837992081243846
0.10887329296437825 0.04392739416891044 0.0570241421506708
0.11174219792946485 0.03925058832791632 0.052848174635406094
0.11376452186145519 0.04330596386317252 0.05518542612350898
0.07001638691095848 0.02924402512533205 0.07112999719099375
0.06330873949911311 0.027158640521829622 0.070780367308101
0.06553559665429531 0.025800921223831312 0.07263706953992789
0.06325305910436776 0.029650866827798345 0.07640124656312273
0.06485174253064373 0.029226224602719703 0.07768261750803854
0.07264953695287284 0.03856466041453804 0.07903581724184684
0.07210878062890327 0.03999077476675973 0.08424792349723985
0.0782210987952562 0.04147667106958379 0.07703836844892677
0.07810732374808058 0.0433874263000512 0.08234921341876045
0.0829998735058712 0.044641727185031 0.07491484901257763
0.08307984376587564 0.046647558393392206 0.08014173192137784
0.08708006941672068 0.04730404342796151 0.07300911170147424
0.08767169299648211 0.04952180751795457 0.07827090379034987
0.09164630116342033 0.04910686634113015 0.07141316232863418
0.09246201539970136 0.05147749617742024 0.0766366168163959
0.09637002420639934 0.05079333811691879 0.06966375178581669
0.09732968305157455 0.05323286303768194 0.07452763883052119
0.1015659216036357 0.05246627511395801 0.06753222599686322
0.1026218192108492 0.054945741250174006 0.07172647521938788
0.10742341768113216 0.05274680945852538 0.0654702454699283
0.10889745388483142 0.0550282674563473 0.06914700798653765
0.11267018991367804 0.05261376702602532 0.06304942610171574
0.11441038436028615 0.0551622900174928 0.06634771801009945
0.11708596963009998 0.05339789750911797 0.05925665482976096
0.06657299851913623 0.035015975476108484 0.08081767223385036
0.06513094650308064 0.03655686670379412 0.08584909707568693
0.060404773490739506 0.033201000434381435 0.08633303248177865
0.07421305038029655 0.03768384250523604 0.08081003381162678
0.07330010940320755 0.03925753345961152 0.08561703522063828
0.08037161505765553 0.04042125908759813 0.07903719809009242
0.07979206096705899 0.04240307955789419 0.08335397923989797
0.085559512724173 0.043365559374877294 0.07661230572000498
0.0851159736772507 0.04554401615113137 0.080797919595187
0.08969572070798645 0.0455397501419078 0.07447076953426489
0.08975541695902248 0.04775645933415324 0.07891850620061283
0.09363543593162746 0.04667710941096397 0.0732335061931534
0.09384611878632314 0.04877509987330727 0.07766281779596017
0.09788667222362853 0.047908468114800706 0.07146821057283066
0.09840288211214225 0.05028012917214813 0.07542568615526803
0.10231762684246731 0.049551575988661424 0.06909903050643912
0.10333882439806871 0.05143650027167559 0.07311024616064853
0.10793423625695704 0.05039570032775542 0.06680740889185723
0.10926646704160718 0.051751413470559254 0.07068179279711397
0.11324855406779862 0.0503614749991501 0.06424226444182767
0.11495043787277381 0.05227085760296048 0.06736452085769704
0.1178880035017558 0.05056124614493504 0.060730692487821376
0.06706782428454039 0.03388028748640256 0.08221453997216496
0.06573499198453475 0.03568943471652402 0.08703165530244479
0.06057616462403769 0.033101571011604894 0.08744226832037831
0.07915584748253228 0.02326665188300331 0.07671975143480486
0.0832722062 0.0257189221 0.0749014675
0.0856642078 0.0279671885 0.071756785
0.0869672631 0.0296056467 0.0682896273
0.0894773013 0.031342428 0.0660799397
0.0924986664 0.0325762192 0.06581398
0.0960866947 0.033462438 0.0657625982
0.101342277 0.0331732147 0.0671294557
0.105357127 0.0329399382 0.0689495697
0.109732161 0.0324607719 0.0670352421
0.115180965 0.031327828 0.0647562848
0.07698607864459678 0.023401848139197903 0.08509662548592581
0.08213744285940269 0.026106050014117737 0.0839479005092585
0.08543764672465065 0.02784889515923866 0.08092297921875545
0.0896648799 0.0306886456 0.0771979505
0.0913376067 0.0325022435 0.0740744696
0.0933721024 0.0347582564 0.0708038701
0.0964540389 0.0365192001 0.0696746046
0.10028931 0.0363994531 0.0679885512
0.104434859 0.0360372928 0.068438662
0.108163195 0.0351939127 0.0699581191
0.111653737 0.0356423545 0.0695362002
0.116166606 0.0349925126 0.0667343185
0.08035221157179226 0.025725565085198576 0.09366596752969963
0.08369873072076027 0.026951492735362216 0.09310385109890622
0.0878915343907766 0.029335573700566487 0.088795374640133
0.09143506379969966 0.03158813755753337 0.08513950469642277
0.0952553951 0.0347543929 0.079829455
0.0971101073 0.0369580436 0.0768201568
0.0988817597 0.038411505 0.0728344905
0.10170111 0.0395121751 0.0711188104
0.106008217 0.0393893374 0.0708759116
0.110788088 0.0392632019 0.0711250005
0.113667854 0.0381138946 0.0712797119
0.117593265 0.0383384094 0.0685691952
0.07882632957225705 0.024417261340734436 0.0999556891340516
0.08368833057617418 0.026919739353203874 0.09814692047177104
0.08872969450025184 0.0281469012482757 0.09549064550055732
0.09285961954813055 0.031231315582727622 0.0917362117017181
0.0979079185 0.0349329069 0.0872295191
0.0999241642 0.0378735688 0.0819990057
0.101551192 0.0398811588 0.0788047422
0.104089729 0.0404987751 0.0766074121
0.107576368 0.0412435292 0.0749633277
0.11186935 0.0418026588 0.0738215396
0.115045093 0.041442484 0.0726710937
0.118527057 0.0403682739 0.0716421613
0.0770086685206709 0.02487530934445061 0.10387485811732418
0.08217207644709165 0.02736848453104054 0.10193770174966371
0.08750199750184727 0.028724225135592536 0.0990794380699907
0.09227849092625835 0.029969851211526587 0.09531478475268441
0.0989886618 0.0345097224 0.0913598756
0.100496543 0.0390705644 0.0864092734
0.102693819 0.0404661729 0.0836541559
0.105803505 0.0409385058 0.0813349275
0.109102322 0.0418594333 0.078926209
0.112796228 0.0428011806 0.0772231931
0.116085734 0.0432931433 0.0755022511
0.120595772 0.0414193206 0.0728445893
0.07650837216805804 0.028467523225845132 0.11609609213912041
0.08220384360162504 0.030130808954232167 0.1149397918374202
0.08671884535173743 0.03085286135997122 0.1137060436061441
0.08955942785820471 0.03068779764634179 0.1083487403136143
0.09432842683385204 0.0317388588195741 0.10554911727889355
0.103285333 0.0378642576 0.101604759
0.106430667 0.0400078628 0.0987808559
0.109319966 0.0417092633 0.0950030125
0.112470108 0.0426617723 0.0916157875
0.115745559 0.0441334423 0.0880777728
0.11960357 0.0447874457 0.0844080724
0.123984158 0.0457901584 0.0810376364
0.0804579705207344 0.03305747441317953 0.11954454614416389
0.105788277 0.0454944095 0.123387033
0.109413429 0.047099075 0.121407822
0.114046694 0.0474358281 0.11941608
0.117986512 0.0485685033 0.117054091
0.107085 0.0492410547 0.132437142
0.113295852 0.0519854731 0.129467572
0.113255324 0.0457959213 0.151157003
0.115621083 0.0469692745 0.149407427
0.117221943 0.0487588751 0.147074823
0.119147527 0.0509435644 0.144440254
0.119540853 0.0606054458 0.18257083
0.124416701 0.062126227 0.18198578
0.101957555 0.0513285181 0.1842044
0.11092189 0.0562450625 0.183520945
0.121809554 0.0626747165 0.197961853
0.126861498 0.0647049974 0.19822038
0.102733406 0.0536381503 0.198004393
0.112366889 0.0579494322 0.19786818
0.05054716012132164 0.02366486624258549 0.09306214682803149
0.0519352601573883 0.023081693376029184 0.09443570108179722
0.05278042609866923 0.028325362632577834 0.09758974061935852
0.05332369872312188 0.024486529059153453 0.09539688827715351
0.05182539736983332 0.028290873728667107 0.09678687412056387
0.051183512622576095 0.025216450429067266 0.09394336535604937
0.06010256101396015 0.03743741020116868 0.10749707859951693
0.05948179042832876 0.038399812444775354 0.10732930399898896
0.07110515592928494 0.05232777362944887 0.1275968240637706
0.07040551556629261 0.05364890312936497 0.1275002767835449
0.055878872451076284 0.03429451403665798 0.12497503905711484
0.05663730948796864 0.034125290699177566 0.12560446916203116
0.07020015838553113 0.051536355013089535 0.11958149096694987
0.06874584885815878 0.048253527809041526 0.11140834998669957
0.07565695889786844 0.054485389711604874 0.11699168043980387
0.07399092766521058 0.0510495157938058 0.109329348520834
0.08136570559555902 0.05705420105525265 0.11425048582824901
0.07990082090332372 0.05348142605408283 0.10682229576462152
0.08594484072816905 0.059424491855363956 0.11167780514022532
0.0847440758901336 0.05586852191969953 0.10422008932583104
0.09026785587471209 0.06224902227708995 0.10908149525086851
0.08934190103792157 0.05912843862890444 0.10126197560454035
0.09467703838057431 0.0647908772304292 0.10663831311404756
0.09390562932862653 0.06160808247071178 0.0985755393953503
0.1004512894385553 0.06710653008048056 0.1035487519827698
0.09957173402742153 0.06337373766544677 0.09540132575318327
0.10751019861878965 0.06903821438213413 0.09999660926320537
0.10604513318051709 0.06550197185943274 0.09139850962630963
0.11579147996721864 0.07152411564367886 0.09498909664222306
0.1136497384459553 0.06758272978985595 0.08661532049203191
0.12334759424363587 0.07111154635273143 0.09144764957436748
0.12047091466756253 0.06821062675154337 0.08258056106778715
0.12922181134181837 0.07024717760730374 0.08888868817638754
0.12605877928020998 0.06727757768684223 0.0801336033521889
0.0706631279855613 0.05023176874175718 0.11945487364508145
0.07634999071649376 0.052805908028209655 0.11744681589689143
0.07462143005910137 0.04986499029784358 0.10961977940140794
0.0822214827632554 0.055534481689963076 0.11457764828516907
0.0802561291812398 0.052469660159708935 0.10724472598914168
0.0867610014298241 0.05773065549483654 0.1122211712791601
0.08538434020230778 0.05431501387922544 0.10494668700476505
0.09156033430282286 0.060338461726592435 0.10947677713099711
0.09036222479722643 0.0571075682429848 0.10205372770560085
0.09623300516750896 0.06232810210563825 0.10701357212379518
0.09504894881654884 0.05944229355443399 0.09916714490815418
0.10178831573480639 0.06375122745237041 0.104249130835333
0.10045581835004716 0.06087421902507364 0.09595000554651321
0.10828241693898617 0.06536603351540175 0.10103764576642846
0.10641282813800519 0.06253733352765495 0.09234678381414038
0.11627161987409046 0.06584567070374854 0.09716119542407539
0.11371145120462495 0.0631234921662059 0.08820777280073067
0.12292221920557371 0.06546202375607356 0.09326343817319584
0.1205456865028923 0.061484302541751586 0.08454194337348798
0.12907912649162107 0.06388718342856138 0.09045884002033402
0.12610825025159564 0.06128770767316529 0.08197077422396218
0.0841195035 0.0380686292 0.126395613
0.0889561526 0.0386391282 0.125247147
0.08808051491232279 0.03298003030509702 0.11961011355092699
0.09314396373965218 0.03870723485951372 0.12094084956368677
0.09088997215109458 0.03327063233368227 0.11465239090017762
0.09831864122844695 0.03981883728084381 0.11866492266060379
0.09490310915872803 0.03268897218984014 0.11177588800240267
0.10480807 0.0416488232 0.115937958
0.103209351 0.0383154204 0.108829814
0.108106259 0.0440578439 0.112722396
0.107014649 0.0417396213 0.105576352
0.111895664 0.0448395674 0.110079145
0.110490213 0.0429617538 0.102200899
0.115657293 0.0459363105 0.107129762
0.113977615 0.0440985436 0.09864387
0.119787013 0.0461258798 0.104378583
0.117613644 0.0450097363 0.0952826467
0.12464724 0.0469880661 0.100851657
0.121887904 0.0459013035 0.0915860366
0.129488576 0.0469852461 0.0971881752
0.126226807 0.0460349939 0.0867915077
0.0668557448892357 0.04686738938193863 0.11243377394799277
0.06730292539801445 0.04926884032715266 0.12035215030833035
0.06338411926383129 0.04430515987148895 0.11345039662679972
0.06465803167680016 0.046703719635319794 0.12164512607244857
0.060790511435018166 0.04071587556019056 0.11492552889298074
0.06731626376253637 0.045988340547273805 0.1128289441723521
0.06803523256553952 0.04854517793239417 0.12070036831075717
0.06409106354869851 0.043777443130912384 0.11405538761463242
0.06495611777306651 0.0460045603741713 0.12229347830774635
0.06102229402007118 0.03998566098490627 0.11571225854616368
0.0411343490557046 0.012005956022471035 0.11621327384628626
0.04246509025390046 0.012139898276628822 0.1166019658589709
0.03751109797705725 0.005341649131893323 0.11839787007146622
0.0394211487282279 0.008258606214475389 0.1177036055981828
0.03978691522120701 0.0058140276580103565 0.11814186027345072
0.04059563960636835 0.00898422497881309 0.11806007130684942
0.03742100544845377 0.006304092736839404 0.12292245342722997
0.040602322118091824 0.010160296721658673 0.12196374014942857
0.03879122209466505 0.006033041254759386 0.12381011002292729
0.040921640599041006 0.010373052727714563 0.1222942632114198
0.03450140004546033 0.005306164499937819 0.125137305763752
0.030991050007924386 0.004893726912467976 0.12702073481694962
0.03490821446341131 0.005023070308604414 0.126832824781288
0.03182756399709921 0.004877486353263346 0.12886825389649822
0.033205558367747974 0.003039642061960062 0.12420983294326825
0.029964805780353796 0.002680625623878379 0.12611998262694518
0.03373588760430395 0.0030690802320116756 0.1258037968866039
0.03062609268807358 0.0027689805214766708 0.12764694400154455
0.03275072713300472 0.0014597549461019916 0.12373675711611036
0.029614095432018102 0.0012580013349753772 0.12559378973966792
0.03322219789041241 0.0013830993602982004 0.12532060813427298
0.030173998360522817 0.0012777459793468806 0.1271120156872332
0.04633647757065947 0.009966914715409343 0.15788619835469875
0.05009233280720542 0.01114943930296046 0.15715858470121688
0.04765283766051473 0.009207991600459181 0.15775578870250276
0.05150158027932775 0.010680147627097887 0.15727695687576354
0.048015694328613016 0.011836283363072717 0.15382632794662818
0.04900674312273673 0.011222626873446532 0.15389267809162938
0.044907774201903235 0.011968538765097896 0.15054469636269127
0.04600375014423542 0.011338299854360197 0.15054759464576803
0.042119171113542964 0.01199406191639275 0.1477782315139701
0.04308464412845953 0.01116488486918886 0.1476982580757263
0.039656649406933274 0.012558906166114705 0.1460747531865403
0.04050780447723508 0.011732786982007068 0.14597707316423594
0.029151950431026762 0.01317809120370211 0.1412338583568645
0.0310285906778546 0.012203634858804265 0.14149685491078798
0.025114789651488518 0.011331534893019392 0.13535915538621854
0.027512733712991996 0.010746986455138727 0.13596263381977158
0.027572455149637874 0.010634406197945477 0.13177765174990655
0.030379628233167942 0.012958246010812764 0.1331787076049663
0.03028924796573761 0.009747467340637191 0.13363076031316468
0.032453165675482225 0.012347059539390942 0.13472748175621532
0.030843231202493288 0.00994698996294073 0.13031265564168085
0.033363272815496406 0.011989650322623429 0.13209255798272584
0.032154324873679585 0.009120787173597543 0.1322216146881935
0.03433166875871031 0.011599226080865341 0.13345271033537387
0.026618072963202708 0.01195121100995441 0.13809148447950845
0.02550713296463636 0.010981886269188123 0.13348876523192907
0.02878706185840733 0.011405622786608713 0.13862216626826718
0.027997821808932517 0.010329593911401164 0.13460199365106545
0.032536682071463145 0.015578452159776547 0.1397284941009706
0.029905724003320353 0.014868376780171338 0.1374768894658445
0.028656564031668438 0.01386036988782057 0.1353795134465432
0.02898373425432545 0.013151824041209414 0.1344184939277092
0.03405165761441715 0.014662167342639958 0.13996040935530873
0.031589714421915605 0.0142079877745823 0.13808906137126564
0.030545203818554793 0.013262615529783304 0.1362625579637165
0.030824435800545617 0.012850114783911116 0.1354180066411298
0.040287333938852275 0.0148770203842749 0.1420300548895161
0.041374535680696795 0.013573225201754437 0.1416245135903173
0.04926403511173832 0.017506359575288732 0.14393226614951798
0.05253315474604592 0.013208551000861287 0.14821739671924505
0.03638391528143408 0.01746623620704267 0.13746254476449932
0.0374897618585745 0.016606226297600054 0.13747354455177332
0.03996278006812377 0.0177274933058551 0.13871911531916012
0.04087083599302083 0.016463025194071855 0.13829295432931582
0.034288999253518 0.01718538266141191 0.1361255829480626
0.03564160048688624 0.016090517888370546 0.13646461430866502
0.04411881031530672 0.01628159343898631 0.13892173891273787
0.045043809412038664 0.0148564293572617 0.13844297064740713
0.046851669806400806 0.0168538960949662 0.14098609457047728
0.047739358802116216 0.015794166204196245 0.1407851409631937
0.04694645289600796 0.01793236314619025 0.13689608571274683
0.04807708521398924 0.0163069487184908 0.13651139358540562
0.04003551120678561 0.019313647810144715 0.1338210636109736
0.04166913340778844 0.017358807017199378 0.1338277214349617
0.051319913842506205 0.01995284528524264 0.1420239099131297
0.05499258519500431 0.01636102105498362 0.14395075499657425
0.04332421101240226 0.01864192698234249 0.12551315002240074
0.043457344267712195 0.017674070801192543 0.12619682184080513
0.044529912551179066 0.018222994282400724 0.12367057427169664
0.04493192826820999 0.01757511102423281 0.12438919992431192
0.04398942073365903 0.019945670195257777 0.1304550388603286
0.047268170435501404 0.01934125404989989 0.13248911670328714
0.04505282943005788 0.01847398559186987 0.13068982993727413
0.04798733324643396 0.018129350653605998 0.13249652305410536
0.045393629993812676 0.01636606719970631 0.11917181152014962
0.04576063969055403 0.016313930856167422 0.11964407773440451
0.041676747786558124 0.013667774187410602 0.12204752830760174
0.042223021138890635 0.013771971827731589 0.12218832444940095
0.04540573558153106 0.021244905154921154 0.11281960734828145
0.046521034106099195 0.021267254673727545 0.11372591669508228
0.04625104048193876 0.02522080102714476 0.11053971787229228
0.04731485988372077 0.024679483461917767 0.1113428210847438
0.046637666574937044 0.018194826310045924 0.11865640714548499
0.04709305158635434 0.018203059226831554 0.11891371501251266
0.045006065270684015 0.017449926723876987 0.12144198875200805
0.04544636278036353 0.016912525878223117 0.1220181707344078
0.04286981299835825 0.015560043366782144 0.12153907919357325
0.04307895842671101 0.014796627847183698 0.12213901938074648
0.05370490213045223 0.031369236710592885 0.10385781063744778
0.049736969183553595 0.020141737593745716 0.12172733980269104
0.05023056155247186 0.01997683630055408 0.12234238959475104
0.05025932978506159 0.019710254020175837 0.1253024700643046
0.05077323413917916 0.01888786632071728 0.1259885023841173
0.04808727487083113 0.020106960746505836 0.12793814596192427
0.048292020373631235 0.019131101677996292 0.12850884674707302
0.050580528850981396 0.019668257666835734 0.12994116998424746
0.05107130101739875 0.018490678082888422 0.13015534512131519
0.05207533567547399 0.0197400964519273 0.1315024074570512
0.05267075700683342 0.018482114683807345 0.13156379131697452
0.05226252262803035 0.019644946959302016 0.12804459156693665
0.05264905231735437 0.01858889535103675 0.12845007902844366
0.050509587300250715 0.022829559264197042 0.12087020611144297
0.051361196364009 0.022282400832481356 0.12193409139294623
0.0535265130121182 0.031723123864790335 0.11615281793357853
0.0542445315032342 0.03177374081130498 0.11720719960690235
0.05808212238849421 0.03846681735660813 0.12042171528295452
0.05851502507719795 0.038054276601895864 0.12062457209227533
0.054849808879579805 0.03376627727647245 0.12082497359972577
0.05554781968856053 0.033619988199378045 0.12146434995139276
0.05277799660718466 0.028616593352605697 0.12261564306040132
0.05325139177628391 0.028439779934665156 0.12295309836932693
0.06220290152660908 0.04374296155640044 0.1207370286830285
0.06255882316573749 0.04303491001507599 0.12148628022889944
0.05326867547310638 0.02304351315176211 0.12911701625055644
0.05219433100590085 0.023320292087905713 0.12495265359782098
0.05349820315809234 0.022484763373670152 0.1290832893691551
0.05298189048704861 0.02270259024344355 0.12548882883050239
0.05430042076812418 0.02457937206712055 0.13822147107109575
0.054709765569840224 0.02424409019694437 0.13808644896689615
0.051730701197942534 0.02067291290352995 0.13790277082795382
0.05373514861534702 0.0186172092858502 0.13827879060483173
0.0527169317029906 0.0221024526589429 0.1401894485754818
0.053053359530238445 0.02190367232212133 0.1398849959821227
0.05807138965536421 0.021255616101212533 0.1499522624043717
0.058184636003065164 0.023919352672658167 0.1478749158988881
0.055939991333991454 0.019376895290026737 0.1483997084532531
0.05567539802254619 0.022587022753697537 0.14620225425547662
0.052750122739283166 0.017806792938247162 0.14715049072431532
0.053256876919295836 0.021147272698786645 0.14443154604985903
0.05839511092764684 0.025922683062288943 0.14664899885573787
0.05895617753072829 0.0279655726244336 0.14546451088213272
0.05606663744149233 0.024706082579741204 0.14455984513953593
0.056847052866296884 0.026912645878353667 0.14292432775475186
0.054097340752483694 0.023405545415422044 0.14246004828400224
0.05541713803644056 0.025720897473724445 0.14063349591244353
0.05576753742396521 0.02831212983255328 0.13629799657593758
0.055405090484747115 0.028003356760738222 0.13364305436145343
0.05799640272114624 0.0343081817027994 0.13512426022644336
0.057471386437144285 0.03429697088239075 0.13225665367215092
0.05935042261042135 0.0388190398710246 0.13630142986828062
0.05971706247465009 0.039622826481747274 0.13306731630243077
0.0627133516272044 0.04421273864538123 0.13778655358360384
0.06303757198262883 0.0450638695412661 0.1347733608067232
0.06573923227419459 0.04822458492727525 0.14003035477311426
0.06623073726347208 0.04944988368864168 0.13712440212524907
0.06917692734980306 0.051509769012860855 0.14265106436216513
0.07007552356246277 0.053146626364584316 0.14016421333597093
0.05864535309027721 0.020673024848654957 0.15061105767247127
0.058752521771813025 0.023544217480384887 0.14838499158768725
0.05753653655211099 0.018014722556757203 0.1494239960284238
0.056042483518324505 0.02216097652079115 0.14651458244441015
0.05675025540277608 0.014575794237240142 0.1495436876601397
0.05683582028973259 0.017199537034293968 0.1466203481249087
0.059044166404297986 0.025655519791560895 0.1470980357126984
0.0596341955834252 0.027673788426886513 0.14595983803491655
0.05631360402262116 0.024417881430055417 0.14481496669303745
0.057268229674274355 0.02669827046018181 0.14331506976048483
0.05438196631304813 0.02302648651152522 0.14243241533410889
0.05585914696443789 0.02536493758864178 0.14075828732110277
0.05629505303599419 0.027994955768710625 0.13668216879473516
0.05572518664072317 0.02775811375675922 0.13392696087182662
0.058643782509700856 0.033691901231267196 0.1354420968265364
0.05807303457052073 0.033756729883713824 0.13249600842963824
0.06031176345358502 0.03840880804609671 0.1363750143009275
0.06049729950137506 0.038738031862054746 0.13339468329188253
0.06335088502989372 0.04336541687848955 0.13821183652286853
0.06375427026700409 0.044034197477366574 0.13536684330615892
0.06647122748402035 0.04710934100010217 0.14046112202954705
0.06699698270644446 0.048254436101649895 0.13767931705257933
0.06999011006121633 0.050376700793493615 0.14279503787497697
0.07089546214624122 0.051693428865353004 0.1403854956225409
0.05235920546444229 0.017552849371876792 0.13499079068207825
0.051101841344371735 0.018896539815013887 0.13499835562030962
0.04697077790697573 0.01837569219639098 0.12479570757917502
0.04313131290873704 0.015878149553105635 0.12408805021419758
0.046557277932395474 0.019301799147559168 0.12397230913554337
0.04263976004552173 0.01621836317311051 0.12355503608017945
0.04639996724261491 0.024762651243329867 0.10374300898475183
0.05201475124099161 0.02926315965430011 0.1118824355568313
0.04712652435064648 0.024458719651073227 0.10430643855731932
0.050762871311271086 0.02899458763865366 0.11187865400216102
0.05100456594700481 0.029199485494246828 0.10622715643216517
0.04951710493120745 0.026784752039231537 0.10892561235564914
0.04961556212840202 0.029664581758915214 0.10501749041097969
0.04781779763902537 0.027595990776780453 0.10780672252835156
0.05894326554177106 0.03524943551390877 0.09284788841199688
0.06088098778462611 0.037690941336768334 0.09892474180374788
0.06478022230826957 0.03803394413982372 0.09138015793278481
0.06583126110584521 0.040553129811290826 0.09745122034534426
0.07196828788831383 0.04183947697463998 0.08973319918027554
0.07283509591170116 0.0436981745028521 0.09585964417969549
0.07816472076341731 0.04520543420896595 0.08771223959060821
0.0793034605111332 0.04725956797058005 0.09377558342596592
0.08340806349025855 0.047930226297823036 0.08555348273676443
0.08389108109421976 0.05031345931985139 0.09147127027021264
0.08817655425030892 0.051480194831561986 0.08322492540056317
0.08863398106803679 0.05359817179170006 0.08857079372164377
0.09296405523812905 0.05361518113804332 0.08127213441314499
0.09333767410664896 0.055856341577737854 0.08620486689575656
0.09810674630788939 0.055079417100711084 0.0789611580828073
0.09843106964474511 0.05793994775832822 0.08345633329863059
0.1034070470114113 0.056831166182644 0.07591645958910039
0.10394981617008692 0.05963913173284716 0.08010941536450927
0.11008163967574167 0.05706721188974133 0.07313005568386208
0.11146999730105006 0.05946869883456352 0.07652233796529868
0.11607009353198286 0.05663154367528041 0.06990152133625484
0.11753826009064357 0.05946816760792826 0.07337230994104281
0.12103335862933458 0.05818085536715322 0.06638616398050605
0.12250538180493602 0.06045640249572164 0.07007547396846812
0.059418594021951106 0.03487492415375856 0.09351453983303565
0.061022517927131405 0.03763265207176383 0.09896862239407758
0.06562394633007244 0.03758226268575303 0.09163723777323103
0.06676687947555827 0.04012529761726923 0.09792229144682821
0.07239801261789859 0.04136548584310235 0.09029205878577663
0.073537845343594 0.04345117299606005 0.0966039603296956
0.07902124989543681 0.044712836693867025 0.08797415329416865
0.0795132594088883 0.046847228180753694 0.09384458004207562
0.08450216382526692 0.0474288611260899 0.08573307119738172
0.08454324685148008 0.049589564270759307 0.09170222489145918
0.08968980449958758 0.04992252738799665 0.08387608215285786
0.08969704841259031 0.05212796442755645 0.08929652164030319
0.09402203875791577 0.05101295933511327 0.08234365540428351
0.09417333399391509 0.05362131659329043 0.08705443416999235
0.09919389104872875 0.05205126272072111 0.08008022474216532
0.09946744945266045 0.05494043113133059 0.08436770286958886
0.10426748896857521 0.053162662230872286 0.07755971620781467
0.1047329062783476 0.05615562382038769 0.08152324694907769
0.11073911062751995 0.05358547014399606 0.07440529091860575
0.11180026674340993 0.056218201383440344 0.07819523749585405
0.11648415528348528 0.05400191021534272 0.0708061619409049
0.11809823538480664 0.05575718069793691 0.07460281048052513
0.12149344635865321 0.054151178710277074 0.06777459139963266
0.12305730571544013 0.05497106490613761 0.07193200553039325
0.07413272331689015 0.02643134062584694 0.10812693439549186
0.07450810967907025 0.028001737640353803 0.11088262358259587
0.07822394444407953 0.028407770624786065 0.1055962025111102
0.08144048976362342 0.028707261262597445 0.1105328538531042
0.0865117104892652 0.029676799187982394 0.10228284582651889
0.08534789576718084 0.029106801018500626 0.10894388136701984
0.09183503170933549 0.03001193487870757 0.09874196816172225
0.08988373932608294 0.030020679671689428 0.10369609627068647
0.09765475559409405 0.034107334850634975 0.09481726754793597
0.0971703016451184 0.034254980432306445 0.0993700324991041
0.101703256 0.0385589741 0.0908253178
0.10276562 0.0379826948 0.0958809194
0.103984948 0.0404712963 0.0880407221
0.10570515 0.0397186696 0.0931443258
0.106588026 0.0418139357 0.0850644286
0.107987574 0.0416153497 0.0897082213
0.110172805 0.0423645579 0.0824086694
0.111296981 0.0421313838 0.0866623908
0.113554369 0.0431274129 0.0794907149
0.114437981 0.0438114495 0.0833422884
0.117071072 0.0440242506 0.0781700005
0.118179553 0.0443245783 0.0804884452
0.122122606 0.0428742273 0.0731420756
0.122572893 0.0454781588 0.0770178011
0.05870679038838403 0.035870856674623426 0.10014574164110245
0.05809889137980693 0.036623451668915986 0.09926001187196207
0.05625499011906417 0.033511575558849364 0.10233173429226555
0.052284425533681386 0.031434233413710565 0.10298760154598331
0.05551869711362887 0.03359213043366402 0.101081175521349
0.07902918679186875 0.05574545404297646 0.14369001874445972
0.07446363821623796 0.05545585659318503 0.13580935160179686
0.07766640502195504 0.05853234614657985 0.14324698747937648
0.07364147267124066 0.057131030916960014 0.13557058665313954
0.08350018234480507 0.0611493601421566 0.14920944735163122
0.08616174009347659 0.0616280687276539 0.15799965378469677
0.08771845944620167 0.0633711755951685 0.14856649524611637
0.09018906782099279 0.06450279130747172 0.1573893556830578
0.0919329005125038 0.06597413757899309 0.14779721406604784
0.094561871430334 0.06719600766673238 0.1564818430292546
0.09640702371696847 0.06812472435247124 0.14698621030836612
0.09929183573125316 0.06937538359429966 0.1557063029528995
0.10113527545714975 0.06991127334972681 0.1459931275338102
0.10415504347362767 0.07126037258282085 0.15487912276897775
0.10607523091004216 0.07180246563272692 0.14480782178507945
0.10911715127249229 0.07287673434534242 0.15405477791091793
0.11139020090979973 0.07374362180702543 0.1433124273605947
0.11451440484913201 0.0743596864179444 0.15312007518656462
0.11862170088692624 0.07596090239085629 0.14146774237247206
0.12138993993161182 0.07590570679189365 0.1518888988159899
0.12693447180668285 0.07725212359625117 0.1403093433179565
0.1294870105162928 0.07712822860335632 0.15057803911783862
0.13362287286001068 0.07617088208583701 0.13753940302527495
0.13630376564479774 0.0764246029646964 0.14843470367978878
0.1412230098239744 0.07432017434557675 0.13635251100601672
0.1436740027174514 0.075003402942783 0.147194636834539
0.08526656127659174 0.05806340559099319 0.15004238257847127
0.08778186142907259 0.05891788683788521 0.15881509862623683
0.08946520936466328 0.05975540032681415 0.14909728407604858
0.09199651447219791 0.0607533624662788 0.15791601233326782
0.09358886570344038 0.06321559092346028 0.14799274748926775
0.0963455001387699 0.06390238715242261 0.15682121600351878
0.09756475794549184 0.06537801998774999 0.14719466799292905
0.10039692233606415 0.06596738458830632 0.15599353662545284
0.10182470189729718 0.0675052228784102 0.14621639048478316
0.1048845872627573 0.06815876899567129 0.15515450872066822
0.1063399497410811 0.06948037300734189 0.14521041037494414
0.10936125581707178 0.07021038816697218 0.15440390168891838
0.11146578291197409 0.07125542705880596 0.14374428418443094
0.11445072625008011 0.07274998479548946 0.15316819216919209
0.11863795963594416 0.07382649054818664 0.1419712572287107
0.12134895154789646 0.07470597742727934 0.1518866876172348
0.1269347914746078 0.07483789625099142 0.14207213577518643
0.12858540251604653 0.0755632095378997 0.1499601676076792
0.13304061504665224 0.0742214818114813 0.13860146871422083
0.13573429719393193 0.07425830920279441 0.14925813258062393
0.14112680776467876 0.07152636886338436 0.13771522565357291
0.1436086236158865 0.07232813616168811 0.14828512310578476
0.089840446 0.0536479658 0.153048308
0.0908942884 0.0530140821 0.16079802
0.0936589696 0.0538171237 0.152258686
0.0961624507 0.0540925131 0.160651761
0.110022786 0.0458120663 0.157264864
0.109196192 0.048352592 0.16402414
0.11511689 0.0464055331 0.157330548
0.11378772 0.0497188183 0.163555846
0.117327355 0.0475047185 0.156235175
0.116438514 0.0508705453 0.162698186
0.118874946 0.0488798392 0.154503826
0.118757096 0.0523542327 0.161478477
0.120632415 0.0513479368 0.152594051
0.121415673 0.0543559544 0.159845871
0.124578788 0.0529623 0.150876092
0.125876947 0.0562758997 0.158576438
0.129260966 0.0545976387 0.148577287
0.131117031 0.0571382943 0.156998444
0.134267434 0.0563390992 0.14604261
0.136395588 0.0579970511 0.155379141
0.13979392 0.0573814594 0.143351668
0.142269271 0.0588555037 0.153279757
0.08148076180560267 0.05916218116921385 0.15026982317265233
0.08252392000649125 0.057007683441129386 0.15092681607872602
0.08425027414404503 0.059668832819101916 0.15861086991863824
0.0854035163993091 0.057990930597614544 0.1589893387481267
0.0687191484422348 0.05189054396302688 0.17260305577204607
0.07400741023619739 0.05507068393271025 0.1728128317765287
0.06970984848452924 0.05071394743538811 0.17301944548597953
0.07479576956920932 0.05366144291924751 0.17271661540962466
0.07800875213450492 0.055003342290123325 0.17003317321378583
0.077424741257855 0.05635003466542851 0.17012533998786242
0.08119457987327044 0.05656210903409953 0.16649822796892516
0.08046837140252584 0.05783398674087109 0.16641948106309537
0.08705687162894797 0.06273370372277566 0.16666873763144807
0.0881885324348341 0.06271608622912417 0.174768123023297
0.09125513035184613 0.0652309861739297 0.1658076904221596
0.09247252651254154 0.06502570112406747 0.1739556190286923
0.09640095205157392 0.06770271486097773 0.1646289198766054
0.09792897042168294 0.06779810477794168 0.1727938938341473
0.10170885244770086 0.07018160448974733 0.1637835601231759
0.10351537054791884 0.07060545001577694 0.1720033094117968
0.10691195175738463 0.07200791777828305 0.16312741119208354
0.10904012909250077 0.07233979015711668 0.17148357930662433
0.11173248252390346 0.07338441716999379 0.1626763243561803
0.11398468904755435 0.07334098154510159 0.17117897618815228
0.11723262873780539 0.07453775834911482 0.16209090386114555
0.11963378481942197 0.0742252015042459 0.17077963407078725
0.12375998038796432 0.0754172291891291 0.16126296514156296
0.12587618580478044 0.07484573026204251 0.17022628203904813
0.13239926154269063 0.0759681598683448 0.158836762861472
0.13357946547791863 0.07623201561470763 0.16912152684999734
0.13883881444557675 0.07765283685817219 0.15787487603549913
0.14108310957395118 0.07858293525722274 0.16781407552638503
0.1458375450087532 0.07572936499710796 0.1570717584724446
0.14813603614582874 0.07751333788480581 0.16697268486057426
0.08834871254358692 0.05964687541559513 0.16713949394885916
0.089266911988727 0.059431623129071916 0.1751127318572499
0.09297606283338455 0.061512499306625036 0.16637668913745304
0.09393227263681564 0.06177009568721591 0.1746034509776624
0.09795685347109916 0.06428045839218301 0.16515616581519477
0.09910161017685402 0.06473593896602597 0.17343086397238475
0.1023423747040168 0.06669033173892748 0.1646447118864892
0.10396079400744895 0.06730891989213805 0.17316099528955647
0.10741969404683482 0.06848326460067276 0.1640189464123967
0.10945031206568522 0.06905808367091529 0.17264077362407101
0.11197469426318035 0.07048964223828998 0.16342676504934653
0.11431039120084817 0.07087973322313805 0.17206745035444118
0.11723323563322456 0.07272177898400184 0.16266990701037037
0.11970501739518707 0.07217395773627619 0.17166775861559855
0.12376077180623112 0.07368860072957724 0.16188041787026655
0.12603543504319323 0.07323884388246321 0.17103695919082346
0.1313114947365829 0.07500771604777208 0.16029325030095223
0.13326109079055462 0.07416095868177579 0.1701865699606859
0.13834601477589634 0.07489815740963275 0.15888534620514524
0.14072901703550397 0.0763196189208138 0.1687701246580355
0.14582476050183116 0.07320454845276476 0.15802030546437604
0.14807198190679463 0.07510722161786078 0.16773263145815956
0.09647986 0.045061062 0.172253392
0.0958399919 0.0479570705 0.177837987
0.102298483 0.046188629 0.172483221
0.101337347 0.0500794058 0.177934002
0.107735882 0.0500427231 0.17082801
0.106376702 0.0532091857 0.177124491
0.111024683 0.0529185313 0.169564875
0.110335218 0.0552000938 0.176606101
0.113899074 0.0551262389 0.168652109
0.113869713 0.0574439833 0.17589695
0.117369121 0.0570437661 0.167693841
0.117915534 0.0596575773 0.174996993
0.121742825 0.0582256953 0.166724401
0.122636425 0.0611204522 0.174105528
0.126640419 0.0596961969 0.165678861
0.127848826 0.0619541391 0.173522926
0.132222003 0.0604476464 0.164478415
0.13351586 0.0630236443 0.172536119
0.137972584 0.06055971 0.16315479
0.139627761 0.0629819465 0.171657954
0.144035179 0.0609590351 0.1614189
0.146169071 0.0631011289 0.170387832
0.08363522615338666 0.060013881566042225 0.16738559295839409
0.08454753824187829 0.05817440322895038 0.16747698626504243
0.07075166512849236 0.04578641918323126 0.162620202429219
0.07228825983473962 0.048203835219561446 0.16496984238403145
0.07022353086091954 0.04694441862619982 0.1627381266613654
0.07147260148002951 0.049509160054359055 0.16491052054599728
0.0732248642308431 0.05054004027857333 0.16605550458127333
0.07251730077650535 0.05168953071300972 0.16600060422572066
0.074523796052163 0.05253773607855379 0.16713207097019933
0.0735963836306395 0.05377371421289694 0.16688671859500004
0.07568598195883797 0.05392397640516372 0.16836300118934414
0.07496700200587136 0.055282417886844536 0.1680762405093413
0.049182352799372914 0.009188438872866878 0.1606157521824606
0.054423507855818225 0.010623504953970998 0.16114458544753626
0.05069317853941352 0.008834806177862206 0.16090706579155092
0.0564804702861505 0.010497096379699648 0.16189215882277072
0.05026818927243328 0.008356815063472644 0.17626289611204335
0.05154453735730442 0.007967952309220006 0.1760819298267287
0.0640179335059587 0.01708057063340294 0.16426976613819685
0.06366683005304129 0.016699305423303654 0.1628976841008093
0.0624881640202285 0.015575609213242718 0.16582253509440342
0.06174664901933389 0.014177789747798418 0.1642027033985899
0.05835624734218793 0.012531281096698977 0.16696912604585543
0.056109826125255384 0.010912043867211401 0.16369397342390318
0.05393413122954169 0.010537989066830032 0.16789213191778427
0.050258857243216846 0.009390135991075164 0.16306542804302107
0.06454331606114215 0.016464427473271138 0.16404460842183588
0.06429715157595098 0.015983303446835573 0.1626167765042859
0.06333774787506853 0.014956581853849923 0.16572529053362192
0.06283277945090286 0.01375684536482497 0.1641919075106924
0.059524104026874136 0.012432243495433006 0.1668894415550485
0.05786253102242705 0.010744246867183347 0.16403947058957247
0.05531330971770354 0.010239152343323775 0.16781676213927782
0.05195348579928248 0.009130468283854018 0.16341098283632483
0.07849342142934153 0.03169079579867242 0.11998430235878188
0.07055945445279542 0.021770670925185177 0.10329860084436343
0.061727241729831656 0.02006612442094221 0.10292702098563954
0.06346974505703858 0.021189371712053012 0.10321966427447118
0.0630666757870392 0.021290966255324992 0.10430526981117494
0.06935687721627397 0.023975689320636668 0.10905008909487121
0.06485055751719553 0.023120136660198017 0.10910283156858548
0.0615678850308608 0.02262943582908115 0.10950191500418638
0.06520522340401425 0.022516238576119136 0.11416430280778243
0.06394311475899198 0.02198552433312793 0.1144799608147465
0.07056020391064569 0.02700711089029796 0.11137996600169184
0.06993370047511366 0.025286032336604595 0.11408128183762951
0.06843454039521217 0.024176976140218378 0.11557865175083776
0.06743220876161196 0.023763181809828553 0.11592744524308413
0.06591714626763498 0.02307059139330384 0.11620547954233716
0.06324204331234158 0.02103940623470545 0.11689320115474201
0.05924625032144716 0.018206882998746586 0.11736328604260625
0.057561411099475615 0.014384137241308869 0.11826337634058977
0.05526517838554324 0.010863203264255732 0.1183674980622364
0.05456976664332942 0.007768367843573745 0.1182463952854609
0.05370126657863516 0.005181631564230454 0.1174961244249504
0.05324126658993997 0.0034048313203693557 0.11698310817753718
0.052997682233810475 0.0015392117816332798 0.11683759397460725
0.07235065211802529 0.026412133821075785 0.11766849967715859
0.07009903226973152 0.02558826281570813 0.11877638298100711
0.06961119718374417 0.024578626218366453 0.11976142753511661
0.06798605666427887 0.02328951516428877 0.12030410328402721
0.06338419552539092 0.021270350477373866 0.12134855208464393
0.05994366523711136 0.018895320395623645 0.12175944754119038
0.05808276301293879 0.015229395432096424 0.12135088018256888
0.07607961105821377 0.028752884967973253 0.12146580686880934
0.0803111476 0.0342346227 0.12660056
0.0789272747 0.0427015305 0.129771625
0.0809126738 0.0436599901 0.136381427
0.087263386 0.0500891492 0.150446383
0.0871321266 0.0524242863 0.153489698
0.0892663844 0.052645479 0.161356116
0.0738392971019145 0.025744407457226923 0.12295958759897165
0.0770270885 0.0311001371 0.127775171
0.076643611 0.0378584627 0.131834888
0.0758290222 0.0289340176 0.127363339
0.0750939983 0.0316139604 0.131356508
0.07252713408916896 0.02456723946940347 0.12298479528399194
0.0734047726 0.0247618979 0.127118695
0.073905488 0.0258765625 0.131099874
0.07013273173800262 0.022762523638973582 0.12392286938089507
0.0711728504 0.0234249378 0.127180685
0.0719620678 0.0234707485 0.130833874
0.0663566983873816 0.021151719451941563 0.12474789629088637
0.0674802068 0.0213327851 0.127499334
0.067624687 0.0212343828 0.130379229
0.06086967434835659 0.017974836356909996 0.12516652667476597
0.062464632 0.0174651462 0.128010301
0.0627953388 0.0162533089 0.131638038
0.0578381025 0.00792131916 0.180084189
0.11525948027502271 0.04253087701996938 0.040441630780924824
0.11821081804004505 0.046964321386825915 0.04349616284112115
0.11757424860636413 0.04141540279139625 0.04102146388810343
0.12055791009070672 0.04546788249390418 0.04392456119888233
0.122886892 0.0386534398 0.0448943084
0.12426687 0.0423677781 0.0459908709
0.12429097843820312 0.05394979655185987 0.050663398386784866
0.12605589798644923 0.05256095160327541 0.050468074289149574
0.128852453 0.0487250629 0.0513156212
0.09396639283419833 0.002781393174293578 0.03324641554872125
0.0992103673136384 0.002778627470688617 0.032277710075178254
0.09437039971750427 0.006359042697219171 0.033998189526167594
0.09958415012128322 0.006302982283024376 0.033622712724363304
0.09565504492513478 0.010787174832423514 0.034661229716613354
0.10033226629455248 0.010315973751468685 0.03357934105767282
0.09704070509032726 0.01634778983925003 0.03443302929213571
0.09974889206220772 0.015288715508558506 0.033110324730684135
0.09967640021479253 0.023915289632298983 0.03615872852623477
0.10229425185640409 0.022871572355105365 0.03376266846967602
0.10262042001867575 0.030224468067708326 0.038808599286737425
0.10565888770188743 0.03082919156582972 0.03586713448308111
0.10806858277342468 0.038057274234633016 0.043248968252953116
0.110522626972625 0.037454838591295746 0.0409258134935346
0.11170810803266958 0.04214316863619957 0.04734724288630197
0.1137917094711624 0.04214931279507447 0.04447900410209802
0.11447012150561653 0.04637055911133404 0.05054081688227286
0.11655264730010716 0.046549902737453644 0.04749669301185173
0.11671103477726372 0.05062777351574739 0.0534935836744249
0.11890947288104414 0.05092123915267617 0.05046450180682444
0.11915165286092733 0.05395576854745473 0.05670694377328563
0.12179116953672889 0.05376173848768722 0.05407312168599128
0.12202483236649429 0.056382943888450276 0.06036354401928258
0.12470256192834978 0.05669693247223637 0.05757406734461917
0.09624553159412429 0.0026392734165652325 0.03565581997626859
0.09963670901966895 0.0027713459604434185 0.034725566032319494
0.09719984780369861 0.006678706521651536 0.03634492131461014
0.0999138553494659 0.006355024820040147 0.035315582332773286
0.09801472686282187 0.01096510475227879 0.03665536391549439
0.10076703324253014 0.010117502927763243 0.03507277384547814
0.10044125454506679 0.015781358104208013 0.03863436694429663
0.1026700177869552 0.015944330315615464 0.03507647881835714
0.10353392373069256 0.02113734013051092 0.04096642373291325
0.1047618058245721 0.022052181867958997 0.03640598959661594
0.10743577172406471 0.029345658231640696 0.04384988503267608
0.10845122312783528 0.02948553043295864 0.03935743608284749
0.11143692856947328 0.035263397235252236 0.04760155665645442
0.11335971983734867 0.03575655787634311 0.04372378934515421
0.11404405978733895 0.04004579729514614 0.050410219972827734
0.11601918213602551 0.040695504562963704 0.04655839038239256
0.11610049039708006 0.04425095289072497 0.052824998393894214
0.11838442014731461 0.0449389120195105 0.0491197350536807
0.11812614547689307 0.048279757133846045 0.055476279196985834
0.12056649359371148 0.049053172827111455 0.05187128680498605
0.12033609087607784 0.05146776192806563 0.058446966412441674
0.12295439955207435 0.05228311576299793 0.05508189906502316
0.12258243151216479 0.05385756708779363 0.06151844910473052
0.12559095942997683 0.05471405760701542 0.05824482337822293
0.105743235 0.00230689407 0.0470253232
0.10897305 0.0026727774 0.040560533
0.107073206 0.00552777813 0.0479575538
0.109432423 0.00597031345 0.0409335209
0.108174672 0.00899258091 0.0491962784
0.110170105 0.00971409422 0.0415570099
0.110128785 0.0128519974 0.0507351912
0.111525167 0.0137235618 0.0426103334
0.112389094 0.0177496814 0.0522907639
0.114108545 0.0192325711 0.0446056453
0.1148907 0.0226104901 0.0545562737
0.116460468 0.0251922813 0.0463775886
0.11747231 0.0284927044 0.0568402497
0.11900673 0.0310244666 0.048930683
0.118802752 0.0325646585 0.0584059092
0.120477965 0.0359322245 0.0505507018
0.120122151 0.0359566497 0.0605788107
0.12218819 0.0395478705 0.0527726702
0.121235802 0.0392553947 0.0625546032
0.123754912 0.0432152983 0.054813946
0.122780034 0.0410589455 0.0657720854
0.125689298 0.0455282141 0.0579198214
0.124424494 0.0426204985 0.0685306247
0.127595428 0.0470215265 0.0614489692
0.119367331 0.00300727299 0.0346781832
0.115944571 0.00317995443 0.0315857036
0.119370503 0.00610101569 0.0350615752
0.116207019 0.00632586016 0.0317838769
0.119384012 0.0100559729 0.0354468482
0.116605776 0.00986384949 0.0321663879
0.119411135 0.0140286987 0.0353548588
0.117367682 0.0142348289 0.03192039
0.119428281 0.0188711312 0.0356959019
0.115354423 0.0205152101 0.0329031074
0.119435723 0.025353727 0.0367543099
0.115882927 0.0268485443 0.0334074397
0.122172361 0.0340496179 0.03599897
0.11974781 0.0342289902 0.0328576414
0.123966366 0.0403809577 0.0371003673
0.120042458 0.0422244641 0.0351293862
0.126248052 0.0445287206 0.037730719
0.122686261 0.0468957623 0.037149299
0.129705224 0.0480970779 0.0411620682
0.126152429 0.0508137001 0.0407821855
0.132395629 0.0509558764 0.044764165
0.129707148 0.0534278832 0.0443949106
0.134496714 0.0545350602 0.0483928336
0.132405266 0.0571974627 0.0485128745
0.113597152 0.00278265134 0.0293792436
0.113959612 0.00637593903 0.0300384986
0.113734384 0.0101419696 0.0307844
0.115552552 0.0145419531 0.0304086012
0.114587398 0.0207058653 0.0314680527
0.114581105 0.0276070737 0.0319095583
0.118782467 0.0346697955 0.0316534231
0.118687907 0.043441148 0.0340610432
0.120615186 0.048200758 0.0370789055
0.124093416 0.0522756072 0.0406944559
0.128193455 0.0548779758 0.0445161117
0.13134025 0.0582227805 0.0487778548
0.1248967216191977 0.05591053705587492 0.0647395596113339
0.12424242232405439 0.05865420551908102 0.06401080891124296
0.12825960554767965 0.05663435644134919 0.06178299345753977
0.1275531452864648 0.05848825242199327 0.06150462633507319
0.1315998463334756 0.05756653635970162 0.058332683750971295
0.1307120108443302 0.05889493245395961 0.058730769128778997
0.135075785 0.0602551454 0.0530319006
0.134291051 0.0612488223 0.0534814972
0.125575698 0.0435445408 0.0713319697
0.129333375 0.0482885699 0.0640944146
0.132967594 0.0527895833 0.0584334074
0.136551319 0.0567555478 0.0525654802
0.12640030335743688 0.057486718039466325 0.06896629158939818
0.1261079893038243 0.06097408446218547 0.06798781149299978
0.13027905359524744 0.05870758041675016 0.06561947282673211
0.1299465933571204 0.06128182254455752 0.06553389355364686
0.13432839706524288 0.05976920381393203 0.06222214066223037
0.13329545458112832 0.06176584758046632 0.06296802445203188
0.138415191 0.0621111072 0.0577418616
0.137559537 0.0634949234 0.0583125408
0.127080587 0.043633102 0.0730549753
0.131417539 0.0481590133 0.0680562954
0.135113429 0.0532522594 0.0629423673
0.139353328 0.0578543733 0.0577399528
0.12820488159452795 0.05918210291028739 0.07328187981657204
0.12787452066534016 0.0631961126773785 0.07236498353815318
0.13244919505401787 0.060389035739293884 0.07034559690238157
0.13193444986234623 0.06360971900232654 0.06989610928547887
0.13670438602028506 0.06138795596407648 0.06722589642817592
0.13583286832565858 0.06390074653121966 0.06748281891316862
0.141393529 0.0631586869 0.0631771163
0.140614368 0.065099051 0.0637024813
0.129141306 0.044276707 0.0743452524
0.133103614 0.0475693921 0.0723629978
0.137448853 0.051707834 0.0679543951
0.141904364 0.057015525 0.0636346337
0.1307567881596234 0.0616421590897216 0.07993466102077557
0.13060345291026762 0.06634330150172112 0.07851272034542149
0.1354355762676569 0.061742490728730615 0.0778252967945251
0.13529660402730684 0.06572883415969122 0.07702180627088999
0.1400736239900187 0.06230180082879926 0.07581275417411834
0.14014142379725725 0.06545217711070159 0.07499466572627227
0.145866625 0.0638057365 0.073194897
0.145309818 0.0660948299 0.0727077122
0.13096995 0.0472845994 0.0840662325
0.135319048 0.0477572413 0.0805634771
0.13944258 0.0500971347 0.0791176299
0.145854128 0.0541980621 0.0749891556
0.13393457952439838 0.06311309737084325 0.08833979831876651
0.13411513126495803 0.06870090975690328 0.08726513687557302
0.133953182 0.0475937446 0.0931283373
0.138067336 0.0491039583 0.102944686
0.13778090345640046 0.06433063220352514 0.09889408036075767
0.13794194399162799 0.06941687200569348 0.09782219385426008
0.14156805356792287 0.06594677569988837 0.11389755740864692
0.14168988564234236 0.07100680473755948 0.11332268604240456
0.142336836 0.0524789519 0.117017493
0.14449663670445775 0.06789785932646693 0.12704585251223066
0.14471600873178245 0.0708029438992321 0.12574068848768424
0.146324115 0.0550318547 0.129942463
0.13900835231151323 0.062174292744608124 0.08628382720236764
0.13914309788692908 0.06719026836838558 0.08561618883002749
0.138508596 0.0477145175 0.0896890896
0.142100985 0.0487768488 0.0995484621
0.14294460178494145 0.06357178170861069 0.0962507686659831
0.14298288093173261 0.0687602211136633 0.09579684690716528
0.14727160717989404 0.06511236319297985 0.11218258431315072
0.1482663758214635 0.07020955197927084 0.11021871687102175
0.147061814 0.0523186606 0.115695086
0.1502905838330159 0.06738410945455522 0.1254696568463757
0.15002579382963901 0.07092918361050464 0.12459883956331101
0.150390177 0.0543588682 0.129401966
0.1439875915630609 0.06333985435966713 0.08400192341124893
0.14429193013633393 0.06726315731519908 0.08340109940032986
0.1426223 0.0484723594 0.0879947144
0.14773643807055611 0.06469870313412403 0.0936665990483753
0.14821616891431422 0.06913045826142383 0.09351416856022182
0.144842576 0.049582187 0.0968319918
0.1523350058841643 0.06683502391315607 0.11038187258268294
0.15228949429748287 0.07097204548251665 0.10960301050175206
0.151569572 0.0519004459 0.112464648
0.15558596169522743 0.06796950517993108 0.12383277410113251
0.1553635971888191 0.07258139901988665 0.1231865138842422
0.155738023 0.0537560827 0.127390303
0.149514103 0.0650704864 0.0815510668
0.149415567 0.0671983758 0.0810527882
0.147854028 0.0523678271 0.0843606642
0.153295283 0.0660555234 0.0909935322
0.153530337 0.0691773376 0.0912930045
0.151071187 0.0509107582 0.0936363179
0.157968489 0.0681337526 0.108524893
0.157657691 0.0715452191 0.107954502
0.156186745 0.0529612252 0.109673727
0.161023721 0.0690967878 0.122198343
0.161102904 0.0731653287 0.121797161
0.160533125 0.0540367542 0.125418774
0.1466912993210868 0.06627323273298251 0.1382208918473683
0.14694440788857108 0.06905701803168732 0.13725259875159387
0.146758431 0.0563564699 0.141649332
0.1527279112733516 0.06855367489009785 0.136898766852329
0.15175979509018667 0.07221505368467121 0.13552978725515133
0.153380024 0.0558241234 0.140446244
0.15864008515725736 0.071250673674878 0.1355630537231343
0.15822099116220129 0.0747346378358854 0.13462110328674862
0.158572444 0.0554410982 0.13938176
0.164213779 0.0710959846 0.134409827
0.164141724 0.0751769919 0.133451624
0.164398469 0.0552610815 0.138183793
0.14932770004062193 0.06700741599519215 0.14841257772854788
0.14857929998616215 0.07150116874534662 0.148269571865537
0.149227604 0.0580235448 0.151546417
0.1553062832829514 0.07040051438073576 0.1479234619674181
0.15521920500846834 0.07522648540334881 0.14653180038189445
0.156301816 0.0573594191 0.151377572
0.16135972385274838 0.07511627545270129 0.14683174359184537
0.16103738447072657 0.07776929097741286 0.14552886187441078
0.161777357 0.056828307 0.151224044
0.167029919 0.072105553 0.146297155
0.166983625 0.076192436 0.144963
0.166945292 0.0563791423 0.150839566
0.15205873118714522 0.06827658058380345 0.15883409901833587
0.1520736990644396 0.07154969278668659 0.15823481419664215
0.152005184 0.0592101318 0.161591775
0.15738959665130112 0.07315740004883783 0.1579941418119117
0.15674921680442258 0.07805416453871912 0.15678405849677754
0.158990715 0.0585202036 0.161615767
0.16328499683698047 0.07630545591102876 0.15727349679217167
0.1628508706910271 0.07936185611627707 0.15619900551086538
0.164465317 0.0578331636 0.16180955
0.169433824 0.0731795381 0.156953383
0.169398203 0.077747869 0.155696205
0.169530764 0.0570048046 0.161876285
0.15460199029507518 0.06989955752955085 0.1686962356641419
0.15434498053313073 0.07283845287380088 0.16809425061589178
0.154475439 0.0620288123 0.170744026
0.15950349832712482 0.07222627580913796 0.16783101302528378
0.1592402615842225 0.07540975878029933 0.16720542756673337
0.160953167 0.0625799714 0.171118851
0.1654595846097296 0.07539104808651297 0.16698098879512346
0.16510031659896046 0.07944873703418809 0.165802546240059
0.167248951 0.0632056288 0.171013546
0.171923135 0.0748817387 0.167197172
0.171873162 0.0791049772 0.166195767
0.172582466 0.0627730172 0.17148351
0.15597668188934294 0.0733169365135962 0.17789588492832337
0.1559589335995991 0.07571487526170924 0.1772914805556122
0.156402928 0.0648116736 0.180506646
0.16055473406259962 0.07518484816583737 0.17715157544697815
0.1602917369597812 0.07757090953244412 0.17650292665495518
0.162383056 0.0654263032 0.18064119
0.16738096535356242 0.0766551314515294 0.17683025640888278
0.16829515955913715 0.08021127868799473 0.17544241799064453
0.169958904 0.0655076217 0.181180063
0.174210479 0.0769171907 0.177251119
0.174290842 0.0821237617 0.175987814
0.174840213 0.0653027549 0.181062613
0.159782765 0.0731698338 0.198132315
0.160024334 0.0747306973 0.197874008
0.159212265 0.0655791238 0.202316158
0.164813598 0.0737497979 0.19811897
0.165350997 0.0771607376 0.198033262
0.164593166 0.0650324045 0.202659013
0.170782222 0.0772224816 0.197570728
0.170485807 0.0819940233 0.196069175
0.171298707 0.0655027858 0.202278932
0.176859304 0.079008421 0.196889321
0.176909034 0.0843347337 0.195442794
0.176636295 0.0648666077 0.201737672
0.05711704486832335 0.010024094053682422 0.12159266346075866
0.0560861782416101 0.0071969911645879325 0.12191054137391875
0.055567031096489236 0.0046193374568491525 0.12120908022502058
0.05465855382592898 0.0030637191229947454 0.12047562673328838
0.05463188503226452 0.0013499565930279668 0.12079538325862978
0.058010782002523235 0.012888679692936252 0.12173623811561732
0.05992995182127603 0.015595952724197091 0.12548115180988118
0.058724447421815776 0.014186199728928197 0.1254363970578155
0.05797474862133855 0.012309022339536875 0.12482133987335406
0.05719493659761978 0.011395212500491698 0.12454211843280699
0.055494483782068726 0.009734998968899414 0.12411659775928291
0.0625079682 0.0251313994 0.19658412
0.0619342832 0.0287933189 0.190036476
0.0649316206 0.0305371398 0.195860644
0.0678279432 0.0344490857 0.195304827
0.0698470185 0.0388706162 0.195147991
0.0667084347 0.0397965932 0.181576611
0.06701887 0.040748668 0.183228157
0.0681646236 0.0410045037 0.184816174
0.0701916446 0.0413027814 0.189139072
0.068523219 0.0433513214 0.181288761
0.0737545617 0.045258505 0.189368598
0.071946315 0.0452499021 0.185146683
0.0698514325 0.0445438419 0.182798836
0.0719830665 0.0468339872 0.18100988
0.0719794034 0.042446511 0.195344322
0.0755606459 0.0446918626 0.195591171
0.079660419 0.0464276367 0.196019957
0.0839070617 0.0478763691 0.196599053
0.0885076402 0.0488356865 0.197099373
0.0932478583 0.0496731656 0.197471542
0.07753716 0.0477965993 0.188770685
0.081496161 0.0482220959 0.187376637
0.0858040939 0.0473082052 0.185891721
0.0908343674 0.0473462078 0.184569643
0.0756537788 0.0480062604 0.184463471
0.0806118697 0.0483651347 0.182209083
0.084799525 0.0476887938 0.179927915
0.0897618148 0.0473034235 0.17809862
0.0738897878 0.0474723869 0.182449173
0.0792681894 0.0488812204 0.176724642
0.0801478421 0.0486911121 0.17951483
0.0759599756 0.0475571981 0.16842579
0.0754524653 0.0479440698 0.170528729
0.0767072563 0.0479192946 0.171348248
0.079523399 0.0471331007 0.172054637
0.0887956078 0.0490362628 0.170235895
0.0824839249 0.0481327408 0.174202163
0.0841503108 0.0483518206 0.177108942
0.0844784424 0.0493449928 0.169213207
0.0869884633 0.0506916181 0.169451504
0.0846294751 0.0513376906 0.164188585
0.0869536262 0.0522744579 0.162450399
0.0828052581 0.0523518413 0.157747505
0.0846946693 0.0522788902 0.155144216
0.0809271833 0.0498475799 0.15349969
0.0837703229 0.0486226074 0.150982324
0.0761182588 0.0462100424 0.148122773
0.0762985509 0.0464634689 0.145060213
0.0659386976 0.0208616816 0.139854056
0.0668385886 0.0204647357 0.136964523
0.0696588639 0.0249684623 0.139302325
0.0705255536 0.0246724268 0.136635985
0.0717541668 0.0309862772 0.136574503
0.0714778103 0.0378365616 0.137239989
0.0720038163 0.0431110875 0.139929859
0.0719513447 0.0307543416 0.139006829
0.0719181081 0.0372228486 0.139411969
0.072635635 0.0424472724 0.142618843
0.0506057252 0.00658007439 0.160309292
0.0542589179 0.00857758568 0.159326479
0.0590209585 0.0102749312 0.158992104
0.0612228562 0.01123916 0.156370961
0.0586666694 0.00814871792 0.162595248
0.0622858191 0.0103719457 0.161180478
0.0596308304 0.00731083387 0.164836689
0.0627736379 0.00876261589 0.164610618
0.0674682976 0.0105082665 0.164097923
0.0674833352 0.0105408877 0.165347617
0.0676464496 0.0107920002 0.1665943
0.0679842105 0.0112654313 0.167932769
0.0647352217 0.00911425074 0.165407973
0.0647900248 0.00881994171 0.166665511
0.0650885513 0.0091189229 0.168006295
0.0655519546 0.00980246674 0.169656911
0.0621740809 0.0071774801 0.166180099
0.06165846 0.00654377847 0.167945642
0.0615129995 0.00695848144 0.170061864
0.0621159048 0.00811841171 0.172690366
0.0598340579 0.00625221082 0.166709058
0.0597373373 0.00610069968 0.168716527
0.0597911287 0.00673398804 0.171026325
0.0601673244 0.00796588532 0.17361576
0.06190957469357545 0.0275357680051418 0.15003878886620023
0.06247637724567726 0.02547230020828953 0.1506623129890564
0.06259430911374299 0.023459518430742256 0.15135778996416632
0.06324860778442239 0.021441162976712082 0.15232100313031857
0.06169876497041204 0.028113962339553093 0.1499536947346494
0.06159818047760571 0.0263550929681806 0.15059647709216026
0.06159849258918737 0.024343443207839828 0.1514224902254343
0.06175589018180682 0.02223065974419084 0.15257264756207167
0.0701048858 0.0154461416 0.154218054
0.0700069939 0.0173858559 0.152981764
0.0696837954 0.0194042137 0.151897314
0.0693276153 0.0214781755 0.150998528
0.0665810724 0.0157584315 0.154147045
0.0658755628 0.0169735286 0.151771342
0.0656932715 0.0185349734 0.149601268
0.0659470091 0.0205588983 0.147839661
0.0647786641 0.0149836827 0.154519157
0.0635225864 0.0159959388 0.15119156
0.0638572229 0.0173303735 0.148391735
0.0645910339 0.0197274408 0.146347148
0.0622820552 0.0119795606 0.152327116
0.0606045702 0.0136104358 0.148799848
0.0611066436 0.0156890632 0.146118266
0.0624013311 0.0178903813 0.143883922
0.0624209505 0.0162901118 0.141174201
0.0622005588 0.0158287416 0.138175723
0.0604358523 0.0138981499 0.128384269
0.0616699134 0.0116722217 0.133415638
0.0611935787 0.0132274284 0.130508464
0.0570089117 0.0112575551 0.149625886
0.0605084854 0.0111219263 0.137728874
0.0607881409 0.0135130364 0.143450654
0.0605748443 0.0118933336 0.140234545
0.0588674285 0.0116684034 0.142828988
0.0593112663 0.0125549104 0.146193521
0.0550883122 0.0106929951 0.150559541
0.0497990413 0.00916210318 0.151989979
0.046423575 0.00766351656 0.153983029
0.0440626883 0.00623734098 0.155983906
0.0420781988 0.00323123723 0.157430727
0.0412334655 0.00142250714 0.157727022
0.0541373872 0.0111581113 0.143589603
0.0373274108 5.79568189E-4 0.154023384
0.0496260919 0.0103060234 0.145300714
0.0456919971 0.00828431288 0.147647842
0.0421857508 0.00696978792 0.150009759
0.039674654 0.00524209299 0.152307206
0.0380464062 0.00178409042 0.153534925
0.0566075316 0.0112647177 0.138812052
0.0507541859 0.0112065998 0.140112954
0.0460578315 0.00952709949 0.142192145
0.0419692223 0.00825051501 0.145360674
0.0385694689 0.00656463611 0.147969354
0.0366714122 0.00448508541 0.150099954
0.0354905986 0.00135164777 0.15121283
0.0351759411 3.20725484E-4 0.151486069
0.0601540356 0.011554677 0.131992502
0.0557291719 0.0121016936 0.13537282
0.0492688364 0.0136985931 0.136903935
0.0454221612 0.0122826128 0.138336928
0.0420447861 0.0109187254 0.141327048
0.0386712746 0.00941549483 0.144002876
0.0359307854 0.00626472581 0.145904107
0.034140248 0.00377069343 0.147340105
0.0331600221 0.00123931526 0.148497647
0.0329160488 5.38240946E-4 0.148604846
0.0577127247 0.0128592829 0.130561891
0.0513775612 0.0144479783 0.133651006
0.0420655838 0.0135406462 0.138438574
0.03764975 0.0111786817 0.141039772
0.0458200404 0.0136893856 0.135221102
0.0355011776 0.00899579538 0.143286746
0.0330902261 0.00606012695 0.14411449
0.0315719187 0.00339134592 0.145088792
0.0306234811 0.00130184297 0.145736757
0.0304198165 5.5483891E-4 0.145913917
0.0560659458 0.0147804778 0.12756124
0.0502958719 0.0167648817 0.128558128
0.0480552332 0.0158500909 0.131670138
0.0437298724 0.0149256631 0.134426073
0.0402226089 0.0139867017 0.138367089
0.0352435222 0.0120097483 0.140247233
0.0401265214 0.0128304235 0.137378642
0.0334836228 0.00950774607 0.141738496
0.035224667 0.011849493 0.139965086
0.0355032367 0.0114544437 0.13900975
0.0312130608 0.00593550037 0.141855166
0.0298093143 0.00323707059 0.142285381
0.0288559702 0.00125160354 0.142846266
0.0284723782 5.69622967E-4 0.143156992
0.03219135 0.00913675287 0.139618759
0.0301011804 0.00547113111 0.139170704
0.0293753999 0.00402966823 0.139245874
0.0300858314 0.00385150321 0.136666358
0.0314103421 0.00639643853 0.137263966
0.033383838 0.00942410783 0.138389316
0.0283948599 0.002021217 0.139474553
0.029041505 0.00183467846 0.136623513
0.0276208671 5.57861654E-4 0.13981451
0.0281928812 3.73026457E-4 0.136836315
0.0309850558 3.3772853E-4 0.133805098
0.0357484424 4.92826775E-4 0.131472381
0.0454334683 9.0306936E-4 0.127944049
0.0507751632829099 0.0012117086068678935 0.12548282468535277
0.0318464708 0.00185623036 0.133700129
0.0366138324 0.00208965091 0.131478977
0.0461715671 0.00283497894 0.128009428
0.0515955948882113 0.0026699444272340112 0.12567718419636303
0.0328559253 0.00383930018 0.133943529
0.0374234579 0.00396426412 0.131553882
0.0465693427 0.00505989214 0.12786795
0.052429466247020454 0.004001882116011225 0.12543113403691106
0.0499809333 0.014541473 0.126896674
0.0478336918 0.0158547972 0.128518781
0.052344262 0.0154424482 0.127005089
0.0501839575 0.0165252018 0.128350647
0.0466184348 0.01648009 0.129723935
0.0395280389 0.0124428941 0.136864917
0.0426207395 0.0144599525 0.133685479
0.0402852873 0.0114260523 0.134567281
0.043146797 0.0126482402 0.132315517
0.0343512961 0.00641179925 0.135028097
0.0360578239 0.00886618458 0.136603475
0.0377466007 0.0109746835 0.13752135
0.038111175 0.00599828484 0.132217003
0.0385731289 0.00810249901 0.133493247
0.0391566422 0.0101231933 0.134687079
0.04203097292535358 8.963078614195006E-4 0.10236911903801721
0.044621772882415395 8.569549829312241E-4 0.10571668571809544
0.04225098852571763 0.0017826844498180878 0.10240043056178053
0.044726230639567856 0.0021817354991171415 0.10561969095826407
0.04274444747388386 0.0037619332820816977 0.10229611632082325
0.04493229476786443 0.0038658815878277806 0.10546304684605677
0.04315055812650589 0.005756629499940911 0.10242181689333767
0.04532245161548636 0.006139841444690445 0.10536051454725053
0.04418928693079409 0.008539961331957236 0.1026051183712894
0.0464399721685217 0.009238174740631381 0.10560005276998374
0.04620859049021528 0.011131244625683727 0.10322010954015377
0.047446966887612504 0.012197688059105974 0.10554505739092195
0.04704823240186138 0.013570263110609576 0.10271096878946119
0.048647528052732474 0.014955253314498918 0.10487051107806049
0.04858704832790907 0.01536406203316914 0.10262411805949614
0.05011050033009874 0.016653711292080216 0.10474705179323955
0.049829283411386434 0.016619500599927395 0.10249016841993239
0.05082354218182325 0.017748806023864104 0.10437384293115526
0.050954286577690446 0.0178374633375474 0.10206693514159705
0.052126912725476364 0.018814571634926794 0.10392628707355202
0.05181789521941917 0.01841794132725344 0.10153051038828838
0.05302578379304819 0.01944737483246013 0.10330296865393403
0.05225140764928944 0.01933516088615641 0.1007110266971994
0.054042692944666036 0.020285739039059607 0.10256349524262405
0.055697597441135595 0.019783866978353316 0.10104579863457636
0.0563513512888774 0.021117363530918018 0.10263846327608402
0.058235810660169536 0.02080828400934444 0.10151874121292084
0.05613389223947928 0.018974961016933738 0.09964804958712248
0.059716546180767216 0.02017529744226685 0.09948820534291572
0.05795116856384713 0.018010884632495342 0.09910936446671469
0.06543670610618695 0.0236079603826074 0.09488684390663413
0.061831688674558474 0.020167604160711027 0.09607416639662336
0.06052174491429551 0.02017406597024604 0.09261293384864122
0.06514453278115416 0.023529820569679314 0.0913843204432858
0.05982463293257835 0.019494300301905666 0.09072899244034535
0.06512399051457185 0.022466768232179062 0.08872898560804852
0.059530597818593274 0.018288255890965468 0.08898242573559026
0.06485036381695239 0.021080984235688917 0.08686161802368289
0.059373403522095 0.016612439569288588 0.08732367833356272
0.0645048557117202 0.019836219061879205 0.08490932246893897
0.05917342023783809 0.014705468345166495 0.08582631305080718
0.06400503184491906 0.018103975672328135 0.08323601925841627
0.05920977255925828 0.012728373248342832 0.08449209627325495
0.06358110073540965 0.01597803989100432 0.08146629556347462
0.059362051687525536 0.010773774629120502 0.08337794895691676
0.06266783821203187 0.013361432094974885 0.07976002091816264
0.059598258253196784 0.008468329584912636 0.08272730913427331
0.061627379250639235 0.01022332908742051 0.07841108774561192
0.058188966957172295 0.006177522411004251 0.08257427258159862
0.060044526459056 0.006896271470664118 0.07819416416952975
0.05721016419302204 0.0035813442396718195 0.08204746717197428
0.05936071854223604 0.0036145415814390056 0.07706922540945946
0.05738452402029275 0.0020281339500100143 0.08180803271232628
0.05929070548540809 0.0020985731584744084 0.07689269525886235
0.06294222241655309 0.02345381876011658 0.09963250749062671
0.05867174957157893 0.0022873474216375833 0.0716763378619058
0.05932804932438382 0.003922159279241895 0.0727808019699998
0.0605523037094351 0.007908737685116527 0.07322778028690474
0.06255763956025231 0.01149436564288387 0.07341242336469257
0.0641600701247506 0.014549894715250295 0.07439117000959879
0.06550136700550067 0.01740366983014536 0.07549107734917505
0.0667052844284094 0.020189830390129074 0.07657186984697568
0.0675077802660607 0.022413010230626126 0.07862849638194715
0.06788075613372768 0.02452047725567239 0.08100481792017161
0.06802770765022506 0.025671105117434954 0.08341519949777876
0.06846901559958318 0.027356248540629836 0.08641039730778811
0.06934437355023124 0.02834764868218622 0.09166157534199634
0.0671994210416268 0.027639988818300477 0.09761184387791622
0.06551125394130188 0.027731526651719168 0.10320772808201661
0.06049914376400411 0.02535647350850764 0.10425051673960026
0.05719737495290225 0.025336671902350432 0.10404006879516811
0.05534774768145598 0.024673508266710886 0.10459641754948756
0.056528103429292105 0.022415135193209746 0.10773473983712695
0.054988122583008336 0.02067765422631086 0.10919292295301174
0.052998549900295164 0.01912180050537461 0.11034032608884697
0.050782571703396936 0.01731391098614926 0.11028759584293177
0.04961051195215916 0.014182587655429606 0.11054022653701699
0.048100958958851435 0.010044303395179238 0.11022163891968303
0.047016015723585325 0.007729418409164771 0.11034095571659278
0.04678267549214653 0.00425580143596441 0.1096517826279457
0.04646611087247993 0.00240004309390845 0.10939034142904785
0.04649254825163388 8.941778545098942E-4 0.10956762042915356
0.05771430258433867 0.0024292447480681705 0.0676392698004876
0.05911493105199861 0.0051811942688320105 0.0675623070496336
0.06093759032843044 0.00829566282408146 0.06829592724503049
0.06287081870895335 0.011648823796842003 0.0689998632556795
0.06507934089059744 0.014881698182345632 0.06981216602895302
0.06651573588702667 0.018099196491882706 0.0706569162156727
0.06936011948916437 0.02194884451239846 0.07223336169522415
0.07063658225303142 0.02413861803907531 0.07736286335563052
0.07122863780130918 0.02736330168964477 0.08488347414266147
0.06563832535141645 0.032434268570355314 0.10572497074048845
0.06300134665258672 0.030898013750830285 0.10625521967115854
0.06139780509284214 0.02820446350576834 0.10825999710055435
0.059806446622025444 0.026110723049691524 0.11035433753655008
0.058490122776543765 0.024894761678825424 0.11216766450042086
0.05679636239779519 0.024119412331321533 0.11357707547825277
0.05466871964786348 0.022704162927791538 0.11476178249984652
0.0525314791320274 0.020315073668676173 0.11542070365925987
0.05111083523015918 0.016897089912620143 0.1160852612161952
0.050151114844696414 0.013278153392176363 0.11653481853627236
0.04876758196874053 0.009979841630256066 0.11689041184970476
0.04795157153888993 0.007398964683875848 0.11666901083419465
0.047483190235194254 0.003845281706888013 0.11590740886362727
0.04738273991561922 0.0017239427049143992 0.11617480066933712
0.05763560708901578 0.0026133422266929754 0.06434299281025337
0.05820874341970352 0.005334609719916255 0.06448985467612103
0.06062275258563863 0.008316188428786958 0.0652290789185499
0.06311575612151073 0.011175916913062056 0.06602747905657742
0.06536372893273736 0.014456401794256172 0.0667250826625056
0.06765943493757708 0.018559670601321906 0.06726992269858416
0.05840966052892398 0.002707733070938165 0.06233585946233033
0.058426504994963595 0.005363690141706241 0.062108577804837466
0.06102486439992772 0.008045941148542936 0.062401375292327484
0.0630690763058935 0.010858451173344493 0.06280273208427904
0.06570916868739818 0.014196129125129032 0.06342864612857116
0.059335953409533 0.0025510679918423623 0.05909781692312972
0.05953428800333679 0.00516974661938873 0.058945685605259784
0.061602786662724444 0.007893978806935828 0.059157931453900026
0.06378273623783945 0.010809049079639 0.05936791749809358
0.06063876664327953 0.002486147251370678 0.05658405085437178
0.06113498773994095 0.005068209264868182 0.05634805969993617
0.06311666905992239 0.008102426994184338 0.05642620249654487
0.06528542755584707 0.010926518501123191 0.056415172535354656
0.06859534273873225 0.015274395986105513 0.057018714562904374
0.0669136144529477 0.014445446845965488 0.059791682744856064
0.06292786942473459 0.002612758081464037 0.05433844022422114
0.06350030553965068 0.005113244505996859 0.05407940213991547
0.06568968956264326 0.008351806958081187 0.05420093943181303
0.06772115686612884 0.011157661287090108 0.05433381053315845
0.0707727656922677 0.015823134856551548 0.054994377130219055
0.06772030515900332 0.01681063847149172 0.06202294067115869
0.0664043555314892 0.0026734459046299356 0.05242699644154437
0.06705010503410429 0.005372914584142939 0.052398866566323976
0.06848527393914683 0.008582981808690002 0.0524164257649586
0.07067251997432714 0.011484898187277146 0.05296376457675056
0.07402215761406786 0.016142993819086706 0.05384187845873273
0.07123517895155229 0.002651706492013629 0.05059512162351188
0.07202702078664193 0.005415454457505934 0.050730419105844596
0.07332373301878266 0.008688968829008424 0.05113595348621221
0.0752005653709346 0.012145937252415012 0.05167904680431245
0.0788393024320101 0.01661070808841518 0.053348787252109335
0.07576809679862571 0.0026456455742090144 0.04933504279740137
0.0768365872771175 0.005477455010461251 0.049803580757016894
0.07810283493118286 0.00886812712214015 0.05015314083585189
0.0799221204510822 0.012559358585379779 0.05079817345430422
0.0842027454090259 0.01707689488515251 0.0537654621186523
0.08121260134347225 0.0026613942366295255 0.04710354277348713
0.0821227873339743 0.005388329973012199 0.04819563924701475
0.0855347308880845 0.01287005923888652 0.05031134510061668
0.08349811267843432 0.008918264381320377 0.04894924484170898
0.08795260429806534 0.0026657011390259495 0.04610999901610331
0.089175278204345 0.005847420608540023 0.04837796339375855
0.10118035195924265 0.019618028461874496 0.05459930855531883
0.0958969488754248 0.017907653050426815 0.055746042402259555
0.09292670387690474 0.014270781590964765 0.05234348600683846
0.0979776947298506 0.014303125104187096 0.05172040296646336
0.10396077049713993 0.006279134181096367 0.036304430289405096
0.10506891144453781 0.010305484283333008 0.037185186899637616
0.10312436264516392 0.00952786840376472 0.044306449265480295
0.10116780056830962 0.0059226559408207995 0.04197913904214533
0.10331495483632318 0.002724003014291702 0.03574114270673577
0.09968393982351394 0.0027043381344000264 0.040410582848486525
0.09654294504692959 0.0026946149901044387 0.04285406684624193
0.09810065213903883 0.005897776368828612 0.04466366828326853
0.11117413213447283 0.002921641729206714 0.03402913977630641
0.09336902927253182 0.005869887067945478 0.04682814005598488
0.09229849782881804 0.002681827793332292 0.044409183914579695
0.10329980370323842 0.01433370415693599 0.049277467190023634
0.09542130154677961 0.009462097695879117 0.04884602636430904
0.10036624181473161 0.009495016819341711 0.046642189003514696
0.117262113 0.00313950412 0.0329364761
0.11781744 0.00636226183 0.0332114254
0.11201439195596627 0.006363669468031873 0.03406428145753687
0.10604556665780157 0.014371934281325282 0.0464122297725417
0.09057506649073213 0.009429497581355214 0.05005626633878324
0.08951818565271184 0.0174676510231401 0.05479857507715629
0.09975864899067241 0.024486438024698097 0.05896001861615233
0.09387677602254946 0.0241665794613116 0.058573412149021495
0.10618699937773894 0.019637997563656903 0.051954448322886294
0.08835063974594769 0.022693772655874214 0.05716611434366022
0.10417650463267933 0.024437017871282492 0.05715564457788293
0.10887031993403422 0.024449157774964345 0.054284326161791185
0.10681096768402734 0.015110683869464766 0.03853757636946823
0.11002542252562876 0.009842447134079217 0.03425404884276103
0.118037238 0.0094789674 0.0333615651
0.116924396 0.0139895499 0.033385437
0.1105181024064697 0.014193569732268162 0.03579984103133782
0.116388586 0.0194646016 0.0338764241
0.11117298826552587 0.021043020517961544 0.036303280091680434
0.10968795649473136 0.0210308134880475 0.04067498978529577
0.10856323764645896 0.019691626969905347 0.04794663959714008
0.117618564 0.0262600934 0.0343369966
0.11396216943830602 0.028027221219644537 0.0372637038795924
0.11295628962359572 0.027138288369372512 0.04334185554896189
0.11124413482747994 0.0244975931380569 0.04960338151232589
0.08383489364129708 0.02181259510189896 0.05621796216069961
0.07880527216907003 0.021442869326204747 0.05625079409843089
0.07556197863973063 0.021409115890119006 0.05700279586724522
0.07245190795216343 0.02113376024795579 0.057999866034173335
0.07053087768784297 0.020057894119713263 0.06007335034712158
0.10675244397674026 0.030427704967623412 0.05942359966192725
0.10257011198898096 0.030485403803205167 0.06077843153646922
0.09736133362446105 0.029771448807203366 0.06094490071242341
0.07166433011070787 0.021922875850668877 0.06533004893147404
0.09134184348630683 0.029609634198155772 0.059819934450820636
0.08692902021676784 0.029071153700278133 0.059190372383920616
0.08327942556536277 0.027587167869415567 0.05965832717858493
0.0807801840297021 0.02641197380189726 0.0613324590678079
0.07779740588824414 0.02517018774108423 0.06324107200540227
0.07477471401051161 0.02381231654878047 0.06413533996889181
0.121054602 0.0347964487 0.0350105088
0.1170439468229171 0.034973445571351056 0.03911361411892123
0.11627131250153985 0.03320004083573389 0.04643794903234811
0.1140292479718864 0.030480435539969385 0.05208732953243436
0.1115665152772468 0.030432178569305815 0.05659671449478063
0.121763611 0.0412088016 0.0359232361
0.11977982250461071 0.0399537458701313 0.04165939081653102
0.11814883131566195 0.038433776860561965 0.04842808598276951
0.11637727284789486 0.03624949870590287 0.05421655258728188
0.11356722866931691 0.03480968758981064 0.05834540731684677
0.1083433438410086 0.03520245373878848 0.06030264461663267
0.10390832906022868 0.03506496081941538 0.062107467995462226
0.09933650360272649 0.03528208945710484 0.06231949351133294
0.09459232666267584 0.03521259066760658 0.06236136796989775
0.09072579049537406 0.03463030846981861 0.06269635900548684
0.08719686174727326 0.033317722280486205 0.06335978257924123
0.08429089286978106 0.03142111228478679 0.06540893533804679
0.08175351688636422 0.029639706797712488 0.0675246405890923
0.07832489631411306 0.026860600295886577 0.0691812537734885
0.0744108232677902 0.02441446168498462 0.07032999565209774
0.07589072367679872 0.02733986879216632 0.07615923327549093
0.08051381888619503 0.030385847707088093 0.07419373189100174
0.08443548543183088 0.03261771765845608 0.07245742924248853
0.08751998619054766 0.034594637565643405 0.07031073939837493
0.09014913071517797 0.037129230949532945 0.06775125803405059
0.09439153663273143 0.037906924118188544 0.0666787870140928
0.09763326061598877 0.03900481162973072 0.06526442088908757
0.10157901004832731 0.03910225904207057 0.06463159165141434
0.10575645882579968 0.038959705050480437 0.06370105991133705
0.11020025690801415 0.03879196043057643 0.06256124736711631
0.11504278625570945 0.03882256520238922 0.059966252072493564
0.1180159230386237 0.04020442322750539 0.05620427210529038
0.12018550505020477 0.042370575383631585 0.05080445713644052
0.12260069370822724 0.04382941615974882 0.04450262637460914
0.124471977 0.0457085851 0.0374105511
0.12795796 0.0494295883 0.0409455861
0.12540848069450589 0.047284337758050646 0.04747776198341772
0.12208920423110699 0.0462184761448924 0.05321438052041403
0.11967099229300537 0.043817694683324075 0.058372967948746385
0.11667110223652227 0.042456046455827574 0.06243995159960009
0.11184546265224456 0.04236592809444069 0.06525962484314857
0.10767842981233014 0.04239907483517671 0.06686546795562916
0.10267918226148831 0.04274690705174392 0.06793012942076382
0.09880912269580878 0.04227927944267393 0.06880239224489582
0.0955886172568555 0.04127426786764913 0.07045988509772978
0.09316897663105812 0.039273602547661254 0.0732566629307539
0.08980802600037097 0.03732747990086615 0.07588900270157123
0.08620933441707505 0.035144157687688145 0.0786186075817579
0.08155366824382627 0.03328474610972814 0.0810234570190709
0.0757242958871821 0.030357565084113736 0.08381624898407843
0.08633424004651791 0.03867905103753534 0.08912352390500769
0.08040843786439507 0.0362485836616603 0.09216729031351056
0.08153726137980957 0.035085665152161626 0.0877765233783367
0.08687794609228718 0.03708441787539514 0.08486867019558811
0.08589104084027711 0.04001288301221169 0.09296509639145342
0.0796020792472055 0.037595707373234775 0.09597007825033863
0.0941456830600525 0.04374907342351629 0.08224026186275046
0.09072681184501814 0.04119214703848489 0.08556997792378662
0.09113050158534702 0.03937262964872908 0.08146757807013123
0.09410122838224452 0.04210131850050859 0.07814311795234796
0.11153756942045888 0.05427440997893645 0.10441655997060299
0.10639365949666191 0.05316092466613246 0.10729072609606508
0.10485753778556427 0.05091794156232729 0.09916837021930418
0.10976349934519775 0.05182950651187876 0.09598042960294957
0.10261120086134305 0.04844410294218464 0.08694534323890983
0.10343376390008514 0.04962204145037646 0.09189706056134384
0.09889758786112246 0.04859452865932636 0.09494121021995511
0.09832430734388617 0.047422528335441076 0.08967520646035368
0.10027532729581995 0.044309300337712465 0.07402133327272141
0.09705422211742577 0.043303027893360144 0.07596952431686792
0.07262735714577709 0.03374602508094218 0.10455315300016879
0.07349254754469967 0.037397710605336316 0.1101114241816949
0.0680176802580738 0.0340537171337752 0.11127512226373626
0.07117163695442877 0.03338933144433541 0.09882394177179915
0.07308890245723028 0.032762555645542715 0.0946833702026
0.07454563426108046 0.03217894008398617 0.09015333603657409
0.11019946363219608 0.047151081280635505 0.07398016531914293
0.10519607561209736 0.04651402178141124 0.07614857097512494
0.10387356343865309 0.045374067957521726 0.07188746618287985
0.10891291074298469 0.045523108661843746 0.07024044841432213
0.10113803237045399 0.045797449765433255 0.07815665158851426
0.10189254857193625 0.04702938484040253 0.08236816538851109
0.09770712693942286 0.04633367514022878 0.08472738261063824
0.131087441 0.0521670063 0.0445500886
0.12742590646992466 0.05073365471462438 0.050763117838076945
0.1240642831298551 0.049257630719170255 0.05625513018653376
0.12155346123841114 0.04638954030609813 0.06126031702919213
0.11836252638301314 0.04524763530641741 0.06485752585857416
0.11360484828695398 0.04511740235133629 0.06849567107870545
0.11511520068205879 0.04689722901359716 0.07148137649829377
0.1163987730248617 0.04812542884612689 0.07433310963715908
0.11132184443833486 0.04842699584143833 0.07740377193700708
0.12339255272040026 0.04847449810934523 0.06419766957392843
0.12521877141924775 0.04978050707672307 0.06715269846675245
0.1214002374032579 0.04812920261584252 0.07126591936096331
0.1200204426841558 0.04727366531562498 0.06771231222880096
0.12969123208445438 0.05350466808167427 0.05441164484745802
0.1263365064395049 0.051280783537047375 0.05957054015422825
0.13345326 0.0558747461 0.0484194298
0.135803271 0.0585255485 0.0527693731
0.13225201291418504 0.055240134744067845 0.058312674250688104
0.10739919373532962 0.0486178805080067 0.08442883131914185
0.10821770968956816 0.050129177567639516 0.08897086834158285
0.1064415512446737 0.04736788318447126 0.08016028780529275
0.09417865671283168 0.04614311293619571 0.09208266265517669
0.09445225648159324 0.0471297621041529 0.09780001513501796
0.08999579288711353 0.04479122212307924 0.10096432397779265
0.09017679288233396 0.04376758203137725 0.09488800681274226
0.0974376276185863 0.04483439239802976 0.08037619049771282
0.09402667402462356 0.045179064339575005 0.08687940917907513
0.09037882441055158 0.04269905571568715 0.08975663433943996
0.08549930432810167 0.04152892358390854 0.09785870783870516
0.1153478055823499 0.051927957034256615 0.09257681974405985
0.11368062009873994 0.05077260370015116 0.08564556013271428
0.08482768849345322 0.04296757888253375 0.10344539322361691
0.07967409633943914 0.040307596599670016 0.10773220057338555
0.08075728413206607 0.03676637286435224 0.10223871817442774
0.0805548351505367 0.04281171423158713 0.11434222986991747
0.07435405251635815 0.04043197685964508 0.1159145182290604
0.09034590908852023 0.04738276513423335 0.10758306621932762
0.08504276659320238 0.045959437158133686 0.11029022326106469
0.07223272172585943 0.03914667377974466 0.11676854545535562
0.09560425433516237 0.04855255621547982 0.10491699114445109
0.10022451336439027 0.04990492900009306 0.10214208146031818
0.11260067504713922 0.04914686865752873 0.08139741880857838
0.11767211220332746 0.04920851358360995 0.07814649953227772
0.11904865505247957 0.050753118492890284 0.08230941782811957
0.12857935199821804 0.05285783126891655 0.0626877191866518
0.138869634 0.060020131 0.0577142288
0.13469486678299464 0.05653951683743165 0.062495158814506575
0.13067493723052065 0.05361502965267737 0.06665955115813603
0.1269052598783214 0.05026912297596989 0.0711514545285748
0.141620613 0.0601190937 0.0633617262
0.13703931778325862 0.056565379850653096 0.06746613657108803
0.1327470853275262 0.05370075638974217 0.0711903573726224
0.145855656 0.0590448974 0.0739914815
0.13971069253694515 0.05610763900692662 0.077278061118879
0.148687907 0.0583868624 0.0827127864
0.1404470689894563 0.055109095545084766 0.08594820438009554
0.12302105243512271 0.0486056539666692 0.0744876343490325
0.14185031907822906 0.05538513461789937 0.0954707742466938
0.15184701350707572 0.05931417153486494 0.11123797803119748
0.14668745117920215 0.058463790911849736 0.1135997119057475
0.1388464669736386 0.05525130098735997 0.09847812060516353
0.151629685 0.0587085008 0.0917263284
0.156981185 0.0605193545 0.108970694
0.160723344 0.0615663143 0.123671338
0.15561939172650716 0.060871617294099005 0.12544438769324348
0.163848917 0.0627397208 0.136288304
0.15844450185720357 0.06236383546636404 0.13733842714540948
0.15034238483167833 0.060878738934892825 0.1272463032359716
0.13534427048208267 0.053854331244274266 0.08883225007397055
0.14116624933380822 0.05924105454061864 0.11586448122330788
0.1366997990010376 0.05635877708331509 0.10142025708324498
0.13516103909401306 0.05443613075992712 0.07967925183304889
0.13081295154701564 0.0531753556418999 0.08234240347010988
0.1283975752537415 0.05101731390325895 0.07520344437662389
0.132974278499976 0.05447948161789723 0.0914553678833323
0.14443968035884852 0.06147548435392755 0.12917981712155538
0.12327730833339479 0.05057560374854048 0.07870986710640811
0.12579661776242523 0.052167436105284265 0.08539582408833918
0.12075176733853264 0.05227053262756215 0.08888902509782075
0.12857327844971617 0.054598883019038834 0.09449210942194428
0.12603799910070854 0.05804970699555096 0.10803012272442096
0.1284184499290785 0.06220517090287803 0.12078190626564862
0.12222640453641599 0.0626436962345013 0.12314439372273049
0.11987210074460772 0.0585004397204141 0.11093928019422954
0.13188483932346193 0.05727535521207783 0.10441766665208706
0.1355608106629707 0.06087789329465764 0.1183826420760446
0.12320451011870023 0.0545279539562126 0.09776347294654289
0.11747167438317709 0.054419839348516595 0.10128473919141942
0.11340939853788103 0.058090720882126703 0.11387413930959527
0.10813198877388551 0.056748237570782956 0.1163566615280016
0.11571462629505228 0.06182765434192449 0.12568693844153078
0.10987536546335401 0.06015138263551637 0.12809558733326035
0.10154230035963219 0.05228106989246415 0.10981205480009362
0.13808489652600023 0.06262420613771946 0.13057387778199075
0.1312196509435353 0.06424582569301529 0.13216720482932406
0.12442016169584336 0.06432856775821132 0.13438023709073968
0.1331546835179209 0.06559416449870875 0.14208414169150985
0.12775682946138264 0.06633212214035664 0.14610699763942714
0.166851838 0.0636320623 0.148473292
0.16124572146952232 0.06398109654256903 0.14893673694817
0.169430921 0.0648282314 0.159321088
0.1638062584944923 0.06547999995677702 0.15946724612367003
0.172041148 0.0679467841 0.169435925
0.16608431004954408 0.0680725425356913 0.16927580739990436
0.174361365 0.0704904233 0.179181822
0.16816013988771822 0.07071156853999704 0.17880750271993498
0.176683192 0.0714499149 0.199198108
0.171073844 0.0700585546 0.199826709
0.1529671468745631 0.0616778570199009 0.1385848254530119
0.1556528063844688 0.06254131629236795 0.14957891801954018
0.164753946 0.0690068102 0.200275977
0.16125197905348335 0.07103826984294585 0.17864927926256924
0.1601679267175755 0.06664242401027932 0.1695659324307182
0.15818644576064256 0.06409887913450225 0.15976795217962672
0.14665833264385278 0.06135474694267746 0.13979713017244383
0.1492453134085148 0.06233466694889573 0.1499054449253928
0.15201246799472648 0.06336546511385403 0.16014613191015328
0.1544900841013552 0.06543666848609293 0.16990137554044635
0.1561094546244361 0.06946910600574861 0.1790546036005799
0.159536295 0.0689741338 0.200113179
0.151625583 0.0735430997 0.198448262
0.1490863979878422 0.07114280591305773 0.1787357782139908
0.144916495 0.073017101 0.197850598
0.14196524588366582 0.07102682301702748 0.1794406889395873
0.14706294121749378 0.06896901184469396 0.16895125516759518
0.14018187662042966 0.06937830359312176 0.1701361906012625
0.14487539360440235 0.06700857482260933 0.15957679123773216
0.13801320312528464 0.0676799039521626 0.16088611979319878
0.14276812690571217 0.06555289786962731 0.15061153663301372
0.13584696144362104 0.06622666083791766 0.1520628075479448
0.14046933883595836 0.06447700696456542 0.14039286969843542
0.12941788609342364 0.0666643550267004 0.15314329523383222
0.12096216411604586 0.06408377121087493 0.14602501109158023
0.11824881531435243 0.06339213757214904 0.13677801355562388
0.12314531040599073 0.06599164502060312 0.15488243857518863
0.13149770365285005 0.06790899943392882 0.1622202096882914
0.13334745621421618 0.06850305620830528 0.17124395727569028
0.13494611798707834 0.06980384027236808 0.17999911227526286
0.138174412 0.0719364736 0.197123878
0.131001332 0.0704272468 0.196260032
0.12873555926319477 0.06831416645882621 0.18057993776596035
0.125701637 0.0686121133 0.195996246
0.12316215508965536 0.0674576300482955 0.18079633130024408
0.12693632298934365 0.06748655147557567 0.1721608229056978
0.1250363787784943 0.0668115307221155 0.1635558717933443
0.12120357722038969 0.06647107655732773 0.17278210041292869
0.11940470250081879 0.0654228843779057 0.16452039564468357
0.11759296549841351 0.06386496106720949 0.15616238296504226
0.11540515914716683 0.06181755836364283 0.14768471539242775
0.11283350726993162 0.0615254912538065 0.13892739798883905
0.11138130490120594 0.05959905568604571 0.14908428673560875
0.10874282448180336 0.05931482485445814 0.1407975089419889
0.10802333465243684 0.05782086320747355 0.1503602537896487
0.10500062204143605 0.057541495674900904 0.14228071581993101
0.10123360480765595 0.057226198141430505 0.1308530749311854
0.1050439557722338 0.058459180312782154 0.1296657850118741
0.11324157099760249 0.061544084245461525 0.15736681521906037
0.10936481570797178 0.0599065066587552 0.15815797900902007
0.1006491412237341 0.05621169773676295 0.1429380879649036
0.10404820902083733 0.056274678126798025 0.15113245594256638
0.09880808769460983 0.05512976974371464 0.15148194060017836
0.09605818673662146 0.05498547950298288 0.14344676978779816
0.09904996979419854 0.05365662876681349 0.1206597679591718
0.09462184769229912 0.052178241220931926 0.12251834500011291
0.09186849329462525 0.0496847121407199 0.1147564662132057
0.09713099013943222 0.05070971551779053 0.11236390022266228
0.09799393231411203 0.056188017962148756 0.1319161864416956
0.09367184743303845 0.05460965208609242 0.13316517306030962
0.08988766520283079 0.05134038131724261 0.12410439417758963
0.11038814750091007 0.06158106479750228 0.16621679703689923
0.10612612661322313 0.059992981868821946 0.16683155623000392
0.10570136250350469 0.05827958169240843 0.15901199918678194
0.11459522693645392 0.06351545592217141 0.16545320018160942
0.11618528467496188 0.06495117515814891 0.17348338591605625
0.11163249055166792 0.063005876934504 0.17421557440923405
0.08347894505929805 0.0494145917616307 0.12674936442586887
0.07834550148185954 0.048134276894554094 0.1280049260534514
0.07687275068932743 0.044154763778522114 0.1226598097293634
0.08234401390743128 0.045721764967634956 0.12128905848694807
0.10322350314090467 0.055377918349633015 0.11859048955247162
0.08685088305146414 0.048495684595191296 0.11703156782053152
0.120183102 0.0664848697 0.19586377
0.11801150609465356 0.06578826164855837 0.18135599549138712
0.114749897 0.0643190173 0.19559565
0.11308733671850059 0.06385964569216268 0.1819353043309645
0.110022221 0.0620341181 0.195734139
0.10837192384773164 0.06155855325242312 0.18240291509420914
0.1070078528022719 0.06119337625667452 0.17475344915046706
0.10099408987028369 0.05677483657250259 0.15954921462617086
0.1023419888019641 0.05757633492182401 0.1676605667920195
0.10272501426195696 0.058829011126666116 0.17517056787255392
0.10356609673621152 0.05892634758359106 0.1826413181370219
0.10443555 0.0605554789 0.196067324
0.0993276709 0.0581123163 0.19633592
0.09871834132437293 0.056038217105593764 0.18334287753144585
0.0979708124992252 0.05498692741085372 0.17644157515467057
0.0980461607208451 0.05275856576764144 0.16979943903385064
0.09417555380820516 0.0578183230250226 0.15910706420257267
0.09164742709218358 0.05712632435008425 0.15074624588805902
0.08984827906268307 0.05639180305289342 0.15968921377158832
0.08762311841179402 0.055903776689993565 0.15145404134746743
0.08896221632854616 0.055307219013760775 0.14296475223670987
0.0841553605392558 0.053143630799144415 0.14379324850672665
0.08613379391486387 0.053697917862108466 0.1353011412686717
0.08066962348496416 0.050511883008587985 0.13489720041423173
0.0775612722791844 0.050723075855670395 0.13695384193313884
0.07464941664534425 0.04803367245632303 0.13862826225088512
0.07212807769753211 0.044129165190550455 0.13047508479464145
0.07509855096447539 0.0462496481753722 0.12909468820437608
0.07024577861341166 0.038409394520991784 0.12498855048047211
0.0733776875881301 0.04157894705416288 0.12332797293990888
0.06893406767364658 0.03794110805486347 0.12906437287533573
0.06669646847306547 0.03218246847942108 0.12867657952059758
0.06515112388974278 0.031127249978813394 0.12435716830861081
0.06840461333529667 0.03576105182928865 0.12457845096058644
0.09259265666864223 0.05217272169528387 0.169438736816532
0.09279743450023721 0.05271977108905362 0.1764966686975744
0.09350642629719677 0.05326127720520328 0.18341288911566353
0.0947766772 0.0547878831 0.196203969
0.0905236704 0.0531615128 0.195444183
0.08845295177036502 0.05142266380434631 0.18351743440165486
0.0875693444351125 0.05262783383740426 0.17605504652779258
0.08742189565607414 0.0545100135489281 0.16859551718055935
0.08746349416197538 0.055688532433741306 0.1600065332775996
0.08479750575026732 0.05496448751279216 0.1523714183150118
0.08255678287704313 0.051023729895898935 0.14524918416839855
0.0859619064 0.0519610187 0.195375512
0.08399435852176311 0.05088445910382584 0.18404522062117903
0.08282697075995347 0.05185083801027933 0.17720399769109244
0.06445232544892814 0.03193311735921547 0.11338850105073656
0.06206018294506359 0.030230065935609465 0.11454861597622246
0.06073009018460441 0.0281433430456598 0.11647728118796248
0.058964468739700314 0.026434825776610604 0.11763957764021664
0.05615613732302622 0.02398020388242653 0.11900775501014263
0.06921226251049056 0.036189507937126886 0.11841609137004175
0.06633099984105266 0.03250536856213502 0.12013210797462642
0.0634074796116055 0.029755053019641424 0.12024296197672495
0.06275950399524453 0.02815931874107337 0.12480645438253823
0.059973897586654064 0.02452578931120259 0.12550659846208698
0.05865285865223982 0.024477619400417733 0.1227296434208145
0.06124003130684027 0.027195646195554018 0.12170950987927823
0.05409811011598199 0.020585431262777277 0.12044539613280544
0.05195148152587144 0.0171485807428218 0.12066695972907286
0.04787391177640869 0.009188820527817408 0.12108544195093501
0.04673847987646962 0.006550701126065191 0.12090632124525179
0.04627561763941424 0.003377917319137025 0.12022904847251849
0.06421593548370542 0.028195647732871133 0.12856831564229765
0.06093046563221553 0.024113842075373173 0.128652928653493
0.059164571573872345 0.018370844482752065 0.1300150793891033
0.057939752181493255 0.01989847643709258 0.1264812439421999
0.0705426588960387 0.04380175010316878 0.1355612108689791
0.06869851461951014 0.038352935297862434 0.13400885956454178
0.06660575094321639 0.032966266873872364 0.13270032032752596
0.06746610743073646 0.04074986381530481 0.1365124107389887
0.06617986113949655 0.03490427642200204 0.13499902136320793
0.06431846568986158 0.028181320093154136 0.1316493535543796
0.06161427683555498 0.023216990290782214 0.13214933160961642
0.0554904138212448 0.020735049962787706 0.12389015914308196
0.0737060339491167 0.04889322960023574 0.1423100571322466
0.07966297382921397 0.05141880758772657 0.14785921389861412
0.05828594907893441 0.018617194095376943 0.13355958582669322
0.061687107840762645 0.023103112207069013 0.135454802249934
0.06456175961820111 0.028432486201130716 0.1346675025661766
0.08250802505830947 0.05424364481989505 0.15359134943322306
0.07301928568993095 0.04811560902194897 0.1454149704119318
0.07788623726580932 0.05145508559529201 0.15041967454900765
0.08401629124454679 0.05394608591495789 0.16785027321174983
0.0848203413488678 0.05510218555098568 0.1607126110095912
0.08223741858410837 0.05414496767628926 0.16216454922966164
0.08055424197831602 0.053979784370849215 0.15586560899945914
0.08107559202251581 0.05281919283478244 0.16705553674897783
0.08066882155062767 0.0513506037365204 0.17314483794834584
0.07837712145987827 0.05065722649505787 0.17066377126081989
0.08002945795383586 0.05245089121034161 0.16339118994652643
0.07876468308150897 0.05125094503900326 0.16685810911808327
0.07976865034276513 0.05104950650034224 0.1855177705005793
0.0815885826 0.0505494603 0.195182428
0.07563414583634341 0.0499539467924194 0.18640293588158371
0.0775204927 0.0485267803 0.194857688
0.07153174059369428 0.04753553550202134 0.18704784402401545
0.073382097 0.04651537 0.194718017
0.068002250909848 0.04339881260667786 0.18670682404209687
0.0699221669 0.0435758596 0.194483856
0.06476085650551197 0.038548760390198 0.18661513417634998
0.067528456 0.0395600195 0.194272039
0.0655906723 0.0349975135 0.194450774
0.06186372196010455 0.034582663962258786 0.18684008641760572
0.0627445468 0.0309949019 0.19507788
0.05934608347571132 0.030022310631199388 0.18814531226655987
0.0602512046 0.025611262 0.19596005
0.05660210487795758 0.025480323312656056 0.1890434908620709
0.0578146641 0.0196778809 0.197073403
0.054577952653949484 0.01788614018639115 0.18937732017640727
0.0565376641 0.0120250111 0.19751805
0.05359209033741234 0.011973175064935225 0.1893793845958575
0.0557471506 0.00378053379 0.19762447
0.053873353851117925 0.003977433346078672 0.18895849913827753
0.07861222509429952 0.051491827612977964 0.17902372787562004
0.07420998713311953 0.04984728114250378 0.18100141554248325
0.0666643817408086 0.04347247520007733 0.1825471551167606
0.07035349979603242 0.04744859451321845 0.18208059603242446
0.06397563599043135 0.038684138964417365 0.1818994145254561
0.060568325380696265 0.031940149575997445 0.1827875927056654
0.05706193916056091 0.02562928617944018 0.18458750889777453
0.055030595909566854 0.020314696132537467 0.18482068197235207
0.05379616209271558 0.015697067060343253 0.18415160850999115
0.053050381076705524 0.010748571152726613 0.18375043385769943
0.05321892137469517 0.004332499356095891 0.18319811822497842
0.05390325758989532 0.0042118402563454385 0.1805503862335365
0.05410661960065257 0.009198564018858544 0.18027789787653914
0.05488919769952456 0.014323392257017568 0.180852240127441
0.05612025771128547 0.019618078071126508 0.18247448414742803
0.0579380385468907 0.025500920201321355 0.18266449301571872
0.06080434573360481 0.03197847316776522 0.18101200057836392
0.06363150633292788 0.03922748546190779 0.1802168939128419
0.06555687420170912 0.04299574535601196 0.180531712053064
0.0688621748048216 0.04752195216967504 0.18018269521286995
0.07231316722811162 0.04970234328919594 0.17885034892763033
0.07730303269165492 0.051680845825184986 0.1758858077523924
0.0759296939157602 0.051097841565898416 0.17318678121112574
0.06155533099740274 0.023690685111788106 0.13836058560985176
0.058750772111776615 0.0200146094666996 0.13964289691624404
0.058222651212226764 0.019245376954449712 0.13690899473589527
0.06157347389671075 0.024712609205345987 0.1412065147640643
0.06444363571177533 0.028728925010980323 0.13757156636632056
0.06432534860858433 0.029208277155097433 0.1404328821561653
0.05880369713870566 0.021847434809336465 0.1423738951603333
0.06418681852775769 0.029474339679223267 0.14215199184539234
0.06208999359756175 0.025678727474762006 0.14368381503498606
0.06636234069504893 0.03475678321500181 0.13778432161052576
0.06562420530012408 0.034742085859931056 0.14054849396566396
0.0653477772632677 0.034553731155996054 0.1418916486888562
0.06958743812822567 0.045639449792757615 0.1388634893214932
0.06945276059479473 0.04457143739352535 0.14184818936603516
0.06707792549843054 0.03947530948528812 0.14152468676919633
0.06749324345506857 0.04012801238668349 0.13916359513864585
0.06882381574323006 0.04329504920262646 0.14408361943689735
0.07224417078311239 0.04692831257491073 0.14803681852047335
0.07650520534626468 0.05067490856803921 0.1535499063265368
0.07899974203367159 0.05294357143220033 0.15847202065713112
0.07668316251352862 0.05056090428679937 0.16905565752764146
0.0745090891456743 0.05053471932073747 0.17114687913257234
0.054539400113618935 0.00392485737038407 0.1779190055254038
0.05496283782063783 0.003530142889464892 0.17479995737091572
0.05427632387887519 0.00321850068306238 0.1719301118024673
0.05311898213827103 0.003045852222581823 0.17001692745394387
0.0462041873400319 0.001552453445132693 0.12049141579079194
0.04286644969325302 0.005822150399457278 0.1250390857706682
0.04279019126208662 0.0033833998392492092 0.1245698719014513
0.04193979948269545 0.0014589071590433286 0.1244902945110136
0.03861767535794704 0.004850373695694071 0.12827790189091973
0.03782072500801264 0.0028335320601306072 0.12774683071398737
0.037269145231918425 0.001125246887664289 0.1275451535395913
0.03134189700669003 9.192763808741882E-4 0.13036122620256843
0.0320671103386169 0.0025156812128692124 0.13053508477747316
0.027829417121135562 6.979565787843587E-4 0.13261755465347305
0.025601202098555445 7.525667938856287E-4 0.13588288235414267
0.026427513012557885 0.0023627198487799262 0.1357687333395921
0.025772635776780694 0.0025419012920843732 0.13871906958917382
0.024994870179316585 9.13702728248475E-4 0.13907559468142608
0.027548074355511674 0.004395145563520457 0.13563978824012748
0.028781857416499995 0.006903648864971749 0.13576169970620078
0.027802843492856326 0.006599351796484741 0.1379242604351012
0.02680786859181237 0.004556192722744228 0.13830578605144195
0.05100051104488044 0.015303026812807617 0.12418914925760424
0.04909539043241114 0.014195416394379363 0.1239620723017043
0.04989634073731266 0.012669814350809383 0.12117956142092719
0.05120090135238047 0.014935743160911933 0.12113390792736384
0.05446704328149667 0.018397694305460264 0.12428870684511899
0.052733972389386014 0.016598363095203933 0.12442663095713256
0.032901602030214215 0.004306883190995975 0.13094472861327783
0.0286602253394332 0.002340983011455493 0.13270218564012398
0.02973597026685461 0.0042205547997761364 0.1329927041069246
0.0310342319952165 0.006760817872692061 0.13382116447559625
0.026273736645167363 0.0010178089235416423 0.14271338706828907
0.02804921762330663 0.0010477602838077581 0.14549850076355725
0.03014933105786481 0.001121496115274849 0.14798088285230634
0.03262080976602062 0.0010593979914732766 0.15056140591035969
0.0347721944455145 0.0013038056159360308 0.15292128733303936
0.03771715262181443 0.0018029772461128305 0.15578580241667342
0.042002506128421234 0.002825681403497214 0.15960181653809782
0.04444108345834421 0.002752330424104418 0.16161521077631394
0.04678747088672349 0.002743886356344582 0.16349832738040834
0.048934319047841915 0.0029137782293348503 0.16590103400705583
0.05145606942244246 0.0030938622942494726 0.16816574064505105
0.054993166999074035 0.007773930363108039 0.17795269079156437
0.05551013173376489 0.011571283125080638 0.17785117691655294
0.057688247198247944 0.017356822671930075 0.1789322331530335
0.058366735844120464 0.02098682059637571 0.17947965833045476
0.060151548020033724 0.02119559497183371 0.1781861998843655
0.0609992489900897 0.02599001772413682 0.1783504712748767
0.05966260605447386 0.02574709529213393 0.17949074709389434
0.06373802585889932 0.026173567586034938 0.1762376673563314
0.06552022227529392 0.02528465251301986 0.17347285544806584
0.06410951104289848 0.02995363084223425 0.17289392235894305
0.06400380081641255 0.0311266548280885 0.17565216248479032
0.06479015469717948 0.03516746398889852 0.17477773920933445
0.06423920150865328 0.03418549407077749 0.17180616648290795
0.06566072245849207 0.037352188346566 0.1701817374278662
0.065350233851679 0.03834660175760204 0.17336937972941974
0.055860529430869034 0.006041597645286848 0.17450245832958367
0.056666865937524784 0.008982816655927262 0.17389866018628147
0.05593486325990236 0.008159732207130807 0.17111497399497372
0.055171034032592714 0.005284834828629101 0.17148618757056155
0.05483533569068795 0.007402436929185459 0.16861354269795006
0.05398800680919593 0.005111535118213836 0.16913653200866127
0.04479538477694525 0.007326340321904153 0.15730092313835373
0.0427199071061535 0.005018529748921537 0.15902580922100373
0.03868346472759384 0.0039006224390699894 0.15543344829978797
0.040568443509500514 0.007086892470908455 0.15404841700227528
0.05313243532695969 0.006633080774801368 0.16664882164658776
0.05228919198110221 0.005223374544042689 0.16730245366287427
0.049878492402749296 0.005148212625090495 0.16548237719085393
0.04522620177416047 0.005012913988996214 0.16098600293474224
0.04773678068139218 0.004886791291692248 0.16298674054760487
0.04734099438917611 0.007324437050967113 0.159344978654346
0.03556295866585393 0.0030312964598586648 0.15248858879730956
0.027508272095596007 0.004490059040214986 0.1414391965072494
0.026668271056711653 0.0022796955212976296 0.14221322243396178
0.028859841676384872 0.007151749026454617 0.1408541303657642
0.02917109249673039 0.004671956540135056 0.14433519552613322
0.028223122116632082 0.002427812572386854 0.14507896195186337
0.030528999107932272 0.002561306627717994 0.14781637171128373
0.033052378905810295 0.002647349328608773 0.1503192262907746
0.03152049080248978 0.005150238694926184 0.1467151416889185
0.03424326375043269 0.005782133598220325 0.1491437921647906
0.03716900590107765 0.006565430562168458 0.1511950318601324
0.03068452093622226 0.007427688855043566 0.14341673774173283
0.03434298533917046 0.006287435346558306 0.1319414566692079
0.035522323060131096 0.008703863045855811 0.13349028253116338
0.03319299804060407 0.009430835922999519 0.13547238508296225
0.03620801758776363 0.008044725712604481 0.1471443662335772
0.03340861886496906 0.007741416793190858 0.14539552144162424
0.030661994415908084 0.009930061507380138 0.13661364010811347
0.03689421779630703 0.01098731346381906 0.1345823830444764
0.03519593101408692 0.011884082438113862 0.1366969687391285
0.0331895305213498 0.012293098213242027 0.13751855063512905
0.03852884612692475 0.0125823219246298 0.13412974066177918
0.0376635442864814 0.01372735101813592 0.13624886875254758
0.041207674210272854 0.01400544152599715 0.13176302978877438
0.04066877006024016 0.015818747600274085 0.13288104265850798
0.03800462418430788 0.014227284803240746 0.13709373791429608
0.044483154277799926 0.016444061553560083 0.12727744496382357
0.04384487034489758 0.01724682406240005 0.128498398067058
0.02984860505822805 0.01001565316251774 0.13793028039669808
0.0311097445037486 0.010716325359855233 0.1405712403692322
0.032909222293960386 0.012722992406214453 0.13843141287731545
0.03961578309810468 0.008362281227078187 0.14888995409552455
0.043118229760536746 0.008556544788745285 0.15179324075104103
0.04761335640250157 0.008852977799450962 0.15524242989146292
0.05051196815437483 0.008955787012749662 0.1581198630727585
0.04648286293247859 0.009924223194654021 0.14958567071906867
0.043063852579541206 0.009762476007420775 0.14663603218601112
0.04585139184749822 0.015932265925600594 0.12502813600816734
0.047926711930489606 0.013045719301163895 0.12353789996919859
0.04783142041823864 0.017095907576901357 0.12550661867512383
0.050802588059063125 0.017246537434593576 0.12622442850991708
0.04619836530356501 0.017641842754300058 0.12678938306839213
0.05567848190137186 0.016432535100427137 0.1271017927864527
0.05755379666139908 0.015331771814835285 0.12934805624866047
0.04712316096174784 0.01831868431169008 0.12771508513132204
0.05243092547207052 0.016808455955329846 0.1296931297281215
0.045194318668650604 0.01744248248168322 0.13016023736446483
0.041424738998434525 0.016242528646215348 0.13377483511031327
0.03799037875637044 0.01537635914897105 0.1378378889396643
0.03401674529869724 0.013135997635583782 0.13977369285264282
0.0332447055550088 0.010769056245075138 0.14271664361765732
0.03596234851212419 0.013156791973501026 0.14096014179860095
0.036143104221828724 0.011270446548239402 0.14389165071965668
0.03956434230128719 0.01015980589394065 0.1449538884748081
0.05054501796410255 0.010477470517590202 0.15354791038514867
0.03955730934334759 0.013069171958151708 0.14162364109991596
0.04365561217273136 0.01145553161012923 0.1416872863126425
0.046885890950724735 0.011987237989966875 0.1439501223668648
0.05222149902661528 0.01178200971325387 0.1489344958027841
0.05549910396276647 0.012068649485603546 0.15247111550518308
0.03915898438996568 0.015459723587690441 0.13811123539777614
0.04305864702922606 0.014326510957561302 0.13831955127530135
0.047563047858421324 0.013132626412041559 0.13896901750522309
0.05064735641476391 0.013757408666202117 0.1421662064787542
0.055215418559709364 0.014274305162925126 0.14107020883209334
0.05188641518319515 0.014349285210954594 0.1376720890344928
0.046474536218896544 0.015324925801619382 0.13562039144173157
0.04368441320412998 0.01571304911117663 0.13462402864351092
0.04779630787430229 0.017010411493224683 0.13216157534351056
0.05145551528650866 0.015683533266427244 0.13398999236783013
0.05654743605060675 0.014046932870431935 0.1363667532623225
0.05564801967661686 0.015000206510666473 0.13110421351311938
0.057500060043326674 0.01459345369528332 0.13247066886659306
0.054741616276736564 0.012185367750958638 0.1488865856144828
0.05721019362621054 0.014339092762850121 0.14506830300037563
0.05736784510224267 0.01488677242061189 0.1392701059173896
0.06670709277882558 0.0391501710794294 0.14273552378334373
0.06679850471691046 0.03857763960146956 0.14438594428584278
0.06555499880790654 0.03416525092272554 0.14380271215467494
0.06449643368943282 0.029610884802021686 0.1444092686700954
0.06858901852294318 0.042683902385723595 0.14536988093750475
0.06337656834567247 0.026299046036369192 0.14585289083457287
0.06904221160194263 0.04218975660444415 0.14708095735665053
0.07191744197865459 0.046021715689616015 0.14948962528358875
0.07276607447186531 0.046008136127811336 0.15197898518348174
0.05705834882924261 0.017455060341505423 0.14171407585185686
0.057603375256757065 0.019406339590878306 0.14433879713938783
0.06054539659309622 0.023541387446190623 0.1450477228322927
0.05972574271256186 0.021153040591709714 0.14674618316230814
0.06248595067876137 0.024361335138954002 0.1470368013682184
0.06191615665950006 0.02224887708759706 0.14845569579876086
0.06617223691103805 0.030221392521036127 0.14871383143773553
0.06617015384474012 0.026644862842030905 0.1497942072610732
0.06712965963373484 0.03415458364816061 0.14806779814799603
0.06895764528639134 0.03828724747299579 0.148785929142166
0.072941379288863 0.04275180322179329 0.1523362701483954
0.07449747872510923 0.045152330282757315 0.15809585522101036
0.0662692762415231 0.024364129826665505 0.15037390763391828
0.06661915250514137 0.022293616199577024 0.15097410908369335
0.05870136711638555 0.015359604592152687 0.14768175770898873
0.05975342001284595 0.018628947015515946 0.14872468158662533
0.05905282517791174 0.013459212468759921 0.15066975631898674
0.06040144715469738 0.016650988857875144 0.15230821215506266
0.06154347948043343 0.020278200969158503 0.15036134529166192
0.0671564321748516 0.020198850833538767 0.1518626197633027
0.062077536662952015 0.018477765023479153 0.15287665596361472
0.06760547327312016 0.01827349803782921 0.15306072028184217
0.0677734257419007 0.01667851450720339 0.1545419624955319
0.06434563811754121 0.016481701028735658 0.15511402401764188
0.06175884891569357 0.01485562601244893 0.155291275485586
0.0678732648157836 0.014506141522730744 0.1572925708668521
0.06558439228791614 0.01548988995707153 0.15633162920322585
0.06357958655861301 0.01420847188933437 0.1584399972977916
0.06595834789537824 0.01336690282851904 0.16167106565890543
0.06021822821046305 0.013455931159277883 0.1547041791985071
0.061818231012995 0.012501629251586776 0.15887183388850867
0.06340592911862043 0.012051352939244676 0.16249483501271197
0.06662825698513347 0.012981728800376912 0.16273435895685545
0.06392413131578918 0.011388166451172285 0.16441309419455016
0.06671111508858808 0.013098155471362056 0.16377924933809312
0.06395830454636359 0.011498015544873464 0.1653719830000109
0.06671214635608999 0.01342848010955292 0.16469021818151325
0.06400769600209737 0.011905886671665075 0.16624300889825075
0.06665890489449976 0.013916825621262584 0.16553302630617184
0.06401562580348304 0.012489775453978369 0.16713107311867448
0.06651541447844211 0.014552089016707435 0.16635541769930434
0.06393331269630707 0.013205568236031123 0.16818262293286163
0.06651387825113475 0.015870074668119603 0.1681168666144541
0.06380948620177881 0.014859230406835532 0.17066233987148074
0.06682011817049993 0.01814960669672935 0.17039049461444586
0.06422173888213184 0.01791717456049121 0.17362636511704785
0.0666694909637898 0.02134408648146069 0.1726024756069158
0.06404755216622948 0.02165382924674767 0.175941039847024
0.06062955967220319 0.011939894000916237 0.17049108261987067
0.05990988845396603 0.010268705824848604 0.1689635160005223
0.059821320337188046 0.009284046810635497 0.16757159769785432
0.05989771264831298 0.00900569477507204 0.1661685813816705
0.06169955584335439 0.01437884598910827 0.17296160070987052
0.05677650806936328 0.008305705328706827 0.1683840768174777
0.05634333791316821 0.007953795309397342 0.16650955528679803
0.05726778154697075 0.009275424184975315 0.17022040057803697
0.05830863775738819 0.01097721345450251 0.17223130714607643
0.05931030325283026 0.013901576263144005 0.17473822452825225
0.05702506342103299 0.012227979182180158 0.17625648364312477
0.05999575223422336 0.009242014528159077 0.16458501840045323
0.05580035680625003 0.008016260606114866 0.16448117608733107
0.05159030028980087 0.006831787316946136 0.1639938148895173
0.05331023336132836 0.008468403935437678 0.16141148597460764
0.049840119294192305 0.006744908610955616 0.16191843492295907
0.0583527345709066 0.010229077097664371 0.16195897259572128
0.05583157068065181 0.010763783649816847 0.1580896529572939
0.06221899051938823 0.01765243553834889 0.1754744877219778
0.059842356777247814 0.017257899371887042 0.17686316727075224
0.06233429117488276 0.021641726070473672 0.17715031148712793
0.06258791543876205 0.0263173896905571 0.1773251683515584
0.057404521799026796 0.021168694434121112 0.18123820430866389
0.059006829082792624 0.02564900266220497 0.18102477955258245
0.06134962966455706 0.03191313290539374 0.17979850727701036
0.06171555443640521 0.03154373232018422 0.178880462103545
0.06257805614101718 0.031291738292750504 0.17792356576324925
0.06338808970970995 0.0314176172909306 0.17682658581426422
0.06397421666553095 0.035721530088946914 0.17599337591322178
0.06314531941667466 0.035992324191714734 0.1772639478928842
0.06289422593642463 0.03637027043958718 0.17826528843477235
0.06497663197454988 0.03918199702124683 0.17478573784762003
0.06455988886647616 0.03976194723447197 0.17644535250695018
0.06290932261653874 0.03730571808981851 0.1791181162674819
0.06450739833156327 0.04035909999110606 0.17722226972737432
0.06453974149007455 0.04152225003953478 0.17800267792424948
0.06779148778564277 0.0409326062456884 0.16908628419434168
0.06683574290706687 0.04210568524954538 0.1717772649603892
0.06727238412443415 0.046268034426712415 0.17799408674182993
0.06660788500795183 0.04493953133533248 0.1765810334106348
0.06658990189458527 0.043324433289198556 0.17529932216078878
0.06652104439249097 0.0428796076060261 0.17365142699242286
0.07015777141094351 0.04489292708439457 0.16831311666026622
0.06939277942680756 0.046004244510584325 0.17035280713094947
0.06897546652753786 0.0465431695709493 0.17190141192944453
0.06877358007041312 0.04699727514174041 0.173353964383295
0.06920187793430133 0.04798390529690804 0.17513704240859304
0.07057539426198997 0.04919531071221005 0.17701153833066985
0.07294809190787295 0.04914718491068142 0.16926915311626564
0.07214945765305916 0.04667853020606813 0.16666861027956503
0.07223317221486784 0.04777597387529451 0.16831920437407055
0.0746637586372544 0.04979856775190382 0.16812312220925238
0.07362991488797331 0.04836987508615111 0.16734244835279666
0.07311500666017552 0.04689898137382992 0.16562138054625422
0.0740535283685849 0.046888644351173965 0.16448530699890127
0.07506094027824833 0.048742438302094904 0.16630661898542773
0.07635030644976633 0.050142296506831205 0.16685336156466474
0.07818640271394123 0.050664916592549396 0.16424683856001526
0.0764474353863693 0.049080138693138355 0.16446244079709757
0.07490612644627553 0.04711133546117636 0.16332656177638954
0.07766361624538233 0.050729776820314765 0.16084489776378147
0.07645645650067674 0.048979069950570525 0.16212562064352673
0.0757013169557091 0.04940017249317569 0.15629447192472934
0.0748147020619631 0.048402226467829754 0.15830605885379437
0.0750940281882081 0.046326110527058595 0.16188771246954428
