0.04769447039815529 -2.468296730920497E-5 0.08797217014224576
0.04967263582806457 -0.003490876761317073 0.08770696690613843
0.051441671866549396 -0.007678768454006615 0.09061071943053782
0.05246719391127767 -0.008940958011627673 0.09161305908501431
0.05430048329729845 -0.010277929887448375 0.0929883496590976
0.05712954504721593 -0.011286957594491182 0.09436140191328389
0.05046525372623516 -0.015827118396238574 0.09958968669172687
0.04916084865131014 -0.014411170824455902 0.09965383601681989
0.04782424944058685 -0.013063231237477132 0.0996259526295424
0.045005399604009004 -0.011342454645155538 0.09946593500668902
0.04340610588554476 -0.010090213546691486 0.09897134079639174
0.04203305734315635 -0.008475223466990867 0.09865511477057509
0.041010078281841916 -0.006641609507805762 0.09865886543712164
0.04387669232914614 -2.207271840464764E-5 0.08551976303659514
0.04385429953917045 -0.0037963436969456923 0.08504678692319288
0.04636579004413285 -0.009631223429963417 0.08697551076175228
0.04749605758130607 -0.011044393878707155 0.08864967187031345
0.04940549894615121 -0.012477609423504949 0.09090036627169111
0.050995638114627824 -0.014363741146081651 0.09274194367821553
0.04926346829226292 -0.019623934347775915 0.09619704379189357
0.04806056601797594 -0.01836667068568625 0.09657585813120503
0.0462921811597991 -0.016551550950888068 0.09647180874632379
0.04410447829541706 -0.015359093627976859 0.09679394733670069
0.04090868128002364 -0.012427009359130114 0.09758711983382581
0.039538373553336156 -0.01093636466534664 0.09784126027395453
0.038056531147749796 -0.008874526000506101 0.09902461973553821
0.037348558446248306 -0.007025057339594192 0.09993598216564317
0.03552736492653208 -0.0026348343649468964 0.09874617523949414
0.03505382750092582 -0.0011510043767236416 0.09845373591553595
0.0693706072167215 -0.047233957642287425 0.1118091731324844
0.06271373303516344 -0.04045325967066381 0.1055927148243109
0.05716276689692642 -0.0350992299295439 0.11532626055993753
0.052728131302266085 -0.023716335318693785 0.09938506590495069
0.03423935558290385 -0.007493724836545832 0.10087122912812474
0.03537207786522998 -0.009243866045373453 0.10071265009412257
0.03799108002088686 -0.012839835944703417 0.09805407565181862
0.05422483068685506 -0.0251158883457745 0.09119285459948509
0.0741005511 -0.0184239307 0.0644662637
0.0833605688 -0.0498330076 0.134529553
0.0881633365 -0.0515319506 0.145840133
0.0594782808 -0.0242664428 0.186620047
0.0645405845 -0.0334433485 0.188956875
0.1067699 -0.0128589002 0.0552951285
0.0745415519 -0.0186604745 0.0727823945
0.069548064 -0.0141958782 0.0664034152
0.104002745 -0.0178321839 0.0611064798
0.05400761257426646 -0.011621522912796022 0.11375348847584191
0.05059503922724358 -0.004634046289173315 0.11038493336922517
0.0639535387 -0.0122507381 0.15620666
0.0580191594 -1.2368587E-8 0.177383591
0.0586074088 -0.0053882582 0.176987801
0.0590875412 -0.0125653747 0.17865928
0.0602299124 -0.0170461831 0.181788289
0.0576221678 -0.00388490091 0.180056104
0.0580581357 -0.0119428264 0.180051381
0.0710016782 -0.0470840362 0.178159332
0.082370543 -0.0497892629 0.165739849
0.0790806768 -0.0495420113 0.157027011
0.0749741725 -0.0396006095 0.13682053
0.07742103369374295 -0.057364918828191 0.13529702050464312
0.08096075644307316 -0.057647114896143443 0.1421354985407845
0.054554114083502366 -0.02692836148501527 0.18261341347332438
0.059158024058329005 -0.03601109247208646 0.18497660101560834
0.0781148084 -0.0480980113 0.165274507
0.0706800095 -0.046877862 0.176708003
0.0595459505 -0.00752354932 0.173554042
0.10619728904183603 -0.04760126545032773 0.06271230897974227
0.07486382658187296 -0.035540221616973865 0.07495472639865024
0.0974278195153067 -0.015737883904133585 0.04051984549041599
0.06309254932283154 -0.031218595473797676 0.08278117538344276
0.06367293400658659 -0.023802090038737338 0.06866238368064291
0.060877686561059276 -0.020780642938989367 0.06430685471617124
0.059556956120990386 -0.016196109752120783 0.06131054208665056
0.09610695726488555 -0.021039350942895007 0.04510787935714552
0.06834992034386494 -0.050350104881731174 0.12885721174741357
0.044715156580600914 -0.017079331154663237 0.11530548288108075
0.04328077782165774 -0.015476545288469588 0.11115657764056293
0.05115356669516727 -0.02729610010588291 0.10029734845177149
0.03972542120767468 -0.0050171687521428365 0.11302722989287918
0.03574280219131528 -0.01498412969735019 0.13587968360658018
0.02829914332888453 -0.008655700259684738 0.14238997459892158
0.03965875863421688 -0.01757714021653535 0.13238015553436527
0.04289006986568556 -0.018428416512563068 0.1288784371802945
0.04493086681411152 -0.019038463392187576 0.12675073596513445
0.04791262882777948 -0.01792646420323282 0.12248672557039465
0.03708492967922141 -0.014800581467639394 0.14128477533607223
0.037242204313109394 -0.012132004675237512 0.14466277819470555
0.0441151107452875 -0.017314564551424445 0.13502860729040894
0.05504219194094378 -0.013836776990492775 0.15114810621989555
0.05114708342673375 -3.261653087730614E-9 0.17283269146147506
0.05253281220647084 -0.0068999233785418095 0.1724261648506764
0.05450197505567755 -0.012243955517823743 0.17416809761202562
0.05505574455528713 -0.017711668753783334 0.1764256427485258
0.0507454541647981 -0.004202112672724013 0.1760116488670504
0.05259849491603273 -0.011435007342886527 0.17595029940169968
0.06869283996056395 -0.04937997604845966 0.17093003926185316
0.06294846862662712 -0.04285044153565978 0.1747273752344098
0.06658682385010502 -0.048282802437185364 0.17454264946815837
0.07807780131830194 -0.05423628407521099 0.1611879747777562
0.07327535046128793 -0.05194193940380436 0.14902403937944575
0.06761459505202079 -0.04920914004148578 0.13446702888034875
0.07430014532438257 -0.04950517778821852 0.1627703024900524
0.0683279606435892 -0.047755097340114995 0.16916093554648412
0.05221002603074513 -0.008804318353942497 0.16927514243075265
0.05451625729012014 -0.01976555627951279 0.09391869086444746
0.06608210647685941 -0.022103020715983735 0.057520941782206604
0.051320413080495585 -0.0021347729998504863 0.08695164087380898
0.05255956317292051 -0.00489926195427784 0.08741138047498469
0.05356725665113482 -0.008157888944896878 0.08984399220701499
0.05622085071495281 -0.010723188922386533 0.09218367721637725
0.04765299615163167 -0.013744426011380585 0.10018249800494915
0.04448437506611081 -0.010501147306225683 0.10014322731206987
0.04250697621098786 -0.008760327293516145 0.09975937998183042
0.040757654669518015 -0.003965572486158671 0.0997483332505023
0.04675866895863212 -0.0018770573335928314 0.08374221265909623
0.04727241598521118 -0.005307099317423297 0.0836598809685956
0.0488120689206324 -0.009891217258555456 0.08582184463157774
0.05051423212438114 -0.013558783730408815 0.08928816864828129
0.04421375224085045 -0.016291820077189056 0.09763871888662937
0.039975574536510315 -0.011838175272059735 0.09910694380974744
0.038388223375332854 -0.009472002229351859 0.10042607506553484
0.03668525195653562 -0.005169029384594997 0.10146252483927104
0.03599060897999911 -0.002944971401650974 0.10006464865129029
0.03523849923163782 7.3091319697798915E-6 0.09980413730857422
0.06756460980006364 -0.0435591328288006 0.10438062323929204
0.057660272949450635 -0.03475589240886588 0.10842755212003222
0.0359498057693578 -0.009848236945852054 0.10198363831413029
0.03688233843903708 -0.012037080739042343 0.10063121588976962
0.04124198982291429 -0.015384037375331986 0.09780218279096134
0.0717862952 -0.0161762987 0.0650768494
0.0595202965 -0.0245136202 0.19028767
0.07465689093770297 -0.021901872406176543 0.08490766749342614
0.0696906062 -0.0142639172 0.0706563829
0.066759079 -0.0108081132 0.0650343949
0.052646625790710236 -0.00956115727760978 0.11292704821242851
0.0646187805 -0.0112697441 0.160742806
0.0569508905 -0.00966170294 0.182186846
0.0575001169 -0.0145189197 0.182842843
0.0658821733 -0.0374124275 0.183536897
0.076419861 -0.0469668342 0.139553184
0.0541085515895032 -0.026215569364210222 0.1877426281907394
0.060334758 -0.0315837557 0.194444804
0.078212998 -0.0477528048 0.165022286
0.070606341 -0.0466063688 0.175701344
0.0601971757 -0.0104950811 0.175691855
0.08035388909539279 -0.03817591154103531 0.07357737554842869
0.10104109530190972 -0.046546848511730014 0.06470970289736637
0.062354736196448296 -0.023327173274352526 0.07472096111801935
0.05976431822019516 -0.019678627759366667 0.06761257328738361
0.0575913714695463 -0.016540995803986915 0.06384940836085537
0.056357426638719794 -0.013474033045188398 0.060695249009445694
0.096413559850692 -0.02721552323590514 0.05063735282871892
0.05975477486951756 -0.03905415852470866 0.12585777026133121
0.07224337800252065 -0.0536982271052561 0.13818231334760586
0.041396494455376784 -0.011333205677525465 0.11207582055611241
0.04918754798058246 -0.02161197394059001 0.11776581736400558
0.05476068154479978 -0.03154573622481108 0.1106242095251999
0.04336118261059946 -0.014017219882580883 0.12044723170212934
0.025521684478253523 -0.007609019058624739 0.1364198730655232
0.02653841112697683 -0.008174425017544496 0.13945107635366596
0.033669053664134384 -0.012800241349609729 0.14329567541830546
0.05156461646164555 -0.017183005502238363 0.13929371113285216
0.05517829796980399 -0.013156725236220055 0.15400128815147474
0.05123655359767432 -0.00904405717029836 0.17837668135494225
0.051997818571033944 -0.014256148299941278 0.1790553410365254
0.061555793430388375 -0.041052578383518924 0.1771289175497976
0.06813754650483074 -0.04996088655725336 0.17736527910825994
0.08013271323689819 -0.05617532553937218 0.16028851443068945
0.05525723069343212 -0.03046101302535702 0.09526024832903517
0.07205068598284796 -0.046754223439376075 0.16087641458690252
0.0684312065397654 -0.046340861298967376 0.16790728896332544
0.05653868245000122 -0.011502455788799071 0.16957210680367368
0.05536743047161382 -0.020075515797036397 0.09305786744793393
0.06281756059502518 -0.018386325569676298 0.06015179856375699
0.04876693160319452 -0.0021369660092398243 0.08851560113441619
0.05019038888076531 -0.004745591031365072 0.08848484870145161
0.04016444587292326 -0.003926024690097158 0.09823112186691228
0.043968536288170997 -0.0019487484586528413 0.08552573207398945
0.04434579705894603 -0.0054972663102102175 0.08492161102569086
0.03629750051887452 -0.004748586382350989 0.09997941398131249
0.03503125208880073 1.2230666699641996E-5 0.09862913121113362
0.06383820614196327 -0.04454624440317175 0.12698062569358687
0.07351628159113376 -0.05430705861685596 0.12661045825517225
0.04861417927462044 -0.026214362470442155 0.10194343902330492
0.033811456865699974 -0.00606838762557582 0.10263594757470586
0.057595608031753835 -0.02252699450188586 0.09044305872799986
0.06658095156879178 -0.018804290787087338 0.09852184907387926
0.0703931539 -0.0146187569 0.0628757668
0.0575369432 -0.0194337104 0.186387783
0.0670891925 -0.0109951905 0.0622113341
0.0928560686 -0.0167800894 0.0620468007
0.0624985659 -0.0157272406 0.134938803
0.0579071098 -0.00303360293 0.177179116
0.0590427217 -0.00889711603 0.176313487
0.0569080259 -0.00444335525 0.182517194
0.0681738502 -0.0430073683 0.180537085
0.0653246639 -0.0358345825 0.182618237
0.081330212 -0.0475154248 0.169132993
0.081340983 -0.0512202873 0.160548291
0.0523058734107901 -0.021269557127134416 0.18326209563718704
0.0837584206 -0.0434684985 0.130468167
0.0789383134 -0.0480271355 0.163366623
0.075149243 -0.0482306925 0.172729275
0.11095316494829552 -0.04748126598660587 0.0608195949609438
0.08970050033820766 -0.05427422238083199 0.09504919982622657
0.09228449734652003 -0.015037739411056482 0.040877111861940374
0.05932513852436371 -0.012539396965390989 0.05715862145888009
0.08576231462894857 -0.01984916880645363 0.04596879280713745
0.05215795610061302 -0.02760710366983258 0.1190317153060854
0.03985240758702286 -0.0034456353120559118 0.11799150112222347
0.02620593908011406 -0.007387484924731299 0.13408430701837237
0.030951191102513848 -0.009217135329925933 0.14477153259715791
0.05340383896646895 -0.022523556095487555 0.13247793420622442
0.04429976295425471 -0.013952788933515575 0.14313923469975837
0.05142948942412385 -0.01280363443461286 0.14961741663922146
0.05135269789119723 -0.004237590018594505 0.17271834686712625
0.05382748901872861 -0.009284430705033684 0.1718720804966759
0.05049925268791927 -0.0041598549692624855 0.17862767952140132
0.06562573521279237 -0.04623814858311069 0.17274402259665494
0.060472357557492334 -0.038942308437135094 0.1759693293404192
0.0765563955860215 -0.053361161499906586 0.1652210716722508
0.0766105572503091 -0.05409700099187393 0.15517814032333113
0.0738139838178844 -0.04957947101543549 0.1600426117119339
0.07165724887371516 -0.04961640659651424 0.1671099457187867
0.06248231596429107 -0.015537465053667232 0.05746689528733181
0.03747208953725761 -1.9182654166302603E-5 0.08291858297565946
0.03857936951888995 -0.0043479106079220686 0.08264469894318337
0.042977077979276385 -0.011577344431816315 0.08470615556841507
0.04414159979071663 -0.013556573884839853 0.08723789650321676
0.04638999215202452 -0.015249911749051779 0.09022191391877687
0.04865916666543446 -0.016434531566000398 0.09261242090312931
0.04856127934800643 -0.0195702048706288 0.09484054838080114
0.04727745743824902 -0.018172658635301986 0.0944880997779828
0.044047798120514355 -0.017377629370071878 0.09503319614119964
0.040449029444659224 -0.014488337114917722 0.09654880315950264
0.036455426603586284 -0.011171112845872064 0.0994820502507865
0.032077931828007264 -0.002795456315472034 0.10007304672041599
0.031522048465222254 -0.0013193180289148253 0.0997936018040814
0.06217753874854025 -0.04157468861357335 0.1056145635708321
0.05673523151949427 -0.035241672949677054 0.1152064937998722
0.04954793436783114 -0.024909671841589227 0.09577339613205348
0.05252134846111482 -0.0268278794779963 0.08920287815089642
0.07591553570878354 -0.05922441754400561 0.13417644050153332
0.07954023666158842 -0.06074287434762741 0.141540832173821
0.05338154047797379 -0.02775478306160325 0.1827577275615276
0.058043790158441105 -0.03720413863807217 0.1853439266880566
0.10578637484880349 -0.04981183061761222 0.06168556181989509
0.07308207001333206 -0.03661252844188731 0.07324711747075
0.09521239378215614 -0.016415015091989164 0.037200221090553195
0.06246550273971222 -0.03161826855553064 0.08168639832009836
0.06253084032192666 -0.024639153338784584 0.06826924484469479
0.0611416975531959 -0.022099104254299284 0.06375272320615454
0.057636857865454506 -0.017579253384305844 0.06020598390476833
0.09425712412899326 -0.023846081048663762 0.04021616880227643
0.06784230338935779 -0.051363555395657325 0.1286029850242152
0.043840043507739776 -0.016821961698070504 0.11470434745749915
0.04189289099064984 -0.015310565471696649 0.11047075512950336
0.049820440828936954 -0.027122492918760847 0.0991581956887808
0.03701192883425222 -0.00508998947200645 0.11450798992423715
0.033592002580276545 -0.016364043046686465 0.1351267552254259
0.026260539642166188 -0.009551093051569861 0.14264058746270777
0.03832490430253496 -0.018628075569833844 0.13224983710166482
0.04220986687942673 -0.0197399206085133 0.12859898440241324
0.044639060964643644 -0.019879092943649312 0.12612551967439276
0.04742335313074587 -0.01842402538133568 0.12172333901041796
0.035756539580740564 -0.016081829947218 0.14137437868067484
0.03633351917334015 -0.012879867383882115 0.14491142851143887
0.04355564383712509 -0.018717727888610633 0.13572541443496267
0.05271601178181064 -0.015107398163424272 0.1499498199053876
0.04919539668909966 1.556092097953471E-9 0.1729240699665753
0.05091707788314325 -0.007238079192942908 0.17268417584527734
0.053475961355775786 -0.01266999656135838 0.17451003380745247
0.05405040168060058 -0.018236156898081148 0.17668048343591436
0.04933882660768501 -0.004496170207595045 0.1761631565491587
0.05146431991164757 -0.011870524020779729 0.17620529533792173
0.06786044042554984 -0.05071796724545968 0.17080786590729977
0.061625078812589586 -0.045417213154529436 0.17459888241909285
0.0653305828168427 -0.048558368705355626 0.1746279660681596
0.07725417174777972 -0.05503389898103277 0.16107356238605167
0.07238980305145817 -0.0525694727802063 0.14905905210934364
0.0669512497016089 -0.05036005408677561 0.13360654919077816
0.07344071150661848 -0.050478573920270685 0.16266704360513043
0.06757717701057366 -0.048986041458829906 0.16905313508760414
0.05083026012942264 -0.00920448135626914 0.16939315921813108
0.051525598804821486 -0.020863214771614635 0.09329054228158103
0.06468278061736737 -0.023005377744944124 0.05646454161717737
0.04214475804077643 -0.0021532163530241944 0.08102278466428632
0.043293933434337656 -0.006069837101135537 0.08058394971722614
0.04526488297643289 -0.011704515135678073 0.08308453947018003
0.04758537135239228 -0.016056861523134357 0.08865849026133363
0.03241589181195809 -0.0030854136170536724 0.10147251293289469
0.03171761204087829 2.6043626013159535E-5 0.10141627018469301
0.06711173292951333 -0.04450363215920769 0.10395449445189518
0.05678054849455111 -0.03509655821200773 0.10852682612630586
0.05291069683049714 -0.027036021701785165 0.18800172851996547
0.0592383492 -0.0325187781 0.195027259
0.07793193415155748 -0.03955668715890754 0.07160320915125384
0.10001603466483994 -0.04918371496315271 0.06295751818329628
0.060532289225142505 -0.02395188430755675 0.07388313976431092
0.05925456679700493 -0.020611578435785545 0.06749036641897917
0.05639165002818242 -0.017555994269715495 0.06323983280795778
0.05393892686446098 -0.014258388193315888 0.05927958983685442
0.09429100817086801 -0.02968916721335766 0.04604402891759254
0.059067064084806734 -0.03949279853807742 0.12519502361251084
0.07181065151101128 -0.055118695027115035 0.13768038801590524
0.04002642928662779 -0.01175398944055042 0.11186465425432472
0.04786808153755287 -0.021568374895901292 0.11679629966118688
0.05356292281537335 -0.03183918803760469 0.1101708558148621
0.04304490112118683 -0.014312837299776759 0.11958050884762478
0.022668903619568442 -0.008501727346982759 0.1365613809998076
0.023909529839860357 -0.008989247376168135 0.13962300876402226
0.03246065702494595 -0.013389011078038849 0.1436088615218712
0.05012704367724224 -0.018617546288725598 0.1393414311729434
0.05337949183968307 -0.013427263822105719 0.15341780943513414
0.0499082645239773 -0.009439525913486378 0.17854844652727844
0.05080244602585727 -0.014756276276943394 0.17925915850743546
0.060265129020191814 -0.04122181761013347 0.1771598406658338
0.06667028556190958 -0.04996133448896504 0.17695740578588942
0.07907700157260791 -0.057106070101068024 0.15996562192868938
0.05476175916224591 -0.030792817474799734 0.0938933503608034
0.07172632478558166 -0.04780993185716761 0.16108203452633496
0.06755093910713467 -0.04761601226939441 0.16777652555167927
0.055465511666664684 -0.01190456767094946 0.1698420500216809
0.05319913731093839 -0.020523797188552538 0.0921876815942899
0.061295290236655094 -0.020278492644333748 0.058479961769540866
0.03785594605738737 -0.002278321623140045 0.08272955770210108
0.04000687273338059 -0.00628824278801912 0.08219279628713584
0.03305905310151369 -0.005249540622097029 0.10049802751245542
0.03140505224190799 3.5538565425447265E-5 0.09969490073767125
0.06349810397519592 -0.045470642536999784 0.1263007866483478
0.07314219814289402 -0.05573389844341792 0.12653486279710804
0.04779690805258944 -0.02647326064735708 0.10150932691244575
0.05518862361720444 -0.023597852394509962 0.0886230817281898
0.051073592502041715 -0.0219258468118677 0.1834664052736831
0.11066371728100496 -0.0497186124579876 0.05956403083544623
0.08899501640322566 -0.05614852556684331 0.09429797579949266
0.09112508657110278 -0.01661225820451304 0.03711022774252088
0.05674997183421542 -0.013758198899119275 0.054801761506921724
0.08383235282207983 -0.02280422707650728 0.040805378339756636
0.05142967933006228 -0.027596007866569884 0.11801318072090153
0.03692438263948415 -0.003241735207466625 0.11857497212121486
0.022983202538741948 -0.008434172590952539 0.13340804193345374
0.029463176464588094 -0.010134470692747418 0.1452450221845667
0.05322462415103128 -0.022843091558644397 0.13265807958877182
0.043569396973549605 -0.01484654035901726 0.14318898932747315
0.048949507445165866 -0.014558077293440542 0.1486563191045687
0.04962845087131488 -0.0045422319222376654 0.17286845173281024
0.05261099411133833 -0.009728635583395668 0.17216706652960292
0.048988351550399316 -0.004441860613173281 0.1788821142718685
0.06456047889561202 -0.04708547413255439 0.17289614188202568
0.059326205643741164 -0.03998724411031908 0.17580923806053034
0.07580050754702641 -0.054371506174194374 0.16494065819357745
0.07586375494466474 -0.05453131811973325 0.1551028587465269
0.07304103522241574 -0.050348467407887995 0.15983761439078042
0.07083118594788729 -0.05082149802275317 0.16714481147591947
0.06034486111701709 -0.01762888666296062 0.055215497418086415
0.039686853988289555 -0.003904603889936851 0.09719447044052044
0.04046974647611044 -0.006406566574826851 0.09707054703359465
0.041600045028013545 -0.007883576850493306 0.09749455588428575
0.0428445119339913 -0.009625012940261645 0.09810491459639177
0.04447252112332875 -0.010782051959825942 0.09878325319331928
0.047965944038004124 -0.012497463576405689 0.09920130823095569
0.049509287456912104 -0.01374713223182103 0.09940905147466947
0.05101726401179696 -0.015405282151528815 0.09932551697248428
0.05491656004567936 -0.011185827606218248 0.09537487307455128
0.0533075720467792 -0.009758509525127494 0.09441818573498735
0.051644214967797336 -0.008089204452155385 0.09330712406639584
0.05008775791804294 -0.007200671559620103 0.0920305428796752
0.04899014237637626 -0.0065029081833399725 0.09108613342417189
0.048342231122585795 -0.005859135347329348 0.09024108899986852
0.047712677902666034 -0.0046679136460007434 0.08973783840830572
0.04734671124167046 -0.0032882278141260542 0.08945600445484776
0.04631137448788014 -0.0021022276903188723 0.08967394154512152
0.04531767289773349 -3.212076882967993E-5 0.08961608197208584
0.03918239778369282 -0.0037655148455436453 0.09568086898832698
0.04003107036619635 -0.006034377354717999 0.0955267870376246
0.041264737624030635 -0.007307136993594468 0.09617944125416901
0.04266190787901788 -0.008857941093876215 0.09694450318411266
0.04403766132999791 -0.010186623018803072 0.09785135035033353
0.048031949867676685 -0.011685826340222649 0.0986392734568737
0.04990951468942046 -0.013006222656653464 0.09892625720531302
0.051222330077631516 -0.014817943864332344 0.0988580834541803
0.05216076357780751 -0.01654225483069098 0.09822665291086305
0.052792064076451525 -0.012309302763346625 0.09783930851271708
0.051889172169784496 -0.010239650325948375 0.0976522547395361
0.04963287395790469 -0.008497158970897858 0.0964414811600585
0.04687617130590645 -0.00756971341917028 0.09451305579284724
0.04575679636617183 -0.006659840868244491 0.09382284350010858
0.045015389106543104 -0.005714800821100845 0.09320024232671392
0.0447238667020571 -0.004450173816426026 0.09258412437784622
0.04498980310064319 -0.003041817750308456 0.09223281793954503
0.04421203896100931 -0.0020655131177019738 0.09224717245324128
0.04231383697676191 -3.914940775168612E-5 0.0915458415943565
0.037930021951968616 -0.0033344364099926007 0.09463295462228025
0.03936441155381319 -0.005181553788008966 0.0943188172975557
0.04097053652703997 -0.006568552132669267 0.09495019828304216
0.04234478085807693 -0.008038380570255646 0.09560822032036154
0.04360035257235604 -0.0095925143440828 0.09639974979307839
0.04673269256120847 -0.01085188829106053 0.09797061598950813
0.04972865834685639 -0.012733148557560078 0.0980457773129242
0.05073068874570595 -0.014355935486506073 0.09780151693106486
0.05160826255808141 -0.016366812195876778 0.09736147105903935
0.051256941995300086 -0.012832915452418306 0.0986651474051766
0.04951223966940436 -0.011445661968187793 0.09885866786634274
0.04628748195170842 -0.010613056364297603 0.09774347193017628
0.04344942348883654 -0.00978099029570295 0.09625037078034591
0.04257036760387819 -0.008340018497598063 0.09577368946191217
0.04190211404333139 -0.006867308814982636 0.0954365434627647
0.040826258160522814 -0.005165537547131572 0.09438967115889235
0.04065189612724984 -0.0034949260514199787 0.09382336978216765
0.04102397276069671 -0.0018075200710036161 0.09373036383746726
0.04079045046250605 -4.241997196130016E-5 0.09340810905449748
0.05055392914774273 -0.005835642842069884 0.08935606201033187
0.050689550757334896 -0.006722194866583393 0.08975041016231163
0.034925607570798954 1.4881748758301563E-5 0.09749284758413561
0.03520148695361837 -0.0011534286020177806 0.09747005686705405
0.035431261903959906 -0.0024056990172455412 0.09750072003275226
0.03604433830756701 -0.004283280578517444 0.09830494333278102
0.03693182862407532 -0.006604404424687322 0.09839333496393836
0.037843657072115136 -0.008345826031138546 0.09773984813255263
0.039440095511918176 -0.010167439460085146 0.0966807269011657
0.040671570834208894 -0.011627877107956026 0.09653601785929213
0.04374001151418851 -0.014286620916148044 0.0962940404537728
0.0467611038397028 -0.016337999835284535 0.09582208801977862
0.04860531520717841 -0.018155551221997884 0.09611092001366785
0.051882845698827895 -0.015939663779927383 0.094955492355524
0.05051241245098616 -0.014368807550559973 0.09383746893727149
0.04860639382320131 -0.011975773307827406 0.0923842024936145
0.046478944523777176 -0.010728624362803585 0.09046533456504868
0.04485130817286274 -0.009593159018962988 0.0886514948334014
0.04367051759136508 -0.008389486926124729 0.08739378108283045
0.04276247269481695 -0.007103031161968949 0.08667859260135871
0.04189830968064718 -0.005569316662689434 0.08656823945268577
0.041351470585218014 -0.0038056837590213894 0.08693212607914831
0.04156686635442661 -0.001939993044930416 0.08766196286308965
0.04143935033664869 -2.9341612536105164E-5 0.08779572051379837
0.035037165544700044 1.670727374697722E-5 0.09658110611402175
0.03534677853040353 -0.0011671617350805673 0.09657475399052856
0.03585646824639838 -0.002397216308808351 0.09671906085375898
0.036171975981354805 -0.003895047519987133 0.09660281295818923
0.03685426520742406 -0.005977387080620351 0.0965824706750261
0.0378342523930299 -0.007454272748835875 0.09587415054219983
0.03933954909586636 -0.009319484332386762 0.09541197581525628
0.04080772820128766 -0.010814713523946787 0.09548873089395103
0.042948326015304746 -0.012872666808489383 0.09583843113334375
0.04675833614541421 -0.015069207803796803 0.09569480354127706
0.04885206789104864 -0.01732733590845169 0.09592795136475489
0.05185958564974216 -0.015793600583139104 0.09635768107769685
0.05081592437151803 -0.014761758160814532 0.09581065030725562
0.04846222376352953 -0.0117275876780167 0.09539792900165382
0.045424161469609724 -0.01076240718079949 0.09364759449828484
0.0434837746792506 -0.009633813408257407 0.09190796248025311
0.04192190418124935 -0.008492925858725561 0.09066414833080035
0.04093200382309926 -0.007149431069472229 0.09002908051619427
0.04021580541782814 -0.005551590952167541 0.08977928878106109
0.03998807014707547 -0.0037732019286587874 0.09013391285534286
0.03914802414185568 -0.0020131715608636106 0.08983029763727073
0.03934085708230186 -3.3343281761483715E-5 0.09017479207797599
0.035345097348251586 1.8027170117095184E-5 0.09523603184119667
0.035651764819594235 -0.0012140552319560495 0.09532733573632923
0.035855875894895306 -0.002348654564955704 0.0953744054225749
0.036092093850066016 -0.0036364802562455487 0.09534181535472487
0.036628863100379626 -0.005436558308685112 0.09503976070522249
0.037550681620058576 -0.006681380993682486 0.09466480352098186
0.039507429632007915 -0.008416874073321647 0.0944111611181115
0.04129289121097378 -0.010043206483087106 0.09478056156890023
0.04288472346636194 -0.011710026365025631 0.09509552546230388
0.04665749997520668 -0.013967909936004733 0.09571525537100947
0.048797110724127325 -0.015725678213746593 0.09582485861666488
0.050560283987395 -0.017678858601441947 0.0961188222878799
0.05032583038018453 -0.01395247779152097 0.09777134084744034
0.047886614566982275 -0.012382429218537603 0.09744935414888757
0.04484458542495547 -0.011339916549543722 0.0965371517205588
0.0423388817850701 -0.010727941146798273 0.09517154807426967
0.04030339118323314 -0.009180775178659391 0.0938859241194174
0.039491938846808676 -0.00780082684466066 0.0933015839651565
0.038327636722659104 -0.0059158042178872085 0.09258868251458988
0.03728572072970863 -0.004133752453276091 0.09197577384180568
0.037296785144167836 -0.002204659070802135 0.09193527100572421
0.0376096946773341 -3.792848264070421E-5 0.09229976260370025
0.04492935548706303 -0.007000896449863322 0.08515837578674484
0.04553029762364953 -0.00836592042100574 0.08580460072510995
0.05932258612601937 -0.02757338950886794 0.08654110852937529
0.0601353751393526 -0.020810025644241056 0.08053270723998175
0.05889020101568596 -0.016496408935381113 0.07730097701721324
0.05765925825431795 -0.013694817742971101 0.07579323239072917
0.05542644065298681 -0.010831039089362914 0.07448272474299582
0.05450444082065168 -0.0070137098031402825 0.07376462836242487
0.05392537563551831 -0.0021146366619460497 0.07323957982899312
0.04348542852075149 -0.018551660572772997 0.10333691367849326
0.040724533342027164 -0.01376598933488018 0.1072101550308281
0.03991869438370666 -0.011080546045232762 0.10823572147448143
0.038864709748591665 -0.005444336506430877 0.10943175255990743
0.0387009988938923 -0.0030651415935381812 0.10932283603956226
0.03861762382647275 -1.6603896541199482E-5 0.10922165271220483
0.05293750059782621 -0.007045979094582703 0.08891859735118038
0.052819219316255536 -0.006140509722949825 0.08790900550051035
0.07214405131692453 -0.02240121376393255 0.09883597120962022
0.07041677032048238 -0.019904767854593546 0.088982541549991
0.06734361323869006 -0.01671634873167143 0.0854980093278944
0.06564948596897034 -0.014523816937567291 0.08339990879634897
0.06322304933695279 -0.011014320603930592 0.08143966148021424
0.06254234375288349 -0.007527035895374477 0.0797234320400524
0.06161965707720343 -0.0025061512406326604 0.07894637620554473
0.0642754395008352 -0.015946819295963005 0.09041945724019218
0.06404273256515318 -0.01395291861995364 0.08697803446843397
0.06261511187034269 -0.012379904213314417 0.0862393854257207
0.06114299597193555 -0.010148991573009922 0.08527370889958112
0.06021912067494387 -0.006983295160905285 0.08427713623234206
0.05924684835360435 -0.002484999901169502 0.08304077562452561
0.052905631258306475 -0.012211713294033243 0.10557102954126411
0.05120632618895012 -0.009413775023765315 0.10465220915356457
0.04990219725618345 -0.007535739298467263 0.1033523539911386
0.046863803988087 -0.004443718032789591 0.1013679432666584
0.04589122715198579 -0.0029404504517286587 0.10063886784665996
0.0544255987068814 -0.013601616041849458 0.10963680732071202
0.0521666680848104 -0.010086244661900478 0.1093564738774379
0.05092170345985808 -0.008010511019416097 0.10771251534959925
0.04927731653243298 -0.004486074846848397 0.10570727269126683
0.04905192662905839 -0.0030543493020860047 0.10565305078459365
0.048610378867506715 -4.200181069827598E-5 0.105418999194509
0.0767987916 -0.0201238595 0.0704028453
0.0787600812 -0.021934682 0.0688762912
0.0993142277 -0.0453085022 0.12684709
0.102393792 -0.0445727608 0.125447065
0.122502504 -0.0492650472 0.114441965
0.127398783 -0.0486718243 0.111521436
0.133107188 -0.0492557595 0.107260342
0.10278255 -0.0486639215 0.134420206
0.104953091 -0.0492172687 0.133972922
0.10879151 -0.0504317639 0.130625182
0.119583614 -0.0534422084 0.128849443
0.125130566 -0.0532873453 0.126894567
0.130790801 -0.0525796937 0.12455181
0.135992211 -0.0537419711 0.120087811
0.103298033 -0.0467816863 0.148167699
0.121240681 -0.0533687275 0.141511516
0.128262942 -0.054015225 0.138338612
0.13226973 -0.054914528 0.135711404
0.140424732 -0.0552889269 0.13309316
0.0587908085 -0.0191568082 0.184480146
0.0606669286 -0.0244551365 0.18499872
0.0639487586 -0.031097326 0.183776916
0.0562597579 -0.00454951237 0.184942585
0.0558503097 -0.0113868734 0.185178511
0.0565040879 -0.0157671066 0.185552459
0.0633287541 -0.0307003123 0.185330792
0.0663743731 -0.0367669086 0.184909549
0.0569518432 -0.00393568422 0.19033437
0.0565676813 -0.012827296 0.190160433
0.0572514592 -0.0179056373 0.190332611
0.0669264105 -0.0367214177 0.189032937
0.0965009732 -0.0491753551 0.184030984
0.106622037 -0.0537448824 0.183841016
0.114865952 -0.0585064801 0.183088758
0.12956348 -0.0632461929 0.181781921
0.135179757 -0.0642849202 0.181274831
0.141560245 -0.0650765925 0.180746538
0.148093106 -0.0653013357 0.180121323
0.0580294746 -0.00386234008 0.198218992
0.058810291 -0.0124003345 0.197923663
0.0600692822 -0.0192488292 0.197663504
0.0977054109 -0.0510717655 0.197772664
0.107617996 -0.0559406642 0.198005278
0.116719632 -0.0601675336 0.197681055
0.131878561 -0.0662544914 0.198433505
0.138276526 -0.0674435517 0.199241694
0.144676166 -0.0679486501 0.199839471
0.150732159 -0.0683031325 0.200503504
0.102882084 -0.00307546784 0.054058483
0.10523389 -0.00899015405 0.0536212639
0.06265686756362532 -0.0025879081395309696 0.06955303834878163
0.06493375430864318 -0.00763750080344064 0.07050503635983373
0.06632886839038692 -0.010711669593088877 0.07197684920798951
0.06885405832353172 -0.014208172419865979 0.073485822434472
0.06252038428673196 -0.002499464836276213 0.07428074406861931
0.06436772747584758 -0.007734169451031701 0.07550251889262904
0.06510386199167348 -0.010410993205539796 0.0764063625638499
0.06732428302980284 -0.014736802125214558 0.0785407967328347
0.07064072047948414 -0.01804272016017242 0.08088211313555689
0.0626914722 -0.00261926404 0.0670784575
0.0650200532 -0.00777570318 0.067851418
0.0666324782 -0.0109160186 0.0688509549
0.0626246349 -0.00250084993 0.0641988562
0.0650215508 -0.00769225029 0.0645758727
0.0628024872 -0.00258426014 0.0611650774
0.0650819538 -0.00789186294 0.0617395835
0.0714383547 -0.0149202277 0.0594835112
0.0675159476 -0.0111408856 0.0590118877
0.0842411077 -0.0267978008 0.0626373806
0.0813776771 -0.0211135027 0.05934459
0.0764293676 -0.0160934013 0.0575445542
0.0726867187 -0.011733016 0.0559524455
0.0706207011 -0.00808228829 0.0548735871
0.0679715349 -0.0030897317 0.0546205479
0.103193969 -0.0285543848 0.0668207466
0.090151191 -0.0130225009 0.0593883765
0.0887298214 -0.00912758529 0.0580406685
0.0869259914 -0.00236079186 0.0564570735
0.107539627 -0.0284735996 0.0662790735
0.060310036039372086 -0.01978189762627376 0.11489463249651798
0.04990595446404268 -6.371437345138156E-4 0.10926163343089815
0.05028550623028309 -0.003292595834119069 0.10990413338513677
0.0478907245 -6.928062E-9 0.162736114
0.0478505751 -0.0028355114 0.162718435
0.0485863823 -0.00475584621 0.16195378
0.0504315436 -6.219593E-9 0.164562792
0.0500936693 -0.00274231937 0.164731753
0.0508457761 -0.00467962517 0.164049663
0.0540241205 -0.00609999595 0.162599509
0.0528700612 -2.994489E-9 0.166440073
0.0524848173 -0.00260717259 0.166613435
0.053603272 -0.00445387052 0.166019586
0.0562176482 -0.00575279888 0.164512403
0.0552999373 -1.434215E-9 0.168473478
0.0548404363 -0.00250890988 0.168546843
0.0559417353 -0.00433732745 0.167717697
0.0573186618 -0.00582983742 0.166238346
0.057597875 -1.025996E-9 0.170521221
0.056881735 -0.00258767843 0.170464696
0.0576307601 -0.00441259173 0.169166964
0.0581165814 -0.00525540254 0.168526452
0.0587171839 -1.1051E-9 0.172722264
0.0578564809 -0.00261329937 0.172367761
0.0585386404 -0.00437750196 0.171178194
0.0589703589 -0.00596612659 0.170476961
0.058755735 -3.46959E-9 0.174614241
0.0582127657 -0.00265939812 0.174385374
0.0590730346 -0.00460863928 0.173902382
0.0611260325 -0.0202423475 0.182363622
0.0628387917 -0.0245763249 0.182844387
0.0648246278 -0.0306527313 0.182524981
0.065202022 -0.0350206823 0.181926308
0.066799286 -0.0387014571 0.181312258
0.061966411 -0.024505427 0.183861614
0.0644351162 -0.0310454726 0.18302984
0.077163423 -0.0483162574 0.174168166
0.0675562799 -0.0208371206 0.133803532
0.0709662967 -0.0242666056 0.133454376
0.073123472 -0.0272189792 0.134905697
0.0743992656 -0.0327657375 0.136023563
0.08464326877644425 -0.05877065872466755 0.1221814163520939
0.09361146004375027 -0.06332272701040276 0.11753257693940901
0.10985726486394479 -0.06974553463034051 0.11039101898385015
0.11917203782748356 -0.06967384170027191 0.10708748896519181
0.12647868055580025 -0.06884640687778991 0.10401768649768618
0.13260545328058787 -0.06664426716920599 0.10104083298524853
0.08736682536384005 -0.061591824027321176 0.1314871019445932
0.09621823816912248 -0.06484044108172946 0.1284369281035136
0.1131028417865711 -0.07201421122209295 0.12208496229385342
0.12161282601269015 -0.07298410566946038 0.1190820203056696
0.12879743331534627 -0.07192787068851474 0.11689515603493367
0.13630537195308498 -0.06887004896491955 0.11530523390010601
0.0906411346189063 -0.06247229145356037 0.14006515873230807
0.09897849107242357 -0.06644322713306439 0.13818255717054015
0.11621312161854966 -0.07278759661847616 0.13295792599834677
0.12379000142263157 -0.07380001045161987 0.13018402411791047
0.131191173177209 -0.07355287071157296 0.12792969490134362
0.1391007524365796 -0.07015856176898808 0.12747664768865216
0.05326559324317347 -0.020119698576945403 0.18057427277321958
0.055115042025898814 -0.02648739002902082 0.1804759590271286
0.05766659746933291 -0.03303833234818185 0.17865710516542854
0.07339360878039265 -0.052701809061515066 0.1703015854372842
0.04977990016085573 -0.004319075310931949 0.1814694943862748
0.04982238764084464 -0.01043533448388265 0.18222676168209181
0.0507620845036639 -0.01579061640726525 0.1827391058539754
0.057785663906112 -0.03342229298807148 0.18060358941092644
0.06160673691018148 -0.040843517792817974 0.17910856482234994
0.06857039947953134 -0.049913010834505535 0.1790665567321242
0.07635547048547546 -0.05500759173811204 0.17593300908010345
0.08499750941908511 -0.058072899963138185 0.17441557257715556
0.050536902301874756 -0.004044006468266638 0.18773066655000076
0.050591922731345586 -0.011340842124298813 0.18850068544610443
0.05187285352440038 -0.017831676857042424 0.18846415381608198
0.06259975943580134 -0.040699825276890846 0.1844208447535008
0.06952302956493607 -0.04965948119837202 0.18476587551783452
0.07818172261304165 -0.053842812684180376 0.18370451253801773
0.08616778482981131 -0.05729459896270681 0.18245868065858967
0.09527104681957603 -0.06152627229718787 0.18256826476957233
0.11131119815595814 -0.06937354008076829 0.18092276549737404
0.12797086698789123 -0.07339384843291885 0.17955584878016015
0.1348095797579941 -0.07532760495126517 0.17889668886575222
0.1424886645528082 -0.07702227397473857 0.17830025334563862
0.15013277663137586 -0.07715805628412739 0.1774897626381743
0.053275242 -0.0036998898 0.197158873
0.0537627258 -0.0116231039 0.197385241
0.0554283786 -0.0201546178 0.196581561
0.0651434812 -0.0402368027 0.193445683
0.071195714 -0.04838554 0.193864829
0.0790528505 -0.0534919632 0.193893341
0.0877029597 -0.056888557 0.19345729
0.0961337064 -0.062315663 0.194611038
0.11233492 -0.0696858574 0.193789094
0.130140665 -0.0747224551 0.194171589
0.138117635 -0.0765737474 0.195072705
0.14537543 -0.0779287991 0.195934332
0.152612405 -0.0789706774 0.196440358
0.0662601559 -0.0139950431 0.155927453
0.0666103934 -0.022751365 0.146606277
0.0680799771 -0.0260449603 0.14523643
0.0687548621 -0.0311864193 0.144311634
0.0701765363 -0.0366490879 0.1442939
0.0721761053 -0.0408580869 0.147826021
0.0754028734 -0.0454646505 0.154743249
0.0775832165 -0.0478368717 0.159788372
0.0768216937 -0.0477705288 0.169021413
0.0739744725 -0.0477515163 0.171933225
0.0715525234 -0.0465219165 0.175795146
0.0690715981 -0.0418798278 0.177483615
0.0679937837 -0.037502332 0.179202776
0.0672510109 -0.0346117587 0.180634594
0.0663102298 -0.0306518841 0.181456518
0.0660969672 -0.0254543088 0.181983438
0.0659927885 -0.0207081747 0.181183142
0.0659902211 -0.0166510916 0.178737458
0.0661728078 -0.0129642323 0.175831024
0.0660598276 -0.0107687047 0.171813102
0.0673310667 -0.0118105029 0.160148626
0.0645936064 -0.0133573809 0.156311272
0.0659276273 -0.022156971 0.144863733
0.0683612253 -0.0254988436 0.143446879
0.069507561 -0.030804012 0.142766026
0.0708037921 -0.036451525 0.142636576
0.0716060628 -0.0407350128 0.145566407
0.0750041828 -0.0448553638 0.151831364
0.0781605158 -0.0480868439 0.158672361
0.0799443603 -0.0489384179 0.162466644
0.0800810687 -0.0477952921 0.166529175
0.0780439667 -0.0474780847 0.169586594
0.068282695 -0.0424361254 0.178810635
0.0676190836 -0.0380459721 0.179818805
0.0663676661 -0.0347649342 0.181043259
0.0661230912 -0.0306577679 0.181968283
0.0656882802 -0.0254038818 0.182261628
0.0649554214 -0.0207663512 0.181529319
0.0643512899 -0.016795809 0.179662442
0.0631291461 -0.013718771 0.177045882
0.062558423 -0.0105127683 0.174887262
0.0682896639 -0.042116692 0.179803084
0.0667430815 -0.0384079691 0.180842433
0.065300998 -0.0348919173 0.181435387
0.0657422198 -0.0303789239 0.18226008
0.0643756524 -0.0249125492 0.182486409
0.0629941372 -0.020443166 0.181758297
0.0619726696 -0.0167254418 0.180449494
0.0606629032 -0.0138459937 0.178003938
0.06514607 -0.0100762439 0.164074577
0.0656640373 -0.0215870141 0.142554895
0.0690131727 -0.0252964624 0.142043192
0.0704591611 -0.0307488465 0.141747987
0.0715753246 -0.0366293692 0.141744754
0.0722318767 -0.0411914871 0.14455437
0.0756486315 -0.0453973437 0.150897571
0.07380455935583878 -0.04592873726577792 0.1019335039132617
0.08486540289803661 -0.05141285771781 0.09813751277863048
0.08543580551395517 -0.04066536823537372 0.07182242448088709
0.09261546160465643 -0.00276481408239369 0.036886771698091764
0.09477406185512821 -0.010943063514136585 0.03799618791424697
0.05120932222960477 -0.002729692849919134 0.06513053814786234
0.052210827256011075 -0.009324035175575422 0.06585340137670957
0.05407338854482875 -0.013583902469027853 0.06622019145955255
0.05708435299834115 -0.016575162670373234 0.06676596271507004
0.05938386502405517 -0.01808499317739404 0.0721576864780913
0.05753404277908416 -0.01549277707320008 0.07128240987960408
0.05514032093994714 -0.01255784318316623 0.07042063602604261
0.05333619465945947 -0.008316934301507031 0.06972609525884216
0.05226406664066468 -0.0022874700484722364 0.06859841530139052
0.05105547187954558 -0.002867253165714643 0.06308978787242113
0.05252089564671012 -0.009802448031956333 0.06321972858427702
0.05443377384756427 -0.013762486468129305 0.06329283001865695
0.052259911116433036 -0.002996652677855608 0.06136897073399237
0.05445784343226537 -0.009821359125991696 0.06065293117545819
0.0554533895952568 -0.0029512372502024475 0.05769790357586768
0.05753780243228151 -0.009349087360757399 0.05716088732297008
0.06579734161610512 -0.015854718222852688 0.05525963373611877
0.062228953999982024 -0.011905575951349421 0.054798977096349726
0.08181356294940532 -0.029018918394140884 0.05704448254943631
0.07621977180280828 -0.02244966025038121 0.052852621110919845
0.07157984657987392 -0.016845169181377198 0.051229591551874606
0.06812408012610666 -0.012244404145300973 0.050654517771977874
0.06644295960487466 -0.009008758882970246 0.05046151881090399
0.06384755150524851 -0.002724819500000991 0.05025212518679201
0.09990729844142952 -0.03418617270063865 0.05382206788122843
0.08193894218162161 -0.0143204341801476 0.041904841727630905
0.08001261481140198 -0.009694299079027332 0.04153437507200299
0.07759794325037093 -0.002704682109238417 0.04097374740366704
0.10408965173007421 -0.03563976501934003 0.051504657712568305
0.04985814522776599 -0.026014592256150583 0.11447944545791866
0.04675914474809672 -0.02208679268931588 0.10779204893245235
0.03963587101705958 4.60352771074141E-5 0.1132825427936829
0.03969777464803269 -0.002752500514024034 0.11325236228916608
0.03976515917452095 5.298081133756198E-5 0.11792291353407408
0.03975325373140627 -0.0013065464830824898 0.1178613390336493
0.03715838844009479 4.661776292445441E-5 0.12237247990302745
0.03711321864434454 -0.001275111719812421 0.12236072840460552
0.03779861871583219 -0.0029953129289059903 0.12220568571016972
0.02670894667717038 7.185521661285009E-6 0.12820211287927158
0.02735267143195887 -0.0012686774630449047 0.12866952873122264
0.027872012699292018 -0.002767320020200549 0.12890971882263352
0.028341063924565646 -0.004351193450152436 0.12963971229217544
0.03041051484380559 -0.0064974613545487 0.13056070969055103
0.03671814910265111 -0.013432693338370166 0.13311331021723538
0.039426965274123885 -0.01481808673732004 0.13079310311701695
0.04158046707834814 -0.01745668302295418 0.1278542807580223
0.024237361759447375 2.430919234793097E-6 0.131036015253803
0.024787029555200932 -0.0010495058369849718 0.13124232837942354
0.025574229603833546 -0.002810272001688449 0.13146754823739557
0.026695697913468687 -0.004593887325774733 0.1317645157627319
0.027756303573188514 -0.00707329839856047 0.13213585540486542
0.035661309080043106 -0.01452349028411211 0.13478397767255948
0.022480210134501636 8.921429237440592E-7 0.1350129471999515
0.02304145688349221 -0.0011260706027316845 0.13488379044672663
0.023849420576705454 -0.0028824839869624128 0.1348344745730756
0.025052068086120392 -0.004922501611297505 0.13449365491858062
0.022278509856724166 -0.0012686682106718933 0.13826755050035608
0.02312920160503838 -0.0030599895046147 0.1379262449176951
0.024279801696366402 -0.005068520028883202 0.13732308084829017
0.023739083135267413 -4.6145509895202587E-7 0.14290116066380024
0.023755421061621824 -0.0014620070756065078 0.14220500312927306
0.024236062336758867 -0.0032778391609561324 0.14145311361261773
0.02518566261479052 -0.005651403944334063 0.1403651725875244
0.025989969838300354 -4.1828159246167823E-7 0.14595495129484928
0.025937562634923483 -0.0015317497328386708 0.14499660359893668
0.026002868512947256 -0.0035162222767813303 0.14435582956795795
0.02682005225896781 -0.005875422569685896 0.14342365266693652
0.02774296726205092 -3.061359477782246E-7 0.14834089142530738
0.02771323819152125 -0.0016921439506275397 0.14751547988693808
0.028071421591915495 -0.0038371339223891967 0.14709979646852395
0.029096212754591063 -0.0064150956037289705 0.1459354591831419
0.02936839576580104 -2.222384496709736E-7 0.15043513259614788
0.030109314567892096 -0.0018290592214645766 0.14974670435481122
0.030586094624527046 -0.004020232981927186 0.14958586672472654
0.0318188865721561 -0.007172970623413026 0.14839239115753017
0.03393844162187218 -0.00953412880840504 0.14649736892561913
0.03173941317318428 -1.1110610503397292E-7 0.15287822006248195
0.0322687171794578 -0.0020551265690797902 0.15194672547071741
0.03306615304544371 -0.004345532158724631 0.1516133530895549
0.03473353340879908 -0.007848675094783245 0.15017686908334002
0.03714944987515808 -0.00999850200053401 0.1479309560366159
0.03385986748223656 -5.505125747970542E-8 0.15486303087234715
0.034360587669867416 -0.0021984564427204273 0.15404331306612062
0.03540159977553067 -0.004634773818955303 0.15367749005230294
0.037162236509658504 -0.008093370525409123 0.1523349236419488
0.039810078907484045 -0.009827304548335383 0.14986347224678764
0.04960442317214452 -0.013036899692601016 0.1474919430984089
0.03646458848658668 -2.5973893714881392E-8 0.15706490945618978
0.03667014628509527 -0.002674819938512152 0.15662692761981425
0.037479870978640056 -0.005041746113440385 0.15599732183676895
0.03943631748789028 -0.008358110820187857 0.15459439878021636
0.042303889969409265 -0.009923416066371876 0.15235578922508167
0.03902331636119925 -1.5574807733265845E-8 0.1590677981884659
0.03910725940380944 -0.0026906752254894873 0.15867343551126906
0.03997814578738528 -0.005255124622314981 0.15804542137389302
0.04132821046273185 -0.008358777253043279 0.1564406937409015
0.044923793663294645 -0.009794623269599116 0.15500538702245129
0.041454130498129654 -1.0163263858992279E-8 0.16086552230084952
0.041482013058729575 -0.0029726744466007623 0.16056387077624906
0.042450549547418934 -0.005592979971715457 0.16025151116366934
0.04443467062199994 -0.007649023876563239 0.15909658568835067
0.043840047286002715 -6.697768037586194E-9 0.1629339924719717
0.04409714547093841 -0.003218295248310196 0.16275578264983467
0.04534731400477346 -0.00580634927053101 0.16236632295468414
0.04688565078573823 -0.007669364148803906 0.16119031513254695
0.04629129950247999 -4.851233259259389E-9 0.1651654417497237
0.04678781858716207 -0.003471515885572773 0.16532736935025838
0.04740517374252783 -0.005812605632373837 0.16467804555579255
0.048201260724327885 -0.007617180948506894 0.1639370744846572
0.04833820967385523 -3.24511180153184E-9 0.16742427311954905
0.04846899163484256 -0.0035172966790198014 0.16774919808484695
0.04882112074506457 -0.005942908452046931 0.1672836817309004
0.049934584776513594 -0.00868721407082843 0.16665376569838208
0.05882144553939468 -0.011524699156766996 0.16572166035603791
0.04990761475206658 -2.6798084528051134E-9 0.169687758044656
0.04997514578474132 -0.003940117404359499 0.16984336550272383
0.05061290758411256 -0.006210600442581332 0.16967421568926105
0.05559962066382802 -0.02174417658839462 0.1768342326297665
0.05682819010419581 -0.026843992371742478 0.17651632166878717
0.05861644190127307 -0.03256257433155413 0.17566535257289995
0.06053499601570696 -0.03784714101275015 0.1749445228945306
0.06272848175368062 -0.04167297195258398 0.17347395244744138
0.056075189200200694 -0.026723692125278482 0.17839451440770948
0.0582399505975372 -0.032954373577710354 0.17699067967909787
0.07258561248926941 -0.05165654327789333 0.1688786100167218
0.053744484725667195 -0.023324202376367384 0.13581798716360938
0.05537069747845352 -0.02769039233960235 0.13048374868352564
0.05756165427053106 -0.03379223949178245 0.12981836579920794
0.06059122959133504 -0.039093032841612974 0.13071439010007085
0.06408125210974482 -0.04434406754716329 0.13223621070195365
0.05946979033230011 -0.01887432650361395 0.1533575660143028
0.06046853882232416 -0.029689365726076535 0.14486453614995526
0.061409277049615164 -0.032870663000689596 0.14390492145738054
0.0621206370826794 -0.03690191140107741 0.14389147308357472
0.06372214169169092 -0.040480919057278374 0.14460343387597335
0.06631918048550142 -0.043487301895630645 0.14638004576378844
0.06944263731243613 -0.04624827149937011 0.14968810150937045
0.0727592826004694 -0.048178866115475866 0.1549960516944158
0.07354867131882993 -0.04882859211554061 0.16409053089615844
0.07110432840631432 -0.047481412011821135 0.16578358079129016
0.06851959387180563 -0.04488894466313469 0.16638193662633285
0.06549872767377443 -0.041555426356047316 0.16690008149142138
0.06343430903351063 -0.038273080566868574 0.1679142788600276
0.06276036553216338 -0.034970731421992404 0.1691210349380384
0.061986925004950406 -0.031212488208388373 0.1700379077933228
0.061589139059103286 -0.026791668114884783 0.17073594794393737
0.06209786975962442 -0.02254667024750842 0.1709302744142257
0.06248933160423838 -0.019444809913705327 0.16939501929068443
0.0626797036756233 -0.017209598530311405 0.1677506801532292
0.06341662824685143 -0.015644691613047112 0.16647848921175157
0.06312183548099436 -0.01431887336289614 0.16500472666248964
0.059416031496673884 -0.01611756279644254 0.15572212114690528
0.05772625815983038 -0.016348017242850826 0.15200847336203163
0.05838814127451554 -0.02922009080711448 0.14196916805545431
0.05982892642782904 -0.033552748000805786 0.14067045373660958
0.06088731632309872 -0.038162278540139184 0.14121516261412104
0.06296984213814945 -0.041967910590083736 0.14251636704939383
0.0659208654587406 -0.044814210690939375 0.1446851033134028
0.06911832434572447 -0.047486576711891056 0.1470602568020271
0.07345844200866614 -0.049834408589824075 0.15201119786552453
0.07524976230210766 -0.051713587546144316 0.15792564321105101
0.07636624953284459 -0.05219819370697691 0.16208949439405046
0.07489708860596056 -0.05131168734456797 0.16484502077725444
0.0654814626076669 -0.04273444890052152 0.16899231316732846
0.06312760952703436 -0.03955340428254381 0.17020066648316542
0.06182641756945863 -0.036238964945756354 0.1710772948198757
0.06084080356948462 -0.03199963292261645 0.17195360252633093
0.059717302931926744 -0.027117269644335352 0.1727009538635008
0.059745119453219434 -0.022442563103151143 0.17305241357458281
0.05995002488920161 -0.018628965929575518 0.17176461318818542
0.059821248274664174 -0.015737369032096726 0.1696384972313442
0.060097078518976464 -0.01362523043946128 0.16794944097960574
0.06539271574312296 -0.04411735161453896 0.1710784557541318
0.06280436134965102 -0.04074693404978213 0.17233506980153465
0.061029541633764825 -0.03699665695039972 0.17330811469337626
0.059488410497710524 -0.03227292712259855 0.17402496903748013
0.05793373757647659 -0.026981524345631506 0.17458227829738143
0.057388441484247314 -0.02191474584813883 0.1749222154016803
0.057606665138901114 -0.017869146877838256 0.17370205350135579
0.05739612719572851 -0.014416691271943043 0.17181664865620921
0.0624775261172293 -0.013294898036307866 0.163176696477681
0.058071671304549294 -0.013168986941209325 0.15866981831777147
0.057260199170204716 -0.02846653270849053 0.1394418310965224
0.059226206682077884 -0.03368218405791085 0.13854124861795294
0.06069926154738178 -0.03866950475748432 0.13935451041237626
0.06297785281133919 -0.04260866520897778 0.14080890310918084
0.06576979456600943 -0.045825232086143086 0.14279108019939812
0.0694771392006587 -0.04908612280385032 0.14513498067062472
0.05538854383794274 -0.01723803374196855 0.08309176536748876
0.05482828361861441 -0.012900161063353137 0.08013461968622744
0.054904073276882646 -0.010767273355568782 0.07943638208722507
0.05451086352440407 -0.008362307640101594 0.07882644473258361
0.05400974533663342 -0.005781699846488363 0.07855684597422267
0.05300366750547959 -0.001608158782015603 0.0783347894933958
0.04379639764285957 -0.0174238369156241 0.10046563355974628
0.04057618842736272 -0.01296492359356949 0.10285337078521285
0.03926801060409228 -0.010604787819813019 0.10396301245921163
0.03766071116390229 -0.005431281809145747 0.10424480619653788
0.03686871746683029 -0.0030975086556766025 0.10341527176818145
0.03665587295425809 -1.4668874269413406E-5 0.1031115737219023
0.04819048427190128 -0.008558038255061505 0.08485319040372553
0.047717496157198856 -0.0071613026219332085 0.08398245879730475
0.056774394136080014 -0.030035717735697836 0.08818650577175004
0.06878930600851313 -0.03173463388565244 0.07693091607044668
0.06923328849956886 -0.027428615851606407 0.06594891459944954
0.07077579768595857 -0.02754970186601768 0.06000692425391722
0.06652333114390735 -0.025100398123809986 0.06175739386782411
0.05965004618872308 -0.012989365370636812 0.09092028258190128
0.057644636357015215 -0.010385757034819068 0.08896072681705239
0.056846869175326345 -0.008536169461099792 0.0880815620110396
0.0560230555684315 -0.007143190405030798 0.08674068139780339
0.05484655272236083 -0.005245400835591169 0.08608669406109924
0.05371181029212674 -0.0021411328291600215 0.08529649986500279
0.0601124784 -0.0204973616 0.18366012
0.0699004461 -0.013754692 0.155665861
0.0692231915 -0.0239351656 0.150294734
0.0693713217 -0.027311059 0.14938706
0.0699687565 -0.0318175154 0.148447402
0.0720996049 -0.0369436066 0.14898256
0.0762214057 -0.0420916954 0.154262108
0.0777561005 -0.0451539438 0.159324527
0.0784376743 -0.0463253906 0.163127525
0.0756409591 -0.0470248931 0.165337675
0.0745446996 -0.0475149657 0.169873759
0.0725314006 -0.0462747515 0.173319002
0.0700250535 -0.041795951 0.174735622
0.067799159 -0.0375319572 0.176148132
0.0666542193 -0.0340524066 0.178795146
0.0664109853 -0.0296338209 0.179458601
0.0678526124 -0.0244443514 0.180283102
0.06892701 -0.020005988 0.17887117
0.0697497609 -0.0163024835 0.175945084
0.0698209492 -0.0134772489 0.172530793
0.0685052869 -0.0119789938 0.169434036
0.0672337894 -0.0131641454 0.157614698
0.0675649087 -0.010701638 0.162747423
0.05432751024647786 -0.028468891026295524 0.12656288494222837
0.03870163884561123 -0.016560555481742657 0.13157019035459794
0.05369573677025615 -0.009548460686968343 0.16581398246749135
0.05459704231591952 -0.021854886473999954 0.17897099593480023
0.06396248704731028 -0.01972946035550588 0.15358815528536118
0.06314794140955338 -0.029401420423277674 0.14952808233150577
0.06390564590991421 -0.03281949062817564 0.14879978370858488
0.06475798747096156 -0.03611749481784627 0.14856436229271158
0.06633182413174811 -0.03940617001366975 0.14906629933856952
0.06955042578536537 -0.042661215546501985 0.15116454005278626
0.07154776806660561 -0.04502445877064812 0.15513271006447352
0.07178606796800853 -0.046124356346798664 0.15935718521587292
0.07157321167142695 -0.04628857274954434 0.16186539186985005
0.06996247552657643 -0.04523428524746065 0.16334156541306571
0.06805529773468832 -0.04296841780438345 0.16378464507977317
0.06584209769281135 -0.03983524230114374 0.16405847020224243
0.06407672218622125 -0.03649093798046707 0.1649233102336904
0.06264650807847008 -0.03339881199008723 0.16607873606940288
0.061958036080369906 -0.029526077790180186 0.16720402190729677
0.06320632821386216 -0.026670919152569604 0.16732622075152476
0.06423739680202843 -0.02321746353047717 0.16721751996603434
0.06442542915842359 -0.02042721658610552 0.16656650296561135
0.06455707900098243 -0.018322528876429024 0.1655520543592015
0.06462632210081908 -0.016947750674606073 0.1645328545973763
0.06438198429752649 -0.016157023548770494 0.16342404414553452
0.06062901594786934 -0.01807915908771074 0.15477290998818502
0.06446617234223388 -0.015866565796954116 0.1615143393041382
0.06344422131778137 -0.01604084772446112 0.16013168743632591
0.05254053693719128 -0.015436764405200547 0.08689216009497476
0.051715240742588334 -0.011428271629798752 0.08379718111695866
0.051474131006734376 -0.00939113604139004 0.0830438467931662
0.05092649899840731 -0.007282662833864458 0.08221945166440228
0.05023701708962136 -0.005026535236377552 0.08165352158563234
0.04961717453172591 -0.0015083426934288245 0.08172481196812499
0.0694763547 -0.0114192056 0.158681085
0.041904961234914 -0.016096008528185157 0.12712327654462344
0.06451887624735744 -0.01778753257209808 0.15621284734577015
0.03169221663890938 3.890893716662375E-5 0.09817920416879793
0.031819549213614545 -0.0012800440424250857 0.09821198249327648
0.03245030083910301 -0.0030197997895826775 0.09840166306101705
0.03302640771587864 -0.004517790308472344 0.09846686003598965
0.03406349423286139 -0.006597504728006328 0.09873433458316044
0.035125640533772894 -0.008507445718839293 0.098595452535263
0.036187683987673656 -0.010241893829516758 0.09803212366067487
0.03792407033174314 -0.012038231813640417 0.09675574744278125
0.04048793935041586 -0.013833021986974545 0.09536285492031378
0.04401858741593575 -0.016654831884186018 0.09448969074575055
0.04764335840569169 -0.018201815100739364 0.0932409881337315
0.050091951460081004 -0.017048101174864373 0.09509136235400918
0.04853279642384989 -0.016357703757329773 0.09403740837158224
0.04546619273416036 -0.01460765679773545 0.0921718341313276
0.04287379047478267 -0.013116476545838293 0.08937754883890313
0.041281559548730154 -0.011283396965996017 0.08725891838384733
0.03997264292949178 -0.009292337105342241 0.08575050298432274
0.0387296027907121 -0.007829678147020892 0.08504068173904031
0.03797867779201665 -0.006196764091973177 0.08503943203879838
0.036792103505938596 -0.004242256611652073 0.08589793255567066
0.036313516727578446 -0.002131171831439709 0.08589996158635738
0.035968384007093096 -2.09449114260542E-5 0.08587989180798382
0.032540834369660016 3.603385465024048E-5 0.09674812007578791
0.03290159228049783 -0.0013175574884337702 0.09679356757801072
0.03332032120270793 -0.002480375633548678 0.09689716028107442
0.034006416580185043 -0.0041611918527567696 0.0970061875567067
0.034538498094397255 -0.0059953230010363085 0.09689863839473
0.03561517441231318 -0.007798483038935526 0.09651366134014397
0.03675741252055054 -0.009462091691422552 0.09618414933468428
0.03861159662503567 -0.011270836230382586 0.09521555991380129
0.04092061258959404 -0.012957278587379072 0.09466110918574631
0.044517734864476625 -0.016086262082507685 0.09422538649496999
0.04762606134213053 -0.017450603579648956 0.09359785218761257
0.05041807164414128 -0.016965134222578546 0.09598263199255531
0.04886407416074073 -0.016384118245458983 0.0953985608691561
0.0453688506885285 -0.014316634038842037 0.0941674153524128
0.042697550364185106 -0.012710580214905337 0.09209956577665396
0.040539123542603764 -0.011290846989261588 0.09024225709440092
0.038654302118307525 -0.009592418178476187 0.08904971665318503
0.03747319579353398 -0.007919641143323075 0.08831699709615233
0.0367213161756232 -0.0061354689316825235 0.08804002305833038
0.036253972716420314 -0.004230793121283651 0.08826535896999753
0.036147983108943335 -0.0021793212300555507 0.08861669185900614
0.036122513334977825 -2.7100999234883636E-5 0.08869267757288311
0.03366328314090877 2.90814294892299E-5 0.09606937805942421
0.03429597477646525 -0.0012818686378507347 0.0959703157777024
0.03468631422766878 -0.002422357329705059 0.09599264864200988
0.03507675858935497 -0.003871589102112687 0.09603217907349493
0.035712081396152756 -0.0057006196504676455 0.09576666530519631
0.03648394285773022 -0.00696655682647032 0.0955430080805627
0.03784318907588526 -0.008817990834027897 0.09491414517386416
0.039546382550533575 -0.010585874672455371 0.09456438095992957
0.04174151894577739 -0.012212450419171626 0.09444991951524564
0.04527849872176277 -0.015093855267804117 0.09432731250802046
0.04832362913686612 -0.017111977613113706 0.09422365994175887
0.04971832854670067 -0.016124344637087718 0.09626320393548242
0.046588909730050136 -0.013875821327476301 0.0957523530727707
0.04336300516825579 -0.012340873676761285 0.0949767589291001
0.04130969903731193 -0.011103141230609117 0.09290214371776125
0.0394562277474251 -0.009529502023315291 0.09150712391903043
0.038150878841164436 -0.007947355563333876 0.09073429471507688
0.037265905169100264 -0.006216453549173835 0.0902374130479795
0.03654869134080548 -0.004296058459318706 0.08992825097247113
0.03635717031683535 -0.002200485988764516 0.09014241379457659
0.03669963594998005 -3.0185031027726727E-5 0.09037777979256828
0.04092195813773999 -0.008034494131637548 0.08234691517127113
0.04191353279048549 -0.009763602858883261 0.08315780416834492
0.057913577508768375 -0.02856244857679329 0.0846986675849329
0.05754644060454409 -0.022032677159974434 0.07812413220610438
0.05490534281496041 -0.017252775099807893 0.07433397340839827
0.05410976145475747 -0.014709956467073492 0.07372773867377411
0.053486379880512455 -0.011635976817986043 0.07343265548501494
0.052158228212479736 -0.00800998783832389 0.07292584582066913
0.05108006794652023 -0.002430422274723248 0.0724534578619768
0.04252886854783027 -0.01852718232834025 0.10373529110316641
0.03935342704226323 -0.01405712052376521 0.1066765064462408
0.038628046191000964 -0.011685956386726846 0.10817831012532345
0.036975893316169045 -0.005595580722950122 0.1107301091067618
0.03693904511925451 -0.003005396433327585 0.1101707557350798
0.03695242205826201 -2.1277210835278597E-5 0.10947537584535728
0.08362585856595679 -0.0606951287350855 0.12152830209338486
0.09196802087471499 -0.06499067695620167 0.1174331614851827
0.10905372389466585 -0.07360572241836028 0.10950584546690159
0.11951723110073507 -0.0722552222535144 0.10606635872098444
0.1265878174481523 -0.07197373600739451 0.10300596938094052
0.13303823731399725 -0.07104724126512084 0.09970775406983491
0.08645656338570348 -0.0634413679303213 0.13071401989443207
0.0954808223778903 -0.0664285681545718 0.12792239502516006
0.11280630901026063 -0.07467860970301993 0.12135468146217444
0.12211849179127049 -0.07479157012689461 0.11838463577250444
0.12903687030457933 -0.07312270399808427 0.11644032510967292
0.1366672528783475 -0.07237371190759202 0.11412944612153167
0.08920865506312459 -0.06486731604636292 0.13959347800184588
0.09858438789564372 -0.06846964415218798 0.1373975713450794
0.11586028993117967 -0.07506287972246668 0.13221244539372828
0.12435541245182116 -0.07584495725198181 0.12952545644661953
0.13166739069887873 -0.07557482359029204 0.12732069452344652
0.13921518338579242 -0.07292172806568209 0.12639229835059074
0.05208506415114726 -0.020744366972616946 0.18074289552149864
0.05398747436931925 -0.02733044059725052 0.180544249955213
0.0565991516827694 -0.03405309450813607 0.17873813037522052
0.07249136961498384 -0.0541300068561876 0.1702342033748076
0.048190979864517744 -0.00460585782830031 0.18179962350457332
0.04843308395381146 -0.010896457488893438 0.1824572207825928
0.04948118909957281 -0.016367347505523325 0.18294156009117896
0.05667172826968185 -0.03445215386338001 0.18077389093684257
0.06022724885586627 -0.04168088241816862 0.17925125730060673
0.06775255553173863 -0.0511167516438995 0.17916195136319293
0.07577527021749327 -0.0565070962735556 0.17609538702624927
0.08434661674938489 -0.059883781012023296 0.17469244379053175
0.049083204579759475 -0.004395213473386608 0.18808189472616765
0.04927421939293308 -0.011851097519963048 0.1888126656980732
0.05061614647541032 -0.01846267157702514 0.18876472357459514
0.061432816963427166 -0.04218101836730127 0.18479337166040058
0.06865387659658427 -0.050958244354210376 0.18501913346418258
0.07761894654622882 -0.05521778522455318 0.18400555497426985
0.0857273445753955 -0.059138318903520844 0.18253841717908642
0.09423195950590854 -0.06391949657277339 0.18173030418294744
0.11075944357054376 -0.0717269243889809 0.17973884309878918
0.12767296953585833 -0.0750096225260986 0.17868427238051438
0.13505861830107363 -0.07772861816064285 0.1776928503237324
0.14309737917726192 -0.07906692036620874 0.1772761058063873
0.15029334514003484 -0.0795516178031408 0.17675078313499357
0.051926523 -0.004079976 0.197691758
0.0522793558 -0.012134156 0.19799392
0.0540634628 -0.020930676 0.197157282
0.0641022574 -0.041418844 0.194087519
0.070459564 -0.0495312842 0.194457703
0.0785189916 -0.0547149066 0.194561987
0.0873490641 -0.058282966 0.19408877
0.0953129297 -0.0630214032 0.1940467
0.112344988 -0.0714871608 0.193506073
0.13058766 -0.0766836433 0.193615266
0.138107232 -0.0788268369 0.194282679
0.14628789 -0.0792012942 0.195062391
0.152776474 -0.0811174429 0.195681735
0.07318827323449162 -0.04733313726844809 0.10177970479629574
0.08432365729376626 -0.053032597062987546 0.09748507147249161
0.08237382915059305 -0.04267191731321995 0.0696217910072816
0.09081835428206078 -0.0027118034766047084 0.034392501811817904
0.09289442783881324 -0.011630949220486849 0.035097602164775504
0.04852410965545319 -0.0027768006765916636 0.06477483550790122
0.05056549357062178 -0.009799430355188616 0.0654965255669352
0.053085783808620106 -0.014264208690951496 0.06592258588644766
0.0558026112452719 -0.01729633567524791 0.06658846042477794
0.05704859920761879 -0.019030429802168226 0.07118473878045603
0.05526614287729808 -0.01609463185587223 0.0704861880607636
0.05358739200105091 -0.013214061288189046 0.069977997856108
0.051637586314733495 -0.009067642372048788 0.06929360534101994
0.049159573785490775 -0.0025052288451113147 0.06759547908177861
0.04859031981778891 -0.002894842879522355 0.062427141795732916
0.0503987808997159 -0.010332266844887143 0.06248569274994093
0.053214734413744136 -0.014458219509776611 0.06265130852848504
0.049980546697284786 -0.003115603475655344 0.05934831654683947
0.05155245140543569 -0.01048458830355459 0.059119279008497616
0.05245228201096127 -0.003265430765614357 0.05463966837802163
0.05466746485861292 -0.010440358444898913 0.05434806061724559
0.08780097849089316 -0.0029378072049877878 0.03501523535160008
0.08898395281303256 -0.011743137307159795 0.03519555266901244
0.07959870225156092 -0.03132667668725765 0.054360706067931454
0.07486684005844672 -0.024409827939098697 0.05060678934440511
0.06978930885080904 -0.01811842275259556 0.04898634526594845
0.06595201563741483 -0.013118287550508319 0.048821193061652744
0.06425106591390183 -0.009868496735373575 0.048238095224915574
0.06156639056372199 -0.0029489853765373693 0.04771527853080994
0.09781371644318841 -0.0373269462140096 0.04905800096452463
0.08092505822917592 -0.015312344001491035 0.03974444138109818
0.07904731973718444 -0.010381094468688469 0.03951407228561181
0.0770250565446204 -0.0027206537711554754 0.03880582864302885
0.10190536396616956 -0.03867598145958778 0.04640405663182248
0.04876546606539984 -0.02613614926424372 0.11406967606630788
0.0454234337860274 -0.022152595600785297 0.10731593226378214
0.03784423860174179 4.620076306544596E-5 0.11447619826858604
0.03704814848035447 -0.002884500716490372 0.11447358255248802
0.03780060118450239 4.519722585054214E-5 0.11800180286960414
0.03757728696717592 -0.0016290135759177314 0.11810108277111502
0.03576653868522199 5.082953525511117E-5 0.12152782892305909
0.03591711494238584 -0.001152410880904387 0.12157448442841388
0.036007351865990876 -0.002918901808012577 0.12200388690118659
0.02635698899772401 7.5231921129417765E-6 0.12694273267804349
0.02651943465283951 -0.0013573502864774063 0.12718317176257307
0.02686622988777832 -0.002899394155374396 0.12747046847042792
0.02711660983915767 -0.004509781913539553 0.12801477889728247
0.028230577425969332 -0.007079181930960205 0.12896963580092086
0.03587551928452077 -0.013911693158021234 0.13209425672101807
0.03866958825390103 -0.015200131154634207 0.130045647210977
0.040837185081498084 -0.01832408013576553 0.12756695939691814
0.023393521234626735 2.6055253389564604E-6 0.1299820110160595
0.02344580112071548 -0.0014004365462612059 0.12993240060422356
0.02356409788532067 -0.003231680684334771 0.12996787935088305
0.023789802641204283 -0.005650503307047767 0.12988706817421067
0.02490959361843924 -0.008277376692545926 0.1301231066232128
0.03406652220771009 -0.015258195266559083 0.13340816887295276
0.02130714368647985 8.321363126385364E-7 0.13425349020995825
0.021322160313302616 -0.0014526591168299598 0.1342542523295783
0.021457766153041888 -0.0033804028489181786 0.13417711699832707
0.021801649910771867 -0.0057837461711445475 0.13392805248720563
0.02049086657414917 -2.467963634527546E-7 0.13819535227100874
0.020532877801871376 -0.0016057268621257463 0.13842068268924898
0.020689046555445234 -0.0035556293709760847 0.13825051651197987
0.021397015046321678 -0.006028942000582808 0.13757301920529066
0.022134131570490517 -5.9944723506684E-7 0.14259783003064455
0.022355341222282717 -0.0016758205861740955 0.1426620932983613
0.021995863133389335 -0.0038211413305435015 0.14214957099486875
0.022377066042560078 -0.0063792376890332535 0.1412122067978059
0.024647318783462074 -5.296688964671298E-7 0.1456928570508878
0.024728322508070305 -0.0017447075156960938 0.14566330859056426
0.024578498523526827 -0.004113667400848458 0.1449795624316835
0.024665773996560766 -0.006674177971110747 0.14416466045668494
0.02676908653579658 -3.6051671425365015E-7 0.14854090343042145
0.026304118972322772 -0.0018268979727935578 0.14809119677205834
0.02655972758196119 -0.004383378802526593 0.14758023386070565
0.027699508477375945 -0.006882920606865357 0.1464951202252095
0.0281462775004946 -2.8677132842529023E-7 0.15050860092243507
0.028916940208476644 -0.001976107114171199 0.1504628681027697
0.0293675805594948 -0.004598977431950269 0.15019037619204328
0.030604436355455192 -0.007556275022721419 0.1488468231773717
0.033151920061171236 -0.010227039587431402 0.14680386929099343
0.03041165682402397 -1.588301849030941E-7 0.1527898588918172
0.03115350754153486 -0.0022327770785874586 0.15266373011721213
0.031771918182285794 -0.004987820299545045 0.15218647645348743
0.03328588495419079 -0.008019278205201227 0.15051337769205306
0.03621710757579761 -0.010594859576803757 0.14805070931213649
0.032665445020146275 -7.662082872576644E-8 0.15490966338614615
0.033149629873067465 -0.0025180228683765295 0.15475479696129316
0.03405080247181047 -0.0051978200643505975 0.1539744490577479
0.035766521863794455 -0.008421745883241566 0.15230918841393418
0.038759701853110284 -0.010682644305902876 0.149987647949384
0.04637933295568534 -0.014827766434556142 0.14563553264923945
0.03476133671324129 -3.608087517040711E-8 0.15712360747819157
0.03526614978019057 -0.0029413713766577574 0.15714645884417824
0.03594471785444417 -0.00570557440921997 0.15615586593044314
0.03807489578397116 -0.008808020438515104 0.1543371683359582
0.04119123870635526 -0.010636329507194175 0.15235425070643974
0.036535538429809195 -2.0564299172356E-8 0.15909787794478594
0.03739449640935598 -0.0033212672578408586 0.15928440777575448
0.0380563203499732 -0.0059970678045468025 0.15826117065384604
0.04048166875521941 -0.008815479780963628 0.15643831569330743
0.0439015048045378 -0.010440090760460707 0.15500174898886382
0.03842728889648231 -1.2083962064587209E-8 0.16080466204966168
0.039540191329688085 -0.003672977216225959 0.16122552294875686
0.040296297949402066 -0.006322461295969685 0.16061722981156099
0.0428409712484832 -0.008791326451193328 0.15926045308397463
0.04059086099197719 -6.401637069614172E-9 0.16269748237502268
0.041467476932167256 -0.003619117298462368 0.16276496708957855
0.0423323714244405 -0.006295836243943441 0.16226512107062807
0.04441086163886421 -0.00818549550440428 0.16117179057512435
0.04299834290914342 -2.671335195406745E-9 0.16491410685365623
0.04427812861328202 -0.003641021063637395 0.16504567636774367
0.0451187133186694 -0.006100793507211201 0.1644278503455376
0.04717935785635539 -0.007852447844901187 0.16371614017783337
0.04529162777608514 -5.408110564458245E-10 0.16720892981084734
0.04649301273322846 -0.003656098943665735 0.16751091105993324
0.047018112235619886 -0.006154873726367272 0.1670065175852412
0.04856385291652457 -0.00851839540047671 0.16621180442042338
0.05743026388397859 -0.011551282889816428 0.16562514564678624
0.047729813431375424 7.574392682685029E-10 0.16970644292712606
0.048584424598910755 -0.004159376330765689 0.16989459439063143
0.04924714093983395 -0.006709569319918099 0.16975411495376472
0.05456890115023599 -0.022418869497940072 0.17693780030350686
0.05585542626035307 -0.027721567977782493 0.17651124763320036
0.05759621045276624 -0.03357625421476404 0.1756363412613776
0.059485782872602797 -0.03892315149677134 0.17477896052986822
0.06179106059397671 -0.0435088476112531 0.17389882793972797
0.05500799860572513 -0.027584885023947573 0.17841074057527098
0.057194588724970866 -0.033969944611019785 0.17700957095506106
0.07151742225031486 -0.05305087106568116 0.16866518638651234
0.05340524092624381 -0.0236380422844957 0.13593285835954452
0.054946640927659045 -0.028107875683528363 0.13034662473797298
0.056897553339713594 -0.03428905235514969 0.12928125703726429
0.059747617232306253 -0.03984338390853374 0.12980072376667662
0.06354621671839637 -0.04559777944212974 0.13139657564507845
0.05864362299536563 -0.019294535923024915 0.15277394324276758
0.05977756091631178 -0.03015480130432088 0.14436595238887523
0.06075520788349318 -0.03355407098412578 0.14344158449808214
0.06145863149241624 -0.03763128675864232 0.1435435168169856
0.06310973631517229 -0.041339673698752084 0.14436915324988076
0.0659799182544554 -0.04440349468728362 0.14639542983159967
0.06890439834292385 -0.046746123130002974 0.1499416597823592
0.07185991243500878 -0.04889835758498005 0.15502718647789265
0.07281464833803082 -0.05009228887046986 0.16407060661093037
0.07018259038723203 -0.04883841049005904 0.1656657178689911
0.06769023812636085 -0.046166848127172096 0.1662588831266005
0.06471430494718348 -0.04266083745446521 0.1668423624797658
0.06278927136196608 -0.03923527786454 0.16794023403211822
0.06194917422899754 -0.03603455801091932 0.16906190016421624
0.06122990160806019 -0.03222598287129715 0.17000856798236536
0.06078215516497759 -0.027702406085238846 0.17071995952471108
0.06120880544402265 -0.023282415942991488 0.1709982409162263
0.061641088969718476 -0.019990698788150293 0.16956245737703746
0.061729704124712986 -0.017684237413053576 0.16784678618427307
0.06266030701405587 -0.016198829213902016 0.16653251413785386
0.06217784415843815 -0.014858637775983103 0.16509547196382926
0.05766206059455953 -0.016175271292166192 0.15454350890638882
0.05662643884544938 -0.0168322177671932 0.15114813145625225
0.057748235509676435 -0.02971253623253498 0.14135558759869787
0.05904196184113189 -0.03415955965222099 0.14008017623547447
0.06071872738466567 -0.03831838250254947 0.14090559093022242
0.06267561407907725 -0.04226495126913517 0.14229862628037554
0.06535731962782514 -0.0457019824261742 0.14443023987752834
0.06843231957926801 -0.0481078416515494 0.14728602081471806
0.07215288731626868 -0.05029617285295147 0.15145841443464003
0.07446705277138388 -0.05228985580800693 0.1577030216029251
0.0753696604177188 -0.052866397034262616 0.16220305672726357
0.07430951976071663 -0.05240606469536993 0.1647043635517368
0.06468176237544303 -0.043848027465688395 0.16890929750690156
0.06251657800007353 -0.0404616787859861 0.17010825636937998
0.06099839695310244 -0.03729309307188668 0.17100402597533104
0.05995655875265642 -0.03306212462916334 0.17191540684346893
0.058890855867952036 -0.028039646276764394 0.17269460042809787
0.058872812069742465 -0.023176011006185795 0.17315293375254873
0.05943030274030343 -0.019195089613266735 0.1717970981420404
0.05894896329435631 -0.016119324278413328 0.1698903253935124
0.05902937110502341 -0.013825199202967032 0.16811728786595118
0.0642408237828704 -0.045450752027991016 0.17102843277718766
0.061777094029272776 -0.04205486897737986 0.17219845059608602
0.06001606685260329 -0.0380855840555514 0.1731970863863042
0.05850746193122872 -0.0333072390469391 0.17396456606769475
0.05705650946983705 -0.027884673775525025 0.17456662241871349
0.0563678075144058 -0.022658634042447376 0.1749509507844117
0.05669107189415817 -0.01838910711924457 0.1739926890927253
0.05646323279188813 -0.0148663829417832 0.17217427749735822
0.06117015034960463 -0.01366776684280861 0.1629457288688182
0.05652318516560653 -0.01323477759585281 0.15813137471503547
0.05668919431616147 -0.028868287778661152 0.13895045827500077
0.05848947621284822 -0.034288073133036716 0.13794851888013182
0.06048180357291309 -0.03891320969065515 0.1389598235266105
0.06257321069436175 -0.0430971095621069 0.1404770250051533
0.06521104529535095 -0.046756790050404895 0.1424521991800454
0.06867777288951096 -0.05004379735841664 0.14498311115899967
0.05400756349074125 -0.017776287493538868 0.08100056112502489
0.05116666520959494 -0.013514732862674721 0.07720561379523642
0.05079445133614201 -0.011592607206730922 0.07657505687854255
0.051225800078917076 -0.009458789454251085 0.07660697884542
0.05047990721994359 -0.007298294826027717 0.07602571763078629
0.0503669363255529 -0.0027426085922050854 0.07594421668652118
0.041958465866678694 -0.017550135425515798 0.10067426608054861
0.038410748159090076 -0.013293798618381087 0.1038814911841273
0.037418994062701716 -0.010840763869557965 0.10550754830362342
0.03574553844204089 -0.006601494423937559 0.10705535241405964
0.03427612038556007 -0.003977577053710079 0.10493924407288595
0.034192870580734724 7.944015817859203E-6 0.10498615621122565
0.04485577030015844 -0.009756174050333754 0.081797284955774
0.0437814359261165 -0.008117567965699938 0.08072041791707708
0.055768668190148425 -0.031179857535945255 0.08743573345896993
0.06734834104228486 -0.03325950817690166 0.074999406047053
0.06700996559984912 -0.02875534797206053 0.06428244715193951
0.06907749008577006 -0.028851141383895156 0.05846141591471133
0.06470058695526586 -0.026189246751605028 0.06087604287970896
0.053879176341854906 -0.028699156161712532 0.1264042423076735
0.03771320775870937 -0.01745090393635648 0.13108634796246682
0.051950829721879324 -0.009865267281424615 0.16564896372074708
0.05348165026738594 -0.022526176934971512 0.17909616068596104
0.062255064613279135 -0.020676892123007752 0.15390989603684216
0.06313811161250302 -0.03003541204482957 0.14940693705553257
0.06359295620540693 -0.033519041330124094 0.1486898227405323
0.06430179747462487 -0.036948035764696796 0.14859285904080113
0.06602878406275796 -0.040280048472223405 0.14923950268236172
0.0692680508132918 -0.04359174597180024 0.15146086748266804
0.07092711759776682 -0.04579212656484598 0.15536317915289755
0.07146657606629883 -0.04724248299720577 0.15956250332026262
0.07122180315570649 -0.04735809551627804 0.16209045853455997
0.06926212817426812 -0.04647887634588139 0.16333208573693797
0.06727791579967579 -0.04422172020167451 0.16372787341519948
0.0651187504275284 -0.04097840459842363 0.16405235526235298
0.0632880465648044 -0.037609986082849815 0.16489188396451074
0.062007086966386016 -0.034391114682852074 0.16598948684716275
0.06130868444044095 -0.03027489430119888 0.16718458049279997
0.06242401537477094 -0.02755632824741548 0.16728294579730088
0.06325053700255265 -0.024044508319176077 0.16716900559760575
0.06378390559404036 -0.021052643778082653 0.16658298181521855
0.063986265500236 -0.01893680984346686 0.16560757223593528
0.064085398198999 -0.017593780343896078 0.16472990769216145
0.06382540856583672 -0.01679972309869424 0.16367601069378987
0.059354930518799004 -0.018610632560262456 0.1544011187702197
0.06377549234221919 -0.016661382961275877 0.1618110974762198
0.062222820894114794 -0.016473778839349414 0.15985862949715113
0.04986611140801277 -0.0174831434458591 0.0846625446513341
0.04821384265706939 -0.012904584020832187 0.08039911003924234
0.047678944816149156 -0.01078202070991198 0.07934838546790887
0.047259010439748214 -0.008871642084436892 0.07851352319191139
0.047278454896937626 -0.006431954918658645 0.07861937045685011
0.04597039155257064 -0.0019880780556948523 0.07866252290598735
0.04148595473323655 -0.016451997092029467 0.1265883817306949
0.06313172420741421 -0.01894744497829476 0.1567025403821193
0.09849279060165561 -0.030778079291255946 0.04378397400742174
0.10110973566590967 -0.02841687141716911 0.04932765506927084
0.105709351 -0.0227247095 0.0641484429
0.11979554793922274 -0.05303443091728288 0.06403637590843887
0.11927380698215209 -0.05594077522418494 0.0628815776233978
0.09738732429225795 -0.02380966792095032 0.038885782169405775
0.10108690783324054 -0.030297422924236032 0.04222258008833962
0.11466199165087884 -0.05021003228429653 0.05626779072100541
0.10102374816545187 -0.02108442454703104 0.04383543613429068
0.10545097651719698 -0.02844684135080382 0.0469735141907569
0.11588482894216885 -0.04729260556176049 0.05789127359970141
0.10914000870539883 -0.034306644721511605 0.05045080241143791
0.10530767252564381 -0.0383694502891045 0.04522995640964225
0.109094856 -0.0177499979 0.0573265062
0.111284596 -0.0226131838 0.0599013136
0.1132167 -0.0271440924 0.0620525799
0.10411918101065862 -0.0027847718749853785 0.03156763155985171
0.10557405883421263 -0.01031533580018127 0.032290939195807646
0.10818191439931014 -0.014525980793134122 0.032237850667286905
0.10912917611451056 -0.02068551458646272 0.032130000289174704
0.1083607082375156 -0.029793692830684955 0.03388547191080556
0.11225899960291313 -0.03739288203030514 0.0373957345759948
0.12100070996346395 -0.05119368477419381 0.04667995411135411
0.12759794923009599 -0.05680647776918611 0.05433369749467566
0.10644413163253537 -0.002872584442949985 0.033508970094601576
0.10718955071235528 -0.009692646565749434 0.03360576904060468
0.1094908536970573 -0.014502280468281482 0.03422385587134783
0.10939755437926899 -0.020702967005813987 0.03385996893753335
0.1107061071009342 -0.0288540329613618 0.03521520947680244
0.11474218137808712 -0.03626358500000521 0.03828706261640797
0.12332625524684875 -0.04937290026632609 0.04703027356140849
0.12874993524346756 -0.055705586381811265 0.05408041367271706
0.112707803 -0.00345619488 0.0375315924
0.112731086 -0.0101689662 0.0380310287
0.114231206 -0.014356434 0.0385360905
0.11594587 -0.0192409865 0.0393644417
0.116974997 -0.0268172452 0.0413490399
0.119693886 -0.0334390198 0.0429918746
0.127291199 -0.04538714 0.0480401271
0.130691863 -0.0511600729 0.0548908598
0.08849736798553073 -0.0025856469211493482 0.037562310972852814
0.09039597925480496 -0.010390812059335107 0.03871319055338163
0.08706382752453444 -0.014962347699729378 0.040079840106197806
0.10473739247485907 -0.0625721830419723 0.08452163014678021
0.10497784152884983 -0.05999411911945596 0.08514456918979255
0.0913137493344976 -0.020802886635678364 0.045264921905956115
0.08952256343515752 -0.023383955110401908 0.04080016077552362
0.08597460116658215 -0.016270000709488225 0.036931912200365825
0.08347264828432652 -0.0026307667515221285 0.03829505885833418
0.08339170689256342 -0.0027068212804124106 0.036179525723440215
0.08547453214397815 -0.010105530102700367 0.03903649322401869
0.08418684255569453 -0.01108401452240863 0.03633954154412305
0.09486655270715033 -0.032480486047510665 0.05510464523442317
0.09267298471316393 -0.035705018682672104 0.05046458486154906
0.09082487018079818 -0.026424915610101102 0.05135020554501199
0.08806746539564393 -0.02900929175385145 0.044971357403084306
0.08622828063853663 -0.045124971015469154 0.0674966889002647
0.0890644004578187 -0.04275829307030153 0.06973253795903192
0.0833879357352381 -0.03332134933159924 0.05223977794625759
0.08789672079003026 -0.03452172090527274 0.051094929016923335
0.08551032843957297 -0.030432195476227584 0.05585580760889646
0.0896870140245426 -0.0315578440783256 0.05533051887864841
0.09067710970103493 -0.046637238074914794 0.06595120637393118
0.09498521466659383 -0.0481181709489126 0.0640776582855588
0.09298792817199554 -0.043807131492722126 0.06803476950873517
0.09684906129683174 -0.045030073462914655 0.06637349036090145
0.07924455667804353 -0.025749571205078103 0.04821819667540826
0.08342697785923614 -0.02767061077357511 0.04583836369814428
0.0814593758273094 -0.023454121562409145 0.05181206051195532
0.08592756760178409 -0.02518888741216818 0.0511625820848064
0.07466018259898573 -0.019107739172772666 0.04669687916133279
0.07934150083351912 -0.020799233657836178 0.04390416345477004
0.07645269356420456 -0.017623026874313323 0.04934722341165967
0.0813471008780926 -0.018783784286488196 0.04740487543122071
0.0704756930295885 -0.013395763817628997 0.046348311718651995
0.07544614422865308 -0.014164360671800463 0.04311409999665667
0.07248298315678549 -0.012798743212866176 0.04781820346772072
0.07701347885699093 -0.013390242553453481 0.044884354176737584
0.06873341385155325 -0.009857166542693186 0.04597609911393136
0.07350424469402753 -0.010118096546843546 0.042802157642897125
0.07071692125245854 -0.009266021642568522 0.047641282828435466
0.07509942133198576 -0.00952506176425224 0.04456872809853625
0.06705202494436083 -0.002784959585814424 0.04561611724164511
0.07142394989921326 -0.0028305221080022636 0.042644427068597314
0.06838786312315676 -0.002547633848566583 0.047266342780386945
0.07266781860334463 -0.0025170826459188283 0.04450233621366189
0.12448924150249299 -0.05604218170025769 0.07639681091883208
0.11946796640158812 -0.05833666209964391 0.07857092375266621
0.11240502081418165 -0.060180510626477585 0.08169004448224017
0.12409158951766794 -0.06308895701532105 0.07423524576735203
0.11902494523327484 -0.06267064438013238 0.07735484074017404
0.11237800971713295 -0.0631725852431172 0.08064567545837553
0.08614912111226823 -0.05929437588532678 0.14118457425292735
0.0821694570563751 -0.0593201249842318 0.13355803187187132
0.08432856207958786 -0.0626303476731751 0.14051623857424994
0.0810254098532336 -0.06173808728002073 0.13221531506695816
0.07908241174574951 -0.056215730689370774 0.12488753224005597
0.07806860336540761 -0.05827118733132226 0.12410041775404002
0.0915124998 -0.0530353094 0.145100049
0.090552442 -0.0513560447 0.13651442
0.088371441 -0.0446639562 0.129657007
0.07470579368088566 -0.05362693153305267 0.14713315873254645
0.07363671758212627 -0.054522988094762116 0.14691712915516067
0.0796032871743753 -0.05748952508151458 0.15149757210742348
0.08033309468449884 -0.0563123405112738 0.15180708327871403
0.07562482518394924 -0.056265601929846094 0.1453242781651329
0.0762166101994211 -0.05505012590771243 0.14557831594121273
0.08208224496193867 -0.05818116955332143 0.15933142176420892
0.08290312929596777 -0.057190241608554106 0.15932307891894995
0.07743704562025436 -0.056266928949165296 0.15304806309230062
0.0782748983563486 -0.05548514859602323 0.15323362629093826
0.0935877326042363 -0.05846435056401346 0.09153309325876915
0.098942853325035 -0.06042231903094378 0.08844072170801769
0.09655154649597303 -0.06759141086379813 0.1150861598443305
0.10198593162401239 -0.07094780264343864 0.1124073032625574
0.10007202477626329 -0.068911708248248 0.12606908173175096
0.10507788028043315 -0.07262432020116864 0.12405457069308323
0.10316519132905112 -0.07064697889017717 0.13614534898353278
0.10804486924208895 -0.07383829693621227 0.13461247742266144
0.09963152285680504 -0.058326861370477955 0.08864579631634803
0.0944229135826248 -0.05658989529648829 0.09191910998427609
0.10317008491386241 -0.06795928366652103 0.11314889171793178
0.09803114713551453 -0.06545874466597629 0.11547191390013341
0.1058041668512012 -0.06990218127652939 0.1250239560562407
0.10081362046456471 -0.06698417556379256 0.12689033809420386
0.1087302129353544 -0.0709971615778819 0.13541402290140844
0.10350110472807798 -0.06854316852321155 0.13690501487097687
0.11604218484650272 -0.07267916878380735 0.1794404061656616
0.12180184731791874 -0.07409971758288965 0.1790193812119585
0.11650653040804355 -0.07106411849887288 0.180309838269285
0.12195439736825929 -0.07283197747308677 0.1798011372040818
0.09471887895530562 -0.0646067749876518 0.13924279284145036
0.09379062636652284 -0.06666710324739927 0.13857598584428968
0.09183465107115309 -0.06310790232785397 0.129971559489529
0.09097547700318223 -0.06472623127695482 0.12937797034460763
0.08886252700217087 -0.06082351104134596 0.12007880295739135
0.08789283598210842 -0.06258582532044828 0.11951642402670389
0.07973644100995199 -0.04915398573117579 0.10016307970616177
0.07949333122076971 -0.05034629099630338 0.09970578651036609
0.09957587819480433 -0.06720464973329204 0.18078879920585597
0.10507360493052471 -0.07007281022161115 0.18013147097640078
0.100549515 -0.0661152164 0.193806999
0.106434941 -0.0687339325 0.193603114
0.117944037 -0.0731095366 0.193466301
0.124171245 -0.074578448 0.193308125
0.101319931 -0.0651860893 0.194173689
0.107107971 -0.0675507616 0.193902823
0.118330185 -0.0709492306 0.193944896
0.124408991 -0.0727700344 0.193885301
0.10040486914630012 -0.0645906810789685 0.18154096311427223
0.1057534687511914 -0.06721763225270821 0.18139967511401173
0.09047621507466377 -0.05899420343674248 0.18281634123221394
0.08968365320217365 -0.061576891311049084 0.18239505795593264
0.0823083895952968 -0.05527920161247271 0.18220774616521
0.08071853501699831 -0.055760097448162196 0.1747137166405617
0.08184604901958248 -0.05699826144284481 0.18240274914526125
0.08013060719336484 -0.05725934210813141 0.17483126802471355
0.07832611533246742 -0.0554111336526945 0.16550596144321703
0.07743376625773073 -0.05641300671428281 0.16530317135255904
0.07233439958576345 -0.052507921090502625 0.17748400029295736
0.07087822655428135 -0.05175310612080249 0.1752947429569338
0.07165222144557712 -0.0538118117968142 0.17762759033334777
0.06996562920010581 -0.05286241141242182 0.17490359735091016
0.07390593437567247 -0.05177923045074275 0.1840957636531183
0.07319147929267189 -0.053016961765700275 0.18438963412867065
0.0658011265486799 -0.04582509337034918 0.18455933573166156
0.06501614178842242 -0.046130646696709965 0.18044071000322184
0.06467808241406577 -0.047390766890341586 0.184929684003146
0.06253179424767463 -0.04801162159736923 0.1791446328080564
0.06428701747843445 -0.045012853333314944 0.17790216848476584
0.06240627096081044 -0.046654163211016696 0.17690786343600642
0.05502861939239444 -0.0326665501372353 0.18673256272813515
0.0567434162847791 -0.031322484091199664 0.18632502159685513
0.0579074238 -0.0261303027 0.195433057
0.0567394266 -0.0269555816 0.195991766
0.0631089236 -0.0356515702 0.193717151
0.0618023248 -0.0368996185 0.194415476
0.0678369232 -0.0447339104 0.19365821
0.0668810604 -0.0459508885 0.194294179
0.0752830515 -0.0507657232 0.193762686
0.0746472989 -0.0519346249 0.194407402
0.0833377727 -0.0552134163 0.193714467
0.0829064075 -0.0565160704 0.194359518
0.0919173196 -0.0584684754 0.194614513
0.0912822442 -0.0598907437 0.194134543
0.04659984523427882 -0.020268971376405088 0.09890906693136149
0.047684142877718265 -0.018659075826492615 0.09709948275443385
0.04573977464270505 -0.020980229046607356 0.09851647557272235
0.047242837562251755 -0.01872036491869279 0.09591144506925804
0.05057337702314134 -0.018412728880620954 0.09599609432542275
0.04981680824782626 -0.018903865807376435 0.09615653145680106
0.050467893962361746 -0.01714536816800193 0.0942566736798324
0.049633540429164125 -0.01705475689107178 0.09112469541368423
0.05148152075816996 -0.014922548366484066 0.09102230507800577
0.05247890858569851 -0.01608573590142932 0.09427799419546637
0.05358113557580195 -0.016660756881397006 0.08845720408641539
0.051801699957442264 -0.018618916727608893 0.08776275207660295
0.054860571201912144 -0.01759969075943235 0.09011039350955377
0.05360270062951373 -0.01640230070044542 0.09335994146991894
0.05332135737231434 -0.018852141426389447 0.09063518656121759
0.05127444175676912 -0.01727524670860167 0.09352818439899174
0.04490080030895582 -0.019006625508855932 0.09961495778521132
0.04613413370357077 -0.01709175969996316 0.0973637934158334
0.043770018563990765 -0.019573817715427745 0.09914150869188958
0.044409331347445215 -0.017819954648337254 0.09603709361296811
0.04770956246022411 -0.02109187337571918 0.09861038944950605
0.04881956230301165 -0.020147556111353222 0.09664954680181673
0.046884367237117655 -0.02146991403993256 0.09811481957129731
0.0476457668354265 -0.020154018042813242 0.09574447329408156
0.050901208158496906 -0.01709129737788677 0.09662258433399817
0.05146620800510172 -0.015782653570257054 0.09758680775439185
0.05036342919586847 -0.017740655826065828 0.09541958369754042
0.05039391722120537 -0.01753098736077582 0.09538788859113002
0.052315547514916745 -0.018086888903133837 0.09579619662434065
0.05038474554631198 -0.019048318190381823 0.09594834946966639
0.05076832187858349 -0.019019392461532943 0.09726637009141374
0.05193325772122806 -0.018141808189566358 0.09670017505053045
0.0526233515058832 -0.01812989295423467 0.09514702590731709
0.050337365564450225 -0.019002276060821565 0.09555597964428585
0.05077286145433353 -0.019031832531406015 0.0948283624468644
0.053304037070743694 -0.018017407223379855 0.0947314838830794
0.04574525593866293 -0.013847809467954879 0.08641247571390061
0.04945183178188407 -0.011590543118981597 0.08723794583628566
0.05429485749306009 -0.009619113815958057 0.09090962721503115
0.05871926210083652 -0.011828406366248817 0.09332579908743474
0.05203953974870238 -0.003475880866379555 0.08683005126278577
0.04679515062792016 -0.0036800659535802835 0.08353885606708492
0.04259937128270827 -0.004216162731450005 0.08084469748875095
0.03852104383133834 -0.013685106740873606 0.09932474877334643
0.041406444594127775 -0.013320617953586893 0.09883023432353732
0.045757723335938555 -0.011999779543421704 0.10042462051985386
0.04235223272014744 -0.014807196442237183 0.10220818049040137
0.03982265958830281 -0.015307264839986633 0.10327608157725392
0.05207375305726803 -0.010652911606610237 0.10505252826182719
0.04136650802120549 -0.016326611114750263 0.10537821808422365
0.042405398908508356 -0.016242761119533496 0.1055246065435686
0.053046394744678184 -0.01237799634503265 0.10868605384185064
0.04024336050350602 -0.012394343608872068 0.10075544418511204
0.0418301409017313 -0.014072944791197743 0.10026824854468237
0.03761671768781822 -0.012591628882593837 0.10237946296934176
0.03893909718569557 -0.014612173900192845 0.10084191155104748
0.045089083222649644 -0.010524976244755666 0.10132081587924166
0.046300361172276164 -0.012179278529225384 0.10156082474159718
0.04403541002568157 -0.016674156783344975 0.09904173583318178
0.04157714984633671 -0.016493652439927394 0.09907347409150169
0.047868732629966194 -0.013956473695082081 0.1012136726606166
0.034961146299862696 -0.008238088607678114 0.10237973751004742
0.037714870261488044 -0.00754124411958487 0.10131154673493332
0.04146750946843219 -0.0068098847133666865 0.09991946604312461
0.03634707993705042 -0.010378466324595676 0.10391793102611048
0.03887383128747891 -0.010082210247094683 0.10220214503144265
0.04344025844248925 -0.00884017254292853 0.1011661873753157
0.04365382779859715 -0.018777170357068117 0.10908423717607064
0.04497437338117639 -0.01897911493204728 0.1097004780537979
0.05588084522118663 -0.015429077493008814 0.11432807353217825
0.0385320988295877 -0.008070406580140433 0.10453616654955446
0.036289118956536616 -0.00881417461018263 0.1064756387898243
0.04847013720640531 -0.006182403431561434 0.10264633711160516
0.04194254872992947 -0.0065998889789588185 0.10101663301253397
0.038188675467697414 -0.007729856329242711 0.102976344552078
0.04138757102218139 -0.00390087609922694 0.10073682824382528
0.03724512716532809 -0.005389865617109956 0.10288961898370054
0.03581458354222119 -0.00883485626715453 0.1046143303272396
0.034553856130804125 -0.00662914083890778 0.10493002860977901
0.039322224302884054 -0.007841469841585997 0.10901266621611945
0.03764250977973168 -0.008893684521144878 0.10934985718317253
0.049843048343019454 -0.0063653202955262275 0.10648059600031841
0.04064389720909038 -0.008100678939983879 0.11247292586905505
0.03849035883476971 -0.008236801606670424 0.11317679386567112
0.05150349803000645 -0.006560174995724311 0.11094881502536319
0.0456879067168018 -0.00421795639776413 0.10009406820165963
0.04490400773103272 -0.004136602003736778 0.098965836691892
0.04406407807022075 -0.003390029528957805 0.09773682641962177
0.0435810068098819 -0.0030696752120198765 0.09690562493531882
0.04130865662662896 -0.003434031537537183 0.09551093838628041
0.047427808641498204 -0.005869255471296234 0.10101135058310014
0.046556909395047474 -0.005739592488142136 0.09958591535332692
0.04586354223487495 -0.005658640831547767 0.09863511373261656
0.044926874231585125 -0.005393072489526277 0.09767424747728093
0.04259907813221614 -0.005286714906013602 0.09605062769338142
0.044404358832490144 -0.006523492106090658 0.09664956144133559
0.04914012599056225 -0.007248630238914439 0.10183889124298798
0.04826379287708603 -0.007082074821224383 0.10048167898425524
0.04731205876398545 -0.006982649296689628 0.09932827818380391
0.04664993279481571 -0.006745563573401743 0.0983940020157809
0.045670314965928854 -0.007897732292117498 0.097323551206571
0.050574027618618185 -0.009153148976282065 0.102996868068701
0.04976268031729669 -0.008855580228484995 0.1016517109936137
0.04903187489934487 -0.008505843000072276 0.1004236963055825
0.048210014263244186 -0.008274401576730315 0.09934343287425725
0.04810410263907292 -0.009194293877965096 0.09839757924622537
0.05181608974010898 -0.0105507440675146 0.10354297424487699
0.05141387354239117 -0.010196261903153892 0.1023512907064185
0.05063354071886838 -0.009804826295405692 0.10138340524755238
0.049931832879372244 -0.009523487678738934 0.10034504495495439
0.0504792375313687 -0.010864346231577365 0.09929692503592026
0.052695959899293855 -0.011941188059228005 0.10361337626810899
0.05234267555733147 -0.011649838401305547 0.10240962433966486
0.05214694002099121 -0.011309453607993403 0.10160034236323755
0.05183457912108301 -0.010929576403828167 0.10090128759001568
0.053427855124474295 -0.012869876998740053 0.10688263237153153
0.05242542921375737 -0.011297700782962676 0.10655458223921536
0.05132823014182728 -0.009541953705100479 0.10648382490549668
0.05018335222723156 -0.00760693221148636 0.1046169878141453
0.04935196802178943 -0.005786062025040018 0.10375818893533927
0.047846625698561206 -0.004473456469949714 0.10283510360858983
0.04685932300679814 -0.003241804084557161 0.10236044577844254
0.03654943043106384 -0.003171061956134776 0.10141564104937423
0.033278730908925844 -0.0035329913757826624 0.10320589097282333
0.03574867838477384 -7.384116283110361E-6 0.10158414372972768
0.03267341890870326 9.32326035992869E-5 0.10299461622195981
0.039697077028765994 -0.0020629307803764693 0.09974617865944602
0.038924754160172985 -0.002187314110090722 0.09826962489893223
0.03839947175110896 -0.002229117891946876 0.09710190557334517
0.03788137730367121 -0.0023130723835959924 0.09587188916678986
0.037346001293564746 -0.0022451934614474865 0.09461540966499297
0.040363181486897985 -0.0020046579716619935 0.10085822761083385
0.04527688990913483 -1.6540507711068395E-4 0.10030376042427375
0.04644901533810583 -9.048374247111595E-5 0.10182534113751318
0.040042209150073706 -2.0841006219293766E-5 0.09936043142786455
0.03935343355450725 -1.826444348803398E-5 0.09803929642322837
0.03848944676967979 -9.33167957881203E-6 0.09690212025669188
0.03785465439057547 -1.762312214281927E-6 0.09570914983549966
0.036849057284543234 8.620683355282095E-6 0.09470731238742407
0.04073122855634166 -1.3499418382995286E-5 0.10059991866501534
0.03956728661163046 -0.0011734895549159725 0.11329005698860847
0.03862067409791827 -0.0013534885096924364 0.10923911777996526
0.03736015886819816 -0.0013825541282991203 0.11464750850776237
0.03707501846306594 -0.0016813833452048472 0.10989036152929951
0.05012897238384723 -0.0018465419622788108 0.1094069580941
0.049058398031823644 -0.0013952775854479578 0.10520507652263446
0.03672819534978922 -0.0014120897718958461 0.10320319387490592
0.0340584061830659 -0.0019253823649329328 0.10494395508739555
0.046886565421706265 -0.0015767941833189582 0.10189358149812695
0.04586408110708594 -0.0014743891988458924 0.10047636406808429
0.035970317147696794 -0.0013603295447593797 0.10066130248446567
0.032796448601448626 -0.0018169771464530398 0.10286923294947424
0.03551623469667085 -0.001269008276446767 0.09978774670269931
0.031985694658824136 -0.0015596382624844096 0.10135389075148392
0.040736829725711445 -7.650832489401547E-4 0.10054947218196475
0.04003258618622792 -7.905948401803603E-4 0.09945903545682318
0.039153471360609975 -8.305961777173757E-4 0.09791009560905081
0.03860091011714825 -9.487843456745684E-4 0.09673982060231896
0.037756857760810135 -0.0010268740388222324 0.09576102513921099
0.03686537855043202 -0.0010976724062752095 0.09472169654088734
0.04295297773139244 -0.0021870946517063322 0.09602748037103695
0.0450680788678038 -0.0028605598804090798 0.09947103908419629
0.04416332498475046 -0.0023068922501032754 0.09809221048374019
0.04361252860685623 -0.0022014395701653745 0.09715644459106088
0.040418486792352784 -0.0022465477883329495 0.09513314877669635
0.04232770007245006 -0.00122951519302172 0.09536952408501144
0.04490925673429429 -0.001420524510571539 0.09939343733029497
0.043746146672056965 -0.0013172610002357699 0.09777659062898535
0.04314302664274892 -0.0012509080022495862 0.09668330384366393
0.0395562472273098 -0.0012038523032864062 0.09430619024387171
0.04137433008990703 -2.5012053262491535E-5 0.09535922094743383
0.04421998900284691 -6.868677145433941E-5 0.09904501582424022
0.043237338988184264 -4.564766875199697E-5 0.09746849724552656
0.042358773753013376 -3.5115833681744995E-5 0.09646964017507971
0.03969002944961484 -8.528082034147565E-6 0.09434392916561682
0.0534996753939364 -0.013937800571755263 0.09789532987572472
0.05625246383808623 -0.01318133483859196 0.09627679425503996
0.05226992208711092 -0.01459748066802845 0.09859995081262314
0.05894299719620872 -0.013349884640748927 0.09533121716997651
0.06042045201308205 -0.014119221297856779 0.09450501129199158
0.051880510225174786 -0.013789762804201232 0.08500781453733534
0.04878807592637588 -0.015341239332165612 0.08211601159782196
0.049814605446579924 -0.003224499775901608 0.081493412892089
0.047075463240583995 -0.00405488274828048 0.07887475992119664
0.05851579916959917 -0.01190273259080828 0.0899180065831602
0.06075561275503225 -0.014254494392658216 0.09178496397505251
0.0609647240534548 -0.01578652609556809 0.09285214583828132
0.054307583925420455 -0.003582472282557155 0.08563448550480408
0.055333459902149086 -0.01860633567049997 0.09172738656024212
0.05439489200928362 -0.01805367055331627 0.0939692873474397
0.05374324312064791 -0.0192372209962872 0.09206075563539537
0.05139549720631145 -0.01909787602507595 0.09402148123480591
0.05296054090279914 -0.016666697817032092 0.0981849016313207
0.05430996943079008 -0.014794689004646932 0.09815539289909195
0.056867391432382945 -0.014296803471096697 0.09716228165592837
0.059063930526064054 -0.014551454903928333 0.09631405401746455
0.06023683359314603 -0.015655982811952143 0.09517507052896443
0.06438868935861428 -0.014990374497926074 0.08921059302693163
0.055038391275467814 -0.015113889958480434 0.08147619500900342
0.060909023686470484 -0.017129208994879845 0.09443135914573852
0.05106290991794802 -0.02080655337033267 0.09379287413757004
0.05389688089561434 -0.01969337708028619 0.09445545601259021
0.050960937017614366 -0.020822648614327553 0.0941238117321289
0.05319653385150944 -0.019873809421380468 0.09491553966388395
0.051139894248657995 -0.02074334964916475 0.09443964014082822
0.05352075007921236 -0.0191361348388799 0.09553069403956226
0.0514892289682379 -0.02046019894482239 0.09470992016802263
0.052193048151825905 -0.019871985201564534 0.09550049845290441
0.05421148279083384 -0.017013044117492774 0.0978340678818808
0.05559205181318791 -0.015186788431696093 0.09854677120808493
0.05640045381964497 -0.014981701542362915 0.09869433366519441
0.05750243469611527 -0.015542890708621752 0.09820462797338093
0.0597614559381726 -0.015761410349317367 0.0968793619112601
0.06057761569342883 -0.017212307783256716 0.09663901238642973
0.04552950444876869 -0.018131804518737946 0.09857530906305569
0.044513030737848916 -0.018596796715864256 0.0975378120799214
0.04699450155461781 -0.019308193072715234 0.09806543345246255
0.04827731884681713 -0.020773253299117535 0.09737799942743844
0.04641488717282392 -0.019825061395591644 0.09730762051182852
0.04735080862889184 -0.020930433288728487 0.09682700235624155
0.051667182121305597 -0.012247640625002689 0.09944538316168729
0.05248927111047553 -0.01232729703029329 0.10102958935768433
0.05255129725638168 -0.012382822491136427 0.10172120261056362
0.052607518016334766 -0.012613352456123095 0.10252857494153396
0.052923291134260184 -0.012859061756781451 0.10388816953804939
0.053345478037418036 -0.013159343122478073 0.10551214732272796
0.04890289755320189 -0.015023637436356476 0.10037438073975913
0.049040661469931905 -0.015401583375315839 0.101286622735499
0.05385208629155642 -0.01411632021578931 0.10659027065868322
0.05233060900104841 -0.013562127802857218 0.09916405885722021
0.05279779700880396 -0.013220927580745397 0.10087224640365092
0.05293594006677296 -0.013448075778855883 0.1016064530828622
0.05333537427851713 -0.014092657563128441 0.10264317214612269
0.05442515302237635 -0.015374562573536244 0.10426384235294656
0.05517874434845053 -0.01584215313806112 0.10556287838256678
0.050389510782279615 -0.01642155723417494 0.10028426818598414
0.050217875338666125 -0.016861293781909006 0.10116600226516294
0.055550077234793854 -0.01643655198433935 0.1062005367515585
0.05261741159940538 -0.014866777261614311 0.09887695836790351
0.05337851449993318 -0.013915324701509475 0.10057172512587303
0.05372283977935083 -0.014496543576200113 0.10157296633953615
0.05559531434721385 -0.016447731654727363 0.10319800877577247
0.05741308786679015 -0.01823515414894084 0.1046638501551498
0.05754902579538064 -0.018678851116592617 0.10534919954447393
0.051583923926077156 -0.01793034955232497 0.10002173891012049
0.051545114922753044 -0.01803387245806494 0.1010153472199788
0.05777595998416496 -0.019017246451276955 0.10581897620309781
0.05182645880543477 -0.017671664967083927 0.09922544841345009
0.05216262103605922 -0.017175220670805447 0.09862552916199997
0.05021025608114689 -0.018442377037774724 0.09605692394586517
0.0508994054717082 -2.1843310323391693E-5 0.0893270700529099
0.049015824462804135 -2.8367834540419315E-5 0.0901774023869323
0.046319500032451076 -4.139795493386021E-5 0.09287033445479359
0.044150024676941124 -4.267153258759035E-5 0.09357197316357568
0.056166458207433684 -0.00200748216747936 0.08727346302218546
0.053847494464006516 -0.001837309480881784 0.08904399275891378
0.052537768667429735 -0.00173559603385848 0.09028166559514691
0.05076771786302876 -0.0017606687145235679 0.09139490004060385
0.04727638977781913 -0.001392273928688971 0.09275368382639196
0.044173277889501344 -0.0013545476319216589 0.09423038378844656
0.05664089857753068 -0.004159965411333196 0.0878561126971057
0.05478142677137017 -0.003689276292659421 0.08950490541091684
0.053060727749259566 -0.003391657034489366 0.09028633473005934
0.050645490945918616 -0.0028069519029831316 0.0915050132000101
0.047232421009832354 -0.0025053520910599415 0.09363591761708434
0.0430850119139499 -0.002955178854258412 0.09456185474977898
0.057174542221284756 -0.005863778663866693 0.08791796125941928
0.05540514099573958 -0.004904620156976166 0.089929910775573
0.05349366291762013 -0.004358152921314537 0.09089927793030601
0.0504515147312806 -0.003932231369314651 0.09221057810028102
0.047105393833805506 -0.0037429149495582644 0.09397393025633438
0.04291157601064527 -0.004350539211011127 0.09524261137898417
0.057553355845902106 -0.0064985357219886995 0.08800867114924196
0.055811767095188466 -0.005822945260995744 0.08977742357217366
0.05322212408089995 -0.004759139133689369 0.09189288926744141
0.050784046711731444 -0.004827609528785095 0.09285299345176953
0.047170062346406375 -0.0048775076791464375 0.09460593737873566
0.04350539278490304 -0.005930758431830085 0.0963645993057666
0.059573426039548585 -0.00995872877961194 0.08871639767058051
0.055125247619877915 -0.005615362232219509 0.09108187532592704
0.05293290358875211 -0.0058797194461022925 0.09213813545914865
0.05106006092527389 -0.005405614829166342 0.09337229648491799
0.04760988129315521 -0.005758519272830919 0.0952642822248635
0.04433069531322253 -0.007439351955538578 0.0966519199432005
0.059782591538456276 -0.011022535659246692 0.089474506648098
0.055094984321985736 -0.00738733961087205 0.09121690106019131
0.053326931995214856 -0.006948059237980197 0.09227538681205205
0.051600343401107814 -0.006126481500716916 0.09376447422843008
0.04875344230136202 -0.006745953431690184 0.09625919924717032
0.045002965889823277 -0.008898142608589813 0.09694311484355929
0.06046131092898531 -0.012155969940169415 0.0902054288018414
0.05687852184548032 -0.008862601247473696 0.092489069645558
0.054539598335341576 -0.008295774886063877 0.09312635743225865
0.05295807185096486 -0.007589686978000385 0.09437423843129576
0.05095436660733546 -0.008140333306468557 0.09756899375970725
0.04857589258896694 -0.009343702638347393 0.09883554818562386
0.061405555148024676 -0.012909764512931724 0.09113183586911375
0.0581974106577561 -0.01018389251897482 0.0930032880924565
0.05609201938157814 -0.00961154657925862 0.09394460897766665
0.05454748041111909 -0.008939616739529145 0.09526922529536674
0.052874525337021895 -0.009848032633952909 0.09873283332331259
0.0511292982877343 -0.01074546428002262 0.09957672943661676
0.062294260132206895 -0.014066944582863648 0.0922454623827163
0.05987380986475739 -0.011974595503004837 0.09365793001159427
0.05859159065944633 -0.01046407914335224 0.09503907321629161
0.05598455836117145 -0.00983482551565124 0.09612967715427712
0.05346746869126092 -0.011670632582002516 0.09894406121357617
0.05222374819660406 -0.012598315409887435 0.09959148787383731
0.062354418749901136 -0.015763359221503327 0.09330322257833731
0.06145042145752577 -0.013294665795694317 0.09499076590818098
0.05972361153102205 -0.012452942719674837 0.09617283731031276
0.05685535584927909 -0.011569769825939883 0.09723009876953255
0.05388803387987672 -0.013127155629704264 0.09899290117794421
0.05295622273631383 -0.013953667922989552 0.09948536335911125
0.062299791863725196 -0.01661085556282166 0.0949449221842989
0.06123215895375357 -0.014535679267731815 0.09571134867527181
0.059811285456620795 -0.013648705519758388 0.0970210353460859
0.057523510194712725 -0.013124092061231904 0.09840120789371756
0.054779704236020015 -0.013525471647760481 0.09932545599450826
0.05360370165822584 -0.014543077016534633 0.09985342384304922
0.061680771543278355 -0.01589872713737071 0.09735101398065793
0.06102378850430349 -0.015028003365340567 0.09783065380411667
0.06022115850947164 -0.013968872463519563 0.09890596365623683
0.05833600310411001 -0.01359430896878618 0.09999614565324653
0.05663634672484541 -0.013631429787696303 0.10020373603992194
0.054435279034930784 -0.014927572558768303 0.09986513399308775
0.05154395024565839 -0.015598468573808855 0.0780977367966469
0.059811157703048616 -0.018662425980637685 0.07904092413260883
0.05542585357920087 -0.01953061540827214 0.07556298986107822
0.06111546695692547 -0.020949467484572472 0.07294875395244642
0.05889723247177819 -0.021765372052244672 0.07258743279874522
0.06012036579251842 -0.023996791113917136 0.08342649144160381
0.0628889480994029 -0.02709488388254607 0.07753375327896951
0.05840342759980423 -0.025230653480683197 0.08129670309958108
0.061335806275094405 -0.027866684444044717 0.07708660231129051
0.05600628716906966 -0.020219040752544288 0.08596200777203049
0.05445006939509372 -0.021071779522595743 0.084342263310939
0.056618030656564074 -0.021456633693175468 0.0876984985578334
0.05998528410237501 -0.02549098945794374 0.08517199851852232
0.054602545857746494 -0.022383680713718514 0.08636258925677529
0.05866715216776235 -0.02674710229571939 0.08314982600058536
0.06334119184493157 -0.02919131572234808 0.07942249353168339
0.06172251421748969 -0.02983935748401475 0.0785167730024124
0.060027900680730384 -0.022426234815813725 0.08198738168766585
0.06298681170235292 -0.025982560821637222 0.07596552439595622
0.05791845472844226 -0.023836905846957208 0.07951446510232862
0.06087381439518297 -0.026125546592614096 0.07527615926879502
0.05559214134088046 -0.018888809537901792 0.08433535018482004
0.054031915158930674 -0.01971592535436196 0.0824172354489976
0.0651377462548364 -0.017356561336495286 0.09394375031822805
0.07200804547043953 -0.022190481370029196 0.09294229223970008
0.07735455234638948 -0.024455118553207093 0.09099063651671756
0.06521375178312845 -0.01839961578669597 0.09547905099864389
0.07246819927913023 -0.022026341009430718 0.09552823957184714
0.07775507745804754 -0.024842542134437023 0.0944465994645151
0.06477550231756002 -0.016638222706588875 0.0921799052775523
0.0712947916059584 -0.02116020791008053 0.09108527640883649
0.07620574635129594 -0.023489858310829836 0.08828572011016372
0.050868281839948626 -0.018635300463426267 0.09538456012068804
0.05259879558020854 -0.017430331895347605 0.09659644296497528
0.05061652027044834 -0.01947550469831356 0.09525061338114252
0.05273469915768192 -0.01770925401504787 0.09771714328483741
0.0540499823574895 -0.01450699986636951 0.10059396511519636
0.052948689445688576 -0.01508551284052021 0.09874754148212715
0.05061721766405871 -0.019204025199379183 0.09486012805292107
0.050741312456856556 -0.018854425580292527 0.09488083922535555
0.05013942447100718 -0.020277065561451375 0.09514339618666369
0.052694621368247534 -0.01819725770954922 0.098357636662552
0.04961473365470408 -0.01944958688294806 0.0945222003703236
0.05448291483472079 -0.015033276674245283 0.10137150578982902
0.04973113391742406 -0.021026179179865056 0.0954186063389477
0.05251943738105478 -0.018522038171101242 0.09903036361107681
0.04926946470767864 -0.020550013546731118 0.09494067011757581
0.056528512012976075 -0.017070263209430003 0.10294080816999022
0.04940117915232499 -0.021709069375615113 0.09608001880495291
0.05264816551464974 -0.018665215901406036 0.10001946578624432
0.048533037201769845 -0.02138595883625307 0.09514438409179544
0.05830743760093028 -0.018983689685485063 0.10371537754329618
0.04911865289838092 -0.022091472994137856 0.09700772417176674
0.052816416403594246 -0.018998805222793184 0.10091284157962678
0.048194074013322374 -0.02219144225786295 0.0962160153373447
0.05881930921615647 -0.019384933403085145 0.10408867754775442
0.048633666505432195 -0.022098326156732025 0.09808827135370819
0.05908877415924967 -0.019692047273470417 0.10469355320629849
0.04806104757203512 -0.022639284608975754 0.0973185716955176
0.051422220487390195 -0.02084126505771011 0.09505998031255863
0.05414726860041498 -0.01745205671078006 0.09831705017569316
0.05061444677250973 -0.021187265874101878 0.09444810491185772
0.055449886468232575 -0.015221159611455898 0.10082491418726072
0.050853751306312485 -0.021584690065853528 0.09478374150163343
0.05405775745379363 -0.01777195208105008 0.09859858480933445
0.050275031642163605 -0.02154146830125387 0.09437926387242568
0.05611654691746091 -0.01593105249241436 0.10133323746838571
0.050531694254602785 -0.022048903091204983 0.0948550608262956
0.05432647673170489 -0.017770236228227942 0.09951614492751543
0.04973260126646123 -0.021873595868359665 0.09429911712614131
0.05758242744022343 -0.017953115610257336 0.10228667085828906
0.050489982797119005 -0.022554227434024507 0.09542173721004048
0.054756906672779826 -0.018418320907489665 0.1000405353996221
0.04958407163428847 -0.022463093998572988 0.09457019849288216
0.059764182831297315 -0.019605767727983295 0.10298106657560419
0.05025240566765315 -0.02162961171840484 0.09335148917602741
0.05208502207488264 -0.021352624650792826 0.09404455353930113
0.05733161204399212 -0.01662048736540855 0.09988608319413783
0.06022110659419753 -0.016383800099904103 0.10135313170427493
0.05078808327964303 -0.02289062784087839 0.09658866025154894
0.05618174736271918 -0.019100323201835585 0.1008673918066643
0.0496348142945504 -0.023389185525377793 0.09516260780273157
0.0607304701555649 -0.020119503280133337 0.10366152318476685
0.050488074333536734 -0.022259734749832838 0.09245880742904648
0.05241137105312764 -0.022097640137116237 0.09339148744463804
0.05762539862116933 -0.016609851211949758 0.10009064587232298
0.062930812041642 -0.01907224350690672 0.10164148384135954
0.05113926404026774 -0.02336287909991541 0.09753824944197463
0.060831954557533964 -0.020155828530472257 0.1038275196318967
0.049676398506949035 -0.023800583577724712 0.09593256914740604
0.051899873366523866 -0.023572139422511604 0.09140282298727147
0.05376019065900211 -0.022842535052379778 0.09303466472668433
0.062366524937657514 -0.01949469856746812 0.10149268098062682
0.044378799701963886 -0.019919286749404734 0.10210846563534622
0.04335791353356701 -0.020548770250253312 0.1020544881293427
0.04639896771012838 -0.02064103784317415 0.10135380561967985
0.04521023980231162 -0.0217503705947971 0.10065239480109862
0.04826933618810087 -0.02142122325282364 0.10115884247494047
0.04666729092954388 -0.02238733147263678 0.09999427112777083
0.04986913584293463 -0.022547955867945634 0.10047850237466456
0.048143103205441684 -0.02379310220096022 0.09868445658643356
0.05528127100966312 -0.015771932231361363 0.10840705759159118
0.05681552583377114 -0.017438308348538663 0.10788202498284552
0.058649202546889996 -0.01977787087628774 0.10698651511678428
0.05978372869251366 -0.020450333477754594 0.10651861619470711
0.06151274814040772 -0.02047712739843708 0.10561198554330566
0.050617926574769684 -0.005183831754724379 0.07606019095993416
0.051253663956250486 -0.005031529883138879 0.07251125745702953
0.049891973938731016 -0.005188652179836848 0.06816072246500926
0.04887424040778262 -0.005615115305704469 0.06497437513314919
0.04903770464610293 -0.006108979283326604 0.06245095649767648
0.05036787831959375 -0.006362780463115443 0.05931406251794314
0.05309689059983396 -0.006434079901188166 0.0544448679468854
0.06284035982266307 -0.006027590946385863 0.047993672088904635
0.06766667378155687 -0.005796518063472914 0.04598466870000951
0.07214238142435413 -0.0060905257783924254 0.042642105286759636
0.07767068547939575 -0.006133799620957199 0.039262162774720714
0.08354988709433653 -0.006509905436152708 0.03613874699294062
0.08820012880564218 -0.006754605930939851 0.034917267997995355
0.09159517878717835 -0.006902949852572839 0.0344199621846221
0.10749375800953195 -0.00635687890176315 0.033607855500479934
0.05308545182888886 -0.0034964459191495533 0.07858662324579378
0.05412538187107065 -0.004469438680840348 0.07359821985013147
0.0526119041361784 -0.004938080173773521 0.06905076479442519
0.05124896948277159 -0.005316852973387997 0.06531631030039191
0.051144177303630835 -0.0058390670376769135 0.06306824271777553
0.05243433851826129 -0.0060045300977371804 0.061187178712914354
0.05573034725912755 -0.005940992051000372 0.057465512860695636
0.06455862984975366 -0.005625583672848273 0.05024050938701648
0.06914995832663309 -0.005748488565190106 0.047430287798696
0.07336130610456201 -0.005783947642351181 0.04420698026475555
0.07832248045949876 -0.005915403836200826 0.04111945135651533
0.08401501389861321 -0.006003147297697044 0.038452091342760994
0.08896229774439686 -0.006036417985023027 0.03768048073672461
0.09384931537166284 -0.006338615164655216 0.03765847283612921
0.059861902507996674 -0.004725311627706629 0.08369498757240817
0.06220225080729445 -0.0050795817651462065 0.07914138814034795
0.06348821352958493 -0.0051117417310394325 0.07457889380805965
0.06375724884719082 -0.005035976383617024 0.06989590027766618
0.0638349383 -0.00506651384 0.067130557
0.0637772542 -0.00496064089 0.0643099836
0.0636194431 -0.00467075976 0.061077004
0.0687089123 -0.00552398616 0.054571133
0.103647418 -0.0055243004 0.0522292859
0.0875512304 -0.00562569855 0.057146991
0.0744824568 -0.00278186308 0.0567282334
0.0817633029 -0.00246760719 0.0570743489
0.0918479291 -0.0023308376 0.0560342042
0.0965610321 -0.00231162843 0.0554299875
0.0748288749 -0.00532100669 0.0563278518
0.0811973294 -0.00574974923 0.0566875992
0.0943523083 -0.00557093151 0.0564846847
0.0992140047 -0.00553757993 0.0552947372
0.0757274163 -0.00842965351 0.0562794747
0.0819304192 -0.00844788648 0.0572072355
0.0953903872 -0.00905506033 0.0578352288
0.100454528 -0.00902170055 0.0565715127
0.07774715 -0.0120340015 0.0572022293
0.0836595137 -0.0120803683 0.0584294072
0.096965782 -0.0129824544 0.0597643363
0.101896341 -0.0128956478 0.0586676072
0.0814314809 -0.016100931 0.0587337729
0.0872858183 -0.01633731 0.0608764397
0.0988101698 -0.0165888757 0.0623096115
0.10517367241555241 -0.006304286744254974 0.03327669891085305
0.112715307 -0.00654408403 0.0377532574
0.055038269791121544 -0.003244958023325596 0.05114631245882045
0.05798972885106373 -0.003040050990692772 0.049006844622648475
0.057954319963371276 -0.0028493576655372133 0.05461350620813909
0.06036323942376014 -0.0027875388264997146 0.051956976484619576
0.0635153591 -0.00230852009 0.0591456033
0.06491492 -0.00260489215 0.0569100145
0.055965883686627894 -0.006220787967346853 0.05137774150311828
0.059067043262962915 -0.006167935559542472 0.0490786617250632
0.058464980226810855 -0.005686976806113655 0.05441576217737564
0.061220018104672674 -0.005568033802524198 0.05191039908612306
0.0641665107 -0.00483045054 0.0590127507
0.0652671247 -0.00516894345 0.0568026068
0.0578098671553114 -0.010257567465417398 0.05157470953185921
0.06082243471738986 -0.010056953885995965 0.04950756096797788
0.06050021021650245 -0.00903759065712637 0.05472002419368786
0.06346312716210775 -0.009062538945423325 0.05231302614949015
0.0652340502 -0.00777124236 0.0589135343
0.0666893883 -0.00811133313 0.0563003266
0.059625159587480395 -0.013204257650311252 0.05190913358858188
0.0626850252159067 -0.013044225507779441 0.0501024347435864
0.0651406971581851 -0.011988370665380716 0.05247382004699081
0.0695523759 -0.0114626265 0.0567485953
0.07309276313144954 -0.018692750533826855 0.07616240536882012
0.069295073657471 -0.018735612726445174 0.08733698061274196
0.07334407760704428 -0.02058233954013152 0.0829353251470915
0.06330443145002226 -0.017443731498653216 0.05278087439706108
0.06624244394676153 -0.01764425903606303 0.05065534166329679
0.06855877627923793 -0.016304702149795552 0.05298976821932321
0.06751562517728318 -0.0237437827859014 0.05379671784193598
0.07099818653727788 -0.024060585438297217 0.051925989420337174
0.06916695574673917 -0.022782218128607132 0.055606868737600124
0.07284727541493874 -0.022633920571996313 0.054002860209527576
0.0731546373416789 -0.029484987804452936 0.05729235721228629
0.07652407075436343 -0.030174844224440625 0.055843631126790194
0.0750047615356155 -0.02753719933421447 0.05935794926605053
0.07880209497774868 -0.02802069222985365 0.05833201346800782
0.0732099259 -0.0154745617 0.0582496845
0.0752992163 -0.0197820439 0.0613269157
0.0781956075 -0.0206069358 0.0597924978
0.0804882119 -0.024120554 0.0673876028
0.0819629546 -0.0259741219 0.0653939565
0.100876244 -0.022886127 0.0651472197
0.0956873382 -0.0222390109 0.0644673153
0.0901515812 -0.0215665509 0.062875186
0.0860189399 -0.020949288 0.0601398425
0.0993714424 -0.028800145 0.0666810364
0.0935288787 -0.0281538632 0.0631825681
0.0883825585 -0.0277715491 0.0625228737
0.0754947618721781 -0.02122596669706642 0.07895403381351884
0.07232519741886204 -0.03165149103435971 0.06290073071782812
0.07295391086471269 -0.03513819720159351 0.06742229288491833
0.07593453875054573 -0.03367698540580125 0.06140027052600244
0.07739146404355625 -0.03735772447112106 0.06612383951180999
0.07944245796069296 -0.035687095901488906 0.05990275504420418
0.08141858956546486 -0.039788933222333386 0.06442349874161671
0.0829449473894518 -0.03762867433624614 0.058114278449146434
0.0853870358311005 -0.041697100117849634 0.062603931847093
0.08708181181450017 -0.03906947042515693 0.05626643233852873
0.08939930452540086 -0.04348562852395989 0.06052424535330403
0.09151419947449847 -0.040125953331102276 0.055154735599625505
0.09373440234195168 -0.04454766527600597 0.05929957099817087
0.09603709178558878 -0.040812669058782614 0.054038159744291075
0.0983482894907022 -0.04533940142790227 0.058052873338186206
0.10101052778556763 -0.04225966634784622 0.05211605902646024
0.10370106472104641 -0.046161290858515384 0.05687975292586425
0.1057060889209169 -0.042571525606145355 0.05050389958054434
0.10858701426140528 -0.046206707669563085 0.05509476027802917
0.10922246566502511 -0.04215960025525514 0.04937770306494652
0.11217433757794237 -0.046125724872210706 0.052824626369664174
0.06787671874082057 -0.030661674773060556 0.06948895716573522
0.07410615564284732 -0.0300304526780279 0.06468474049567341
0.07513018578379174 -0.032955245841466176 0.06950042727728965
0.07846745690293475 -0.03176845129230804 0.06382004514220592
0.08002123300731871 -0.03541169594853002 0.06825002328391869
0.08181312356974157 -0.03362256056693888 0.06244376946452306
0.0838957272907974 -0.03755694093751361 0.06682493667376459
0.0852492065002609 -0.03553254687569649 0.06084949745170126
0.08785183203053945 -0.03953677882391266 0.06493965360264903
0.08954802897868694 -0.03686949157386171 0.05968656995610171
0.09194555431523503 -0.04079986651571038 0.06337361254189908
0.0935476259776632 -0.03751390661751819 0.05874829547686275
0.09568442670888305 -0.041777648381609765 0.06204347879231737
0.09788496452634597 -0.0384262794846435 0.05710517638407693
0.09985179799547994 -0.04287803545592437 0.060228907011353555
0.10203570465120237 -0.03953208384039299 0.055625590523175006
0.10419059913925019 -0.04387344950744303 0.05876540805322013
0.10654370742632499 -0.04008942648805597 0.053835024299056254
0.10887764454985908 -0.04392773621546399 0.057021284715139946
0.11174413758234655 -0.0392505405533889 0.052846363980200844
0.11376678260468588 -0.04330642016028467 0.05518361781435549
0.0700639423226501 -0.02929503938600042 0.07109679548991082
0.06336344636471271 -0.027220148918448362 0.07074696802634792
0.06559520843362307 -0.025866219282567448 0.07260141080141184
0.06335110821777971 -0.029752723469284037 0.07636343858265154
0.06488978775002277 -0.029238265433793896 0.07772905275173501
0.07273344891853994 -0.038644192588882194 0.07901032144643216
0.07221594348917718 -0.04008050461134323 0.08423503984295039
0.07827668655759738 -0.04153281563234474 0.07701520878547596
0.0781750851573743 -0.04345369014863938 0.08233389196703336
0.08303830063815211 -0.044685409402753735 0.0748920320661631
0.08312553746290621 -0.046701596670885796 0.08012408338195476
0.0871116306457287 -0.04733640689101832 0.07298792906198438
0.08770893554218216 -0.049564001571581404 0.07825339266662762
0.09167363726726843 -0.04913053376941606 0.07139501110689572
0.09249362473164217 -0.05150882800662182 0.07662146760363264
0.09639182346571983 -0.05080728834449243 0.06965097363655502
0.09735491525880292 -0.05325201861748025 0.0745163314131951
0.10158236542482207 -0.052474123116241236 0.06752362900321628
0.10264061614174001 -0.054956275216038 0.07171886554373232
0.10743405735073137 -0.052750746830388724 0.06546530652958546
0.10890930036232256 -0.05503334993512887 0.06914280280522102
0.11267585276693766 -0.05261619383352841 0.06304670403794517
0.11441672035807363 -0.05516529655260948 0.06634553444005713
0.11708853735514921 -0.05339976850025215 0.0592549840858806
0.06669523857488495 -0.03512167738224685 0.08079102562083913
0.06528915821003263 -0.03668685737493191 0.08583123961509231
0.06059199949044189 -0.03337876402591506 0.08634941989669652
0.07430091095887233 -0.03775709734932586 0.08078850422443622
0.0734083961450984 -0.039339370970431095 0.08560678793452556
0.0804292170678658 -0.040476785460389395 0.07901704634517857
0.07986065883975742 -0.042467680301548016 0.08333886905903737
0.08559693451105796 -0.043406186134968265 0.07659338355515856
0.08516003989738112 -0.04559408158658496 0.08078174128964115
0.08972552565047447 -0.04557107528002783 0.07445325352534113
0.08979002601889591 -0.04779617276530979 0.0789028078133449
0.09365979644581292 -0.04669776820804714 0.07321990963412252
0.09387498348138988 -0.04880383276329227 0.07765045120674152
0.0979061346774015 -0.04792071322549594 0.07145858490906783
0.09842577710385354 -0.0502969715664616 0.07541690486635248
0.10233245812432765 -0.04955800670700474 0.06909254091142929
0.10335545883155137 -0.051445215085699 0.07310469738339029
0.10794388262109601 -0.05039872568466843 0.06680370707116506
0.10927681899867035 -0.05175521182492789 0.07067895781588951
0.11325419572982412 -0.05036315538850681 0.0642401031768722
0.11495654221684247 -0.052272949236381996 0.06736282426394738
0.11789091622844357 -0.05056269742397364 0.06072910504853273
0.06719813664325094 -0.03398909070336986 0.08218865930656337
0.06589568162813039 -0.035816036432859556 0.08701479155486963
0.06077792879168702 -0.0332783470777421 0.08746245765353067
0.07920316234502682 -0.023291712827916318 0.07670019669321282
0.0832722062 -0.0257189221 0.0749014675
0.0856642078 -0.0279671885 0.071756785
0.0869672631 -0.0296056467 0.0682896273
0.0894773013 -0.031342428 0.0660799397
0.0924986664 -0.0325762192 0.06581398
0.0960866947 -0.033462438 0.0657625982
0.101342277 -0.0331732147 0.0671294557
0.105357127 -0.0329399382 0.0689495697
0.109732161 -0.0324607719 0.0670352421
0.115180965 -0.031327828 0.0647562848
0.07710066385018212 -0.023452953273729604 0.08507132503826222
0.08222498435576515 -0.026145302719829712 0.08393155834865962
0.08549770114466375 -0.027874787248471013 0.08090601350778576
0.0896648799 -0.0306886456 0.0771979505
0.0913376067 -0.0325022435 0.0740744696
0.0933721024 -0.0347582564 0.0708038701
0.0964540389 -0.0365192001 0.0696746046
0.10028931 -0.0363994531 0.0679885512
0.104434859 -0.0360372928 0.068438662
0.108163195 -0.0351939127 0.0699581191
0.111653737 -0.0356423545 0.0695362002
0.116166606 -0.0349925126 0.0667343185
0.08079198255620272 -0.025874214542999492 0.09362167959439546
0.08408099804308403 -0.027111959560489902 0.09303939429709263
0.08814277230832736 -0.02944669683655839 0.08880611326443856
0.09149124207837317 -0.03161087107510624 0.08512540406280644
0.0952553951 -0.0347543929 0.079829455
0.0971101073 -0.0369580436 0.0768201568
0.0988817597 -0.038411505 0.0728344905
0.10170111 -0.0395121751 0.0711188104
0.106008217 -0.0393893374 0.0708759116
0.110788088 -0.0392632019 0.0711250005
0.113667854 -0.0381138946 0.0712797119
0.117593265 -0.0383384094 0.0685691952
0.07965982790545939 -0.024750356938647595 0.09962965344054098
0.08411683095144923 -0.02707051521890344 0.0981036030068656
0.08902475877689775 -0.028288509810658193 0.09553703710669106
0.09329230593629785 -0.031119285749403765 0.09199883271161864
0.0979957525 -0.0349777726 0.0872895918
0.0999241642 -0.0378735688 0.0819990057
0.101551192 -0.0398811588 0.0788047422
0.104089729 -0.0404987751 0.0766074121
0.107576368 -0.0412435292 0.0749633277
0.11186935 -0.0418026588 0.0738215396
0.115045093 -0.041442484 0.0726710937
0.118527057 -0.0403682739 0.0716421613
0.07743586233282847 -0.02484745099916766 0.10395577208723945
0.08255672632849916 -0.027489821324667794 0.10196290262531105
0.08779051911398744 -0.028841548335168107 0.09916307303188705
0.09255778510447459 -0.03002518194140116 0.09546861000077382
0.0991193661 -0.0345195654 0.0914828524
0.100496543 -0.0390705644 0.0864092734
0.102693819 -0.0404661729 0.0836541559
0.105803505 -0.0409385058 0.0813349275
0.109102322 -0.0418594333 0.078926209
0.112796228 -0.0428011806 0.0772231931
0.116085734 -0.0432931433 0.0755022511
0.120595772 -0.0414193206 0.0728445893
0.07673145165685938 -0.028457486929007517 0.11630193258982864
0.08231887291317469 -0.0302677459266553 0.11530921035994884
0.0868752404808464 -0.030943752832722212 0.11401455413413945
0.08972424113662864 -0.030813723127927677 0.1085998661560117
0.09447927205168213 -0.03181536500018379 0.1057825951411271
0.103344094 -0.0379007401 0.101755143
0.106475393 -0.0400322718 0.0988867705
0.109319966 -0.0417092633 0.0950030125
0.112470108 -0.0426617723 0.0916157875
0.115745559 -0.0441334423 0.0880777728
0.11960357 -0.0447874457 0.0844080724
0.123984158 -0.0457901584 0.0810376364
0.0806216521150582 -0.03323460404825936 0.11985186447508289
0.105692269 -0.0456475945 0.123615607
0.109358124 -0.0471828599 0.121559323
0.114013054 -0.0474787606 0.119519151
0.117986512 -0.0485685033 0.117054091
0.106907609 -0.0494177569 0.13255388
0.113229119 -0.0520411853 0.129530377
0.113127274 -0.0457952727 0.151108621
0.115505199 -0.0469741008 0.149370143
0.117221943 -0.0487588751 0.147074823
0.119147527 -0.0509435644 0.144440254
0.119540853 -0.0606054458 0.18257083
0.124416701 -0.062126227 0.18198578
0.101957555 -0.0513285181 0.1842044
0.11092189 -0.0562450625 0.183520945
0.121809554 -0.0626747165 0.197961853
0.126861498 -0.0647049974 0.19822038
0.102733406 -0.0536381503 0.198004393
0.112366889 -0.0579494322 0.19786818
0.05080935337694525 -0.02388682231348166 0.09319075892750227
0.05220735739915021 -0.023350173486618244 0.09458237878166591
0.05305626337153149 -0.02852023653664167 0.0977115210324512
0.053584391084778284 -0.024723311359054832 0.09553619040705769
0.05210431271686641 -0.02849931247039289 0.0969152754813723
0.05143391725402604 -0.02546142913375419 0.09406505720233697
0.06024765786887984 -0.03747525744617967 0.1075311675589812
0.05962038664207922 -0.03843715715715056 0.10735664281255379
0.07115119089143267 -0.052322193601833496 0.1276446489962092
0.07045302995644966 -0.053647751143292455 0.1275515623154943
0.05589923589048212 -0.03430752565363991 0.12497300757954959
0.056654552516718845 -0.03413841760115092 0.12560504702533237
0.07024039961855802 -0.05155670035702917 0.11964296627566341
0.0688031362883481 -0.048297233912953604 0.11144639028931914
0.07569512549714173 -0.054511858779523734 0.11705574430567925
0.0740404915703379 -0.0511012970603921 0.10937330432269049
0.08139639605484376 -0.0570859931175099 0.11430601996953686
0.07994289681425583 -0.053534148456786196 0.10685981395717996
0.08597068448635656 -0.059457740167696733 0.11172196823601312
0.08477933780083544 -0.055918206576359146 0.10424867889203632
0.0902908875186714 -0.06228184533369769 0.10911379542262058
0.08937181916059309 -0.059173217426148804 0.1012821095408321
0.09469940084196239 -0.06482152266611205 0.10666184985337047
0.0939342884805942 -0.06164755966352485 0.098589721627333
0.10047340106072192 -0.06713237224122337 0.10356376140841665
0.0995987002138509 -0.06340418394065445 0.09540869459183249
0.10752992925214822 -0.06905604933975308 0.1000047754396427
0.10606700676695005 -0.06552069675063418 0.09140188339629281
0.11580804469207749 -0.07153520027533598 0.09499280503834567
0.11366528439277636 -0.0675936181307187 0.08661670410328934
0.12336039694905589 -0.07111820538614454 0.09144916260416748
0.12048238736588526 -0.06821733734836803 0.08258073172684897
0.12923135303717145 -0.07025141515823698 0.08888926434433857
0.12606691149077312 -0.06728169112010707 0.08013316972353574
0.07070265537103441 -0.05025253471836302 0.1195152261324407
0.07639135297966627 -0.05283234801472393 0.11751037544891037
0.07467201364751096 -0.04991749337511057 0.1096583623773653
0.08225286358082907 -0.055566953607124304 0.1146294190173071
0.0802980682389936 -0.05252113547293284 0.10728066577451412
0.08678788880545556 -0.05776414474811502 0.11226331645841736
0.08542193947130601 -0.05436480787422415 0.10497339867155482
0.09158257114170264 -0.0603709814993168 0.1095067003233151
0.09039096852522614 -0.0571514976948569 0.10207391108333799
0.09625491137790754 -0.0623589432991507 0.10703495275478542
0.09507700337987843 -0.05948211170311439 0.09917959113515594
0.1018097045065941 -0.0637759012533924 0.10426272956898308
0.10048162679850159 -0.06090311689700031 0.09595717162144668
0.10830091118945573 -0.06538285089939443 0.10104581182379416
0.10643392750617169 -0.06255555992523586 0.09235071988291745
0.11628585535041311 -0.06585548474193677 0.09716533147295768
0.1137268204666385 -0.06313351431237645 0.08820965552121665
0.12293267329393939 -0.06546768694438167 0.09326546448655557
0.12055540490624149 -0.06148940927495615 0.08454279294160255
0.12908606985566182 -0.06389018374675934 0.09045979271874634
0.12611473279322852 -0.06129070569311251 0.08197108426503295
0.0843073096 -0.038296135 0.127052285
0.0889561526 -0.0386391282 0.125247147
0.08820502082316715 -0.033173120557287765 0.12005081759328388
0.09318995439763583 -0.03895864191221305 0.1213598097674325
0.09101296310592112 -0.03340081757843904 0.11499146876441868
0.09832564116325725 -0.039988782986451116 0.11897932117294936
0.09501560410648142 -0.032804206386371645 0.11208250877106246
0.104794898 -0.0417459998 0.116165841
0.103245855 -0.0383747044 0.109032081
0.108098632 -0.0441104086 0.112875559
0.107039313 -0.0417749897 0.105710292
0.111892174 -0.0448669889 0.110185135
0.110490213 -0.0429617538 0.102200899
0.115657293 -0.0459363105 0.107129762
0.113977615 -0.0440985436 0.09864387
0.119787013 -0.0461258798 0.104378583
0.117613644 -0.0450097363 0.0952826467
0.12464724 -0.0469880661 0.100851657
0.121887904 -0.0459013035 0.0915860366
0.129488576 -0.0469852461 0.0971881752
0.126226807 -0.0460349939 0.0867915077
0.06691379413383228 -0.04690830659608081 0.11246710397408272
0.06735071418569853 -0.04929360057336214 0.12040793408572151
0.06344730454713385 -0.04433808896074191 0.11346844805502497
0.06470610763340481 -0.04673022226593687 0.12168359344362545
0.06085582105793507 -0.04073968114249034 0.11493236388928794
0.06737554423599042 -0.0460292365721277 0.11285905828125964
0.06808593170312431 -0.04856795829948577 0.12076023185797734
0.06415180007210058 -0.04381138431162294 0.11407260871953145
0.06500395624415926 -0.04603141124681277 0.12232850240586252
0.061084610456772 -0.040008406450584386 0.11572048762375609
0.02179643861848452 -1.6106062956600784E-7 0.1388017432237099
0.04112016543566029 -0.01201361790588091 0.11634049503515193
0.042421705285728584 -0.012127572316370024 0.11674645556789424
0.03756592506893426 -0.005265587585890739 0.11842049792873721
0.0394501054633832 -0.00820572639132845 0.11779042945642022
0.03983355795766967 -0.005714790052889715 0.11816576162433928
0.04061832329255798 -0.008921078356620104 0.11814642060923215
0.03742624643456849 -0.006205219326775575 0.12291059826986798
0.040653602589730026 -0.010039564600386122 0.12203316108206116
0.03880131483523067 -0.005938198832136092 0.12380943546464078
0.04098441632588832 -0.010243443678192372 0.12235900103782563
0.034508328317469555 -0.005239682785984208 0.12510610266534877
0.030995923775632657 -0.00485835001284762 0.12700396638561243
0.03490713004538279 -0.004982566237362089 0.12680960651922746
0.03182998227488027 -0.004855190124941135 0.128853646327505
0.03321269404562936 -0.002968007159321004 0.12419894799502469
0.02997110801584462 -0.0026425931482394927 0.12611153942976047
0.03373796581598372 -0.0030095820641210407 0.12579374719523337
0.030628489501335534 -0.002738441782691117 0.127637611600077
0.03276349827663682 -0.001385850492443933 0.12373218443701194
0.02961689668723497 -0.0012233484909008434 0.1255863956098704
0.033224172873934914 -0.0013230563707723147 0.12531687698573138
0.030176684600496006 -0.0012391844889725375 0.12710612078788786
0.04633645153980683 -0.009966904192103465 0.1578862302679534
0.05009228943358182 -0.011149423534567549 0.15715866145748383
0.04765281584677562 -0.009207978732526125 0.1577558145936802
0.05150154654337439 -0.01068013132952191 0.1572770237977968
0.048015625499576456 -0.01183628826501908 0.1538264639335021
0.0490066773431685 -0.011222609432168426 0.15389280224820978
0.04490761788437161 -0.011968496964848049 0.15054488590525256
0.046003614803873216 -0.011338245472452647 0.15054778800840596
0.042118960372426045 -0.011994009152113278 0.14777842667697555
0.04308446926552962 -0.011164800872271896 0.14769842712601094
0.039656299865113424 -0.01255879160114904 0.1460749337153955
0.040507536547951736 -0.011732690600544013 0.14597724453539643
0.029150484598141135 -0.013176817741582851 0.1412305758239727
0.031027442427758116 -0.012202923476159961 0.14149512546824264
0.025117040957178906 -0.011326926191717162 0.1353504976576248
0.027514133913549257 -0.010743029555285208 0.13595678048465829
0.027577220623949707 -0.010625876683629153 0.13177001773836458
0.030380733840873968 -0.012953545502576323 0.13317475422866132
0.03029158737003143 -0.009741969473517978 0.13362607303627327
0.03245293896526801 -0.012344477955766476 0.13472566071788977
0.030847549200957048 -0.00993914281261655 0.1303090051152848
0.03336503221657951 -0.011987214721705228 0.1320907363196079
0.032156797878997966 -0.009116083687712702 0.13221892357887818
0.034332458225981285 -0.011597558299857669 0.13345156030125288
0.02661809751509988 -0.011948465162835953 0.13808530135202365
0.02551110649763564 -0.010975757666441481 0.13347999635517563
0.028786801651555716 -0.011403561254652788 0.13861827426165943
0.02800022793669815 -0.010324525300065354 0.13459594001410163
0.03253454754178201 -0.015576999937458298 0.13972761329990388
0.02990403745842668 -0.01486528356770167 0.13747332656265807
0.02865689553066479 -0.01385587596678426 0.13537407418857303
0.02898484828474174 -0.013146915829143443 0.13441313561727997
0.03405022085180429 -0.014661174096523245 0.13996021755210755
0.03158828718265934 -0.014205841021313278 0.13808715623107878
0.030544750942857 -0.013259427024211935 0.1362593844654649
0.030824298763905 -0.01284677707955909 0.13541486523335947
0.04028679663959297 -0.014876757778208067 0.14203086377354848
0.041374202577310615 -0.013572960973084268 0.1416250447757257
0.049263423538738034 -0.017506085140379435 0.14393404195431556
0.052533077045364134 -0.013208431367975995 0.14821786794233113
0.03638158948343621 -0.017465900232216183 0.13746559960195448
0.03748814603530352 -0.016606022353288667 0.13747606696764722
0.03996187624644253 -0.01772723230736099 0.1387220555049805
0.04087015409259044 -0.0164627325358073 0.13829494222295508
0.03428592465867947 -0.017184425506579663 0.13612777363762338
0.03563945743763865 -0.016090007950673432 0.13646675549634485
0.044118507380687524 -0.016281232427183583 0.1389232947503621
0.045043566823423455 -0.014856110382201724 0.13844390784516955
0.04685105328857824 -0.016853648612191453 0.14098740585611214
0.04773890894792365 -0.01579384264291219 0.14078640706074613
0.046945576160255534 -0.017931920240129018 0.13689839972469323
0.04807645721776457 -0.016306426472115935 0.1365130758341737
0.040032330340271434 -0.01931506446863364 0.13382821794986277
0.0416665812941392 -0.01735938347818018 0.13383261476074426
0.05131890204130312 -0.019952747111853214 0.1420274546676457
0.05499231068836364 -0.01636097271506531 0.1439524889248784
0.04330616133749562 -0.018610392758813325 0.12553170518347728
0.04344082162315415 -0.01764775980220702 0.1262246830598927
0.04450422612440192 -0.018161244960058786 0.12371242387660403
0.04491057362392617 -0.017526347109266545 0.1244374799467989
0.04398290955555117 -0.01994633998201643 0.13046312447835695
0.04726579445188975 -0.019341051653839737 0.1324936579211986
0.04504855957291013 -0.018473788042423864 0.13069615799483636
0.04798548866335046 -0.01812890408596802 0.13250010364141004
0.045310369699661575 -0.01632754473760214 0.1192943007396273
0.04567570775578676 -0.016277202090834497 0.11976999823524141
0.0417054891156831 -0.013528823216832497 0.12216156225895473
0.042247434826169335 -0.013642906460985678 0.12230174887511887
0.04549247530807342 -0.021353559099135895 0.1128528131516929
0.0466028245823339 -0.021395469948910024 0.113739876393339
0.046378652650342946 -0.0252644062302153 0.11062941256136985
0.04744931032271083 -0.02471507619169605 0.1114089128960862
0.046532495722755425 -0.01821331805844988 0.11878354370063422
0.04697660250213711 -0.018235656741582493 0.11905307343113436
0.044940484670297855 -0.01739633374340247 0.12152954152630528
0.045416050124387874 -0.0168542265985279 0.12208561248867238
0.042847271484945264 -0.015445459052554759 0.12163770876133999
0.04308050867789449 -0.014690817133461863 0.12223763397554345
0.05392227973494301 -0.03144914561477096 0.10396281979434742
0.049689101800600384 -0.020159642046414 0.12181899463809202
0.05018963544202039 -0.019991635695233365 0.12242245020973855
0.05025358923605309 -0.019702689310662023 0.12533572317426725
0.0507707892090809 -0.018879501749247386 0.12600989610345392
0.048078483292479414 -0.02010757738957673 0.12794702740080705
0.04828614949722259 -0.019131433174878632 0.1285196812341381
0.050579523972241046 -0.01966941300872295 0.12995004666101162
0.05107014103429842 -0.018491031271747872 0.13016313210653405
0.05207292885334951 -0.01974106168263575 0.13151172302775446
0.05266951627214934 -0.01848193863545356 0.13157043839109347
0.05226258551898676 -0.01964222629992573 0.1280567098060285
0.05264927993049166 -0.018585404233676515 0.1284563620022815
0.05050384642231516 -0.022863948493250717 0.12092724652663693
0.05135186710672056 -0.02230704760279676 0.12198895732152826
0.05360839407793849 -0.031735655376229945 0.1161832725023882
0.054318461128603106 -0.03178352642234158 0.1172323968633859
0.05812290809383122 -0.03848297506666989 0.12042022305272035
0.05855471937396391 -0.03807099172994297 0.12062597461397807
0.054893353334047025 -0.03377802541311349 0.12082814680153896
0.05558866165314027 -0.03363174763627455 0.12146866807541827
0.05280475823973912 -0.028632117801966513 0.12262380868117066
0.05327582045622258 -0.028454155362323375 0.12296557524875201
0.06224958037098998 -0.0437681365892826 0.12075437791312338
0.06260032170222353 -0.04305919692238446 0.12150375921680318
0.05326913928915522 -0.02304871125827117 0.1291371147353691
0.0521944672092628 -0.023340689951418626 0.12499616895365825
0.05349832442475558 -0.022489468373223877 0.1291037889585674
0.05298051569002513 -0.02271647265169661 0.1255280957755907
0.05429900784953772 -0.02458130497868062 0.1382286868693554
0.0547083147840217 -0.024246107530158746 0.13809355454180505
0.05172919244909298 -0.020673291508640758 0.13790792368094704
0.05373413355182253 -0.018617358159181602 0.13828289111666403
0.052715669634459526 -0.022103013912457024 0.1401946889966125
0.05305219488939944 -0.02190428905997725 0.13989021335302695
0.05807186492811383 -0.02125574947346004 0.1499541791085583
0.058185306015821885 -0.023919806316649528 0.14787774221982952
0.05594011396002813 -0.019376779634541624 0.1484019978739362
0.05567548463027957 -0.0225872310607063 0.1462059935274484
0.052749720162003334 -0.017806482233495947 0.1471525100617152
0.053256300682473424 -0.021147366710057004 0.14443545571461083
0.0583957835303042 -0.025923607327030758 0.1466524969274091
0.05895693054164372 -0.02796714982979288 0.14546817399336312
0.05606656093571755 -0.02470690255707392 0.14456448093759766
0.056846865657411816 -0.02691443498913328 0.1429296060431361
0.05409658154609522 -0.023406131003496613 0.1424651216570972
0.05541613053496742 -0.025722699049326832 0.14063970928842667
0.0557654664871218 -0.02831648755042477 0.13630603212185255
0.05540379544656786 -0.028008992542866946 0.13365226680466508
0.057994918024144373 -0.034318058664196904 0.1351297580059257
0.057469653618920764 -0.03430900298162088 0.13226117124351117
0.05935532939170948 -0.038832454351703634 0.13630532402671056
0.05972372322200631 -0.0396416101660872 0.13307209309214094
0.06273060925724049 -0.044223933062056534 0.13779160937203058
0.06306522778272619 -0.04507963634525218 0.13478281917796697
0.06575549279378837 -0.04823055661002463 0.14004330129970533
0.06625907072717575 -0.04945810956163859 0.1371459908822318
0.06917283902965703 -0.05152254876156208 0.14268431112461247
0.07008422761030711 -0.05316415082258068 0.1402041824635329
0.05864579337184208 -0.020673098055290558 0.15061267511597135
0.05875322487486729 -0.023544632704270433 0.14838748354418094
0.05753672940996405 -0.01801464625366511 0.14942531587599547
0.05604260576863485 -0.022161158820463517 0.14651790063494846
0.056750362636761774 -0.014575708635477632 0.14954427663866676
0.05683581143187318 -0.01719956732265188 0.14662185746120757
0.059044938992099255 -0.025656359193480912 0.1471010973110541
0.059635010372084594 -0.027675185118707504 0.14596305351890482
0.056313594946906805 -0.0244186493851335 0.1448193463611974
0.057268092324135406 -0.026699987715562767 0.14332001910208086
0.054381245155637206 -0.023027077708887417 0.1424372825737362
0.05585819910086892 -0.025366722899121234 0.1407641425210027
0.056293219811606156 -0.027999240081878988 0.13668981002043704
0.055723668161556425 -0.02776375890109128 0.13393624609225416
0.05864156931147387 -0.033700728653163946 0.13544751443428577
0.0580707132533519 -0.03376815806481753 0.13250123707890982
0.06031542829194885 -0.03842053971988548 0.13637856418146374
0.060500728748436844 -0.038754884612545615 0.1333990297355342
0.06336693908208119 -0.043374064061316234 0.13821561040463715
0.06377635482173209 -0.04404683342648734 0.13537703340226917
0.066548190670763 -0.047192467543392416 0.14049212302720385
0.06702529833700299 -0.04826206183020442 0.13770082490031044
0.07003707190240807 -0.05054642311590766 0.14284871308877395
0.07083189077228844 -0.05204169152897521 0.14048863502117814
0.05235804630658618 -0.017552557731561582 0.1349944968894676
0.051100711159438456 -0.018896465618390444 0.13500255788842278
0.04694841284721655 -0.018350921155748504 0.12483346841366613
0.043123116727307564 -0.01580419963951977 0.12416724021311135
0.04652204194950996 -0.019274444802694888 0.12400682427041176
0.04262218204273488 -0.016129413548305382 0.12362913252205165
0.046583917720754264 -0.02488115561836849 0.10391606301008485
0.052140417897354734 -0.029296426920976067 0.11194992199095911
0.04730604876336679 -0.02457207430843222 0.10446687915810779
0.05089004205578175 -0.029029899144412674 0.1119461766491029
0.0512034717181753 -0.029273300261331993 0.10633170347753397
0.04967901566896893 -0.026843778497900567 0.10901409809204395
0.04981783845391642 -0.029748193579508767 0.10514770215185984
0.047984285042463076 -0.02765071869847239 0.10792310253123438
0.05916991089468916 -0.035405745414421534 0.09287463325490151
0.06107357888419434 -0.03777045766775175 0.09897599094623839
0.06495342359134677 -0.03816897508630759 0.09138499700240732
0.06597739205513126 -0.04065296873734124 0.09747431280407223
0.0720853690939692 -0.04192696437527589 0.08973313956317949
0.07293971409102058 -0.0437779694515469 0.09587275167529898
0.07823846507004074 -0.04527851994482244 0.08770650915562124
0.0793703858518944 -0.04732984272226466 0.09378493787471627
0.0834601761863592 -0.047991541465408995 0.08554359992762366
0.08394116720501393 -0.05037610348615374 0.09147427886829598
0.08821593578424161 -0.05152872752803675 0.08321383330611709
0.08867284338391626 -0.053649093112515416 0.08856893966213511
0.09299792179828426 -0.053651821422083315 0.08126186209006765
0.09337137668231221 -0.05589663273404982 0.08620076530811778
0.09813433442119208 -0.05510288732752804 0.0789528075289416
0.09845995781594813 -0.05796740502632448 0.08345173289260288
0.10342760373109935 -0.0568442520389248 0.0759107404306889
0.10397206728517476 -0.0596550395539205 0.08010576846077343
0.11009493454556081 -0.05707359906779711 0.07312672557170129
0.1114840093224821 -0.05947619183063264 0.07652022086486246
0.1160768498960628 -0.05663473498673989 0.06990005541838626
0.11754584560145197 -0.05947219002862778 0.07337132756100814
0.12103691713630234 -0.05818332026878971 0.06638502136041452
0.12250992706514603 -0.06045924477981098 0.07007450928672847
0.05964689915967494 -0.03502365276700688 0.09353891100793661
0.061213640401694094 -0.03771269474880984 0.09901533572397979
0.06579543039298194 -0.037709811290315844 0.09163864511494507
0.06691407880813548 -0.04022292883927611 0.09794299877633164
0.07251518540409847 -0.04144920128373724 0.09029410043206
0.07363959424556536 -0.04352644987629323 0.09661794381911003
0.07909419236943897 -0.044785271056954824 0.08796775549695045
0.0795817157265703 -0.04691876643288473 0.0938535578264554
0.08455382074156477 -0.04748849307114708 0.08572362920836128
0.08459481737265694 -0.0496513240931996 0.0917048406738473
0.08972736464787678 -0.04996932282090899 0.08386654137450737
0.08973440359656938 -0.05217728257071221 0.08929510242596601
0.09405441369894489 -0.05104890977453591 0.08233423806942172
0.09420719685168615 -0.05366219161338976 0.08705040499816473
0.09921868636693897 -0.05207160293374377 0.08007390805190653
0.0994940689118182 -0.05496513744781439 0.0843644086333789
0.10428583774529168 -0.053174012008870855 0.07755549512417069
0.10475355340196002 -0.05617039251335737 0.08152056342416715
0.11075017047953155 -0.05359012141822385 0.07440344990407213
0.11181270509676701 -0.0562243462082069 0.07819425887413016
0.1164908832237457 -0.054004393938350576 0.07080500872087954
0.11810560086250219 -0.05576011090072847 0.07460227746736471
0.12149722537414052 -0.05415297856718438 0.06777375109898151
0.12306139447560414 -0.05497283027077916 0.07193157404348606
0.0742650640161494 -0.026416224548500785 0.10809845038644958
0.07471052971646389 -0.02802104493597409 0.1109923378724391
0.0784797910711473 -0.028443259877660564 0.10572365724413059
0.08162825120821622 -0.028690401339093136 0.11076674942662164
0.08675349285844756 -0.029765941256178128 0.10244365938075316
0.08552317416625597 -0.029168598390851765 0.10921686876587501
0.09206658460525922 -0.030094067866356582 0.09889755364409457
0.09008880010440438 -0.03010210371257071 0.10390447487172898
0.0978125981645356 -0.0341569622054051 0.09494243172817726
0.09731158307916865 -0.03431464951736028 0.09952643431862244
0.101772303 -0.0385791462 0.0909017706
0.102835825 -0.0380108187 0.0959908491
0.103984948 -0.0404712963 0.0880407221
0.10570515 -0.0397186696 0.0931443258
0.106588026 -0.0418139357 0.0850644286
0.107987574 -0.0416153497 0.0897082213
0.110172805 -0.0423645579 0.0824086694
0.111296981 -0.0421313838 0.0866623908
0.113554369 -0.0431274129 0.0794907149
0.114437981 -0.0438114495 0.0833422884
0.117071072 -0.0440242506 0.0781700005
0.118179553 -0.0443245783 0.0804884452
0.122122606 -0.0428742273 0.0731420756
0.122572893 -0.0454781588 0.0770178011
0.05891518294627714 -0.03595309952072831 0.10021394790377218
0.058308181441902085 -0.0367120017198235 0.09934226979989336
0.05647196831953564 -0.03358790412306741 0.10242053589897339
0.05251068302405222 -0.03152824869437069 0.10310847863428473
0.055739937175255085 -0.03368179013298967 0.10118458623059297
0.0788990711016704 -0.05645806723955829 0.14373826403315904
0.07441006916179409 -0.055941184123452656 0.13584972262983208
0.07766058526469445 -0.058586746126919394 0.14330552224208393
0.0736685848115397 -0.05715492351432392 0.1356173243560996
0.0835035600388253 -0.06119282758838676 0.1492565403244997
0.08616743737785075 -0.06163660947668889 0.15802612237646513
0.0877315072513942 -0.06340938407474374 0.1486058434744517
0.09019695676574974 -0.06451231496461757 0.15741379488900908
0.09195073417420353 -0.06600469606171627 0.14782865553048544
0.094570980721672 -0.06720640991928632 0.1565032524292111
0.0964253138817733 -0.06814788163526474 0.1470104729115142
0.0993015140405184 -0.06938574398476893 0.15572341636995668
0.10115188512663494 -0.06992851664278212 0.1460108409750444
0.10416472497044206 -0.07127031718505498 0.15489254502885424
0.10608988814951957 -0.07181575029502192 0.14482052453611954
0.10912671550478878 -0.07288576455870496 0.15406530948375888
0.11140321614048487 -0.0737538426828579 0.1433218335648129
0.11452349928132152 -0.07436729115774329 0.15312797513790466
0.11863274413618553 -0.07596818994061184 0.14147403409374437
0.12139822091736659 -0.07591143890513206 0.15189437469791595
0.12694370618487916 -0.07725689271167203 0.14031347496065058
0.12949405972020434 -0.0771320140369207 0.15058170583766053
0.1336305912862728 -0.07617394905931628 0.13754242652225546
0.13630955035573653 -0.07642707363471551 0.14843722161119463
0.14122909937911934 -0.07432163938526913 0.13635456050078296
0.14367844130255844 -0.07500467181073993 0.14719655305643187
0.08526727122112611 -0.058104514944515434 0.15008608389685954
0.08778408757196708 -0.05882348525083038 0.1587862442009666
0.08947065615951456 -0.059885474913006574 0.14916367133159752
0.09200364748724661 -0.060754087607577716 0.15792944585077257
0.09360429796903538 -0.06324177749031198 0.1480229556325326
0.0963533210812833 -0.06390746755405716 0.1568364330337495
0.09758034036210199 -0.06539683886727594 0.14721706915154734
0.10040566463893051 -0.06597549510813121 0.15600824718071243
0.10183991168332676 -0.06752044872714824 0.14623357142750795
0.10489365239056563 -0.06816747425998622 0.15516702577802907
0.10635400199709551 -0.06949265206559135 0.14522332991159057
0.10937020031758123 -0.07021860286504486 0.1544140711025109
0.1114781315850289 -0.07126488765627817 0.14375376743968854
0.11445952664346971 -0.0727573281683255 0.1531760910420569
0.11864858295735725 -0.07383331512874344 0.14197766693810446
0.12135697653832778 -0.07471155632089134 0.15189212653183481
0.12694317568095081 -0.07484215660408508 0.14207619905915506
0.12859236141619837 -0.07556702288242771 0.14996392424471575
0.1330477930045633 -0.07422434853502267 0.13860445911897465
0.13573960621237582 -0.07426053762474746 0.14926064210262666
0.14113141359793888 -0.07152757120719276 0.13771712485931664
0.143612009910476 -0.07232913456028661 0.1482868470664868
0.0898672451 -0.0531815365 0.152730903
0.0908942884 -0.0530140821 0.16079802
0.0936624271 -0.0539651205 0.152216376
0.0961624507 -0.0540925131 0.160651761
0.109925876 -0.0458186451 0.157231384
0.109196192 -0.048352592 0.16402414
0.11511689 -0.0464055331 0.157330548
0.11378772 -0.0497188183 0.163555846
0.117327355 -0.0475047185 0.156235175
0.116438514 -0.0508705453 0.162698186
0.118874946 -0.0488798392 0.154503826
0.118757096 -0.0523542327 0.161478477
0.120632415 -0.0513479368 0.152594051
0.121415673 -0.0543559544 0.159845871
0.124578788 -0.0529623 0.150876092
0.125876947 -0.0562758997 0.158576438
0.129260966 -0.0545976387 0.148577287
0.131117031 -0.0571382943 0.156998444
0.134267434 -0.0563390992 0.14604261
0.136395588 -0.0579970511 0.155379141
0.13979392 -0.0573814594 0.143351668
0.142269271 -0.0588555037 0.153279757
0.08147655027365877 -0.059202221208500376 0.1503189286825863
0.08251651853220925 -0.05704831250837057 0.15097478845056178
0.08425393746167802 -0.05967327676625304 0.1586342284526499
0.08541679990012685 -0.05789337638937395 0.15894221742965925
0.06871848124567917 -0.05189047894638899 0.1726037734765886
0.07400668537455633 -0.05507084700376699 0.1728141965181484
0.06970925210403311 -0.05071391521897536 0.17302009163733628
0.07479511372627527 -0.05366161791520604 0.17271785475683807
0.07800814957076153 -0.05500381718818337 0.17003581107881102
0.07742398866132219 -0.05635081475405923 0.17012779273303946
0.08119575322314804 -0.056560760359560446 0.16650250192414148
0.08047011113224414 -0.05783314461729389 0.16642338797005568
0.08705903010958352 -0.06273150271001049 0.166674300768652
0.0881878991287229 -0.06271754420329606 0.1747723907461604
0.09125743449452398 -0.06523109736559543 0.16581644122265526
0.09247268769452625 -0.0650271595013232 0.17396091436724717
0.09640413181224222 -0.0677056918005797 0.16463953094821004
0.09792996181201158 -0.06780020579350805 0.1728001616673097
0.10171301061268281 -0.07018668654951479 0.16379402505125482
0.10351720071320057 -0.07060831379653373 0.17200969698827437
0.10691702239071835 -0.07201377257034938 0.1631367164435459
0.109042589213986 -0.07234294715998932 0.17148949558562387
0.11173797944637882 -0.07339005205812413 0.16268410584046442
0.11398758195087898 -0.07334411012817707 0.17118419575673358
0.11723825944620685 -0.0745427524747151 0.16209709786807078
0.11963684438032957 -0.07422788896196668 0.17078381054396785
0.12376533412666829 -0.07542105680828379 0.16126748503179514
0.12587896785529976 -0.0748477735162001 0.17022931938078953
0.13240366454431554 -0.07597064147905126 0.1588395770001639
0.13358174505675005 -0.07623351684255342 0.16912342684873755
0.13884261172608128 -0.07765477563434377 0.15787694440496267
0.14108516082552583 -0.07858414817875965 0.16781559788103978
0.14584068851870155 -0.0757303582619448 0.15707343470634333
0.14813789848171943 -0.07751409792189726 0.16697394231288515
0.08835074645452394 -0.05964642006536345 0.1671453409619935
0.08926684822883182 -0.05943192223394649 0.1751163196972139
0.0929784649620764 -0.06151300013740764 0.16638462571086043
0.09393278832602162 -0.06177070653338546 0.17460769656513206
0.09796056449660884 -0.06428321981706424 0.16516551144569283
0.09910263786251002 -0.06473717822242205 0.1734360235763901
0.1023464052239025 -0.06669396131584916 0.16465365159394732
0.1039623218694307 -0.06731111936547435 0.17316638090050732
0.10742417788062962 -0.06848779617339194 0.16402695447855
0.10945235873753584 -0.06906066635298583 0.17264572114332968
0.11197953684576914 -0.07049446865157316 0.16343378723073443
0.114312852644124 -0.07088236522638912 0.17207192005378155
0.11723836461099925 -0.07272634503501899 0.16267573288280848
0.119707638629331 -0.07217621256210507 0.17167142304689215
0.12376559997366159 -0.07369207266452252 0.16188467555530175
0.12603790113511948 -0.07324050290833112 0.17103965842002264
0.13131567781785725 -0.07501009063832166 0.16029611572311267
0.1332631727888835 -0.0741621615309556 0.17018837863814706
0.13834948739575165 -0.07489973763050488 0.15888734384964553
0.14073093980885318 -0.07632068270181434 0.16877158291011146
0.14582709576608646 -0.07320531273255472 0.15802176243577795
0.14807345380255893 -0.07510782837697581 0.16773375108411387
0.09647986 -0.045061062 0.172253392
0.0958399919 -0.0479570705 0.177837987
0.102298483 -0.046188629 0.172483221
0.101337347 -0.0500794058 0.177934002
0.107735882 -0.0500427231 0.17082801
0.106376702 -0.0532091857 0.177124491
0.111024683 -0.0529185313 0.169564875
0.110335218 -0.0552000938 0.176606101
0.113899074 -0.0551262389 0.168652109
0.113869713 -0.0574439833 0.17589695
0.117369121 -0.0570437661 0.167693841
0.117915534 -0.0596575773 0.174996993
0.121742825 -0.0582256953 0.166724401
0.122636425 -0.0611204522 0.174105528
0.126640419 -0.0596961969 0.165678861
0.127848826 -0.0619541391 0.173522926
0.132222003 -0.0604476464 0.164478415
0.13351586 -0.0630236443 0.172536119
0.137972584 -0.06055971 0.16315479
0.139627761 -0.0629819465 0.171657954
0.144035179 -0.0609590351 0.1614189
0.146169071 -0.0631011289 0.170387832
0.08363705787776071 -0.060012487623617265 0.16738870678092985
0.08454874973266083 -0.058174003951011036 0.16748169429589058
0.07075099323329313 -0.045782984176321956 0.16262328801690798
0.07228742997452943 -0.0482022595766659 0.16497200205941795
0.07022346141279781 -0.04694172847607361 0.1627393984896641
0.07147172820807615 -0.04950796555180446 0.16491197238444655
0.07322372759173948 -0.050539514911775905 0.166057373119993
0.07251632481773303 -0.05168911086753334 0.16600219477983041
0.07452280228296021 -0.05253772591803162 0.16713431254262603
0.0735955267061335 -0.053773883294793524 0.166888557850484
0.07568501439420004 -0.05392427147904931 0.16836548030188364
0.07496643207438941 -0.05528267527435178 0.16807836825493355
0.04918233890396662 -0.009188430879210006 0.16061577171882938
0.054423490326485635 -0.010623493932870801 0.16114462698397997
0.0506931666033291 -0.008834796233279821 0.1609070845880193
0.0564804587801179 -0.010497083771822723 0.1618921962363179
0.05026818348284823 -0.008356807841154227 0.176262905421471
0.05154453226627142 -0.007967945866973044 0.17608193912120376
0.06401795283233117 -0.017080579200927728 0.16426980467300906
0.0636668658636549 -0.016699317795102267 0.1628977632289749
0.06248816682441851 -0.015575613252265964 0.1658225650460926
0.061746651490506 -0.014177790259557843 0.16420275668842715
0.05835623909238592 -0.012531280331108598 0.1669691430790581
0.056109815106971286 -0.010912038182898525 0.16369400151238303
0.05393412264787651 -0.01053798571289564 0.16789214437470765
0.05025884825759932 -0.009390131314819705 0.16306544141910026
0.06454334147277914 -0.0164644330313914 0.1640446593924471
0.06429719556987287 -0.015983303952761888 0.16261686563817182
0.06333775560170199 -0.014956583388876432 0.1657253281616382
0.06283279037605212 -0.01375683872158402 0.1641919633537684
0.05952409730134255 -0.012432242266692742 0.166889462003767
0.057862523304129346 -0.010744238676752081 0.16403949959339292
0.05531330149932208 -0.010239149043666903 0.16781677495481598
0.05195347654744796 -0.009130462416268817 0.16341099907705212
0.0786759633076467 -0.031861380098615597 0.12024766254792275
0.07085218660554823 -0.021836996180534696 0.10335523551560045
0.061900869866118945 -0.02008727473983313 0.10296813805451738
0.06361473717730372 -0.021193235574074234 0.10329404433351645
0.0632547601720756 -0.02128241635574586 0.10434475813643193
0.06960065359432127 -0.024017234476341246 0.10904476610698118
0.06507961861437225 -0.023243072264264895 0.1091459339753503
0.06169261366343955 -0.022675817223677494 0.10952834504820327
0.06535094633970773 -0.022567359514410388 0.11426383233287668
0.06403889925600213 -0.022039204793994564 0.11460890560216928
0.07076571203404158 -0.02703104641567529 0.11148219215311687
0.07012928435941872 -0.02529144881704971 0.11418206510801594
0.06857739927967159 -0.024177760494875803 0.11571003659339421
0.06755318350825627 -0.023787657270252626 0.1160662620192784
0.06603039288127237 -0.023117565840153457 0.11631979997297545
0.06318602173968649 -0.020970010992540467 0.11692803824707795
0.05920326033779385 -0.018066966779333806 0.11743164547671384
0.05768945110449864 -0.014768044132737423 0.1180638625808232
0.055114030737294484 -0.01087871578726942 0.11815352079728202
0.05442733868501374 -0.007768615671980035 0.1179440419897789
0.05363099620026439 -0.005263843151455931 0.11731224884091972
0.05322902554528072 -0.0035529525877284456 0.11687995128943537
0.05302335477433406 -0.0017185393904609614 0.11685446747257577
0.07251860021724339 -0.026455214106319857 0.11781772683128544
0.07024549229930643 -0.025636259751601345 0.11892031189223787
0.06974843493836139 -0.024627494199015238 0.11991876232743155
0.06809089091816808 -0.023314390409143692 0.12045634079037935
0.06346231962907346 -0.02129136903083006 0.1214297448492361
0.05997067705459577 -0.018928650954984406 0.12180150159705384
0.058064170548678504 -0.015168867368821655 0.12138214070666814
0.076290974205907 -0.02882396548508136 0.12171109424672062
0.080500278 -0.0346209166 0.126940615
0.0799046217 -0.0423729635 0.13146034
0.0796704331 -0.0492162803 0.137738792
0.0864722015 -0.0493015984 0.147686544
0.0872464108 -0.0521212499 0.153371272
0.0892663844 -0.052645479 0.161356116
0.07403580852820524 -0.025782343241909353 0.1231259345854892
0.0772635055 -0.0312043168 0.128079794
0.0774389992 -0.0388620053 0.133050337
0.076043878 -0.0290348053 0.127631406
0.0754423572 -0.0318059845 0.131731266
0.07265153853527626 -0.0246565583518404 0.12316875066094167
0.0735545187 -0.0248621702 0.127313561
0.074061323 -0.0259733786 0.131336772
0.07025842677569179 -0.022841174516995192 0.1240798358569895
0.0712961419 -0.0235283033 0.127351267
0.0720808776 -0.0235725466 0.131009115
0.06646698983741714 -0.021219393442492504 0.1248706233892613
0.0675748263 -0.0214123434 0.127613532
0.0677095292 -0.0213146722 0.13048367
0.06086739656407836 -0.017959040983650205 0.12518644599350545
0.062464632 -0.0174651462 0.128010301
0.0627953388 -0.0162533089 0.131638038
0.0531722424 -1.623353E-9 0.197169467
0.0517552831 0.0 0.197731162
0.05040577637552408 -4.78327233406982E-10 0.1878326706802515
0.04860928469471327 1.941901350371346E-9 0.18818460114500166
0.04989852137124632 -3.1412914148781983E-9 0.18136195543126712
0.047640360006375455 2.4380134227834176E-9 0.18167182552757508
0.050747761256353566 -2.8281018341170643E-9 0.17831956528897228
0.04840003960328473 2.339406843424042E-9 0.17878234471808963
0.051070516457262904 -1.653408751776167E-9 0.17548291740054925
0.04941688302882007 1.9554105074960084E-9 0.17556028172814803
0.0586477532 -5.6097E-11 0.198088062
0.0572356465 -7.577126E-9 0.190599904
0.056204812 -5.933962E-9 0.185014214
0.0570190512 -6.589894E-9 0.182646502
0.0579517604 -1.7287042E-8 0.18030242
0.032592705367557775 3.115613171577991E-5 0.12332250725821928
0.02953194491784163 1.821569883701061E-5 0.1252461949432282
0.033065697520361606 3.1936458256899855E-5 0.12491258296553703
0.029780576117566068 1.2632644756843427E-5 0.12680997009253864
0.0578381025 -0.00792131916 0.180084189
0.05280859399687407 -1.374940432149484E-4 0.11678411925232508
0.04964288156095741 -1.1291613068644608E-6 0.08175878073922864
0.04660011127892782 -1.6850043371414126E-5 0.08397982734866986
0.04683567038810862 -7.513410720041299E-5 0.07915756894877836
0.041208806385721886 2.07458646754511E-6 0.08101781255409318
0.05298460447792194 -8.040939552556988E-6 0.07827083685532
0.05083874434645512 1.9849641570237465E-7 0.07608021375771605
0.0537482723685893 -1.3647519353353261E-5 0.07326438545802369
0.05097765206729308 5.726112666469746E-5 0.07238652156270224
0.05221323520501111 1.081785457213086E-6 0.0685050765859274
0.048775603958999866 -2.1808754092619337E-5 0.06746288183684357
0.05102013959334015 -5.551553351562841E-6 0.06500744464900571
0.04830352689814991 -1.1559185794880345E-6 0.06471722185582864
0.05115278723755236 -3.5150725497309575E-6 0.06303691022118829
0.04822257023966856 -2.7164806345442974E-6 0.06238520251864962
0.05195273374540916 -3.6429513631888307E-6 0.06144084459621917
0.04958110832957061 -1.8888997796483571E-6 0.059419760953271984
0.10629600178690299 -6.528871045486427E-8 0.03355364525040153
0.1041640630298491 -1.1050551285983919E-7 0.031359405360971294
0.09222454843610711 -1.0812303530296177E-7 0.03664883051923427
0.0905333752502269 -7.189731796305017E-7 0.0342682695238461
0.08853865698414536 -6.5048054491798985E-6 0.03744132279373076
0.0874651576450523 -2.8367035083333113E-7 0.03486093636471385
0.08346845533950283 -2.9393023105433587E-7 0.038390907175213936
0.08228036509546281 -2.4120167642843324E-7 0.03582371318205456
0.07723346504089669 -3.401674864740112E-7 0.041101866335478486
0.07648065917881178 -2.2838724386306596E-7 0.03892681956811488
0.07238393215060532 -6.563964028595852E-7 0.04476647406640063
0.07080233647654283 -1.96012934397239E-7 0.04278665603280703
0.06804331284696712 -9.946346024691077E-7 0.047282048957813294
0.06607704550116004 -2.355619848891754E-7 0.045767718179585616
0.0628190076494213 -2.0576621666648688E-6 0.05012611058770292
0.060517211930755876 -4.1445187455823085E-7 0.04765054507212801
0.05984260454789329 -2.78133714733577E-6 0.05209820427974012
0.057223734368639124 -6.305844630090501E-7 0.0491077681257044
0.05764882265111448 -3.7030534388504677E-6 0.054792755517758446
0.05449238127628446 -8.425143129853901E-7 0.051508199475044154
0.055128736409683014 -3.996313927538019E-6 0.05791117261088442
0.05190074795818884 -1.3048354258567885E-6 0.0550438682565653
0.055344812074012595 -1.0442229287668475E-5 0.08708721730806983
0.0529694297815221 -1.6352246479618947E-5 0.08830381704186673
0.05376536568519653 -1.584233609385711E-5 0.08532871101161194
0.050387100430883944 -1.809848958873521E-5 0.08652277202241884
0.058992890710293025 -7.038657601645683E-6 0.08236886932401953
0.06148281923007752 -8.238224966141093E-6 0.07892378377190397
0.06259369758388386 -4.910545249198749E-6 0.07387543465668873
0.062055641868413385 -5.814529654380958E-6 0.06916837128587071
0.0617025608 -4.68462592E-6 0.0668684849
0.0616575562 -5.05620528E-6 0.0640134185
0.0619446963 -5.08794924E-6 0.0612566432
0.0625025299 -4.80930132E-6 0.0593009251
0.0645970467 -4.12965982E-6 0.0574517725
0.0672416984 -3.03147505E-6 0.054858997
0.0733044472 -1.6117856E-6 0.0556015284
0.0834666812 -7.39692758E-7 0.0570383795
0.0870970342 -4.4330674E-7 0.0570526755
0.0912001434 -2.88723847E-7 0.0566109755
0.0954233415 -1.72989524E-7 0.0563655928
0.102054806 -1.16999231E-7 0.0555171937
0.112652911 2.5513513E-8 0.0375692056
0.115259423478403 -0.04253135013903166 0.04044067582394234
0.11821080573228325 -0.04696491212267067 0.043495442065517836
0.11757431479218884 -0.04141571591767827 0.04102074583411061
0.12055803837742457 -0.045468238015768686 0.04392404029901978
0.122886892 -0.0386534398 0.0448943084
0.12426687 -0.0423677781 0.0459908709
0.12429137778401289 -0.05395058177994798 0.05066266876592417
0.12605622454384957 -0.05256135253880292 0.05046761084921802
0.128852453 -0.0487250629 0.0513156212
0.09349860797819012 -2.2083395078488824E-7 0.0335132389644242
0.09898539604653676 -1.5994790721642796E-7 0.03241444144137572
0.09396670747959511 -0.002781402072938514 0.03324518079782437
0.0992108441044862 -0.00277866184015473 0.032276650130262194
0.09437077809911494 -0.006358633241955084 0.033996919043263935
0.0995846727846987 -0.006302660505346024 0.0336216135127448
0.09565562462223666 -0.010786301346398222 0.03465975130063912
0.10033287303336963 -0.010315270356488637 0.033578060994726086
0.09704141998571827 -0.01634672844238537 0.034431130554183384
0.09974963996773072 -0.015287694819480899 0.03310859543869725
0.0996772487315228 -0.023914318638842323 0.03615645668153882
0.10229498132466086 -0.022870711645133355 0.03376066145687912
0.1026211090551378 -0.030223821549251795 0.038806216403068715
0.10565933337226077 -0.030828746447475852 0.03586500507998261
0.10806977475215775 -0.038057203826372 0.04324642818963378
0.11052313966587658 -0.0374548816886018 0.040923993224835496
0.11170932466905413 -0.04214364072094307 0.04734513737414493
0.11379219923246464 -0.042149766772365496 0.04447755610499263
0.11447132842424174 -0.04637146530244503 0.05053906491745048
0.11655316276256668 -0.04655063907243071 0.04749549069087423
0.11671233429175247 -0.05062908550712689 0.053492062629774344
0.11891017300946746 -0.05092227419114317 0.05046330395802751
0.11915331161518608 -0.05395739450712916 0.05670549264772591
0.12179219978586009 -0.053762930412109826 0.054071951840801616
0.12202677783527466 -0.05638470076444018 0.06036236092093099
0.12470373217994501 -0.05669822457660304 0.05757305234213084
0.09621745476763395 -1.648029663601582E-7 0.03584325539586187
0.09950595502747754 -3.0750623536851956E-7 0.034619739548452245
0.09624584945186432 -0.002639225224322341 0.035654815857281585
0.09963710171372737 -0.0027713131011618207 0.034724602355183744
0.09720028518150738 -0.006678281534862287 0.03634385905797448
0.09991429121461497 -0.0063546856682457605 0.03531460058004861
0.09801529709908163 -0.010964341969035165 0.03665409231014151
0.10076754614724034 -0.010116898407106932 0.035071555820394645
0.10044193998599683 -0.015780490806742598 0.038632856923484546
0.10267058092054279 -0.01594357049302613 0.03507494716207282
0.10353465518748012 -0.021136540482937373 0.04096477677609906
0.10476235071517565 -0.022051541022119005 0.0364042111613035
0.10743669122686007 -0.029345089374046066 0.043848010437336424
0.10845170020378174 -0.02948518273944029 0.03935560214209031
0.11143806204853494 -0.03526319452304484 0.04759983429330291
0.11336030536650217 -0.03575660233260775 0.043722280808564454
0.11404540197965216 -0.04004600093865235 0.050408590294109594
0.1160198431117122 -0.04069587712985961 0.04655706607696845
0.11610198643800909 -0.044251618147452834 0.05282342598226464
0.11838508481046682 -0.044939561026619466 0.0491185877983735
0.11812780265674996 -0.04828085210249878 0.055474798873964976
0.12056725548099799 -0.04905406201360956 0.0518702136749269
0.12033796853592026 -0.051469128525496885 0.05844563049063033
0.1229553359263365 -0.05228416081325266 0.05508089847549185
0.12258454216849089 -0.053859078123399094 0.061517353818760744
0.12559201253431024 -0.054715129254253154 0.05824397629199642
0.105958335 5.9579175E-8 0.0470844145
0.109191123 4.1301489E-8 0.0405487362
0.105743235 -0.00230689407 0.0470253232
0.10897305 -0.0026727774 0.040560533
0.107073206 -0.00552777813 0.0479575538
0.109432423 -0.00597031345 0.0409335209
0.108174672 -0.00899258091 0.0491962784
0.110170105 -0.00971409422 0.0415570099
0.110128785 -0.0128519974 0.0507351912
0.111525167 -0.0137235618 0.0426103334
0.112389094 -0.0177496814 0.0522907639
0.114108545 -0.0192325711 0.0446056453
0.1148907 -0.0226104901 0.0545562737
0.116460468 -0.0251922813 0.0463775886
0.11747231 -0.0284927044 0.0568402497
0.11900673 -0.0310244666 0.048930683
0.118802752 -0.0325646585 0.0584059092
0.120477965 -0.0359322245 0.0505507018
0.120122151 -0.0359566497 0.0605788107
0.12218819 -0.0395478705 0.0527726702
0.121235802 -0.0392553947 0.0625546032
0.123754912 -0.0432152983 0.054813946
0.122780034 -0.0410589455 0.0657720854
0.125689298 -0.0455282141 0.0579198214
0.124424494 -0.0426204985 0.0685306247
0.127595428 -0.0470215265 0.0614489692
0.118363712 2.5936935E-8 0.0345277809
0.119367331 -0.00300727299 0.0346781832
0.115944571 -0.00317995443 0.0315857036
0.115489031 1.7134496E-8 0.0314039498
0.119370503 -0.00610101569 0.0350615752
0.116207019 -0.00632586016 0.0317838769
0.119384012 -0.0100559729 0.0354468482
0.116605776 -0.00986384949 0.0321663879
0.119411135 -0.0140286987 0.0353548588
0.117367682 -0.0142348289 0.03192039
0.119428281 -0.0188711312 0.0356959019
0.115354423 -0.0205152101 0.0329031074
0.119435723 -0.025353727 0.0367543099
0.115882927 -0.0268485443 0.0334074397
0.122172361 -0.0340496179 0.03599897
0.11974781 -0.0342289902 0.0328576414
0.123966366 -0.0403809577 0.0371003673
0.120042458 -0.0422244641 0.0351293862
0.126248052 -0.0445287206 0.037730719
0.122686261 -0.0468957623 0.037149299
0.129705224 -0.0480970779 0.0411620682
0.126152429 -0.0508137001 0.0407821855
0.132395629 -0.0509558764 0.044764165
0.129707148 -0.0534278832 0.0443949106
0.134496714 -0.0545350602 0.0483928336
0.132405266 -0.0571974627 0.0485128745
0.113597152 -0.00278265134 0.0293792436
0.112611352 0.0 0.0293758826
0.113959612 -0.00637593903 0.0300384986
0.113734384 -0.0101419696 0.0307844
0.115552552 -0.0145419531 0.0304086012
0.114587398 -0.0207058653 0.0314680527
0.114581105 -0.0276070737 0.0319095583
0.118782467 -0.0346697955 0.0316534231
0.118687907 -0.043441148 0.0340610432
0.120615186 -0.048200758 0.0370789055
0.124093416 -0.0522756072 0.0406944559
0.128193455 -0.0548779758 0.0445161117
0.13134025 -0.0582227805 0.0487778548
0.12489900300607651 -0.055912112761399756 0.06473867601149988
0.12424475103865147 -0.058656120113595375 0.0640097836878739
0.12826078467678048 -0.05663540675592235 0.06178228846685034
0.1275545177389389 -0.058489565964709805 0.06150373498989214
0.13160024813058682 -0.05756703392686118 0.05833226826375189
0.1307124249520427 -0.05889571464198266 0.05873022408682511
0.135075785 -0.0602551454 0.0530319006
0.134291051 -0.0612488223 0.0534814972
0.125575698 -0.0435445408 0.0713319697
0.129333375 -0.0482885699 0.0640944146
0.132967594 -0.0527895833 0.0584334074
0.136551319 -0.0567555478 0.0525654802
0.12640317570963763 -0.05748844956010434 0.06896560053616695
0.12611083572484938 -0.06097615482080238 0.06798698030061485
0.1302805226597119 -0.05870878554440615 0.06561880718852668
0.12994819484767073 -0.06128329271487435 0.06553308520874425
0.13432884999595748 -0.05976978273210539 0.062221718192646616
0.13329597839736076 -0.06176684473812117 0.0629673886973058
0.138415191 -0.0621111072 0.0577418616
0.137559537 -0.0634949234 0.0583125408
0.127080587 -0.043633102 0.0730549753
0.131417539 -0.0481590133 0.0680562954
0.135113429 -0.0532522594 0.0629423673
0.139353328 -0.0578543733 0.0577399528
0.12820845272901518 -0.0591839126128962 0.07328144940099891
0.12787822352432157 -0.06319848579090528 0.07236420994787911
0.1324511484480172 -0.06039034357693333 0.07034500828671073
0.1319366131857833 -0.06361144836443322 0.06989528891948736
0.1367050489388108 -0.061388701442539315 0.06722544567291495
0.13583373611169983 -0.06390207269109384 0.06748216317364121
0.141393529 -0.0631586869 0.0631771163
0.140614368 -0.065099051 0.0637024813
0.129141306 -0.044276707 0.0743452524
0.133103614 -0.0475693921 0.0723629978
0.137448853 -0.051707834 0.0679543951
0.141904364 -0.057015525 0.0636346337
0.13076122032244653 -0.061644077388131616 0.07993457748550728
0.13060904817585148 -0.06634607230036987 0.07851207127275363
0.13543828549745632 -0.06174374433069609 0.07782495587957418
0.135299940173639 -0.06573070005975176 0.07702114133774197
0.14007484340460122 -0.062302614426546346 0.07581245718528827
0.14014285415812328 -0.06545357339137531 0.07499413916992884
0.145866625 -0.0638057365 0.073194897
0.145309818 -0.0660948299 0.0727077122
0.13096995 -0.0472845994 0.0840662325
0.135319048 -0.0477572413 0.0805634771
0.13944258 -0.0500971347 0.0791176299
0.145854128 -0.0541980621 0.0749891556
0.13393919009310892 -0.06311483691598051 0.0883402692579784
0.1341218578882552 -0.06870368517119975 0.08726521491185774
0.133953182 -0.0475937446 0.0931283373
0.138067336 -0.0491039583 0.102944686
0.13778503204809844 -0.0643319776252924 0.09889507518081916
0.1379476087606849 -0.06941917335913159 0.0978232078002004
0.14157149895247706 -0.06594778734311177 0.11389885675599176
0.14169450731377328 -0.07100876513802928 0.1133241636676319
0.142336836 -0.0524789519 0.117017493
0.14449964765886383 -0.06789842276831881 0.1270471070364857
0.1447196559753281 -0.07080408042424226 0.1257421197540544
0.146324115 -0.0550318547 0.129942463
0.1390111162680584 -0.062175294516294256 0.08628395660204663
0.13914684867884541 -0.06719208943837632 0.08561603807003727
0.138508596 -0.0477145175 0.0896890896
0.142100985 -0.0487768488 0.0995484621
0.14294710821960627 -0.06357267472447273 0.09625128118778963
0.14298611114097293 -0.06876197041563774 0.09579727047163585
0.14727363798475443 -0.06511298718205696 0.1121833466410314
0.1482686391533689 -0.07021094149996046 0.11021937705220641
0.147061814 -0.0523186606 0.115695086
0.1502923728735654 -0.06738461129779723 0.12547039919734568
0.15002764086838866 -0.07093023591941779 0.12459963882463891
0.150390177 -0.0543588682 0.129401966
0.14398895358911876 -0.0633406118805302 0.08400193333051369
0.14429354695959834 -0.06726461917730159 0.08340082965857179
0.1426223 -0.0484723594 0.0879947144
0.14773772229812684 -0.06469941465719135 0.09366682372832003
0.14821765091430167 -0.06913191967287904 0.0935142084819287
0.144842576 -0.049582187 0.0968319918
0.15233599613527216 -0.06683564497703227 0.11038228942796884
0.1522906537521625 -0.07097333968494689 0.10960333961895011
0.151569572 -0.0519004459 0.112464648
0.15558671947542815 -0.06797002414772978 0.12383321835754481
0.15536435101156168 -0.07258240436582049 0.12318691615188707
0.155738023 -0.0537560827 0.127390303
0.149514103 -0.0650704864 0.0815510668
0.149415567 -0.0671983758 0.0810527882
0.147854028 -0.0523678271 0.0843606642
0.153295283 -0.0660555234 0.0909935322
0.153530337 -0.0691773376 0.0912930045
0.151071187 -0.0509107582 0.0936363179
0.157968489 -0.0681337526 0.108524893
0.157657691 -0.0715452191 0.107954502
0.156186745 -0.0529612252 0.109673727
0.161023721 -0.0690967878 0.122198343
0.161102904 -0.0731653287 0.121797161
0.160533125 -0.0540367542 0.125418774
0.14669334804460493 -0.06627326151600346 0.13822192264549654
0.14694700362203333 -0.06905745656450335 0.13725376658289173
0.146758431 -0.0563564699 0.141649332
0.15272931334871417 -0.06855416137481186 0.13689942869351865
0.1517607851082084 -0.07221594168084851 0.13553045545028394
0.153380024 -0.0558241234 0.140446244
0.1586405515351578 -0.07125125747876128 0.13556340963561062
0.15822147516092003 -0.0747354495452497 0.134621425408076
0.158572444 -0.0554410982 0.13938176
0.164213779 -0.0710959846 0.134409827
0.164141724 -0.0751769919 0.133451624
0.164398469 -0.0552610815 0.138183793
0.14932922401556165 -0.0670074834294551 0.14841346920544016
0.14858149338933374 -0.07150182571620313 0.14827067201577565
0.149227604 -0.0580235448 0.151546417
0.1553073833193858 -0.070400969377458 0.1479240349594147
0.15521994540754522 -0.07522716915900929 0.14653226740088252
0.156301816 -0.0573594191 0.151377572
0.16136006359328864 -0.07511683578710261 0.1468320446192724
0.1610378582324126 -0.07776998002642097 0.1455291578775181
0.161777357 -0.056828307 0.151224044
0.167029919 -0.072105553 0.146297155
0.166983625 -0.076192436 0.144963
0.166945292 -0.0563791423 0.150839566
0.15205973736033176 -0.0682766646303371 0.1588347999664398
0.15207489258957838 -0.07155003892122239 0.1582356248347768
0.152005184 -0.0592101318 0.161591775
0.1573903698239987 -0.07315784433281516 0.15799465729777262
0.15674964210082323 -0.07805478099582852 0.15678455226432306
0.158990715 -0.0585202036 0.161615767
0.16328526788870698 -0.07630588368617142 0.15727379988646356
0.16285134357894704 -0.07936243718048029 0.15619933000344033
0.164465317 -0.0578331636 0.16180955
0.169433824 -0.0731795381 0.156953383
0.169398203 -0.077747869 0.155696205
0.169530764 -0.0570048046 0.161876285
0.1546025943597848 -0.06989966470510749 0.16869672096705277
0.15434581890205384 -0.07283875075468191 0.16809484996017326
0.154475439 -0.0620288123 0.170744026
0.15950395901824516 -0.07222650866198965 0.16783136801919957
0.15924062244429021 -0.07541008324522702 0.16720579565740165
0.160953167 -0.0625799714 0.171118851
0.16545974920611753 -0.07539129092675051 0.16698121638160543
0.16510052272172537 -0.07944908812718009 0.16580280546180162
0.167248951 -0.0632056288 0.171013546
0.171923135 -0.0748817387 0.167197172
0.171873162 -0.0791049772 0.166195767
0.172582466 -0.0627730172 0.17148351
0.15597711736881942 -0.07331702888720275 0.17789629178321334
0.1559594716786902 -0.07571508195975356 0.177291956346684
0.156402928 -0.0648116736 0.180506646
0.1605550486218358 -0.07518499982606697 0.1771518596529027
0.16029197698898573 -0.07757115426478499 0.17650321163932312
0.162383056 -0.0654263032 0.18064119
0.16738108641526597 -0.07665527142051651 0.17683039340372642
0.16829525389208697 -0.08021147530815467 0.17544254128673903
0.169958904 -0.0655076217 0.181180063
0.174210479 -0.0769171907 0.177251119
0.174290842 -0.0821237617 0.175987814
0.174840213 -0.0653027549 0.181062613
0.159782765 -0.0731698338 0.198132315
0.160024334 -0.0747306973 0.197874008
0.159212265 -0.0655791238 0.202316158
0.164813598 -0.0737497979 0.19811897
0.165350997 -0.0771607376 0.198033262
0.164593166 -0.0650324045 0.202659013
0.170782222 -0.0772224816 0.197570728
0.170485807 -0.0819940233 0.196069175
0.171298707 -0.0655027858 0.202278932
0.176859304 -0.079008421 0.196889321
0.176909034 -0.0843347337 0.195442794
0.176636295 -0.0648666077 0.201737672
0.05713457586751258 -0.010115581191477544 0.12133519563830625
0.05553550802274511 -0.007255378247851379 0.12165777356423135
0.05553504169500582 -0.004689054879191407 0.12112910985598024
0.05465986679325102 -0.003118043555100186 0.12045410745351402
0.05466449568540977 -0.0014158805322995794 0.12083716462105848
0.05438770025351473 -6.177285904570156E-6 0.1210932594769425
0.05797291283091547 -0.012881325251450974 0.12155767029142468
0.059916062369483 -0.015573669802387157 0.1254720842237825
0.05871771673808934 -0.014180611822117635 0.12539638670871547
0.057995611734571684 -0.012277185838010867 0.12473226779342525
0.057228808511325675 -0.01135166062225315 0.12438397576869555
0.055557656446031015 -0.009698605581565772 0.12391732840418075
0.0625079682 -0.0251313994 0.19658412
0.0619342832 -0.0287933189 0.190036476
0.0649316206 -0.0305371398 0.195860644
0.0678279432 -0.0344490857 0.195304827
0.0698470185 -0.0388706162 0.195147991
0.0667084347 -0.0397965932 0.181576611
0.06701887 -0.040748668 0.183228157
0.0681646236 -0.0410045037 0.184816174
0.0701916446 -0.0413027814 0.189139072
0.068523219 -0.0433513214 0.181288761
0.0737545617 -0.045258505 0.189368598
0.071946315 -0.0452499021 0.185146683
0.0698514325 -0.0445438419 0.182798836
0.0719830665 -0.0468339872 0.18100988
0.0719794034 -0.042446511 0.195344322
0.0755606459 -0.0446918626 0.195591171
0.079660419 -0.0464276367 0.196019957
0.0839070617 -0.0478763691 0.196599053
0.0885076402 -0.0488356865 0.197099373
0.0932478583 -0.0496731656 0.197471542
0.07753716 -0.0477965993 0.188770685
0.081496161 -0.0482220959 0.187376637
0.0858040939 -0.0473082052 0.185891721
0.0908343674 -0.0473462078 0.184569643
0.0756537788 -0.0480062604 0.184463471
0.0806118697 -0.0483651347 0.182209083
0.084799525 -0.0476887938 0.179927915
0.0897618148 -0.0473034235 0.17809862
0.0738897878 -0.0474723869 0.182449173
0.0792681894 -0.0488812204 0.176724642
0.0801478421 -0.0486911121 0.17951483
0.0759599756 -0.0475571981 0.16842579
0.0754524653 -0.0479440698 0.170528729
0.0767072563 -0.0479192946 0.171348248
0.079523399 -0.0471331007 0.172054637
0.0887956078 -0.0490362628 0.170235895
0.0824839249 -0.0481327408 0.174202163
0.0841503108 -0.0483518206 0.177108942
0.0844784424 -0.0493449928 0.169213207
0.0869884633 -0.0506916181 0.169451504
0.0846294751 -0.0513376906 0.164188585
0.0869536262 -0.0522744579 0.162450399
0.0827924074 -0.052255559 0.157675147
0.0847175092 -0.0520075962 0.154907411
0.0809881488 -0.0498760729 0.153136937
0.0835614469 -0.0488488728 0.149904102
0.0764564593 -0.046463778 0.147730852
0.0769990288 -0.0475379147 0.144285472
0.0659386976 -0.0208616816 0.139854056
0.0668385886 -0.0204647357 0.136964523
0.0697064105 -0.0250326839 0.139415803
0.070593257 -0.024744853 0.13677078
0.0719164373 -0.0311174256 0.136847187
0.0719143353 -0.0382213672 0.137609526
0.0728818192 -0.0442594045 0.139938373
0.0720684656 -0.0308622247 0.139244182
0.0722247738 -0.0375419651 0.139660008
0.0731408504 -0.0429508756 0.142519624
0.0506057252 -0.00658007439 0.160309292
0.0542589179 -0.00857758568 0.159326479
0.0590209585 -0.0102749312 0.158992104
0.0612228562 -0.01123916 0.156370961
0.0586666694 -0.00814871792 0.162595248
0.0622858191 -0.0103719457 0.161180478
0.0596308304 -0.00731083387 0.164836689
0.0627736379 -0.00876261589 0.164610618
0.0674682976 -0.0105082665 0.164097923
0.0674833352 -0.0105408877 0.165347617
0.0676464496 -0.0107920002 0.1665943
0.0679842105 -0.0112654313 0.167932769
0.0647352217 -0.00911425074 0.165407973
0.0647900248 -0.00881994171 0.166665511
0.0650885513 -0.0091189229 0.168006295
0.0655519546 -0.00980246674 0.169656911
0.0621740809 -0.0071774801 0.166180099
0.06165846 -0.00654377847 0.167945642
0.0615129995 -0.00695848144 0.170061864
0.0621159048 -0.00811841171 0.172690366
0.0598340579 -0.00625221082 0.166709058
0.0597373373 -0.00610069968 0.168716527
0.0597911287 -0.00673398804 0.171026325
0.0601673244 -0.00796588532 0.17361576
0.06191128361046826 -0.02753648051505582 0.1500405386962829
0.062477700960842736 -0.025472645634912992 0.15066378135482275
0.06259528162165508 -0.02345963106508146 0.15135903618381352
0.0632492456172823 -0.021441167867520504 0.15232191308273307
0.06170064058589958 -0.028114763491945374 0.14995549132584038
0.06159979885193163 -0.026355659109245675 0.1505982642136992
0.06159971300688345 -0.024343682599962987 0.15142410552742572
0.06175668714506428 -0.022230685463827966 0.15257391029629583
0.0701048858 -0.0154461416 0.154218054
0.0700069939 -0.0173858559 0.152981764
0.0696837954 -0.0194042137 0.151897314
0.0693276153 -0.0214781755 0.150998528
0.0665810724 -0.0157584315 0.154147045
0.0658755628 -0.0169735286 0.151771342
0.0656932715 -0.0185349734 0.149601268
0.0659470091 -0.0205588983 0.147839661
0.0647786641 -0.0149836827 0.154519157
0.0635225864 -0.0159959388 0.15119156
0.0638572229 -0.0173303735 0.148391735
0.0645910339 -0.0197274408 0.146347148
0.0622820552 -0.0119795606 0.152327116
0.0606045702 -0.0136104358 0.148799848
0.0611066436 -0.0156890632 0.146118266
0.0624013311 -0.0178903813 0.143883922
0.0624209505 -0.0162901118 0.141174201
0.0622005588 -0.0158287416 0.138175723
0.0604358523 -0.0138981499 0.128384269
0.0616699134 -0.0116722217 0.133415638
0.0611935787 -0.0132274284 0.130508464
0.0570089117 -0.0112575551 0.149625886
0.0605084854 -0.0111219263 0.137728874
0.0607881409 -0.0135130364 0.143450654
0.0605748443 -0.0118933336 0.140234545
0.0588674285 -0.0116684034 0.142828988
0.0593112663 -0.0125549104 0.146193521
0.0550883122 -0.0106929951 0.150559541
0.0497990413 -0.00916210318 0.151989979
0.046423575 -0.00766351656 0.153983029
0.0440626883 -0.00623734098 0.155983906
0.0420781988 -0.00323123723 0.157430727
0.0412334655 -0.00142250714 0.157727022
0.0412282639 -4.744024E-9 0.157721288
0.0541373872 -0.0111581113 0.143589603
0.0373274108 -5.79568189E-4 0.154023384
0.0496260919 -0.0103060234 0.145300714
0.0456919971 -0.00828431288 0.147647842
0.0421857508 -0.00696978792 0.150009759
0.039674654 -0.00524209299 0.152307206
0.0380464062 -0.00178409042 0.153534925
0.0373253034 -6.393954E-9 0.154025219
0.0566075316 -0.0112647177 0.138812052
0.0507541859 -0.0112065998 0.140112954
0.0460578315 -0.00952709949 0.142192145
0.0419692223 -0.00825051501 0.145360674
0.0385694689 -0.00656463611 0.147969354
0.0366714122 -0.00448508541 0.150099954
0.0354905986 -0.00135164777 0.15121283
0.0351759411 -3.20725484E-4 0.151486069
0.0351755152 -7.23912E-9 0.151485884
0.0601540356 -0.011554677 0.131992502
0.0557291719 -0.0121016936 0.13537282
0.0492688364 -0.0136985931 0.136903935
0.0454221612 -0.0122826128 0.138336928
0.0420447861 -0.0109187254 0.141327048
0.0386712746 -0.00941549483 0.144002876
0.0359307854 -0.00626472581 0.145904107
0.034140248 -0.00377069343 0.147340105
0.0331600221 -0.00123931526 0.148497647
0.0329160488 -5.38240946E-4 0.148604846
0.0329186597 -7.360644E-9 0.148602139
0.0577127247 -0.0128592829 0.130561891
0.0513775612 -0.0144479783 0.133651006
0.0420655838 -0.0135406462 0.138438574
0.03764975 -0.0111786817 0.141039772
0.0458200404 -0.0136893856 0.135221102
0.0355011776 -0.00899579538 0.143286746
0.0330902261 -0.00606012695 0.14411449
0.0315719187 -0.00339134592 0.145088792
0.0306234811 -0.00130184297 0.145736757
0.0304198165 -5.5483891E-4 0.145913917
0.0304212391 -3.269929E-9 0.145909253
0.0560659458 -0.0147804778 0.12756124
0.0502958719 -0.0167648817 0.128558128
0.0480552332 -0.0158500909 0.131670138
0.0437298724 -0.0149256631 0.134426073
0.0402226089 -0.0139867017 0.138367089
0.0352435222 -0.0120097483 0.140247233
0.0401265214 -0.0128304235 0.137378642
0.0334836228 -0.00950774607 0.141738496
0.035224667 -0.011849493 0.139965086
0.0355032367 -0.0114544437 0.13900975
0.0312130608 -0.00593550037 0.141855166
0.0298093143 -0.00323707059 0.142285381
0.0288559702 -0.00125160354 0.142846266
0.0284723782 -5.69622967E-4 0.143156992
0.0284732757 -2.9013E-10 0.143153702
0.03219135 -0.00913675287 0.139618759
0.0301011804 -0.00547113111 0.139170704
0.0293753999 -0.00402966823 0.139245874
0.0300858314 -0.00385150321 0.136666358
0.0314103421 -0.00639643853 0.137263966
0.033383838 -0.00942410783 0.138389316
0.0283948599 -0.002021217 0.139474553
0.029041505 -0.00183467846 0.136623513
0.0276208671 -5.57861654E-4 0.13981451
0.0276207161 1.4037762E-8 0.139809252
0.0281928812 -3.73026457E-4 0.136836315
0.0281919644 3.640996E-8 0.136832215
0.0309832158 1.55059214E-7 0.133799109
0.03574193 3.44376472E-7 0.131459481
0.0452267669 3.40548746E-7 0.127844603
0.05056992871246247 -8.742319069477528E-6 0.12525446507019958
0.0309850558 -3.3772853E-4 0.133805098
0.0357484424 -4.92826775E-4 0.131472381
0.0454334683 -9.0306936E-4 0.127944049
0.05079175922648832 -0.0012190047833481072 0.12551710498856386
0.0318464708 -0.00185623036 0.133700129
0.0366138324 -0.00208965091 0.131478977
0.0461715671 -0.00283497894 0.128009428
0.051611637173369064 -0.002704435237223115 0.12569752247717503
0.0328559253 -0.00383930018 0.133943529
0.0374234579 -0.00396426412 0.131553882
0.0465693427 -0.00505989214 0.12786795
0.052431829441601116 -0.004050668802360852 0.12543311554153136
0.0499809333 -0.014541473 0.126896674
0.0478336918 -0.0158547972 0.128518781
0.052344262 -0.0154424482 0.127005089
0.0501839575 -0.0165252018 0.128350647
0.0466184348 -0.01648009 0.129723935
0.0395280389 -0.0124428941 0.136864917
0.0426207395 -0.0144599525 0.133685479
0.0402852873 -0.0114260523 0.134567281
0.043146797 -0.0126482402 0.132315517
0.0343512961 -0.00641179925 0.135028097
0.0360578239 -0.00886618458 0.136603475
0.0377466007 -0.0109746835 0.13752135
0.038111175 -0.00599828484 0.132217003
0.0385731289 -0.00810249901 0.133493247
0.0391566422 -0.0101231933 0.134687079
0.042204433495370945 -4.263934941980561E-6 0.10258247314016453
0.042215643053445245 -9.045286507105186E-4 0.1025256807955555
0.04470976790654753 -9.933816453047359E-4 0.10587539657783786
0.0447593957180324 -7.14285465818372E-5 0.1059345039273803
0.04242117769587565 -0.0018303442627095612 0.10254646655033374
0.04478151191106684 -0.002338797902503659 0.10575585217382752
0.04285066194240942 -0.0038583539510983135 0.10240861266193192
0.044968551582563326 -0.004094964568765996 0.10550644153146393
0.0432246043088014 -0.0059206173237101025 0.1025516870185961
0.0453208325223142 -0.006403572918790073 0.1054111443442667
0.04422069267890464 -0.008734815068354999 0.10266483838856642
0.046305584929784614 -0.00946757921351377 0.10570308371806436
0.04630244270159389 -0.011168013514765209 0.10327190114652138
0.047490354093790994 -0.011957764178310775 0.10562589621691185
0.04710468606570959 -0.013708535192708326 0.10281044302778221
0.04871025311527969 -0.015073025807078123 0.10498562510162097
0.04866548808293587 -0.015599268037962966 0.10271405936800204
0.050246429295440924 -0.01682524459287418 0.10483302925792118
0.049966034234307274 -0.016855804221148966 0.1025709526535339
0.050991636802389786 -0.017953693461961743 0.10445119543954517
0.051111959585303124 -0.01809487525736968 0.1021427704406008
0.052288852578504165 -0.019038553185348746 0.10400826982039672
0.051966335783811476 -0.018615876544602086 0.10160938011925658
0.05317421126309025 -0.01966322527694682 0.1034101478585416
0.05243069353327298 -0.019585003481200135 0.1008064669515136
0.054231180448359916 -0.02050624872829354 0.10267587229869757
0.05591023818788793 -0.01997714071452209 0.10111874965074304
0.05654610671983299 -0.02125923793855559 0.10273299737399177
0.058453101376724506 -0.020920727730883736 0.10156912741595202
0.05636420066814792 -0.01915865135900586 0.09968168766216648
0.05993927270556888 -0.020307532316075787 0.09951623724456252
0.05816270025004193 -0.018183293985602523 0.0991028134587575
0.06565908706110227 -0.02370154058026501 0.09485284706684685
0.062064725580308566 -0.020322862064160892 0.09605373170190888
0.06073598900775782 -0.020349042329710743 0.0925688589904937
0.0653530812613655 -0.023645293300531608 0.09134991033319714
0.06003747008188703 -0.01968137323741392 0.09066840302440764
0.06529855334906925 -0.022598486802435307 0.08868792047166399
0.05972930816876056 -0.018477339332712613 0.0889133952503957
0.06500547852163444 -0.021214507593731675 0.08680595185456567
0.05955210255388145 -0.016797483723843026 0.08724995470666841
0.06464407025502049 -0.01996025174867127 0.08484305736492366
0.05933225568534908 -0.014884691624708435 0.0857502831938616
0.06412784808386207 -0.018214941040801347 0.08316129013313504
0.05935114022940881 -0.012880007630303513 0.08440733746672817
0.06368122365738065 -0.016072349972902862 0.0813897121617172
0.059471913933520734 -0.01090523381104974 0.08328555421702423
0.06274312062419182 -0.013435621131385007 0.07968806617305117
0.05967658352944329 -0.008566456407141225 0.0826309247875619
0.06167195657257456 -0.01027556097421011 0.07834747690569067
0.05825715293777152 -0.006256829256568184 0.08248257243672094
0.06006297959426345 -0.006941042757488851 0.07814309923213683
0.057255968383567994 -0.003631297486416692 0.08196594855622252
0.059353645169703755 -0.003647465552024072 0.07702917173404349
0.057420468530240173 -0.0020568919024938613 0.08172550664181552
0.05928076411981841 -0.0021169515491466133 0.07685161605654436
0.05739650687676575 -8.439013390555176E-6 0.08177239296984071
0.05929446334586223 -2.47030059712209E-6 0.07682721940271386
0.06317075193073386 -0.023576960281598232 0.09961469296039088
0.05866242836339547 -0.0022898432330091425 0.07167572805414348
0.05864749727302898 -7.163322036015579E-6 0.07169701136970742
0.05932057237430844 -0.003928859506514811 0.07277135635287478
0.060563273307778595 -0.007926932112962396 0.07320519726251405
0.06258693209552628 -0.011525790797520967 0.07337754041157486
0.06421017459091703 -0.01459180787073674 0.07434933707779784
0.06556604098725353 -0.017464311675559913 0.07544793729705733
0.0667880943559342 -0.020255192930278432 0.07653337425683082
0.06760818119876677 -0.022487802277821288 0.07858928693181083
0.06800385880657152 -0.02460537828057377 0.08096856361907309
0.06817414430424584 -0.02576417777833824 0.0833813518243624
0.06852366477323764 -0.027365048121760223 0.08642110304286221
0.06942634115527306 -0.02850496384687829 0.09182299530512274
0.06750848943495596 -0.02778089587872462 0.0976451358390249
0.06584448276428813 -0.02784508060126145 0.10324092206690622
0.06072246503566246 -0.025418292855257298 0.1042585961375604
0.05742267572523692 -0.025432785261240952 0.10409616402647347
0.05556049716153298 -0.024792274666080014 0.10467564458420017
0.05668286954292206 -0.022500972525705158 0.1078065213631322
0.05510351553830062 -0.02078213819771779 0.10926958678266314
0.0530986737089268 -0.01914053562624882 0.11040771263883672
0.05083768356912506 -0.017186368583955513 0.11037297283634087
0.04944965820826614 -0.014167717768749819 0.11072164254008059
0.047926940309541755 -0.010380770101873953 0.11036210015726819
0.047000897537093474 -0.008023462545817598 0.11028454143035869
0.04678646271198237 -0.0046833541063753875 0.10962228074168578
0.04651204537116882 -0.002931564421050808 0.10945896961685271
0.046529138618087454 -0.001443391712487686 0.1097125185323465
0.046484546056126445 -2.8622832476980054E-4 0.10975449514679868
0.05770730629265524 -0.0024280567159557682 0.06765131519494501
0.05732755999736083 -5.2007631305252995E-6 0.06776336015028424
0.05911036539290406 -0.005182839013205625 0.0675661759674013
0.060936579951661816 -0.008304541107363115 0.06828839671246856
0.06287778168799671 -0.011667052939524348 0.06898203283649333
0.06509412486061039 -0.014909619092436717 0.06978845191133147
0.06654302513239274 -0.018135711100902462 0.07062982571024903
0.06940245194470429 -0.02198984598484349 0.0722057115736233
0.07071609017344342 -0.02420100482007373 0.07732910638673192
0.07142087025010785 -0.027572140350888424 0.08474664323000443
0.06591047967263229 -0.032511548798992124 0.10579967132534406
0.06327649302319158 -0.031002521949810066 0.10634433078715626
0.06156971619249108 -0.028224901132898567 0.10828995736088042
0.05994466522149332 -0.026137127703674382 0.11039662319241988
0.05858643314252591 -0.02492377222575127 0.11222335566315161
0.05687324916398505 -0.024110658874959244 0.11363812424370408
0.05472744822660383 -0.02262443093636315 0.11481779897350516
0.05242621610936903 -0.020148516907071166 0.11556460214514432
0.050826314537327826 -0.016962687589822063 0.11629964042980907
0.05018300797677216 -0.013176681115775484 0.11648667585622498
0.04875234057286232 -0.009849990036210579 0.11685060107137665
0.047915166359910465 -0.007220274824967562 0.1166669996286508
0.047448218855561955 -0.003615528941665643 0.11596592928101111
0.04738010428845612 -0.00138180594266669 0.11625269054331216
0.047417602171304564 1.8263265096175128E-4 0.11640636207683762
0.05763297437584293 -0.0026120306238759023 0.06435588885528624
0.0568695688586943 -6.0139556793824195E-6 0.06457302839910704
0.058206731078806896 -0.005334233081144304 0.0644975345210716
0.06062307170621042 -0.00832030810065506 0.06522562867692785
0.06312000123448654 -0.011185706492645196 0.06601625548926039
0.06537650505109972 -0.014472131317412545 0.06670578318109852
0.0676790357934093 -0.018583402208387223 0.06724801532703321
0.058407977859092935 -0.002706585429017687 0.062346788084215836
0.057251330064211806 -6.080052012568226E-6 0.06260698952422616
0.05842566177152759 -0.005363154699843601 0.06211670429001181
0.061025407858703834 -0.008047014371946394 0.06240252882278727
0.06307195939962594 -0.01086177971693332 0.06279829383919869
0.06571385884648548 -0.01420103819803638 0.06342084565363726
0.059334005870854474 -0.002550164737858913 0.05910625064459483
0.05818056671609573 -5.402817278026595E-6 0.05899256503958709
0.059532803121859254 -0.005168867460077768 0.05895260259995008
0.061602645347928295 -0.007893700099181219 0.05915975248422293
0.06378342804394702 -0.010810122407997695 0.059366401522376454
0.06063624054114872 -0.0024854589275474406 0.05658988619585015
0.05983629052931706 -4.7317985998662825E-6 0.05629242894745755
0.06113306210525504 -0.005067231808884859 0.056352587075279584
0.06311592864494897 -0.008101863226846322 0.056427495358153536
0.06528585592471338 -0.010926238687120034 0.05641397431449549
0.06859787974412741 -0.01527480947040812 0.05701450951186717
0.0669165902821992 -0.014447831238464978 0.0597860840366925
0.06292558423094922 -0.0026120749264109478 0.054341472303485266
0.06165708046475917 -3.7563348881463837E-6 0.053839380901415504
0.06349830972213609 -0.005112352010838806 0.054081684617822964
0.06568892763661267 -0.008350957271105578 0.054201141325064504
0.06772143735506544 -0.0111568325663354 0.054332754738255155
0.07077541358527238 -0.015822269290647426 0.05499111601513597
0.06772689824992478 -0.016817309377991918 0.062013018867874706
0.06640263373286784 -0.0026729830269002688 0.05242782869032295
0.06465878269361136 -2.9251731337953235E-6 0.051798095010668156
0.06704880677903347 -0.0053722169913259605 0.05239929817015725
0.06848477931690646 -0.008581968820006997 0.05241623446716959
0.07067309145396278 -0.011483708330869227 0.05296291443124272
0.07402450933406728 -0.01614154089507398 0.05383985614808987
0.07123429658401267 -0.002651395365953683 0.05059508862409344
0.07120555920619857 -1.5944490844518054E-6 0.050196742430133834
0.07202642605475697 -0.005414800456348312 0.05073030975930835
0.07332363791980566 -0.008688024470583897 0.05113561634036498
0.0752013140044369 -0.012144679833169804 0.051678349518391925
0.07884111742187602 -0.016609449662593964 0.053347728031048716
0.07576708821201136 -0.0026453827131112657 0.04933510074035945
0.07643850224991199 -8.92393507270934E-7 0.04911967555701589
0.07683625095380933 -0.005476862046696682 0.0498032981797425
0.0781029937777375 -0.008867198806702793 0.050152699979699504
0.07992297113644542 -0.012558141840605493 0.050797449992946934
0.08420401361798334 -0.017075969211737096 0.053764894813370094
0.08121242343126751 -0.002661100238994948 0.04710304255214548
0.08167733872614168 -5.622433731595053E-7 0.046876882861817876
0.08212277370849266 -0.005387837087536365 0.048195161744403796
0.08553553816191177 -0.012868987799576175 0.05031063750487905
0.08349843704602365 -0.008917396985156376 0.04894870970570096
0.08795259557998988 -0.0026655604581628484 0.046109608771777146
0.08675153916746019 -2.8678724343895947E-7 0.0450893393966349
0.0891754382735696 -0.005846934546782812 0.048377580589832936
0.10118094859529365 -0.019617436525510814 0.054598871527481684
0.09589757693231109 -0.017907082570478013 0.055745760219428425
0.09292733434795807 -0.014269989941009033 0.05234298778053325
0.09797814027406129 -0.01430248957069682 0.0517199207215642
0.10396110803281623 -0.006278892649441617 0.03630385676217313
0.10506922953106745 -0.0103050609705281 0.0371845197332282
0.10312456211950806 -0.009527529405372843 0.04430594667386084
0.1011679769679182 -0.0059223383691742884 0.04197875326251039
0.10331528051539977 -0.002723926771306913 0.03574058807944736
0.0996841727797331 -0.0027043295219496962 0.040409869622035154
0.09845987352695766 -8.03684415297498E-8 0.03895501589569612
0.09654295373213892 -0.0026941231678268237 0.04285346904788358
0.0954185112645015 -2.7564311913383685E-7 0.04149239768562319
0.0981010262337711 -0.0058975159382459895 0.04466311176220012
0.11030490292443758 -3.547288800306757E-9 0.03442101089146892
0.11117429358327147 -0.0029216209949868253 0.03402901051191112
0.10306311426723284 -8.461260889949119E-8 0.036223928951097835
0.09336916658025891 -0.005869573165107407 0.04682783048168995
0.09229875109730183 -0.0026814784528789194 0.04440853480301945
0.09129204667949824 -2.1494259751500166E-7 0.042776484195891334
0.10330009588832362 -0.014333213349302777 0.04927698484298072
0.09542162643867708 -0.009461539930374806 0.04884553501453212
0.10036645921163163 -0.009494587591860792 0.04664174071795946
0.117112155 2.2791581E-8 0.0327078568
0.117262113 -0.00313950412 0.0329364761
0.11781744 -0.00636226183 0.0332114254
0.1120145643762016 -0.0063635826706217825 0.03406418637375369
0.10604574402903184 -0.014371551317443321 0.04641177575213649
0.0905753927574575 -0.009428867867066067 0.05005582950694038
0.08951912496521774 -0.017466897688891463 0.054798157440506236
0.09975943660417064 -0.02448601455095452 0.05895977748089679
0.09387798851491573 -0.024166131300515033 0.058573089070641855
0.1061873796383947 -0.01963749895124489 0.05195398335934533
0.08835223610554209 -0.022693124884316008 0.05716566178043075
0.10417716703700444 -0.02443650987173515 0.05715527189740405
0.10887082278460589 -0.024448713991132687 0.05428387015806602
0.1068112794535138 -0.015110248796764897 0.03853671409342196
0.11002570077774308 -0.009842250479999393 0.03425378167398496
0.118037238 -0.0094789674 0.0333615651
0.116924396 -0.0139895499 0.033385437
0.11051837641854362 -0.014193278936587908 0.03579940057853708
0.116388586 -0.0194646016 0.0338764241
0.1111732183830868 -0.021042666427267733 0.03630258463582079
0.10968823890027937 -0.02103042938486642 0.0406740575827049
0.10856353104743773 -0.01969120318647793 0.047946082052691345
0.117618564 -0.0262600934 0.0343369966
0.11396237698003168 -0.02802707141916022 0.03726308491517068
0.11295651852883468 -0.02713807204057298 0.04334101000227192
0.11124449335194288 -0.024497227627336474 0.049602812936206137
0.08383724830374643 -0.021811554247858578 0.056217218767369605
0.07880946113864595 -0.021441756162148877 0.05624779926878454
0.07556774761452817 -0.021408966474285876 0.056996877159391994
0.07245931344590174 -0.02113618379999513 0.05798964056899951
0.07053768134155528 -0.020063063644640874 0.060062725272464874
0.10675359929973213 -0.03042722194547642 0.05942310009012365
0.10257147192175585 -0.030484953111406626 0.060778040629781135
0.09736286877973069 -0.029771135648238214 0.06094462353768934
0.07167734616028833 -0.021935531475355714 0.06531359729735484
0.09134530625475193 -0.029609061487384725 0.059818721385510115
0.08693511852379213 -0.029070606188221645 0.05918702098153875
0.08328701545925996 -0.027587598183463506 0.059652449318509826
0.08078725286473304 -0.026414115013740615 0.06132514988497074
0.07780618500413738 -0.0251759966193359 0.06323109822138231
0.07478669046811655 -0.023822999008291643 0.064120327770451
0.121054602 -0.0347964487 0.0350105088
0.11704414698693845 -0.034973502302076305 0.03911298501250209
0.116271585760456 -0.033200055963630536 0.046437218703343296
0.1140297102617805 -0.03048019166412741 0.05208671550830995
0.11156723873688706 -0.030431825975405526 0.05659614303302992
0.121763611 -0.0412088016 0.0359232361
0.11977998172918142 -0.039953919687650566 0.041658907127991605
0.11814927926608523 -0.03843396990924156 0.0484272364866713
0.11637789493196239 -0.036249461556998305 0.05421583723643067
0.11356812470405744 -0.03480948219572197 0.05834475946140332
0.10834533059218956 -0.03520206215662577 0.060301761630902645
0.10391069938251439 -0.03506462515695437 0.062106767455744
0.09934008501899472 -0.03528171672671783 0.06231844031935022
0.09459879848977079 -0.03521259161907821 0.0623582616659418
0.09073514979927214 -0.034631943372401296 0.06269030404930931
0.08720812144978406 -0.033321995949940335 0.0633502888484612
0.08430230613418818 -0.0314290227878998 0.0653980132753282
0.08176811499768412 -0.02965165264264901 0.06751077861048332
0.07834408047694132 -0.026880457222867946 0.06916328835173297
0.07443167816641347 -0.024438563610483348 0.07031118501305422
0.07594768794448399 -0.02738537416999864 0.07613521072995887
0.08054284879945625 -0.030416505874001902 0.07417700592599476
0.0844581506738705 -0.032640092279792164 0.07244118623393044
0.0875351616054826 -0.03460731761465078 0.07029883549942093
0.09016345030047256 -0.03713864788232334 0.06774012906560163
0.0944009773222213 -0.037909847151155085 0.06667306590600929
0.0976410799322932 -0.039006048165522715 0.06526068805588851
0.10158411300012021 -0.03910226460907494 0.06463001480851867
0.10575982042134845 -0.03895960704149464 0.06370005930738881
0.11020266964382014 -0.03879186043211342 0.0625602988678192
0.1150440611236126 -0.03882257655844536 0.059965455686281505
0.11801670801998586 -0.040204631854827116 0.05620349011629536
0.12018601373308534 -0.042370961548820314 0.050803673512277256
0.12260084711494079 -0.0438295982634429 0.04450232349478881
0.124471977 -0.0457085851 0.0374105511
0.12795796 -0.0494295883 0.0409455861
0.1254086591013836 -0.047284472912475076 0.047477529384490576
0.12208983001006096 -0.046219044544503776 0.053213605492471644
0.11967204118769614 -0.04381823551549206 0.05837218312667253
0.11667287950105303 -0.04245642814771093 0.06243915810896258
0.11184850620653189 -0.04236621118959136 0.06525869197814703
0.10768289946035317 -0.04239938814291296 0.06686425332652864
0.10268661439241901 -0.042748172440437236 0.06792750620391488
0.09882013214974968 -0.042283027327813645 0.06879714941569481
0.09560245600509332 -0.04128267096729608 0.07045169342420883
0.09318519048842323 -0.03928639627311264 0.07324704044742884
0.08983242747674514 -0.03735194766960806 0.07587393635774164
0.08624108942291663 -0.035176685686512235 0.07860499024002827
0.08161566301410894 -0.03332969677357997 0.08100773733553399
0.0758290205459918 -0.030420005917912708 0.08379854740557602
0.08639282419651924 -0.038730743477618866 0.089116233795824
0.08059366880895957 -0.03636075553406865 0.09219722886571693
0.08172612325031296 -0.03519043212887243 0.08777470881915109
0.08692801106324226 -0.03713006178882633 0.08485580273300068
0.08595493304351516 -0.04006779312159387 0.09296476865077961
0.07976838821422977 -0.037698675503217656 0.09604249632747619
0.09417712837702638 -0.04378122438423298 0.08223106042502697
0.0907715600866397 -0.04123984079194452 0.08556059718274832
0.09116607627847048 -0.03941033335830636 0.08145365511104025
0.09412546377972343 -0.042123760415628084 0.0781320133845149
0.11154931099371834 -0.05428331041949724 0.10442184221079967
0.10640931670354102 -0.05317491993602869 0.10729949494644164
0.10487648832521253 -0.050934543549015485 0.09917305368066541
0.10977681755841778 -0.051839170332592624 0.09598328331096682
0.10263071181112293 -0.04845878467867647 0.08694365570318936
0.10345407726254394 -0.04963887020836936 0.0918978205552494
0.09892758054095296 -0.048623500747155976 0.0949428350072645
0.0983524050571277 -0.04744765711200357 0.08967305195661344
0.10028830379186895 -0.044315893088722025 0.074016643397716
0.09707248214869446 -0.0433169194335302 0.07596182037744847
0.0728585559035557 -0.0338353362637633 0.104674986423836
0.07367917295466084 -0.03744798282020304 0.11025111168900197
0.06821734424266274 -0.034122451068921006 0.11141415292267941
0.07141861164119004 -0.03349275766478814 0.0988974878083001
0.0733046519753799 -0.03288620040147668 0.0947497045861334
0.07468256917440469 -0.032246389045584814 0.09014536508329116
0.1102060856328671 -0.047153167103304895 0.07397901418011552
0.10520623982004594 -0.04651870956798909 0.07614620973641761
0.10388322103243518 -0.04537748278917479 0.07188428793294142
0.10891898443518513 -0.045524371304426436 0.07023896925234129
0.10115318319551964 -0.04580653825177783 0.07815258231514713
0.10191016792641816 -0.04704137792937755 0.08236513589752868
0.09773381908075254 -0.04635630791514463 0.08472281113745253
0.131087441 -0.0521670063 0.0445500886
0.12742613145073609 -0.050733828152958696 0.05076284813751512
0.12406504315193852 -0.04925834169732968 0.056254401080605844
0.12155470944219307 -0.04639024511267668 0.06125968870446744
0.11836474052829145 -0.04524828021844131 0.06485691651936087
0.11360861005736744 -0.04511804377866494 0.0684949125066442
0.11511936629987193 -0.04689805876021675 0.07148086856493924
0.11640303389279946 -0.048126408872113335 0.07433287042225489
0.1113290180066626 -0.04842983068793201 0.07740303253823647
0.12339399006373017 -0.04847530543225197 0.06419718298293398
0.12522039887832564 -0.04978130437314282 0.06715243967966678
0.12140268350534263 -0.048129874845954795 0.07126576872614711
0.12002285142152358 -0.047274362740204565 0.06771193624880321
0.129691510077161 -0.0535048925722173 0.05441135387432425
0.12633734909880912 -0.05128152928040809 0.05956996357774731
0.13345326 -0.0558747461 0.0484194298
0.135803271 -0.0585255485 0.0527693731
0.13225231272575552 -0.05524038100918815 0.05831240213704684
0.10741069196470836 -0.04862410471913898 0.08442830754719449
0.10823086351498684 -0.05013768174812595 0.08897146325149569
0.10645205853006494 -0.047373029881984344 0.08015895798498276
0.09422049287125249 -0.04618851204172882 0.09207988061433937
0.09449462644070802 -0.04717823379692725 0.09780415318173079
0.09006318709031691 -0.04487529780639324 0.10107085103113395
0.09022119698578078 -0.043820898935822125 0.09488852295882404
0.09746082083791416 -0.04485335094609611 0.08036946633849561
0.09406372597445958 -0.04521854678129439 0.08687260834574542
0.09042120633648235 -0.04274825356880338 0.08975233570922214
0.08560579788716649 -0.04161895707454605 0.09795357523358468
0.11535607549376538 -0.05193237015587358 0.09257852804481076
0.11368907561544163 -0.050776683633941756 0.08564611737950473
0.08491469379834446 -0.04304113995146839 0.10358071613873991
0.0797971192770403 -0.040399604867496636 0.10790973163271186
0.08092481857504218 -0.03685034999882785 0.1023721071167444
0.08066428248506033 -0.04292899430821128 0.1145922128483613
0.07450793630171741 -0.040544854000284736 0.11616928803705953
0.09038769540283603 -0.047467495400363005 0.1077231328519929
0.08510084418584976 -0.046060511404381395 0.11047240868610787
0.07241469625896271 -0.03924748326000515 0.11701598680800677
0.09564199538183606 -0.048597045521800906 0.10492966263460252
0.10025218875856717 -0.04993270008280507 0.1021498279612388
0.11260809450590017 -0.049150092981865574 0.08139726023570841
0.11767647344361933 -0.04920975509836337 0.07814661698263435
0.11905359013075958 -0.05075477288307203 0.0823098791543351
0.1285802849935047 -0.052858570145153334 0.06268728692464864
0.138869634 -0.060020131 0.0577142288
0.13469526874818757 -0.056539826443972624 0.06249487086715068
0.13067600424326684 -0.05361570251633981 0.06665922240660972
0.1269069289256606 -0.0502696773132862 0.0711514324090598
0.141620613 -0.0601190937 0.0633617262
0.1370398349659467 -0.05656569134233552 0.06746585414179522
0.13274822777764608 -0.05370133975111234 0.07119016317618808
0.145855656 -0.0590448974 0.0739914815
0.13971151952323163 -0.05610788029247892 0.07727796577026254
0.148687907 -0.0583868624 0.0827127864
0.14044806826386408 -0.055109238541621745 0.08594834060526342
0.123023430594458 -0.04860621914154752 0.07448770219608138
0.14185151206268765 -0.055385288801434764 0.0954711481185873
0.15184761307587297 -0.05931416820125957 0.11123833185018427
0.14668849924610586 -0.05846388280828209 0.11360023453077293
0.13884797077178762 -0.05525152761812645 0.0984786490254787
0.151629685 -0.0587085008 0.0917263284
0.156981185 -0.0605193545 0.108970694
0.160723344 -0.0615663143 0.123671338
0.15561988969799004 -0.06087157675231116 0.1254446937483056
0.163848917 -0.0627397208 0.136288304
0.15844499053774277 -0.062363846662192066 0.1373387144272209
0.15034334954533915 -0.06087873100647489 0.12724679872106087
0.13534587200220302 -0.05385455576051863 0.08883259043772972
0.14116800799556858 -0.05924126965397292 0.11586530454144053
0.1367019216733822 -0.056359219430805615 0.10142097279299783
0.1351624818613192 -0.054436544336509456 0.07967934956831997
0.13081516690113784 -0.053175982949103424 0.0823426982677773
0.12839917288495903 -0.0510177995302597 0.07520349849240288
0.13297662185612574 -0.05448000225435246 0.09145590348308463
0.14444123686949262 -0.06147551813878811 0.12918058796954307
0.12328042384982085 -0.0505764164439377 0.07871008615001596
0.12579978583367832 -0.052168378971660656 0.08539639574284767
0.12075705556366484 -0.05227254484316734 0.08889002935916762
0.12857664750522602 -0.05459994932527818 0.09449307128137686
0.1260427906631344 -0.05805185388729771 0.10803229428848901
0.12842328960777263 -0.06220695469367325 0.12078463384574488
0.12223320618318989 -0.06264673492554204 0.12314882175247106
0.11987934542200031 -0.05850467435344085 0.11094312547454992
0.13188812431017152 -0.05727641157755524 0.1044188201139578
0.13556397018217756 -0.06087868456959578 0.11838412633222188
0.1232096737701693 -0.05453016373654554 0.09776513509710939
0.11747931776738205 -0.05442425427447785 0.10128767310016586
0.1134190133802052 -0.05809817909603398 0.11388106572935976
0.10814317592127796 -0.056758336441611365 0.11636773843879186
0.11572340354161549 -0.06183278697042884 0.12569405928025543
0.10988568841281891 -0.06015828207213272 0.12810696825702664
0.10156386025441172 -0.052303789407887186 0.10982631820707611
0.13808749328770584 -0.06262462865550646 0.13057518676812402
0.13122410880301133 -0.0642472514023611 0.13216958016947836
0.12442618538250173 -0.06433075801741629 0.13438380749823112
0.13315866792982978 -0.0655955626835262 0.14208621513983538
0.12776209162679297 -0.06633453629102073 0.14610993145005874
0.166851838 -0.0636320623 0.148473292
0.16124610827209498 -0.06398112147518309 0.14893698865787927
0.169430921 -0.0648282314 0.159321088
0.16380650918817383 -0.06548004023255903 0.15946742500797892
0.172041148 -0.0679467841 0.169435925
0.16608447146637811 -0.06807260113423945 0.16927593936999957
0.174361365 -0.0704904233 0.179181822
0.1681602307359793 -0.0707115820377276 0.17880759404793203
0.176683192 -0.0714499149 0.199198108
0.171073844 -0.0700585546 0.199826709
0.15296790912638544 -0.06167781925722369 0.13858527706458112
0.15565333962457545 -0.06254129985414424 0.14957929409275153
0.164753946 -0.0690068102 0.200275977
0.16125218524385596 -0.07103830137476451 0.17864947976042211
0.16016817727796726 -0.06664249337549324 0.16956613701502926
0.15818681611427 -0.06409888981916945 0.15976823374884894
0.1466593317500706 -0.061354653780726666 0.13979773126679387
0.1492460172565122 -0.06233458730198173 0.14990594867675613
0.1520128604008705 -0.06336541468129532 0.16014648045701943
0.1544903184104994 -0.06543666854269392 0.16990160256817746
0.15610967258989777 -0.06946910052107155 0.17905484837306748
0.159536295 -0.0689741338 0.200113179
0.151625583 -0.0735430997 0.198448262
0.14908687012212687 -0.07114291134184096 0.17873623052039497
0.144916495 -0.073017101 0.197850598
0.14196584723064723 -0.07102702215191076 0.1794412108827721
0.14706376586948838 -0.06896923583523011 0.16895194206348108
0.14018303623838177 -0.06937872129449281 0.17013713135939001
0.14487674686394436 -0.06700883256233603 0.1595777210850235
0.13801515636458325 -0.06768060907274114 0.1608874768169793
0.1427700144762352 -0.06555318865169715 0.15061262379326665
0.13584978587676041 -0.06622767215797112 0.1520644388010236
0.14047179127751677 -0.0644774187712416 0.14039416764225549
0.12942193219683953 -0.06666631397609714 0.15314579916096413
0.12096874825249601 -0.06408736347095878 0.1460292129464577
0.11825719807197359 -0.06339598105205381 0.13678352171068367
0.12315035549246273 -0.06599488138225579 0.15488617784670522
0.13150034864477309 -0.06791020959854231 0.16222219062144233
0.1333487900692603 -0.06850355223518169 0.17124511351524935
0.13494682069553873 -0.06980406655360069 0.17999972733882028
0.138174412 -0.0719364736 0.197123878
0.131001332 -0.0704272468 0.196260032
0.1287362986152631 -0.06831439911722319 0.1805806752186098
0.125701637 -0.0686121133 0.195996246
0.12316296196386929 -0.0674579301083225 0.1807973008124388
0.1269377610317296 -0.06748721888899545 0.17216234591044347
0.12503934129506186 -0.06681337830352437 0.16355859839572123
0.12120516633286202 -0.06647204047498523 0.17278416314742454
0.11940783282352813 -0.06542543070782061 0.16452399367237805
0.11759823425398878 -0.06386918650641575 0.15616734262113754
0.1154126628850619 -0.06182271211056 0.14769080144259336
0.11284326796550646 -0.06153118190916157 0.13893545305840915
0.11138851888598247 -0.05960482451323277 0.1490920986586331
0.10875360173071037 -0.05932168781442533 0.14080822251762834
0.10802999577330753 -0.05782670243768669 0.15036953873664347
0.10499587907501907 -0.05769041827609242 0.1423328834233382
0.10123909064814021 -0.057446028264724884 0.13092417504829443
0.10505123875742402 -0.058577923478551445 0.12972151923261477
0.11324625423772942 -0.061548374222926534 0.15737262082922163
0.10936882899751978 -0.05991020870047359 0.15816457183299226
0.10062892813038164 -0.0564635891070453 0.14301029596292936
0.10405351494622457 -0.056280001137788936 0.15114355326654574
0.09880964696437958 -0.05512933803756341 0.1514915066330429
0.09595904102702166 -0.05539409920350396 0.14353061663443886
0.09903925061285539 -0.05378536821399608 0.12077721887493972
0.09458889483443773 -0.05239573637419424 0.12269639352455841
0.09188303495438498 -0.049800218801347544 0.11493014465449417
0.09714928280191933 -0.050796034216311695 0.11249294791628603
0.09799481892786352 -0.05658250797830715 0.13200486561259384
0.09364407840915123 -0.05554477106844198 0.1333147328870789
0.08982547461619018 -0.05165105733556541 0.12435809893508011
0.11039052660095801 -0.06158343592950044 0.16622129610821335
0.10612831463569192 -0.05999489333865469 0.16683632898774403
0.10570432533750519 -0.058281731141198154 0.15901809380498474
0.11459812644127305 -0.06351827232920357 0.16545748329764892
0.11618680614213436 -0.0649523511597564 0.17348583517498467
0.11163380036757618 -0.06300712347476867 0.17421833566383357
0.08342896113692871 -0.05018166395746798 0.12713740517914696
0.07833789401930448 -0.048930898407706334 0.12836244108726208
0.07708678799072699 -0.044434151958545456 0.12315460999300655
0.08239185697401843 -0.04599133517090759 0.12169513968044805
0.10323665040689906 -0.05539158976911545 0.11860871227289388
0.08688039008548877 -0.04863003354787374 0.1172502846348997
0.120183102 -0.0664848697 0.19586377
0.11801226433446739 -0.06578860728356653 0.18135712033921653
0.114749897 -0.0643190173 0.19559565
0.11308797265425856 -0.06385998694899826 0.18193653301144502
0.110022221 -0.0620341181 0.195734139
0.10837242891408459 -0.06155884398822524 0.18240418493841662
0.10700872484946392 -0.06119428654560202 0.17475635314656757
0.10099691566903071 -0.05677746695096865 0.1595541620517855
0.10234312612646491 -0.057576019285718844 0.1676642209465738
0.10272570149097558 -0.058829667413027364 0.17517311341003364
0.10356638936356106 -0.05892650187763078 0.1826426320059674
0.10443555 -0.0605554789 0.196067324
0.0993276709 -0.0581123163 0.19633592
0.09871842104178707 -0.056038230204765144 0.18334397191398585
0.09797113797118516 -0.05498708359219144 0.17644335575657283
0.09804677377863558 -0.05275728553963258 0.1697996084350493
0.0941778946656035 -0.057819963018811274 0.15911336413042804
0.09165343489445503 -0.05713215062755806 0.15076151278142963
0.08984976681440872 -0.05638923452874937 0.15969063921575194
0.08759222337126056 -0.05577178999431483 0.15136344457126283
0.08881472521278744 -0.056154850861796946 0.1430390361676033
0.08389155409484865 -0.05474917039755235 0.14372750643570986
0.08583086761877252 -0.05506242512493272 0.13530236893581254
0.0802729475156043 -0.053601154861660956 0.13477103824660425
0.07692119081418534 -0.05260369995497344 0.1366512063123412
0.07425782868709745 -0.05034190273628722 0.13881624493745096
0.07253937386496098 -0.04480377159131877 0.1308414038614694
0.0752145743894789 -0.047425364673766866 0.1293815253772537
0.07054394039499579 -0.038625861011280536 0.12540911723713366
0.0737109274702459 -0.04173426741031401 0.1238886702578179
0.0692962396988688 -0.03825389309849537 0.12943193343027162
0.06690115341383392 -0.0323417669422257 0.12889076400289703
0.06531487340804056 -0.031232741581655295 0.1245302986963711
0.068665034534444 -0.03593755149307255 0.124889372674
0.0925934056534741 -0.052172547367868735 0.16944008690312293
0.092797571326415 -0.0527196292943052 0.17649797483583263
0.09350632818822402 -0.05326121177963719 0.18341375069841967
0.0947766772 -0.0547878831 0.196203969
0.0905236704 -0.0531615128 0.195444183
0.08845273471072873 -0.051422571294303464 0.18351799034325642
0.08756930628799037 -0.052627777295464785 0.17605638578057872
0.0874227495462327 -0.054509538203741874 0.16859857525172792
0.08746618249226175 -0.05568574992148934 0.1600083114615977
0.0848324414426557 -0.054643205022326585 0.15211939521272064
0.08219270086933578 -0.05307107940470399 0.14550658717195356
0.0859619064 -0.0519610187 0.195375512
0.0839941394180492 -0.05088442344065009 0.18404559405995424
0.08282664249368706 -0.05185080279757627 0.17720480279371717
0.06466443542099753 -0.03198714428416237 0.11350807709460894
0.06224741928503073 -0.0302834053269388 0.11466405425960763
0.060801383347271885 -0.028142274101229006 0.11651021573151787
0.059014438114703666 -0.02640903274077164 0.11767694855050069
0.05618259542143394 -0.023925324911038125 0.11902945240036948
0.06938500413203222 -0.03630077941022265 0.11862107951024653
0.06649859413657791 -0.032601010427325945 0.12030899490864715
0.06356333337310346 -0.029813960653953465 0.12037339117045208
0.06287483958151052 -0.028232344680423092 0.12492632441024094
0.05998305122757823 -0.024526844499068334 0.12552980730466382
0.05866708930221192 -0.024479560208568358 0.12275246801574767
0.061346194249214794 -0.027232140745657805 0.12180829403950537
0.05408082777166432 -0.020634775844924815 0.12052416854609488
0.05188670976866921 -0.01711703629299429 0.1207696911382332
0.04789404653982909 -0.009128185184668064 0.12106822104425856
0.04675648899413687 -0.006463271266277829 0.12090548450199834
0.04628798010848597 -0.003246561774343559 0.12024182282311816
0.0643290467111376 -0.028290682422642998 0.128699135962394
0.06093317036261523 -0.024114665353020155 0.12866818556904153
0.05916423729525993 -0.01836898918527698 0.1300230610202719
0.05793683190603243 -0.019891186802114526 0.12650136701995
0.07111059492651592 -0.04448443336203789 0.1357606548095285
0.06912152966211241 -0.03873009205224228 0.13429612090476375
0.06680802424137447 -0.03314372098476147 0.13288787272024352
0.06785816483845396 -0.041084017074174785 0.13665009949327528
0.06638289581199276 -0.03510004022595869 0.1351606960639834
0.06442003925813711 -0.028279878738503905 0.13176829740416804
0.06161347894997153 -0.023217882581313402 0.13215900562745317
0.0554817626006356 -0.020737504472592535 0.12393407761692309
0.07389663434036198 -0.04982408963837562 0.1422958455596092
0.07966799326498174 -0.051930410025190506 0.14760278503419338
0.058285815072744836 -0.018617475392656138 0.13356588461036858
0.06168563751753826 -0.023104537058071962 0.1354613632924963
0.06465030875463332 -0.028527601588543675 0.1347700798911408
0.08250817502522657 -0.05417457903515216 0.15347512400100316
0.07327304124665296 -0.04846749268376222 0.14526695866932604
0.07791743340148896 -0.05159799015298144 0.15027567377478634
0.08401653627657116 -0.05394586569257787 0.16785367392018657
0.08482443449274603 -0.05509838489775826 0.1607144608509562
0.08223975570285257 -0.05414244521329355 0.16216819003794786
0.08055203697954919 -0.05398594993765232 0.15588188866862207
0.08107581888302023 -0.052818935380921986 0.16705833792720426
0.08066877658514883 -0.05135051618205888 0.17314597802448084
0.0783769021486158 -0.05065711113160981 0.17066502715926554
0.08003020595865648 -0.05244992867866067 0.1633944093898484
0.07876468346927305 -0.05125050013201606 0.16686025510044497
0.07976842710261488 -0.051049477398708326 0.18551803176920337
0.0815885826 -0.0505494603 0.195182428
0.07563400453621769 -0.049953884976057364 0.18640307499287362
0.0775204927 -0.0485267803 0.194857688
0.07153167192969759 -0.04753547193161276 0.18704790881576086
0.073382097 -0.04651537 0.194718017
0.0680022276264269 -0.04339876852590665 0.1867068528212863
0.0699221669 -0.0435758596 0.194483856
0.06476084575167321 -0.0385487294996017 0.18661516454289806
0.067528456 -0.0395600195 0.194272039
0.0655906723 -0.0349975135 0.194450774
0.06186370608176042 -0.0345826388711515 0.18684011941038653
0.0627445468 -0.0309949019 0.19507788
0.059346071659035306 -0.03002229312888409 0.18814533333569503
0.0602512046 -0.025611262 0.19596005
0.05660209742956026 -0.025480309811675723 0.18904350484766227
0.0578146641 -0.0196778809 0.197073403
0.05457795184956372 -0.01788613365429755 0.18937732596231044
0.0565376641 -0.0120250111 0.19751805
0.053592090494693566 -0.011973171543585953 0.18937938905936025
0.0557471506 -0.00378053379 0.19762447
0.05387335441163302 -0.003977431757044774 0.18895850250890012
0.0561339528 -1.298367E-9 0.197495554
0.05393909382676671 -5.682419415262467E-9 0.18909633815746438
0.07861187897650733 -0.051491885170152615 0.17902432101919352
0.0742097918105554 -0.04984721869912734 0.18100164543414285
0.0666643427486367 -0.043472423541450526 0.18254721586530637
0.07035340858019941 -0.04744851191644464 0.18208069086204068
0.06397560232601487 -0.038684093170186416 0.18189947598678124
0.0605682926976896 -0.03194011172827343 0.18278763634098838
0.05706191821182785 -0.025629265279829627 0.18458753164202574
0.05503058317371302 -0.020314682202632415 0.18482069599423667
0.053796155422486454 -0.015697057805388614 0.1841516178821812
0.05305037848765269 -0.010748565461694812 0.18375044147255715
0.053218920522435105 -0.004332496755720642 0.18319812430186433
0.053275510571196234 -6.410984811918498E-9 0.18319652340309653
0.053903256159210884 -0.004211837595940934 0.1805503920471254
0.05409047949718652 -9.019858101770678E-9 0.18055099724690557
0.05410661684236023 -0.009198559548544444 0.1802779043035342
0.05488918929552127 -0.014323383974646808 0.18085224822257184
0.056120243225974156 -0.019618065409969777 0.18247449532635507
0.05793801237626371 -0.025500895922048725 0.18266451745599144
0.06080430634074947 -0.03197842839926016 0.1810120495847564
0.06363143937390683 -0.03922742099321697 0.18021699100677027
0.06555680650001107 -0.042995679466623936 0.18053182252338243
0.06886204425091486 -0.04752184437082353 0.1801828407543518
0.07231295534967885 -0.04970224510491725 0.17885062404676652
0.07730261054986728 -0.051680938692970115 0.1758865737226295
0.07592926852513039 -0.051097971754841764 0.1731876781216067
0.061554110338485984 -0.023692414762047892 0.13836508568479713
0.058750183956603017 -0.02001532552287641 0.1396466432750757
0.05822215911222 -0.019246080141232413 0.13691379223453704
0.06157274299645936 -0.02471398714669986 0.14120982202095841
0.06451341091554769 -0.02881319288827172 0.1376526664202749
0.0643775058655105 -0.029278032637688328 0.14049353726900912
0.0588033866801684 -0.021848356710276476 0.1423774578771462
0.06418742146689348 -0.029475301259851965 0.14215244350630477
0.06208992365428713 -0.02567976521843834 0.1436863776907684
0.0665302292565474 -0.03493030455970639 0.13790628649278913
0.06573625379491776 -0.03487151084217979 0.14061676524400235
0.0654317828181238 -0.034657281258405746 0.14194190952403168
0.06996306737429463 -0.04623308956818753 0.13892776804594031
0.06985569871295845 -0.04500544875662509 0.14181996948814413
0.06727915227095828 -0.03968323004721305 0.14156065386472397
0.06780434429223564 -0.04043389187336412 0.13924978383835043
0.06905951749931466 -0.04351753085595095 0.14404527004071208
0.07241400459278442 -0.047060272601914824 0.14792237922123583
0.07655199032783691 -0.050688715191923736 0.15345931904098206
0.0789987354771215 -0.05294389461122255 0.15848212862256647
0.07668280382889635 -0.0505608373934704 0.16905707349392257
0.07450852379255914 -0.050534765669982065 0.17114785522851228
0.054539398913742675 -0.003924854755086153 0.17791901091236664
0.05466451790612977 -3.6442504594845065E-9 0.17803544736642363
0.05496283699575886 -0.0035301404016760663 0.174799962327351
0.05471289487614605 1.1959641267912939E-9 0.17498941710664173
0.05427632365700444 -0.003218498118561736 0.17193011616230452
0.05425976867890422 -4.368359058166009E-9 0.17209580004047784
0.05311898242863496 -0.0030458496695944543 0.1700169312898993
0.05323875085731515 -3.136028780946364E-9 0.17002214376529612
0.04621905076277221 -0.0014481030587815095 0.12051839329367638
0.04606687214445713 3.3587282745548676E-5 0.12130234838451347
0.0428629889580793 -0.005760130840235397 0.12502330901270656
0.042795935568340396 -0.0033238309816003633 0.12457453446681915
0.041945300978860005 -0.0013906676797473933 0.12449584513487381
0.041360735916261736 3.2037656864819134E-5 0.12479199855912115
0.03861312334968458 -0.004828427269666959 0.12826637303093422
0.03781811298717526 -0.002802782423969112 0.12774439683404262
0.03726517305265578 -0.0010942804703274875 0.12754447159791746
0.03562664233047705 1.9192252340688718E-5 0.12760577438882237
0.03134198966188203 -9.050509097108826E-4 0.13035833718890763
0.030976416446009392 5.977425323986797E-6 0.13015909582611834
0.03206797083577397 -0.0025059140213347657 0.13053004204594545
0.027830275407541235 -6.935899760769713E-4 0.13261619958383547
0.027547477917758884 2.726941498838779E-6 0.13251029154947044
0.025601378735241053 -7.504095910157725E-4 0.13588201187772464
0.025320358689131593 6.697911301092855E-7 0.13593836034897844
0.026428251343639478 -0.0023613548075669126 0.13576670267517776
0.025772799349806728 -0.002541309771500843 0.1387176475097635
0.024994950968001986 -9.137154100070931E-4 0.13907493260735618
0.027549566082773102 -0.004392584533923983 0.13563627784577845
0.028783496220616663 -0.006900805677595799 0.1357576952419341
0.02780339340123132 -0.006598074347351069 0.13792119355029994
0.026808198926130993 -0.004555566892506267 0.13830361378808628
0.05099571872689647 -0.015285211739006967 0.1242016107454643
0.04911012902476912 -0.014160416148425775 0.12395209059094982
0.04990734747909691 -0.012637610638681799 0.1211305073475597
0.051212602812980255 -0.014877382508781907 0.12110026906987127
0.05445602765526041 -0.018378700575421656 0.12431354570655136
0.05273157977002348 -0.016577548373101467 0.12443600721533676
0.0329032638330363 -0.004295853624623443 0.1309372542796221
0.028662534788554943 -0.0023348290720551067 0.13269841759841774
0.02973877517717582 -0.004215552841686268 0.1329876984297942
0.02476722473157554 1.4088360944563279E-7 0.13936153599404574
0.03103654992486098 -0.00675610784454719 0.13381663440644742
0.026273668994623967 -0.0010182173678327916 0.14271305199844886
0.026251697704959474 -2.881700301590757E-7 0.14304449024322138
0.028049183634625212 -0.0010482983143895173 0.14549829680468696
0.02806569536154496 -2.1403722958160444E-7 0.14595474479236833
0.03014929114299003 -0.0011217943737781048 0.14798076057226675
0.030085239883814296 -1.6750040601388692E-7 0.14828846785127925
0.032620802604662866 -0.0010595754741719108 0.15056134616528458
0.032228546008865974 -9.57891833984412E-8 0.15091502082924163
0.034772189073630576 -0.0013038806384584457 0.1529212497708469
0.03449224426092059 -5.152286844536163E-8 0.15340054190822686
0.03771714942785233 -0.001803000943949667 0.1557857875672244
0.037461653899553735 -1.815388242415082E-8 0.15619711761143262
0.04200250438039376 -0.0028256860703550026 0.1596018138659887
0.04196793556429686 -7.4484741449791424E-9 0.15972256884392186
0.04444108344227779 -0.0027523317627839287 0.16161521075104407
0.046787471651967685 -0.0027438858967524975 0.16349832845226167
0.04695689049354094 -4.886832201835593E-9 0.1636136157239721
0.04453415891082979 -4.5659834287565905E-9 0.1616921156925562
0.04893431997262018 -0.0029137768476099426 0.16590103638605402
0.051456070132826714 -0.003093859885611539 0.1681657438132142
0.05161666146421159 -4.1483773638673675E-9 0.16795409590934568
0.04929988761903697 -4.754698488153943E-9 0.1657747004415154
0.0549931647673157 -0.007773926958648167 0.1779526969272279
0.055510125936883745 -0.01157127711847922 0.17785118383271464
0.0576882345947326 -0.017356812405304574 0.17893224093322427
0.05836671652268511 -0.020986802634340964 0.17947967164498918
0.06015153180652883 -0.021195578412109558 0.17818621024448764
0.06099922195476224 -0.02598998866938171 0.17835049306148368
0.05966257567349951 -0.025747064743992906 0.17949077157224483
0.06373800377626589 -0.026173550491783406 0.17623768136516663
0.06552019282239349 -0.02528465427330769 0.17347285875177312
0.06410942687638099 -0.029953600802607536 0.1728939393184012
0.0640037471602654 -0.03112662014810282 0.17565219041484403
0.06479005734537746 -0.03516740861714373 0.17477779018042242
0.06423902130202616 -0.03418542229483575 0.17180622002277576
0.0656603648663867 -0.03735209498129585 0.17018182995882744
0.06535006818684014 -0.03834650437034392 0.17336948625444468
0.055860527924511336 -0.006041594695633004 0.1745024635123183
0.05666686176784552 -0.008982812725834717 0.17389866681724994
0.055934858303943395 -0.008159727774772304 0.1711149826334804
0.055171032945460365 -0.005284831592697807 0.17148619258945916
0.0548353307344316 -0.007402432095510876 0.16861355245706086
0.053988005706953494 -0.005111531742662915 0.1691365368815258
0.04479537422568451 -0.007326332785849998 0.15730093224043823
0.04271990139847366 -0.00501852752249696 0.1590258074821134
0.038683455938994284 -0.0039006316571969777 0.15543342685330414
0.040568414999562374 -0.007086879566926064 0.1540484100145581
0.053132431578538857 -0.006633076330934238 0.16664883007357506
0.052289190535868585 -0.005223371034819284 0.16730245899551488
0.04987849085746265 -0.005148209260658467 0.16548238211146724
0.04522619900810962 -0.005012911378551309 0.16098600548787204
0.047736779337735846 -0.004886788896393825 0.16298674378330294
0.04734098801374956 -0.007324430422129335 0.15934498654649504
0.03556294102442795 -0.00303134060416286 0.15248853221398148
0.027508110351514015 -0.004490086659287039 0.14143806110737275
0.026668171368759628 -0.002280131302184711 0.14221263761381747
0.028859557026980894 -0.007151544470348904 0.14085262660498468
0.02917087734764076 -0.004672208573686661 0.14433459793289263
0.02822302641121001 -0.002428176342144333 0.14507854240123613
0.030528933831302625 -0.002561585138965311 0.14781614138284946
0.03305234920258054 -0.0026474706560715594 0.1503191075627784
0.0315203115057131 -0.005150380241397675 0.14671479720815697
0.03424315246138955 -0.005782183818129875 0.14914361609562884
0.03716893958430372 -0.006565428341202648 0.1511949700106685
0.03068416426492271 -0.00742769699225503 0.14341603287562998
0.0343434973488424 -0.006281510489806667 0.13193551783330723
0.035522656953427593 -0.008702580851934684 0.1334901845410993
0.03319332663189903 -0.00942873426866464 0.13547073606948987
0.036207841166174294 -0.008044706853389075 0.14714427602221478
0.03340835354923095 -0.007741451178613494 0.1453952859557182
0.03066255629998455 -0.009927476417370448 0.1366106310071626
0.03689429109750466 -0.010986851283359222 0.13458179003136353
0.035195255948061284 -0.011883303420844251 0.13669688814460917
0.03318873705497482 -0.012291740505047468 0.13751758837626235
0.038528447254363093 -0.012583629528411753 0.13413177135546908
0.037663147283003476 -0.013726630301896187 0.13624944916056242
0.041203478258273515 -0.014004025049274466 0.13176332539563826
0.040664717629053375 -0.0158198489389272 0.13288637842582218
0.03800374948100005 -0.01422689180790707 0.13709482289188116
0.04446607058244008 -0.016426872737245007 0.12730694656872255
0.04383363259614891 -0.017240882876799306 0.1285152845728385
0.02984880014894321 -0.010013741409020595 0.13792715922650114
0.031109119801225407 -0.010715721976169518 0.14056980662443053
0.032908336330608016 -0.012721743751915964 0.13843041864199468
0.03961568158251784 -0.008362242577803932 0.14888996588596504
0.04311818294845932 -0.008556528418840728 0.15179327831329578
0.04761333791629516 -0.008852967291575793 0.1552424556146508
0.05051195554523902 -0.008955776574877962 0.15811988567742732
0.04648279110865301 -0.009924166626294216 0.14958577254942587
0.043063749829162966 -0.009762435521615506 0.1466361425503997
0.04584846945955017 -0.01588468556168458 0.12508757531901937
0.047964262350538835 -0.012997734252346316 0.12353393573708903
0.04782311985850355 -0.017067793561578865 0.12552671055861628
0.050799909698202715 -0.01723394687943605 0.1262349919394376
0.04618665045896153 -0.017634772976578346 0.1268135838031255
0.05567836685679338 -0.01642700514505614 0.1271019317622503
0.05755449420982949 -0.015330922851503125 0.12934646310317102
0.04711633592548698 -0.018316785493825267 0.127726383776552
0.05243094653805721 -0.016808475160923465 0.12969775225619698
0.045190438785524124 -0.017441544307308387 0.13016641014945735
0.0414225396599589 -0.01624291172878525 0.13377853011294102
0.037989360145848354 -0.015376000759166267 0.13783945645034945
0.03401589463016526 -0.013135275866352769 0.13977319648640643
0.033244094548663325 -0.010768966809296664 0.14271629693780552
0.035961780925167317 -0.013156492273778094 0.1409601558844092
0.036142642366683096 -0.01127033594712983 0.1438916136443293
0.03956417845336877 -0.010159737371310582 0.14495398774921436
0.05054497409477353 -0.010477435946379636 0.1535480175566174
0.03955692495686032 -0.01306896600487511 0.14162400437500322
0.043655544235524736 -0.011455459364678516 0.14168744134329728
0.046885713403972365 -0.011987035946164593 0.14395040737309397
0.052221443547468244 -0.011781936744543293 0.14893475009769633
0.05549910701766715 -0.012068600213289102 0.15247129570773588
0.039158208865664075 -0.015459417856375779 0.13811253568839624
0.04305847640712113 -0.014326274596354908 0.13832015654068802
0.04756295733979143 -0.013132444062848043 0.13896927447971374
0.05064713639420475 -0.013757246267493195 0.14216703402899883
0.05521514532392398 -0.014274255261870164 0.14107141030341602
0.05188607694123404 -0.014348992988235785 0.13767299465882854
0.04647420116143371 -0.015324665059279067 0.13562133542359048
0.04368389534218213 -0.015712944854638523 0.13462554106520358
0.04779503625153319 -0.017009876327928348 0.132163493825178
0.051454907762492265 -0.015683117225554363 0.1339915284431609
0.056547247051322386 -0.014046776872251662 0.13636820403531325
0.05564848290192246 -0.01499984166596777 0.131106357139735
0.05750022504606101 -0.01459284459479042 0.13247214932445495
0.054741639342668194 -0.012185315557061052 0.14888679756940645
0.05721013374778732 -0.014339072813615718 0.1450690783564021
0.05736762271587575 -0.01488670120995159 0.1392717460579936
0.06685291603602854 -0.03930659016614767 0.1427565474217191
0.06689402471980012 -0.03869318413474361 0.1444036560934578
0.06560992814786819 -0.03424313418967035 0.1438446817477477
0.06449713173110788 -0.029611485213483644 0.14440952387674183
0.06875025710593821 -0.04283870955665641 0.14533922170792535
0.06337698313672337 -0.02629971888596021 0.1458542784479373
0.06915707968031715 -0.04230229340511066 0.14704951974319394
0.07203055428740038 -0.04610131823425646 0.14941007531390096
0.07283811195978324 -0.046052827315277024 0.15191587520748628
0.05705797156231945 -0.017455271401259288 0.14171645612203318
0.057603234568197506 -0.019406680812120863 0.14434128504791138
0.06054559394607975 -0.0235420133791365 0.1450501030310048
0.059726087394799766 -0.02115334933805241 0.14674800736870558
0.062486395170925545 -0.024361802051615606 0.1470383809981176
0.061916637221963895 -0.02224912194181319 0.14845700404455373
0.0661734298409016 -0.030221909986772384 0.14871396775754647
0.06617096629605819 -0.026645056340143785 0.14979466830211197
0.06712988207810827 -0.0341546522257612 0.14806650671784688
0.06903865521959171 -0.038386858874233716 0.14879015197178608
0.07303281566072661 -0.042813383532897785 0.1522785246701957
0.07449937525454166 -0.04514884114083468 0.15809668364670637
0.06626990148196125 -0.024364172142272912 0.1503742299493508
0.06661956568482308 -0.022293600276568924 0.15097435313926183
0.05870145359845635 -0.015359580774879773 0.14768232969647546
0.05975368611614735 -0.018629010147886423 0.14872577172354956
0.0590528919558555 -0.013459166542405419 0.1506699859094288
0.06040166170839491 -0.016650933779203857 0.15230869733528551
0.0615439221138324 -0.020278286579655518 0.1503623535125369
0.06715668795980627 -0.020198829174664673 0.15186275595787482
0.062077830632209945 -0.018477732988247675 0.1528772924357817
0.06760563685601277 -0.01827348575036842 0.15306080843932546
0.0677735298929592 -0.016678497612075443 0.15454203577129744
0.06434578096674824 -0.01648165108011483 0.15511424109601518
0.06175894171530686 -0.014855584217616052 0.15529147017596293
0.06787332089992394 -0.014506117662416206 0.157292573147733
0.0655844893503566 -0.01548984610303939 0.15633174296163987
0.06357964392787561 -0.014208440393807245 0.1584401130158364
0.06595839465146366 -0.013366891611850668 0.16167111531511355
0.06021828037210325 -0.013455890507974863 0.15470436968085458
0.061818249639809954 -0.012501614054708968 0.15887191778300444
0.06340594052442272 -0.012051343788251137 0.16249487185979047
0.06662828969725287 -0.012981721841583848 0.16273439376425664
0.06392413830194643 -0.011388159487879017 0.16441311476361758
0.06671114342792542 -0.013098149855933936 0.1637792834431799
0.06395830882207199 -0.011498009820189909 0.1653720037153979
0.06671217119797143 -0.013428478043959571 0.16469025275326604
0.06400769929445409 -0.011905882698854044 0.16624303135837923
0.06665892504574784 -0.013916827579552897 0.1655330595718806
0.06401562806010008 -0.01248977404107566 0.16713109534780202
0.06651542926671837 -0.014552094026616856 0.1663554476313645
0.06393331389094283 -0.013205569221862862 0.16818264266986171
0.06651388499326938 -0.01587008241003486 0.16811688593651447
0.06380948454767198 -0.014859232669943968 0.17066235238299238
0.06682011723161445 -0.01814961536591283 0.17039050506767467
0.0642217347816724 -0.017917174240747975 0.17362637245363005
0.0666694813381462 -0.021344093733364405 0.17260248083539387
0.0640475434604051 -0.021653822936295596 0.1759410471236135
0.06062955387819689 -0.011939893393643746 0.1704910933061126
0.0599098835223122 -0.010268703839695092 0.16896352736501605
0.0598213169913667 -0.009284043368902564 0.16757160865901075
0.05989771140652947 -0.00900569014512778 0.1661685915031666
0.06169954989772371 -0.014378844957399241 0.17296160811907635
0.05677650256980118 -0.00830570206131886 0.16838408704103675
0.056343333517661826 -0.007953791179760196 0.16650956572618886
0.057267774742166745 -0.0092754214002003 0.1702204102721168
0.05830863019978566 -0.010977210896195841 0.1722313153614472
0.05931029465181476 -0.01390157244430133 0.17473823028768548
0.05702505643206778 -0.012227973883676845 0.17625649003475227
0.05999575280452018 -0.009242008461543529 0.16458502940782038
0.055800353267259725 -0.008016255638125228 0.1644811867726452
0.05159029641707697 -0.006831782701752354 0.16399382378797087
0.05331022650204646 -0.00846839564974168 0.1614115002171847
0.04984011635772722 -0.006744904019451251 0.16191844220328225
0.05835273037477598 -0.010229064852681612 0.1619590014846533
0.055831556401379885 -0.010763768039566432 0.1580897100222911
0.062218983461549526 -0.017652430588998638 0.17547449348813274
0.059842345582172524 -0.017257891131029872 0.1768631732944425
0.062334280089871436 -0.021641713864011747 0.17715032010668014
0.06258789229651306 -0.02631736641995295 0.1773251866299251
0.05740450338792477 -0.021168678031423947 0.18123821927724038
0.05900680258511854 -0.025648974835314198 0.18102480236464796
0.06134958598314793 -0.031913086857224375 0.1797985582935303
0.06171550835342086 -0.03154368490938519 0.1788805114694812
0.06257801283358713 -0.03129169575534741 0.1779236066301372
0.06338804350563972 -0.03141757799403066 0.17682662112548678
0.06397412407458808 -0.0357214631454713 0.17599345025248364
0.06314522972942016 -0.035992250271041915 0.17726403797725318
0.06289414259607765 -0.036370200014128516 0.1782653809488489
0.06497647346917343 -0.039181885294274486 0.17478586942760954
0.06455974406102352 -0.03976184962294514 0.17644549322344208
0.06290924495032395 -0.037305647156518025 0.17911821212319148
0.06450726999134923 -0.04035900656536175 0.17722240823371097
0.06453961631779041 -0.04152216127579901 0.17800283436136669
0.06779086049646203 -0.040932410880548505 0.1690864736854476
0.06683535763866662 -0.042105494845204906 0.1717775257383869
0.06727223551768505 -0.04626792629730904 0.17799427746929278
0.06660771354658337 -0.04493942455365751 0.17658125963115923
0.0665897139453347 -0.04332431638727652 0.17529953415629992
0.06652074883929665 -0.04287947121145773 0.1736516847020273
0.0701569055763269 -0.04489250152829969 0.1683139180815568
0.06939216605692618 -0.04600403669905906 0.17035340696202433
0.0689749610450777 -0.04654301548164789 0.17190191884506092
0.06877321762070163 -0.04699717579265124 0.17335433100890887
0.06920161975985765 -0.04798378992983828 0.17513732022236964
0.07057515815801138 -0.049195165204854285 0.17701179738638012
0.07294740020361191 -0.049147086814901486 0.16927019256722
0.07214840111352228 -0.04667754151759051 0.16667066271970354
0.07223235498067801 -0.04777568451234872 0.16832041592358124
0.07466310068840885 -0.04979845956139192 0.16812453853635764
0.07362915467932818 -0.04836950581197152 0.1673439055527779
0.07311428626513174 -0.046897454858280084 0.16562420429481037
0.0740528743891207 -0.046886602703623485 0.1644885407806596
0.0750602292629746 -0.04874219851510883 0.16630814485343004
0.07634994748474318 -0.050142019277335914 0.16685523956697257
0.07818634652443791 -0.050664272076850356 0.16424938913961018
0.07644699068419304 -0.04907943642685042 0.1644645390964946
0.0749064035122361 -0.047108530402477956 0.16332953652616192
0.07766311989079223 -0.05072854466210168 0.16084911253420106
0.07645603446963846 -0.04897709897310617 0.16212860555260566
0.07569938947381159 -0.04939803570695102 0.15630164849008552
0.07481299658315496 -0.0483983245211827 0.15831143294298655
0.07509607346811384 -0.046322300063109695 0.16189006732840713
0.04967928372679975 0.0034518473640099447 0.08771090832318391
0.05146079824741496 0.0076373325836404495 0.09062401175519214
0.05248440746944191 0.008905918021228273 0.091624293188026
0.05430624403695819 0.010263959627476324 0.09300336305307647
0.057103973763109904 0.011311780052261348 0.09438651746064163
0.05055790155907022 0.015777452796577496 0.09965545386235362
0.04931682332920445 0.014343090139074524 0.09977612341419433
0.047947267717755336 0.012942782951572813 0.09980681672276334
0.045144326950736224 0.011225692091959028 0.09961497569226589
0.043558423044241006 0.009983412571419568 0.0990911377257459
0.04217927700273234 0.008382356941550028 0.09874368393467006
0.04113731330634892 0.0065620938754164405 0.09871870604258276
0.04386085358927493 0.003752212156568441 0.08505216718560568
0.046369762929305676 0.009582135208010548 0.08699753551321912
0.047497396300966145 0.010989250115215305 0.08866919012199989
0.04940031766313678 0.012417466275779849 0.09090519213525818
0.050977174592146034 0.014310592695916243 0.09272668190091635
0.04925355209693573 0.01966458224779676 0.0959536872699211
0.04820000718670537 0.01837050829571064 0.09664081618966787
0.04640307693625352 0.016346345609312214 0.09673075389306669
0.04420608811853735 0.01521874332318716 0.09690144058056709
0.04106493583029906 0.012320783564443322 0.09765649151732475
0.03968430139104515 0.010853661217347143 0.097905376767839
0.0381880493871375 0.008816942739351345 0.09906054001148298
0.03745924727718592 0.006992544360522637 0.0999586621056135
0.03557092888683268 0.0026433166949757416 0.09875298074767729
0.03507330890543877 0.0011735089541524955 0.09845775647410122
0.06938738506425249 0.04722370188089196 0.1117853354773943
0.06274243477025833 0.040445339308159564 0.10558151160388313
0.05719478957558459 0.03511999487043179 0.11532603479244893
0.05274204447048923 0.023720582097576368 0.09939899332683408
0.03433400787498409 0.007491933232613042 0.10087835565271373
0.035383770968578115 0.009319150545985975 0.10043076477451426
0.03812861195557075 0.012777582296390097 0.0980977738321091
0.05424710121825395 0.025128874220045457 0.09118727037620536
0.0741005511 0.0184239307 0.0644662637
0.0849240621 0.0478519175 0.134109921
0.0887947081 0.0500029828 0.146642796
0.0594782808 0.0242664428 0.186620047
0.0645405845 0.0334433485 0.188956875
0.1067699 0.0128589002 0.0552951285
0.0745415519 0.0186604745 0.0727823945
0.0694031338 0.0140411948 0.0661446181
0.104002745 0.0178321839 0.0611064798
0.0539845326487409 0.011397318588494304 0.11394855592103112
0.05067225521958921 0.0038231463993408364 0.11081346029340342
0.0639535387 0.0122507381 0.15620666
0.0586074088 0.0053882582 0.176987801
0.0590875412 0.0125653747 0.17865928
0.0602299124 0.0170461831 0.181788289
0.0576221678 0.00388490091 0.180056104
0.0580581357 0.0119428264 0.180051381
0.0710016782 0.0470840362 0.178159332
0.082370543 0.0497892629 0.165739849
0.0790806768 0.0495420113 0.157027011
0.0739376245 0.0386356851 0.13628885
0.07755641991542868 0.056814448800228894 0.13532623049027576
0.08109186643996705 0.05674268532725948 0.14205272237260794
0.0545541460308383 0.02692839121489724 0.18261338896145102
0.05915806674656633 0.03601113517285162 0.18497653851571552
0.0781148084 0.0480980113 0.165274507
0.0706800095 0.046877862 0.176708003
0.0595459505 0.00752354932 0.173554042
0.10619801540263403 0.04760094040642543 0.06271065240565911
0.07486381917616024 0.03553983338520024 0.07494909885623238
0.09742779517282454 0.01573752899837689 0.04051963475319223
0.06310873307680942 0.031216281301829074 0.08278557237087666
0.06366932617287101 0.02379897155420881 0.06866158217444772
0.06087495743029985 0.02077764160601935 0.0643076886252556
0.05955494094581236 0.016193735671830252 0.0613116727309389
0.0961069457109238 0.021038930935706444 0.0451076040428155
0.06831129898558244 0.050371136919435365 0.12882153963268358
0.04482150194276702 0.017116085472088656 0.11528517989360537
0.04334841542798157 0.015350497003925264 0.11125567483844903
0.0511886801615634 0.02729815141493262 0.10030107757862552
0.03977105836505593 0.0050846517829402785 0.11298813340514878
0.03574448577229225 0.014984374405656595 0.13587848460309196
0.028299640666655985 0.008655792014050088 0.1423918645138984
0.039662288384697306 0.01757672891607636 0.13237698307392998
0.042899748605072674 0.01843688628018238 0.12887548551697522
0.04494642160565965 0.019061364906713722 0.12675185337587042
0.047967436576905616 0.01797864016885898 0.12246663955130455
0.037085622970635494 0.014800808452422529 0.14128451297837208
0.03724260427094113 0.012132059922765708 0.1446627821585849
0.04411620719122064 0.017314575675267164 0.13502824382474665
0.05504217413516344 0.01383678892008968 0.15114795243578982
0.052532813781740025 0.00689992640816931 0.1724261643118243
0.05450197904050406 0.01224396120734375 0.17416809805910022
0.055055756473548205 0.0177116840328486 0.176425641248123
0.05074545502811828 0.004202116710810556 0.17601164850507725
0.05259849905336903 0.011435013535309506 0.17595029877508728
0.0686934567538228 0.04938002510977588 0.1709294166615823
0.06294874742154866 0.04285055563099675 0.174727122566274
0.06658717524754301 0.048282923689688576 0.17454226215643565
0.07807839846196436 0.05423671774939505 0.16117914504727485
0.07328940959369341 0.05193591780386328 0.14899158494110595
0.06759448549671561 0.0490901559294152 0.134412288727646
0.0743011894238721 0.04950787973265489 0.16276689220701013
0.06832870210329609 0.04775519732588356 0.16916027807348225
0.05221002783059826 0.008804320075908834 0.16927514143727188
0.05450045836601239 0.019784476167129247 0.09391297110103765
0.0660807656446918 0.022101631249177953 0.05752049752831621
0.05132346668693161 0.002105185690004009 0.08695394971758515
0.0525665888901421 0.004870782205539265 0.08741525360175363
0.0535797093516149 0.008130292200467716 0.08985456023336788
0.05622367124113427 0.010710061808417028 0.0921960035027218
0.047785573798564865 0.01364015455361921 0.10031977848506106
0.04462369156655908 0.010403731341136379 0.10028346577289789
0.04264944918692495 0.008671235952411194 0.09985496063427962
0.04083288668936071 0.0038999241606791552 0.09978869652970217
0.046757542740097024 0.0018414602197877753 0.08373425517595447
0.04727431190055977 0.005275217559875483 0.08367082994326812
0.04881267629045335 0.009856965979787254 0.08583571842662167
0.05050696406397291 0.013517729274217408 0.0892865615676125
0.04430063029643243 0.01617689980197697 0.09774595258136748
0.040111572211889594 0.011752455716844848 0.09916642002504891
0.038511449188363515 0.009408713382139132 0.10046822339346292
0.03675886594221793 0.0051602809395005006 0.10147959324875427
0.03603085952861567 0.00294496904328622 0.10007158220291028
0.06758660558628563 0.043544520814586256 0.10436647013141824
0.05769097065307036 0.03476776815843728 0.10842250427078855
0.03606229687725306 0.009816685314092096 0.10201218975800591
0.03699999172295664 0.011983029663996055 0.10066493787407363
0.04135002433411442 0.015270558310397999 0.09784053957164564
0.0717862952 0.0161762987 0.0650768494
0.0595202965 0.0245136202 0.19028767
0.07466325405456065 0.02189369282028962 0.0848930526086814
0.0696906062 0.0142639172 0.0706563829
0.066759079 0.0108081132 0.0650343949
0.05263878911894901 0.00928492947490927 0.11353157916565755
0.0646187805 0.0112697441 0.160742806
0.0569508905 0.00966170294 0.182186846
0.0575001169 0.0145189197 0.182842843
0.0658821733 0.0374124275 0.183536897
0.0751259524 0.0435479211 0.140379663
0.05410856803117667 0.026215590793744702 0.1877426105987142
0.060334758 0.0315837557 0.194444804
0.078212998 0.0477528048 0.165022286
0.070606341 0.0466063688 0.175701344
0.0601971757 0.0104950811 0.175691855
0.08035431847197096 0.03817699615881526 0.07357158802191704
0.10104201025846647 0.04654665208401127 0.06470752351868166
0.06235145898253756 0.023322365506708683 0.07471997286909099
0.05976120697945019 0.019674239828309632 0.06761356527084589
0.05758957914116378 0.0165378888585984 0.06385046920953566
0.05635617242704512 0.013471781378461061 0.06069606928728282
0.09641361233382702 0.027215033912380282 0.05063697961402139
0.05977950161564018 0.03905946694053291 0.12585755879154276
0.07233762264373537 0.05336328749479383 0.1381639961003891
0.04152527240579684 0.011379720790041466 0.11208064909413544
0.049278907428917385 0.021624322194143196 0.11775708897294887
0.0547974564401362 0.031570561538087696 0.11062161336778256
0.04338655960318602 0.014145504522408661 0.1204045341900717
0.02552000606374428 0.007611424141628651 0.13642469953892655
0.026538199391409126 0.008175270183287791 0.1394544600691945
0.03366990445843125 0.012800395414709786 0.14329617956131022
0.05156544124276662 0.017183479955407432 0.1392928618136686
0.055178288610502425 0.013156728845378435 0.15400120463877395
0.05123655605920638 0.009044063361174656 0.17837668039849885
0.0519978255852429 0.014256158282956372 0.1790553386975558
0.061555972793418616 0.041052676500912405 0.17712872829140067
0.06813781198141945 0.0499610056986914 0.17736495886515233
0.08013208128492316 0.0561743138194077 0.16027561436183063
0.05529944563324 0.03045188274386626 0.09525455298458058
0.07205027500176989 0.046760541470104146 0.160872388811307
0.06843205719988427 0.04634109317580388 0.16790657616310017
0.0565386841354898 0.011502457943724464 0.1695721075458295
0.05533882172973935 0.020086108314651158 0.09304868512938262
0.06281593453000621 0.018384861497748827 0.06015158381620772
0.048772864246622125 0.0020914624186257587 0.08851650804587646
0.0502012791170363 0.004704646177264055 0.08849083213230452
0.04025188240008064 0.003870377547727328 0.09826609977043407
0.04397358787057902 0.001905452415951965 0.08552792682223068
0.04435091607593766 0.0054544902658719575 0.08493502265242739
0.03637283806892819 0.004742254763765995 0.09999173760703758
0.06382686575022058 0.04454268067426139 0.12695796176719504
0.07349636913404631 0.054171469447217936 0.12662391759017097
0.04865341168122291 0.026218490630670895 0.10194681215189923
0.03389262191715496 0.006082601662256331 0.10265742520612728
0.057601831924350984 0.02251798659348694 0.09043789569133781
0.06660698406987853 0.018735309622603266 0.09852604380761192
0.0703931539 0.0146187569 0.0628757668
0.0575369432 0.0194337104 0.186387783
0.0670891925 0.0109951905 0.0622113341
0.0928560686 0.0167800894 0.0620468007
0.0624985659 0.0157272406 0.134938803
0.0579071098 0.00303360293 0.177179116
0.0590427217 0.00889711603 0.176313487
0.0569080259 0.00444335525 0.182517194
0.0681738502 0.0430073683 0.180537085
0.0653246639 0.0358345825 0.182618237
0.081330212 0.0475154248 0.169132993
0.081340983 0.0512202873 0.160548291
0.052305891980296525 0.021269576637316354 0.1832620836469406
0.0835906298 0.0422661237 0.129397878
0.0789383134 0.0480271355 0.163366623
0.075149243 0.0482306925 0.172729275
0.11095364459996161 0.04748098568814449 0.060818452552419563
0.08970608098483453 0.05427190811932659 0.09503867001639436
0.09228445747421846 0.015037306959023677 0.04087689718855968
0.059324252517855676 0.012538067851033534 0.05715870577763994
0.08576225261763942 0.019848626752353007 0.04596848580848939
0.05218730986190474 0.02765153706951117 0.11904832645152345
0.0398377193045284 0.003585542334089716 0.11800765475692648
0.02620282782069608 0.007392004276435542 0.13408969832374434
0.030951759475257433 0.009217094124974484 0.1447723753726595
0.05341016052332907 0.022528304049259942 0.13247698410557526
0.04429999595789594 0.013952883522402183 0.14313898324056315
0.05142953610517137 0.012803669567707674 0.14961723551869702
0.051352698755852876 0.0042375928886451185 0.17271834651560364
0.053827491244449126 0.009284433686049453 0.17187208014638716
0.050499253402280356 0.00415985929310997 0.17862767911967325
0.06562616774372929 0.0462382651824788 0.17274363273139323
0.06047254468345547 0.038942412296955484 0.17596915552565728
0.07655684398379409 0.0533616765676153 0.16521735320249664
0.07661770871220124 0.054094190064538805 0.1551554062174974
0.07381590438804544 0.04958406403082882 0.16003713046508025
0.07165811233274003 0.04961674761405173 0.16710875409947223
0.06248125225999994 0.015536339433982136 0.0574669817605953
0.038909902026867206 0.004288801706469131 0.08282348737560552
0.042970153871701444 0.011529119457707558 0.08474770442256481
0.04413096402682157 0.01349251998761512 0.08728280948336394
0.04636197302881813 0.015177822977713992 0.09023314387416309
0.04862342721648841 0.016336517647401523 0.09260629833176796
0.04830004240652519 0.019391843400676057 0.09480629804360745
0.04738100684345059 0.017677980195472592 0.09481678718166843
0.04411162614492053 0.01722070356926922 0.0951128667344313
0.04063402945266417 0.014356473715416679 0.09654462784142841
0.03658864409944375 0.011128022939591054 0.09950558161610949
0.032137117927982684 0.0031813630973777395 0.1000921801240077
0.03154379652750243 0.001389945586654323 0.09979695305399816
0.06220452123846039 0.041567090214519445 0.10560191799850177
0.056768220796950104 0.03526376758275491 0.11520606569410954
0.04956693662880152 0.02490978902818417 0.09578961694071055
0.05254615206132085 0.026858745030861227 0.08920047831318145
0.07590260268124799 0.05921428810239323 0.1341378479704515
0.07953863134362787 0.060691047094738014 0.14149447065886006
0.0533815723742439 0.02775481545571248 0.18275770278811027
0.05804384318247489 0.037204177766417115 0.1853438509711787
0.10578719505253811 0.04981158031947216 0.06168357186848618
0.07308111215966644 0.03661179744973662 0.07324252107669954
0.0952123673520332 0.016414609104915517 0.03719999905476732
0.06247522314645365 0.031608000605277416 0.08169034079352465
0.06252739425526348 0.024635694633730755 0.06826889264025947
0.06113908374733021 0.022096336885416977 0.06375302054240495
0.057635292600342315 0.017576955376595278 0.06020694366823188
0.09425709565141488 0.023845586802506497 0.0402157832485493
0.06780602876206326 0.05138136869626257 0.12856504240956382
0.043925376447290006 0.01685128563247298 0.11470619364338606
0.04195167533627747 0.015203185528997151 0.11053578398464334
0.049853635863979257 0.027122296325835064 0.09916315295997356
0.03705600087714633 0.005202828474453372 0.11447677230792108
0.03359424635781366 0.016364953114370244 0.1351262478361709
0.02626110399827612 0.00955119674339922 0.14264379739361688
0.03832822079604696 0.01862677492129233 0.1322460421929264
0.04221954639063231 0.019751097029341674 0.12860336887206816
0.04466046975063276 0.019913182547568187 0.1261364192508848
0.047508129527469196 0.01846305014426893 0.12168131900227219
0.03575768023889417 0.01608224191251699 0.14137409162047135
0.03633407680937498 0.012879947523132478 0.14491150778046943
0.043556731139443625 0.0187177424477005 0.13572482698772118
0.05271606915140841 0.015107437968747769 0.1499494893096331
0.05091707982743691 0.00723808252445377 0.17268417519164464
0.053475966487258414 0.012670003027945569 0.17451003410446356
0.05405041507010196 0.01823617350134904 0.17668048152916735
0.049338827759571706 0.004496174758393498 0.17616315609039906
0.05146432465645718 0.011870530819703464 0.1762052943489771
0.0678610813536079 0.05071798609640125 0.17080721558692227
0.06162541947834237 0.04541732118428543 0.17459857058381636
0.06533097797481846 0.04855845454598756 0.17462755759098542
0.07725579565736154 0.05503364980235876 0.1610629302725292
0.07240583256990507 0.052566820310291994 0.14902315869554053
0.06691871672772744 0.050370101018087456 0.1335822325267113
0.07344248755076613 0.05048121394848058 0.1626634449148204
0.067577899935383 0.04898608010788744 0.16905248900737022
0.05083026195738391 0.009204483127117725 0.1693931577924399
0.05152580286244166 0.020940969027023044 0.09322190533305291
0.06468132181107754 0.023003949242034662 0.056463951220587866
0.041788635826474414 0.0021345019628323087 0.0808359231084711
0.043285608116801245 0.006045187413161628 0.0806046620395282
0.04525745081340798 0.01166951169630737 0.08311417169654646
0.04756937425235806 0.016001660678236315 0.08866825773916596
0.032481148110278746 0.0034495849717365353 0.10149544272047549
0.06713359697038455 0.04448955726630763 0.10394067833541176
0.05681144518765138 0.03511003644378313 0.10852178210848787
0.05291071770039632 0.02703604639717842 0.18800170483246928
0.0592383492 0.0325187781 0.195027259
0.07793179146831349 0.039557439663988544 0.0715978399698298
0.10001709673385079 0.04918358188279334 0.06295480839906491
0.06052894991744272 0.023946446473966567 0.07388429293870392
0.05925125519576167 0.02060720434761002 0.06749164799042795
0.056389441278518165 0.017552731035054878 0.06324149350507109
0.053937629552738016 0.014256164759228597 0.05928031014830808
0.09429107624863008 0.02968857152707154 0.04604342880709514
0.05908998579892826 0.03949841861464223 0.12519421226922275
0.07179947812547516 0.05510856360009858 0.1376383637524565
0.040112499143478836 0.011774034545805948 0.11188390686011189
0.04794611884503504 0.021562642160179574 0.11681337588285343
0.053599764898580496 0.03186543884961722 0.11016512177734494
0.043105448694679464 0.014427151719746777 0.11950795442638804
0.022666911246509457 0.008503848251342616 0.13656810813512163
0.023909056895080875 0.008990029543791713 0.1396282060220709
0.032461829648180174 0.013389250664038302 0.14360982470348393
0.050128093159511874 0.01861794674166739 0.1393404150096178
0.053379488310220255 0.013427272085977934 0.15341770913667244
0.04990826806686229 0.009439532791172173 0.17854844567792166
0.050802453407242126 0.01475628743942197 0.1792591554760349
0.06026531614980813 0.04122192532248155 0.17715962708702954
0.06667057078021404 0.049961455121793806 0.17695705396143363
0.07907709663300665 0.057103341976697655 0.1599504600708591
0.05480142770636253 0.030787444563209972 0.09389072095749085
0.07172707340741773 0.047815968039824394 0.1610782841471732
0.06755175667388687 0.04761614463884063 0.1677758392664158
0.05546551388058127 0.011904569810320205 0.16984205062557636
0.05319119955767251 0.02054996356720727 0.09217220111761425
0.061293518523021846 0.020276581027886962 0.05848040374784665
0.03785739777214632 0.002252634488887776 0.08274121622009376
0.0400040134445329 0.006243226564718813 0.08221912836647721
0.033271518620516215 0.00526136526598791 0.10073310274545211
0.06348474173699659 0.04546644405879298 0.12627480731319643
0.07311236458193093 0.055756143034560404 0.1264866978442045
0.04783687675185995 0.026475815217045628 0.10151078472300656
0.0552009553721745 0.023606596194502238 0.08862313906874542
0.051073613482332095 0.021925866885183973 0.18346639159486264
0.11066416917913428 0.049718438280062456 0.059562710471610415
0.08899959628613557 0.05614739977494542 0.09428675667758421
0.09112504056299175 0.016611772721870494 0.03710997363681697
0.05674905263733831 0.013756777055558713 0.05480210841788365
0.08383226053240891 0.02280358362688819 0.040804948643320356
0.05145580259158602 0.0276475900059655 0.11803395726333964
0.03692690861814519 0.00336733868010788 0.11856618370041701
0.022979236301051458 0.008438747999972985 0.1334157058068181
0.029464003335235866 0.01013443295408557 0.14524639149767424
0.053231497153062204 0.02284761451195851 0.13265689016011067
0.04356963763473392 0.014846629922863381 0.14318869516764055
0.048949669950009364 0.014558123577434268 0.14865601853744684
0.049628452014587376 0.004542235276734142 0.17286845127668893
0.052610996720676304 0.00972863880129958 0.17216706604032883
0.048988352357872 0.0044418654970521665 0.17888211367366733
0.06456095043924709 0.04708557073902568 0.1728957234695276
0.05932642389200286 0.039987357709569946 0.17580902152464878
0.07580082268183294 0.054371647506944315 0.164937104064285
0.0758723675717778 0.054529010365173824 0.15507787971768283
0.07304402074061345 0.0503535517296756 0.15983131142581286
0.07083197352411419 0.05082171699272146 0.16714381637621709
0.06034352996449102 0.017627470770335076 0.055215888482120105
0.03978277318685221 0.003861567834229045 0.09722537145773104
0.04061203637476038 0.006336774487171386 0.09711002535587908
0.04175277660361716 0.007795209506654067 0.09756889487746076
0.043005309021567815 0.009516511052042702 0.09821773163449694
0.04461980518358921 0.010664508738329737 0.09892147994964909
0.048093054898310963 0.012357040503213993 0.0994105994064113
0.04967930907725908 0.013679310093430007 0.09954182171528055
0.05109237475484506 0.015341066407688718 0.09940623802292974
0.05489292651297756 0.011209543888049551 0.09539765809216519
0.053316101366515316 0.009749270883479703 0.09443594263285092
0.05167561412080026 0.00804724214578815 0.0933281440275511
0.050118276632595465 0.007151602759095138 0.09203512616007085
0.04901320705337639 0.006445410355668704 0.09109606610364006
0.04836287589366313 0.0058036377574487595 0.0902539689348275
0.047728677955606376 0.004613033410571178 0.08974891416531937
0.04735968025039433 0.003232796836546162 0.08945984469588024
0.04632018463994537 0.0020421819401430057 0.08967602254436167
0.039285727789395194 0.003731774090248856 0.09571710691125722
0.04019607623765045 0.005974485269545681 0.09552987258882713
0.041432623339812874 0.007240468049073102 0.09622213009133085
0.04283045465705391 0.008760315450405669 0.09705424458448182
0.044198904306439725 0.010067688034565548 0.09799081752511729
0.048178145422935706 0.011538020471199067 0.09885292618821694
0.050068423027782104 0.012897499453100165 0.09909474569659334
0.05131053044593314 0.014759936782408294 0.09895565208860478
0.05220665623320489 0.01653040241434095 0.09834511558694081
0.052748746470582586 0.012381732927844469 0.0978460139997485
0.051907190384099584 0.010268851462275552 0.09767785580015148
0.04968661967997528 0.008432128401213768 0.09643255867199273
0.046915981101152214 0.007461766807463186 0.09456258921217568
0.04579558185688209 0.006557159230162642 0.093865726551377
0.04504293747857012 0.005616335841403544 0.09323662547718496
0.04475399847843247 0.004361564430029124 0.09259541378909517
0.045010610581820064 0.002961220261266765 0.0922377557114162
0.04422493340140327 0.001985062998309859 0.09225122693249456
0.03803172291000475 0.0033241087089408796 0.09465626180402562
0.039504665894897775 0.005115380310003018 0.09434320830384182
0.04121646149323157 0.0064915900360875915 0.09485556474731514
0.04250462614183008 0.008029116173282442 0.09572375108199678
0.04376790744995004 0.009494085637490166 0.09655098630217243
0.04690984724182763 0.010726289183337552 0.0981198923596749
0.04992590889290351 0.012585145441946529 0.09823335827738772
0.050792974697541196 0.01416770726161914 0.09795542001289591
0.05169718599784636 0.01640846210170957 0.09753228207042833
0.05120576513772797 0.012861982571135782 0.09865648177680592
0.049548408646096574 0.011376962545828685 0.09879520814529859
0.04631938164490393 0.010410392775199777 0.09783444980682927
0.04348239568523119 0.009570125431678045 0.09635660473312628
0.042645161952896526 0.008176170194576877 0.09583429759478579
0.04201521552293073 0.006733699128268351 0.09539220543450126
0.040861718556947896 0.005060243480773487 0.09442174280833456
0.04067296205467379 0.00339900276680229 0.0938378770857731
0.04103745675004679 0.001721266886882416 0.09373679149776472
0.050569682669609976 0.005793888946393599 0.08936355151933896
0.05070724624832471 0.006680649297775822 0.08976129393902868
0.03522289846372538 0.0011793994952066641 0.09747366429614066
0.0354765706315046 0.0024223267995316326 0.09750729713768291
0.03612525727864684 0.004283548815504751 0.09831490469328091
0.03705145880870306 0.006578031717479837 0.09840999055618548
0.0379858158033401 0.00829270290124226 0.09777082315669683
0.03958829077657234 0.01009080370442926 0.09674358609031598
0.04084803220896968 0.011521476223663427 0.09662101840365908
0.04386377856080655 0.01414633289580182 0.09637642216209853
0.04688699124671117 0.01605431824763094 0.09617072960915986
0.048832198447339666 0.018208361771080765 0.09619588206971058
0.05185165734706433 0.015923613964903185 0.09493570113323972
0.05048239573868938 0.014322752583170655 0.09383101479370047
0.048605814185448314 0.011900498143727315 0.09240004316985226
0.04648347356400044 0.010655622102742884 0.09048945476881805
0.04485740334154762 0.009523276313484425 0.08868540262118735
0.043677014973515116 0.008328222960270089 0.08742767052350511
0.04277030705211726 0.0070465722275151466 0.08670625833857862
0.04190736079000147 0.005515817946258061 0.08658714288036966
0.0413586883670391 0.0037528953784704325 0.0869454383965551
0.041570907253849626 0.0018856994613333242 0.08766938530732897
0.035370196686335925 0.0011950993340857936 0.0965786342518849
0.035906139451332135 0.002413092840928286 0.09672432429166707
0.0362571436762353 0.003901446195903147 0.09661360180042862
0.03698703088291177 0.005959474341996221 0.09659992447658777
0.03799978657831315 0.007393911613866954 0.09589581618682314
0.03935936611578616 0.009271802063516696 0.0952338995272212
0.0409836911384419 0.01072996939661376 0.09558931915782701
0.043096518519624934 0.012742564091859773 0.09590732086663191
0.04692850948031003 0.01480358588490424 0.09599676474166176
0.04909722139512936 0.01726146327153693 0.0961699834085453
0.051746578036518595 0.015901798369054507 0.09639034891459604
0.05074055989884791 0.014792629901758765 0.09581674081968969
0.04846941772136974 0.011639897383983489 0.09541056691684749
0.045433539207425606 0.01063951719784823 0.09370223412546325
0.043505727165512244 0.009528724697093134 0.0919580991813411
0.041945465623382354 0.008408867246970538 0.0906957063197343
0.04095103935513308 0.007076243436467213 0.09005122472461281
0.04022815213551866 0.00548133194616861 0.08980399041788609
0.03999790960556272 0.0037027847787457395 0.09015198668053719
0.03915315942056755 0.001947571423139578 0.08983948130087979
0.03567744761106887 0.0012448995709865615 0.09533055982771957
0.03591275609983183 0.002374225004296588 0.09538170695549184
0.036176582188161346 0.003649347804154005 0.09534791065007381
0.03677096071319471 0.005441666786407792 0.09505575750134289
0.037685779360275576 0.006644623096335091 0.09473714607518727
0.03969748181250827 0.00832438634933574 0.09442928918318778
0.04147398382648647 0.009979726403611673 0.09488982248898495
0.04304257237340744 0.011573002995564977 0.09518932633184098
0.04686800362306682 0.01375218728973055 0.0959400650459032
0.04904175953099832 0.015620605075638097 0.09613133270730936
0.05052475909165855 0.017906685632017007 0.09630407219051688
0.05032563163105899 0.01406849604072253 0.0977240528958488
0.047857844137800094 0.012267287615251022 0.0974958267456814
0.04486722508061213 0.011140733155324318 0.09660920375080358
0.04239328174491622 0.010566735961186223 0.09522889660416427
0.04032963749283498 0.009076886846439484 0.09395075669012423
0.0395009834644094 0.007701320783386142 0.09337757872194502
0.03834014629785402 0.0058226312995285365 0.092631400802146
0.03729984712604147 0.004057408968414353 0.09200317218903938
0.037154880677114865 0.0021396330636156264 0.09183726219097299
0.044932195577907334 0.00695715052392542 0.08517816646347211
0.045533265511950444 0.008320278432542526 0.08582642783027947
0.05934149745327809 0.02756761069356363 0.08654894760500505
0.06013502834922151 0.020800437417025627 0.08053362438623417
0.0588860580704627 0.016487276991972964 0.07730237551269457
0.05765391166669312 0.013684999943770107 0.07579598283460323
0.055420502374588315 0.010820430285615556 0.0744865239306278
0.054499155102961244 0.00700412869769483 0.0737684941967576
0.05393269348864171 0.0021093714088715274 0.07323789723866442
0.0435201762512122 0.01855458132537175 0.10333933770888817
0.04082462121121874 0.013521546951759368 0.10729902934073694
0.040037609053977775 0.011048350323689666 0.10829846804802773
0.03896573074847218 0.005430172225999768 0.10941738621348204
0.03875433613143323 0.0030312539574908672 0.10933737592876322
0.05294918007908264 0.00701699012724544 0.08892827748184644
0.05282740557933702 0.00611317160083341 0.08791667897823442
0.07207368890767496 0.022220008550694184 0.09878742480341174
0.07042568395350876 0.019888906486309817 0.0889645345345276
0.06733762891970384 0.016710805828252826 0.08548962557384031
0.06564452689205706 0.01451719914413565 0.08339543154073305
0.0632153244073301 0.011007207063570052 0.08143863263189398
0.06253929294054497 0.007519528772715126 0.0797256905818262
0.06161861220453901 0.0024993626004518616 0.07894487682984574
0.06427496579423583 0.01592709701218848 0.09042125511233273
0.06403760738013813 0.013942951151371103 0.0869731894214971
0.062604218342556 0.012371928051084908 0.08623430172629899
0.061139392327127 0.01014253525278487 0.0852755000214309
0.060214808295329034 0.0069741210015139615 0.0842764664271396
0.0592440502244205 0.0024740955225435635 0.08303978258792387
0.0528947323580849 0.012188480568929244 0.10566655494930018
0.05113298683090953 0.00928731818286867 0.10499310052193715
0.04990809496026526 0.007389349281053486 0.10367043839123427
0.046940849095843305 0.004264965123675762 0.10148002833887204
0.045898616589038994 0.0027200732934628802 0.10072806458185854
0.054557754248842516 0.013691142434537633 0.10967550745451146
0.05228286210685367 0.010135632334091678 0.10970414755790615
0.05081512107245613 0.007556772558615774 0.10810981185819114
0.04923174288956385 0.0041375749079112486 0.10606065592338566
0.049037073317924916 0.002831725839543829 0.10572736090013363
0.0767987916 0.0201238595 0.0704028453
0.0787600812 0.021934682 0.0688762912
0.0994600313 0.0449502802 0.126428357
0.102530404 0.0443220852 0.125126454
0.122502504 0.0492650472 0.114441965
0.127398783 0.0486718243 0.111521436
0.133107188 0.0492557595 0.107260342
0.103144079 0.0482955971 0.134255616
0.105181111 0.0489795535 0.133847692
0.108913029 0.050311736 0.13052684
0.119583614 0.0534422084 0.128849443
0.125130566 0.0532873453 0.126894567
0.130790801 0.0525796937 0.12455181
0.135992211 0.0537419711 0.120087811
0.103416451 0.0466253379 0.148200516
0.121240681 0.0533687275 0.141511516
0.128262942 0.054015225 0.138338612
0.13226973 0.054914528 0.135711404
0.140424732 0.0552889269 0.13309316
0.0587908085 0.0191568082 0.184480146
0.0606669286 0.0244551365 0.18499872
0.0639487586 0.031097326 0.183776916
0.0562597579 0.00454951237 0.184942585
0.0558503097 0.0113868734 0.185178511
0.0565040879 0.0157671066 0.185552459
0.0633287541 0.0307003123 0.185330792
0.0663743731 0.0367669086 0.184909549
0.0569518432 0.00393568422 0.19033437
0.0565676813 0.012827296 0.190160433
0.0572514592 0.0179056373 0.190332611
0.0669264105 0.0367214177 0.189032937
0.0965009732 0.0491753551 0.184030984
0.106622037 0.0537448824 0.183841016
0.114865952 0.0585064801 0.183088758
0.12956348 0.0632461929 0.181781921
0.135179757 0.0642849202 0.181274831
0.141560245 0.0650765925 0.180746538
0.148093106 0.0653013357 0.180121323
0.0580294746 0.00386234008 0.198218992
0.058810291 0.0124003345 0.197923663
0.0600692822 0.0192488292 0.197663504
0.0977054109 0.0510717655 0.197772664
0.107617996 0.0559406642 0.198005278
0.116719632 0.0601675336 0.197681055
0.131878561 0.0662544914 0.198433505
0.138276526 0.0674435517 0.199241694
0.144676166 0.0679486501 0.199839471
0.150732159 0.0683031325 0.200503504
0.102905127 0.00230728705 0.0539559335
0.10523389 0.00899015405 0.0536212639
0.06265458980379214 0.0025849422307362003 0.06955491003602829
0.06492587690565384 0.00763665419213748 0.07050468607900302
0.06632820501905047 0.010707877608300248 0.07197635521826154
0.06885076833301394 0.014205123520836579 0.07348374909440254
0.06251794411914302 0.002494910417878627 0.0742804346352267
0.06436511176102035 0.0077272534338064 0.07550265144851563
0.0651008579254232 0.010403883617749556 0.07640738200320422
0.06732239612994546 0.014725991454346636 0.07853962920671814
0.07063650439354983 0.01803660230518809 0.08087127601689827
0.0626914722 0.00261926404 0.0670784575
0.0650200532 0.00777570318 0.067851418
0.0666324782 0.0109160186 0.0688509549
0.0626246349 0.00250084993 0.0641988562
0.0650215508 0.00769225029 0.0645758727
0.0628024872 0.00258426014 0.0611650774
0.0650819538 0.00789186294 0.0617395835
0.0714383547 0.0149202277 0.0594835112
0.0675159476 0.0111408856 0.0590118877
0.0842411077 0.0267978008 0.0626373806
0.0813776771 0.0211135027 0.05934459
0.0764293676 0.0160934013 0.0575445542
0.0726867187 0.011733016 0.0559524455
0.0706207011 0.00808228829 0.0548735871
0.0679715349 0.0030897317 0.0546205479
0.103193969 0.0285543848 0.0668207466
0.090151191 0.0130225009 0.0593883765
0.0887298214 0.00912758529 0.0580406685
0.0869259914 0.00236079186 0.0564570735
0.107539627 0.0284735996 0.0662790735
0.060448789608850736 0.01994124858372995 0.11477675154647472
0.05048482880614771 0.0021481937288433356 0.1101283059026484
0.0478505751 0.0028355114 0.162718435
0.0485863823 0.00475584621 0.16195378
0.0500936693 0.00274231937 0.164731753
0.0508457761 0.00467962517 0.164049663
0.0540241205 0.00609999595 0.162599509
0.0524848173 0.00260717259 0.166613435
0.053603272 0.00445387052 0.166019586
0.0562176482 0.00575279888 0.164512403
0.0548404363 0.00250890988 0.168546843
0.0559417353 0.00433732745 0.167717697
0.0573186618 0.00582983742 0.166238346
0.056881735 0.00258767843 0.170464696
0.0576307601 0.00441259173 0.169166964
0.0581165814 0.00525540254 0.168526452
0.0578564809 0.00261329937 0.172367761
0.0585386404 0.00437750196 0.171178194
0.0589703589 0.00596612659 0.170476961
0.0582127657 0.00265939812 0.174385374
0.0590730346 0.00460863928 0.173902382
0.0611260325 0.0202423475 0.182363622
0.0628387917 0.0245763249 0.182844387
0.0648246278 0.0306527313 0.182524981
0.065202022 0.0350206823 0.181926308
0.066799286 0.0387014571 0.181312258
0.061966411 0.024505427 0.183861614
0.0644351162 0.0310454726 0.18302984
0.077163423 0.0483162574 0.174168166
0.0674920428 0.0207675498 0.133717092
0.0708690896 0.0241748979 0.133296587
0.0729970344 0.0271311322 0.134666489
0.0740833131 0.0325297249 0.135499056
0.08463672812927006 0.058791592530005106 0.12213646852404063
0.09361478820061148 0.06333122236098877 0.11751041584041554
0.10986152060664628 0.06974861509446535 0.11038610063376152
0.11917548813668066 0.06967557064684385 0.10708547762183356
0.12648134433316346 0.06884745411547474 0.10401678099962837
0.1326072624754684 0.0666448669371337 0.10104048426258265
0.08734875412266885 0.06139552400661026 0.13149198927602004
0.09621283386807289 0.06483891727233858 0.12842130778717356
0.11310284192772073 0.07201444965805638 0.1220826619733275
0.12161346923333188 0.07298449045886893 0.11908167159974829
0.1287982162449649 0.07192826436582343 0.11689545933054458
0.13630593187306397 0.06887032241402247 0.11530574412170554
0.09058641069727374 0.06217947061445981 0.13999669066372852
0.09896584210483671 0.06642810396981744 0.13816874462496426
0.11620873015388486 0.07278464438982257 0.13295670124506487
0.12378711986258482 0.07379867662484901 0.1301841336369753
0.13118957102293793 0.07355250483119795 0.12793035452380097
0.1390999554931709 0.07015855818905997 0.12747734469540611
0.05326561051461313 0.020119718023695447 0.18057426616878436
0.05511507675575961 0.02648742406013305 0.1804759347373172
0.05766667193317673 0.03303840592930783 0.17865703936927313
0.07339427657548277 0.05270169448818602 0.1703003905030329
0.049779900686265685 0.004319080067270815 0.1814694939472188
0.04982239077786584 0.010435342717804238 0.18222675949616945
0.050762092855222485 0.015790628566163332 0.182739101298252
0.0577857294423298 0.033422355739775755 0.18060352404965938
0.061606857768063863 0.040843603005268146 0.17910841009227582
0.06857063775945134 0.049913121441296934 0.1790662926934065
0.07635599488757065 0.05500735965187975 0.17593190016207483
0.0849975900125 0.05807273260528741 0.17441284978709454
0.05053690252785925 0.00404401034330438 0.1877306660650335
0.05059192393681736 0.01134084821955747 0.1885006831359089
0.05187285813388341 0.017831688162954454 0.1884641484184705
0.06259980313643755 0.04069988723154047 0.1844207659714809
0.06952320117254497 0.04965956708229375 0.18476572050391263
0.07818211415898894 0.05384277258874184 0.18370401779044937
0.08616821255293657 0.057294379801359215 0.18245760328650107
0.09527113406649147 0.06152583597121553 0.18256663079901744
0.11131024606977699 0.06937247432909491 0.18092086764996765
0.12796984742684805 0.07339329416108482 0.1795550545909777
0.13480871918511203 0.07532716617639922 0.1788961636341603
0.14248797034731042 0.07702193493504127 0.17829986977570444
0.15013219982339987 0.07715784287716701 0.1774894254720371
0.053275242 0.0036998898 0.197158873
0.0537627258 0.0116231039 0.197385241
0.0554283786 0.0201546178 0.196581561
0.0651434812 0.0402368027 0.193445683
0.071195714 0.04838554 0.193864829
0.0790528505 0.0534919632 0.193893341
0.0877029597 0.056888557 0.19345729
0.0961337064 0.062315663 0.194611038
0.11233492 0.0696858574 0.193789094
0.130140665 0.0747224551 0.194171589
0.138117635 0.0765737474 0.195072705
0.14537543 0.0779287991 0.195934332
0.152612405 0.0789706774 0.196440358
0.0662601559 0.0139950431 0.155927453
0.0666103934 0.022751365 0.146606277
0.0680799771 0.0260449603 0.14523643
0.0687164474 0.0311158011 0.144223218
0.0700709033 0.0365141688 0.144228178
0.0720432241 0.0407479379 0.14786199
0.0753350632 0.0454348045 0.154815287
0.0775832165 0.0478368717 0.159788372
0.0768216937 0.0477705288 0.169021413
0.0739744725 0.0477515163 0.171933225
0.0715525234 0.0465219165 0.175795146
0.0690715981 0.0418798278 0.177483615
0.0679937837 0.037502332 0.179202776
0.0672510109 0.0346117587 0.180634594
0.0663102298 0.0306518841 0.181456518
0.0660969672 0.0254543088 0.181983438
0.0659927885 0.0207081747 0.181183142
0.0659902211 0.0166510916 0.178737458
0.0661728078 0.0129642323 0.175831024
0.0660598276 0.0107687047 0.171813102
0.0673310667 0.0118105029 0.160148626
0.0645936064 0.0133573809 0.156311272
0.0659276273 0.022156971 0.144863733
0.0683612253 0.0254988436 0.143446879
0.0694557969 0.0307191675 0.142639079
0.070650646 0.0362566748 0.14250984
0.0714102027 0.0405573144 0.145589161
0.0748864551 0.0447935382 0.151939924
0.0781605158 0.0480868439 0.158672361
0.0799443603 0.0489384179 0.162466644
0.0800810687 0.0477952921 0.166529175
0.0780439667 0.0474780847 0.169586594
0.068282695 0.0424361254 0.178810635
0.0676190836 0.0380459721 0.179818805
0.0663676661 0.0347649342 0.181043259
0.0661230912 0.0306577679 0.181968283
0.0656882802 0.0254038818 0.182261628
0.0649554214 0.0207663512 0.181529319
0.0643512899 0.016795809 0.179662442
0.0631291461 0.013718771 0.177045882
0.062558423 0.0105127683 0.174887262
0.0682896639 0.042116692 0.179803084
0.0667430815 0.0384079691 0.180842433
0.065300998 0.0348919173 0.181435387
0.0657422198 0.0303789239 0.18226008
0.0643756524 0.0249125492 0.182486409
0.0629941372 0.020443166 0.181758297
0.0619726696 0.0167254418 0.180449494
0.0606629032 0.0138459937 0.178003938
0.06514607 0.0100762439 0.164074577
0.0656640373 0.0215870141 0.142554895
0.0689841178 0.0252428449 0.141951152
0.0703907596 0.0306531382 0.141584141
0.0713843679 0.0363992825 0.141576292
0.0719584204 0.0409403478 0.144585637
0.0754867125 0.0453155575 0.151061253
0.07382048979817565 0.045918730072826465 0.1019183416021073
0.0848742468493241 0.05141023872512462 0.09812304242139133
0.08543651008741619 0.040666469928688755 0.07181769089945877
0.09261541084608801 0.0027641830445617596 0.03688673586168659
0.09477402161289754 0.010942704814031184 0.03799603283216146
0.05120947324744373 0.002725045579368826 0.0651261784295547
0.05220972352445536 0.009321901768616617 0.06585395199879726
0.05407127551774694 0.013578853602932074 0.06622241256919256
0.057081361827067724 0.016571029983450815 0.06676774012229751
0.0593796636517331 0.018079177621599725 0.07215957061673925
0.05752964369967448 0.015486167511494496 0.07128490057212597
0.05513620375283387 0.012550767684986775 0.0704235875466831
0.05333326742038467 0.008310415749667207 0.06972907442171278
0.05226850694835 0.002286761208863704 0.06858968934189383
0.051055669643361876 0.002862977618564409 0.06308817180260297
0.052519933210677945 0.009800156082520505 0.06321945787150765
0.05443235237410839 0.013759372372325879 0.06329404067557295
0.05225979752181479 0.0029932287308117303 0.06136812964540022
0.05445712071329437 0.009819073170130347 0.06065284524633246
0.05545327437672659 0.002949149530457449 0.05769773449284201
0.05753723141894611 0.009347630384467894 0.05716087932851355
0.06579661110596724 0.01585389563267017 0.05525957629561169
0.06222835426275798 0.011904706900197966 0.054799030058001026
0.08181347531427355 0.029018253279033207 0.05704333022810834
0.07621945563111475 0.02244898349708015 0.05285211378783715
0.0715794840857063 0.016844582307539362 0.05122938928677476
0.06812374244051136 0.012243887700394281 0.050654447503410686
0.06644269913590006 0.009008264141445661 0.05046148973461962
0.06384745683906212 0.002724251535953288 0.05025211017294558
0.09990749500925146 0.034185632632964424 0.05382145733301984
0.08193885604213383 0.014319920404415034 0.04190465523570251
0.08001254303230919 0.009693819125498864 0.04153428745366995
0.07759797635959623 0.0027042541795172918 0.04097362607335137
0.10408980358207845 0.035639314539894065 0.05150407004388109
0.04987037377848398 0.026086189040788545 0.11450676004523722
0.04679695839057455 0.02213645211165788 0.10778006648688297
0.03972516982018476 0.0028293556258923544 0.11324008198209025
0.039742913080469705 0.0014289973049762727 0.11786241721642304
0.037109765531344 0.0013743265491823107 0.12236924476479938
0.0377975036219847 0.0030979984584207877 0.12221452156768595
0.027350480523032458 0.00128122132478727 0.12867155454436205
0.0278677546810911 0.002781973799371944 0.1289150266505462
0.028335470929702313 0.004362825747096566 0.1296468950407692
0.030405701911358916 0.006508444853635303 0.13056814527579827
0.036719005283366184 0.013432568506119826 0.13311212149840285
0.0394346771253106 0.014820602607499121 0.1307882843571886
0.04159236434429151 0.01747341334323208 0.12784655556105468
0.02478579841801253 0.0010553337942148348 0.13124371695155904
0.025571265729041875 0.002816122119261713 0.13147082855288844
0.026691577317652215 0.004600765075324107 0.13176955892156444
0.027751682835514498 0.007080031384862709 0.1321418764493371
0.0356627616985363 0.014524090482747267 0.13478313422452884
0.023040853630686798 0.0011277985288672785 0.13488477548442188
0.023847960035935555 0.002884901257910564 0.13483704880155
0.025049619761332246 0.0049257302913059756 0.13449775259335583
0.022278269698941807 0.0012688024574278732 0.13826853388052487
0.02312861904385529 0.003060466753259322 0.13792842505535494
0.024278773317492463 0.005069727023324487 0.13732650044042752
0.02375543635276389 0.0014611912242160788 0.14220566132714535
0.024236027020969744 0.0032773631525202787 0.14145461139100218
0.025185522172268163 0.005651509764056579 0.14036771784444424
0.025937638454743523 0.0015309889269275675 0.1449969888754909
0.02600304444032953 0.0035155412226683296 0.1443567510492738
0.02682034312160371 0.005875065153173146 0.14342513067882415
0.027713282976177422 0.001691546581966514 0.14751575853367527
0.02807156033667448 0.0038366413058932174 0.147100394734891
0.029096535517827978 0.006414790485547984 0.14593632614386065
0.03010934271168885 0.0018287174661146437 0.14974687365590347
0.030586164316694815 0.004019959152270714 0.14958619134781284
0.03181910472452668 0.00717283286559546 0.14839282452228375
0.033938817373629096 0.00953411266870148 0.14649768685480283
0.03226872614264757 0.002054934797945646 0.15194682635339063
0.033066196526210595 0.00434541153781095 0.15161352723831809
0.03473365401640539 0.007848651299747217 0.15017706281484436
0.03714963946500215 0.009998532655103124 0.14793104058713608
0.03436059290980257 0.0021983695987203423 0.15404336823392623
0.035401623498714736 0.004634723799458544 0.1536775730766799
0.03716229774708341 0.008093372534761492 0.1523349980103504
0.039810171961687936 0.009827326360792058 0.14986348735103902
0.04960456058820408 0.01303695610803393 0.14749171658436575
0.036670150565400815 0.0026747814117345147 0.1566269545611242
0.0374798836669012 0.005041726333343592 0.15599736143297233
0.03943634898718981 0.008358111886911393 0.15459442648556873
0.04230393635488058 0.009923431651603382 0.1523557821332676
0.03910726258835851 0.0026906550964878374 0.15867344823863863
0.03997815326781989 0.005255114696806635 0.15804544028473416
0.041328228311595105 0.008358779247383064 0.1564407063555333
0.04492381806967962 0.009794629829473146 0.15500537230155453
0.04148201522707892 0.0029726647091703248 0.16056387755714496
0.04245055388427573 0.0055929759066380615 0.1602515188024372
0.04443467837875973 0.0076490251115795185 0.15909658939477161
0.04409714677068234 0.00321829130399824 0.1627557856333502
0.045347316467459216 0.005806348434828739 0.16236632554256233
0.0468856550354273 0.00766936537146718 0.16119031469626777
0.04678781936900803 0.003471515304718129 0.16532737022874805
0.04740517533121263 0.005812605995137408 0.16467804571123246
0.04820126312028836 0.007617181780018017 0.16393707318571044
0.04846899227093677 0.003517297630573442 0.1677491981020034
0.048821122105244655 0.0059429097676478035 0.16728368115761685
0.049934586601843266 0.008687215132226518 0.16665376397213266
0.058821444662501846 0.011524699170381294 0.16572166023422752
0.049975146551404837 0.00394011933519674 0.16984336522110363
0.05061290901441859 0.006210602570158975 0.1696742149444747
0.055599641973395 0.02174420257310325 0.1768342261814306
0.05682823437812957 0.026844040838221467 0.17651629757584344
0.05861653949010283 0.03256265652662573 0.1756652806994627
0.060535185298890945 0.037847247763731696 0.1749443610613605
0.06272879421727653 0.0416731011178583 0.17347369691075315
0.05607522896741405 0.02672373506888599 0.17839448991802254
0.058240038608997104 0.03295445234483896 0.17699060860428742
0.07258640497965028 0.05165652936666188 0.16887743753078455
0.05374826280741957 0.023327224762773064 0.1358169700954459
0.05538498537188039 0.027700982708820966 0.1304865739387748
0.05758073131343409 0.03380202231343822 0.12982242310220887
0.06060465190423882 0.03909446693551749 0.1307126116726524
0.06405840211440522 0.04434383036763645 0.13222665975328
0.05946969511683172 0.018874220217445302 0.15335755537406395
0.060468014748103385 0.029690295643285437 0.1448673949967026
0.0614080357119274 0.03287274436275887 0.14390961956542317
0.06211872858515322 0.03690498965372959 0.1438979259522951
0.06371981943938819 0.04048498782581385 0.1446104557961355
0.0663201619572364 0.043493723089892466 0.14638195133832738
0.06944701554551039 0.04625534916303738 0.1496809491640755
0.07276238317676412 0.04818464744282767 0.15498866291970081
0.07354937080890783 0.04883079832680553 0.1640880195208992
0.0711052433298603 0.047482312134867116 0.16578205710342434
0.0685206378342321 0.04488925815446548 0.16638122824077897
0.06549956825533852 0.04155557102386718 0.16689978414552936
0.06343485170090908 0.0382732274426323 0.16791407818913623
0.06276066884711994 0.03497084961574663 0.16912093162051048
0.06198707622696164 0.03121257093031155 0.17003785757146547
0.06158919611804338 0.026791718685297176 0.17073593285865268
0.06209788611400072 0.022546691990191953 0.1709302725961637
0.06248933656545931 0.01944481917565538 0.16939502140571888
0.06267970442319452 0.017209602658021836 0.1677506824382686
0.0634166262627222 0.01564469297383532 0.1664784908782547
0.06312183145882272 0.014318872906015231 0.16500472820276715
0.05941597709187152 0.01611753051601914 0.15572207689378967
0.05772619031683286 0.016347971963459277 0.15200833004164604
0.05838845516815045 0.029221716735600818 0.14197108518517526
0.05982879980773197 0.03355551230621395 0.1406737518865288
0.060884735012693154 0.03816498256747046 0.14122050013310705
0.06296467704537838 0.041971985284746535 0.14252239681313889
0.06591971657337369 0.04482074525841922 0.144685547638897
0.06912389153423067 0.04749215141926042 0.14704778949284747
0.07346444217279266 0.04983712608536571 0.15199492411366106
0.07525332024766822 0.0517164598754191 0.15791486763719587
0.0763676806548682 0.05219954784806655 0.16208377576992877
0.07489821476317529 0.05131240958318013 0.16484220203511363
0.06548212772651889 0.04273460919383895 0.1689919565844975
0.06312802833723208 0.039553557671759415 0.17020042986553388
0.06182668296929323 0.03623909149337992 0.17107714415455302
0.06084093747364472 0.03199972458524646 0.17195353410441108
0.05971735834015842 0.027117326416973505 0.17270092986272292
0.059745138036754825 0.022442591341123353 0.17305240899342264
0.059950031703088574 0.018628978554228362 0.17176461485368544
0.05982125078018478 0.015737374346886317 0.16963849977098566
0.06009707898377594 0.013625232482290533 0.16794944276371288
0.06539323840371511 0.04411749645120434 0.17107807416204462
0.06280469836240254 0.040747073975373735 0.1723348240188079
0.06102975188769138 0.03699677189716864 0.17330795875654104
0.059488523316097 0.0322730141195279 0.17402489548796107
0.05793378733607734 0.026981577739238646 0.1745822538757082
0.0573884616357072 0.021914773366621013 0.17492221026787827
0.05760667419406755 0.01786916071104229 0.17370205458657137
0.05739613115177511 0.014416696967800206 0.1718166501621395
0.062477518539987426 0.013294895314350939 0.16317669781461921
0.05807165957513023 0.013168982190742196 0.15866979531439562
0.057262420043878035 0.02846904669051543 0.13944283247780878
0.05922822264171733 0.03368550777529502 0.13854427860480112
0.06069638495955719 0.03867219888462765 0.139359106888365
0.06296978416074617 0.042612552524983 0.14081374496830235
0.06576563974232909 0.04583087845985182 0.14278855593872175
0.06941907096284713 0.04901064334469673 0.1451330970776661
0.05538589494990856 0.017229904319677754 0.0830961488202727
0.054823741533940505 0.012887973401631626 0.08013926529885622
0.0548988857421746 0.0107550032720959 0.0794404569606641
0.054505571461373775 0.008347951301211916 0.07883010328530174
0.05400448216883468 0.005764603077838138 0.0785601001566378
0.05300045686661332 0.0015934856197750756 0.07833402409646271
0.04385606433188182 0.01739217571728528 0.10050368705508037
0.04067475366744101 0.0128435869328146 0.10289539570518944
0.03939552140447829 0.010523141906825241 0.10402689451199812
0.03773681204492024 0.005404765576456274 0.10426713548936381
0.036906361554777285 0.0030803202921028056 0.10343342625691276
0.04819155689162477 0.008525873141495008 0.08486817903968787
0.04771792584679084 0.00713161351561228 0.08399689472679284
0.05680243905424704 0.03004920296472809 0.08819044803888143
0.06878872706868697 0.031731496702798206 0.07692686678804979
0.06923094364714176 0.027427136443904473 0.06594649357063923
0.07077424914792395 0.02754848003434506 0.06000541950325417
0.06652136414618225 0.025098855130621635 0.061756337295102354
0.0596438202222875 0.01298158224820635 0.09092605450647309
0.05764055860221853 0.010373539920517455 0.08896572946853322
0.05684726969133931 0.008521516497184384 0.08808628467310187
0.05602414777878967 0.007127912680803453 0.08674506191371913
0.05484776241123963 0.005231678061449811 0.0860922295519945
0.053713824700874956 0.002124565329583683 0.08530006786908897
0.0601124784 0.0204973616 0.18366012
0.0699004461 0.013754692 0.155665861
0.0692231915 0.0239351656 0.150294734
0.0693713217 0.027311059 0.14938706
0.0699687565 0.0318175154 0.148447402
0.0720264803 0.0368506471 0.148978404
0.0761491993 0.0420570621 0.154324507
0.0777561005 0.0451539438 0.159324527
0.0784376743 0.0463253906 0.163127525
0.0756409591 0.0470248931 0.165337675
0.0745446996 0.0475149657 0.169873759
0.0725314006 0.0462747515 0.173319002
0.0700250535 0.041795951 0.174735622
0.067799159 0.0375319572 0.176148132
0.0666542193 0.0340524066 0.178795146
0.0664109853 0.0296338209 0.179458601
0.0678526124 0.0244443514 0.180283102
0.06892701 0.020005988 0.17887117
0.0697497609 0.0163024835 0.175945084
0.0698209492 0.0134772489 0.172530793
0.0685052869 0.0119789938 0.169434036
0.0672337894 0.0131641454 0.157614698
0.0675649087 0.010701638 0.162747423
0.05435135748563091 0.028485801378385713 0.12656732473191784
0.038706621929365095 0.016559921748150724 0.13156607527408684
0.05369573788700692 0.009548461331479035 0.16581398058391103
0.05459706502406803 0.021854910311036594 0.1789709864659912
0.0639624409768934 0.019729367543231215 0.15358825074307533
0.06314809299959519 0.029400943899813424 0.14953073575483614
0.06390612273598076 0.032819915865877916 0.1488042892990684
0.06475903687962956 0.03611971430860561 0.14857081518254422
0.0663350269004711 0.03941065014702923 0.14907185131928719
0.06955266547489201 0.04266734997380427 0.15116516701643856
0.07154783707379815 0.04503155022600594 0.1551286000187811
0.07178539319840434 0.04613174234973584 0.15935259621330303
0.07157297160076792 0.046293507138376794 0.16186170277093037
0.06996337508421582 0.045235984208811295 0.16333984594368528
0.06805647990299958 0.04296884718898535 0.16378410747401656
0.06584307355892717 0.039835303410817396 0.16405833891595387
0.06407737369152036 0.036491022935167663 0.1649232269188225
0.06264687432673896 0.03339891380861343 0.16607866947320055
0.06195819301923835 0.02952614539607828 0.16720399367726407
0.0632064027108992 0.026670942383857452 0.1673262190588217
0.06423742007503483 0.023217469573183276 0.16721752149498006
0.06442543469033352 0.02042721957903911 0.1665665046312734
0.06455707809673673 0.0183225299561989 0.1655520553044793
0.06462631718452647 0.01694775027096053 0.16453285401158127
0.06438197515071283 0.016157021989978274 0.1634240424726666
0.06062894317131989 0.01807908541220418 0.15477290329718915
0.06446615633068267 0.015866562102390267 0.1615143376991159
0.06344419424588323 0.01604083891957521 0.16013168860354443
0.052535344756505564 0.015423851868860158 0.08689312760239343
0.051712024055868104 0.011411306419653587 0.08380471184021385
0.051470775804113286 0.009374276816295322 0.08305199100678781
0.05092298837574646 0.007265781394446952 0.08222763796539169
0.050232603674698936 0.0050073817315276084 0.08166157979705126
0.049617140644409086 0.0014876416879923955 0.0817173338749434
0.0694763547 0.0114192056 0.158681085
0.04191739498195205 0.016123710245272618 0.12710229199292714
0.06451883265180577 0.0177875023945555 0.15621285811046645
0.0318421589059732 0.0013559610474861254 0.09821637289692352
0.03250006999733722 0.002992898764130359 0.09840741149798714
0.033236763900409694 0.004539234937828233 0.09869120528348418
0.03416103525365688 0.0066049263487367145 0.09873239712057781
0.03515320824453307 0.008578095494748998 0.09830412468258926
0.036340880209711886 0.01020533357026318 0.0980454099335421
0.03805665560366948 0.011969695962226573 0.09679956672166846
0.04072211786966671 0.013716141993599386 0.09540997172593739
0.04410059793515423 0.016451324910311548 0.09447303483434212
0.04758962429199812 0.017256413689410843 0.09430357456100254
0.04985072299147087 0.017014989825868573 0.09487913933368755
0.048491552575109 0.0162334293919964 0.09398926924776625
0.04541790886239966 0.014506429209984874 0.0922044552548061
0.04287407709370191 0.013029679758667066 0.08943656714954798
0.04128399312708729 0.011217383847398567 0.0873109982477359
0.03997638456552881 0.009242879560800634 0.08579141041686615
0.03873106581723367 0.007785290739622556 0.08507512907500749
0.03797787725139058 0.006157776532532528 0.08507583930765232
0.03713490196438565 0.004110644427858054 0.08593082698012416
0.03647792858249925 0.002064773566164376 0.08595328334744273
0.03292609761271114 0.0013834448549147023 0.09679794582211552
0.0333664892974123 0.0025368775462773717 0.09690357942727085
0.03408824294959505 0.004197713325271281 0.0970059587095768
0.034645767256610914 0.006006397429948381 0.09690078774883112
0.03575679286800614 0.007791712668758778 0.09652242557270876
0.03692620734786676 0.009423303023065124 0.09621545706832964
0.03876227838060552 0.011172252228224452 0.0952338930861224
0.04113945172027888 0.012912021231954859 0.09479916411039345
0.04462223587038681 0.015715541983076786 0.09422073841896392
0.048012324930259385 0.016879923512099878 0.09440100443054916
0.050120248623287414 0.0170235109814405 0.09570988652964695
0.048749574095136965 0.01625160889554099 0.0952895389633637
0.045326571332103556 0.014175545111277874 0.09424638793800219
0.04270979783761952 0.012595025004417587 0.09215727558866281
0.04054927526301735 0.011209998369595572 0.09030211988686362
0.038663171950465695 0.009520899299919288 0.08911071400433956
0.03748440713380313 0.007859355017682139 0.08837598984234517
0.036730750382621864 0.006084670230024949 0.08808504331530452
0.03625936068188088 0.004179324914335385 0.08829286674247415
0.036150057630059476 0.002128019436678473 0.08862838961639362
0.034321586886205124 0.0013298559538244671 0.09597525946769045
0.0347350097745793 0.0024601344205947484 0.09599582011560959
0.03516446869843529 0.0038996725103782894 0.09604026692225694
0.03583726639263555 0.005701358869930652 0.09576803991408035
0.03663457159396596 0.006944409509607413 0.09555103781385041
0.03801135597686579 0.00877043142590627 0.09495381445713956
0.03974074507534168 0.010482772325510011 0.09459712714847655
0.04189748136769964 0.012169480046522302 0.09458415620881468
0.04545621840426547 0.014739572857957009 0.09445859860401129
0.04868887976588989 0.01680904102785608 0.09472540450144278
0.04951313557921092 0.016068070760975443 0.09617298207290809
0.046564110270381404 0.01370977844074195 0.09581619809995758
0.04336772504175306 0.012187720958256553 0.09502758224007188
0.04133413961374472 0.010987004553173077 0.09298078760731641
0.03947891619209761 0.009438550254214792 0.09156408276787519
0.03817608618381836 0.007871336566173582 0.090775453117297
0.03728168155669473 0.006152523617655768 0.09027689952307058
0.03655597551549224 0.004232804559947409 0.08995669870194817
0.036363049025577514 0.002137766907839888 0.09015394128400601
0.04091722180743169 0.007993671426306399 0.08238086475794186
0.04190786994352234 0.009721175856004185 0.08319711199950813
0.057935433279130436 0.02856212317025647 0.08470139714024102
0.057546684778593975 0.022024267343427543 0.07812661317708812
0.05490078169548399 0.017242518463710027 0.07433865358944866
0.054104985588880064 0.014699150139432557 0.07373222185350589
0.053481357615740265 0.011624754249638769 0.07343694203508676
0.052150999782237195 0.007991948041678276 0.07292910317852576
0.050818900944170346 0.002456779797650065 0.07241586885870213
0.04255290025343112 0.018540956444782895 0.10374051587112806
0.03948345824089013 0.013895522430133221 0.10673650547808274
0.038686560464282274 0.01162611986877735 0.10824652080383448
0.037042125268876264 0.005652185584257668 0.11070090445435114
0.03670967203532579 0.0030259212291686125 0.11040944824111316
0.08362193985319462 0.060714876086535016 0.12148310065934798
0.09197261701743473 0.0650006810642835 0.11740952948306045
0.10905898210022742 0.07360923895122344 0.10950114380048197
0.11952121131713997 0.07225709748923975 0.10606449689642793
0.1265908493798893 0.07197493951094198 0.10300511983734391
0.13304055045903143 0.07104801961119203 0.0997074136590402
0.08644739704206245 0.06343605987904957 0.13068645627772443
0.09547607956779167 0.06642776369970493 0.12790803281725777
0.11280668939634307 0.07467899638227786 0.12135292169453302
0.12211935084975557 0.0747920712061389 0.11838463165209846
0.12903774976005694 0.0731231295360878 0.11644074642004594
0.1366680222979418 0.07237405976977468 0.11413011009028012
0.08919208697802901 0.06482980909561183 0.13956666320994113
0.09857118796882454 0.06845462501686331 0.13738641920617342
0.11585577737491445 0.07506003468695491 0.13221174675133923
0.12435263634607174 0.07584375065949522 0.12952590551844223
0.13166571185193432 0.07557448840100314 0.12732159344910118
0.13921431697648787 0.07292172377950538 0.12639320966686338
0.052085085490384465 0.020744386786593714 0.18074288820258355
0.05398751024720234 0.027330477285544007 0.18054422302188036
0.056599248358166925 0.0340531671748866 0.17873805571261986
0.07249225369490574 0.05412977229163493 0.170232938826365
0.04819098052793201 0.004605863235324585 0.18179962295924385
0.04843308805147306 0.010896466637422051 0.18245721813748972
0.04948119793401493 0.016367361436132374 0.18294155482076432
0.0566718075412294 0.03445221388234405 0.1807738157077753
0.0602273896781346 0.04168098219177943 0.1792510737938117
0.06775283387545851 0.051116879594359545 0.17916167831860766
0.07577588908773603 0.05650697479837611 0.17609424831400772
0.08434717022720796 0.0598831822529837 0.17468947151743314
0.049083205230886946 0.004395217837640551 0.18808189397918304
0.04927422128608039 0.011851104580058303 0.1888126625667235
0.050616153645310094 0.018462684429430883 0.18876471601492792
0.061432885661820286 0.042181083371008246 0.18479326600587892
0.06865410009054919 0.050958307939476956 0.18501894716728337
0.07761940966931113 0.05521766971620003 0.18400497585815453
0.0857277606575478 0.05913805185626437 0.18253720150800232
0.09423216439484781 0.06391889900155077 0.18172825422133063
0.11075832332698682 0.07172534869850222 0.17973639380916015
0.12767186177838932 0.07500887363198837 0.1786833815328441
0.13505768824736447 0.07772802579438645 0.17769226621286452
0.14309662025358066 0.07906649133392771 0.17727567274016598
0.15029262450180128 0.0795513297716116 0.17675038359404582
0.051926523 0.004079976 0.197691758
0.0522793558 0.012134156 0.19799392
0.0540634628 0.020930676 0.197157282
0.0641022574 0.041418844 0.194087519
0.070459564 0.0495312842 0.194457703
0.0785189916 0.0547149066 0.194561987
0.0873490641 0.058282966 0.19408877
0.0953129297 0.0630214032 0.1940467
0.112344988 0.0714871608 0.193506073
0.13058766 0.0766836433 0.193615266
0.138107232 0.0788268369 0.194282679
0.14628789 0.0792012942 0.195062391
0.152776474 0.0811174429 0.195681735
0.07320221075062476 0.04732286693171597 0.10176468584226149
0.08433010520345419 0.05302927461409251 0.09747093722872956
0.0823744043606662 0.04267309208995433 0.06961705735641291
0.09081834862158 0.002711481149472551 0.034392408045320004
0.09289439238312448 0.011630565281195179 0.035097371893610306
0.048525522830749616 0.0027693774248904296 0.06477585104768471
0.050563694631294155 0.009798734616942428 0.06549569862278748
0.0530843521594093 0.014259246677229815 0.06592481023873988
0.05579978660460881 0.01729168955156835 0.06659033327157976
0.05704438119738334 0.019023589779156504 0.07118721573480222
0.055262310441400966 0.0160877183330437 0.07048939252076761
0.053583434339334615 0.013207531471164257 0.06998042924713499
0.051636284198897785 0.009059324987572573 0.0692982369970219
0.04916197176711901 0.0025001837523789044 0.06757624832100827
0.04858972084073215 0.002890546579636778 0.062425669516978866
0.05039786667160398 0.01032953102167204 0.06248478292173949
0.053213331523163314 0.01445545501223248 0.06265269174608208
0.049980445132148554 0.003112027538817552 0.0593476636171806
0.05155179914879239 0.010482305527657195 0.05911892379952694
0.05245211083156449 0.003263218305292203 0.05463941424713222
0.0546668382879233 0.010438691399330968 0.05434812822067854
0.0878009238903395 0.002937428815061714 0.03501521671372989
0.08898387110694331 0.011742677367723518 0.03519534097583228
0.07959860427522425 0.031325843063122395 0.054359122333256016
0.07486646621909027 0.024409004330447966 0.05060613120529946
0.0697888728511037 0.018117701136185327 0.04898607948443368
0.06595158428734879 0.013117637963868172 0.048821143104764604
0.06425072443491851 0.00986785838309748 0.048238085841035075
0.06156629574451135 0.0029482345049231017 0.0477152806256487
0.09781390573754191 0.0373263565543722 0.04905706367863375
0.08092495848758828 0.015311789889761479 0.03974423563946503
0.0790472417184808 0.01038060099854583 0.039513957997693784
0.07702502127577815 0.002720184467668825 0.038805790737225704
0.10190545839882731 0.03867554670422772 0.04640325609003553
0.04878016742026545 0.02619764705461508 0.11409294292033363
0.04546672805802499 0.022176187053328307 0.10731846434544774
0.03706232133267845 0.0029955158773026258 0.11445265667452785
0.03757876812175589 0.0017576553884179143 0.11810399873175108
0.03591908535614919 0.0012517482106004414 0.12157899799984091
0.03600174613088359 0.0030171519040070346 0.12201451151942777
0.026516961571473232 0.0013724663124605803 0.12718554544331911
0.026861024871023133 0.002913605646982829 0.12747481624287596
0.027110057093722488 0.004523367753020974 0.1280196231846271
0.028223633769379745 0.007090432368022905 0.12897670907339506
0.03587715704246439 0.013912292398523053 0.13209350018762117
0.03867801159474185 0.015201842896067684 0.13004055795226369
0.04084753561715719 0.018341300780916815 0.1275656947060835
0.02344374021028212 0.0014061438995588093 0.12993412710546895
0.023560030906451816 0.0032378933069311068 0.12997178419935937
0.02378383450289575 0.005657803614298737 0.12989319162254553
0.024903053751716826 0.008285682102904484 0.1301304883448771
0.03406847885027404 0.01525902304304404 0.13340787058656137
0.021321372728373988 0.0014541759404377527 0.1342558136363543
0.021455830904954606 0.0033824452246073843 0.13418062639483774
0.02179856144022663 0.005786684837924625 0.13393378017915927
0.020532483775119535 0.0016054166775757853 0.13842205374218844
0.020688260237614463 0.0035554861240883503 0.13825347478270233
0.021395618240172314 0.006029726745606652 0.13757791401218794
0.022355382039095047 0.0016745673527600858 0.14266303175311573
0.02199581370321869 0.003820114011448315 0.1421518709837769
0.022376786118292046 0.006378747734415263 0.14121601614988769
0.024728390232417467 0.0017437311209860576 0.14566384177401784
0.024578713580100452 0.004112709655106049 0.14498095183242624
0.02466610793551484 0.0066735132202752874 0.14416710920557696
0.026304168772458645 0.001826095326796527 0.14809155132847512
0.026559855584365966 0.004382721543174666 0.14758105418726128
0.027699861024361342 0.006882523298979558 0.14649632718854502
0.028916953237636937 0.001975646998953445 0.15046308066962427
0.029367665380242564 0.004598617293680447 0.1501908112263426
0.03060464218965867 0.007556117790614858 0.1488473826275533
0.03315238713102835 0.010227048749941053 0.14680431478055184
0.031153508748338388 0.0022325195041809783 0.15266384980572859
0.03177196408908236 0.004987651465583756 0.15218671572664236
0.03328601619465 0.00801922829139375 0.15051364915415083
0.036217332763651834 0.010594900620640063 0.1480508352318434
0.033149629184400654 0.0025179015620247023 0.1547548666348325
0.034050828396702454 0.00519774770914743 0.1539745693719752
0.0357665925237195 0.008421744753957747 0.15230930171039003
0.0387598169534952 0.010682677993564526 0.1499876882794156
0.046379599415507004 0.014827858153478729 0.14563525249827927
0.0352661540568685 0.002941316683776441 0.1571464958604038
0.03594473262697028 0.005705544286241798 0.1561559202121391
0.0380749354792724 0.008808025073388945 0.15433721344815493
0.04119129607057092 0.010636340547654012 0.1523542481287109
0.037394500590744825 0.003321239654132646 0.15928442813077826
0.03805632953825903 0.005997051815676007 0.15826119669542899
0.0404816886978215 0.008815482200661461 0.15643833282115313
0.04390153552578794 0.0104400966585128 0.1550017339433522
0.03954019513144518 0.003672962444538462 0.16122553427654243
0.04029630330010619 0.006322454103568769 0.16061724220543327
0.042840981917825045 0.008791326545923572 0.15926045779299228
0.04146747921192503 0.0036191090650803865 0.16276497291515407
0.04233237533885755 0.006295832230576212 0.1622651271007344
0.0444108668071775 0.008185495691850439 0.1611717932938791
0.04427812970247295 0.0036410184494475363 0.1650456784079972
0.04511871528312844 0.006100792740491165 0.16442785192526668
0.04717936046188692 0.007852448496697391 0.16371613931831558
0.04649301353412145 0.0036560993002262153 0.16751091132091883
0.047018113634290995 0.006154874778561487 0.1670065171626019
0.048563854811059806 0.008518396516706935 0.16621180274661954
0.05743026335777155 0.011551283096572185 0.16562514510720716
0.04858442551704616 0.004159378356690655 0.16989459401318655
0.04924714248166795 0.00670957144697586 0.1697541140159065
0.05456892546834197 0.02241889784335898 0.17693779251396397
0.05585548111007582 0.027721620901943064 0.17651121942648051
0.05759632304223282 0.03357634245594762 0.17563625840882227
0.059486010757062315 0.03892326115917064 0.1747787699763259
0.06179138329373686 0.04350896121036365 0.17389854402424293
0.05500804389328377 0.027584930484037144 0.1784107097055638
0.05719469441894854 0.033970028944493566 0.1770094939036896
0.07151825723073216 0.053050817419912015 0.1686640837024233
0.05340916032824332 0.02364094375126083 0.13593153183578344
0.054960764536956724 0.02811918130022664 0.1303491377543538
0.05691844805572464 0.034300283961517915 0.1292852286794521
0.059758061537813836 0.03984358242855696 0.1297971021326909
0.0635225707820423 0.04559625705535456 0.1313809441439301
0.05864350778486219 0.01929442204077081 0.1527739205387208
0.05977696425500896 0.030155777205905433 0.14436886762875592
0.06075398365136261 0.03355621263582664 0.14344616865290938
0.06145661615591439 0.03763408057968707 0.14354989809133176
0.0631071975803408 0.04134377059612362 0.1443763305039754
0.06598196011631001 0.04441089440583533 0.14639594391828337
0.06890958017009509 0.04675455613071663 0.1499331055051813
0.0718640466385642 0.0489054769692598 0.15501821954451642
0.07281583890324711 0.05009401674942465 0.16406839727304673
0.07018342225826359 0.048839035328948226 0.1656647189044709
0.06769123386095438 0.04616707933136481 0.16625817288552913
0.06471520989412008 0.042660974105333864 0.16684196356148
0.06278987203627873 0.039235458546093796 0.16793995802493253
0.061949539285982076 0.03603471051060458 0.16906173987314838
0.061230084458083804 0.032226089852672675 0.1700084934165635
0.060782228496633915 0.027702471130166845 0.1707199366706693
0.061208827519100714 0.023282446329982626 0.17099823699756558
0.06164109618505605 0.019990710403577888 0.16956245999615352
0.06172970583845408 0.01768424288375709 0.16784678906002173
0.06266030593479752 0.01619883133675018 0.1665325164702717
0.06217784059372363 0.014858637564039451 0.1650954738372112
0.057662002061272775 0.01617523963222432 0.15454342641186494
0.05662638399669239 0.016832170773213303 0.15114789174196522
0.057748908450131274 0.029714330779800187 0.14135714208356584
0.05904195509784932 0.03416219393829666 0.1400830610949112
0.06071602201497911 0.038320915559935595 0.14091077713975475
0.06267005165053839 0.04226871034287903 0.14230479501266202
0.06535695781021354 0.04570913322268309 0.14442961537717827
0.06844023708254841 0.04811534796775101 0.1472713296000034
0.07216165605041558 0.05030066537132146 0.15143875124456138
0.07447236208118846 0.052292884943814774 0.15769015365248173
0.07537152672403645 0.05286786656291481 0.16219713678578268
0.0743107524483503 0.05240649965454762 0.164701615042204
0.06468248647157511 0.04384815669223358 0.16890885422901064
0.06251704465092359 0.04046183773475795 0.17010797806261393
0.06099870525897272 0.03729322990951358 0.17100383838689925
0.05995672011583798 0.03306222821019542 0.17191531983401998
0.0588909231193105 0.02803971062647445 0.17269457103886765
0.058872836664734834 0.023176044447947908 0.1731529274209008
0.05943031114803534 0.019195103667387723 0.17179710000339884
0.05894896671266641 0.016119330066780117 0.16989032813074534
0.059029372169234574 0.013825201568287 0.16811728979002244
0.06424138483364876 0.04545085797626827 0.17102800557468825
0.06177748632608908 0.04205500239069417 0.17219815836728905
0.06001631356390147 0.03808570617143091 0.17319690194851672
0.058507594395289665 0.033307331622603194 0.17396447938884557
0.0570565687817926 0.027884732795364728 0.17456659490021642
0.056367832168802354 0.02265866504905699 0.1749509444508196
0.056691083124245596 0.01838912262577558 0.17399269001199147
0.05646323768428254 0.014866389567287482 0.17217427895271098
0.06117014136572085 0.013667765171368418 0.1629457274548795
0.05652317668937825 0.013234772607865415 0.15813134485153527
0.056691920483249746 0.028871106035302314 0.13895119594988695
0.058492018328116395 0.03429133361387372 0.13795048194847112
0.06047869067712654 0.038915653313216544 0.13896382170739036
0.06256403265329406 0.043100610006542084 0.14048149943621704
0.06520773995370716 0.04676214319595763 0.1424495155242014
0.06868835509219756 0.050044295336280575 0.14495888531603032
0.05400430346954601 0.017766182922520225 0.08100545913323855
0.051160887737960466 0.013501902051264279 0.07721256803297724
0.050788449997430624 0.011578905906315915 0.07658177070589495
0.05121960018695651 0.00944344268128783 0.07661261247080255
0.05047411790216141 0.007278745970283627 0.0760314810370935
0.050355401051699306 0.0027314664487024017 0.07597245823238476
0.041996898728179945 0.017506930593370273 0.10070070130826601
0.0385223492865038 0.013220582187986486 0.1039394947661939
0.03750189215696826 0.010780200131197676 0.10553823961112442
0.03584082114052072 0.006591661409991333 0.10706843476823273
0.03435417523891516 0.0039868690566431325 0.10496462076842718
0.04484860303845038 0.009728476819152024 0.08182481490443581
0.04377303052643355 0.008093999383375274 0.08074737747968365
0.05579687101085866 0.031197253848844312 0.08743645183113365
0.06734764467342315 0.03325715500910792 0.07499631114413911
0.0670076265417185 0.02875361657399243 0.06428071275695071
0.06907599953661707 0.02884975867269818 0.058459743526965584
0.06469845160868315 0.02618740865315216 0.06087511702429625
0.05390362231467704 0.028716389126939985 0.12640805758536328
0.03771862687626432 0.017449318687433858 0.13108265097847455
0.05195083134801275 0.009865267896950242 0.16564896138820337
0.05348167623811739 0.02252620233599977 0.17909615137320664
0.062254980731235914 0.020676777668192103 0.15391002046041358
0.06313825948981988 0.03003505251326811 0.14940998995412322
0.06359329320588593 0.03351973576385787 0.1486950519067598
0.06430307765225952 0.036950800072430255 0.14859976235789735
0.06603220892204659 0.04028484590976525 0.14924486852473154
0.06927020071091503 0.043598729821846406 0.15145965110044024
0.07092792702308032 0.0458001077497879 0.15535727830390922
0.07146690471739188 0.047249975211407905 0.15955747964169342
0.07122191395774594 0.047362480274016426 0.16208817422498747
0.06926259936278766 0.04648017523817574 0.1633312545592281
0.06727895942667801 0.04422197160179231 0.16372736084895217
0.06511979973616967 0.040978475011121694 0.16405209691189437
0.06328878276157815 0.0376101102989959 0.16489170801304362
0.06200752898809664 0.03439126153106318 0.16598936726990202
0.061308873896082125 0.030275000011344737 0.16718452584237525
0.06242411258787042 0.027556376120988064 0.16728293421092646
0.06325057002199262 0.02404452675489156 0.1671690058724044
0.06378391411124838 0.02105265034776728 0.16658298410576147
0.06398626607806189 0.018936812502662926 0.16560757431542533
0.0640853946311196 0.017593780906634902 0.16472990869907028
0.06382540051929758 0.016799721394435044 0.1636760111593421
0.059354834630773005 0.01861053657442348 0.15440110499292717
0.06377547511410787 0.01666137806713348 0.16181109787808493
0.06222278688744476 0.016473766389424684 0.15985862641319526
0.04985449551200272 0.017460705846501813 0.08466791970709432
0.04820705518189532 0.012884658088557403 0.08041209544920853
0.04767409142805208 0.010765649459320212 0.07936315284380457
0.047256004216194164 0.008861936928948775 0.07852874091806071
0.04727659552851878 0.006438240413157857 0.0786323868443545
0.04633547293363424 0.001922464529752431 0.07880231381457517
0.041499033672800285 0.01648539802689531 0.12657145375296106
0.06313165761194214 0.01894741063953491 0.15670255511351816
0.0984928122924101 0.030777597752963234 0.04378343764421664
0.1011097924691134 0.028416450753431802 0.049327291345190906
0.105709351 0.0227247095 0.0641484429
0.11979601161087758 0.05303454113035705 0.0640354201837978
0.11927421098391967 0.05594100813393489 0.0628805384579841
0.09738730387994268 0.023809256982706316 0.038885429356610456
0.10108689877851298 0.030297035615293254 0.04222213669590406
0.11466216788463209 0.050209998845910896 0.05626692845066004
0.10102373710113954 0.021084098710161703 0.043835192475889774
0.10545100343195803 0.028446526087765843 0.04697319389124822
0.1158850567760233 0.04729249174665729 0.05789055276843963
0.10914007671722314 0.034306354195522255 0.050450423913903426
0.10530773843685093 0.038369109781141934 0.04522930653387883
0.109094856 0.0177499979 0.0573265062
0.111284596 0.0226131838 0.0599013136
0.1132167 0.0271440924 0.0620525799
0.10411916227453849 0.0027845633242784217 0.03156760580740123
0.10557408464547759 0.010315126837118032 0.032290847112919546
0.10818193918942798 0.014525818153588556 0.03223774286113708
0.1091292124971714 0.020685333775609275 0.032129831720133915
0.10836071109675899 0.029793493345852077 0.033885173105446004
0.11225896788108258 0.03739282192088133 0.037395470944284616
0.12100068090876652 0.051193753749239346 0.04667970745437479
0.12759797567403017 0.05680661639381559 0.05433338536258082
0.10644412843326087 0.0028724392062487013 0.0335089443796321
0.10718956330583337 0.009692492339577743 0.03360571852877651
0.1094908697016029 0.014502161620525094 0.034223787903059855
0.10939755936517842 0.020702805255570656 0.03385982663224119
0.11070608429478722 0.02885389870236997 0.03521502491650151
0.11474215919946844 0.03626353172093287 0.0382868893029511
0.12332625773306324 0.04937291542892483 0.04703010529146619
0.12874996785339504 0.055705656928816766 0.054080183857499416
0.112707803 0.00345619488 0.0375315924
0.112731086 0.0101689662 0.0380310287
0.114231206 0.014356434 0.0385360905
0.11594587 0.0192409865 0.0393644417
0.116974997 0.0268172452 0.0413490399
0.119693886 0.0334390198 0.0429918746
0.127291199 0.04538714 0.0480401271
0.130691863 0.0511600729 0.0548908598
0.0884974133404611 0.002585072460805527 0.037562212554247416
0.09039594401387127 0.010390406565484126 0.03871302707058149
0.08706376822688454 0.014961840667898059 0.040079615514163225
0.10474121999757682 0.06257490672603597 0.08451572863202357
0.10498143634594856 0.05999667331436841 0.08513883751174053
0.09131372349324483 0.020802387213820533 0.04526461402187768
0.08952251998471618 0.023383376410566866 0.04079974131674587
0.08597451588134383 0.016269465702386757 0.03693166125647175
0.08347257921170395 0.0026303493747852186 0.03829507817758461
0.08339170201207725 0.002706317132348396 0.036179491829282595
0.08547446568318759 0.010105072456618661 0.03903636000692466
0.08418675582303309 0.011083496194818692 0.03633938282641476
0.09486676266086784 0.03247987364083413 0.05510398945498709
0.09267324463384341 0.03570431024003901 0.050463447699134745
0.09082490960042779 0.026424353611147287 0.05134976410772248
0.08806751266689068 0.02900857985384042 0.044970618565505355
0.08622913746891073 0.045125873194867085 0.06749228558035686
0.08906525798528656 0.04275918741765061 0.06972848450963863
0.08338806545420535 0.03332055960342517 0.052238295320013284
0.08789696019486251 0.03452095546103955 0.051093614979435285
0.08551042941702008 0.03043151636528705 0.05585478180976391
0.08968721042280323 0.031557172965429536 0.055329651499672866
0.09067815462471177 0.04663777427193624 0.06594732923974325
0.0949863260591647 0.04811828797510377 0.06407435110886005
0.09298885038990432 0.04380755825461401 0.0680315228276529
0.09685001462803385 0.04503013002149978 0.06637085558310021
0.07924440774563435 0.025748837973320466 0.04821754232331132
0.08342693918244998 0.0276698978030257 0.04583764524396899
0.0814592713994837 0.02345350199193755 0.05181159141764035
0.08592756302744681 0.025188268160466938 0.05116208860089578
0.07465996282858052 0.01910711622777468 0.04669658260632864
0.07934137115135735 0.02079862058384236 0.04390381417918536
0.07645249543145298 0.017622507483305974 0.049346989043311904
0.08134699179378983 0.018783251202050964 0.04740460289429622
0.07047545600725488 0.013395242762664744 0.0463481883825299
0.07544601271294507 0.014163842130201344 0.0431139350755886
0.0724827808888819 0.012798271331583407 0.047818086454434895
0.07701335581721097 0.013389756356801332 0.04488420974814177
0.0687332221193645 0.009856671228744944 0.04597604460458826
0.07350413491233725 0.010117632561599579 0.042802062562884574
0.07071674708358033 0.009265612225009974 0.047641222170163706
0.07509932628388818 0.00952461931041772 0.044568649823640366
0.06705193814995507 0.002784538150859021 0.04561611480684588
0.0714239287356308 0.002830081710076112 0.04264441819944631
0.06838786600671806 0.0025472266114512044 0.047266356917225895
0.0726676467306306 0.0025167200208661574 0.044502378624812544
0.12449031271176354 0.05604245945764971 0.07639577324769137
0.11946984447531792 0.05833729459152219 0.07856906637039728
0.11240792877955767 0.06018198161199126 0.08168649970933636
0.12409311551275465 0.06308966270433225 0.07423367341208453
0.11902723057135242 0.06267162551960866 0.07735250571026807
0.11238138012748798 0.06317425640931568 0.080641733817483
0.08616713258422551 0.058620032900344926 0.14112864113043902
0.08216179117096171 0.058684019520434644 0.13359669236266597
0.08431898786848792 0.06258268869302869 0.1404762922644271
0.08101048694571661 0.06172831176191966 0.13218380238410063
0.07905841250933059 0.05608855189382149 0.12489317967181462
0.07805209764227651 0.05829419221976481 0.12404990690286484
0.0917756709 0.0530355584 0.145395704
0.091198758 0.0485064152 0.135794694
0.0886135892 0.0443430515 0.128988722
0.0747112066607554 0.053504152051417696 0.14710129063792637
0.0736583933050811 0.054502916597893705 0.1468677958828723
0.07961577663214454 0.05746083502873826 0.15145207621609452
0.08034337288239025 0.05628555834442517 0.15176729079934034
0.07564139542513915 0.056228063676938146 0.14527292151165647
0.07630235094150069 0.0546921777977883 0.145437683912418
0.0820794620463975 0.05817946527144491 0.15931391594824473
0.08289924964811046 0.05719043863135602 0.15930977746564648
0.07745020409864194 0.05625543452730601 0.1530107678022948
0.07828451645002445 0.05547274327126408 0.15320179581252102
0.09359110071400949 0.05846507429981155 0.09152391917600883
0.09894631700676337 0.06042511791122015 0.08843328261644157
0.09655653023018311 0.06759814691803868 0.11507113342744422
0.10199111401228159 0.07095294560631248 0.11239831406686099
0.10006990271666184 0.06891157695876057 0.12606013880145853
0.1050773585999875 0.07262459459662828 0.12404978837633085
0.10315588152758774 0.07063815581621198 0.13613877654944842
0.10803795669115665 0.07383260564853324 0.13460940177479155
0.09963504775949658 0.05832950813791945 0.08863855861136924
0.09442671781115808 0.05659065245996095 0.09191031900476675
0.10317461951544117 0.06796380354823088 0.113139710015365
0.09803560766794324 0.06546517787802968 0.11545740536318967
0.10580282432160651 0.06990198852632473 0.12501849626997183
0.10081056417649686 0.06698354170033542 0.12688063005807498
0.10872321629149892 0.0709914513515095 0.13540987465537552
0.10349151518772529 0.06853402272605841 0.1368970068846885
0.11604087281368836 0.07267783961686433 0.17943849603386658
0.12180052927278404 0.07409866293855241 0.17901797657240331
0.116505374654437 0.07106316530131258 0.18030825167509915
0.12195320586188395 0.07283117861854808 0.17979991120878597
0.09467390765878948 0.06446583807275592 0.13919516593213088
0.09377423849396165 0.0666421654525374 0.1385579008948097
0.09179712129642809 0.0629616295907106 0.12995530658766397
0.09096737624465719 0.06472188368278342 0.1293574449226972
0.08886298541572071 0.06083728491708033 0.12004480253338634
0.08789524439535978 0.06260029201659939 0.11948263289567299
0.0797447918773178 0.049143552861174736 0.10014784631876514
0.07950131496846229 0.05033695622727173 0.09968969614475857
0.09957569771944769 0.06720356626653312 0.18078627991346694
0.10507294250518551 0.07007130580371433 0.18012872140384556
0.100549515 0.0661152164 0.193806999
0.106434941 0.0687339325 0.193603114
0.117944037 0.0731095366 0.193466301
0.124171245 0.074578448 0.193308125
0.101319931 0.0651860893 0.194173689
0.107107971 0.0675507616 0.193902823
0.118330185 0.0709492306 0.193944896
0.124408991 0.0727700344 0.193885301
0.10040460506419094 0.0645898686975602 0.18153891586130838
0.10575284486427328 0.06721662785587652 0.1813976341193751
0.09047644167378813 0.058993961994884 0.1828150895464218
0.08968396618614122 0.0615766026147345 0.1823934119735918
0.08230884057678475 0.05527909027058664 0.18220696663884445
0.08071894260052287 0.05575979309380585 0.17471194934072426
0.08184654291132903 0.0569981275686961 0.18240188122006848
0.0801311937154303 0.0572586135731931 0.17482922475150853
0.0783253244525642 0.0554121457440238 0.16550172249939893
0.07743343346859911 0.056413267654465464 0.16529840933727555
0.07233482945604923 0.05250797776082186 0.17748342546650245
0.07087870064046663 0.051753141436699686 0.17529415588849726
0.07165277202059123 0.053811796940564614 0.17762690499182918
0.06996621704654793 0.05286240161807986 0.1749029718334998
0.07390620260415359 0.051779283407117495 0.1840954759154419
0.07319180756079319 0.053017001693154105 0.184389288362248
0.06580120867256468 0.04582517743825115 0.184559231853984
0.06501628266260243 0.04613075270984329 0.1804405200191679
0.06467820696665849 0.047390863417441226 0.18492953044970173
0.06253203071685257 0.04801172237557263 0.1791443359097513
0.0642872036173661 0.04501296516856446 0.17790194601573905
0.062406565377812515 0.04665426055121684 0.17690757046335254
0.05502866150136356 0.03266658380535062 0.1867325154338103
0.05674344770963061 0.031322515137079066 0.1863249868268853
0.0579074238 0.0261303027 0.195433057
0.0567394266 0.0269555816 0.195991766
0.0631089236 0.0356515702 0.193717151
0.0618023248 0.0368996185 0.194415476
0.0678369232 0.0447339104 0.19365821
0.0668810604 0.0459508885 0.194294179
0.0752830515 0.0507657232 0.193762686
0.0746472989 0.0519346249 0.194407402
0.0833377727 0.0552134163 0.193714467
0.0829064075 0.0565160704 0.194359518
0.0919173196 0.0584684754 0.194614513
0.0912822442 0.0598907437 0.194134543
0.0466563208351239 0.020251781577042677 0.09892533342849781
0.04777839474333928 0.01862011264731231 0.09714081470237464
0.04577892543099503 0.020934707606469597 0.09851009124002877
0.04733425605020039 0.01855548258565377 0.09596261311322639
0.05003635967177729 0.018347733346958797 0.09521165832740133
0.049784062816578475 0.019192925367452526 0.09556601871834826
0.050410005774944276 0.017058933898994353 0.0940389575579174
0.049599411295483495 0.016992604179300905 0.09111391449495845
0.051474288557254444 0.014873864483782204 0.09100128486293299
0.05246901040300552 0.016051565061671182 0.09425583003609297
0.05357798745747447 0.01665311484623652 0.08845547719014697
0.05178994579217857 0.018606396206971472 0.08776060836596233
0.0548615144932613 0.01759877451728024 0.09010862233049272
0.053606788975662546 0.016377569587858083 0.09333362863555382
0.05331784372062677 0.018850828071952323 0.09063396196054865
0.05129497523711955 0.01720867846536273 0.09340282629885639
0.044969115181047147 0.018973160060116033 0.09963529186601644
0.046240412928469775 0.016981794661155052 0.0975046745491709
0.04384412747416748 0.019513685221619212 0.0991420305725562
0.04450784510539825 0.017664566738871505 0.09614364180263382
0.04773924708648688 0.021061529361625135 0.09863254811333733
0.048817702034341146 0.020147763113472945 0.09656528924923281
0.046910285787198504 0.02143773288803024 0.09812583725638195
0.04759056070088492 0.020072115390383283 0.09573942381049749
0.05025700483107953 0.017434491851909862 0.09632930573739754
0.051259392895318896 0.015846300578613467 0.09754698866657771
0.05031094382947804 0.0179824064991061 0.09491215657830686
0.050259784807090924 0.017732681963779442 0.09508427294750639
0.05210929735480529 0.01826433831124924 0.09594380689681324
0.050499880647286804 0.018678381684327866 0.09457167953533563
0.04940351892785762 0.018811378516834537 0.09472117794555132
0.05117704423707331 0.01834389050459305 0.09648509996610356
0.05258891778834895 0.01817538188238881 0.0951097005152395
0.05052199584383668 0.018816935673265527 0.09447124337593732
0.05097945943873715 0.018948960842916394 0.09424888719895488
0.05327753875612846 0.018044936916324382 0.09472783612638012
0.045733127059040216 0.013796371159552182 0.08643974889128547
0.04945104327026868 0.011552662215083472 0.08724754648793821
0.05430417977811078 0.009594294044717833 0.09092067754821104
0.05869326851973403 0.011851967978329022 0.09333985049400483
0.05204404170421453 0.003448447615474751 0.08683181288910978
0.046796330783841884 0.00364393668418753 0.08354101318771938
0.042611964468463895 0.00417070150914863 0.08085165113433981
0.03864746744231807 0.013609318070392958 0.09935377298545647
0.041530462747648204 0.013222065160099057 0.09889422488962217
0.04587171763686869 0.011907971838929245 0.10057412228320782
0.042405500881486397 0.01476756187520971 0.10225356088534608
0.039903680729760964 0.015186977893612702 0.1033459666759233
0.05201483935902277 0.010562021988988314 0.10529850784031165
0.04137692122634397 0.016213021425638977 0.10544923262789588
0.0424062479362341 0.016231518370888886 0.10556484712827206
0.053137019539940565 0.012474137528670725 0.10877382557074215
0.04035421477882263 0.01231581838065208 0.10080246955103761
0.04192519432117508 0.013993051413271139 0.100323063329342
0.03772421905048963 0.012515724396766001 0.10242598523754749
0.039028932544333934 0.014535685857852542 0.10088304309815233
0.04521570690885671 0.010438723350623196 0.10147383765214141
0.046410739490661636 0.012142007896885531 0.10169389081694458
0.04411585127858966 0.016600060204324616 0.09911784260977785
0.041653235825322855 0.016407102897604827 0.09911421609952033
0.04798653313711276 0.013899549612172093 0.1013019667224254
0.035060562982749024 0.00822993904915421 0.10239884133919151
0.03782297708226145 0.007500730078928043 0.10134240226843204
0.04158975638932987 0.006729335010041019 0.09998617916817036
0.03646239570079322 0.010332315095213332 0.10395433266635681
0.03899107900702968 0.010009596067759646 0.10225425836099464
0.04357709265352163 0.008762612629475277 0.10127503453567163
0.0437011096219192 0.018709690072638348 0.10912796392132283
0.04499740107440618 0.01892650545672979 0.10974973279494424
0.05595147586762269 0.015590781128152832 0.11434613406648421
0.038659120191639626 0.008033577482840577 0.104593753795162
0.03639201144982389 0.008786108235300913 0.10650455003189227
0.048533988321793446 0.006019296506357295 0.10283654834396128
0.042060446230622 0.006531105986408288 0.10107840499971243
0.03829635873844681 0.007680366704841683 0.10301965112523423
0.041453160577458625 0.0038281286306731553 0.1007773024726887
0.037320836987680135 0.005377743765366649 0.10291618951726862
0.03591667434120622 0.008812886396787222 0.10464538397257458
0.03463954714823099 0.006626265719851616 0.10495211957177399
0.03946232077411978 0.007830058690040413 0.10901362637825689
0.037771621773547315 0.008880978755772068 0.1093441987884772
0.04976171226619454 0.005967945463664819 0.10683270151168169
0.040757693631414633 0.008129618024935364 0.11240296981503826
0.038590328296559166 0.008305571919021435 0.11312942376104555
0.0515655668554592 0.0061080559204752605 0.11153644075149073
0.0457624345726429 0.004061907989862816 0.10019807263890254
0.04498715072304551 0.004003112447749654 0.09906796820201347
0.044146593609995524 0.0032777822482090687 0.09781852434682141
0.04366369277833748 0.0029777672145116364 0.09696989281634952
0.04139520193811777 0.0033710530793513794 0.09558269960449742
0.04752187794776227 0.005735903768856495 0.10117808720055523
0.04666614332444545 0.0056178909876844875 0.09974215113194533
0.045978966046371327 0.005545667414245343 0.09878879558431575
0.0450525092403645 0.00528321804899763 0.09781785881085742
0.042773622230559194 0.005199838232595451 0.09607494136962902
0.04447836327026793 0.0064420523077180535 0.09694947355680499
0.049216616220706555 0.007128377952010352 0.10210361094003399
0.04837303661191936 0.006970758216639495 0.10071075679116466
0.04743531583959839 0.006879293412425822 0.09953444956842104
0.04676548998494245 0.006656282143308812 0.0986155008870168
0.045889391127932735 0.007758412279241099 0.09743329688777831
0.05057936720038049 0.00905482698914343 0.10331381031839498
0.049838864045670464 0.008748220004705957 0.10193161605116623
0.04915355648787972 0.008388552066795549 0.10066629432379308
0.04837394828361579 0.008147759100537754 0.0995389370106987
0.04835959208805358 0.009055064074955241 0.09856841092745247
0.051809769744423154 0.010455972988173894 0.10379470289513902
0.05142100770551936 0.010119756730876162 0.10261806056588148
0.05069967683960462 0.009702015902682812 0.10166001359209167
0.05005463345928955 0.009391224136281472 0.10060374203258712
0.05058329574038221 0.010781885357819774 0.09953110432757682
0.05265979982316638 0.011925237285532034 0.1037189878386966
0.05238276226857674 0.01158352382867942 0.10254960334163828
0.052210448351554 0.011244433641996695 0.10175852742335725
0.051909378691844005 0.01086144491852363 0.10109048437799012
0.05347580121711803 0.012909385579225195 0.10692020051786684
0.05242076456275398 0.011305368459462119 0.10670925063441908
0.05129089145007604 0.009421552096973157 0.1069060973583546
0.05006605335610019 0.007350900380875497 0.1049574770355614
0.04940504173881706 0.00553940621747554 0.10395466339287035
0.047902089478963836 0.00430874068728262 0.10302285852742202
0.0469038788934405 0.003085755059204993 0.10243019432304364
0.0365898005336992 0.0031658535745098357 0.10142234329884546
0.033334305278438246 0.0035543292674471093 0.10322579485106212
0.03972701349262453 0.00202612188208337 0.09977424292535897
0.03897115855981613 0.0021607992725154396 0.0982899478037202
0.03845147155636498 0.0022103869438036606 0.09712152183276648
0.037937661209437354 0.0023045192511332527 0.09589079627180425
0.037403829586291536 0.0022492427808221685 0.09462760200201473
0.04036512639868051 0.001977180719623669 0.10090570645227012
0.03956977952841767 0.0012539053940850843 0.11328746289411222
0.038643829944043195 0.0013188646030989728 0.10924420071619295
0.03736497290761524 0.001489729675802421 0.11463634038568214
0.03682452569160493 0.00165908030023704 0.10998785359283872
0.05007407021027523 4.966350869752145E-4 0.10961375313206556
0.04905735254647248 0.0013305388998413174 0.10524837529200082
0.036744526309345764 0.0013869184151840497 0.10320997271725085
0.03410327455347889 0.00193768781583911 0.10495990942788992
0.046883215916270746 0.0013705163941377715 0.10193289673909771
0.04584331292696059 0.0011601571142286458 0.10052479267208875
0.03598397601765788 0.0013572589877569247 0.10065917390401712
0.0328328343997878 0.0018530444471770808 0.10287992858362896
0.03553259729164918 0.0012777105073267145 0.0997890542978475
0.03180919981003476 0.001619182678238728 0.10144252335737738
0.04072488984744418 7.32516353634125E-4 0.10058409302918658
0.040045462871195855 7.532893177817995E-4 0.09947805424792187
0.03917030018817009 8.010571266125026E-4 0.09791852228477231
0.03862259996525073 9.298024896432471E-4 0.09674745304578741
0.03778175104072215 0.0010248306951080755 0.09576730466577937
0.03689440367465079 0.0011157200454526373 0.09472722902857057
0.043016588334449275 0.002101736434227854 0.09608176332017938
0.0450982504712603 0.0026859795369381175 0.09957078192216069
0.04420774082684064 0.0021819252346115033 0.09817158080380255
0.04366807060978057 0.0021022414123107306 0.09722101262049108
0.04048613061144355 0.0022089113806575255 0.09515674357915314
0.04236551481996464 0.0011663924915399275 0.09539631925797508
0.044901572811668074 0.0012329853327357062 0.09947048809238677
0.043772998410606646 0.0012135351718243186 0.09782687140439293
0.04317725813110888 0.0011630435029775484 0.09672151449256407
0.03958814474420057 0.0011888738799800032 0.09432321209836295
0.05340715447932206 0.014052013095728807 0.09785659289324612
0.05618392824811213 0.013229182667168054 0.09630456648572902
0.052240490856818554 0.014795621138112735 0.09865353850150092
0.058885060467744145 0.013379865130472719 0.0953536487580775
0.060375643765250356 0.014142187655818157 0.09452892271173959
0.05187638970227444 0.01377243303478968 0.08501239814899582
0.04877918006359894 0.015319037552876441 0.08212661836599325
0.04981230542015366 0.0031935083758903677 0.08148988420467836
0.0470678596210095 0.004094159669272271 0.07888260988005066
0.05850906194181704 0.011895625837766047 0.08992497930028108
0.06074982023973823 0.014247024277759321 0.09179171064329777
0.060959980394566134 0.01578037010843518 0.09286593344111864
0.05431275680941676 0.003574718661074861 0.08563497790072858
0.05532376044652127 0.018612282154121685 0.0917376011732997
0.054378948772042746 0.018061287706337796 0.09396802713427761
0.053739024042924424 0.019243566371711356 0.09205599147363734
0.05152531693186713 0.019089075392865303 0.09377275744022162
0.05302097740455945 0.016718255299638742 0.09812559773693759
0.054220196997114875 0.014859807212765285 0.09807516200478049
0.05675813411133955 0.01432954384327667 0.09718571740872307
0.05900064530776979 0.014552183241799467 0.09631788746770767
0.06019861506168293 0.015641202598388363 0.09517640109241975
0.06438855020429413 0.014978172541512532 0.0892151665925211
0.05503428558054228 0.015103443167536566 0.08148058829735438
0.06092395176500046 0.017121973726459284 0.09445756388906315
0.051052698132436715 0.020886660818363507 0.09370636630327252
0.053865744412098605 0.019723936427387057 0.09444378708900898
0.05095121295307317 0.020917672526073707 0.09406999479710085
0.05313851395361259 0.01992155428102456 0.09491497190108317
0.051052319138154674 0.02084425755070365 0.09452647251437711
0.05344072045325351 0.019184384247907367 0.09553158390142677
0.05142891071151176 0.0205286836240571 0.09485878670011565
0.052054768480260395 0.01997074619807048 0.09546313307626068
0.05414981622830419 0.017059197071502438 0.09782045019741731
0.055509802111665764 0.015220612377125995 0.09850729480781736
0.056308193971164294 0.015010158099845647 0.09867187827878626
0.05743165771482161 0.01555933440147774 0.09819679472532916
0.05970995375911439 0.015752395792719733 0.09687569434255563
0.06055251729679592 0.017186003574892247 0.09662607334801684
0.04561209763131681 0.018072384628348044 0.09863784141884398
0.044605005533048116 0.018497370307680783 0.09758302291539774
0.04706460955189313 0.019268743124387373 0.09808854742252861
0.0482949263247871 0.020751941733635027 0.09736995684415939
0.04647599502385085 0.01975005258192167 0.09731707320585699
0.04735507450090769 0.02088712778484364 0.0968341501867645
0.051780847387685215 0.012113874050740209 0.09951069105183746
0.05257593742379691 0.012210363626042709 0.10112220729346162
0.05260749623828215 0.012274344445559738 0.10183126265154932
0.05265647109980724 0.01252548570947867 0.10261727782082228
0.05298819339978902 0.012788302814003026 0.10395391345476875
0.053411195808280396 0.013123894937266716 0.10555889480583766
0.049023390846244436 0.01496726009283513 0.10046669260238927
0.049130957666419915 0.015354255934842952 0.1013566175195428
0.05395013602874071 0.01409626314093361 0.1066186279983279
0.05243433363440441 0.013543426123052087 0.09929513610736133
0.05290159117215181 0.013141757731059049 0.1009591715887778
0.05304615658495768 0.013376919935961623 0.10169047000355945
0.05342678899079166 0.014040089119567703 0.1027129726370663
0.05450173426224566 0.015328389211860357 0.10429791671681526
0.05525523908530051 0.01576860919754597 0.10558657593345906
0.05046277438476389 0.0163894066864104 0.10033318653414385
0.05027049466131925 0.016808074817038963 0.10122445344848226
0.05562758513866643 0.016360428992639866 0.10622674002579582
0.05266288955438832 0.01482002088210981 0.0989687862289918
0.05345386686264829 0.013870789567409447 0.10061693921339704
0.05381318838638689 0.014482209660663724 0.1016064895998358
0.055641379405659164 0.016437858039487944 0.10322004793583237
0.05739926691054559 0.01824038550930884 0.10467799908313268
0.057534619300319056 0.018668559955345606 0.10538601820286925
0.05161602022075316 0.01791272634739673 0.10004581251353749
0.05157768647794591 0.01800538357287612 0.10104991460139028
0.05774305774464297 0.01900774174170102 0.10585058940674667
0.051842816065888725 0.017676961686995535 0.09924543356343486
0.052174350528001595 0.017134333489091363 0.0987272972526458
0.05017165048711277 0.018622701666171276 0.09559086260005521
0.05616914817377494 0.00198688719238045 0.08726672750036547
0.0538568134275999 0.0018048108500024463 0.08903853791956026
0.05255055428660292 0.0016934224287884364 0.09027741960947111
0.050784357440391614 0.0017051109189245139 0.09138999057800933
0.04729229677252512 0.0013133004175993562 0.09274966464180621
0.04418826892156191 0.0012641359231205626 0.09423051435774518
0.056646404808271544 0.004136726683498954 0.08785395639750544
0.05479495280248456 0.0036596303792679986 0.08950298163095845
0.053077270854393954 0.003353924792030687 0.09028501606656505
0.05066569625620704 0.002753281969874712 0.0915031891757759
0.04726144437221978 0.0024167954858400056 0.09363248096900728
0.043110766525974745 0.0028551262360905706 0.09457590896316488
0.057182234077038506 0.005845941263828565 0.08791900113721014
0.055419941221869336 0.004878652962880074 0.0899307079629269
0.0535150092978447 0.00432288226384983 0.09089927766130097
0.05047993670158351 0.003876101919471807 0.0922090625581384
0.04714378086369898 0.0036494286455302566 0.09398019059927154
0.042966477850270336 0.0042362682517454635 0.09524318052276508
0.057558933799701104 0.0064838939382718215 0.08801012221712913
0.0558245526860387 0.005800847835875949 0.0897791402699582
0.05324941385516877 0.004721953189099158 0.09189445375791443
0.050813783904184465 0.00477296509038401 0.09285066365038509
0.0472440324304093 0.004773047464889753 0.09462137899364513
0.04347324425158438 0.005807937214514493 0.09643814536388823
0.059573086374695 0.009954873350287153 0.08872053262791772
0.05514348063856723 0.005588665995862213 0.09108307175495112
0.05296074649690871 0.005847729379166242 0.09214413843426453
0.051097977738598074 0.005339548031496144 0.09337878596654901
0.047696331986890585 0.0056850250978734964 0.09526569296444316
0.04430430361893488 0.007200069665113538 0.09674556042296904
0.059777988107400315 0.011015343854169518 0.08947540764510133
0.05511746990204033 0.007363527039502197 0.09123101267601771
0.053351699506037784 0.006919028400688615 0.09228302858742617
0.0516566910013291 0.006081230206554771 0.09378011395765459
0.04882403892941259 0.006667084908688605 0.09624523404132013
0.045044904947365474 0.008644066580547866 0.09710836256765022
0.06044513159071849 0.01213631109135068 0.09018385124383038
0.056891386892685136 0.008862684929570647 0.09251692514072309
0.05456134208803997 0.008281539777942996 0.09314392683373418
0.05299615868451719 0.007584925689527794 0.09438196194707879
0.051010952479934334 0.008102012719846317 0.09761115504855193
0.048637247118261666 0.009316166293044914 0.09870739463363598
0.061391934481993315 0.012898830358318273 0.09113432280021107
0.05820818911884661 0.010184959448462741 0.09303595564784839
0.05609308251711283 0.009625363521979312 0.0939738403534737
0.05454303429648129 0.008948307129765054 0.09530097542023054
0.05291488090328002 0.00991088262425521 0.09874365654721262
0.051044603714693035 0.010791304451857558 0.09975395931735269
0.0622881664971438 0.014035307211924922 0.09226181358219608
0.059849218115475646 0.011977201578497545 0.09368212917878417
0.058559983380931324 0.010496804906327527 0.09506878441182746
0.055982894659300564 0.009874017520755564 0.09615938676368625
0.0534041555230538 0.011739230326519644 0.0989636152411004
0.052171134192169864 0.012654447746905466 0.09948394598348197
0.062354239424099935 0.015748251973395126 0.09330940765569222
0.061420199354810454 0.013283015950960805 0.09502244017678621
0.059665602255012586 0.01246418321969221 0.09620587043268676
0.05679056640015749 0.011602976471300526 0.09724729435751457
0.05381816666093983 0.013176838342177073 0.0989787141824803
0.05290087527858067 0.013998396463302275 0.09948822357946266
0.06229261726369001 0.016575586777670907 0.09494904870807777
0.06119147786458406 0.01451706894399642 0.09572714079091366
0.05974784571703241 0.01365162863193405 0.09703773024695743
0.05745107574010595 0.013138290978896254 0.0983965090175492
0.0547105550315321 0.013559794341632125 0.09934069061850033
0.05355816158879574 0.014621963163930258 0.09981362845108965
0.06164046251419745 0.0158440132659035 0.0973536697612852
0.060971831413711014 0.015013329783032424 0.09782710090566549
0.06016358894017481 0.013952764949363237 0.09888499432397625
0.05828340685869294 0.013586975734954067 0.09998046597346767
0.056582628053799856 0.01364161445838203 0.10019053808348836
0.05442736362983098 0.014937049988714092 0.09985333960616723
0.05153809496354427 0.015585327866615355 0.07810480079706311
0.05980862224610771 0.01865357653360927 0.07904161541722805
0.055422783752499094 0.019521026801741934 0.07556739495951234
0.06111173859166996 0.020943058130899465 0.07294927175295589
0.05889327525185161 0.021758963528707105 0.07258920454744922
0.06012579930695719 0.023986673197841084 0.08342685728613826
0.06289292935642696 0.02708999913081873 0.07753318660316372
0.05840936426726861 0.02522479679171465 0.08129989709109223
0.061337085795401994 0.027861021204206186 0.07709031352227919
0.056007951461336504 0.02021552982224863 0.08596958644788293
0.05445324967425838 0.021064155380535212 0.08434270147124999
0.056628720393865885 0.021456998155744707 0.08770725693475828
0.059992769574886064 0.025479777044093797 0.08517119554373935
0.05460749550955433 0.02238109160384949 0.08635723177448759
0.05868012590364288 0.026743695213928498 0.08315613535250295
0.06322769056126268 0.02908692804384579 0.07941807117680348
0.06173322290167204 0.02983029809413146 0.07852827351468197
0.06002994230506131 0.022416277749755496 0.08198847875587943
0.0629867559790533 0.02597843391209081 0.07596454353953967
0.05792169424339907 0.023830176771574875 0.07951671187849167
0.0608734183788353 0.02612099352191972 0.07527802952612728
0.05559129144824328 0.018883031240881313 0.084340793725316
0.05403203606392043 0.01970621797874523 0.0824211273188114
0.0651495965063443 0.017324593534819348 0.09393390225519412
0.07202587149387452 0.022168615803145712 0.09291776393349468
0.07718484626131648 0.024358347712430697 0.09109390606328005
0.06523208285877559 0.018351768018806062 0.09546894970636657
0.07233367687461277 0.021800475882080308 0.09547108042333906
0.07779803429829385 0.02487769600948427 0.09451016911996674
0.06477807571471451 0.016612514950894167 0.09217679440152675
0.07131201734710824 0.021138367499435335 0.0910634319477922
0.07603480922340058 0.023384466532430433 0.0883404472075326
0.05075597225734987 0.018744125210309496 0.09503796992777688
0.05258485946563427 0.017475480893043856 0.09658632414700616
0.050490474679017565 0.01957659573170796 0.09497735328389399
0.052713141071860876 0.017758078253095576 0.0977123920847769
0.05410433056650985 0.014474867657253424 0.10064252502772218
0.05299922178783529 0.01506298722040975 0.09881430180438744
0.050433599125457466 0.019323425335212974 0.09438800714153275
0.05064149459008975 0.019071818621113828 0.09436373869741964
0.050046090096300816 0.020364562138811083 0.09505831209279357
0.05267716052741084 0.01822899247469952 0.0983312269447848
0.0499266203501406 0.019855827609484247 0.09444296841790281
0.054540432707569364 0.015017875805216251 0.10141708802924032
0.04964676243193389 0.021094196752116733 0.09536652166220949
0.05251395761366315 0.01852756706118544 0.09902287990335813
0.04914067163366137 0.020655702802623542 0.09493674975855564
0.05654176653723434 0.017072115268934113 0.10294686064892539
0.04934607002552712 0.021722772645026006 0.09605706197642284
0.052659311276426576 0.01866372706991367 0.10002667170307951
0.04845345798468922 0.021424236152780426 0.09515023027024595
0.05827984217272792 0.018973501222123542 0.10372851793925893
0.04910762686149665 0.022083231761203092 0.09700596987415244
0.052834701657552524 0.01898436435610346 0.10093673901488195
0.048164978953379865 0.02219110650734121 0.09624042444692482
0.058766821836499374 0.01937052513006276 0.10410880499536082
0.04863923665426513 0.02207055559904365 0.09811129993543947
0.0590549783978927 0.01966714442209118 0.1047323682384984
0.04806436335245179 0.022617429874195637 0.09734340568275543
0.051334095626562104 0.020918348515677185 0.09507734553799882
0.054099585701211386 0.017484728569919717 0.09829652267555979
0.050632562949616364 0.021294489067180077 0.09444209784594694
0.05546796898105421 0.015225539525330189 0.10082725649138036
0.05079456399519486 0.021659734338350244 0.09478377592613724
0.05402240518414282 0.017796503812543208 0.09858224478664218
0.050203222644023576 0.021631200416156505 0.094331225254859
0.056125564287388865 0.015940285887719507 0.10133154899526824
0.050482851121857145 0.02211462377634441 0.09484967343551898
0.054300981464725825 0.017790318821949567 0.09950923538671974
0.04966973651330516 0.021970072176182895 0.09427961736468408
0.05757884481873294 0.01794766611527333 0.10227472355359896
0.05046585316550415 0.022598737845751195 0.09542135774240494
0.05473938726912168 0.018430120556952194 0.1000382086227259
0.04953265378770479 0.022550547684826772 0.09457339684913203
0.05975671037196374 0.01960969748140772 0.10298494152648459
0.05022964811995967 0.021715955742160863 0.093319400251113
0.0520552080817891 0.021399124821397168 0.09403376667723087
0.057295820465802616 0.01662595978223953 0.09987482468901425
0.06020246335712811 0.01637450026096989 0.10133255656855882
0.05078563831298762 0.022907874771326303 0.09659144192023117
0.05616460249654726 0.01910683669770895 0.10086515865462185
0.04961970076454893 0.023441791039547355 0.09518410975819618
0.060691251065504215 0.020120471597990908 0.10367451454233009
0.05047858743373278 0.022331576981445812 0.09243627396180792
0.0524046891349938 0.022136294102786714 0.09338459233486791
0.05758794234317396 0.01661651374204811 0.10007977353628934
0.06293279177829064 0.019055217033584725 0.10162513956474394
0.0511487786401771 0.02335918897028787 0.09754864667476262
0.060787185550239375 0.020143603802243185 0.10384716097580261
0.04968309276459327 0.023823524504989865 0.09595445533473686
0.051910334446098966 0.0236108505426794 0.09139049701447804
0.053762428922118424 0.02286181287473287 0.09303008921334054
0.06237044180585798 0.019452919575883503 0.10146233140112713
0.0444385984163436 0.019930215928476228 0.10209933401109464
0.0434171697049462 0.02054373377215528 0.1020372537189551
0.04645106710893364 0.020640935877355958 0.101363372036248
0.045250326495551385 0.021750534821766494 0.10064149657625954
0.04830338799308201 0.02139365923291271 0.10118698342494871
0.04670555113621049 0.022379582406785194 0.10000080145958029
0.04989228861759705 0.022529695185643725 0.10050654737149006
0.04816945798918788 0.023775529982105355 0.09869955566756772
0.055421204211623325 0.0158072171494887 0.10839096637226057
0.05688674027279336 0.01745016668892184 0.10789265523963402
0.058654430959568404 0.019755309255507135 0.10703065825524698
0.05978532147049713 0.02044021960409754 0.10656466393400259
0.061517057189159785 0.020445469571970562 0.10566263533144864
0.050609945890085654 0.0051587785124330675 0.07607326748475919
0.05125212424388903 0.004979963968278971 0.07251383681608371
0.04989183300241719 0.00520368834198426 0.06815499270691397
0.04887383061906949 0.0056096725263590054 0.06496904116543205
0.049037561297562246 0.006105483859633781 0.06244923374397706
0.05036748797200285 0.006359782886027823 0.059312944214341745
0.053096629559438745 0.006432063223716073 0.054444677906478056
0.06284016077870311 0.006026914639381734 0.04799367338812398
0.06766655450569181 0.005796077480619487 0.04598467201103092
0.0721422989419208 0.006090092842974247 0.04264204936981347
0.07767063349624044 0.006133347207786951 0.03926207814131583
0.08354983564956676 0.0065094184931839055 0.03613865442714434
0.08820011572867356 0.006754059797887082 0.034917208175617116
0.09159511225853101 0.006902430346092652 0.03441991011222924
0.10749376139364598 0.006356743146405812 0.03360782678773508
0.05308054906281232 0.003477817647001809 0.07858650901659384
0.05412812716397012 0.004473980307433424 0.07360085877273596
0.05261378701599376 0.004933901905388544 0.06904687885382549
0.05124937988303296 0.005315944560394713 0.06531267427472474
0.051144001231675604 0.0058360184262765185 0.06306599634752294
0.05243408970055127 0.0060017339387329754 0.06118624600610299
0.055729999906035374 0.005939132530061367 0.057465264908058006
0.06455844981472103 0.005625049251207705 0.05024049576706857
0.06914987255376247 0.005748059977044923 0.047430266148463844
0.0733612350133373 0.0057835613332106375 0.04420693055221788
0.07832245459156205 0.005914995885286586 0.04111936699729141
0.08401495197398948 0.00600267149247841 0.0384520452534032
0.08896220206726332 0.006036095781186594 0.03768040634636916
0.09384936290813278 0.006338363819744056 0.03765829152963217
0.059861133521037016 0.004715839849483091 0.08369542273846621
0.06219870999346335 0.005074425240632333 0.07914074062027815
0.06348396495876069 0.005106642410049749 0.07457940395097888
0.06376570126525186 0.005030962333394323 0.06989808357666705
0.0638349383 0.00506651384 0.067130557
0.0637772542 0.00496064089 0.0643099836
0.0636194431 0.00467075976 0.061077004
0.0687089123 0.00552398616 0.054571133
0.103647418 0.0055243004 0.0522292859
0.0875512304 0.00562569855 0.057146991
0.0744824568 0.00278186308 0.0567282334
0.0816909888 0.00246592907 0.0569248222
0.0918479291 0.0023308376 0.0560342042
0.0966824885 0.00231168879 0.055491575
0.0748288749 0.00532100669 0.0563278518
0.0811973294 0.00574974923 0.0566875992
0.0943523083 0.00557093151 0.0564846847
0.0992140047 0.00553757993 0.0552947372
0.0757274163 0.00842965351 0.0562794747
0.0819304192 0.00844788648 0.0572072355
0.0953903872 0.00905506033 0.0578352288
0.100454528 0.00902170055 0.0565715127
0.07774715 0.0120340015 0.0572022293
0.0836595137 0.0120803683 0.0584294072
0.096965782 0.0129824544 0.0597643363
0.101896341 0.0128956478 0.0586676072
0.0814314809 0.016100931 0.0587337729
0.0872858183 0.01633731 0.0608764397
0.0988101698 0.0165888757 0.0623096115
0.10517367425146172 0.006304096140476128 0.03327664807217746
0.112715307 0.00654408403 0.0377532574
0.05503812270219298 0.0032433655333113146 0.051146271605587594
0.057989581644597256 0.003038931760198096 0.04900681839305611
0.05795417801019564 0.0028479960994334864 0.05461343373391589
0.06036313674452735 0.0027866188496211476 0.05195695436664539
0.0635153591 0.00230852009 0.0591456033
0.06491492 0.00260489215 0.0569100145
0.05596558141142233 0.006219349487532151 0.05137769320736209
0.059066767108083174 0.006166929842327875 0.049078668740351654
0.05846471420781106 0.005685772784322535 0.054415687237070735
0.06121979327177771 0.005567209368065899 0.051910368780013205
0.0641665107 0.00483045054 0.0590127507
0.0652671247 0.00516894345 0.0568026068
0.05780930955610068 0.010256374184714886 0.051574749621516223
0.060821975242438084 0.01005607570553763 0.04950760317338708
0.06049976762827866 0.009036612810958624 0.054720025582046604
0.06346277561483928 0.00906187523104445 0.052313013127681114
0.0652340502 0.00777124236 0.0589135343
0.0666893883 0.00811133313 0.0563003266
0.05962439983040473 0.013203173362882915 0.051909267803327004
0.06268443163356109 0.013043396500509015 0.05010248525195755
0.06514023631379974 0.011987733271735667 0.05247378428062547
0.0695523759 0.0114626265 0.0567485953
0.07309117259346579 0.018690184654245337 0.07615666016702194
0.06929501965126776 0.018724853068705548 0.08732171668691928
0.07334957500061375 0.02057409568259729 0.08292372102463233
0.06330347650609418 0.017442689808721823 0.052780823435794336
0.06624177566299974 0.017643392159919252 0.05065517406796514
0.06855824206877542 0.01630403398011634 0.05298961705194744
0.06751461095299237 0.02374254813977823 0.05379612667228745
0.07099747885764009 0.024059571589643745 0.051925315909189286
0.06916594590547562 0.022781138092096465 0.05560629271924851
0.0728467100807663 0.02263309668027922 0.05400224957654314
0.0731535978306126 0.029483840341943787 0.05729068814933488
0.07652361822767076 0.03017396720275416 0.055841865637571965
0.07500401446196055 0.027536430611067746 0.059356195522479054
0.07880177428620216 0.028020011873113232 0.05833068743403213
0.0732099259 0.0154745617 0.0582496845
0.0752992163 0.0197820439 0.0613269157
0.0781956075 0.0206069358 0.0597924978
0.0804882119 0.024120554 0.0673876028
0.0819629546 0.0259741219 0.0653939565
0.100876244 0.022886127 0.0651472197
0.0956873382 0.0222390109 0.0644673153
0.0901515812 0.0215665509 0.062875186
0.0860189399 0.020949288 0.0601398425
0.0993714424 0.028800145 0.0666810364
0.0935288787 0.0281538632 0.0631825681
0.0883825585 0.0277715491 0.0625228737
0.07549629088713969 0.021220983922216333 0.0789455757906406
0.07232364125849895 0.031650627492540426 0.06289776913421374
0.07295254931832422 0.03513783564473479 0.06741827803104751
0.07593389702367793 0.03367638149515377 0.061397066765136336
0.07739085576898393 0.03735784921977131 0.06611953594482238
0.07944230834428273 0.035686610587180576 0.059899792033194385
0.08141870843910332 0.03978926384915351 0.06441932657804673
0.08294523799731834 0.03762820955023291 0.05811150058385281
0.08538763443061824 0.04169724354330474 0.06260029424013902
0.0870823246818896 0.03906886267802745 0.05626408632538899
0.08940011182084216 0.04348545480032728 0.060521128704127604
0.0915147646175226 0.04012527376441661 0.055152777773008844
0.0937352548391099 0.04454729785067196 0.05929698497606411
0.09603753034800687 0.04081204218058801 0.054036682760109284
0.09834900411517111 0.045338925872025544 0.058050868381205996
0.1010108184565591 0.042259179678640894 0.052114891916955376
0.10370158199580941 0.04616087782053955 0.056878254431586145
0.10570627077051155 0.04257116578747992 0.05050299747575932
0.1085873044507198 0.046206414491359656 0.05509369212226915
0.10922257237037 0.04215934526091105 0.049377020292957916
0.11217447252230461 0.04612556246656832 0.05282386637623758
0.06787406220893522 0.030659961501857767 0.06948590281417062
0.07410488296617186 0.030029901275673107 0.06468183969119394
0.07512901527970904 0.03295513542889601 0.06949574432481961
0.07846675917492765 0.0317682595647645 0.06381724837456945
0.08002085328643664 0.035412142260861056 0.0682457223782186
0.08181304374343754 0.03362232388001294 0.06244107210190523
0.08389589003368439 0.037557504386967984 0.0668211436016208
0.08524944289884644 0.03553217947723099 0.060847249676212
0.08785235358239107 0.03953696286327563 0.06493652117116308
0.08954846822218927 0.03686900712878863 0.05968477203471353
0.09194624999475887 0.04079971405098779 0.06337114752023444
0.09354807539056606 0.03751332475239172 0.05874695248047198
0.09568510550725398 0.041777262971885686 0.06204154985224782
0.09788539206368317 0.03842565511200056 0.0571041001196695
0.09985242727210944 0.04287753221211204 0.06022735386977428
0.10203605277888088 0.039531525851681806 0.05562466226168739
0.10419111309840265 0.043872953793220544 0.058764145400065186
0.10654392852172792 0.04008900662470758 0.05383427749255476
0.10887796322719112 0.043927359502505155 0.05702037583933302
0.11174424780155762 0.03925027601312811 0.05284589129248235
0.11376694253540108 0.04330621140827581 0.0551830343515423
0.07006153691340047 0.029293931945900367 0.07109320350861931
0.06336006405737336 0.027216931626840052 0.07074593438539745
0.0655910371107181 0.025863107887130688 0.07260015462001601
0.06334823437929214 0.029747077198893142 0.07636718747061634
0.06495401427408441 0.029321270410825592 0.07764672474113661
0.07273499852905631 0.03864067822554631 0.07900550335399849
0.07222069264418399 0.04007689459205413 0.08422704343183833
0.07827798374990813 0.04153412368708897 0.07700901703217848
0.0781793678834276 0.043453330354115534 0.08232794741842925
0.08303983209205817 0.04468653017732518 0.07488709035663535
0.08312823563167711 0.04670183079269746 0.08011928338320208
0.08711288647136511 0.047337821784061 0.07298322488893814
0.08771073153013473 0.049564838953332226 0.07824852620757235
0.09167480667521692 0.049131597055861884 0.07139059685390055
0.09249490724111194 0.051510127877316944 0.07661641546512471
0.09639324513573605 0.050808157610833286 0.06964687739898937
0.09735676752237761 0.05325370230448922 0.07451144250593157
0.10158381081566163 0.05247444086217685 0.06752027968802453
0.10264252773584301 0.05495708353408555 0.07171488585806571
0.10743518066443287 0.05275076314619682 0.06546286525354557
0.10891076373233656 0.055033684180566214 0.06914003774418129
0.11267648939273409 0.05261619557759737 0.06304519165591183
0.11441757024752218 0.05516548861518953 0.0663438640657661
0.11708878024928863 0.05339987366243641 0.059254051245278924
0.06669968285427888 0.0351175516596467 0.08078776145520629
0.06529963309341662 0.03667570282604609 0.08582880772842136
0.060613019929325204 0.0333694728756867 0.08634065822220938
0.07430394399464775 0.03775521463137888 0.08078113993210875
0.07341520618684422 0.039336441439485136 0.08559782676299676
0.08043201942612847 0.04047750274887378 0.079010457764537
0.07986565573400163 0.0424662963263573 0.08333231532297315
0.08559896409089482 0.04340735324414315 0.07658848246140633
0.08516355043343975 0.04559376388966878 0.0807763819802006
0.08972673264542118 0.045572073454632316 0.07444873452905865
0.08979155187800646 0.04779632375666941 0.07889795410864633
0.0936610930642983 0.04669897200408859 0.07321554206204367
0.09387676504565984 0.048805840157775233 0.07764518252037261
0.0979075007570569 0.04792139600759963 0.07145507892334745
0.09842755459047679 0.050298287028443564 0.07541254804455375
0.10233370087822886 0.049558236752993194 0.06908971841337175
0.10335707856328866 0.05144589639957829 0.0731013127211702
0.10794488633120777 0.05039864083945607 0.06680168203376198
0.10927808969608865 0.05175533318179735 0.07067671174742253
0.11325484002302126 0.05036304108824478 0.06423879734549659
0.11495736350151702 0.05227296290816394 0.06736138907149244
0.11789123770383135 0.05056269497388096 0.060728256742303796
0.06720431152621681 0.03397984468620204 0.0821860382647457
0.06590802472976494 0.03580454183577499 0.08701148306305675
0.06080136412631299 0.033261716380632994 0.0874513240251435
0.07920546415079978 0.023288010020098768 0.07669315242195861
0.0832722062 0.0257189221 0.0749014675
0.0856642078 0.0279671885 0.071756785
0.0869672631 0.0296056467 0.0682896273
0.0894773013 0.031342428 0.0660799397
0.0924986664 0.0325762192 0.06581398
0.0960866947 0.033462438 0.0657625982
0.101342277 0.0331732147 0.0671294557
0.105357127 0.0329399382 0.0689495697
0.109732161 0.0324607719 0.0670352421
0.115180965 0.031327828 0.0647562848
0.0771082617168645 0.02344456222615935 0.0850565486312265
0.08223051425931478 0.026138092049867428 0.08391981269656405
0.08550273100581077 0.027871072879179233 0.08089766326427392
0.0896648799 0.0306886456 0.0771979505
0.0913376067 0.0325022435 0.0740744696
0.0933721024 0.0347582564 0.0708038701
0.0964540389 0.0365192001 0.0696746046
0.10028931 0.0363994531 0.0679885512
0.104434859 0.0360372928 0.068438662
0.108163195 0.0351939127 0.0699581191
0.111653737 0.0356423545 0.0695362002
0.116166606 0.0349925126 0.0667343185
0.0805053831029925 0.025753313326297763 0.09364289976859629
0.08383327441120497 0.026978768812389052 0.09308222969346368
0.08798079325573059 0.029360217375690847 0.08877693315226184
0.09149339831570043 0.03160520428753845 0.08511897080190182
0.0952553951 0.0347543929 0.079829455
0.0971101073 0.0369580436 0.0768201568
0.0988817597 0.038411505 0.0728344905
0.10170111 0.0395121751 0.0711188104
0.106008217 0.0393893374 0.0708759116
0.110788088 0.0392632019 0.0711250005
0.113667854 0.0381138946 0.0712797119
0.117593265 0.0383384094 0.0685691952
0.07899216739517809 0.02442424048062784 0.0999467350567373
0.08383093823675923 0.02693674220441536 0.09813768628515404
0.08884078671638562 0.028166879992572686 0.09547970055285629
0.09292849266591642 0.03124494363255616 0.09172522838988227
0.0979079185 0.0349329069 0.0872295191
0.0999241642 0.0378735688 0.0819990057
0.101551192 0.0398811588 0.0788047422
0.104089729 0.0404987751 0.0766074121
0.107576368 0.0412435292 0.0749633277
0.11186935 0.0418026588 0.0738215396
0.115045093 0.041442484 0.0726710937
0.118527057 0.0403682739 0.0716421613
0.07717488710008406 0.024867321986610052 0.1039034059852209
0.08232140403597497 0.027381039663502714 0.10193691602735071
0.08761897372517072 0.028744077930021192 0.09907605193407916
0.09236563546417369 0.029984333119141504 0.09530890013067744
0.0989886618 0.0345097224 0.0913598756
0.100496543 0.0390705644 0.0864092734
0.102693819 0.0404661729 0.0836541559
0.105803505 0.0409385058 0.0813349275
0.109102322 0.0418594333 0.078926209
0.112796228 0.0428011806 0.0772231931
0.116085734 0.0432931433 0.0755022511
0.120595772 0.0414193206 0.0728445893
0.07659946274964775 0.02845826904932802 0.11610485094943844
0.08228956773468635 0.03012992612406254 0.11495525611701639
0.0868039264999883 0.03086417975853354 0.11372540415132536
0.08964971821506314 0.030713089603113006 0.10835927704773017
0.09439930160429358 0.031749848076513716 0.10555803443925865
0.103285333 0.0378642576 0.101604759
0.106430667 0.0400078628 0.0987808559
0.109319966 0.0417092633 0.0950030125
0.112470108 0.0426617723 0.0916157875
0.115745559 0.0441334423 0.0880777728
0.11960357 0.0447874457 0.0844080724
0.123984158 0.0457901584 0.0810376364
0.08052294923220352 0.033061220837165534 0.11956071052182946
0.105788277 0.0454944095 0.123387033
0.109413429 0.047099075 0.121407822
0.114046694 0.0474358281 0.11941608
0.117986512 0.0485685033 0.117054091
0.107085 0.0492410547 0.132437142
0.113295852 0.0519854731 0.129467572
0.113255324 0.0457959213 0.151157003
0.115621083 0.0469692745 0.149407427
0.117221943 0.0487588751 0.147074823
0.119147527 0.0509435644 0.144440254
0.119540853 0.0606054458 0.18257083
0.124416701 0.062126227 0.18198578
0.101957555 0.0513285181 0.1842044
0.11092189 0.0562450625 0.183520945
0.121809554 0.0626747165 0.197961853
0.126861498 0.0647049974 0.19822038
0.102733406 0.0536381503 0.198004393
0.112366889 0.0579494322 0.19786818
0.05081679784150547 0.023941727102894213 0.09320030829841258
0.052220539292046474 0.023358861559128946 0.09457489820655224
0.05309305992813723 0.028519921373659805 0.09771156050003336
0.05360880990484377 0.02472758488361433 0.0955315069115052
0.05214299373887496 0.028499985728027737 0.09691382152087076
0.051455247751051376 0.02547894145919242 0.09407578271776083
0.06027640943596624 0.037479540591348524 0.10752452437155624
0.05964935877656818 0.03844011063974373 0.10734976932833837
0.07112089844136524 0.052348057414658304 0.12760323551171857
0.07042123235313891 0.053669195180272224 0.1275061685982453
0.05592570607711875 0.034326664417147525 0.12498072319647442
0.05668017112869958 0.034155267391049786 0.12561197873623048
0.07023383389261974 0.05156206777961279 0.11958775482520688
0.06881591440519817 0.048287082975325725 0.11141797505449315
0.07568948563190978 0.05451786451280463 0.11700322007700306
0.0740494355257312 0.05109146367683684 0.10934262570583209
0.08139789861352527 0.057091315843477895 0.11426365428584276
0.07994981726084076 0.0535294161229668 0.10683334160331656
0.08597494095514514 0.05946316451381559 0.11168935886942383
0.08478580499649667 0.055915983532332826 0.10422704032677477
0.09029637852817005 0.0622871995817939 0.10909033772097604
0.08937719546508874 0.05917343169544901 0.101265171948026
0.09470527740354637 0.0648264297372224 0.10664524072410109
0.0939390551279933 0.06164923055082789 0.09857668607642533
0.10047922380998091 0.06713701323846813 0.10355309520487066
0.09960323780337252 0.0634073032280474 0.09539950443139657
0.10753531473430782 0.06905989416397393 0.09999868779063169
0.10607149086775668 0.0655239954361725 0.09139573868402465
0.1158126348052782 0.07153781689923466 0.09498942270112627
0.11366923725402686 0.06759594690223478 0.08661285679941112
0.12336406447211457 0.0711198597740321 0.0914471157999921
0.12048561667515602 0.06821888079062874 0.08257814723328397
0.1292341814111706 0.07025250821862707 0.08888797942010336
0.12606932498568318 0.0672826983384715 0.08013141818024073
0.07070059727844927 0.050257723219537864 0.11946233446822502
0.07638465138288444 0.052837675619443684 0.11745848507715319
0.07468389463558198 0.049906191605669906 0.10963372488313083
0.08225484007163757 0.05557117661476132 0.11459102751830255
0.08030620037255491 0.05251693046198872 0.10725576317747232
0.08679289570023793 0.057769154610032986 0.11223248942962215
0.08542963546046989 0.05436241958714022 0.10495337431229317
0.09158830824250848 0.06037519863236445 0.10948530254812643
0.09039757941696297 0.05715108473311963 0.10205750046097259
0.0962605184040311 0.06236310462580919 0.10701959416345476
0.09508198015922113 0.059483303652861814 0.09916760707032864
0.1018151938499575 0.06377996914143297 0.10425272936058003
0.1004862069326974 0.06090607974930332 0.09594837384036983
0.10830586885491435 0.06538619146221013 0.10103979917877348
0.10643828784490193 0.06255861002150617 0.0923445544995161
0.1162898338606016 0.06585764954356726 0.09716203292913676
0.11373042708919176 0.06313554704193793 0.08820586278884175
0.12293566274088998 0.06546903130624535 0.09326354195363229
0.12055789284942048 0.06149048810178273 0.08454068200078255
0.12908811618180197 0.06389093559152245 0.09045875865996081
0.12611652170237356 0.061291357962716585 0.08196977755777439
0.0841195035 0.0380686292 0.126395613
0.0889561526 0.0386391282 0.125247147
0.0881364749158624 0.0329854026589716 0.11962778219744911
0.09317370370960865 0.03871775949315903 0.12095736748073335
0.09095634208859665 0.03328412244032204 0.11467221637269004
0.0983448892851389 0.039829113948464494 0.11868100515530265
0.09496365521037813 0.03270115303204986 0.11179643158802878
0.10480807 0.0416488232 0.115937958
0.103209351 0.0383154204 0.108829814
0.108106259 0.0440578439 0.112722396
0.107014649 0.0417396213 0.105576352
0.111895664 0.0448395674 0.110079145
0.110490213 0.0429617538 0.102200899
0.115657293 0.0459363105 0.107129762
0.113977615 0.0440985436 0.09864387
0.119787013 0.0461258798 0.104378583
0.117613644 0.0450097363 0.0952826467
0.12464724 0.0469880661 0.100851657
0.121887904 0.0459013035 0.0915860366
0.129488576 0.0469852461 0.0971881752
0.126226807 0.0460349939 0.0867915077
0.06692934370051667 0.04689850589494113 0.11244249694229012
0.06733935297356756 0.04929225699303156 0.12035590966598672
0.06346998148830249 0.04433264461784875 0.11345355454393842
0.06469816172340043 0.04672447079068071 0.12164467033328902
0.060887067552744166 0.04074495575932861 0.11492908575214639
0.06739171182819242 0.04601902106395647 0.11283829570577447
0.06807278086714583 0.04856849566288578 0.12070616673734127
0.06417737051020873 0.04380488343899129 0.1140612665874375
0.06499687896424468 0.04602583744549751 0.12229409680726583
0.061117448020266966 0.04001439801214304 0.11571880028773536
0.0412280278278838 0.012100981987415372 0.11626401645628134
0.04253992565751872 0.012206113759816523 0.11665325096684818
0.037562673263994636 0.005399337807207352 0.11841125434341586
0.0394848839398712 0.008338257319435072 0.1177320393557792
0.039828183955850756 0.005852782750946277 0.11817068765068463
0.040652856216533195 0.009050377578759046 0.11809376499221005
0.03742754715700432 0.006302683542983303 0.1229293751855493
0.04062759036332282 0.010171220139354115 0.12200772287059934
0.03879528027406838 0.006040765806687548 0.12382005231741328
0.040947074456374605 0.010379476246545949 0.1223398181251128
0.03449987524574843 0.00530241343503498 0.12513449068341623
0.030990568699272143 0.004889089168695526 0.12701818448330462
0.034904235921975495 0.0050196208008292794 0.12683278482651233
0.03182594103191902 0.004873570401544527 0.1288652549656465
0.03320879151300627 0.0030310656455236323 0.12420807742834322
0.029964717393192945 0.0026774862322435375 0.12611626245702792
0.03373475668324469 0.003063254573918656 0.12580214552683433
0.030626161113600673 0.002765202246821296 0.12764408586990555
0.03275880053972614 0.0014510701175101024 0.12373548552526516
0.02961355892627962 0.0012549841889035198 0.12558951350323022
0.03322346716093746 0.0013777179826899458 0.12531801125120773
0.030174512265134092 0.0012740123769783966 0.1271089146407401
0.04633646394331834 0.009966907410663847 0.1578862216300791
0.05009230337228934 0.0111494300976816 0.15715863638185468
0.047652826539096214 0.009207983012319804 0.15775580685580684
0.05150155540655755 0.010680137509635592 0.15727700255111765
0.048015649669960435 0.011836295738360633 0.15382641408691408
0.04900669856136228 0.011222622108426977 0.1538927592333425
0.04490769362945278 0.011968530210810046 0.1505448177954491
0.046003679502667684 0.011338275088778558 0.1505477099496313
0.04211908044765577 0.01199404712445941 0.14777834357115566
0.043084567379495606 0.011164849078226015 0.14769835977995532
0.039656539701804855 0.012558862230434282 0.14607487265599167
0.04050771796935102 0.011732743283759974 0.1459771793902587
0.029151656825607667 0.013177808283471251 0.14123349263447926
0.03102836596300759 0.012203444512816967 0.14149665298018213
0.025115002004976406 0.011330943389248688 0.13535805282109845
0.027512851986152484 0.010746428437511116 0.1359618857169946
0.027572976970615247 0.010633338997811556 0.13177670906750666
0.030379714238554983 0.012957667225454116 0.13317828618018374
0.030289451524851713 0.009746815204987089 0.13363018287440304
0.032453069951099936 0.01234671619991763 0.13472731521165057
0.030843643585228037 0.009946136313793943 0.13031226632590803
0.033363460098602055 0.01198933681258195 0.13209233130683504
0.032154553307221535 0.009120086527017469 0.13222133829796032
0.03433179493567325 0.011599124058730035 0.13345257612530334
0.026617990496296342 0.011950811116537277 0.13809075468967058
0.025507559093670064 0.01098110413498381 0.13348765892507916
0.028786954296918018 0.011405308186896676 0.13862171586102928
0.027998057832422957 0.010328927926049322 0.1346012288174915
0.03253616992008868 0.015578264136849028 0.13972867270659264
0.029905314709210595 0.014867884878639477 0.13747649147365057
0.028656545450859997 0.013859765918868441 0.13537888834446657
0.02898384130516276 0.013151193594009302 0.13441783581743827
0.03405128499359149 0.014661965175979976 0.13996071475323957
0.0315893175913124 0.014207600280263492 0.13808896642188564
0.03054501631097971 0.013262195370625496 0.13626227794336007
0.030824305286216623 0.01284968117111308 0.13541771565737845
0.04028718311364555 0.014876845412625 0.14203047082895373
0.04137445427646097 0.013573056835721038 0.14162478883963744
0.04926393488524245 0.01750623427204791 0.1439333572797638
0.05253309410219302 0.013208433199895538 0.14821762871260488
0.03638325003674687 0.017465871839621932 0.13746377921066916
0.03748930591494887 0.01660595255218093 0.1374745964726815
0.03996240489740407 0.017727195594526027 0.13872077756100126
0.0408706232379446 0.01646274276145101 0.13829409439854895
0.034288278594058946 0.017185169953583396 0.13612671240038676
0.035641138506964064 0.016090285729433846 0.1364655466356363
0.04411883216440309 0.01628131507046461 0.1389228695650138
0.0450438420156618 0.014856166966138283 0.13844365586327184
0.046851701522939805 0.01685380403467187 0.1409870112750287
0.047739511032108585 0.01579404729424004 0.140785982627401
0.046946637610676974 0.017931986286520946 0.13689818770945303
0.04807744333374773 0.016306526517588592 0.1365128220182954
0.04003450040511058 0.01931495521225925 0.1338261094349392
0.0416684601071715 0.01735923685150744 0.13383105322967884
0.05131986356106994 0.019953263191842454 0.14202627730819986
0.05499256227588001 0.016361216120624175 0.14395197685200742
0.043325455378839535 0.018660653883428805 0.1255295929894714
0.04345658754780221 0.017690250017202012 0.12621337298314014
0.044539174834947154 0.018245071300861226 0.12369530771625047
0.044939681462285316 0.017596076839796887 0.12441417792677953
0.043990022959540305 0.019948084075500368 0.13046531639879633
0.04726895623315704 0.019340148337058726 0.13249390242274015
0.045053221207790435 0.018474449033943758 0.13069528806372385
0.04798820365452694 0.018128207113363607 0.13249999520730923
0.04542634569406992 0.016405484499447842 0.11923371718494691
0.04578851769771662 0.016351883330485515 0.11970576983586327
0.0416981996272717 0.013676827913098344 0.12210473396225097
0.042243363661656416 0.013786375058813857 0.12224824055228213
0.04552907619270347 0.021317115036218817 0.11290940913548214
0.046638451918546917 0.021349455387110965 0.11380337238687616
0.046412079271655506 0.025302972031477303 0.11063552074536487
0.04747787497571528 0.024778420030574542 0.11142102575316062
0.046679797470625985 0.018240822631486284 0.11872303148817111
0.047133680283855894 0.018247909399203503 0.11898075258487487
0.045022259256532714 0.017476045717670103 0.12148564708138145
0.04546433313208236 0.01693739022050649 0.12206203015135493
0.042886541743690984 0.015576338901467012 0.12158634791136008
0.04309697202688341 0.01481382124685016 0.12219193046459874
0.05395880560642351 0.031453501387902844 0.10395748365259844
0.04977155337197858 0.020177699547767474 0.1217781607233559
0.05026156516469296 0.020009983196288047 0.12238921499449182
0.050277433294371836 0.019733464958057664 0.12533286832755355
0.05078736663559515 0.018906276135138626 0.12601398805955494
0.04809020016111317 0.02011563249733205 0.12795772741068961
0.048294770949784065 0.019135191480175288 0.12852125738623257
0.050584307386991524 0.01966898013108623 0.12995408835497194
0.051074489020194805 0.01849041674968651 0.130163027631391
0.05207871620901801 0.01974281357527387 0.13151102939654952
0.0526730020861777 0.01848313057211326 0.13157087635828785
0.05227252549724709 0.019655424678178265 0.12806488746132486
0.05265521944204236 0.018594730005044083 0.12846801517145132
0.05056099344771895 0.022878432495963334 0.12091817933855444
0.05140475357581402 0.022323164846653757 0.1219787427886651
0.05364091362524464 0.03177763131695144 0.11618550712603021
0.05434969697879651 0.03182347526153414 0.11723722503232253
0.0581524632495061 0.03849728677817873 0.1204215919863048
0.05858500938038919 0.03808453590365024 0.12062758302049938
0.05492251873373364 0.03380707932929015 0.12083567687927657
0.05561713843378443 0.03365787337478574 0.1214764957354125
0.05283492447821749 0.02865908220029313 0.1226360627115291
0.0533064363135225 0.02847987125520754 0.12297502763007666
0.0622581425888902 0.04376603818013833 0.1207345648334681
0.06261217431932115 0.04305825124395452 0.12148639693898797
0.0532822904158253 0.02305987861456854 0.1291364898894163
0.05222613656839167 0.023353319109027822 0.12498408380194953
0.05351110670204761 0.022499855918444726 0.12910395056427765
0.05300947560909574 0.02273045175301887 0.1255198640986552
0.05430148847797859 0.024583607978118236 0.13822810908802535
0.05471091149736794 0.024248445795775682 0.13809310106893208
0.0517314182802615 0.020674473959662484 0.13790625116220873
0.05373519641875287 0.01861830473710881 0.1382819546025309
0.05271695370411047 0.02210382060800912 0.14019349385319332
0.05305351877844479 0.02190531151247215 0.13988907784585528
0.05807177104487876 0.021255608029914018 0.14995421305404608
0.058185232027927726 0.023919712609725592 0.14787813820867188
0.05594011300765662 0.019376797016551227 0.14840164510452514
0.05567557433415206 0.022587392653769918 0.1462057360125812
0.052749936389982245 0.017806583243000107 0.14715185072170112
0.05325674540105967 0.02114770404316119 0.14443461283140135
0.05839574442155309 0.02592365085441869 0.14665341026952475
0.058956735745320746 0.027967493250011074 0.14546994854748013
0.05606680612768867 0.02470731186795221 0.14456461190475434
0.056847279478757735 0.02691538053701596 0.14293038764711136
0.0540973033347876 0.02340679584410248 0.14246443744505585
0.05541757616296449 0.02572421182699066 0.1406396495077076
0.05577101206314338 0.02832103593634661 0.13630655480414738
0.05541239189572383 0.02801567560171049 0.13365346746530574
0.05800207312096148 0.03432254655632625 0.1351306958907407
0.05748380667032218 0.0343161233014377 0.1322624023818819
0.05935519337388027 0.038833585346701484 0.13630562488245976
0.05972674151008791 0.039640587213545304 0.13306951238050496
0.06271748680273546 0.04422493829860555 0.1377907855201684
0.06304424536429891 0.04507932414957239 0.13477699710779814
0.06574287153441294 0.04823339811876259 0.14003530168750783
0.06623600637450762 0.049461854485953874 0.13712934271586294
0.06918004930554303 0.051514862751038046 0.1426562196977805
0.07007955031712916 0.05315408573335824 0.14017082392187252
0.0586457024020732 0.020672957357810797 0.15061268884491158
0.058753142872514305 0.023544496639233223 0.14838787294784067
0.05753669242651438 0.018014627213202693 0.14942511287173185
0.05604269372742746 0.0221612886820384 0.14651767317039868
0.05675032313490232 0.014575694360646489 0.14954407216299093
0.056835895163153564 0.01719964983370355 0.1466215295617535
0.05904488618674407 0.02565635880602978 0.1471020245761626
0.059634864679673105 0.02767547365581613 0.14596478771983076
0.056313799021942536 0.024419022571755808 0.14481948715590928
0.057268438202038176 0.02670085345821669 0.143320874319196
0.05438193524672559 0.02302777926965331 0.14243664528363895
0.05585951947498606 0.025368208286515537 0.1407641928932621
0.05629806067770482 0.028003304767812515 0.13669065893427368
0.05573170224238884 0.02776989276524234 0.1339375294657856
0.05864855736462689 0.03370532390895955 0.13544953614432814
0.058084503866842434 0.033774993931564946 0.13250355832110444
0.060315780991067706 0.038423038802714526 0.13638046873048743
0.060506379364908734 0.03875549608151174 0.13339836113772482
0.06335423792041626 0.04337707742621875 0.13821643361131694
0.06376020494540423 0.04404879287487379 0.1353706878991911
0.06647446282058503 0.04711737584595407 0.14046565439814268
0.06700157003456739 0.04826530911020988 0.1376841627195174
0.06999308525294755 0.05038117413611384 0.14279939403982483
0.07089939744257176 0.051700041166558935 0.14039108958628804
0.052359602577229436 0.01755309885603555 0.13499351273445584
0.051102972544176624 0.01889704641494438 0.13500138588440347
0.046981278001665655 0.018398041882014667 0.1248211092881223
0.04313974567129971 0.01589545833894967 0.12412221530442552
0.04656724382662488 0.019327276478576006 0.12400072095316401
0.042646094291732904 0.016235300801930468 0.12358745702115699
0.046626575014501286 0.024906211491127758 0.10390434117059366
0.05217637027931467 0.02933864575087851 0.11194416220085404
0.04735339483036527 0.0246027057792295 0.10445718067539964
0.05092674087751494 0.029082525376446944 0.11193946379032167
0.05123986855662959 0.029293905468727243 0.1063229996490576
0.049716052080609495 0.02688774367678036 0.10900992478712665
0.04985711888526911 0.0297691522210508 0.10513471431237115
0.04801627503457945 0.027690830572225923 0.10791514559873336
0.05920111100436869 0.0353936404429803 0.09286836801451501
0.061105774667226456 0.037749436450636 0.09897061814999877
0.06496771917118928 0.038159003735785346 0.09137638798876337
0.06599646042652402 0.04064727778755113 0.09746566125754332
0.07209601642421384 0.041923813987908766 0.08972499152734245
0.07295573297235237 0.04377064387742791 0.09586095277969306
0.07824624844923758 0.045274827941314336 0.0876997209144651
0.07937930429224495 0.0473227690584483 0.09377467803954379
0.08346486190597621 0.0479890407075012 0.08553779802196552
0.08394708957476602 0.05037214776331652 0.09146517560199759
0.08821797653872165 0.05152840248024139 0.08320812205267378
0.08867601262104978 0.05364810031598492 0.08856122902892366
0.09299968649430154 0.05365337506691315 0.08125588805378157
0.09337391259934173 0.055897817491474905 0.08619374173414492
0.09813668251655429 0.05510502835039091 0.07894725574775387
0.09846286275652603 0.057969930500631546 0.0834452379558202
0.10343009191993413 0.056845678498059264 0.07590609197102255
0.10397532210949537 0.05965715108001423 0.0801003651303415
0.11009693677047737 0.05707426312241007 0.07312356165206349
0.1114865996401053 0.05947722893343714 0.07651671700794183
0.1160779723964522 0.056635070644136525 0.06989826483970678
0.11754744107288599 0.05947281777024274 0.07336925379751784
0.12103752040737074 0.058183682379307086 0.06638385753433833
0.12251091566848102 0.06045975596731014 0.07007313338805887
0.05967945407990159 0.035010994107014685 0.09353258037568248
0.06124559896790245 0.0376914833297489 0.09900989328499371
0.06580959330746301 0.03770185189804249 0.09162955459622975
0.0669354717645217 0.04021731560312428 0.09793377297738143
0.07252693258681783 0.041445309684849954 0.0902851438290928
0.07365605762544834 0.043517765522276694 0.09660644783561576
0.07910197677130609 0.04478107812616928 0.0879605431122288
0.07959119162148244 0.04691154651375676 0.09384322138482366
0.08455907335311004 0.047485758098495146 0.08571739523487582
0.0846015247530321 0.049647461686478205 0.09169580201600736
0.08972996896869864 0.049968830655373914 0.0838604997013068
0.08973854621117501 0.0521758791532661 0.0892874281615931
0.09405672463857742 0.051050806535116 0.08232836391436256
0.09421005460743227 0.053663317610982995 0.08704333301224378
0.09922104332658944 0.05207359818447676 0.08006868828907124
0.09949705811047026 0.0549676257695744 0.08435819624362123
0.1042880025903545 0.05317522445925149 0.07755154178344738
0.10475643870630412 0.05617226705964584 0.08151573302797312
0.11075179276532741 0.0535905415007942 0.07440095580354461
0.11181486331326769 0.05622520758893766 0.07819134466369597
0.11649197231241776 0.0540045437276766 0.07080344690328881
0.11810703910597725 0.05576044067868021 0.07460060083742347
0.1214978575302562 0.05415314932575972 0.067772748981391
0.12306222261680128 0.054973034612510484 0.07193055631307955
0.07428565164197924 0.026414829845380544 0.10808134060313201
0.07463202260343266 0.027973137853240616 0.11086737454947727
0.07837779383014258 0.028420153347446936 0.10560793324561017
0.08154891419941877 0.028720662294385087 0.1105483012964307
0.08662660185154238 0.029695659127643954 0.10228456749430527
0.085459670597981 0.02911996340739117 0.10895683958457508
0.09192536036225762 0.030028289143120078 0.09874261570740053
0.08998122158289062 0.030038700617784346 0.10370261538813855
0.09769826912059557 0.03411574103372454 0.09481379781158382
0.09722234188635324 0.03426534680860864 0.09937026302175854
0.101703256 0.0385589741 0.0908253178
0.10276562 0.0379826948 0.0958809194
0.103984948 0.0404712963 0.0880407221
0.10570515 0.0397186696 0.0931443258
0.106588026 0.0418139357 0.0850644286
0.107987574 0.0416153497 0.0897082213
0.110172805 0.0423645579 0.0824086694
0.111296981 0.0421313838 0.0866623908
0.113554369 0.0431274129 0.0794907149
0.114437981 0.0438114495 0.0833422884
0.117071072 0.0440242506 0.0781700005
0.118179553 0.0443245783 0.0804884452
0.122122606 0.0428742273 0.0731420756
0.122572893 0.0454781588 0.0770178011
0.058948607873953604 0.03593677617720009 0.10020878530097893
0.05834340093378074 0.03669550214751144 0.09933418588303354
0.05650847490001374 0.03358065852100868 0.10241749639014255
0.052549547135277715 0.03153576537755153 0.10309906188865947
0.05577830537812869 0.03367358826260375 0.10117830923491195
0.07903236375775147 0.055747864623168435 0.14369488237567773
0.07447019305626516 0.05546686525526095 0.13581799242595663
0.077669834222258 0.058536451928134274 0.14325411444374747
0.07364838497308672 0.057142583148366656 0.13557986610014652
0.08350193292915373 0.061150992605526 0.14921376057739763
0.08616209665267988 0.061628605976623896 0.1580013923173078
0.08772073502045674 0.06337287952512734 0.1485709183948984
0.09018969318950329 0.06450345104637527 0.1573915136568706
0.09193563594134269 0.0659759142912571 0.1478018386167137
0.09456272425523135 0.06719687736362454 0.15648445393790733
0.09641001504244891 0.0681266380214365 0.14699102047314364
0.09929292703359818 0.06937650877325495 0.15570921306166738
0.10113855131859965 0.069913493969437 0.1459980975242544
0.10415637222641094 0.07126170471269434 0.154882218830541
0.10607889314815402 0.07180506195772074 0.14481300486663723
0.10911871562604183 0.07287822595655263 0.1540579895898788
0.111394399547377 0.07374647872485175 0.14331780433440497
0.11451620739403483 0.07436130834741639 0.15312330672061147
0.11862616423900631 0.07596379316998413 0.14147265226297204
0.12139206650454576 0.07590742949925598 0.15189208769096474
0.12693884593774127 0.07725471123098818 0.14031351497567143
0.1294893486408812 0.0771297747358414 0.15058094077809103
0.1336272986834085 0.07617299825368602 0.13754301714253692
0.13630602749996712 0.07642591107953592 0.14843709586169185
0.14122686401500567 0.07432144902181705 0.13635525771653526
0.14367607319725242 0.07500432071005977 0.1471966092494986
0.08526792585296716 0.058064299398530535 0.15004530626551732
0.08778219796580546 0.058918137445056855 0.15881651652940687
0.08946713912996894 0.059756265229076524 0.1491005527485927
0.09199712658058051 0.060753659758297295 0.15791775424861584
0.09359156583228337 0.06321678910605612 0.14799680033169757
0.0963464047114022 0.06390290656858222 0.15682355552105579
0.0975677474505384 0.06537944900709283 0.14719902203625723
0.10039806008980938 0.06596816206568966 0.15599621078734158
0.10182802635759039 0.06750702432159313 0.14622099963760604
0.1048859289655706 0.0681598136404966 0.15515743308550703
0.10634356539675131 0.06948246939805315 0.14521514070183691
0.10936278582030148 0.07021167497923199 0.1544069794578383
0.11146975823391168 0.07125778104162386 0.14374913213334853
0.11445254648024514 0.07275152567013754 0.1531714029033601
0.11864226726461498 0.07382902671474849 0.14197588538021572
0.12135104415437396 0.07470762971941435 0.15188981902121043
0.12693857252998733 0.07483997440792636 0.14207589152839334
0.12858777278468425 0.0755647514834705 0.14996306701218212
0.13304462884786372 0.0742233563986362 0.13860484218960595
0.13573636983759535 0.07425944441571602 0.14926040696980405
0.14112968192954373 0.07152736103232495 0.13771758456971325
0.1436102087266033 0.07232883171845302 0.14828682754577896
0.089840446 0.0536479658 0.153048308
0.0908942884 0.0530140821 0.16079802
0.0936589696 0.0538171237 0.152258686
0.0961624507 0.0540925131 0.160651761
0.110022786 0.0458120663 0.157264864
0.109196192 0.048352592 0.16402414
0.11511689 0.0464055331 0.157330548
0.11378772 0.0497188183 0.163555846
0.117327355 0.0475047185 0.156235175
0.116438514 0.0508705453 0.162698186
0.118874946 0.0488798392 0.154503826
0.118757096 0.0523542327 0.161478477
0.120632415 0.0513479368 0.152594051
0.121415673 0.0543559544 0.159845871
0.124578788 0.0529623 0.150876092
0.125876947 0.0562758997 0.158576438
0.129260966 0.0545976387 0.148577287
0.131117031 0.0571382943 0.156998444
0.134267434 0.0563390992 0.14604261
0.136395588 0.0579970511 0.155379141
0.13979392 0.0573814594 0.143351668
0.142269271 0.0588555037 0.153279757
0.08148198023852299 0.059163477683206636 0.15027331133113034
0.08252485469263476 0.057008673853970536 0.15092953668658063
0.08425043311583054 0.05966927165222154 0.15861235086482664
0.08540374962906694 0.057991149813499135 0.15899062532240027
0.06871907066041119 0.051890534830523596 0.1726031184681002
0.074007302366444 0.05507069780502398 0.1728129458855552
0.06970978216321273 0.050713938699845744 0.17301950183136242
0.07479567491809297 0.05366144694442483 0.17271672645647015
0.07800866111016613 0.05500335121432383 0.17003339982469637
0.07742464328007183 0.056350058928324655 0.1701255611885455
0.08119455508077636 0.056562057376936356 0.16649866149165007
0.08046834103277906 0.05783398287427751 0.16641995435223808
0.0870568098403705 0.06273377877901147 0.1666696201624126
0.08818832299360206 0.06271610865836624 0.17476866252348772
0.09125511424507533 0.06523120165593994 0.16580891961290753
0.09247231772645516 0.065025794924203 0.17395639863510612
0.09640106700483846 0.0677031382955945 0.16463055301226084
0.09792879668205166 0.0677983513464083 0.1727949633940655
0.10170910304851077 0.0701822761385566 0.16378548718104016
0.10351529086156568 0.07060590002316117 0.1720046081449248
0.10691237604634846 0.07200882213854747 0.1631295309727394
0.10904019875944661 0.07234036875443565 0.17148499126725586
0.11173308235724366 0.07338548463141134 0.1626785240682241
0.1139849035414755 0.0733416151919419 0.17118041826470098
0.11723344940020407 0.07453891378105294 0.16209312015789512
0.11963414077029748 0.07422583631872906 0.17078101761366235
0.12376101893118092 0.07541835793106631 0.16126510002050504
0.1258766384897602 0.07484631381898485 0.17022752647354641
0.13240049484188682 0.07596918495271963 0.15883863770377907
0.13357997300702448 0.07623255246902326 0.1691225389400988
0.13884007901538872 0.07765378766959985 0.15787642431045437
0.14108370571940337 0.07858347321122268 0.16781501899687143
0.14583874050373102 0.07572995480257486 0.15707303128538938
0.148136659930628 0.07751373758747045 0.16697345037071504
0.08834872740777473 0.059646846906280075 0.16714023069278974
0.08926676697224804 0.05943162327810279 0.1751131709619504
0.09297611326901391 0.06151257374092539 0.16637774558025567
0.09393213100397838 0.061770147328685125 0.1746040807937992
0.09795702907488509 0.06428075672485195 0.16515760745855737
0.09910149472429165 0.0647361197026128 0.1734317700480691
0.10234262905961344 0.0666908251316214 0.16464639120807842
0.10396073642769123 0.06730925886383697 0.17316208379077452
0.10742009341750212 0.0684839679049016 0.1640207871012275
0.10945036593749354 0.06905854131500226 0.1726419571266557
0.11197524532023272 0.07049051544570864 0.16342871831742917
0.11431056772449914 0.070880269469135 0.1720686963325458
0.11723397722931155 0.07272279504590737 0.1626719457839412
0.1197053155392525 0.07217449120335492 0.17166896931852438
0.12376169712748568 0.07368957903038642 0.16188236250448315
0.12603583214066655 0.07323932860402364 0.17103806594056836
0.13131256210963801 0.07500861757363946 0.16029500825274326
0.13326155236557644 0.07416139311597893 0.1701874964915346
0.13834715394059557 0.07489891408501384 0.15888681272757563
0.14072956159631073 0.07632007843328834 0.16877099917799
0.1458256594078496 0.07320499946227024 0.15802140099795017
0.14807248514551036 0.07510754395701391 0.16773332515022832
0.09647986 0.045061062 0.172253392
0.0958399919 0.0479570705 0.177837987
0.102298483 0.046188629 0.172483221
0.101337347 0.0500794058 0.177934002
0.107735882 0.0500427231 0.17082801
0.106376702 0.0532091857 0.177124491
0.111024683 0.0529185313 0.169564875
0.110335218 0.0552000938 0.176606101
0.113899074 0.0551262389 0.168652109
0.113869713 0.0574439833 0.17589695
0.117369121 0.0570437661 0.167693841
0.117915534 0.0596575773 0.174996993
0.121742825 0.0582256953 0.166724401
0.122636425 0.0611204522 0.174105528
0.126640419 0.0596961969 0.165678861
0.127848826 0.0619541391 0.173522926
0.132222003 0.0604476464 0.164478415
0.13351586 0.0630236443 0.172536119
0.137972584 0.06055971 0.16315479
0.139627761 0.0629819465 0.171657954
0.144035179 0.0609590351 0.1614189
0.146169071 0.0631011289 0.170387832
0.08363515922248932 0.06001386563422147 0.16738614888573267
0.0845475113799527 0.05817436124485304 0.16747750575650777
0.07075160357736102 0.04578625867125699 0.1626204150696357
0.07228818752929267 0.04820376135781589 0.16497001439731745
0.07022349974497454 0.04694429734618592 0.16273824050930466
0.07147252080910992 0.049509111980469735 0.1649106497184224
0.07322477373636976 0.05054002284343395 0.16605565911213996
0.07251721384161765 0.05168952009238342 0.16600073704181112
0.07452370332490339 0.052537738456912134 0.16713225121856956
0.0735962927683845 0.05377372699260027 0.16688687330556515
0.07568588436531785 0.053923982041825934 0.16836320235005592
0.07496690412485923 0.05528243682810383 0.16807643814493126
0.049182344854103804 0.009188433427715657 0.16061576616130135
0.05442349136133518 0.010623495364340409 0.16114461731831087
0.05069317078778689 0.008834799064822213 0.16090707913763258
0.056480457855046656 0.010497084540698958 0.1618921894478182
0.05026818613969584 0.008356813445342639 0.17626290488250954
0.05154453443830353 0.00796795085901688 0.1760819384746524
0.06401794732920914 0.01708057858870343 0.16426980533362873
0.06366685424470293 0.016699314642506836 0.1628977635965019
0.06248816454373395 0.015575613987315266 0.16582256712626528
0.06174664657059859 0.014177788486336614 0.1642027578512809
0.058356239242910286 0.012531281069946946 0.16696914403940488
0.05610981458321244 0.010912038194298994 0.16369399798781906
0.053934124110602014 0.010537986762017212 0.16789214339483546
0.05025885094329923 0.009390132448244798 0.16306543819634717
0.06454333461329266 0.016464432150855298 0.16404465824068082
0.06429718313899616 0.015983301413107675 0.16261686359445254
0.0633377525378146 0.014956583892162824 0.16572532968084117
0.06283278483895798 0.013756837510656735 0.16419196471667102
0.05952409701231969 0.012432243037621792 0.16688946311249406
0.05786252185679446 0.010744238645322864 0.1640394970543103
0.05531330267810718 0.010239150129011674 0.16781677445149215
0.05195347849015928 0.009130463557053825 0.1634109955236744
0.0785597045293477 0.03169207265118055 0.12000116398432573
0.07072626936897557 0.021772988394302785 0.1033374222757353
0.06187245996291959 0.020072577827656663 0.10295308557025612
0.0636687979640054 0.02120571759135918 0.1032875912486157
0.0632517381105858 0.021294709933192366 0.10438357645795057
0.0695126656561784 0.023989420354172588 0.10902386269907528
0.06501929054352584 0.02315577644469343 0.10910742361906904
0.06173596006836652 0.022685678636311102 0.1095361681992683
0.06530964459744731 0.022560606754062587 0.11417705555234109
0.06403696279841356 0.022007607960250985 0.1145098725869442
0.07068616272916572 0.026988803005729454 0.11137888561720925
0.07002683566136413 0.02527977395856804 0.11408873467430103
0.06850352483441877 0.024169694241346303 0.11559766568964694
0.06749227607507849 0.02375007141844154 0.11596296868958385
0.06597798038395618 0.023063819948361625 0.11623642988248926
0.06327838031172542 0.021029742442546507 0.11693140377719957
0.059267933754197505 0.01820594885193309 0.11740551293249137
0.057591563969408496 0.014399770404314912 0.11829509544532803
0.055290323878935746 0.010868692888015879 0.1184033668949788
0.05460945966312104 0.007808273530131502 0.11830658637184643
0.05374054168777364 0.005216742747953778 0.11755686668148535
0.053268080097135545 0.0034390077385626173 0.11705938467400523
0.0530281569913631 0.0015623979581978465 0.11692238529461124
0.072430541882155 0.026403912559995482 0.11768285551312492
0.07016915441332801 0.02558083968168028 0.1187938785585407
0.06967213380809507 0.02457398520642792 0.11977688525387815
0.06803988024108876 0.023284969606706195 0.12032466765089245
0.06343272320307708 0.021275464138492777 0.12137492366802435
0.05998698894198297 0.01890487821643205 0.12179525346263219
0.058120071810966366 0.015230587410696488 0.12139227466151123
0.07614035910569067 0.02874846733779214 0.12148150911394727
0.0803111476 0.0342346227 0.12660056
0.0789272747 0.0427015305 0.129771625
0.0809126738 0.0436599901 0.136381427
0.087263386 0.0500891492 0.150446383
0.0871321266 0.0524242863 0.153489698
0.0892663844 0.052645479 0.161356116
0.073882758100445 0.025738080199164525 0.12297326874894562
0.0770270885 0.0311001371 0.127775171
0.076643611 0.0378584627 0.131834888
0.0758290222 0.0289340176 0.127363339
0.0750939983 0.0316139604 0.131356508
0.0725657530546171 0.024559426412701556 0.12299640766352672
0.0734047726 0.0247618979 0.127118695
0.073905488 0.0258765625 0.131099874
0.07016285139064786 0.02275914693007353 0.12393353460444193
0.0711728504 0.0234249378 0.127180685
0.0719620678 0.0234707485 0.130833874
0.06638236879384404 0.02115162899360553 0.12476097612162954
0.0674802068 0.0213327851 0.127499334
0.067624687 0.0212343828 0.130379229
0.060892482798325105 0.017979895654411725 0.12518515722711004
0.062464632 0.0174651462 0.128010301
0.0627953388 0.0162533089 0.131638038
0.0578381025 0.00792131916 0.180084189
0.11525937097948309 0.04253133467061618 0.0404404674350608
0.11821074634297249 0.04696493391395314 0.04349524152586834
0.11757428564160795 0.04141568983991792 0.041020583455353365
0.1205580212986251 0.04546823489075951 0.04392389439469312
0.122886892 0.0386534398 0.0448943084
0.12426687 0.0423677781 0.0459908709
0.12429138711450854 0.053950681282754175 0.05066238198295228
0.12605624883873423 0.05256138592033198 0.050467421682580074
0.128852453 0.0487250629 0.0513156212
0.09396668978528554 0.002780973716200314 0.03324513453784004
0.09921083659928577 0.0027783342744422583 0.03227661638775456
0.09437076273301594 0.006358224773188417 0.033996811989945266
0.09958465463425295 0.006302349859408228 0.033621535625278885
0.09565561531582452 0.010785927021143133 0.03465956648797418
0.100332881623255 0.010314959588204164 0.0335779225026069
0.0970414044496507 0.016346366459702444 0.034430903061918434
0.0997496523530987 0.015287352947067208 0.03310838484972212
0.09967723934173021 0.023913962666571555 0.036156133383062714
0.10229498597837741 0.02287039903746147 0.03376038429652275
0.10262107616773283 0.0302235130125105 0.038805822316821094
0.1056593128763759 0.030828507737374635 0.035864661441522824
0.10806979372470417 0.03805696978181346 0.0432459367412864
0.11052312162847848 0.037454735020253406 0.04092365310136297
0.11170935020846202 0.04214349001020166 0.047344643104402596
0.1137921808963497 0.04214968955765683 0.044477225170139675
0.11447137242767443 0.0463713890300843 0.050538517661617564
0.11655315487377683 0.04655061476582128 0.04749513163045173
0.11671239601673263 0.05062910419496911 0.053491432579581964
0.1189101875685172 0.050922320892073436 0.05046286196717877
0.11915343983057465 0.053957520719113784 0.05670475991902931
0.12179227709361694 0.053763038334520265 0.05407142995343868
0.12202699507338417 0.056384925512041446 0.06036157526044558
0.12470384743146731 0.05669841499556339 0.05757248056805076
0.09624585360730645 0.002638890202703326 0.03565476927205854
0.09963708962854916 0.0027710165033952333 0.034724578773217905
0.0972002600533139 0.006677946453713254 0.036343779864134534
0.09991427639492619 0.00635439242514895 0.035314512256447696
0.09801528038256557 0.010964035949823214 0.03665392204891437
0.10076754091067995 0.01011661482251826 0.03507141438718252
0.10044192311568764 0.015780182252281474 0.03863266297119898
0.10267057848665212 0.015943298867892686 0.03507475990346247
0.10353463992275586 0.021136268155412523 0.04096453918907854
0.10476234163127911 0.022051290754512932 0.03640396662690561
0.10743669798078645 0.029344831210851872 0.04384769159806126
0.10845168591859614 0.029484983393536817 0.03935530522392589
0.11143810136593818 0.035262980952332504 0.047599482826509554
0.11336031195290656 0.03575647703707054 0.0437219914233065
0.11404547429586001 0.040045828553248154 0.05040818603339212
0.11601986337483813 0.04069579750384142 0.046556763926706726
0.11610208635548483 0.04425150645115188 0.05282294021506097
0.11838511346307229 0.044939527059577974 0.04911825764156653
0.11812793899998593 0.0482808294614678 0.05547421346944367
0.12056730106226513 0.049054086962729976 0.05186982309916304
0.12033816051849422 0.05146919635436962 0.05844495681832784
0.12295541383157918 0.05228424747304244 0.055080442491759043
0.12258480983662404 0.053859231072483776 0.06151662419368547
0.12559212398532088 0.05471527240888707 0.058243482034130156
0.105743235 0.00230689407 0.0470253232
0.10897305 0.0026727774 0.040560533
0.107073206 0.00552777813 0.0479575538
0.109432423 0.00597031345 0.0409335209
0.108174672 0.00899258091 0.0491962784
0.110170105 0.00971409422 0.0415570099
0.110128785 0.0128519974 0.0507351912
0.111525167 0.0137235618 0.0426103334
0.112389094 0.0177496814 0.0522907639
0.114108545 0.0192325711 0.0446056453
0.1148907 0.0226104901 0.0545562737
0.116460468 0.0251922813 0.0463775886
0.11747231 0.0284927044 0.0568402497
0.11900673 0.0310244666 0.048930683
0.118802752 0.0325646585 0.0584059092
0.120477965 0.0359322245 0.0505507018
0.120122151 0.0359566497 0.0605788107
0.12218819 0.0395478705 0.0527726702
0.121235802 0.0392553947 0.0625546032
0.123754912 0.0432152983 0.054813946
0.122780034 0.0410589455 0.0657720854
0.125689298 0.0455282141 0.0579198214
0.124424494 0.0426204985 0.0685306247
0.127595428 0.0470215265 0.0614489692
0.119367331 0.00300727299 0.0346781832
0.115944571 0.00317995443 0.0315857036
0.119370503 0.00610101569 0.0350615752
0.116207019 0.00632586016 0.0317838769
0.119384012 0.0100559729 0.0354468482
0.116605776 0.00986384949 0.0321663879
0.119411135 0.0140286987 0.0353548588
0.117367682 0.0142348289 0.03192039
0.119428281 0.0188711312 0.0356959019
0.115354423 0.0205152101 0.0329031074
0.119435723 0.025353727 0.0367543099
0.115882927 0.0268485443 0.0334074397
0.122172361 0.0340496179 0.03599897
0.11974781 0.0342289902 0.0328576414
0.123966366 0.0403809577 0.0371003673
0.120042458 0.0422244641 0.0351293862
0.126248052 0.0445287206 0.037730719
0.122686261 0.0468957623 0.037149299
0.129705224 0.0480970779 0.0411620682
0.126152429 0.0508137001 0.0407821855
0.132395629 0.0509558764 0.044764165
0.129707148 0.0534278832 0.0443949106
0.134496714 0.0545350602 0.0483928336
0.132405266 0.0571974627 0.0485128745
0.113597152 0.00278265134 0.0293792436
0.113959612 0.00637593903 0.0300384986
0.113734384 0.0101419696 0.0307844
0.115552552 0.0145419531 0.0304086012
0.114587398 0.0207058653 0.0314680527
0.114581105 0.0276070737 0.0319095583
0.118782467 0.0346697955 0.0316534231
0.118687907 0.043441148 0.0340610432
0.120615186 0.048200758 0.0370789055
0.124093416 0.0522756072 0.0406944559
0.128193455 0.0548779758 0.0445161117
0.13134025 0.0582227805 0.0487778548
0.12489937718541817 0.05591234204442302 0.06473789628343736
0.12424512798749589 0.05865644933002972 0.06400888324662443
0.12826095999961803 0.05663560018413457 0.061781767418485824
0.12755472684671573 0.05848982115388428 0.06150310679446965
0.13160028720445952 0.05756714162869468 0.05833200641155997
0.1307124466149938 0.05889590470454017 0.058729886108950545
0.135075785 0.0602551454 0.0530319006
0.134291051 0.0612488223 0.0534814972
0.125575698 0.0435445408 0.0713319697
0.129333375 0.0482885699 0.0640944146
0.132967594 0.0527895833 0.0584334074
0.136551319 0.0567555478 0.0525654802
0.12640378183097287 0.05748874545777948 0.06896471689162326
0.12611145197881224 0.060976586490714024 0.06798596799479144
0.13028081967971714 0.058709057278532935 0.06561820860805959
0.12994854150660415 0.061283651176674975 0.06553238246657989
0.13432892415312994 0.059769942562041184 0.06222142622577618
0.1332960589642482 0.06176714498188994 0.0629669663264444
0.138415191 0.0621111072 0.0577418616
0.137559537 0.0634949234 0.0583125408
0.127080587 0.043633102 0.0730549753
0.131417539 0.0481590133 0.0680562954
0.135113429 0.0532522594 0.0629423673
0.139353328 0.0578543733 0.0577399528
0.12820935682379211 0.05918426349655863 0.07328051660438017
0.12787921325343535 0.06319905439070657 0.0723630671980275
0.1324516526365296 0.06039067100890675 0.07034435967963397
0.13193718399353946 0.06361192361281656 0.06989452000194239
0.1367052036337939 0.061388927813538385 0.06722510648084469
0.1358339480073783 0.06390250280374883 0.06748171551196973
0.141393529 0.0631586869 0.0631771163
0.140614368 0.065099051 0.0637024813
0.129141306 0.044276707 0.0743452524
0.133103614 0.0475693921 0.0723629978
0.137448853 0.051707834 0.0679543951
0.141904364 0.057015525 0.0636346337
0.13076250600850267 0.06164452106966267 0.07993370193263248
0.13061075383285134 0.0663467992230557 0.07851088076278838
0.13543910159349853 0.061744076039329625 0.07782438827238272
0.1353009603890066 0.06573124377069421 0.07702041631390287
0.14007521224312094 0.062302867552557505 0.07581216302809354
0.14014329656309918 0.06545403151577212 0.07499377237837078
0.145866625 0.0638057365 0.073194897
0.145309818 0.0660948299 0.0727077122
0.13096995 0.0472845994 0.0840662325
0.135319048 0.0477572413 0.0805634771
0.13944258 0.0500971347 0.0791176299
0.145854128 0.0541980621 0.0749891556
0.1339405730066732 0.06311528536681257 0.08833969241758147
0.1341238971889121 0.06870443813265308 0.08726442245008385
0.133953182 0.0475937446 0.0931283373
0.138067336 0.0491039583 0.102944686
0.1377861827163941 0.06433229908808745 0.09889501316566739
0.13794919843400705 0.06941971011380729 0.09782313949753238
0.141571905669641 0.06594796053454356 0.11389932568985683
0.14169505106473826 0.07100903103788579 0.11332479658912997
0.142336836 0.0524789519 0.117017493
0.14449922718743433 0.06789851786893834 0.12704767989132337
0.14471921161652632 0.07080410327389809 0.1257428090188548
0.146324115 0.0550318547 0.129942463
0.1390119606474358 0.062175574553138845 0.08628366844511763
0.13914801715745495 0.06719262294510192 0.08561564139752337
0.138508596 0.0477145175 0.0896890896
0.142100985 0.0487768488 0.0995484621
0.1429478310854895 0.06357288894248775 0.09625132915439788
0.14298701743153078 0.06876238916915485 0.09579732851376908
0.14727390398889706 0.0651131051232133 0.11218374252348787
0.14826897491222576 0.07021115149444447 0.11021979924713494
0.147061814 0.0523186606 0.115695086
0.1502922052710907 0.06738464970345442 0.12547080119780601
0.15002750687425892 0.0709302439074604 0.12460007126475894
0.150390177 0.0543588682 0.129401966
0.14398937142632792 0.06334084545206294 0.0840018126783244
0.14429405544909246 0.06726508579614301 0.08340065348921664
0.1426223 0.0484723594 0.0879947144
0.14773810417916153 0.06469959347077575 0.09366688335226467
0.14821808296531883 0.06913228318472858 0.09351426149996327
0.144842576 0.049582187 0.0968319918
0.15233614091865827 0.06683574341461147 0.11038256108847297
0.15229082349832124 0.07097352198862991 0.10960361739958557
0.151569572 0.0519004459 0.112464648
0.1555866837821057 0.06797001697675721 0.12383344410097488
0.15536433653008297 0.07258237273171504 0.12318715634320805
0.155738023 0.0537560827 0.127390303
0.149514103 0.0650704864 0.0815510668
0.149415567 0.0671983758 0.0810527882
0.147854028 0.0523678271 0.0843606642
0.153295283 0.0660555234 0.0909935322
0.153530337 0.0691773376 0.0912930045
0.151071187 0.0509107582 0.0936363179
0.157968489 0.0681337526 0.108524893
0.157657691 0.0715452191 0.107954502
0.156186745 0.0529612252 0.109673727
0.161023721 0.0690967878 0.122198343
0.161102904 0.0731653287 0.121797161
0.160533125 0.0540367542 0.125418774
0.14669264047410052 0.06627338204729347 0.1382221661435623
0.1469461288569647 0.06905749129814875 0.13725410728873616
0.146758431 0.0563564699 0.141649332
0.15272889581273444 0.0685541198379178 0.13689965675670526
0.15176052400805867 0.07221581402367978 0.1355306839129308
0.153380024 0.0558241234 0.140446244
0.15864045333757187 0.07125114327722885 0.1355635306506581
0.15822139293824733 0.07473530036264628 0.13462155951478466
0.158572444 0.0554410982 0.13938176
0.164213779 0.0710959846 0.134409827
0.164141724 0.0751769919 0.133451624
0.164398469 0.0552610815 0.138183793
0.14932851334073488 0.06700757190791211 0.14841345849755846
0.14858039785339347 0.07150168050245648 0.14827068698044207
0.149227604 0.0580235448 0.151546417
0.15530688150208746 0.0704008649628805 0.14792406292220345
0.15521963476622958 0.07522697698588471 0.14653231449507995
0.156301816 0.0573594191 0.151377572
0.1613599406459494 0.07511664578160954 0.14683206473073024
0.16103770434022732 0.0777697592776625 0.14552919474212928
0.161777357 0.056828307 0.151224044
0.167029919 0.072105553 0.146297155
0.166983625 0.076192436 0.144963
0.166945292 0.0563791423 0.150839566
0.152059170618896 0.06827670326318452 0.1588346380283122
0.15207421566025636 0.0715499498528194 0.15823544255828556
0.152005184 0.0592101318 0.161591775
0.15738996452931475 0.07315768567914968 0.15799456904582457
0.15674945842794874 0.07805455726251694 0.15678448293827194
0.158990715 0.0585202036 0.161615767
0.1632851522171504 0.07630569931151446 0.15727374733379093
0.1628511514023123 0.07936219999682183 0.15619928931366478
0.164465317 0.0578331636 0.16180955
0.169433824 0.0731795381 0.156953383
0.169398203 0.077747869 0.155696205
0.169530764 0.0570048046 0.161876285
0.15460222748440258 0.06989965111197871 0.1686965416674219
0.15434530004990782 0.07283863880015153 0.16809463192977722
0.154475439 0.0620288123 0.170744026
0.15950368907400442 0.07222641088131662 0.16783125454665726
0.15924042508817288 0.07540994187241877 0.1672056932259142
0.160953167 0.0625799714 0.171118851
0.16545966822550168 0.07539117106455448 0.16698114719429769
0.1651004332172973 0.07944892655171995 0.16580273141324597
0.167248951 0.0632056288 0.171013546
0.171923135 0.0748817387 0.167197172
0.171873162 0.0791049772 0.166195767
0.172582466 0.0627730172 0.17148351
0.1559768380946747 0.07331699471946268 0.1778961060071139
0.15595912515598512 0.07571498358502196 0.17729173631153058
0.156402928 0.0648116736 0.180506646
0.16055485383925389 0.07518492643051053 0.17715174278790385
0.1602918302046882 0.07757102856769864 0.1765030964068041
0.162383056 0.0654263032 0.18064119
0.16738101697929472 0.07665519543572054 0.1768303423127359
0.16829520318510313 0.08021137150661276 0.17544249495986433
0.169958904 0.0655076217 0.181180063
0.174210479 0.0769171907 0.177251119
0.174290842 0.0821237617 0.175987814
0.174840213 0.0653027549 0.181062613
0.159782765 0.0731698338 0.198132315
0.160024334 0.0747306973 0.197874008
0.159212265 0.0655791238 0.202316158
0.164813598 0.0737497979 0.19811897
0.165350997 0.0771607376 0.198033262
0.164593166 0.0650324045 0.202659013
0.170782222 0.0772224816 0.197570728
0.170485807 0.0819940233 0.196069175
0.171298707 0.0655027858 0.202278932
0.176859304 0.079008421 0.196889321
0.176909034 0.0843347337 0.195442794
0.176636295 0.0648666077 0.201737672
0.05715757173846756 0.010026878756367052 0.12164832853311425
0.056126131207401814 0.007195693567116438 0.12197681903193211
0.05560975189877015 0.004626570371845611 0.12128660968720206
0.05470022677075467 0.003070302662204892 0.12055828042411294
0.05467512215697425 0.0013529177455472792 0.12088136209073992
0.05804782722894261 0.012886078425861555 0.12177162933045853
0.05995263058592174 0.015599574967114052 0.12549760452869743
0.05875187221907317 0.014191166520066426 0.12545931222937357
0.0580136485363954 0.012314462718138245 0.1248682439565104
0.057234080491541044 0.011398840933664034 0.12459525145524432
0.05553203909287709 0.00973782494926563 0.12418193627351365
0.0625079682 0.0251313994 0.19658412
0.0619342832 0.0287933189 0.190036476
0.0649316206 0.0305371398 0.195860644
0.0678279432 0.0344490857 0.195304827
0.0698470185 0.0388706162 0.195147991
0.0667084347 0.0397965932 0.181576611
0.06701887 0.040748668 0.183228157
0.0681646236 0.0410045037 0.184816174
0.0701916446 0.0413027814 0.189139072
0.068523219 0.0433513214 0.181288761
0.0737545617 0.045258505 0.189368598
0.071946315 0.0452499021 0.185146683
0.0698514325 0.0445438419 0.182798836
0.0719830665 0.0468339872 0.18100988
0.0719794034 0.042446511 0.195344322
0.0755606459 0.0446918626 0.195591171
0.079660419 0.0464276367 0.196019957
0.0839070617 0.0478763691 0.196599053
0.0885076402 0.0488356865 0.197099373
0.0932478583 0.0496731656 0.197471542
0.07753716 0.0477965993 0.188770685
0.081496161 0.0482220959 0.187376637
0.0858040939 0.0473082052 0.185891721
0.0908343674 0.0473462078 0.184569643
0.0756537788 0.0480062604 0.184463471
0.0806118697 0.0483651347 0.182209083
0.084799525 0.0476887938 0.179927915
0.0897618148 0.0473034235 0.17809862
0.0738897878 0.0474723869 0.182449173
0.0792681894 0.0488812204 0.176724642
0.0801478421 0.0486911121 0.17951483
0.0759599756 0.0475571981 0.16842579
0.0754524653 0.0479440698 0.170528729
0.0767072563 0.0479192946 0.171348248
0.079523399 0.0471331007 0.172054637
0.0887956078 0.0490362628 0.170235895
0.0824839249 0.0481327408 0.174202163
0.0841503108 0.0483518206 0.177108942
0.0844784424 0.0493449928 0.169213207
0.0869884633 0.0506916181 0.169451504
0.0846294751 0.0513376906 0.164188585
0.0869536262 0.0522744579 0.162450399
0.0828052581 0.0523518413 0.157747505
0.0846946693 0.0522788902 0.155144216
0.0809271833 0.0498475799 0.15349969
0.0837703229 0.0486226074 0.150982324
0.0761182588 0.0462100424 0.148122773
0.0762985509 0.0464634689 0.145060213
0.0659386976 0.0208616816 0.139854056
0.0668385886 0.0204647357 0.136964523
0.0696588639 0.0249684623 0.139302325
0.0705255536 0.0246724268 0.136635985
0.0717541668 0.0309862772 0.136574503
0.0714778103 0.0378365616 0.137239989
0.0720038163 0.0431110875 0.139929859
0.0719513447 0.0307543416 0.139006829
0.0719181081 0.0372228486 0.139411969
0.072635635 0.0424472724 0.142618843
0.0506057252 0.00658007439 0.160309292
0.0542589179 0.00857758568 0.159326479
0.0590209585 0.0102749312 0.158992104
0.0612228562 0.01123916 0.156370961
0.0586666694 0.00814871792 0.162595248
0.0622858191 0.0103719457 0.161180478
0.0596308304 0.00731083387 0.164836689
0.0627736379 0.00876261589 0.164610618
0.0674682976 0.0105082665 0.164097923
0.0674833352 0.0105408877 0.165347617
0.0676464496 0.0107920002 0.1665943
0.0679842105 0.0112654313 0.167932769
0.0647352217 0.00911425074 0.165407973
0.0647900248 0.00881994171 0.166665511
0.0650885513 0.0091189229 0.168006295
0.0655519546 0.00980246674 0.169656911
0.0621740809 0.0071774801 0.166180099
0.06165846 0.00654377847 0.167945642
0.0615129995 0.00695848144 0.170061864
0.0621159048 0.00811841171 0.172690366
0.0598340579 0.00625221082 0.166709058
0.0597373373 0.00610069968 0.168716527
0.0597911287 0.00673398804 0.171026325
0.0601673244 0.00796588532 0.17361576
0.06191130736496391 0.027535893141532358 0.1500423071786783
0.06247773194137851 0.02547217428237607 0.15066482206587553
0.06259527635786344 0.02345932569936645 0.1513595993431375
0.0632492017145761 0.021440998174721622 0.1523221925887746
0.06170059730176054 0.028114150598168436 0.14995753219068922
0.061599751723899976 0.026355084896431617 0.1505996054576424
0.061599637247470085 0.024343266616762865 0.15142484397566325
0.06175657816405956 0.022230450323789345 0.1525742497377805
0.0701048858 0.0154461416 0.154218054
0.0700069939 0.0173858559 0.152981764
0.0696837954 0.0194042137 0.151897314
0.0693276153 0.0214781755 0.150998528
0.0665810724 0.0157584315 0.154147045
0.0658755628 0.0169735286 0.151771342
0.0656932715 0.0185349734 0.149601268
0.0659470091 0.0205588983 0.147839661
0.0647786641 0.0149836827 0.154519157
0.0635225864 0.0159959388 0.15119156
0.0638572229 0.0173303735 0.148391735
0.0645910339 0.0197274408 0.146347148
0.0622820552 0.0119795606 0.152327116
0.0606045702 0.0136104358 0.148799848
0.0611066436 0.0156890632 0.146118266
0.0624013311 0.0178903813 0.143883922
0.0624209505 0.0162901118 0.141174201
0.0622005588 0.0158287416 0.138175723
0.0604358523 0.0138981499 0.128384269
0.0616699134 0.0116722217 0.133415638
0.0611935787 0.0132274284 0.130508464
0.0570089117 0.0112575551 0.149625886
0.0605084854 0.0111219263 0.137728874
0.0607881409 0.0135130364 0.143450654
0.0605748443 0.0118933336 0.140234545
0.0588674285 0.0116684034 0.142828988
0.0593112663 0.0125549104 0.146193521
0.0550883122 0.0106929951 0.150559541
0.0497990413 0.00916210318 0.151989979
0.046423575 0.00766351656 0.153983029
0.0440626883 0.00623734098 0.155983906
0.0420781988 0.00323123723 0.157430727
0.0412334655 0.00142250714 0.157727022
0.0541373872 0.0111581113 0.143589603
0.0373274108 5.79568189E-4 0.154023384
0.0496260919 0.0103060234 0.145300714
0.0456919971 0.00828431288 0.147647842
0.0421857508 0.00696978792 0.150009759
0.039674654 0.00524209299 0.152307206
0.0380464062 0.00178409042 0.153534925
0.0566075316 0.0112647177 0.138812052
0.0507541859 0.0112065998 0.140112954
0.0460578315 0.00952709949 0.142192145
0.0419692223 0.00825051501 0.145360674
0.0385694689 0.00656463611 0.147969354
0.0366714122 0.00448508541 0.150099954
0.0354905986 0.00135164777 0.15121283
0.0351759411 3.20725484E-4 0.151486069
0.0601540356 0.011554677 0.131992502
0.0557291719 0.0121016936 0.13537282
0.0492688364 0.0136985931 0.136903935
0.0454221612 0.0122826128 0.138336928
0.0420447861 0.0109187254 0.141327048
0.0386712746 0.00941549483 0.144002876
0.0359307854 0.00626472581 0.145904107
0.034140248 0.00377069343 0.147340105
0.0331600221 0.00123931526 0.148497647
0.0329160488 5.38240946E-4 0.148604846
0.0577127247 0.0128592829 0.130561891
0.0513775612 0.0144479783 0.133651006
0.0420655838 0.0135406462 0.138438574
0.03764975 0.0111786817 0.141039772
0.0458200404 0.0136893856 0.135221102
0.0355011776 0.00899579538 0.143286746
0.0330902261 0.00606012695 0.14411449
0.0315719187 0.00339134592 0.145088792
0.0306234811 0.00130184297 0.145736757
0.0304198165 5.5483891E-4 0.145913917
0.0560659458 0.0147804778 0.12756124
0.0502958719 0.0167648817 0.128558128
0.0480552332 0.0158500909 0.131670138
0.0437298724 0.0149256631 0.134426073
0.0402226089 0.0139867017 0.138367089
0.0352435222 0.0120097483 0.140247233
0.0401265214 0.0128304235 0.137378642
0.0334836228 0.00950774607 0.141738496
0.035224667 0.011849493 0.139965086
0.0355032367 0.0114544437 0.13900975
0.0312130608 0.00593550037 0.141855166
0.0298093143 0.00323707059 0.142285381
0.0288559702 0.00125160354 0.142846266
0.0284723782 5.69622967E-4 0.143156992
0.03219135 0.00913675287 0.139618759
0.0301011804 0.00547113111 0.139170704
0.0293753999 0.00402966823 0.139245874
0.0300858314 0.00385150321 0.136666358
0.0314103421 0.00639643853 0.137263966
0.033383838 0.00942410783 0.138389316
0.0283948599 0.002021217 0.139474553
0.029041505 0.00183467846 0.136623513
0.0276208671 5.57861654E-4 0.13981451
0.0281928812 3.73026457E-4 0.136836315
0.0309850558 3.3772853E-4 0.133805098
0.0357484424 4.92826775E-4 0.131472381
0.0454334683 9.0306936E-4 0.127944049
0.05079086882569348 0.0012123096160797113 0.1255356845551436
0.0318464708 0.00185623036 0.133700129
0.0366138324 0.00208965091 0.131478977
0.0461715671 0.00283497894 0.128009428
0.05161248409104074 0.002673903899991989 0.12573318104419348
0.0328559253 0.00383930018 0.133943529
0.0374234579 0.00396426412 0.131553882
0.0465693427 0.00505989214 0.12786795
0.05244708008350499 0.004012391812845077 0.12549427406766714
0.0499809333 0.014541473 0.126896674
0.0478336918 0.0158547972 0.128518781
0.052344262 0.0154424482 0.127005089
0.0501839575 0.0165252018 0.128350647
0.0466184348 0.01648009 0.129723935
0.0395280389 0.0124428941 0.136864917
0.0426207395 0.0144599525 0.133685479
0.0402852873 0.0114260523 0.134567281
0.043146797 0.0126482402 0.132315517
0.0343512961 0.00641179925 0.135028097
0.0360578239 0.00886618458 0.136603475
0.0377466007 0.0109746835 0.13752135
0.038111175 0.00599828484 0.132217003
0.0385731289 0.00810249901 0.133493247
0.0391566422 0.0101231933 0.134687079
0.04220015298551627 8.867583255039546E-4 0.1025571207718254
0.04473307110035574 8.496804925781884E-4 0.10590861256192317
0.04241756285417176 0.0017874514382205452 0.1025891085260655
0.04483610771424375 0.0021939664724449975 0.10581114212110775
0.04290701547597988 0.003802051793935616 0.10248873357429657
0.045042121903600026 0.003905123644850898 0.1056560596023327
0.04331304401293664 0.005832185697035636 0.10261445142928732
0.04542907067192214 0.006213361494628252 0.1055489554577153
0.04434921867128221 0.008652565777995338 0.10279152285955276
0.04654390839808179 0.00936171615853376 0.1057783613713974
0.04635805217395265 0.011275331453164287 0.10339441872555431
0.0475595433486581 0.012336347787409439 0.10570935715703564
0.04721974724696856 0.013730241627428514 0.10287520771489578
0.0487884373013195 0.015123069035203827 0.10502506108570388
0.048753556422533144 0.015561617847496928 0.10277698298149772
0.05025657913904041 0.01683248186357903 0.10489374413682352
0.05001020358772434 0.01681311444971157 0.10263454594648427
0.05098094600537429 0.01791783439659719 0.10451528211939537
0.05114363416888623 0.018026904594958867 0.10219920116322076
0.0523039361387448 0.01897851045480526 0.10405486240890147
0.05200304394703146 0.01858545399590086 0.1016453220704102
0.05320673142651538 0.019657027636308805 0.10342312391039232
0.05246810439365519 0.01958764227624991 0.1008097112763759
0.05426611688554924 0.020504622297815082 0.10267270252646606
0.055910420544972236 0.019996306025264463 0.1011160807085314
0.05657795252196719 0.02126008625253028 0.10272618534270937
0.05845903559468317 0.020921464300208314 0.10158325743756937
0.056331128712185125 0.01919104011309503 0.09968007089325628
0.05994560539336949 0.020277365874631484 0.09952926028977664
0.05814489790553072 0.01818330663896093 0.09909556173220126
0.06567251821544541 0.02366333933986084 0.0948519937179187
0.06207402438807573 0.020272661953981357 0.09604508082783822
0.06076102904509372 0.020324254879683947 0.0925723268216746
0.06535976159162782 0.023618060095705776 0.09134467389708081
0.06004815210265658 0.01966458913804658 0.0906763539464721
0.06530559896194034 0.022577171544198974 0.08868260852907078
0.05973192860436259 0.01846550445041853 0.08892080949435324
0.06500847449498608 0.02119845580990954 0.08680164757776418
0.05954982753436562 0.0167880787971473 0.08725514000209234
0.06464321556657672 0.01994877472362432 0.08483973561307895
0.05932608511125769 0.014876986731180012 0.0857524620759356
0.06412487493663972 0.018205167654728908 0.08315899513850657
0.0593427319481535 0.012872844580896704 0.08440750792488427
0.0636770797110647 0.016063504944688636 0.0813873348286726
0.059465204769055105 0.010895156786654 0.08328618393188042
0.06273817496484792 0.013426987686589363 0.07968630460382758
0.05967129319581181 0.008556094344969217 0.08263209041231678
0.06166710227663324 0.01026710118806035 0.07834796046940504
0.05825218267752175 0.0062436069118994575 0.0824856161708182
0.06006007641112421 0.006933787098582592 0.07814368556145364
0.05725519955079898 0.0036171648031078857 0.0819638484864603
0.059349413757751254 0.0036340392221002947 0.07703007398611264
0.057420175099243825 0.002042889311079357 0.08172443683688853
0.05927590820843855 0.0021059786501462945 0.07685306553870895
0.06319713227971707 0.023501446305999832 0.09961224612110732
0.05866202028859124 0.002283993678932957 0.07167833946976958
0.05932012930117608 0.003923982801544837 0.07277263714749932
0.060560103396345225 0.007921844753904577 0.07320600071960975
0.06258317099690827 0.011520305143107043 0.07337812082403916
0.06420678977617834 0.014585637725107096 0.07434925823570009
0.06556262115888957 0.017456736750168192 0.07544604050094096
0.06678370549541943 0.020251528097018145 0.07652857498150985
0.06760784828631293 0.0224828524032101 0.07858408314093744
0.06800588803879284 0.02459826673414957 0.08096312634366257
0.06817659857750279 0.025755269969748164 0.08337684848383038
0.06864277389058154 0.027440916436861876 0.08638299074712885
0.06954982938740484 0.028418176576953388 0.09164752891865716
0.06743441197073953 0.02769068705760887 0.09759052078703258
0.0657658666691661 0.027792549973448533 0.10316731882084668
0.06075472749844693 0.02541464536792715 0.10426778288900013
0.05745974812754188 0.025431568705583215 0.10409483500056545
0.05559766991312898 0.024788023325270848 0.1046770837201956
0.05671753883300416 0.022505152667249888 0.10781657923302584
0.05512710559850141 0.020779814190851946 0.10929660821075374
0.05311525587224784 0.019204900484630662 0.11045554720657126
0.050887685979142 0.017408342754153525 0.11041782569672345
0.04969310400120538 0.014291176705150925 0.11067844131860365
0.048180852148625 0.010120280233172596 0.11034966698647483
0.047089758356746385 0.007803747863672228 0.11049651896933803
0.046862930539775596 0.004308574381093797 0.10981671779631323
0.04654177387896969 0.0024326121516331867 0.1095669751419431
0.04656795782409389 9.048296051284405E-4 0.10974678211954113
0.057708888311386916 0.0024256092357958815 0.06765005808097053
0.05911033177141021 0.005180231185090788 0.06756636685331924
0.0609361816932009 0.008300604521049578 0.06828931538434169
0.06287497124377835 0.011664503112814554 0.06898271018817026
0.06509132882847272 0.01490606872419612 0.069788900254313
0.0665394573442345 0.01813299116419746 0.07062895024569793
0.06939918973750832 0.02198809215807833 0.07220284660597512
0.0707170582732072 0.02419741601199221 0.0773230491542197
0.07137191952599069 0.02743725508461394 0.0848498455148214
0.06584377302171199 0.03245132851643098 0.10573473870503237
0.0632159380379345 0.03093145202553835 0.10627517941765662
0.06159875030673027 0.028237190907476364 0.10829516194286169
0.0599828217914295 0.026150984064312415 0.11039710583934555
0.058635727157841884 0.024941267401931585 0.11221919448131815
0.05691558366203901 0.02415369303325945 0.11363399897571586
0.054755660387973984 0.022735261641394753 0.11483022719129121
0.052591274086763604 0.020335135975365872 0.115507347122921
0.051147694005382244 0.016909582987025516 0.11618317930992995
0.05017221744348335 0.01327416370472242 0.11663675467520931
0.04878993891426657 0.009944668301233826 0.11697192814625221
0.047984727071884614 0.007371019496093813 0.11674544046018517
0.04752278362370962 0.0038222124612316394 0.11599149030066716
0.04742137924728423 0.0017022312845805124 0.11625534552981645
0.05763303311030929 0.0026096225102454486 0.0643553326581878
0.05820660061998348 0.005332437486989054 0.06449740851806317
0.06062257695100961 0.008318320971552707 0.06522619722200335
0.06311846289363197 0.0111838429523574 0.06601672427074069
0.06537389258200312 0.01446999604056573 0.06670595618293772
0.06767669697435559 0.018581265436021253 0.06724677902348095
0.05840783504456581 0.0027049177446123755 0.062346395882747783
0.05842535368593949 0.005361541519047436 0.062116423287946705
0.0610249499318871 0.008046034184307504 0.06240262758152925
0.06307127041997972 0.01086096593038723 0.06279815253902907
0.06571384224965593 0.014200996172522944 0.06341981319473856
0.05933382719095912 0.0025490016921142695 0.059106041816160755
0.05953257091843319 0.005167769405013525 0.058952427929997116
0.06160227171072987 0.007892944247190435 0.05915973129934689
0.06378314433635447 0.010809521763186267 0.05936640108131186
0.060636166702259374 0.0024846443409455242 0.056589772112228556
0.06113287883753612 0.005066441432849329 0.056352525731683416
0.06311565988164342 0.008101299594356829 0.05642746065458286
0.06528552214579636 0.010925799346863574 0.05641392403782659
0.06859742395009535 0.01527435550650536 0.05701448263383812
0.06691619156264529 0.014447345228771766 0.059786095536040154
0.06292551013421124 0.002611560266889204 0.05434144725857681
0.06349818030007359 0.005111839961003879 0.05408165941575256
0.06568872475948087 0.008350580181928602 0.05420111252318809
0.06772117745002941 0.011156499040208184 0.05433271975292378
0.07077507128028411 0.01582183052123554 0.05499099533364453
0.06772623359379659 0.016816315130504227 0.062013097719620526
0.0664026135772106 0.002672689538816773 0.052427836901321044
0.06704871794739053 0.005371908948882837 0.05239930518214026
0.0684846136852116 0.0085816779078898 0.052416201181407156
0.07067291109428386 0.011483413516373496 0.052962851815836834
0.07402429035339653 0.016141181118657606 0.05383971547127133
0.07123422337369792 0.002651166392867375 0.05059504433965867
0.07202632078461488 0.005414613353252902 0.05073026633933298
0.07332354576894523 0.008687773278350307 0.05113557586572741
0.07520118881549345 0.012144392692598906 0.051678274198749964
0.07884101050758602 0.016609150698834136 0.05334760156186
0.07576749246330695 0.002645124664699316 0.04933486493637036
0.07683623240954407 0.00547659381584967 0.049803308300562864
0.07810292218484272 0.008866924178267404 0.050152657882738434
0.07992289048837858 0.012557844620114791 0.05079735697406467
0.0842039471627095 0.0170757221647512 0.05376479399222147
0.08121231297290746 0.0026608349577580213 0.047103208176358054
0.08212271138914115 0.005387485728682707 0.048195233867297814
0.08553549127681914 0.012868681043326918 0.05031053019692577
0.08349839566086235 0.008917101740059618 0.0489486475929006
0.0879526216313563 0.002665239436904428 0.04610953032557691
0.0891754241368882 0.0058467055123377345 0.04837750298765316
0.10118092856611681 0.01961726103581612 0.054598780642155204
0.09589755617667 0.017906912517896147 0.05574568398380721
0.09292730302217124 0.014269758109164287 0.05234288986460792
0.09797812250022891 0.014302287978717203 0.051719822144075715
0.10396110361384826 0.006278675068656198 0.036303815955891584
0.1050692313244274 0.010304894952536447 0.03718442422437593
0.10312451043651794 0.009527344785442092 0.04430589723076837
0.10116796151476072 0.005922186633042144 0.04197855213539839
0.10331527680908341 0.002723741750355761 0.03574055026494632
0.09968412876700841 0.0027040226850089254 0.040409945647212224
0.09654309405193859 0.0026942809849314934 0.042853515483746316
0.0981008356354183 0.005897197209324852 0.04466310960853417
0.11117429562848613 0.002921553609493108 0.034029004177779154
0.0933692139087334 0.005869213298529722 0.04682760520760666
0.09229862551866778 0.002681403190127068 0.044408624461141036
0.10330006343314062 0.014333054273406493 0.049276909224590035
0.09542157687258901 0.009461297909823847 0.048845453055593374
0.10036644713573387 0.009494373962409168 0.046641634733252106
0.117262113 0.00313950412 0.0329364761
0.11781744 0.00636226183 0.0332114254
0.11201456729874651 0.0063635390920153455 0.034064176053249
0.10604572457926992 0.014371425509091594 0.046411695487573956
0.090575377713719 0.00942859542712043 0.050055740596323055
0.08951908144042779 0.017466689273799 0.05479806691317837
0.099759415138336 0.024485853465924284 0.05895970076350654
0.09387796296037583 0.02416594450753178 0.058572991799043
0.10618736834974173 0.019637353920886814 0.05195389428738623
0.08835218588531031 0.022692905414618485 0.05716555258005268
0.10417715701375657 0.024436340526889592 0.05715517980376197
0.10887081942076511 0.024448572618503986 0.05428377893585723
0.10681126064225172 0.015110082205095807 0.038536609409176255
0.1100257097062065 0.009842148376609463 0.03425375753265393
0.118037238 0.0094789674 0.0333615651
0.116924396 0.0139895499 0.033385437
0.11051839192716816 0.01419318626159553 0.03579934243983904
0.116388586 0.0194646016 0.0338764241
0.11117321939340695 0.021042548485720833 0.03630248996181468
0.10968823051698744 0.021030292805727966 0.040673920239543714
0.10856351380854008 0.019691073680910495 0.04794599319826872
0.117618564 0.0262600934 0.0343369966
0.11396237960080323 0.028026986882918 0.03726298656598573
0.11295650750546127 0.027137963683791344 0.04334087055987626
0.11124449043996931 0.024497103215982176 0.04960270996118765
0.08383717928801743 0.02181127225760155 0.056217089619916484
0.07880932157793939 0.021441359375270263 0.05624752152919442
0.07556741233299878 0.021408453196533936 0.056996461080450006
0.07245872165354345 0.02113546985970359 0.05798904354500796
0.0705367321178936 0.02006219497922984 0.06006233610432557
0.10675362290396709 0.030427006338538027 0.05942295478674729
0.10257148919008867 0.030484726497065344 0.06077789571788755
0.09736287166987054 0.029770929154734577 0.06094449496991553
0.07167572502250343 0.021934257525131926 0.06531228817986312
0.09134535952570479 0.029608735488091346 0.05981845932289651
0.08693518646509549 0.029070144871864666 0.05918649555988062
0.08328703364801546 0.02758714188399395 0.05965172786686916
0.08078718886577207 0.026413768697242563 0.061324231620144
0.07780575926029416 0.02517562659565732 0.06322997964592578
0.07478599964017961 0.02382255084354064 0.06411859846013415
0.121054602 0.0347964487 0.0350105088
0.11704414849601431 0.03497345814541515 0.03911286908048003
0.11627158637138955 0.03319998531956866 0.04643707928086661
0.11402972136582722 0.030480067779080227 0.05208658878768809
0.11156725755749741 0.030431660772893936 0.056596005468089704
0.121763611 0.0412088016 0.0359232361
0.11977998230372132 0.03995389637378935 0.04165879940835498
0.11814929841134632 0.03843390769779853 0.04842704749022182
0.11637792257804049 0.03624933889081853 0.05421565377641659
0.11356816638265957 0.03480931015411304 0.05834457324378645
0.1083454265180295 0.035201769416330665 0.060301472553222796
0.1039107917182672 0.03506432698636563 0.06210648930539503
0.09934023612000559 0.035281358640518116 0.062318068065967576
0.09459908986885464 0.03521214564475708 0.06235752767615838
0.09073550070569981 0.03463152872181181 0.06268912014766431
0.08720839257411939 0.03332171803379665 0.06334863962211122
0.08430235175372064 0.03142899801501525 0.06539618403527395
0.08176814127133133 0.02965175370717388 0.06750799771650584
0.07834325971337917 0.026880505102095567 0.06915995866938716
0.07442985630148788 0.024438649384196483 0.07030832475795215
0.0759476961046341 0.027383623863710953 0.07612913189788585
0.08054251982902277 0.030417298257556572 0.0741727757916068
0.08445828735161226 0.032641213762179704 0.07243710296086589
0.08753555990783754 0.0346078042840265 0.07029584813213542
0.09016401961478636 0.03713888942229159 0.06773769237758773
0.09440151868291972 0.03790963689887999 0.0666716624201912
0.09764157976043662 0.03900567994331853 0.06525965028290832
0.10158443016664354 0.03910185305723675 0.06462940775677409
0.10576001848049162 0.038959267578839295 0.06369960873222365
0.11020282927605783 0.03879157549307008 0.06255990632676445
0.115044146730541 0.03882238804515538 0.059965173503260624
0.1180167583848378 0.040204526796187814 0.056203250462185814
0.12018604579999942 0.04237092897814225 0.05080346320727275
0.12260084982133752 0.043829589285003766 0.0445022386609635
0.124471977 0.0457085851 0.0374105511
0.12795796 0.0494295883 0.0409455861
0.12540867499020045 0.04728447010328256 0.047477450472389764
0.12208988103388455 0.0462190427282296 0.05321334218534162
0.11967211703610972 0.04381816331856288 0.05837185713596051
0.11667302863414881 0.04245626597165805 0.06243876507996849
0.11184876764551362 0.04236593772614749 0.06525815834270582
0.1076832846922587 0.04239903271946612 0.06686354053661933
0.10268721012776812 0.042747830938373824 0.06792629585815682
0.09882092563430414 0.04228288424882527 0.0687953409893694
0.09560330867996963 0.041282948320447606 0.0704492517013565
0.09318596134385447 0.03928701871703025 0.07324419450610035
0.08983358312420411 0.037353113484446226 0.07587005543093502
0.08624367393633751 0.03517741963920239 0.07860053987805932
0.08162060821170503 0.03332854059643069 0.08099993825140468
0.07583491390667386 0.030415559393315802 0.08378795177892513
0.0863994775683865 0.03872380813228861 0.08911116446794996
0.08051969825751096 0.03629748280884156 0.0921575389912962
0.08163239842704337 0.03513349747082395 0.08775938014535999
0.0869323197086569 0.03712535210540595 0.08485160352357986
0.08596568665241751 0.04005870099811989 0.09295855522824323
0.07971832717299195 0.03764361222375833 0.09596675136607824
0.09417982446579325 0.04378435524317937 0.08222528693974546
0.09077444457441272 0.04123707599605153 0.08555562069195287
0.09116684888380432 0.039409257052854765 0.08144937264437964
0.09412691593279925 0.04212522490359055 0.07812752322224954
0.11155284157177464 0.05428481883125007 0.10441803184088186
0.10641350358467169 0.05317676380570082 0.10729350015385297
0.1048811436377014 0.05093674758512847 0.09916779794725318
0.10978027980682342 0.051840648028839524 0.09597961895507229
0.10263400477922505 0.04846044470627549 0.08693928886370318
0.10345819680754793 0.04964094113865187 0.09189282419140486
0.09893235182104876 0.04862539301541403 0.09493702290823869
0.09835688725960423 0.047450365715176974 0.08966759663601537
0.1002894024078149 0.04431630468653094 0.07401427554632846
0.09707393957748714 0.04331778304962889 0.0759586534759444
0.0727929637294582 0.03377587423898319 0.10456313044698738
0.07361016721644696 0.03741320536321146 0.11012854513644635
0.06816419475235519 0.03405648430504115 0.11128872345240319
0.07135951205940555 0.033442694410935135 0.09882068622079292
0.07326248157281035 0.032819667509780034 0.09466992549536375
0.07469453895681903 0.03223907136154538 0.09013419077920687
0.11020694574970691 0.04715320645262827 0.07397759292241583
0.10520742049380516 0.04651907304366445 0.0761440820434087
0.10388414911280708 0.04537752215925661 0.07188239907915088
0.10891964851783527 0.045524149370904515 0.07023778763963956
0.10115479294051612 0.04580726632974484 0.07814963186688867
0.10191254790354899 0.047042460744691164 0.08236141984912548
0.09773725524461 0.04635861957818026 0.08471752225846517
0.131087441 0.0521670063 0.0445500886
0.12742615820139938 0.05073383001082389 0.050762740378119245
0.12406511358639213 0.04925838325325145 0.05625407610613538
0.12155482158368468 0.04639023056846529 0.06125932307673952
0.11836496494518824 0.0452481692945686 0.06485643685830968
0.11360903098760312 0.04511780378124097 0.06849419802237496
0.11511994884487682 0.04689790333918998 0.07148002346017451
0.11640373067249277 0.04812635602198075 0.07433196936335683
0.1113301108704204 0.04843009345075413 0.07740139882186073
0.12339416156391066 0.04847533775480741 0.06419677730991934
0.12522063087159122 0.04978136886544204 0.06715204021927085
0.12140306732461048 0.04812982108801624 0.07126525900497788
0.12002315541542766 0.04727429353502074 0.06771141709005828
0.12969154386452555 0.05350491515065438 0.05441120613399008
0.12633744364195318 0.05128160954428497 0.05956962422530013
0.13345326 0.0558747461 0.0484194298
0.135803271 0.0585255485 0.0527693731
0.13225235352606982 0.05524042428618377 0.05831223416368644
0.10741267055052697 0.048624947278506976 0.08442550247591177
0.10823360230151101 0.05013892461798399 0.08896811550500049
0.10645351957962979 0.04737357919048318 0.08015661342266729
0.09422512789572644 0.04618831171559632 0.09207496575298263
0.09449969840545983 0.04717507428729791 0.09779796338130729
0.0900463511456318 0.04483536867837508 0.1009664866778111
0.09022882323834332 0.04381370103403257 0.09488360870903202
0.0974631980101941 0.04485461315395364 0.08036522729994344
0.0940676760951838 0.04522063624562048 0.08686722229339822
0.09042507918280177 0.0427453406015195 0.08974765366489278
0.08557632061939871 0.041573619256887136 0.09785897939844103
0.11535827825719615 0.05193318469611141 0.09257641664674204
0.11369088565546105 0.05077738115052937 0.08564405278995478
0.08490058621259367 0.04300651842363835 0.10345330533774369
0.07976654461998407 0.0403415848694534 0.10774734801543662
0.08087154430242735 0.03680366921684056 0.10224422286144409
0.08061427616460583 0.04283678204871626 0.11435414475168776
0.0744277058774968 0.04045037773133941 0.11592580630276982
0.09038605839107165 0.04742190050579952 0.10759041369801423
0.08509646846550006 0.045995823597549036 0.11030200892769731
0.07230906970592821 0.0391629551558297 0.11677902231704669
0.0956460106716036 0.04859272286700915 0.10492138726357525
0.10025690883350566 0.049934165078364325 0.10214273106727345
0.1126094432262119 0.049150553148016696 0.08139551081697563
0.11767729710910299 0.04920983504541471 0.07814566150779859
0.11905468070196228 0.05075501482402244 0.08230878514073207
0.12858041187569821 0.05285868696484142 0.0626869321251695
0.138869634 0.060020131 0.0577142288
0.13469533860637126 0.05653990779693768 0.06249466114974854
0.13067619853850845 0.05361584280766346 0.06665887450940225
0.1269072233476169 0.05026971814276296 0.07115107530314256
0.141620613 0.0601190937 0.0633617262
0.13703996122425305 0.056565779739329934 0.06746563722923841
0.13274849139590147 0.053701458124256925 0.07118985542929049
0.145855656 0.0590448974 0.0739914815
0.1397117627993326 0.05610794622611192 0.0772777865115973
0.148687907 0.0583868624 0.0827127864
0.14044837879373387 0.05510928291143346 0.0859482519606522
0.12302387340694872 0.04860618926096802 0.07448723642263586
0.14185187034744884 0.055385329548171526 0.09547119863156443
0.1518477005093619 0.059314191712421305 0.11123853596074354
0.14668862912203395 0.058463931347951366 0.11360048667870043
0.13884842365929756 0.0552515755591236 0.09847865173316887
0.151629685 0.0587085008 0.0917263284
0.156981185 0.0605193545 0.108970694
0.160723344 0.0615663143 0.123671338
0.15561985974449136 0.060871603164047355 0.12544484362286343
0.163848917 0.0627397208 0.136288304
0.15844486180301312 0.06236386829026554 0.1373387916613336
0.15034323990285103 0.060878787472245614 0.1272470361224839
0.13534636540934372 0.053854604923880146 0.0888324077506819
0.1411681995891947 0.05924133717481993 0.11586556521545541
0.1367025373406243 0.056359313350586374 0.10142093234401812
0.1351628868642826 0.05443662776059998 0.07967909011898393
0.13081577770340164 0.05317609054100594 0.08234229834010177
0.12839952448810527 0.051017829320368926 0.0752031509636148
0.1329773548887072 0.054480123888816415 0.0914556085539676
0.14444099497881718 0.06147559656545351 0.12918088491449456
0.12328112753556084 0.05057648506023653 0.0787094359709116
0.12580064421955636 0.052168538289241964 0.08539576264809923
0.12075847405158065 0.05227293952081947 0.08888883785070305
0.12857769265189667 0.054600184396594975 0.09449253006364239
0.12604409445341425 0.0580522400840523 0.10803162801676254
0.12842340030231014 0.06220704063376742 0.12078446551009056
0.12223293704168885 0.06264664992063877 0.12314778564126778
0.11988120118965108 0.05850535310968531 0.11094153011059377
0.13188905895597733 0.057276634937709146 0.1044185826177698
0.13556419986704796 0.060878804820838094 0.11838433607663146
0.12321130004481737 0.05453063114760746 0.09776407756814635
0.11748173799729213 0.05442510818763998 0.10128565748973833
0.11342142349660916 0.058099237897932324 0.1138774099617197
0.10814601458200711 0.056759750010076764 0.11636120102743967
0.11572220032502879 0.0618320953614508 0.12569118072951652
0.10988324909940324 0.06015684017815206 0.12810068975209268
0.10156859412162884 0.05230551022562015 0.10981674054493684
0.1380869759907248 0.06262463996752912 0.1305754655653527
0.1312228925461757 0.064246913217362 0.13216961060051366
0.12442388396395877 0.0643298958768941 0.1343831757430437
0.13315673572258757 0.0655949482826092 0.1420861266772941
0.12775894188620027 0.06633305859894524 0.14610920505342326
0.166851838 0.0636320623 0.148473292
0.16124594318482363 0.06398113348075105 0.14893698244319473
0.169430921 0.0648282314 0.159321088
0.1638063800275894 0.06548003404977029 0.1594673837924258
0.172041148 0.0679467841 0.169435925
0.16608438177634516 0.0680725776294031 0.1692758956616936
0.174361365 0.0704904233 0.179181822
0.16816017600373512 0.07071157498967448 0.17880755774231963
0.176683192 0.0714499149 0.199198108
0.171073844 0.0700585546 0.199826709
0.15296767586383672 0.06167787453518789 0.13858538538351017
0.15565310885704792 0.06254134394560731 0.14957927978720328
0.164753946 0.0690068102 0.200275977
0.16125205783524182 0.0710382893023984 0.1786493961945891
0.16016803050228479 0.06664247432616296 0.16956606691029608
0.15818662365624547 0.06409891127633412 0.1597681730576572
0.14665899350082784 0.061354746613296 0.13979783201460871
0.149245703220743 0.06233467255617327 0.14990592575317277
0.1520126529779146 0.06336547719476102 0.16014639311174841
0.15449018235013 0.06543669359054942 0.16990151946434645
0.15610953637771835 0.06946911335136802 0.17905473776567876
0.159536295 0.0689741338 0.200113179
0.151625583 0.0735430997 0.198448262
0.1490865464769586 0.07114286029919105 0.17873602297185284
0.144916495 0.073017101 0.197850598
0.14196540338583263 0.07102690216526808 0.17944096327158068
0.14706322309322323 0.06896913977222882 0.1689516928858748
0.14018219528098028 0.0693784886254383 0.17013674162039139
0.14487592166337449 0.06700874996192231 0.1595774844708965
0.13801384422243165 0.06768024141781473 0.1608870552116583
0.14276899553427014 0.06555310713393928 0.15061255231284393
0.13584803695409994 0.06622712937533597 0.15206412263878605
0.14047083065564067 0.06447735844924118 0.14039430134737915
0.12941921525341565 0.06666507661731326 0.15314497308890782
0.12096436296201583 0.06408474018728708 0.14602733042559773
0.11825290044670904 0.06339367333113757 0.13678126677125985
0.12314659976347035 0.06599249043063792 0.15488434488851166
0.13149837623470426 0.06790945614047628 0.1622213524506059
0.13334774932639554 0.0685032368284101 0.17124454453366295
0.13494626325582704 0.0698039115787769 0.17999939338610232
0.138174412 0.0719364736 0.197123878
0.131001332 0.0704272468 0.196260032
0.12873567767118127 0.06831422403852892 0.18058022204780183
0.125701637 0.0686121133 0.195996246
0.12316225144494253 0.0674576881995488 0.18079665557552355
0.12693656372960416 0.06748673886956781 0.17216146030216783
0.12503697532734906 0.06681206253026716 0.16355709463422746
0.1212037769342805 0.06647129763213815 0.17278280817800096
0.11940518737013468 0.065423462383444 0.16452168239071588
0.11759405294007583 0.06386574328205964 0.15616423818745684
0.11540710461123783 0.061818414181508886 0.14768699981525335
0.11283712060577394 0.06152682141273136 0.13893062335849835
0.11138287417278817 0.05959961199997576 0.14908634705477666
0.10874581130432703 0.05931558297755453 0.1408003645289482
0.10802460146582707 0.05782112347071216 0.15036205725779592
0.10500310681384994 0.05754188412928295 0.1422831687788952
0.10124054994424733 0.057231414479069334 0.13085935602458199
0.10505170047597294 0.05846507320615417 0.12967169277618465
0.11324237857574129 0.061544661770793464 0.15736847962836906
0.10936545161258097 0.059906881153080155 0.1581594971701924
0.1006511240175692 0.05621181713026552 0.1429401886979528
0.10404920845078776 0.056274695967161954 0.15113392553538169
0.09880880007563266 0.055129751827235944 0.15148293206845814
0.09605946197983947 0.054985250872896636 0.14344819228686076
0.09906661947963064 0.053675300977444766 0.12066839162853087
0.09463807253509149 0.052197676868281404 0.12252925506304123
0.0918966876325683 0.04971626072951911 0.11476582488662428
0.0971610523644462 0.05074134705059009 0.11237163453325791
0.09800042086648109 0.05619237608396825 0.13192256228202132
0.0936777795673906 0.054613108285153276 0.13317130391001136
0.08990358420180708 0.051359534507071314 0.12411659136925607
0.11038835056927324 0.061581464220576976 0.16621794730068434
0.10612622224631435 0.059993212355335446 0.1668325802105274
0.10570184269998806 0.058279776827995164 0.15901332292916018
0.11459557121912824 0.06351598712533352 0.165454444628775
0.11618541479588557 0.06495139607846608 0.17348410136809816
0.11163255058313999 0.06300606713597345 0.17421623933398686
0.08349466306372574 0.04943071471560051 0.12676030264970237
0.07836100726291385 0.048151066467690296 0.12801433819769348
0.07690611767257935 0.044178250741041425 0.12266823257905132
0.08237609346961447 0.04574545722960715 0.12130032387463412
0.10323999757978557 0.05539374269796746 0.1185968082108806
0.08688262123764097 0.04852418873097331 0.11704138407372022
0.120183102 0.0664848697 0.19586377
0.11801157151428676 0.06578830879690573 0.18135631043717487
0.114749897 0.0643190173 0.19559565
0.11308736868078696 0.0638596800991618 0.18193560707322506
0.110022221 0.0620341181 0.195734139
0.10837192258215828 0.061558566045042375 0.18240318675639175
0.10700784663613239 0.0611935244333623 0.17475407237027796
0.10099436512900342 0.056774865853616366 0.1595502085686156
0.10234200156226797 0.057576349613863785 0.16766126776910176
0.10272495419387724 0.0588290835262547 0.17517107602469795
0.10356606698560701 0.05892634184299536 0.18264155690960976
0.10443555 0.0605554789 0.196067324
0.0993276709 0.0581123163 0.19633592
0.09871829160883833 0.05603819740047731 0.1833430586733326
0.0979707546612681 0.05498692413127222 0.1764418575289636
0.09804611104729714 0.05275844081326949 0.16979954831111524
0.09417586913131441 0.05781832869352599 0.15910802608428143
0.09164840463559656 0.05712660505127843 0.15074784715425077
0.08984848613963735 0.05639172903044132 0.1596899334411833
0.08762397839777136 0.05590429832896869 0.151455724761056
0.08896440740651927 0.055308259221061515 0.14296707651213
0.08415686186469795 0.05314483460704709 0.1437958440624659
0.08613923837081298 0.05370231057549986 0.13530701653808902
0.08067558371288887 0.05051751243144387 0.13490277201379905
0.07756654133005324 0.05072838582637899 0.13695957259150945
0.0746531590361367 0.04803779517328136 0.13863197979917685
0.07213834998715007 0.04414743146838484 0.13048317806765744
0.07511253269285059 0.046268839914713186 0.1291026053279893
0.0702806871691198 0.03842832174140749 0.12499521261136066
0.07341549868547156 0.04160011729873588 0.12333464404373606
0.06895055992399936 0.03795862591299727 0.1290730726094478
0.06671537615994495 0.03219621693738964 0.1286909930376787
0.06519991307765342 0.031142839022250204 0.12437463499690697
0.06844792059767618 0.035778679208225035 0.12458880967999955
0.09259265374438451 0.052172652540094074 0.16943882221643858
0.0927973816090287 0.052719752516689214 0.17649684985349176
0.09350637111004075 0.05326125102797321 0.18341301062486257
0.0947766772 0.0547878831 0.196203969
0.0905236704 0.0531615128 0.195444183
0.08845289715843764 0.05142264185944626 0.18351750984136497
0.08756928299133002 0.05262781648226829 0.17605520005466052
0.08742188862883506 0.05450997530672178 0.16859577601385167
0.08746364637082475 0.055688432908023465 0.1600072099834459
0.08479819503065458 0.054965115799433695 0.15237308876770372
0.08255753724387851 0.05102398629488864 0.14525048686591024
0.0859619064 0.0519610187 0.195375512
0.08399430700020478 0.050884449627085014 0.18404527263277856
0.08282690853356836 0.05185082362330025 0.1772040864091982
0.0645951652747452 0.03194934327149196 0.11341057906421308
0.062193182801990085 0.030252865469570143 0.1145800465064146
0.06083945958021094 0.028163185154558415 0.11651306098508094
0.05905686177270102 0.02645536759759125 0.11767853501740186
0.05622632232910483 0.024006239838963207 0.11905137633115835
0.06929375272955161 0.036201352063085536 0.11842423180386058
0.06641040677786889 0.03251903749634565 0.12014521981373864
0.06348791681139958 0.029771544464648796 0.12026435401056385
0.06280450859125859 0.028175417487525833 0.12482983180858317
0.06000891453103936 0.024542567317956065 0.12553522831961483
0.05870141726622832 0.024497440584441733 0.12276169111408776
0.06130391653485486 0.027213122434278664 0.12173597781328659
0.05414058433562193 0.02061482261873 0.12049853130922086
0.05198295330685425 0.017167770598580198 0.12072311143566955
0.047899350816406214 0.00919708947481664 0.12115583681107596
0.04676028457088983 0.006556672178287752 0.12096660106752818
0.046299603327733634 0.0033747602459488508 0.120282906112755
0.06423687707138735 0.02820755482083323 0.12858565435162658
0.06094837807139829 0.024125385852472182 0.12867413703480846
0.059168989077564946 0.01837366991485109 0.13002797331006088
0.057958649340753184 0.019910033908303086 0.12650920611511807
0.07054811458479497 0.043813005558971295 0.13556664943321503
0.06870179947300276 0.03836432011893462 0.1340148271980413
0.06661214531105751 0.03297752508680374 0.1327106926607724
0.06746868003164413 0.0407612200713013 0.1365177014890314
0.06618270098026405 0.034915015226919 0.1350082065177112
0.06432854086829388 0.02819122699638042 0.1316642499501869
0.061620777024551245 0.023223241644507897 0.13216307675044
0.055521444767252744 0.020756539124605337 0.12392646728737367
0.07370848999294506 0.0488956090677449 0.14231313163913337
0.07966382728521434 0.05141943502277161 0.14786080152395675
0.058287537467336135 0.018619964643272778 0.13356740695513772
0.061689281002930564 0.02310752696844341 0.1354637951016833
0.06456533561558257 0.02843982943954993 0.1346787491259875
0.08250845032468797 0.05424414690238952 0.15359277248044567
0.07302090312772752 0.04811701948648844 0.1454169061331665
0.07788679747219311 0.051455662320916 0.15042125705991508
0.08401627611463569 0.053946051894470506 0.16785053446255424
0.08482043012911566 0.05510210698154221 0.16071322118668355
0.08223744299799697 0.05414488947816198 0.16216499417082736
0.08055443034352706 0.053980102928904164 0.1558667566640403
0.08107557864502084 0.05281915719437341 0.16705576082910367
0.08066878753805602 0.05135058929259788 0.17314493595969757
0.07837708827985067 0.05065721937142773 0.1706638703340776
0.08002947057888886 0.05245082990099361 0.1633914597648337
0.07876466836164311 0.051250915933105726 0.1668582707465486
0.0797686044182371 0.05104950002794095 0.18551780528229653
0.0815885826 0.0505494603 0.195182428
0.07563412048464592 0.049953936670378486 0.186402952563281
0.0775204927 0.0485267803 0.194857688
0.07153173018778282 0.047535526318591696 0.1870478514323575
0.073382097 0.04651537 0.194718017
0.068002248026366 0.043398807002266025 0.18670682773249894
0.0699221669 0.0435758596 0.194483856
0.0647608555398596 0.03854875697758409 0.1866151387068429
0.067528456 0.0395600195 0.194272039
0.0655906723 0.0349975135 0.194450774
0.06186372059053427 0.03458266155859824 0.18684009222752512
0.0627445468 0.0309949019 0.19507788
0.059346082398723986 0.03002230915731566 0.18814531743141077
0.0602512046 0.025611262 0.19596005
0.056602104098966766 0.02548032204807008 0.18904349573589196
0.0578146641 0.0196778809 0.197073403
0.05457795288166476 0.017886139452697097 0.1893773235979521
0.0565376641 0.0120250111 0.19751805
0.05359209069447265 0.011973174830949595 0.18937938799440202
0.0557471506 0.00378053379 0.19762447
0.05387335424216444 0.003977433473419589 0.1889585023979994
0.0786121614356736 0.05149182824505799 0.1790237890767073
0.07420995502265487 0.049847271660798546 0.18100144007088256
0.06666437727386694 0.0434724689003896 0.1825471620529273
0.07035348754467671 0.04744858408694749 0.18208060593505956
0.06397563301056808 0.038684134712628736 0.18189942250770075
0.06056832090703877 0.031940147308884406 0.18278760192185017
0.057061935192797876 0.02562928526848599 0.18458751660946124
0.0550305928049107 0.02031469528798347 0.1848206886537476
0.053796159854538964 0.01569706633031929 0.18415161467245617
0.053050379667816255 0.010748570672265494 0.18375044002443489
0.0532189205190534 0.004332499407655325 0.1831981240441902
0.053903256362431436 0.004211840218558614 0.1805503917473629
0.05410661774596008 0.00919856359785477 0.18027790356111267
0.05488919428672571 0.01432339185113977 0.1808522460816356
0.05612025347064535 0.01961807777458846 0.1824744901810947
0.05793803296666476 0.0255009195334982 0.1826645011770598
0.06080434000699827 0.031978470794222 0.18101201086415342
0.06363150014345825 0.03922747962877757 0.18021690598448153
0.06555686737563417 0.04299573779185818 0.18053172401880102
0.0688621585860597 0.047521938661058555 0.18018271030059135
0.07231313557258297 0.049702331716889175 0.17885037590256306
0.07730296558433446 0.05168084448079163 0.17588588268312155
0.07592963218176225 0.05109784123674656 0.17318686108140813
0.06155583069503351 0.023694335259560804 0.138367186617711
0.058750843682315895 0.02001640509318123 0.1396467475414013
0.05822327894571083 0.019247766961533522 0.13691425213991015
0.06157355254478305 0.024715467310476694 0.14121170137195807
0.0644444578622522 0.02873454084716385 0.13757980473296763
0.06432505561640878 0.02921227777281504 0.140438704110757
0.05880379829640823 0.021849126466487987 0.14237772261289738
0.06418646889715861 0.029477556025648867 0.14215693998249213
0.062090131754971564 0.025680646686480565 0.1436878795272275
0.06636322301394311 0.03476408397582805 0.13779076264423457
0.06562403273883656 0.034747658423262016 0.14055368620111713
0.0653475824723349 0.034558495510268177 0.14189658612024747
0.06959109321809145 0.04564697043720965 0.13886737235930224
0.06945476475697336 0.044575526107904946 0.1418507842427
0.06707857178256313 0.03948067145447231 0.14152846847818248
0.06749441299115354 0.040135171480252044 0.13916772700841598
0.06882526613075618 0.043298038725348625 0.14408596690135783
0.0722451826991712 0.04692921835719933 0.14803824206327895
0.07650542308074816 0.05067521108032131 0.15355099636706296
0.07899977739636216 0.05294366777942819 0.15847276109426897
0.07668312234067501 0.05056089890078648 0.1690557672728735
0.07450902716677055 0.050534717552617396 0.17114695974279787
0.054539399216700424 0.003924857162610994 0.17791901068091132
0.054962837379596625 0.0035301424430351684 0.1747999621064202
0.05427632404037625 0.0032184999591508205 0.17193011594101673
0.05311898274444125 0.003045851335840727 0.17001693101412463
0.04622766285941418 0.001545742214985003 0.12054221863031284
0.042868444382646045 0.0058276866268745856 0.1250503590234084
0.04279483797819583 0.0033844294441896863 0.12457801184732185
0.04194386893133906 0.0014561766341479225 0.12449518173326517
0.03861302051278007 0.0048541944791459886 0.12828188683271463
0.037815548108679 0.0028329024377292972 0.1277490956889382
0.03726492083261403 0.001122637421965805 0.12754579561474566
0.03134154215367068 9.179623341910294E-4 0.13036048785960658
0.03206660835642857 0.0025142955388964905 0.13053414996975402
0.027829577756209273 6.974739387746057E-4 0.13261698655743276
0.02560129987813959 7.523904702435873E-4 0.13588262360721495
0.0264276665890331 0.0023625675175205254 0.13576831416324606
0.02577266488669081 0.0025418335803893046 0.138718809020524
0.024994882883577287 9.137148970061981E-4 0.13907537151273688
0.027548285314543612 0.004394803470993443 0.1356392385211201
0.028782067023313478 0.006903214633722037 0.13576115334907965
0.02780289892490835 0.0065991624436950716 0.13792382740544665
0.02680790932721049 0.004556097210697807 0.13830544574804227
0.05101795370300745 0.015315612818905798 0.12421208367191756
0.04911309070860891 0.014206712606355103 0.12399073349739646
0.04992764265190693 0.012673353246963736 0.12123959306958006
0.051231954974506895 0.014947549831844653 0.12118845286082497
0.05449033564429865 0.018414780141267836 0.12432208958490325
0.052753603457646306 0.016614639538418918 0.12445269161991655
0.032900551254348764 0.0043051103491632235 0.13094407072159864
0.028660412045598226 0.002340174112312382 0.13270153645823388
0.02973610453139677 0.004219822558666221 0.13299197707037538
0.03103424788281072 0.006760306529373977 0.13382056746628168
0.026273711338776158 0.0010178655674571635 0.14271330227221574
0.02804919207045738 0.0010478145607694085 0.1454984512121123
0.030149313297366306 0.0011215307898797653 0.14798085859808577
0.03262080212219037 0.0010594164689132534 0.15056139404759222
0.03477219054834089 0.0013038141790898856 0.1529212824755099
0.037717151559141036 0.001802979390576779 0.1557858013647092
0.0420025062231669 0.002825681119903539 0.15960181796421466
0.04444108415672496 0.0027523301215288567 0.16161521230579318
0.04678747186986694 0.0027438859537936475 0.16349832883376447
0.0489343201690704 0.0029137776224853434 0.16590103636936254
0.051456070327524805 0.0030938613760875156 0.1681657435486412
0.05499316539111855 0.007773929881550901 0.17795269635272365
0.055510128639234387 0.011571282672154664 0.1778511830134832
0.057688242421194344 0.017356822943861008 0.17893223891476148
0.05836672957739109 0.02098682074895338 0.1794796655376098
0.060151542022388635 0.021195595733315226 0.17818620614015543
0.06099924222028606 0.025990017562225635 0.17835047886879682
0.059662598781712345 0.02574709477053548 0.17949075565607087
0.0637380199679544 0.02617356891962896 0.1762376737076344
0.0655202152561889 0.025284657464520018 0.17347286083641386
0.06410949854046596 0.029953630859794817 0.17289392933933442
0.06400379343185615 0.031126653399531683 0.17565216938608724
0.0647901452556554 0.03516745940501923 0.17477774707387297
0.0642391827895267 0.034185488457633834 0.1718061764121765
0.06566069211164736 0.03735217958474161 0.17018175006969002
0.06535021963113632 0.03834659335038932 0.17336939218420136
0.055860528458909785 0.006041596677973669 0.1745024632225935
0.0566668630518933 0.00898281556444003 0.17389866659957617
0.055934859600007165 0.00815973000788893 0.17111498242063064
0.05517103356997698 0.0052848331610347975 0.17148619221644054
0.05483533174063988 0.007402433431181795 0.16861355173222292
0.05398800638536462 0.0051115330315951646 0.16913653624203942
0.04479538019033594 0.007326334222647264 0.15730093060080777
0.042719905130911937 0.00501852607287377 0.15902581315896924
0.03868346250774325 0.003900619232603546 0.1554334480430847
0.04056843391969773 0.007086884734505385 0.15404842526861864
0.053132432398967 0.0066330773020984385 0.16664882874705517
0.05228919126249753 0.005223372151938282 0.16730245800668436
0.04987849172608932 0.0051482101387916816 0.16548238137343702
0.04522620074953839 0.005012911516310614 0.16098600646112785
0.047736780158366625 0.0048867895336845366 0.16298674342390107
0.047340991127878485 0.0073244321593823325 0.15934498494745428
0.03556295467411404 0.0030312967062704186 0.15248858107542054
0.02750823104890525 0.004490048619757418 0.14143903447019643
0.02666824615110851 0.002279739804071742 0.14221310531788742
0.028859799580419395 0.0071516793009166095 0.14085391584248871
0.029171046954014304 0.004671973007524471 0.1443351133497443
0.028223092911642076 0.0024278450123659716 0.1450788946190331
0.030528978189652223 0.002561331335104464 0.14781633580074782
0.03305236961162001 0.0026473585597517222 0.1503192102976002
0.03152045352141734 0.005150238961030612 0.14671510248823968
0.034243238247702826 0.005782125780815678 0.14914377732618958
0.037168987857288296 0.006565421772655427 0.15119503528881778
0.030684459299567132 0.007427653597601581 0.14341664867942078
0.034342821097341214 0.006286336404203821 0.13194128292359916
0.03552232711404286 0.008703767199777945 0.13349014543590385
0.0331930398902175 0.009430615702816777 0.13547215814941294
0.03620797772306165 0.008044704907571028 0.1471443705001674
0.03340857167468054 0.007741400543034274 0.14539549848339742
0.03066198859554532 0.009929686300529116 0.13661327432552833
0.036894215969998444 0.01098727734664046 0.1345822093908059
0.03519579577403272 0.01188395809729492 0.1366970520614152
0.03318934959443492 0.012292850613583333 0.13751850189261403
0.038529240916952354 0.012583434569395476 0.13413093517658903
0.037663545287751614 0.013727168601332452 0.1362489372244982
0.04120568657959863 0.0140051223606727 0.1317611266709912
0.04066772030953448 0.015819279193018565 0.13288284310755238
0.03800439844419279 0.014227213601210209 0.13709408890103675
0.04448037245346296 0.01645161339113879 0.12728814532790253
0.043842994909093755 0.0172517109577776 0.1285064571272161
0.029848567782833058 0.010015347728292639 0.13792989293240127
0.03110960414338177 0.010716225993810048 0.14057110868621353
0.03290899815585312 0.012722752032267876 0.13843139902357834
0.03961575251915789 0.008362258563374102 0.14888997785652575
0.04311820959140303 0.008556534938914126 0.1517932677345907
0.047613346291188054 0.008852973054877197 0.15524244702443293
0.050511960393615024 0.008955780615636524 0.15811987683788972
0.046482824260087305 0.009924199171771966 0.14958573742744335
0.043063801623796166 0.009762461112631413 0.14663610451029663
0.045856624631916094 0.015947071988702412 0.1250555234087313
0.04794909242420055 0.013056726126519008 0.12358130281796982
0.04784008877060981 0.017113908070055788 0.1255261247613686
0.05081279300936528 0.017260251097439686 0.12624542593291294
0.04620055567493028 0.017653121004084147 0.1268063201845969
0.05568692688577095 0.0164375520611975 0.12711966950790948
0.05755519781673214 0.015331367600559472 0.1293537060770851
0.047124064165364216 0.018323761391455456 0.12772222929684818
0.0524318081545248 0.01680704277423302 0.12969535465796844
0.045194282503941 0.017443921584197858 0.1301647263017414
0.04142417125947846 0.01624236436863296 0.1337764065199762
0.037990133247637885 0.015376348294014295 0.13783868206768912
0.03401652452136268 0.013135739898846296 0.13977371551081436
0.03324458352793449 0.010769013715164371 0.1427166437141129
0.03596219489639125 0.013156608797667748 0.14096022847959574
0.03614299406419276 0.01127038088532001 0.14389170381242605
0.03956429058544567 0.010159764535203026 0.14495394964286143
0.05054498740867391 0.010477447667807128 0.153547977502901
0.03955721543644774 0.01306904192651623 0.14162383915268045
0.043655599942289666 0.011455489351278074 0.14168735948843134
0.046885861240841334 0.011987106532037325 0.14395026287655477
0.05222146765827786 0.0117819444963842 0.1489346298775433
0.05549909818048687 0.012068609012286353 0.15247123620300035
0.039158800868466064 0.01545965322358916 0.13811190639459286
0.04305863018575752 0.014326348181970632 0.1383199163353177
0.047563119467216024 0.013132503525013718 0.1389692243230745
0.05064749367875728 0.013757435513386611 0.1421666912603049
0.05521541906766127 0.014274452893720667 0.14107101891213805
0.05188653626292159 0.014349177437402617 0.1376726846480348
0.046474698633448996 0.01532457543631665 0.13562124120851227
0.04368430402271286 0.015712674320009043 0.1346248955575884
0.047796921813915025 0.017010038456013933 0.1321634850363491
0.05145587075031147 0.015683322974795588 0.1339911017306217
0.05654722643045944 0.014047106683010183 0.1363676887822771
0.055648348587717104 0.014999846384747424 0.1311057962197006
0.057499800741608896 0.014593389638442375 0.1324724588857137
0.05474160502616705 0.012185310732010022 0.14888668619184064
0.05721023203109054 0.014339163637636971 0.14506881337728914
0.05736768973789004 0.014886963419229422 0.13927143939061232
0.06670774960200891 0.0391548387778411 0.1427393105789512
0.06679934346427993 0.038580863641081146 0.14438919448181234
0.0655551426704687 0.03416850796481465 0.1438068466442631
0.06449644729686496 0.029613003226903696 0.14441305212895458
0.06859033886911677 0.042686330543644374 0.14537213596307302
0.06337692902061669 0.026300169444002333 0.14585585353725564
0.06904323667387907 0.04219122458510254 0.14708266262599368
0.07191818872181475 0.04602243273972103 0.14949083477572223
0.07276646984539337 0.04600848072740654 0.15197984210104445
0.05705830956704062 0.017455719467581624 0.14171606139148724
0.057603501558265886 0.01940704122550227 0.1443410435068148
0.060545781089643286 0.023542439156503208 0.14505082948374948
0.05972612409676013 0.021153428040137316 0.14674814584918772
0.062486461467039484 0.024361925212342435 0.14703915181084773
0.06191666334803084 0.022249075478161986 0.14845736630652068
0.06617365501743463 0.030221909083429966 0.1487158695696964
0.06617124743217773 0.02664478110586093 0.14979551962440682
0.06713125528501368 0.03415554648340651 0.14806974305194492
0.06895878593757054 0.038287873970585605 0.1487872714906593
0.0729416007483614 0.04275178017314692 0.15233658380734713
0.07449751843263216 0.0451520868824507 0.15809608417898874
0.06627007742138497 0.024363956994171956 0.1503747372852823
0.06661967681348344 0.022293477433010227 0.1509745957599592
0.05870143920868581 0.015359586485216474 0.1476821816969541
0.05975365954426942 0.018628979925110103 0.1487257200835403
0.059052866304831954 0.01345916408587926 0.1506699091538972
0.06040160051441936 0.016650866021146092 0.152308652620925
0.061543882758293825 0.020278175695995944 0.15036247845280704
0.06715674526631812 0.02019877379123211 0.1518628817860738
0.06207777410034475 0.01847764313025062 0.15287732349976757
0.06760565101453406 0.01827346002962284 0.1530608633609988
0.0677735264165704 0.01667848844866822 0.15454204899883256
0.06434575222454543 0.016481612823486286 0.15511425020958294
0.061758909131299305 0.014855554386957454 0.15529146070384967
0.06787331487634628 0.014506118435738609 0.15729257453601822
0.06558447332356797 0.015489831111165642 0.15633174891769083
0.06357962791401407 0.014208430319252624 0.15844011731942062
0.06595838865892358 0.013366889830699462 0.16167111746849397
0.060218253537092564 0.013455878032873451 0.1547043418878665
0.06181823667766755 0.012501609447066584 0.15887191309497975
0.06340593438691393 0.012051340454162908 0.16249487687985623
0.0666282847359704 0.012981722036285906 0.16273439452300437
0.06392413603109384 0.01138815817765574 0.1644131174329325
0.06671113869177134 0.013098150560353808 0.1637792836532739
0.0639583071611956 0.011498009375078859 0.16537200533703025
0.06671216675015627 0.013428478668539473 0.16469025251372527
0.06400769787805224 0.011905882842085198 0.16624303252054298
0.06665892116582843 0.013916827979641753 0.16553305917293587
0.06401562694477594 0.01248977462639856 0.167131096402801
0.06651542614043013 0.014552094289172472 0.1663554473838458
0.06393331311422809 0.013205570328748735 0.16818264375331377
0.06651388343651982 0.015870082646654668 0.16811688619299783
0.0638094845884711 0.014859235162147865 0.17066235366838586
0.06682011828950862 0.018149615477323258 0.17039050587713528
0.06422173589570951 0.017917179213214847 0.17362637327487912
0.06666948755439552 0.021344093650798746 0.1726024825367297
0.0640475480667927 0.021653831908961894 0.1759410456957293
0.06062955480015378 0.01193989584415174 0.17049109458408915
0.05990988381469949 0.01026870504065044 0.1689635281062079
0.059821316701781736 0.009284043917603398 0.16757160908948815
0.05989771041768264 0.009005690159894776 0.16616859183287297
0.0616995515514657 0.01437884944898217 0.17296160979132863
0.056776503234572444 0.008305702991457149 0.16838408681285105
0.05634333356987462 0.007953791659476716 0.16650956480532608
0.05726777594198504 0.009275423130473128 0.17022041053892786
0.058308632038949086 0.010977213913339674 0.17223131602832084
0.059310298127435275 0.013901578028382208 0.1747382313826041
0.05702505945055909 0.012227979100052832 0.17625648995675347
0.05999575070203758 0.009242007843620862 0.16458502952772006
0.05580035278864094 0.00801625614220318 0.1644811847924846
0.05159029741161306 0.006831783813887781 0.1639938215454097
0.05331022779550673 0.008468397768218458 0.16141149581730266
0.049840117371543764 0.006744905309377499 0.16191844001171327
0.05835272800063012 0.010229065160083654 0.16195899732233965
0.05583155497655995 0.010763770407874585 0.15808969666463624
0.062218986383499084 0.017652438269183356 0.1754744941342094
0.05984235163441623 0.01725790065640644 0.17686317314514607
0.062334286396938145 0.021641727634609434 0.17715031722631872
0.06258790951590558 0.026317390188336835 0.1773251751191387
0.057404516811063164 0.02116869415614418 0.1812382112008996
0.059006823008998344 0.025649001870347708 0.1810247875139187
0.061349623123398575 0.03191313069042625 0.17979851762893895
0.06171554726209684 0.031543730197663745 0.17888047224844283
0.06257804945522547 0.031291736385712726 0.17792357438449566
0.06338808308284319 0.031417615463186034 0.17682659357800287
0.06397420741756783 0.03572152474583432 0.1759933865243441
0.06314531003470836 0.03599231847953938 0.17726396064011668
0.06289421725872917 0.03637026483086546 0.1782653013796101
0.06497661840156027 0.03918198738781612 0.17478575230156018
0.06455987611496372 0.03976193854732947 0.1764453679620189
0.06290931483903608 0.03730571220980316 0.17911812921331852
0.0645073870726712 0.04035909173505835 0.1772222848061812
0.06453973030229972 0.04152224172041163 0.17800269461124404
0.06779143881105398 0.04093259154485315 0.16908630253982876
0.06683571234330483 0.042105669560886454 0.17177728827487257
0.06727236819291289 0.04626802046001126 0.17799410522160855
0.0666078689443201 0.04493951909217917 0.1765810549554938
0.0665898860811884 0.0433244222927374 0.17529934198352456
0.0665210200623766 0.04287959515275587 0.17365145063852022
0.07015770201073952 0.044892899781817146 0.16831317661744646
0.06939272821275153 0.046004226935195826 0.17035285504906503
0.06897542173161111 0.04654315394766249 0.17190145394793693
0.06877354499832736 0.04699726218356806 0.17335399623317047
0.0692018488543853 0.047983891556514204 0.17513706791938732
0.07057536455069523 0.04919529639116748 0.1770115630945695
0.0729480289243554 0.049147176306634587 0.16926923542480846
0.07214937166963208 0.046678474587219056 0.1666687562536049
0.07223310389344052 0.04777595515932515 0.168319296774956
0.07466370038853712 0.04979856086016819 0.16812323208025967
0.07362985298574468 0.04836985435067477 0.16734255944412427
0.07311494443847538 0.046898900276340236 0.16562157887284493
0.07405347278121886 0.04688853826529606 0.1644855336109355
0.07506088867229779 0.048742427323005474 0.16630673822252118
0.07635027212801761 0.050142282542715653 0.1668535027919767
0.07818639575230692 0.05066487769854155 0.1642470243526055
0.07644741039177495 0.04908010842850356 0.16446259843384192
0.07490613549278903 0.04711118696465704 0.16332679323838428
0.07766361168393328 0.05072972805175389 0.16084522565394013
0.07645643412225277 0.04897896578399285 0.16212584558818752
0.07570134596414252 0.0494002123882917 0.1562950716943963
0.0748146767462161 0.048402107465576515 0.1583065509880517
0.07509411462373082 0.046325882448383426 0.1618879244409803
