0.04719151724475846 -1.149692788276193E-5 0.08766781141650087
0.049224917816993494 -0.003397979154387427 0.08750481504737151
0.05089959650165364 -0.007423457021844366 0.09043314770849196
0.051919365447612636 -0.008622028486629322 0.09145035982854358
0.05374612604647308 -0.00988860632281706 0.09284082896082327
0.05657499855684952 -0.010863352335843197 0.09424268404302485
0.04978992907060165 -0.015542089316631891 0.09900408459780939
0.04851679271426541 -0.014132417083025428 0.0991202096701414
0.04715728981250626 -0.012772362065455416 0.09913035403870403
0.04433678459445708 -0.01111166118626946 0.09893375499073293
0.04273163039027021 -0.009901619593768184 0.09843149754692876
0.04137407910278165 -0.008319829202861074 0.09810619896758337
0.04037899868429652 -0.006517156299075155 0.09810176117188593
0.04343213203987747 2.810210690201822E-6 0.08507009680795027
0.04342728418406448 -0.0037352168496512274 0.08459629503172933
0.04589430987838279 -0.009460971017675842 0.08663194572633828
0.04698180474097751 -0.010826724806196482 0.08833259430018962
0.048853996570809674 -0.01218569010811591 0.09061062201661622
0.05042376070623061 -0.01401742622499564 0.09244085194530673
0.04856746912180262 -0.019416882912875886 0.09534491654591937
0.04746757992898083 -0.018164321440395637 0.09602075735532709
0.04562140045009702 -0.016220028420594477 0.09605318382207086
0.043393204238369114 -0.015146667719206131 0.09626209817970394
0.04022075275077494 -0.012281015180271629 0.09706277864897761
0.03884959525489712 -0.010818139488584455 0.09733294551661101
0.03740671149809142 -0.008769092327038265 0.09853268959936043
0.03673829424271029 -0.006925978576357541 0.09944836921723545
0.0349096142231814 -0.002593555454663981 0.09826347476487773
0.03443018715411095 -0.0011258871299975259 0.09797713864354483
0.06921157129342874 -0.047065350829390916 0.11176480214929257
0.06242759050637091 -0.04024253938021328 0.10552498726806632
0.056939614716415524 -0.034860694358954336 0.11519522431208813
0.05215909218612962 -0.02337451164923608 0.09888055319553817
0.033648212185703366 -0.00741236095365867 0.10045911829285527
0.03476853035106563 -0.00914153399885345 0.10028777440455264
0.03731070377247557 -0.012740843711600345 0.0976002772687085
0.05362417847415065 -0.024764435510253528 0.09078665687422756
0.0741005511 -0.0184239307 0.0644662637
0.0833605688 -0.0498330076 0.134529553
0.0881633365 -0.0515319506 0.145840133
0.0594782808 -0.0242664428 0.186620047
0.0645405845 -0.0334433485 0.188956875
0.1067699 -0.0128589002 0.0552951285
0.0745415519 -0.0186604745 0.0727823945
0.069548064 -0.0141958782 0.0664034152
0.104002745 -0.0178321839 0.0611064798
0.05347075001467186 -0.011248640409412387 0.1132420523612759
0.05035120112502021 -0.004390444531358875 0.10980673316531547
0.0639535387 -0.0122507381 0.15620666
0.0580191594 -1.2368587E-8 0.177383591
0.0586074088 -0.0053882582 0.176987801
0.0590875412 -0.0125653747 0.17865928
0.0602299124 -0.0170461831 0.181788289
0.0576221678 -0.00388490091 0.180056104
0.0580581357 -0.0119428264 0.180051381
0.0710016782 -0.0470840362 0.178159332
0.082370543 -0.0497892629 0.165739849
0.0790806768 -0.0495420113 0.157027011
0.0749741725 -0.0396006095 0.13682053
0.07739539843878437 -0.05732594088420192 0.13526243083263723
0.08094599255826812 -0.057637384288244026 0.14211574259143284
0.05455414156160332 -0.02692836054949345 0.18261336595936042
0.05915804161218014 -0.03601110150259484 0.184976552544576
0.0781148084 -0.0480980113 0.165274507
0.0706800095 -0.046877862 0.176708003
0.0595459505 -0.00752354932 0.173554042
0.10618082675636344 -0.0475994328084703 0.06272393063550143
0.07476293516344328 -0.035435817045779826 0.07499793822330286
0.0974292596093449 -0.01574089671030375 0.040521099707905205
0.0628383658662481 -0.03097986288673079 0.08276382865006342
0.0636152278182832 -0.023736115182932675 0.06865162510563416
0.06085111920524274 -0.020757235631534914 0.06427344674021117
0.05954782888459364 -0.0161898331180183 0.06125569816131084
0.0961072601331455 -0.021043233531952005 0.045110243076522887
0.06831178483242697 -0.050253617802580926 0.1288162476208313
0.044504559739163015 -0.01684113849420676 0.11500093014859326
0.04295225521169197 -0.01526921365992688 0.11071574739284393
0.050605362025954705 -0.026993714427380956 0.0999091263307379
0.03944493569858018 -0.004942575268748113 0.1126582128451953
0.035744839331749774 -0.014984906836231668 0.1358763781097665
0.02829897309976182 -0.00865594883191293 0.14238811920695943
0.039666643336373576 -0.017571318939563495 0.1323626365504408
0.042899051894035645 -0.018401726068348865 0.12883528401443087
0.0449359259611029 -0.018970545348296865 0.126678281084805
0.047835596467142194 -0.01776355542662308 0.12231796831415673
0.037085583664132414 -0.014801504324304854 0.14128268630850147
0.03724244708133651 -0.012132319347582592 0.14466200648757532
0.044115284328618526 -0.01731599641790089 0.1350173017837961
0.05504242235938943 -0.013837587624262456 0.15114580338452108
0.05114708080585836 -2.1678888053330146E-9 0.1728326625874132
0.052532828458442274 -0.006899939329650046 0.17242611992873796
0.054502008657646414 -0.012243957035352459 0.1741680517924086
0.05505577962772448 -0.01771166184888925 0.17642560298096868
0.050745462787633075 -0.004202119889141394 0.17601161047720593
0.05259852054927356 -0.011435012073341865 0.17595025557836685
0.06869306618142415 -0.04937994295469798 0.17092977412544044
0.06294856328993093 -0.042850468617732215 0.1747272626937829
0.06658695986789233 -0.04828282410833687 0.17454248121082044
0.07807765438927294 -0.05423586401649706 0.16118564608281633
0.07326968814966393 -0.051935472836111565 0.14901232467974096
0.06759287304806014 -0.049140967872800576 0.13442753413307104
0.07430018671330894 -0.04950535050716355 0.1627689740060247
0.0683282200431283 -0.047755064839810915 0.1691606641185
0.05221006183782105 -0.008804337381220802 0.1692750805097919
0.05384226696563987 -0.01935496750958244 0.09349146970878768
0.06607938138586074 -0.02209881269436827 0.05751199861377395
0.05095153701713485 -0.002076531175365447 0.08681545910922021
0.05218919271423052 -0.004746128560769973 0.08731647072402673
0.05310051089121964 -0.007875992580741658 0.08972699798138231
0.05570350548660619 -0.010325008765671915 0.09209300328417058
0.04700527373817732 -0.013441280718360904 0.09966062999411104
0.04385511424467404 -0.010265025602941668 0.09959520905496688
0.04189268070910487 -0.008574044385989741 0.09919336891586117
0.04020793488434392 -0.0038732357955397036 0.09915509741325856
0.0464371646430492 -0.0018344519997631576 0.08345710809508733
0.046952317687426574 -0.005212830013036093 0.08338431666977758
0.04841219482055297 -0.009684600024554115 0.08558756243760374
0.05000619089158829 -0.01324367236853544 0.08904437704122944
0.04352890984071892 -0.01607304396914666 0.09712467433928804
0.039312857872765714 -0.011694844184658496 0.09859906687417726
0.03777269721790504 -0.009343870487653486 0.09993689467014207
0.03612624390310459 -0.005083826398944091 0.10097690859591879
0.035405894133651285 -0.002896157505804518 0.09957477177683347
0.034647771991735375 1.8653079416641194E-5 0.09932433282377652
0.06733682158111681 -0.04335522928083826 0.10433317199630777
0.05734012250886507 -0.03448938727039571 0.10827494156908123
0.03537294483175114 -0.009727939259156972 0.10155040434591309
0.03626263816447166 -0.011912573686114042 0.10019287015028784
0.04056278099102494 -0.015220837894585204 0.0972828289802391
0.0717862952 -0.0161762987 0.0650768494
0.0595202965 -0.0245136202 0.19028767
0.07442689695043424 -0.021767737588855557 0.08492665549967814
0.0696906062 -0.0142639172 0.0706563829
0.066759079 -0.0108081132 0.0650343949
0.052398363222339726 -0.009021040621520468 0.11225903971378544
0.0646187805 -0.0112697441 0.160742806
0.0569508905 -0.00966170294 0.182186846
0.0575001169 -0.0145189197 0.182842843
0.0658821733 -0.0374124275 0.183536897
0.076419861 -0.0469668342 0.139553184
0.05410856320518635 -0.026215573811169648 0.1877425925273914
0.060334758 -0.0315837557 0.194444804
0.078212998 -0.0477528048 0.165022286
0.070606341 -0.0466063688 0.175701344
0.0601971757 -0.0104950811 0.175691855
0.08027811893100639 -0.03809594523764332 0.07362400769850543
0.1010172305610617 -0.0465411021505624 0.06472659686759918
0.06221616527916616 -0.023185620857505588 0.07469731111135161
0.05971300373508604 -0.01963081003361419 0.06756981401247798
0.0575652699876488 -0.016526132572881533 0.06377964219944707
0.056349888083659865 -0.013472186614664747 0.06060964050305195
0.09641100599765902 -0.027219752610390013 0.05064098623875735
0.05967156959353769 -0.03890529986815987 0.12578510935147202
0.07222524915853457 -0.05366250281905816 0.13815021059781793
0.04110913798407418 -0.011171105444455666 0.11163216417954967
0.04901147591161787 -0.021343346058778898 0.11749092110325272
0.05445596922532249 -0.031248984800562245 0.11041780994966671
0.04326235398813741 -0.01389796583357749 0.12022847864970902
0.025524102777773092 -0.007608481155440779 0.13641557367486587
0.026539063476321925 -0.008174393127769781 0.13944814147518053
0.03366925805279381 -0.012800846142594986 0.14329459464048383
0.05156443546901186 -0.01718275830976867 0.13928403456941005
0.055178615860700414 -0.013157118418304454 0.1539998818156645
0.05123656976476782 -0.009044062768166806 0.17837664075507553
0.05199784115753014 -0.014256149912406441 0.17905530078552412
0.06155585669706259 -0.04105260152928397 0.17712882534112473
0.06813765556532614 -0.04996092982180954 0.17736513434146461
0.080132378625633 -0.05617445522523627 0.1602854975923207
0.054732407192512246 -0.030160628369187446 0.09501725140784847
0.07205069185076726 -0.04675493946699767 0.16087436327232585
0.06843149626181633 -0.04634084272685642 0.16790700400941516
0.05653873043234553 -0.011502454015243399 0.16957203362306067
0.054728958132275594 -0.019677152533433873 0.09266975167522852
0.06281231511354667 -0.01837930430180122 0.060122499537494406
0.048255769116599734 -0.002082548695925522 0.08826189704178748
0.04971434555294432 -0.004603757626470872 0.08829843320613509
0.03955865488481062 -0.0038482155564994684 0.09764938499946912
0.04352299199317236 -0.0019049098497429555 0.08507851372819719
0.043930667477203214 -0.005417857231388775 0.08449500972141256
0.035702087926170405 -0.004675970051049636 0.09949649483629364
0.03441217541644703 2.430576633538401E-5 0.09815328570085685
0.06377860902214895 -0.04442622156679616 0.12693376395667436
0.07346891037354557 -0.054212298423970094 0.1265695304718348
0.048131407257596175 -0.02595659783064242 0.10153818652084673
0.03326803781453015 -0.005992756760065792 0.10222675620366128
0.057023270923951645 -0.02214609803881499 0.09014994846670703
0.06599660210836925 -0.01858907428640601 0.098329272157474
0.0703931539 -0.0146187569 0.0628757668
0.0575369432 -0.0194337104 0.186387783
0.0670891925 -0.0109951905 0.0622113341
0.0928560686 -0.0167800894 0.0620468007
0.0624985659 -0.0157272406 0.134938803
0.0579071098 -0.00303360293 0.177179116
0.0590427217 -0.00889711603 0.176313487
0.0569080259 -0.00444335525 0.182517194
0.0681738502 -0.0430073683 0.180537085
0.0653246639 -0.0358345825 0.182618237
0.081330212 -0.0475154248 0.169132993
0.081340983 -0.0512202873 0.160548291
0.05230589626024111 -0.021269557985984254 0.18326205326320416
0.0837584206 -0.0434684985 0.130468167
0.0789383134 -0.0480271355 0.163366623
0.075149243 -0.0482306925 0.172729275
0.11094313949139807 -0.04748060538401713 0.06082727241309862
0.08961039096234048 -0.05415736141766459 0.09505964761374744
0.09228695765986482 -0.015041237138620527 0.04087795135571137
0.05933472464711051 -0.01254112027946033 0.057098823160996355
0.08576430678172182 -0.019853618722195838 0.045970617658825395
0.051982586341726957 -0.02735219378166133 0.11883189117746895
0.03968128135501535 -0.003368998452167782 0.11779088963366777
0.026210270366868137 -0.0073861070210716325 0.13407988428846251
0.030950875025837352 -0.0092173908616776 0.14477064442308943
0.05338879691318844 -0.022492837319262084 0.13241250616783323
0.04430052716566184 -0.01395356063306634 0.1431374489221373
0.051430142220642724 -0.01280430222137308 0.14961575750522796
0.051352701896546886 -0.004237602419393585 0.17271831155579812
0.05382751992685521 -0.009284442147757106 0.17187202660986314
0.050499261605270025 -0.004159859273265648 0.17862764183442117
0.0656258914800595 -0.04623816307834439 0.1727438576634784
0.06047242502575329 -0.03894232714212826 0.1759692411086792
0.07655644955231006 -0.05336105465655746 0.16521991910200107
0.07660938323906621 -0.05409441979896116 0.15517272004434968
0.07381406922321401 -0.04957960563382572 0.160040197050577
0.07165752837524071 -0.049616344220682354 0.16710943763067237
0.06248787843003459 -0.015536464642173991 0.05743116556072189
0.03711805828923882 2.505735669161239E-5 0.08219171275251978
0.038239002619024715 -0.004305829310147606 0.08196541130773033
0.04258165269402496 -0.011480937743252418 0.08423692114939181
0.04367475099489779 -0.013423187840305202 0.0868245274492372
0.04585762298880556 -0.015045412160020534 0.08987573530501054
0.04808872972117182 -0.01614599806711826 0.09231117150097007
0.04764748391278363 -0.01920582138581165 0.0942043107613682
0.0466266395962583 -0.017519916711546058 0.094147549470051
0.04334069223718434 -0.017163328876774506 0.0944895348771679
0.03979287435974727 -0.01433906993766698 0.09599077492668573
0.03580561279623602 -0.011061108840298593 0.0990438767055282
0.03147690047025401 -0.0027652368144217526 0.09967220088008028
0.0309144546833464 -0.0013002699093213105 0.09940019532766206
0.061908999888990665 -0.04136383722360393 0.10556018329332446
0.056511047219246054 -0.035002149576524186 0.11507773846422142
0.04891335654443329 -0.02467308824437851 0.09534895465901025
0.05196336143177771 -0.02657910744177277 0.08880609084544695
0.07588644086090468 -0.059174565263396164 0.1341345358198787
0.07952269876643533 -0.060726078691835175 0.14151221465023564
0.05338156697491781 -0.027754783244135696 0.18275767746046406
0.058043813032302806 -0.037204142894872984 0.18534386960504853
0.10576823756998004 -0.049808514482627866 0.06170006768256922
0.07298834833861388 -0.03651282575816258 0.07329469043877236
0.09521421700291592 -0.016418496221692707 0.03720143901307239
0.06223526515434778 -0.0313856051815675 0.08164765903540962
0.06247036253181291 -0.024576442245672497 0.06825456628783265
0.0611175830343328 -0.022077051031427104 0.06372708969267331
0.057630377893874186 -0.017579337303775408 0.060142248829868176
0.09425767622568494 -0.02385085053893282 0.04021957847570518
0.06780375997348066 -0.05126578329179935 0.1285618209563116
0.04360629032354159 -0.016574668519802653 0.11438258658032739
0.04154240318242508 -0.015104758236899062 0.11001535490496993
0.0492593678609529 -0.026836185108617423 0.09874533008711539
0.0367439407999943 -0.00497657020428636 0.11420168772106656
0.03359535076953285 -0.016363513808598504 0.1351219819102934
0.026260360963149737 -0.00955108846213509 0.1426376150218126
0.03833396907431108 -0.018620458313997282 0.13223058757372108
0.042221071401966584 -0.01970149971578812 0.1285384011089986
0.04464012906320536 -0.019788955883081865 0.12603230276632432
0.047339766609351214 -0.018243964728840368 0.1215339281829387
0.0357573736978231 -0.01608266949683992 0.14137111163728522
0.036333733207976955 -0.012880168443843017 0.1449105346699378
0.043554675934907326 -0.018717704610123648 0.13571012823306314
0.052717034379160504 -0.015108486127106807 0.1499460103110677
0.049195396961683374 2.972208062473548E-9 0.17292403957993197
0.050917097835336746 -0.007238096952540636 0.1726841284465833
0.05347599447646299 -0.012669999681486998 0.1745099894847944
0.05405043630037515 -0.01823615224803388 0.17668044268830518
0.04933883668578998 -0.004496178974209827 0.1761631182022647
0.05146434534411642 -0.011870529798466346 0.17620525138301035
0.06786068555027888 -0.05071792259243178 0.17080758470653462
0.061625204881769 -0.04541723617847953 0.17459874211847137
0.06533072939232165 -0.048558389450199226 0.17462779161014125
0.07725415662243434 -0.0550332568578095 0.161070973106782
0.07238414967581967 -0.05256180244880287 0.1490460955164424
0.06692556435417778 -0.050285963522882005 0.13356557237007685
0.07344094664834466 -0.050478541930341486 0.1626655880782414
0.06757743663706868 -0.04898599118270584 0.1690528607676113
0.05083029882818952 -0.009204502987794402 0.1693930955273754
0.050860065588315025 -0.020549503585144017 0.09276729678280789
0.06468211485070711 -0.023004020450491772 0.056452504769261315
0.041886515748649274 -0.002112572568194954 0.08051750410827371
0.04305285496168375 -0.0059851026426719555 0.08012451084604544
0.044915440904930305 -0.011561190981317674 0.08272849732291607
0.04708864002832441 -0.015825198842825076 0.0883800314576087
0.03184639609516116 -0.0030471650035534064 0.10106984602978931
0.031145883035630862 3.656170127043332E-5 0.10102257335227692
0.06689042041645113 -0.04429878815913525 0.10390547743156542
0.056464359233354834 -0.03481903899662376 0.1083786693181675
0.052910712684029845 -0.027036025872270504 0.1880016845449691
0.0592383492 -0.0325187781 0.195027259
0.0778631310927391 -0.03948014258839252 0.07165419769965968
0.09998873545371421 -0.049175935089752675 0.06298014563125749
0.060413829225347736 -0.023812960515484965 0.07384969804335888
0.059203714346219224 -0.02056750121554575 0.06744855967449812
0.05637108920685671 -0.017544199586738793 0.06316861126213573
0.053938300252446336 -0.01426322143058919 0.059178173191248795
0.09428803016861244 -0.029694390493787467 0.04605024238272658
0.058977346406212244 -0.039337358427635055 0.1251245254769211
0.07179023243595853 -0.05507833013102276 0.13764403929583618
0.03972004631515323 -0.011577814741349978 0.11143824504101316
0.04767176845018312 -0.02128967685740099 0.11652028491308063
0.053252081318340305 -0.0315212670914914 0.10996066715619461
0.04293319059228067 -0.014183950825087804 0.11935217726466892
0.022671580130543774 -0.008500746695775677 0.1365550109876629
0.023910330772840587 -0.008988900536739713 0.13961834745457558
0.03246084619887916 -0.013389659437070814 0.1436074487230928
0.05012735042296494 -0.018617039064790793 0.1393309073118356
0.053379924851838706 -0.013427594824831536 0.15341644532014787
0.049908282183172656 -0.009439532062159231 0.17854840456214557
0.0508024694692164 -0.014756279030908256 0.17925911668772826
0.06026519750345931 -0.04122184187946114 0.1771597412558799
0.06667041595540012 -0.04996136313756187 0.17695725402178955
0.0790767859719435 -0.05710488651393423 0.15996225777252496
0.05426013269812637 -0.030501072983047297 0.09360703333853175
0.07172650736826465 -0.047810491634874976 0.16108011828337995
0.06755123253829554 -0.047615963648127826 0.16777622886078677
0.055465560945338145 -0.011904567923190407 0.16984198363763017
0.052517144110213465 -0.02012477182422313 0.09171465472489183
0.06129370682700849 -0.02027520224622743 0.058446803232497214
0.037508460776904985 -0.0022361106319670216 0.08201660639432004
0.03969094885845434 -0.006236601862452695 0.08157939463195589
0.032464223174601216 -0.005194955440815228 0.10009286149209469
0.030795138460862233 4.804238420735617E-5 0.09930407781058373
0.06343560822408432 -0.04534776292712597 0.1262568529045518
0.07309468393484622 -0.055639551019496976 0.12649250529553493
0.04730987237525022 -0.026240589949744007 0.10109621414563241
0.054624502772103886 -0.02325496458965054 0.08829873535666873
0.051073614630825534 -0.021925848897640224 0.18346636047242926
0.11065400109829608 -0.04971660849477328 0.059573098350922955
0.0889039062615829 -0.05602937988149492 0.09431038931039992
0.09112819154854401 -0.01661651737895488 0.03711125660712425
0.0567706993780491 -0.01376531790919828 0.05472521254307933
0.08383492625014592 -0.022809824877976895 0.04080782018759193
0.05123919226903728 -0.0273293903312454 0.11780422968914203
0.036756682976234405 -0.0031407525216149384 0.11844466825628533
0.022988072328863175 -0.008432540135479788 0.13340134823215527
0.02946270896712789 -0.010134660480777333 0.1452435837499486
0.05320998327816301 -0.022813733835146816 0.1325939817134913
0.043570181083942214 -0.014847116597514544 0.1431869807524258
0.0489507791377206 -0.014558727046233153 0.14865428914291304
0.04962845903921462 -0.0045422476389878645 0.17286841357414898
0.052611026966602484 -0.009728649317052722 0.172167012517072
0.04898836247269471 -0.004441865158090039 0.17888207539291845
0.06456064751615848 -0.04708548621441971 0.17289596255872763
0.059326280176688645 -0.03998726721084406 0.17580913706352658
0.07580062712175827 -0.05437128475975238 0.16493951217097996
0.07586266986433075 -0.05452846232166788 0.15509713673492534
0.07304132383161903 -0.05034855507037859 0.159834966335393
0.07083145197786431 -0.05082140203274417 0.167144359680879
0.0603569067457475 -0.017633497729067745 0.05517150512672558
0.03904370285422862 -0.0038359966695254034 0.09662008174514303
0.03978164956534018 -0.006312940255098893 0.09652783156437918
0.04090539215107461 -0.007765977454891268 0.09695061760714221
0.04214860909467409 -0.009465705075096581 0.09756225257047309
0.043779365920391916 -0.010583885833744346 0.09823770254354842
0.04728505461779453 -0.01221395824670606 0.09872501778203027
0.04886151781564139 -0.013494557985574175 0.09887982054757359
0.050288869604234766 -0.015119556045721379 0.09875197831443164
0.05432447172195207 -0.010780038900931706 0.09519375632096093
0.052708792944168754 -0.009381750423799996 0.09423342499763858
0.05101872001220195 -0.00775919392979646 0.09310135286090761
0.04946633269762421 -0.006935152684120796 0.09180793056100688
0.04838387697971485 -0.006296641004501566 0.09083494483382941
0.04775727933613114 -0.005694207958248456 0.08996448716627356
0.04713584367928697 -0.004544793009468279 0.08943526704985336
0.046767446979329275 -0.003206390629092861 0.08913520214130902
0.045697905357128386 -0.0020597292342497413 0.08929843177354257
0.04469055639641299 -1.4270508794383853E-5 0.08918962457818344
0.03849586190986958 -0.003714481069722318 0.09510504596972032
0.03928946279665049 -0.005973442158342346 0.09499675104814809
0.040535187691572314 -0.00722586881154297 0.09563867127302161
0.041945544999894634 -0.008745273774874714 0.09638870225052339
0.04332873647976222 -0.010009270318074786 0.09727944167160145
0.04733485820024549 -0.01141825870074541 0.09816928866104892
0.04923783152075526 -0.012747182036317596 0.09845254836891092
0.0504560629535648 -0.014566707219670806 0.098303130126464
0.051444712093649085 -0.01624907486123744 0.09774651287199455
0.05218079338783444 -0.011985625114735065 0.09750557141793112
0.05124420951976144 -0.009882437213651183 0.09732785519452208
0.04893961406775294 -0.008179290716977271 0.09613274482344011
0.04617218429134112 -0.007347698387481788 0.09411797271612529
0.04504119197622404 -0.006474623202045625 0.09338821052424709
0.04429015812012422 -0.005563906545918142 0.0927511256576211
0.043984271460819346 -0.004336454877626784 0.09213797237909584
0.044245192248882674 -0.0029612575159293063 0.09180363524663941
0.04344823974658168 -0.002018748922382893 0.09177921067810663
0.04156596157015441 -1.5094299570849214E-5 0.09099120891737097
0.037209685413865025 -0.003300839253953055 0.09408752623381336
0.038617813074505285 -0.005140167365424571 0.09376141111425827
0.04021388869126448 -0.0065212606183119816 0.09441040755183924
0.041615956172537986 -0.00794032060947282 0.09503418887474542
0.04290872449237833 -0.009543369060869155 0.09579265940790141
0.045994997474253584 -0.010606498236272445 0.09751053732798791
0.04906845450248862 -0.012417283141985815 0.09758197406107232
0.04998120053308296 -0.01407873036992367 0.09730815927398563
0.05087108104750313 -0.016129452922082853 0.09681046682154883
0.05063911422633453 -0.012586722275511344 0.09816829984144032
0.04887177752603543 -0.011284408134824514 0.09841460739172449
0.04562474669254199 -0.01046284586972084 0.097315868034922
0.04272978375991972 -0.009633860982460198 0.09566773387109766
0.04181078921514694 -0.008217215869656206 0.09516795264342905
0.04110207769830401 -0.0067758684770950475 0.09485245467597597
0.040010114527564034 -0.0051035804016225875 0.09379142479813654
0.03982224591260823 -0.003446313987724728 0.0932134243645964
0.04017976589122581 -0.00177178406269309 0.09313343684262493
0.03995433972384096 -1.7535942087951396E-5 0.09280272310047802
0.05004439937303371 -0.005648085103032083 0.08916985977494639
0.0501649960948686 -0.006508202395260364 0.08955748756339862
0.03428018223684401 2.7746068673310594E-5 0.09701897351799768
0.03455629212286829 -0.001128370677258175 0.09698967511529809
0.03478472873570734 -0.002368829755660999 0.09701798454861113
0.03540857244888694 -0.004223085490745812 0.09782110960425681
0.03628181159838867 -0.006522460807516165 0.09790780763514177
0.03716580289805962 -0.008258055924682841 0.09724624343769002
0.03872556819004462 -0.010071367593776045 0.09616151605190378
0.0399714894300034 -0.011494582135060305 0.09601889189442465
0.04301314881020165 -0.014097131182481647 0.09573153960931655
0.04608869778472468 -0.015925517901184242 0.09546434646790128
0.04809672728968805 -0.017979439869378777 0.0955653123017765
0.05128750708319927 -0.01560327240975746 0.09457046456708249
0.04993696717748335 -0.014032051962619863 0.09348911350262533
0.04802500265276772 -0.01169221157423508 0.09204257156091017
0.04590803626837112 -0.010529685555951322 0.09008957302880023
0.04431425536176973 -0.009453326168997465 0.08822884960123195
0.043162069146303536 -0.008286153965968683 0.08692618714808366
0.042267465165186216 -0.007023699668235086 0.08617325149332561
0.04139456130430297 -0.005507914183994637 0.08602387828852558
0.04082284204513721 -0.00375564351449783 0.0863596083173521
0.041003987691174804 -0.0018953564865953599 0.08709426717748586
0.04087062053195774 1.6862047113070883E-7 0.08722580222407784
0.034371539770329314 3.022453286170449E-5 0.09610391030017558
0.034681668439640365 -0.001142682548606979 0.09608966479907471
0.03519399928534536 -0.0023604416665587284 0.09622565164239397
0.03549672705578868 -0.0038439314442564234 0.09611121866100886
0.03616170234314203 -0.005911376472492826 0.09608688482547473
0.03711342852548105 -0.00738840920744063 0.09537222135884313
0.03861201741623671 -0.009235922899151837 0.09488334960160129
0.04008660169047469 -0.010705138988381028 0.0949602826693742
0.04220814458922778 -0.012722776374703596 0.09526295574552811
0.04608714382973824 -0.01467971828445416 0.09527584566749071
0.0483335059053987 -0.017035113848858602 0.09546847375649736
0.0512831403890594 -0.01546350005877068 0.09594767681266429
0.050250368815850134 -0.014409970447174918 0.09544029362475928
0.04783974719176073 -0.011419727054711474 0.0950128748772574
0.044792458708922574 -0.010560563175629017 0.09319516082701296
0.04284295581777789 -0.009508636874414191 0.09140064279061418
0.04128308286796882 -0.008408797403224338 0.09011200109430743
0.04029617001518875 -0.007088742851471784 0.08944497911132915
0.03957539935555608 -0.0055061701825181416 0.08916284896936856
0.03931761528925127 -0.003734586672323741 0.08949966083775096
0.03848142348180077 -0.0019772712554866796 0.08915808302155068
0.038658030663918645 -1.0232893951482786E-6 0.08951177074288585
0.034649688329286665 3.269323861294267E-5 0.09474856125730453
0.03495988821422739 -0.0011914505957630738 0.09483261556424027
0.03516175699067759 -0.002315137190010416 0.09487818283912834
0.0353887218287555 -0.0035918708449945774 0.09484585582743173
0.035898184157278426 -0.005383937301150967 0.09454600890812012
0.036811863094111455 -0.006623068823747643 0.0941556803081252
0.038752865401264595 -0.008350725136167577 0.09388471215731159
0.040557860746472066 -0.009918715896332272 0.09424573570369921
0.04214627007009576 -0.011581303170977957 0.09446849330398732
0.04601991109057933 -0.013621675889544162 0.09528571393754237
0.048158437094007744 -0.015388973251225943 0.09531281584252856
0.049873897142107604 -0.017461144299149023 0.09539857730300522
0.04977671791561895 -0.013645988191125015 0.09741929201263562
0.04723189746307108 -0.012120514240187358 0.09697864911495732
0.04416983681384759 -0.011114241779217039 0.09605826879835326
0.041659252983506374 -0.010596898153037897 0.09461309283203395
0.0395815424182007 -0.009121320869326847 0.09330000514638846
0.03875340390470877 -0.007752853034607802 0.09267447709307405
0.03758105281279658 -0.005888041731876138 0.09189519503746015
0.0365389231685357 -0.00411115731554332 0.09122694445087678
0.036538098364247686 -0.0021750593766636577 0.09117973964131318
0.03683088832900374 -5.159833288911823E-6 0.09155701327770006
0.044511235790684126 -0.006899047443370103 0.08476176288605347
0.04509303174740936 -0.008234599302391326 0.08543470939550997
0.058923102561057136 -0.027290275238393707 0.08636171763932217
0.05989118379094716 -0.020580152861384936 0.08045424341897582
0.05871093902529304 -0.016334990554821082 0.07722269465653495
0.057520032206982846 -0.01357027282548267 0.07569464935009304
0.05531807314082869 -0.010726079973286737 0.07433155479663087
0.0544466073400727 -0.006929125304300004 0.07358086976453557
0.05389812300796062 -0.0020799200412720885 0.07304634409946048
0.04290361741029479 -0.018275717473732717 0.10286047713378194
0.040254669494665975 -0.013567512631773047 0.1067178795357987
0.039486581958645364 -0.010934313741795352 0.10775192211079467
0.0384712141700791 -0.005373669051501029 0.10898396583607826
0.03831088058246991 -0.003020936549170346 0.1088714292455346
0.038227853102619724 -7.242215106363517E-6 0.10876657458912078
0.05250096493710779 -0.006808739622430504 0.0888051965365369
0.052426439244009 -0.005945451004135088 0.08780923668633199
0.0717350290072955 -0.022238387396255686 0.0987657359427298
0.07008903833716805 -0.019710732249671434 0.08898350552664981
0.0670670219974263 -0.016508291471308403 0.0855084148918595
0.0654266435318428 -0.014293207081522187 0.08342799049051318
0.0630907901906581 -0.010855848150293931 0.08144852409603769
0.0625194932873399 -0.007427273913028488 0.07972353197770496
0.06164466066644088 -0.002465918083288729 0.07887503760256932
0.0638696722427869 -0.015625026878861425 0.09041385043129346
0.0637833533673597 -0.013663396001108148 0.08704350933238164
0.06231098530173783 -0.012126871032669915 0.08625148055213175
0.06094587693029186 -0.009836070817679522 0.08534506307073982
0.060140799107698054 -0.006787223959604948 0.08433204987300753
0.05920428749873528 -0.002416889791378756 0.08311775091522852
0.05254808155829944 -0.0115063062029977 0.10501114950357937
0.0509586487345956 -0.008849889335098903 0.10397645073015294
0.04952000464230622 -0.007175575065043995 0.1026528918678391
0.04647735953065264 -0.0042757070518018485 0.10067352176430337
0.04548478017670295 -0.0028413864469951484 0.09993679096610804
0.053840005551868776 -0.013118183881549025 0.10902099964253952
0.051782303265811055 -0.0095625069739608 0.10879887267729918
0.05050897371560513 -0.00767605732955067 0.10716972799653454
0.04918620293235849 -0.00423122247055808 0.10503115030904267
0.04889312671567467 -0.002907202183758006 0.10500175108079687
0.048371179846965866 -5.100530905562372E-5 0.10478983449342542
0.0767987916 -0.0201238595 0.0704028453
0.0787600812 -0.021934682 0.0688762912
0.0993142277 -0.0453085022 0.12684709
0.102393792 -0.0445727608 0.125447065
0.122502504 -0.0492650472 0.114441965
0.127398783 -0.0486718243 0.111521436
0.133107188 -0.0492557595 0.107260342
0.10278255 -0.0486639215 0.134420206
0.104953091 -0.0492172687 0.133972922
0.10879151 -0.0504317639 0.130625182
0.119583614 -0.0534422084 0.128849443
0.125130566 -0.0532873453 0.126894567
0.130790801 -0.0525796937 0.12455181
0.135992211 -0.0537419711 0.120087811
0.103298033 -0.0467816863 0.148167699
0.121240681 -0.0533687275 0.141511516
0.128262942 -0.054015225 0.138338612
0.13226973 -0.054914528 0.135711404
0.140424732 -0.0552889269 0.13309316
0.0587908085 -0.0191568082 0.184480146
0.0606669286 -0.0244551365 0.18499872
0.0639487586 -0.031097326 0.183776916
0.0562597579 -0.00454951237 0.184942585
0.0558503097 -0.0113868734 0.185178511
0.0565040879 -0.0157671066 0.185552459
0.0633287541 -0.0307003123 0.185330792
0.0663743731 -0.0367669086 0.184909549
0.0569518432 -0.00393568422 0.19033437
0.0565676813 -0.012827296 0.190160433
0.0572514592 -0.0179056373 0.190332611
0.0669264105 -0.0367214177 0.189032937
0.0965009732 -0.0491753551 0.184030984
0.106622037 -0.0537448824 0.183841016
0.114865952 -0.0585064801 0.183088758
0.12956348 -0.0632461929 0.181781921
0.135179757 -0.0642849202 0.181274831
0.141560245 -0.0650765925 0.180746538
0.148093106 -0.0653013357 0.180121323
0.0580294746 -0.00386234008 0.198218992
0.058810291 -0.0124003345 0.197923663
0.0600692822 -0.0192488292 0.197663504
0.0977054109 -0.0510717655 0.197772664
0.107617996 -0.0559406642 0.198005278
0.116719632 -0.0601675336 0.197681055
0.131878561 -0.0662544914 0.198433505
0.138276526 -0.0674435517 0.199241694
0.144676166 -0.0679486501 0.199839471
0.150732159 -0.0683031325 0.200503504
0.102882084 -0.00307546784 0.054058483
0.10523389 -0.00899015405 0.0536212639
0.06265177197043181 -0.00258884977608672 0.06949227395705172
0.06492441735080613 -0.007626447887993691 0.07047110719966425
0.06629755402031597 -0.010682116465337036 0.07195702703736849
0.06880034057574858 -0.01416108112642079 0.07347671843384082
0.06253532352836037 -0.002486336571902149 0.07418347806342435
0.06435969592004362 -0.0076804545204445995 0.07546104383399546
0.06505938087702832 -0.010322478579583376 0.07638990408689138
0.06721254056109789 -0.014594544310200467 0.07855503846159316
0.07045858162963817 -0.01790095181923172 0.08089144579838538
0.0626914722 -0.00261926404 0.0670784575
0.0650200532 -0.00777570318 0.067851418
0.0666324782 -0.0109160186 0.0688509549
0.0626246349 -0.00250084993 0.0641988562
0.0650215508 -0.00769225029 0.0645758727
0.0628024872 -0.00258426014 0.0611650774
0.0650819538 -0.00789186294 0.0617395835
0.0714383547 -0.0149202277 0.0594835112
0.0675159476 -0.0111408856 0.0590118877
0.0842411077 -0.0267978008 0.0626373806
0.0813776771 -0.0211135027 0.05934459
0.0764293676 -0.0160934013 0.0575445542
0.0726867187 -0.011733016 0.0559524455
0.0706207011 -0.00808228829 0.0548735871
0.0679715349 -0.0030897317 0.0546205479
0.103193969 -0.0285543848 0.0668207466
0.090151191 -0.0130225009 0.0593883765
0.0887298214 -0.00912758529 0.0580406685
0.0869259914 -0.00236079186 0.0564570735
0.107539627 -0.0284735996 0.0662790735
0.05990177819094973 -0.01960695286937057 0.11465585615711163
0.04973105908274469 -6.577322457632179E-4 0.1086554122711652
0.05007366458886612 -0.0031272220048918315 0.10931634369977038
0.0478907245 -6.928062E-9 0.162736114
0.0478505751 -0.0028355114 0.162718435
0.0485863823 -0.00475584621 0.16195378
0.0504315436 -6.219593E-9 0.164562792
0.0500936693 -0.00274231937 0.164731753
0.0508457761 -0.00467962517 0.164049663
0.0540241205 -0.00609999595 0.162599509
0.0528700612 -2.994489E-9 0.166440073
0.0524848173 -0.00260717259 0.166613435
0.053603272 -0.00445387052 0.166019586
0.0562176482 -0.00575279888 0.164512403
0.0552999373 -1.434215E-9 0.168473478
0.0548404363 -0.00250890988 0.168546843
0.0559417353 -0.00433732745 0.167717697
0.0573186618 -0.00582983742 0.166238346
0.057597875 -1.025996E-9 0.170521221
0.056881735 -0.00258767843 0.170464696
0.0576307601 -0.00441259173 0.169166964
0.0581165814 -0.00525540254 0.168526452
0.0587171839 -1.1051E-9 0.172722264
0.0578564809 -0.00261329937 0.172367761
0.0585386404 -0.00437750196 0.171178194
0.0589703589 -0.00596612659 0.170476961
0.058755735 -3.46959E-9 0.174614241
0.0582127657 -0.00265939812 0.174385374
0.0590730346 -0.00460863928 0.173902382
0.0611260325 -0.0202423475 0.182363622
0.0628387917 -0.0245763249 0.182844387
0.0648246278 -0.0306527313 0.182524981
0.065202022 -0.0350206823 0.181926308
0.066799286 -0.0387014571 0.181312258
0.061966411 -0.024505427 0.183861614
0.0644351162 -0.0310454726 0.18302984
0.077163423 -0.0483162574 0.174168166
0.0675562799 -0.0208371206 0.133803532
0.0709662967 -0.0242666056 0.133454376
0.073123472 -0.0272189792 0.134905697
0.0743992656 -0.0327657375 0.136023563
0.08458708118994761 -0.05868693856390205 0.12214522401698595
0.09355376790002537 -0.06324812748805299 0.11750540558473505
0.1098057969808623 -0.06970505582352883 0.11037927648109565
0.11913228345423695 -0.06965112384026012 0.10708074059560858
0.12644882630735138 -0.06883342153756222 0.10401378737393607
0.1325857859001547 -0.06663713018927987 0.10103845610562831
0.08733337014597274 -0.06155370626858416 0.13145226800727
0.09618281668171759 -0.06480500662308611 0.12840860326333947
0.11306752728901036 -0.07199016591274202 0.12206845690568684
0.1215815352603622 -0.07296775127114813 0.11906962018410697
0.12877299150046634 -0.07191782172933792 0.116886319502163
0.13629051978804588 -0.06886484711069951 0.1152995242618897
0.09062358198707311 -0.062463700265506815 0.14004505558642796
0.09896024490481174 -0.06643180758758752 0.13816319662641585
0.11619302935093967 -0.07277569804182106 0.13294283182594238
0.12377074736723837 -0.07379037796894829 0.13017174183862362
0.13117448930056427 -0.07354586531379019 0.1279201160231048
0.1390901895753366 -0.07015506426693063 0.1274702574285886
0.05326562071375638 -0.02011969794232081 0.1805742324316357
0.055115074905257286 -0.026487387247893363 0.18047591057413243
0.05766663723953021 -0.03303833789364511 0.17865704560663362
0.07339383654913118 -0.052701728471650625 0.17030113299412303
0.049779909193369144 -0.004319077713560468 0.1814694562399497
0.04982240015264509 -0.010435338224289914 0.18222672186698718
0.05076210167968073 -0.015790619384194828 0.1827390655920886
0.05778569833938228 -0.03342229799081815 0.180603530343429
0.06160678029097936 -0.04084354019987733 0.1791084842148664
0.0685704981454935 -0.049913059781560985 0.1790664331806329
0.07635572397312468 -0.055007548101297925 0.17593259975369155
0.08499774119526778 -0.05807287630641858 0.17441458499916304
0.05053690608031034 -0.0040440065972266424 0.18773063861073916
0.050591926674418745 -0.01134084363706376 0.18850065743063127
0.051872858652502025 -0.017831680440531825 0.18846412611331023
0.06259977507806413 -0.04069984543507426 0.18442079772352132
0.06952310784220694 -0.04965951929693215 0.18476580111044294
0.07818195754132909 -0.053842798175927305 0.1837043025160277
0.08616817981181008 -0.057294562031451716 0.18245815800537368
0.09527144665777004 -0.06152611065922844 0.18256731756100603
0.11131116523994669 -0.06937293687012905 0.1809211797232269
0.12797037237250947 -0.0733932771266858 0.17955454550901723
0.13480899221548517 -0.07532699997322706 0.17889547559283048
0.14248799612007212 -0.07702167502602021 0.17829910786625458
0.150132063308624 -0.0771575780900079 0.17748876788376228
0.053275242 -0.0036998898 0.197158873
0.0537627258 -0.0116231039 0.197385241
0.0554283786 -0.0201546178 0.196581561
0.0651434812 -0.0402368027 0.193445683
0.071195714 -0.04838554 0.193864829
0.0790528505 -0.0534919632 0.193893341
0.0877029597 -0.056888557 0.19345729
0.0961337064 -0.062315663 0.194611038
0.11233492 -0.0696858574 0.193789094
0.130140665 -0.0747224551 0.194171589
0.138117635 -0.0765737474 0.195072705
0.14537543 -0.0779287991 0.195934332
0.152612405 -0.0789706774 0.196440358
0.0662601559 -0.0139950431 0.155927453
0.0666103934 -0.022751365 0.146606277
0.0680799771 -0.0260449603 0.14523643
0.0687548621 -0.0311864193 0.144311634
0.0701765363 -0.0366490879 0.1442939
0.0721761053 -0.0408580869 0.147826021
0.0754028734 -0.0454646505 0.154743249
0.0775832165 -0.0478368717 0.159788372
0.0768216937 -0.0477705288 0.169021413
0.0739744725 -0.0477515163 0.171933225
0.0715525234 -0.0465219165 0.175795146
0.0690715981 -0.0418798278 0.177483615
0.0679937837 -0.037502332 0.179202776
0.0672510109 -0.0346117587 0.180634594
0.0663102298 -0.0306518841 0.181456518
0.0660969672 -0.0254543088 0.181983438
0.0659927885 -0.0207081747 0.181183142
0.0659902211 -0.0166510916 0.178737458
0.0661728078 -0.0129642323 0.175831024
0.0660598276 -0.0107687047 0.171813102
0.0673310667 -0.0118105029 0.160148626
0.0645936064 -0.0133573809 0.156311272
0.0659276273 -0.022156971 0.144863733
0.0683612253 -0.0254988436 0.143446879
0.069507561 -0.030804012 0.142766026
0.0708037921 -0.036451525 0.142636576
0.0716060628 -0.0407350128 0.145566407
0.0750041828 -0.0448553638 0.151831364
0.0781605158 -0.0480868439 0.158672361
0.0799443603 -0.0489384179 0.162466644
0.0800810687 -0.0477952921 0.166529175
0.0780439667 -0.0474780847 0.169586594
0.068282695 -0.0424361254 0.178810635
0.0676190836 -0.0380459721 0.179818805
0.0663676661 -0.0347649342 0.181043259
0.0661230912 -0.0306577679 0.181968283
0.0656882802 -0.0254038818 0.182261628
0.0649554214 -0.0207663512 0.181529319
0.0643512899 -0.016795809 0.179662442
0.0631291461 -0.013718771 0.177045882
0.062558423 -0.0105127683 0.174887262
0.0682896639 -0.042116692 0.179803084
0.0667430815 -0.0384079691 0.180842433
0.065300998 -0.0348919173 0.181435387
0.0657422198 -0.0303789239 0.18226008
0.0643756524 -0.0249125492 0.182486409
0.0629941372 -0.020443166 0.181758297
0.0619726696 -0.0167254418 0.180449494
0.0606629032 -0.0138459937 0.178003938
0.06514607 -0.0100762439 0.164074577
0.0656640373 -0.0215870141 0.142554895
0.0690131727 -0.0252964624 0.142043192
0.0704591611 -0.0307488465 0.141747987
0.0715753246 -0.0366293692 0.141744754
0.0722318767 -0.0411914871 0.14455437
0.0756486315 -0.0453973437 0.150897571
0.0736149679026047 -0.04573118310531044 0.10190636555417276
0.08474609799249788 -0.05126997133803111 0.09813775669680838
0.08538288958933726 -0.04061062614386043 0.07186363976421084
0.09261928631401428 -0.002765546304346932 0.036885588929378606
0.09477667830730603 -0.010945563498720001 0.03799629655769481
0.051181513015610726 -0.0027204700798408488 0.0649603282226764
0.052173464239109166 -0.009310351434345132 0.06570767724809043
0.054031119553117304 -0.01356117187052271 0.06610610132637165
0.0570396632108516 -0.01654355818088764 0.06668889527656693
0.05928448408177495 -0.01799354725274276 0.0721037637702724
0.05744792397240634 -0.015419043387810234 0.07120196197977079
0.05507047935573821 -0.012508043711586316 0.07030669465378935
0.053281192620982125 -0.008284371397327394 0.0695725680505722
0.05222008918197529 -0.002274071710600945 0.06842704501862529
0.051033692171061795 -0.0028619403631675 0.06293374692676813
0.05249568213097491 -0.009797172692881889 0.06308799680884848
0.05440823259855378 -0.013755135108899846 0.06318855864952463
0.05224881170204657 -0.002994173180970246 0.0612237716449754
0.054450785151975975 -0.009821338915788725 0.06054144505635984
0.05546597431696387 -0.0029501927129025364 0.05759764477740941
0.057549670072288485 -0.00935072622015353 0.05708440701641808
0.06580670780813345 -0.015855329780475852 0.055240653102636886
0.06224491555478981 -0.01190681964996444 0.05476169148139238
0.08180275477537897 -0.02901890504902325 0.05705637743380714
0.07621989692311994 -0.022452517277768397 0.05285565950288657
0.07158899760454587 -0.01684776497876408 0.05122524610526111
0.06814124287327798 -0.01224592470245759 0.05064310147807088
0.06646450366003671 -0.009009314530379875 0.05044642687419661
0.06387568607844772 -0.0027242985111353185 0.05022755061919216
0.09990108141236738 -0.03418996019340788 0.053827985004078364
0.08194496781596683 -0.014324103739171845 0.04190375828041103
0.08002083381552726 -0.009696772107689131 0.041531600239300207
0.07760870319361611 -0.002705267690039042 0.04096913346869995
0.1040850226468436 -0.03564290976092689 0.05151040692464898
0.04960973736474382 -0.025726808650785013 0.11423059709306851
0.04641356525758334 -0.021805050516083523 0.10736842230863763
0.039362795208144695 5.572512973444866E-5 0.11291331232388611
0.03942097898579825 -0.0027022503281283476 0.11288603854182812
0.03960163097555145 6.806861601572938E-5 0.11773549418945983
0.039585113683018945 -0.0012649067673907006 0.11766814496257283
0.03712068038364655 5.57829678349711E-5 0.12232611242830882
0.037073173703252665 -0.001248043831654623 0.12231410312220811
0.037749531926203034 -0.0029428248592292235 0.12214082134287683
0.026717962227972913 8.817678210740559E-6 0.12819953929300829
0.027362722499249575 -0.001267246487541811 0.1286663688560121
0.027882863312372202 -0.0027673672999326865 0.1289073204184778
0.02835290756682925 -0.004352792659414944 0.12963659894693746
0.030420634955248608 -0.006492325248409183 0.1305562114607769
0.03672044529636519 -0.013429126185316083 0.133109712377131
0.039437157722916755 -0.014808208207703968 0.13079106989626604
0.041598993678455556 -0.017414213466509596 0.1278184908803751
0.024246048764335452 3.1043258021094624E-6 0.1310302556149916
0.024795381076327172 -0.0010488867907473434 0.13123673867609525
0.025582453099042543 -0.0028093782470115067 0.13146197923333508
0.026703074870411174 -0.0045918644536972015 0.1317599357390403
0.027762729109967677 -0.007072381432874487 0.13213191544757258
0.035663347990630284 -0.01452336648485183 0.1347803165015777
0.022484100613537557 1.1452149694333792E-6 0.135007327968754
0.02304556887812088 -0.0011256199809284123 0.13487833899786117
0.02385340053217329 -0.002881798017138134 0.13482932768120776
0.02505635465527493 -0.0049219247374749295 0.13448867508967638
0.022279961213629077 -0.001268528815588393 0.13826236126529864
0.023130878559192273 -0.0030597884614976694 0.13792136728966167
0.024281707291847685 -0.00506807356527843 0.13731865709044694
0.023738673095684077 -5.258511356263655E-7 0.14289821278093434
0.02375520680452637 -0.0014620771713125728 0.142201833726743
0.024236045956154174 -0.0032778677005532463 0.14144992030111767
0.0251859797968071 -0.005651418290739668 0.14036196089725253
0.025989321089038724 -4.863159401487846E-7 0.14595338399116234
0.025936917010926635 -0.0015318485732373906 0.14499494056415346
0.026002311186584397 -0.003516352258279394 0.14435392517892612
0.026819594369313728 -0.005875549779036336 0.14342182256805558
0.02774249744942692 -3.5933057135619915E-7 0.14833989928394362
0.027712740125729086 -0.0016922209450349463 0.1475143912892018
0.028070904771706262 -0.0038372236540606627 0.14709865774807457
0.02909574147630512 -0.006415247156365246 0.14593435876476615
0.02936806652106305 -2.6017601244642366E-7 0.15043444180595972
0.030108989966508532 -0.001829104591004907 0.14974611117499548
0.030585784866043658 -0.004020293166699737 0.149585242138538
0.03181860714667368 -0.007173042774694716 0.1483917811649453
0.03393831915116153 -0.009534373475170742 0.14649688269654879
0.03173923059787457 -1.291471405583863E-7 0.1528778308807928
0.03226852294587646 -0.0020551531688525445 0.15194636924963914
0.0330659792218923 -0.004345564411910359 0.151612992613695
0.034733445441862444 -0.007848737381327546 0.1501765105267785
0.037149556790175314 -0.009998620283120867 0.14793051991809292
0.0338597599221081 -6.215227455706766E-8 0.1548628118986835
0.034360474765271806 -0.0021984781554284676 0.15404310359175263
0.035401512234288744 -0.004634807853977666 0.15367728437940897
0.0371622383691674 -0.008093433746650941 0.15233467210706095
0.03981025797411226 -0.009827357208720315 0.14986309687893282
0.04960525364719267 -0.013037700115819239 0.14749017658597038
0.03646452288601645 -2.7546492339359428E-8 0.15706479716524266
0.036670085921820646 -0.002674842893609506 0.15662680224299205
0.03747982958582344 -0.005041780364280506 0.15599718115569333
0.03943635332178633 -0.008358174063894696 0.15459420467577556
0.042304059299375814 -0.009923449723165011 0.15235547622924966
0.0390232737093184 -1.5356595293500728E-8 0.15906773199825092
0.039107220419202365 -0.0026906942199593042 0.15867335696374843
0.0399781253990812 -0.005255157310860526 0.15804532385026998
0.04132824693086486 -0.008358833262837503 0.1564405421004184
0.044923919230641485 -0.009794676170542083 0.1550051509215642
0.04145410117930339 -9.345860436389108E-9 0.16086548009130217
0.04148198756039557 -0.0029726917431908712 0.1605638171069593
0.04245054422997159 -0.005593008069158846 0.1602514371634903
0.04443469320115752 -0.007649063153323795 0.15909649228783118
0.04384002637737797 -5.502554750542274E-9 0.16293396264872745
0.04409713018238537 -0.0032183108506312445 0.16275574484255562
0.04534731689167359 -0.005806373241156111 0.1623662690543438
0.04688567463448339 -0.007669392255620824 0.16119023882104697
0.04629128398014341 -3.560251494744459E-9 0.1651654191114107
0.0467878100396114 -0.003471531762778751 0.1653273395462607
0.047405182244934445 -0.00581262864791149 0.16467799731316818
0.04820128488383801 -0.007617203646613747 0.1639370116659443
0.04833819753131574 -1.8926846972756347E-9 0.16742425208872955
0.04846898725565043 -0.003517312908164589 0.16774916770774986
0.04882113470759768 -0.005942932698393067 0.1672836334333111
0.049934621549650136 -0.008687235188948282 0.16665370003619256
0.05882150032565625 -0.011524723493211736 0.16572149407147624
0.049907605750768504 -1.3716925209334558E-9 0.16968773463347986
0.04997514565331477 -0.003940133993310993 0.16984333254112038
0.05061292450775981 -0.006210622722092346 0.1696741680696005
0.055599656969209495 -0.021744168999110206 0.17683419160528566
0.05682823076962104 -0.026843987331941505 0.17651627373015458
0.058616491772189035 -0.0325625789194388 0.17566529184468996
0.06053506453224803 -0.03784715703928025 0.17494443845393756
0.062728585287591 -0.041672998595832664 0.1734738398447777
0.05607522754904905 -0.026723687894428808 0.17839446563106498
0.05823999653097366 -0.03295437871778777 0.17699061839105804
0.07258585189292187 -0.05165645112658259 0.16887814250286803
0.053738878028032844 -0.023304799859063835 0.13577208013974135
0.05533267506900515 -0.027598142856376066 0.13037601493058193
0.05751366431508057 -0.03367368819377351 0.12972884600548007
0.060553107539662386 -0.03898906358031495 0.1306496856525573
0.0640566967578582 -0.04425568649635738 0.13218490802297939
0.05946874421946684 -0.01887575129699924 0.15335131071943675
0.06046570917533353 -0.029679292297701953 0.14482737333776677
0.06140677989838766 -0.032853893731176476 0.14386339655901728
0.062116763892942684 -0.03687991623007991 0.14384863304251114
0.06371636314899622 -0.04045976827672553 0.1445659121462634
0.06631162054539265 -0.04347333619679881 0.14635392320665142
0.06943762805203932 -0.04624188271865374 0.14967483753453623
0.07275803919900818 -0.048177297666529444 0.15499067910193265
0.07354882044380655 -0.048828754680927136 0.16408944805384926
0.07110464717825021 -0.04748144977770707 0.1657829910909567
0.06851993387453273 -0.04488892285249211 0.1663816739644986
0.0654989889774769 -0.04155540656337773 0.16689995847824882
0.06343448685866891 -0.03827308212806413 0.16791418574243658
0.06276048110713946 -0.03497073197644719 0.169120971014776
0.06198700636451895 -0.031212481190852417 0.170037858353846
0.061589191584281076 -0.02679165269014213 0.17073590744982117
0.06209790106231746 -0.02254664073510611 0.17093023133852334
0.06248935041456515 -0.01944476836194339 0.16939495658873008
0.06267970650106618 -0.01720955016222723 0.16775056859364085
0.06341660066499068 -0.01564465413183002 0.16647828638510143
0.0631217881726174 -0.01431888570461232 0.16500439263486086
0.0594158750930767 -0.016118188109685173 0.15571941503976228
0.057725934356644026 -0.016349225264345926 0.1520044130029551
0.05838726267300309 -0.029202806321226172 0.1419238184582674
0.05982695512544774 -0.033521963631218024 0.14061864599793542
0.06088326616145168 -0.038126370276206384 0.1411652880299644
0.062963699836415 -0.04193664163983512 0.14247457642157468
0.06591311177383555 -0.044793721688352724 0.14465560717820708
0.06911082595777854 -0.0474757102675158 0.14704265233236388
0.07345556127711568 -0.049830794337325346 0.15200369745233314
0.0752496374646449 -0.05171257712653012 0.15792203192902113
0.07636621780902476 -0.052198031014636444 0.16208779698421505
0.07489724438748586 -0.0513115976981311 0.16484404031105293
0.06548167279557779 -0.04273445764445266 0.16899217212139
0.06312774467956139 -0.03955342006950625 0.17020056076387063
0.061826512720343584 -0.036238975696900946 0.17107721603213008
0.06084087177206667 -0.03199963238570352 0.17195354494486165
0.05971735304727106 -0.027117260903959127 0.17270090826575865
0.059745156356292246 -0.022442544815723667 0.17305237230305687
0.059950057654349034 -0.018628937307381195 0.17176456483842284
0.05982128177887125 -0.015737336653326276 0.16963842162730025
0.060097114603475985 -0.013625210193141408 0.16794931777543015
0.06539289440464699 -0.04411736650549684 0.17107829922778015
0.0628044692501954 -0.04074695889723059 0.1723349620223702
0.06102961753965563 -0.0369966713824685 0.1733080329123548
0.0594884672022892 -0.032272929817514534 0.17402490802103554
0.057933783223877856 -0.02698151785882331 0.1745822299387955
0.05738847896969254 -0.021914733748380814 0.1749221745355439
0.057606701914862425 -0.017869129644682524 0.17370201101583577
0.057396169677320134 -0.014416674133195917 0.1718165922849642
0.0624774952680928 -0.01329498200353815 0.16317620673483016
0.05807187284881045 -0.013169130003660018 0.1586688895707097
0.057257996720828805 -0.02844244224600426 0.13939067034205363
0.05922238074406789 -0.033640409116555706 0.1384830920900848
0.06069436906135087 -0.03862291878157279 0.13930068393664188
0.06297146927515493 -0.04256906650373515 0.14076462949089155
0.06576117615893366 -0.045797406223109495 0.1427582530765448
0.06946731788847425 -0.049071359617759554 0.14511436450804602
0.0549997457726165 -0.016900327176728725 0.08293358840799359
0.05456605286420651 -0.012641097481903773 0.08001040892258299
0.0547030960234678 -0.010544331278645255 0.07932319082235448
0.054371005154097735 -0.008181540635647144 0.07871361608634023
0.053925859322785354 -0.005651879000761329 0.07844195635358593
0.05295920119495132 -0.001562912109259366 0.07822345406401254
0.043163827905884446 -0.01721684576259478 0.09992537150479475
0.0400088196265369 -0.01277787826784834 0.10231522462502028
0.03874392917664242 -0.010455616254945729 0.10343624623329566
0.037168013247476234 -0.005321382050370926 0.10372228756472882
0.036364667818697516 -0.00302071748055312 0.10289171064222428
0.03615270145504387 -5.304466116796643E-6 0.10258882649891604
0.04782101355045475 -0.008391389925426124 0.08460287482668395
0.04738099733889192 -0.007029302857118516 0.0837209094373915
0.05634567602738188 -0.029769902499987046 0.08801481715828303
0.06864209742011727 -0.03159366749267376 0.07695235282596283
0.06919039032735641 -0.027387464800170194 0.06596608576052156
0.0707597359031273 -0.027536880118529058 0.06001952565685698
0.0665024352805467 -0.02507863698173187 0.06175928146116131
0.0591776884936454 -0.012576115287473532 0.09087801471125176
0.057329129210572115 -0.010023176144553487 0.08895392859597769
0.05655438222428405 -0.00825996899296225 0.0880848651494357
0.05576613477804119 -0.006930942215749723 0.08674065477496899
0.054611798618579996 -0.005094185700487608 0.08607075526083126
0.05350607851912819 -0.002082699413661448 0.0852558999329351
0.0601124784 -0.0204973616 0.18366012
0.0699004461 -0.013754692 0.155665861
0.0692231915 -0.0239351656 0.150294734
0.0693713217 -0.027311059 0.14938706
0.0699687565 -0.0318175154 0.148447402
0.0720996049 -0.0369436066 0.14898256
0.0762214057 -0.0420916954 0.154262108
0.0777561005 -0.0451539438 0.159324527
0.0784376743 -0.0463253906 0.163127525
0.0756409591 -0.0470248931 0.165337675
0.0745446996 -0.0475149657 0.169873759
0.0725314006 -0.0462747515 0.173319002
0.0700250535 -0.041795951 0.174735622
0.067799159 -0.0375319572 0.176148132
0.0666542193 -0.0340524066 0.178795146
0.0664109853 -0.0296338209 0.179458601
0.0678526124 -0.0244443514 0.180283102
0.06892701 -0.020005988 0.17887117
0.0697497609 -0.0163024835 0.175945084
0.0698209492 -0.0134772489 0.172530793
0.0685052869 -0.0119789938 0.169434036
0.0672337894 -0.0131641454 0.157614698
0.0675649087 -0.010701638 0.162747423
0.05425497659103975 -0.028304922978166166 0.12641867137277116
0.03871034954131561 -0.016552494347380743 0.131557164181005
0.053695788380362666 -0.009548483048252565 0.16581389544080447
0.054597076418256625 -0.02185488218577571 0.17897095367038057
0.06396035688108781 -0.019730748498250714 0.1535829183857436
0.06313623336097736 -0.029402071006698907 0.14950280500500499
0.06389204396132299 -0.032816396935847814 0.1487706807077705
0.06474385077149877 -0.03611161904596729 0.14853347724560947
0.06631931850755397 -0.03940009435342828 0.1490403327762118
0.0695443492605281 -0.04265856825236175 0.15115215270036778
0.07154641639967983 -0.04502405004622714 0.1551272640392792
0.07178617730218209 -0.04612528212056878 0.1593544052339585
0.07157327430611336 -0.046289235288346615 0.16186394416415076
0.06996278941598714 -0.045234434874325095 0.16334098526249916
0.0680556584647646 -0.042968374497943114 0.1637844576847033
0.06584239506846827 -0.03983517476271788 0.16405839875375078
0.06407693862067895 -0.036490908604735334 0.16492325420239137
0.06264665502902383 -0.03339879934076001 0.16607868172706533
0.06195812813467398 -0.029526061997360915 0.1672039782606544
0.0632063894701092 -0.02667088891721795 0.1673261845464367
0.06423742777635064 -0.02321741912229687 0.16721747386915142
0.06442543211043589 -0.020427163601584843 0.16656642755729925
0.06455703084287505 -0.01832246542027116 0.1655519024964285
0.06462620938378143 -0.01694770028814002 0.16453258877080457
0.06438180291489028 -0.016157006875370254 0.16342358709134208
0.0606281341121038 -0.018080270876210083 0.15476860759110636
0.0644658746634871 -0.01586662472647106 0.16151355317396668
0.06344384870693824 -0.016041046696056507 0.16013028007549499
0.05209226038053827 -0.015102252936129266 0.0867375276004117
0.05139060333050743 -0.01122094534937795 0.08369365615681235
0.05120670726824262 -0.00920389391280871 0.08294270094392038
0.05070890234650824 -0.007125938544683883 0.08211177014098435
0.05005546490948407 -0.004907232782985673 0.08153510511864644
0.04945357198272207 -0.0014582562376786142 0.08160441080187104
0.0694763547 -0.0114192056 0.158681085
0.04192589043017842 -0.01604467385789905 0.12709446340448008
0.06451770050025431 -0.01778839791354907 0.15621024893199656
0.031050946311205373 5.2832239458057E-5 0.0977785802129382
0.0311793971675338 -0.0012614604062746858 0.09780825047776104
0.03181267667699492 -0.0029887536626844 0.09798960123089125
0.03238717749235893 -0.004475985885220764 0.09805156254306381
0.03342347090016224 -0.00653354964158417 0.09831253113157591
0.034471261522157445 -0.008426202749837443 0.09816752280568727
0.035513180051328606 -0.010152591041480856 0.09758256130666836
0.03719438873895657 -0.011947103082613961 0.09629589991115439
0.039839612868731625 -0.013713895800590747 0.09484378983196426
0.043299084548559734 -0.0164075139236371 0.09383524906625147
0.0468916432749873 -0.017083027098783298 0.09360900043528829
0.04941015021681403 -0.01668624799184758 0.09482216707735334
0.0479651347330973 -0.01603713409395729 0.0937454173240998
0.04489391520375125 -0.014421549941424501 0.09177935891871762
0.042342784745938854 -0.013004052332529934 0.08890630810348334
0.040793504340896514 -0.011211253960285055 0.08671501919126245
0.03952402912216252 -0.009242412966278382 0.08514181498365431
0.03830123162867099 -0.007792436340618347 0.08437550459100265
0.03754430205666502 -0.0061626203683501435 0.0843365993345986
0.036315230162747174 -0.004212158000182996 0.08513820448781953
0.035830480063421835 -0.0020985330357356077 0.08511751175862371
0.035486145580217954 2.2877978977570655E-5 0.08508409332874474
0.031872087921111854 5.093578948708294E-5 0.09632630546654804
0.03223397782317317 -0.001297310398313488 0.0963639590730155
0.03265366255305738 -0.002452255125866448 0.09646054663380654
0.03333566334035211 -0.004118420875986002 0.09656290883215296
0.03385644532260388 -0.00593946261317735 0.0964580518504749
0.034908407938708155 -0.007729902281462493 0.09606235611468726
0.03604668252241875 -0.00939310798278176 0.09572187293933128
0.03786224275245734 -0.01116831452375605 0.09469313867599828
0.04022214733765172 -0.012901946738760474 0.09421839138922472
0.04378848912174534 -0.015677963238775433 0.0935528853179792
0.047308017333565044 -0.016650851045447917 0.0936902812655377
0.049841730690035696 -0.01657780960907465 0.09566280040154052
0.048394308719589885 -0.015920882042929796 0.09512378047008115
0.04479891546553132 -0.014102895483020276 0.09375146139270442
0.042094328091332685 -0.012603970241835231 0.09160429853400777
0.03995318984804504 -0.011225235704666927 0.08967631076975227
0.038089912232638794 -0.009558269072337434 0.08840345867394357
0.036919307963602925 -0.007895970061730212 0.08760358219595878
0.03616313361210706 -0.006113702640352871 0.08728220549474917
0.03567604015792153 -0.00420610396289044 0.08747896183683347
0.03554621061128123 -0.0021502054384190073 0.08781874428037954
0.03551522269428161 1.3422004091226631E-5 0.0878945640787919
0.03298296236199167 4.400741075136704E-5 0.09562249993313247
0.03361412179776994 -0.0012601889114352107 0.09550764470252049
0.0340043407103911 -0.002391766911483017 0.09552384255028151
0.034385700651206455 -0.0038266282760138506 0.09556094963367409
0.035001904703326515 -0.005645213878153051 0.09529635215144966
0.035758246283145396 -0.006905977572346617 0.09506147196301416
0.037101753985172445 -0.008752525796411387 0.09442232843158922
0.03881724034642477 -0.010484150837351705 0.0940167985036031
0.04095844692468141 -0.012167284771282398 0.09397138026930914
0.04459508602288682 -0.014661755545367167 0.09375139267319574
0.0479578294891004 -0.016558571949278324 0.09399936691333541
0.0492852324529032 -0.015704617983059423 0.09595795185212098
0.04596841943916643 -0.013527964424281187 0.09534923608296808
0.042767389212674485 -0.012145528957565176 0.09446073747284929
0.040658119094987955 -0.011028311771553676 0.09237103871161868
0.038817522497095074 -0.00947969163945318 0.09087899387003458
0.03750352132257694 -0.007921670162554708 0.09004657368186438
0.036616823794378764 -0.006194011552547389 0.0894991614209206
0.035897623727074314 -0.004273462528294939 0.08914702338487662
0.035684085920531516 -0.0021741112967595556 0.08934620271649757
0.03601192330419279 7.479966174302143E-6 0.08959825405252447
0.04060406904701159 -0.007971827904989492 0.0817751285000749
0.041568457351652786 -0.00968934657593854 0.08263386132718731
0.05754666081911038 -0.028363067460531147 0.0845732636535781
0.05730060790492462 -0.02183031531710092 0.07801414080407947
0.054710972364310106 -0.017126795986952777 0.07418542164416131
0.053944576231042436 -0.01461392127501002 0.07356972717387308
0.05335790474660856 -0.011558955668281981 0.0732609800646083
0.052059665080387056 -0.00793431319778218 0.07272817430266844
0.051009543241332035 -0.0023944892443378387 0.07226596630990642
0.04195549662494628 -0.018250428541011967 0.10328851945295218
0.03886876307266452 -0.01387743502647396 0.10620834165738685
0.0382000461323132 -0.011537561764385454 0.10772603679130212
0.03664459323920378 -0.005515243603392203 0.1103489735769598
0.03659522101429322 -0.002953215714719816 0.10976942052715304
0.036586294596070865 -1.1493156020039468E-5 0.10905363402248178
0.08356749805516911 -0.0606058192530615 0.12148783725147602
0.09190768618683602 -0.06491138551767325 0.11740250613744026
0.10899475443562688 -0.0735606064333481 0.10949259340822132
0.11947267480880934 -0.07223119062284253 0.10605950366209194
0.12655421220391247 -0.07195861420557259 0.10300216119004084
0.13301336774396755 -0.07103787029946788 0.09970576160919938
0.0864199270412784 -0.06339661550513412 0.1306737944896984
0.09544353591242065 -0.06638935885744787 0.12789116372598994
0.11276696618542639 -0.0746518117440381 0.12133603197146413
0.12208518265949626 -0.07477436069699987 0.11837171620606511
0.12901135450817403 -0.07311194110901988 0.11643129561290481
0.13664937876503633 -0.07236669580968712 0.11412327694078006
0.08919027317563957 -0.06485337722835353 0.13956803698475917
0.09856530251165743 -0.06845516347661723 0.13737604207116325
0.1158382295716993 -0.07504900556913721 0.13219591289542246
0.12433520989028045 -0.07583433773719571 0.12951289280739772
0.1316494058385563 -0.07556697550968836 0.127310747335602
0.13920191637526563 -0.07291737624965719 0.12638511290849613
0.0520850929871377 -0.020744366875345425 0.18074285248480282
0.053987508165597074 -0.02733043801919 0.18054419894292612
0.05659919686183225 -0.03405309854817179 0.17873806475013446
0.07249162928535412 -0.054129907049838714 0.17023373198350047
0.04819098842071672 -0.0046058605498707945 0.18179958452783923
0.04843309601359313 -0.01089646208894751 0.18245717990230215
0.04948120563455625 -0.016367351954161342 0.18294151782442486
0.056671763649951114 -0.03445215851510477 0.18077382764667935
0.060227302151773986 -0.0416809080370578 0.1792511642731725
0.06775268174428523 -0.05111678660240525 0.1791618126052547
0.07577556577672222 -0.05650700856973893 0.17609494530252834
0.08434688501066882 -0.059883733437054346 0.17469145410765657
0.04908321216851524 -0.0043952136374714795 0.18808186277367753
0.04927422727274819 -0.011851099131976996 0.18881263298172052
0.0506161561081582 -0.018462674692306252 0.1887646904301925
0.061432844483996066 -0.04218103825694925 0.18479331106383762
0.06865397749705965 -0.05095827540233697 0.18501904258650206
0.07761921038729885 -0.055217753767664315 0.1840053138629628
0.08572785218998763 -0.05913820852895521 0.18253777121869036
0.09423252303306093 -0.06391919158666885 0.18172908966859472
0.11075945268030886 -0.07172596522987837 0.17973679770882425
0.12767245616745584 -0.0750088008034416 0.17868277161432194
0.13505797632279387 -0.0777277385100358 0.17769143000533097
0.1430966290823326 -0.07906613080674572 0.17727479559615847
0.1502924391677911 -0.0795509792030614 0.176749644461063
0.051926523 -0.004079976 0.197691758
0.0522793558 -0.012134156 0.19799392
0.0540634628 -0.020930676 0.197157282
0.0641022574 -0.041418844 0.194087519
0.070459564 -0.0495312842 0.194457703
0.0785189916 -0.0547149066 0.194561987
0.0873490641 -0.058282966 0.19408877
0.0953129297 -0.0630214032 0.1940467
0.112344988 -0.0714871608 0.193506073
0.13058766 -0.0766836433 0.193615266
0.138107232 -0.0788268369 0.194282679
0.14628789 -0.0792012942 0.195062391
0.152776474 -0.0811174429 0.195681735
0.07300710047683198 -0.04713283456767872 0.10175405326963344
0.08421246605641147 -0.05288931994718635 0.09748705065478189
0.0823186131318274 -0.04261388717396539 0.06967209344354634
0.0908227420961117 -0.002712637711752926 0.03439095633063012
0.09289775258809876 -0.011633919269580656 0.035097522456101496
0.048487742239194595 -0.0027697783864733118 0.06459884186438247
0.050523414940436134 -0.009788206589380719 0.0653479854143175
0.05304045133102633 -0.014248059376359779 0.06580744095489018
0.055755530203606476 -0.017271673746366088 0.06650596652336647
0.0569609975621893 -0.01894898310779495 0.07111111358467648
0.055190146118546 -0.01602949526135264 0.07038585146795788
0.0535214525523041 -0.013165012688804852 0.06985458925008188
0.051585340408734685 -0.00903482572736 0.06913794579807707
0.049117209071492494 -0.0024948005785108552 0.0674146293805083
0.048568766568544815 -0.00289079016738937 0.06225097056843949
0.05037652869549189 -0.010330134059682042 0.062341713768733965
0.053194810127758126 -0.014454844412052815 0.06254206551747425
0.04997824797010914 -0.0031140573326328977 0.0591927948559105
0.05155109541079443 -0.010488997999426066 0.0589887390877959
0.0524764767621931 -0.0032658172020221298 0.05451558825004538
0.05469221361951901 -0.010446760961013962 0.05424943973397127
0.0878065297498778 -0.002938760189276868 0.035013214557195
0.08898849873229236 -0.011746568528378524 0.035194963001498526
0.07958720554470679 -0.03132706224591968 0.054377333281473546
0.07486745837667423 -0.024414222850241224 0.050610970157110594
0.06980118698255028 -0.01812297806985909 0.048978671930432253
0.06597503558454389 -0.01312149042155134 0.048800535898004295
0.06428116650171475 -0.009870922687362858 0.04820964950627286
0.06160776658753048 -0.002949365305658291 0.0476720013555634
0.09780730073669794 -0.037330815417834694 0.049067537792110136
0.08093075771087214 -0.015316255509225763 0.039743185276834826
0.07905530537093974 -0.010383763913023316 0.03951100807665634
0.07703534092566273 -0.002721270763227702 0.03880100998408918
0.10190153645093517 -0.03867875064948423 0.046412120253754616
0.04850707377790504 -0.025832297337420672 0.1138225664034783
0.04507755928443061 -0.021910209455677714 0.1068838619341739
0.037598204181010376 6.144051573009393E-5 0.1141541041117209
0.036790618736806155 -0.0028243488463569606 0.11416702868661224
0.037636993013450866 6.04673433331813E-5 0.11784669466627269
0.03740995961818963 -0.0015799484148302269 0.11795003632495518
0.035718865040596987 6.114990433762102E-5 0.12149769221698135
0.035870814418292644 -0.0011250806959322924 0.12154031535975816
0.035961690133732745 -0.0028757310823599915 0.12195588360954408
0.026365070116149098 9.461565548558347E-6 0.12693755753452096
0.0265282955949377 -0.001357578896536228 0.12717842405819352
0.026877614886756815 -0.0029002161289292602 0.12746619508412563
0.02712860458281099 -0.004508824958688587 0.12801050595805907
0.02824115573453468 -0.00707901202514721 0.12896612851430175
0.03587811260107609 -0.013906992902497074 0.13208947113766184
0.03868239646086671 -0.015185569270373907 0.13004162754225665
0.040853289849827654 -0.018276979325462475 0.12752701440589836
0.02340385266395422 3.288143675017564E-6 0.12997679432700068
0.023456145086828344 -0.0013989061706264272 0.12992672309311296
0.023573565518571073 -0.0032297388378102546 0.12996161682934795
0.023798564043607258 -0.00564895398997509 0.1298806559568177
0.024917574586578582 -0.008275201999557585 0.13011734351570234
0.034069775332330327 -0.015257491228839988 0.1334040406390983
0.0213114717542463 1.1083719511132503E-6 0.1342463468319546
0.02132663231440834 -0.001452429436978965 0.13424709875225677
0.021462663629059596 -0.003379849302425419 0.13416995934559658
0.02180675248351528 -0.005782361358218544 0.1339208283814327
0.020492886600124747 -2.214182917565433E-7 0.13818917084468713
0.02053472673475222 -0.001605443423968771 0.13841440916097553
0.020690873390877988 -0.0035552082159479564 0.13824409411551533
0.021399213956371857 -0.006028415793224892 0.13756656486270794
0.02213376942024043 -6.815461153808562E-7 0.14259370242868857
0.022355014860663058 -0.00167598900835752 0.14265795383878668
0.02199581804399537 -0.003821198779628348 0.14214481023924905
0.022377399459519342 -0.006379047134469825 0.14120714714860017
0.024646684543832037 -6.152603500818817E-7 0.1456906515456212
0.024727690591750645 -0.0017447948232140855 0.14566105797176795
0.02457783109293696 -0.004113777626345971 0.1449768729150188
0.024665159973484535 -0.00667424617511599 0.14416154404530362
0.02676860452771695 -4.231723375246009E-7 0.14853974137903903
0.026303599983842105 -0.0018270063896057656 0.14808973508739712
0.026559182423593092 -0.004383423266127928 0.1475786410707656
0.027698933784972783 -0.006882979798154268 0.14649356309788125
0.028145946737364456 -3.36693729704937E-7 0.150507704627847
0.02891657800476574 -0.0019761420251421438 0.15046206212050975
0.029367233223622755 -0.004599012972593984 0.1501895130972371
0.030604108432564656 -0.007556273000073077 0.14884606596944108
0.03315177583305251 -0.01022723488737161 0.1468031786656132
0.030411430307691573 -1.8560367724126147E-7 0.15278933580987974
0.031153314380818704 -0.0022328016041267777 0.15266325581572632
0.03177172073513851 -0.0049878287462252835 0.15218595904821905
0.03328575281030143 -0.008019296185723552 0.15051292664592733
0.036217189052561036 -0.0105949587630603 0.1480502291624762
0.03266532355578118 -8.780874660155226E-8 0.15490936287501705
0.03314951828354686 -0.002518034462341315 0.15475450468328825
0.03405070422091933 -0.005197848272154509 0.1539741527613951
0.03576651287476217 -0.008421775745370084 0.15230886326068455
0.03875988211833466 -0.010682688209655273 0.14998726158155135
0.046380459639995326 -0.014828587606305035 0.14563343990364538
0.03476126142368289 -3.941936555881341E-8 0.15712343209796584
0.03526608823506694 -0.002941393639564961 0.15714628175896764
0.035944681850764625 -0.005705608759577949 0.1561556685786607
0.03807493614564181 -0.008808067962631873 0.15433692555472445
0.04119141230511878 -0.01063635122258729 0.1523539157038488
0.03653548578962637 -2.0979358473484827E-8 0.15909775744335217
0.03739445838865863 -0.0033212925115783903 0.1592842874305527
0.038056304868638376 -0.0059971056336842014 0.15826102642382564
0.04048170686574825 -0.00881551902954541 0.15643814310025117
0.043901666071461336 -0.01044015106526834 0.15500146524268163
0.03842724970360485 -1.1148947521477132E-8 0.16080457808620066
0.03954016703662802 -0.003673005043167176 0.16122543084112617
0.04029629545782199 -0.006322496573673901 0.1606171199802393
0.04284100379097263 -0.008791358202438967 0.15926032127942705
0.040590835012017094 -4.7388224274947274E-9 0.16269742133929857
0.04146745943720875 -0.0036191413432039507 0.1627648993838556
0.042332372091885236 -0.006295866787303043 0.16226503323639174
0.044410879326400164 -0.008185520920091383 0.1611716981168493
0.04299832634956379 -7.089016481940507E-10 0.1649140634801971
0.04427812139515798 -0.0036410403763269734 0.16504562986308444
0.04511872018637709 -0.0061008194601648675 0.16442779013550007
0.04717938208911627 -0.007852468999216471 0.16371607077664327
0.045291617260199084 1.4855624326808062E-9 0.1672088965409459
0.04649301201908054 -0.003656119168240602 0.16751087347224808
0.04701812834510635 -0.0061549015945891235 0.16700646523572404
0.048563885537665816 -0.00851841867641664 0.1662117414544977
0.05743032682095505 -0.011551300622702834 0.16562500271117359
0.04772980683406122 2.5752253566830384E-9 0.16970641543455323
0.0485844290508886 -0.0041593986422757846 0.16989455749486432
0.04924716357956897 -0.006709597836469486 0.1697540625015336
0.05456893859057241 -0.022418862715852417 0.17693775737767914
0.05585546931641234 -0.027721563747448805 0.17651119561897227
0.05759626529466768 -0.033576259712184295 0.17563627607350482
0.05948586064420925 -0.03892316928335904 0.17477886544615373
0.06179117540697668 -0.043508871846636 0.17389870416883882
0.055008036511720156 -0.027584881707086003 0.17841068836359625
0.05719463985422254 -0.03396995032858374 0.17700950580923946
0.07151767899193724 -0.05305074588248225 0.16866473118959693
0.05340070770815747 -0.023618792060468 0.13588686796793153
0.05490821119649731 -0.02800957606512233 0.13023462288254542
0.05684654937707575 -0.03415992094998236 0.12919065510843664
0.05970354960750793 -0.039728637343308795 0.12973801977403254
0.0635176134105588 -0.04550324742861026 0.1313489467327937
0.058642712783934695 -0.019296014619458065 0.15276651091499324
0.05977508537608932 -0.03014304059987816 0.1443250889952387
0.060752657126908374 -0.03353438676267012 0.1433967003926466
0.06145462912022817 -0.037606336065144665 0.14349822845667187
0.0631033366329591 -0.04131613386703555 0.14432933535001638
0.06597215581392271 -0.04438850137585195 0.14636826603666142
0.06889987802188052 -0.046739227795471315 0.149927583310756
0.07185895678205301 -0.048896341815036 0.1550211756876122
0.07281491058057939 -0.05009228874447877 0.1640696351097279
0.07018290168891164 -0.04883837148818678 0.16566523379987805
0.06769058082690842 -0.04616680627720202 0.1662585967287917
0.0647145836739943 -0.04266082275861393 0.16684220324225413
0.06278946458158075 -0.039235287580338736 0.16794011745329937
0.06194930300581109 -0.0360345669564072 0.1690618174514287
0.061229989748983894 -0.03222598155165829 0.1700085093977368
0.060782213585021755 -0.027702396584353754 0.17071991580716575
0.061208841244076884 -0.023282392841238755 0.17099820009726335
0.06164111208320981 -0.01999066217816644 0.16956240239250925
0.061729712918670486 -0.01768419811104962 0.1678467050658441
0.06266029134808378 -0.01619878794149789 0.16653235135159986
0.06217783503983202 -0.014858624757623382 0.1650951826690229
0.057662162324113905 -0.016175884216229126 0.154540471464544
0.05662641003804375 -0.01683366384056445 0.15114283445222587
0.0577471047135408 -0.029692753115363735 0.14130675639521506
0.05903919661439786 -0.03412448136512544 0.1400245736799006
0.06071451562371418 -0.038280666005721074 0.14085488653866457
0.06266911077214558 -0.04223206513567453 0.14225556002851383
0.06534882573250952 -0.04567884936133024 0.14439782134631218
0.06842474637134274 -0.048095749269547496 0.14726635861788018
0.07214979651161084 -0.05029101817168123 0.15144887596935627
0.07446711764998709 -0.05228878244316419 0.1576992108368184
0.07536977259287696 -0.052866120020962686 0.16220119188176838
0.07430971790617734 -0.05240592645966988 0.16470344419174526
0.06468199826845064 -0.04384802990789611 0.168909125974745
0.0625167276920795 -0.04046169732273215 0.17010813501429062
0.06099850343435495 -0.03729310683865672 0.17100393500307415
0.05995663229220407 -0.03306212759143019 0.17191534176725876
0.05889090903374688 -0.028039640212135158 0.17269455166683417
0.05887285156221149 -0.023175996475239068 0.17315289273177173
0.05943033617469249 -0.019195063369082374 0.1717970532642394
0.05894899827050476 -0.016119294457721128 0.16989026196257997
0.059029412260740245 -0.013825179263311872 0.1681171880046479
0.06424102248683171 -0.04545075794727034 0.1710282551671146
0.061777222216044904 -0.04205489486164572 0.17219832599121684
0.060016153214729334 -0.0380856002722305 0.17319699397126603
0.05850752289392797 -0.03330724351640323 0.17396450046776368
0.057056557107459764 -0.027884668815855607 0.17456657189662836
0.05636784611548859 -0.022658623932746216 0.1749509090835606
0.056691109319746705 -0.01838909283891369 0.1739926482038513
0.056463275315708966 -0.014866369264725744 0.17217422571790808
0.0611701958965344 -0.013667836903253962 0.1629451485646127
0.05652347805401916 -0.013234883054550482 0.15813039338318968
0.05668612912417268 -0.028841700881886197 0.13889605493547336
0.058484313989425926 -0.034241431747447273 0.13788750290452872
0.0604767039123137 -0.03886322720163216 0.13890451209909202
0.06256708877229478 -0.043054479068858856 0.1404308927049665
0.06520195751891598 -0.04672558218366239 0.14241586949340765
0.06866769612095433 -0.050026382723676155 0.1449587943967633
0.05360491538350495 -0.017446596410052747 0.08079912296155352
0.0508545990727549 -0.013276770562233186 0.07700328142845773
0.05053327962110692 -0.011398580802387065 0.07637326464305264
0.05102858662572072 -0.009308928497190137 0.07641963687812968
0.05032785135371096 -0.007209837608554866 0.07583420779394588
0.0502504265764841 -0.0027201798408297974 0.07577157098310283
0.041334406805440246 -0.017352183815355554 0.1001759717456442
0.03786785070257903 -0.013131233726666823 0.10341274620098333
0.03692846691910449 -0.010695205237511681 0.10505676602629184
0.03531138990958011 -0.006503834795286169 0.10663782774891611
0.03379510420328562 -0.003912653488693184 0.10451798884468454
0.033715644145690025 1.7115162350530573E-5 0.10455721715429059
0.044559697868652486 -0.009634761463204435 0.08141964309832847
0.043525556042895756 -0.008018203078325264 0.08029200415599962
0.055365309366962615 -0.030985421595643707 0.08729832792395144
0.06721875509810823 -0.03312861638319703 0.07502226179947266
0.06697593624336019 -0.02872102458671949 0.06429780937890875
0.06906364175336424 -0.02884141000371618 0.05847758920186002
0.06468267325555771 -0.02617345854684316 0.06087364703263486
0.05380561700126565 -0.028529047086585848 0.12625993516934586
0.03772331602604248 -0.01743890338406134 0.1310691934355423
0.05195088094031352 -0.009865286068813926 0.16564888456405047
0.05348168463352896 -0.02252617354518453 0.17909611607370554
0.06225276299922228 -0.0206783285452486 0.1539026168685661
0.06312601669386096 -0.03003533410442373 0.14938041477765399
0.06357930172124787 -0.033514956450210964 0.1486584130803853
0.06428771814104753 -0.03694119608654173 0.14855958031971747
0.0660169354419362 -0.0402736382912715 0.14921250091285118
0.069263046236003 -0.04358849439520506 0.1514479179906273
0.07092624107188075 -0.04579121672553829 0.1553573419607041
0.07146693264322836 -0.04724318658308793 0.15955994168000737
0.07122197721188446 -0.047358591393685597 0.16208935408965747
0.06926236496605995 -0.046478932849138725 0.1633316713864316
0.06727825732364719 -0.044221641545105383 0.16372765696018973
0.06511907005683136 -0.04097834217115993 0.1640522389231614
0.06328828225007781 -0.037609965201838604 0.16489179752399344
0.0620072511449416 -0.03439111073149508 0.1659894147221888
0.06130878573512779 -0.03027488812483941 0.16718452734536177
0.06242408600291793 -0.027556307785896104 0.1672829070827671
0.06325057510050607 -0.02404447505684204 0.16716896451655283
0.06378391633043075 -0.021052601704034536 0.1665829219988491
0.06398623179690453 -0.01893676463304907 0.16560746603501147
0.06408530874488047 -0.017593731026219958 0.16472971449585555
0.0638252689251528 -0.016799659014150255 0.1636756191912691
0.05935418775509896 -0.01861195223138318 0.15439568635530218
0.06377524099551334 -0.016661371316785297 0.1618102220695301
0.06222258065929987 -0.016473950812489015 0.1598569369251014
0.04939634819747099 -0.017223603371595283 0.08447244369563012
0.047881917632086095 -0.01273583719133778 0.08020836552784161
0.04740560861155726 -0.010647554235644785 0.0791376159653278
0.04702783671301366 -0.008761054140261855 0.07828170703472821
0.047085958840749294 -0.006329290136968613 0.07838923322552413
0.04578874824130148 -0.0019233178013335005 0.07840805552071381
0.041506226766572944 -0.01639098590286804 0.12655647878060006
0.06313044966156847 -0.018948212784850513 0.15669888515220015
0.09849110243319471 -0.030782267436710743 0.04378936568936898
0.10110755938493232 -0.02842061483327828 0.04933131386783739
0.105709351 -0.0227247095 0.0641484429
0.11978828050707928 -0.0530311462139716 0.06404136050379504
0.1192672248140648 -0.05593654137008076 0.06288701240008407
0.09738772187812435 -0.02381362765722368 0.038888870623615276
0.10108614649828042 -0.030300874002096426 0.042227027396806095
0.11465768262212703 -0.05020795530603869 0.056273677960006464
0.10102398055356371 -0.0210875489632605 0.04383765867426964
0.10544978851371536 -0.02844971378788112 0.04697681323664021
0.11587998881414799 -0.04729152205581657 0.05789628880009117
0.10913780547131484 -0.03430877047601083 0.05045455918614024
0.10530498372528829 -0.038371744492412686 0.04523659745399036
0.109094856 -0.0177499979 0.0573265062
0.111284596 -0.0226131838 0.0599013136
0.1132167 -0.0271440924 0.0620525799
0.10412017262044226 -0.0027851732134168803 0.03156715067505223
0.10557458790655382 -0.010317037623762989 0.03229114872571561
0.1081821029465482 -0.014527594826200939 0.032238478634412704
0.10912904930903375 -0.020687534219141972 0.032131449530066934
0.10836060063086268 -0.029795780367533324 0.03388858234215454
0.11225915463544425 -0.037393267694358724 0.03739854119887993
0.12100056660084348 -0.05119247287344259 0.04668192058282069
0.12759719443906467 -0.056804832981824045 0.05433574428250505
0.10644482018289429 -0.0028729791779600693 0.033508677982992355
0.10718997534161959 -0.009693813897807976 0.03360582781609751
0.10949101754454148 -0.014503457024161618 0.0342242433478684
0.10939767934276967 -0.020704718735391387 0.03386124629535017
0.11070628247211778 -0.028855425601913523 0.035217157119694885
0.11474226088098911 -0.03626392971595152 0.03828891504160811
0.12332594735126029 -0.0493723515885254 0.04703159054745116
0.12874926589248037 -0.05570463688253495 0.054081905501696545
0.112707803 -0.00345619488 0.0375315924
0.112731086 -0.0101689662 0.0380310287
0.114231206 -0.014356434 0.0385360905
0.11594587 -0.0192409865 0.0393644417
0.116974997 -0.0268172452 0.0413490399
0.119693886 -0.0334390198 0.0429918746
0.127291199 -0.04538714 0.0480401271
0.130691863 -0.0511600729 0.0548908598
0.08850256763920922 -0.0025864179590543283 0.03756049854456594
0.09039986513501386 -0.010393542827880001 0.03871269617287333
0.08706785685757591 -0.01496634685141756 0.04008003440638186
0.10467934777134923 -0.06252857362486743 0.08453870800742633
0.10492133164309285 -0.05995149474954603 0.0851597999038783
0.09131448799900667 -0.020807302853423408 0.04526728993333287
0.08952385745960509 -0.023389412997829057 0.04080358757085255
0.08597913859789522 -0.016274439820396905 0.0369319301151126
0.08348001351218245 -0.0026314805314757105 0.03829219343540651
0.0833990057065367 -0.002707646478557675 0.03617638799166537
0.08548022505579035 -0.010108398793354373 0.03903509661067066
0.08419265344769845 -0.011087338195406093 0.03633798806215494
0.09485895488262146 -0.03248451941432539 0.055111068394607186
0.09266388370237287 -0.035709525506628606 0.050476784303542015
0.09082174634657893 -0.02642927008103914 0.05135444988798658
0.08806461692655536 -0.029015334595900395 0.04497894460114214
0.08618180386998744 -0.045085037944246925 0.06754314602297924
0.08901959968468631 -0.04271889546257608 0.06977096760625921
0.08337693701281748 -0.033323772949110195 0.052255699523408104
0.08788631677871049 -0.03452572732410695 0.051109302819258594
0.08549999292194652 -0.030434128635640063 0.05586660019723305
0.08967757909386344 -0.03156119073483724 0.055339419764491415
0.09063619905242473 -0.04661037583775141 0.06599151586552358
0.09495089582942204 -0.048103331456767186 0.0641088371332437
0.09295218241891622 -0.043785180535221735 0.06806368730216505
0.09681977371439575 -0.0450181575917775 0.0663958505011418
0.0792438682989058 -0.02575424860164731 0.04822323321844363
0.08342535629072838 -0.02767590924793969 0.045844981727911696
0.0814579300021225 -0.023457921283537065 0.051816074747554064
0.0859247588918917 -0.02519324713542616 0.05116722673142904
0.07466675455743346 -0.01911196398148316 0.046695090836253776
0.07934512491107883 -0.02080382080875969 0.04390472363854508
0.07645853576370672 -0.01762614771281516 0.04934667812568705
0.08135064082510145 -0.01878771817892456 0.04740579567725032
0.07049046330259331 -0.013398437114477451 0.046339867914884814
0.07545500922661867 -0.014167438211536503 0.04311060886864461
0.07249590445014249 -0.012800967203519817 0.04781319663432075
0.07702227789351844 -0.013393188417559678 0.04488175713055301
0.06875306496588374 -0.009858773675489808 0.045963669877466265
0.07351638147152613 -0.010120223230368536 0.04279639070286791
0.07073411215936512 -0.009267128772841662 0.04763424957755105
0.07511133113886391 -0.009526977709089552 0.044564344378847494
0.06707842009963454 -0.002785291536119643 0.04560013622432987
0.07143994661838954 -0.002830994619675923 0.04263614163703034
0.06841156387364512 -0.002547544133900721 0.047256002651284344
0.07268423243283087 -0.0025173329190885606 0.044496118148827576
0.1244774710774109 -0.05603784201387499 0.07639968537033537
0.11944660185796598 -0.05832787053438712 0.07857563885129258
0.11236763412471802 -0.06016027862692644 0.08169915717694391
0.12407621713390496 -0.06308085616488511 0.07424081853923052
0.11900093310694393 -0.06265839078463618 0.07736186724754696
0.1123380048152785 -0.06314973004518759 0.08065739896605248
0.08613394734967246 -0.05928706891840842 0.1411666825517324
0.08214006523891665 -0.059282717007399975 0.13352317023709262
0.08430989299919821 -0.06261522744453 0.1404889807298419
0.08099119138146037 -0.06168958081372792 0.13217222856113173
0.07902952866755229 -0.056128413934725986 0.12484815583469411
0.07801314531953273 -0.05817790237368979 0.12405773739954815
0.0915124998 -0.0530353094 0.145100049
0.090552442 -0.0513560447 0.13651442
0.088371441 -0.0446639562 0.129657007
0.07469738642291004 -0.053619704793508235 0.1471194870664552
0.07362783071163517 -0.054513436864709865 0.1469012477532384
0.07959891287700474 -0.05748654664657759 0.1514898006992337
0.0803291460396026 -0.05631028955085431 0.15180023820702485
0.07561315733775073 -0.05625559541941509 0.14530536192326832
0.07620537388599231 -0.05504266852666425 0.14556258060435803
0.08208189396691945 -0.0581797799144829 0.15932786056228695
0.08290268898428339 -0.05718907488767686 0.15931949358243172
0.07743424433289582 -0.056263225241405604 0.15304123701300612
0.07827235886004259 -0.05548217842663021 0.15322707707908345
0.09350579798541618 -0.05836490125725982 0.09154980127666267
0.0988704739111338 -0.06035087539958731 0.08845990104653552
0.09649133454036042 -0.06752010958040462 0.11506254343160686
0.10192628893678236 -0.07088805198004243 0.11238993845224587
0.10003413160771357 -0.06887457683030733 0.12604370482268276
0.10503828957340977 -0.07259006270257011 0.1240325591714436
0.10314533621264627 -0.07063174881882042 0.13612588625393401
0.10802331675892937 -0.07382214121683242 0.134593100381477
0.09956258263601112 -0.058259467929003717 0.08866312680685759
0.0943423539300095 -0.05649106953597873 0.09193639013828296
0.1031136709926946 -0.06790345766776032 0.11313247992758528
0.09797444981327687 -0.06539217769362311 0.11545005999496308
0.10576795992049781 -0.06987174868827367 0.1250037237001201
0.10077825504138078 -0.06695116249491194 0.126866638614203
0.10871039097530286 -0.0709836194505832 0.13539684358085316
0.10348207586374839 -0.0685299322472805 0.13688675430150274
0.11604194029293427 -0.07267821187812153 0.17943847792555004
0.1218014027625018 -0.07409879430994276 0.17901759078255408
0.11650628694970425 -0.07106348285408219 0.18030823907125607
0.12195398404223634 -0.07283131305678833 0.1797995797540386
0.09470095869136057 -0.0645970807544362 0.1392225716214352
0.09377200191349129 -0.06665299636158124 0.1385523808818179
0.09180028804095343 -0.06307111552792735 0.1299395800529249
0.09093838238244914 -0.06468476256054863 0.12934214941754607
0.08880521933046305 -0.060744371504954466 0.12004619880611189
0.08783250149709976 -0.06250123333721916 0.11948037295347243
0.07959056872063865 -0.048986749539763265 0.10015338079408119
0.07935125985131912 -0.050178317986568154 0.09969718796053713
0.09957638642262355 -0.06720411098283065 0.18078715750620003
0.10507390499357491 -0.07007200540692217 0.18012947223771394
0.100549515 -0.0661152164 0.193806999
0.106434941 -0.0687339325 0.193603114
0.117944037 -0.0731095366 0.193466301
0.124171245 -0.074578448 0.193308125
0.101319931 -0.0651860893 0.194173689
0.107107971 -0.0675507616 0.193902823
0.118330185 -0.0709492306 0.193944896
0.124408991 -0.0727700344 0.193885301
0.10040521068600923 -0.06459034501997356 0.18153967160827675
0.10575364609445817 -0.06721713752040538 0.18139819584235728
0.09047660392777684 -0.058994129269410105 0.18281564122214536
0.08968421034943885 -0.061576670933863466 0.1823941192770637
0.08230871025852636 -0.05527918963480952 0.1822073997927872
0.08071878669614227 -0.055760034193015166 0.17471311309335946
0.08184643244341439 -0.05699819298695409 0.1824023352308121
0.080130872650066 -0.05725926789377016 0.17483068675297722
0.07832611935430217 -0.055411066518743425 0.16550456901942578
0.07743383911759065 -0.05641280188163191 0.16530169819372953
0.07233458315327382 -0.0525079183610251 0.17748377530807719
0.0708784064374286 -0.05175309653017269 0.1752945077970434
0.07165244111120898 -0.053811818610223355 0.1776273401350455
0.06996582897201008 -0.05286240572569374 0.17490332626235672
0.07390607596185939 -0.051779257566575254 0.18409564047831256
0.07319165432292268 -0.053016973629506914 0.1843894854022568
0.06580116085545454 -0.04582512701526732 0.18455928139624161
0.06501619691311494 -0.04613067954755202 0.1804406186322948
0.06467813810279814 -0.04739080270014138 0.18492960702564792
0.06253188225130557 -0.048011659335074335 0.17914450022346984
0.06428708656601172 -0.045012883510837265 0.177902065438709
0.06240637613208412 -0.04665419183157762 0.1769077275126955
0.0550286417222119 -0.0326665524265991 0.18673250960353277
0.05674343238845843 -0.03132248872645333 0.18632498026529498
0.0579074238 -0.0261303027 0.195433057
0.0567394266 -0.0269555816 0.195991766
0.0631089236 -0.0356515702 0.193717151
0.0618023248 -0.0368996185 0.194415476
0.0678369232 -0.0447339104 0.19365821
0.0668810604 -0.0459508885 0.194294179
0.0752830515 -0.0507657232 0.193762686
0.0746472989 -0.0519346249 0.194407402
0.0833377727 -0.0552134163 0.193714467
0.0829064075 -0.0565160704 0.194359518
0.0919173196 -0.0584684754 0.194614513
0.0912822442 -0.0598907437 0.194134543
0.04594184083044654 -0.019990725774157808 0.09837799966826243
0.04704718030703947 -0.018425555863918416 0.09653299517532274
0.04507698394873103 -0.02072854146479307 0.09802513298055907
0.04660710190153175 -0.018390089345687286 0.09533186869742225
0.0491818354177251 -0.018065135162368396 0.09486282406231704
0.04910987682243556 -0.01895810042927172 0.09494252998709757
0.04983458785448764 -0.01678092622936558 0.09391511888548784
0.04909177625016696 -0.016746340968511252 0.09085001413477466
0.050931715511325526 -0.014568026272749774 0.09076369259302962
0.05187403517665526 -0.015726237322155636 0.093922740195929
0.0530836568559662 -0.01626679996843292 0.0882557092678642
0.05127815139661053 -0.0182832582199502 0.08755043876786953
0.054318148905719635 -0.017180163970418078 0.08986179645472121
0.05300990317795725 -0.016022046835517518 0.09305135853319985
0.05274440164420026 -0.018445940476795868 0.0903479250610261
0.05068159682129932 -0.016885669722653974 0.09317036629743572
0.04426292688163409 -0.018769283373126913 0.09909493875636334
0.045482327531135174 -0.016839441901892988 0.0968617059488986
0.043127026194788955 -0.019367603231982902 0.09863667709754083
0.043749377959417725 -0.01757881280631959 0.09553037484400839
0.04698878886830258 -0.020751354725139008 0.09807397517231663
0.04811963623357672 -0.019870735007084195 0.09596387077445351
0.04620597926159008 -0.021204209529852743 0.09760439697135943
0.04692875568588768 -0.01988393737203793 0.09513926105848675
0.05033403004156267 -0.016704606039550887 0.09614972672753057
0.05092628041744728 -0.015471217909920357 0.09722447425424867
0.049618566002566145 -0.0177834969927299 0.09426161726015206
0.04972534830266937 -0.01750238371145048 0.09433722704536725
0.05163578640866916 -0.017761698437394387 0.09533253504620988
0.04982323277444544 -0.018835530905288646 0.09525902853736448
0.05011901354126087 -0.018763138037442104 0.09675963856740911
0.05132511302299166 -0.017832130295431226 0.09619869028172813
0.0519758973057586 -0.01779793539831025 0.09468292551944885
0.04951647327370643 -0.018715149858551487 0.09510553984739935
0.05006872544046478 -0.01870632819895189 0.09431591640042805
0.052655663820892915 -0.01767075928599488 0.09430043330296678
0.04529794119326886 -0.013670987225323197 0.08607267138658989
0.04900758346386251 -0.011330949891566279 0.08699977074320694
0.053789879337235925 -0.009283614670427572 0.09079329295753097
0.05820027341412911 -0.011395011752678982 0.09325121720273402
0.051692673615086726 -0.0033745351761333975 0.08672541933792711
0.046477534793161156 -0.003612848845515007 0.08324978828832262
0.04235110807493031 -0.0041583028304757325 0.0803514363734438
0.037874426659162644 -0.013555637909505173 0.09884800059662581
0.04073429898873446 -0.013155699044461545 0.09830544066541189
0.045116445566813636 -0.011722828609550725 0.09988976965534772
0.041768845154517016 -0.01458858739782955 0.10166122545237977
0.03926614310987089 -0.015121312640436766 0.10280395736318601
0.05163138445713672 -0.010131365943420899 0.10440827995429532
0.04085180807686983 -0.016080377073828943 0.10490196242463927
0.04189253202871875 -0.015980423861625397 0.1050311477303986
0.05254204017137275 -0.011860972128142896 0.1081113207747828
0.03962415348717631 -0.012227311388181507 0.10024514504921636
0.04118164973742645 -0.013894603645268436 0.09974743370808693
0.037035917020277545 -0.0124472016732191 0.10191898786977024
0.038316719684675975 -0.014460259496489524 0.10036526067231313
0.044492983229776614 -0.010249501579136532 0.10075150198531546
0.0457397416583323 -0.011827862339891497 0.10100884986688236
0.04338639073461874 -0.016456035954449427 0.09852139606716866
0.04092214026356291 -0.016322192622576014 0.0985678068045758
0.04722362450237289 -0.013629450231121368 0.10065035658943854
0.03440532017017752 -0.008135837928523924 0.1019604142716148
0.0371390720775426 -0.007425355783492256 0.1008229094015855
0.04088352907718047 -0.006660218959469902 0.09934659018906031
0.03581517244491601 -0.01024894300412774 0.10347837409823607
0.03830248803857148 -0.009928536875386047 0.10170657068035717
0.042895464128914776 -0.008607012315574472 0.10056783884005187
0.043316982520235005 -0.018542175180800893 0.10862410105238778
0.04464199780364654 -0.01870684724348174 0.10924490460389098
0.05554992917972684 -0.014921357994061971 0.11376522344147921
0.03803790755185536 -0.007938340079786428 0.10401180083668259
0.03583326456655636 -0.008691396449736903 0.10605182298411103
0.04812270813458347 -0.005913450306652334 0.10194727892562064
0.041406923063127515 -0.006439326016040796 0.10042100048543473
0.03765968556738619 -0.007596465780665432 0.1024798748742362
0.04087883489239108 -0.0037995307763419206 0.10012466537288246
0.03672421977602845 -0.005289171059274925 0.10239605071195225
0.03530986201345109 -0.008716460970144446 0.10418139976165561
0.03406447143086735 -0.0065353599347410425 0.10451364208080982
0.038909961692379556 -0.007736108642574352 0.10854712765061712
0.03726748171484546 -0.008781098586936436 0.1089271330181004
0.04960866840420137 -0.005986416945985136 0.10577745524111998
0.040356914392505716 -0.007994808499319127 0.11208082809794072
0.038194235520838296 -0.008094411366171792 0.1128043935648844
0.051139676103139395 -0.006284857458573102 0.11046187547660771
0.045216980479054564 -0.004077431156141208 0.09938990564898943
0.04436522136469879 -0.0040210849327989 0.09826118884286497
0.04347736603457242 -0.0033151634006549926 0.09703266143642021
0.042967747956764606 -0.003021050229193263 0.09620126169529586
0.0406404416296563 -0.0033949160920683564 0.09486589027881648
0.04697944645441748 -0.0056379255912592215 0.10029345580023652
0.04602408289358496 -0.005548658812591625 0.09886777354421379
0.04527644185141824 -0.005507312511897026 0.09792694816866222
0.044291327576545546 -0.0052856234361267785 0.09698552382745657
0.041884368690515955 -0.005245878494176192 0.09542898506009086
0.04369535763067691 -0.006442581065383639 0.0960104466675883
0.04869913460868504 -0.006937105786368022 0.10111562751010891
0.04774698321399042 -0.006817214858731608 0.09976039265953042
0.046732754997373255 -0.0067612527909575604 0.09862370667261998
0.046028019930763574 -0.00658280341279119 0.09770091890945105
0.044990449438494916 -0.007765281474631751 0.09671743041345515
0.050145987699644 -0.008736664711989087 0.10230835911301779
0.04925402490813369 -0.008501902284200166 0.10096721103676483
0.04844743698216213 -0.008209076070269212 0.0997464487369674
0.04756667763146998 -0.008007071416473121 0.09868371163711225
0.04733140781294542 -0.008813434546362523 0.09780017887148654
0.05141300110910412 -0.010042095067368273 0.1029029378964517
0.05090862947078243 -0.009772974270210264 0.1017047695060975
0.05006876528412926 -0.009435954700099069 0.10074872427117056
0.04926406644443298 -0.00924507180358758 0.09974185969325909
0.04987171863553045 -0.010565923481646101 0.09873869048565144
0.05221295951122563 -0.01143188012286048 0.10300708622682714
0.05183183564621342 -0.011205016915294479 0.10180334530104135
0.05161348431227555 -0.01089588559160748 0.10099084328299694
0.05128702540588463 -0.010513582307843328 0.10028224270719947
0.052905032775919215 -0.01229747302376422 0.10630836392202682
0.05207376355688295 -0.010635775109927078 0.1059943444463888
0.05100881775644648 -0.008997893110239083 0.10587846454410467
0.04985483262984349 -0.007200454851062396 0.10394569120723161
0.04910869983127445 -0.005487417904690976 0.10307032148210642
0.04748577533967894 -0.0042760279628204865 0.10215094046629089
0.046505750557215036 -0.0031073183472074906 0.10168920746009871
0.03600268537088844 -0.0031145201498768886 0.10091784896791814
0.03274842417116863 -0.003479930511951032 0.10279022911226753
0.03520422108203345 2.759027766607955E-6 0.10109388851816167
0.03213955966904515 1.023850942405158E-4 0.10258519313682982
0.039154445318843475 -0.0020132170712552893 0.09915935853700347
0.038328685761963015 -0.0021417349990029175 0.09770103188591525
0.037765123217221794 -0.0021896741354690812 0.09654309171898257
0.03720884811817532 -0.0022783587580983197 0.09532556342007782
0.03663648175325908 -0.002215903185436313 0.09408034549043644
0.03985840197506503 -0.0019480940191610313 0.1002517078474725
0.04486646469290353 -1.5964975970661263E-4 0.09960517030569478
0.0461031843850199 -9.20757760854068E-5 0.10115206939891566
0.039497890640929234 -1.284194674627439E-5 0.09876214134774505
0.03876174815887045 -9.009361394464194E-6 0.09745752933472432
0.037855775348173776 1.5278173619571817E-6 0.09633967643276005
0.03718379862987327 1.087465867366048E-5 0.09516037175186545
0.03614773955760998 2.297326733198108E-5 0.09418389510117585
0.04022943733948167 -6.163752636164182E-6 0.09998258567169051
0.03928954534555954 -0.0011450904461592117 0.11292433116091027
0.038230898009053334 -0.0013278783003055406 0.10878482423171437
0.03711393594852031 -0.0013502771518646161 0.11433777100814418
0.03672030789937634 -0.0016468465883494098 0.10947668931307147
0.04991276243664825 -0.0017848713833102465 0.1088204173507735
0.048854695316022226 -0.0013316760887893764 0.10455937354753281
0.03622491179712675 -0.0013716332137937795 0.10267982836020922
0.03357871156026379 -0.0018878358229215788 0.10451987041137939
0.046542311061581534 -0.0015177197666813446 0.10121682873678065
0.04546977456453914 -0.0014243178578888119 0.09976975133538488
0.0354064192558954 -0.001331214342540096 0.10016599026966899
0.03225675087445762 -0.0017851027252172105 0.10245535632519923
0.03492665697800109 -0.0012416064674181321 0.09930151306449493
0.031413460065829776 -0.001536567489600206 0.10095441565630524
0.04023468023363311 -7.400332184028421E-4 0.09992983746297679
0.039490077017321684 -7.670056316797674E-4 0.09885944944757882
0.038554932482247624 -8.089070451797387E-4 0.09733202273706494
0.03796280370709384 -9.267617160609606E-4 0.09617382408108148
0.03708580603048215 -0.0010043308492417048 0.09521480850618269
0.036162246686808106 -0.0010740265549161047 0.09419769442339997
0.04231089497900564 -0.00215660640582122 0.09533869513938485
0.04458632943490725 -0.0027753801233102813 0.09876069131867321
0.04361197913988494 -0.0022500881469507314 0.09738058510236744
0.043016681465430806 -0.002157950564040164 0.09645047480990357
0.0397343807519916 -0.002219289171581722 0.09451799278140868
0.04166378190611451 -0.001208174633381081 0.09469330757307665
0.04444112227285316 -0.001376374456854181 0.09867925031214089
0.043183685515527384 -0.0012834288661311291 0.09706913391186069
0.042529942702057656 -0.0012238058673900442 0.09598629475657884
0.03884993218440021 -0.0011888527969863567 0.09370730551437784
0.04070608690941417 -1.28506200983225E-5 0.09470813891308176
0.04372626378475379 -6.147811370245546E-5 0.0983414166095152
0.042660270681567296 -3.679589429763078E-5 0.09677319927544865
0.041735140145016815 -2.476739829933793E-5 0.09579356570364114
0.03898493083139978 5.5814569388493065E-6 0.09374093739366299
0.05287375845369203 -0.013591058820290167 0.09752684909673433
0.05566862037118144 -0.012793706421073858 0.09602879988414398
0.05162453036086366 -0.014373160103572261 0.09831296331945638
0.05840069135263788 -0.012948019089476967 0.09517815115446267
0.05989227969471737 -0.013719954819885282 0.09438669454855525
0.051495217037183544 -0.013529329930400975 0.08488335374910828
0.04838535856407615 -0.0151396532419283 0.08193233342379878
0.049649617230531115 -0.003138597320727476 0.08136972850204378
0.04690085507367406 -0.003958794328486829 0.078648629717965
0.05811729622271766 -0.01150301663575358 0.0898910775185941
0.060255401578030124 -0.013849424656600086 0.09172996151659081
0.060440119669564495 -0.015386991997578025 0.09275183870727813
0.054092554267726564 -0.00348272777908997 0.08560479169452287
0.054731928758344886 -0.01817896585935947 0.0914114697118758
0.05375147449553952 -0.017687241624319165 0.09358975720510646
0.053109674515125306 -0.01881388039457249 0.09169440444488226
0.05073825078781021 -0.018741909563851855 0.09353815543736567
0.05232139044439017 -0.016381283345519703 0.09773416170689128
0.05369219175871062 -0.0144572231949638 0.09773846808570054
0.056259672528912966 -0.013940255394233055 0.09685094286993474
0.05848952029505099 -0.014205906111132914 0.09608529438543194
0.05969029757133586 -0.01529094037956257 0.09499829337397193
0.06403570216778509 -0.014674547123058901 0.08924546215164086
0.054708055847373684 -0.014819785941521469 0.08134104935203237
0.06034336833907026 -0.01676056684220622 0.09427454998569593
0.05040265899074774 -0.02050845282768189 0.09325677871552852
0.0532207632654873 -0.019323508572354618 0.09400487891633971
0.05032768560594604 -0.020522984764705585 0.0935788407837853
0.05251537127219349 -0.019540260345453767 0.09443204977668358
0.05046081485802053 -0.020440267466626347 0.09391562187937308
0.05284714930744023 -0.018808932808929354 0.095046566256656
0.05081713279825909 -0.020170184463869572 0.0941843019424199
0.05150593160203152 -0.019573861876263764 0.09498684041599192
0.05355765638457328 -0.016682777676550912 0.09734857779480231
0.0549692113166705 -0.014847757068855195 0.09811796945246243
0.05576789440545796 -0.014645308008382804 0.0982877564879045
0.05686957636473454 -0.015231288278443385 0.09779799704842657
0.05914649783197689 -0.015507693409609688 0.09661666421847015
0.059935436138605754 -0.016876957606021124 0.0964271482764555
0.04489499649383764 -0.01791511709559161 0.09803985095035618
0.043872690330272364 -0.01837175552502198 0.09700741426800749
0.04634577996047595 -0.01905412470129499 0.09751497192722178
0.0475570410714474 -0.020478562599799625 0.09680116611022321
0.0457416096609224 -0.01957051607251688 0.09673930341567427
0.046666839961001495 -0.020668604340837383 0.09625205729654558
0.05099244027263941 -0.011923621658672754 0.09904313866022282
0.05186921833144775 -0.011933329936719432 0.10048720849900433
0.05195328585480536 -0.011940880540150899 0.10116284023617987
0.05204067658713518 -0.01214222586183753 0.10194314454510126
0.05239839315566281 -0.01231173120447435 0.10330374941296372
0.052834233247063093 -0.01255510592419728 0.1049308592531463
0.04825787790646488 -0.01470370181914574 0.0998228433815355
0.04840670441391957 -0.015013916467519345 0.10071552205007692
0.05329218279107668 -0.013501503330048233 0.10600886237290413
0.05160142767794965 -0.013224851067376118 0.09859485296372872
0.052194898520582934 -0.012783720635588199 0.10028093835801127
0.052349829075015425 -0.012984673102311686 0.10101148742701084
0.05272186159721758 -0.013564013471855917 0.10204509871238282
0.053764122060310456 -0.014688741248958546 0.10365028054208071
0.05452161927546877 -0.015102002678144691 0.104972045572874
0.04974463601881603 -0.016118918303629017 0.09968741680251192
0.04959254924572098 -0.016497240581266438 0.10056805245683258
0.0549007486800347 -0.0156784058605279 0.10560474412747799
0.05187652852634543 -0.014559899496260688 0.0984153541808282
0.05270345881144956 -0.013512296055679197 0.09995933708292833
0.053065503525355384 -0.014045143918780225 0.10094913783488615
0.05492962535368458 -0.01577129894240836 0.10259956029518194
0.05677152390764898 -0.01716728955783264 0.10411035181130958
0.05671956470898289 -0.01740402256899298 0.10473763542284828
0.05089557278091919 -0.0177150333898328 0.09944512761888939
0.050958879233442694 -0.017790347220020375 0.10044070958096703
0.05682543247271151 -0.017685951401862493 0.10514428947063045
0.051116627082573876 -0.01740722172748022 0.09866403746541721
0.05143691452222908 -0.016838503286032234 0.09814772017130613
0.049461069101316694 -0.01838369351204496 0.09500099840518744
0.05036484784794061 -1.646667057446878E-5 0.08915458559188252
0.048392379047304514 -1.985804608517714E-5 0.0899145395035002
0.045523084352852766 -2.8360204573525308E-5 0.09248349769126982
0.043319652650522476 -2.5611944495491355E-5 0.09308908670431812
0.05587626572448642 -0.0019175561805046728 0.08730392446427512
0.0534070798102746 -0.0017316361660009644 0.08902514318560212
0.051988331499022884 -0.0016165032662404607 0.09020669298681347
0.05011925948229569 -0.0016311774982014457 0.09123842386378965
0.04650261290097167 -0.0013051177707912095 0.09242181525276202
0.0433156253047342 -0.0012838150435266111 0.09377052039132014
0.056323738656277385 -0.003986915028730193 0.08790498074359637
0.05433403242840218 -0.0035090157461087766 0.08950528973046838
0.05253677624651331 -0.003218376742117237 0.09022137879944764
0.05000243814060894 -0.0026465875922779196 0.09134270169584503
0.04642883212904959 -0.0023648653261374377 0.09331264784646365
0.04222687460639445 -0.0028755944739932105 0.09405788994136684
0.05684285910452823 -0.005634572870126319 0.08794878927967205
0.054948319605521996 -0.004679094576908404 0.08993832126107301
0.052944170368255924 -0.004136963693440891 0.09083550113870943
0.049782015044249846 -0.0037281338117974914 0.09202767635835042
0.046309625560498086 -0.0035725359532720116 0.09363668501101886
0.042042434825453674 -0.0042470325092708325 0.0947256173951574
0.05724098320354191 -0.006239200706738763 0.08800067216522038
0.055361773432499935 -0.005575446078506288 0.08979151652282061
0.05261349389173143 -0.004510735967102137 0.09180672987639375
0.050105356354988716 -0.004578027657236419 0.0926715786435525
0.04635509581470311 -0.004682932079512983 0.09426014161805593
0.04278330733851292 -0.005721394931535818 0.09582138448644494
0.059368132885250426 -0.009456957946311979 0.08883113749122816
0.054551650572700734 -0.00537221405690058 0.0910508334580414
0.052330225735097234 -0.005596823312368049 0.0920278906806518
0.0503656837798949 -0.005134718764708698 0.09317664782119107
0.04681506582530412 -0.0055093121269186845 0.09497132804535675
0.04355963970994179 -0.00731345110588046 0.09603739322918572
0.05938457239322529 -0.010425380090430213 0.08962100868414685
0.05458691412391167 -0.007101033513182319 0.09113091132627768
0.05273916981522437 -0.006635717808284799 0.0921639705393477
0.050904648018995365 -0.0058061607540215365 0.09357408126968897
0.047996558083781844 -0.00646032998847876 0.09600051437894791
0.04422017538276894 -0.008815701958196353 0.0963532196810905
0.059898056262188935 -0.011606087226897247 0.09019122730598476
0.05638476166642072 -0.008475156505621688 0.09245407606943776
0.05395565381481934 -0.007925446288014225 0.09301357830080745
0.05231732925824004 -0.007186715388029993 0.09423825863578811
0.05020937622913756 -0.007857563263157856 0.09723773089561417
0.048088728135590716 -0.008991319995147708 0.09857250315512671
0.060878908292547725 -0.012590472730937951 0.09105250705604995
0.05774721980089109 -0.009693303560252848 0.09298240770415582
0.05550388827884068 -0.009207457490327678 0.09384709085901229
0.05393967776780723 -0.00854672861712007 0.0951112281808138
0.05219462332278639 -0.009486538594939545 0.09850331568270247
0.050510733953685515 -0.01053248504360952 0.09897467815839324
0.06183362208303398 -0.01369211561505722 0.09221210076384034
0.059261310316727406 -0.01145155768542869 0.09353798929900985
0.05804640449149013 -0.010040602574049205 0.09496132371357167
0.055351646309733014 -0.009428037287475547 0.09600793788610011
0.05284891806401913 -0.011351067406737308 0.09865853920419217
0.051537373715678486 -0.012369451845452002 0.09921490789674232
0.06185629430091168 -0.015423483496295097 0.09320405383272239
0.060952659324707094 -0.01287718962850077 0.09492103488104851
0.05915627514689818 -0.012094253147784964 0.09606037616803595
0.05627655922424253 -0.011185527117403931 0.09705839545227342
0.0532358984801784 -0.012787048103079218 0.09864010798442172
0.052405779966816585 -0.013585316970123771 0.0990380829546134
0.061729150064123495 -0.01624646651465418 0.09478499525276128
0.06068827499854089 -0.01421479757136715 0.09557998065198069
0.05925648384394981 -0.013315825924565209 0.09685643325592731
0.05692129178941145 -0.012799052430393292 0.09813443357745813
0.0541221521571073 -0.013127236566844358 0.09893454715941981
0.05298306946821026 -0.014232486317559582 0.09945542382158754
0.06127620537409313 -0.0157481526975642 0.09708805293417379
0.060518519084639254 -0.0147293166825488 0.09753468163841751
0.05945393975921616 -0.013898750657454781 0.0986614364602665
0.05770342200750911 -0.01323640131702724 0.09968674155688964
0.05596375290439382 -0.01321665982020135 0.09982227900785241
0.0537997351146707 -0.014570152668533011 0.09937434718684458
0.05118636982654258 -0.015316259955946343 0.07787208091133935
0.05959892969413055 -0.01846553838524481 0.0789714277572619
0.055193931938665126 -0.01936023275431138 0.07541861116021664
0.061005685731653575 -0.020832065414467395 0.0729151231806358
0.05879597428708026 -0.02165943615460527 0.07254676351645756
0.05980701489555699 -0.02371891491067223 0.08331830583179417
0.06271453748904293 -0.02691593246312153 0.07751758452686279
0.05812727343976027 -0.024987240522658608 0.0811941005506276
0.06116404511301347 -0.02768699508935328 0.07704343889835688
0.05552913768506162 -0.019833404848149605 0.08572969382779969
0.05394532444266853 -0.020713350314747428 0.08410191855473657
0.056097139770878185 -0.021066347578719 0.08743851185914918
0.0596220816957016 -0.025201736415154653 0.08502548115829027
0.05403893441052505 -0.022017618652389236 0.08608783081715844
0.05836432180170509 -0.026516630046021727 0.08303924415640668
0.06314251475785788 -0.028992049745522414 0.07941242780435782
0.061533927784291724 -0.029639647443519435 0.07847310222717974
0.05974825256137718 -0.0221656736408166 0.08189411133009954
0.06283452459573176 -0.02582745219997367 0.07595048288753711
0.05766092006252327 -0.02361520625991172 0.079414538429531
0.06073133457826011 -0.025968464596935803 0.07523568369754818
0.05515994571510018 -0.018522741593046836 0.08413967720888224
0.05357133110616963 -0.019367340212044355 0.08219168780209361
0.0646497579860975 -0.01706818665710515 0.09385228201889201
0.07162876335390951 -0.02203380250497427 0.09292056443002118
0.07706400955670835 -0.024318075377918344 0.09099889857568721
0.06472494443612854 -0.018142711191493747 0.09533061673221095
0.07205698452186278 -0.021874760809524895 0.09549047199766655
0.07743153303799696 -0.024707901727441743 0.0944454880351956
0.06431651402052703 -0.016336536806229904 0.09213511291496318
0.07093701691466202 -0.020981219509951785 0.0910717409523281
0.07593810276481776 -0.02335408072593452 0.08829978667895784
0.05007790208960891 -0.01848350146069974 0.09442362217785225
0.051916693296654305 -0.017147739915981768 0.09604480711949051
0.04984444858622187 -0.01928691958000113 0.09438803061251934
0.05204797895468812 -0.017401452535076186 0.09714758941435485
0.05335111499990313 -0.01408316219857001 0.10004428916015295
0.05223908477011931 -0.014715766855707533 0.0981812213958709
0.049751366085299474 -0.01902653871607726 0.09386267406353259
0.04989780745890968 -0.018797954094490452 0.09387491831282796
0.04938588634952951 -0.020060665559791593 0.09446653902279499
0.05200714288065439 -0.017889295861169892 0.09777771802007543
0.04927326264991928 -0.019556206677609697 0.09381993327926381
0.05376891944734332 -0.014548557364499842 0.10081528253643843
0.048974750397217 -0.020799806216104638 0.09477232515118486
0.05184321980532786 -0.018198336397652365 0.09848440289714601
0.048459083451774326 -0.020399999612927048 0.09414922534352214
0.05584059723034573 -0.016462577883465716 0.10236281813136341
0.048677635336260745 -0.02146968351599907 0.09547595170797729
0.0519856636248125 -0.018277229114127703 0.0994998483686384
0.047790227250588256 -0.02116915562373225 0.0945832139261032
0.0576773990613374 -0.018309957370875048 0.10315235938120565
0.04841612262796451 -0.021871939693620827 0.09645691345988877
0.05219353744446693 -0.01849136276998538 0.10041861163471613
0.047486251159063665 -0.021937324533014776 0.09567772127423038
0.0580751879425523 -0.01873320940653519 0.10348581113025923
0.04791725787215209 -0.021830404253765527 0.09755846314420487
0.0582912322676375 -0.01903958017346727 0.10403426863629542
0.04736266710921242 -0.02237895157558738 0.09681494988085819
0.05071626305064267 -0.0205479549572363 0.09454394258527997
0.05346814859629996 -0.01711969069831921 0.09779793367572923
0.04997614554699351 -0.02093511738412402 0.09387068146903607
0.054759197296686636 -0.014780979980532653 0.10033582374673482
0.05013916581986704 -0.021304821978326345 0.09425394059794226
0.053378923312302824 -0.01742757363190284 0.09805511754584292
0.049552361724041864 -0.02131978164375454 0.09378072869515272
0.05540383165347813 -0.01539484849058483 0.1008514053444692
0.049805298530479276 -0.0217862976637276 0.09431042704171456
0.053666322025039986 -0.01737947445151446 0.09899506261898483
0.049043900319089465 -0.021679938221318622 0.09371527647818086
0.05692755799960249 -0.01718389938695104 0.10187769961386364
0.04976738515624235 -0.022294934585466917 0.09488491724225945
0.054090569389186306 -0.017954735637435087 0.09958560452662299
0.048887619695419215 -0.02227522762447558 0.09400310215512929
0.05904409540742417 -0.019131501375958412 0.10235668491898216
0.049579622954723686 -0.021352692807531472 0.09279788978740904
0.05139913203268344 -0.02104772151545052 0.09351864531112612
0.056660583089545156 -0.016203121826251537 0.09949271919717823
0.05934344725581997 -0.01604085195043152 0.10123315932784688
0.05009248873537072 -0.022590632055672164 0.09610558859029641
0.05550348673624699 -0.01862239770197091 0.10037831921626823
0.048986715569269236 -0.023196198378018746 0.09464958531192598
0.06006441861567511 -0.019779813336515514 0.10300559833382585
0.04981616791802744 -0.02198339842644245 0.09189691056545145
0.051725011882216995 -0.02174137022689047 0.09284525461563616
0.05691225888891431 -0.016248767820440515 0.09974634093621602
0.06215300872416514 -0.01837884700918922 0.101106801669551
0.050503041042392026 -0.023098092939922005 0.09705356477166098
0.06022554943604981 -0.019922113348947498 0.10323554719898678
0.04902079948630349 -0.023553762848775802 0.09545328387222811
0.051252757869809915 -0.02325815698332165 0.09091082229678715
0.05313660252251899 -0.02248925781732996 0.09253947183671958
0.062160531789409036 -0.019204021439947806 0.10095055965397712
0.04375484715806169 -0.019632932185275915 0.10165981408519861
0.04275341370362872 -0.020280643130625442 0.10164100875900557
0.04575449093665291 -0.020313149778083513 0.1008865324708796
0.04459322599527375 -0.02146716211037228 0.10023086998330683
0.0476055935121569 -0.021097582659654338 0.10066464635488577
0.04605058788124831 -0.02208774126656727 0.09954338829144327
0.04922654889814135 -0.022215379506722647 0.09996421020818927
0.0475244323706881 -0.023517849081620912 0.09824224216737636
0.054703462937204905 -0.015192655127268776 0.10780903792313794
0.056206368428361096 -0.016696620507898354 0.10723868857444108
0.05767482458178936 -0.018990771128369614 0.10610366854891443
0.058845358092947615 -0.019707137492839776 0.10559647198379706
0.06083051198961667 -0.020269861882671446 0.10483133810467289
0.05049723765524664 -0.005132468847911837 0.07588481409515559
0.05117163694909386 -0.004975304873103593 0.07231197582692372
0.04984971528537991 -0.0051712485490332215 0.06798601862917983
0.048836742871293554 -0.005607060065458179 0.06480480012157178
0.04901568745859099 -0.006106038893534383 0.062284412132340324
0.05036558097285168 -0.006364269939085605 0.059165253451507596
0.0531222173999905 -0.006437544675030203 0.05432860873384489
0.06287703039145663 -0.006028797219111118 0.047958133035927046
0.06769032245722491 -0.005797089754747413 0.045970433692087025
0.07215677897944456 -0.006091679004740487 0.04263486392977426
0.07768037162935428 -0.006135266042664728 0.039257793438686336
0.08355665490027869 -0.006511952926983646 0.03613613317095627
0.08820531903417322 -0.006756779222888414 0.03491565335981129
0.09159931095282756 -0.006904930660840711 0.034418884030334475
0.10749425744813278 -0.006357610062492775 0.03360769285054962
0.05302368842469358 -0.0034126962481951157 0.07846952259572479
0.05409091707932025 -0.004403987570015054 0.07340950821346896
0.05256594428919628 -0.0049141921056839654 0.06888167816173901
0.05121763319184997 -0.005305890967141047 0.06515030781210068
0.05112090710344077 -0.005833980529722315 0.06291650365650817
0.05242352534816567 -0.006003685998286164 0.061049519376020704
0.05574239691800565 -0.005941807470302825 0.05736981052760523
0.06458517800819916 -0.005625603441434962 0.05021871836577729
0.06917112877923867 -0.005748882782153162 0.04742142284105364
0.07337609560828379 -0.005784951329730274 0.04420106883206755
0.07833243669246595 -0.005916820533116127 0.04111545622789464
0.0840219187629747 -0.006004906148021777 0.0384496662346966
0.0889671810190791 -0.006038126920546163 0.03767903730606726
0.09385254302222833 -0.00634015145952892 0.03765775370301583
0.05979255169860018 -0.004602108238903118 0.08373814617498013
0.06218619936900196 -0.005008860975518785 0.07910492445129597
0.06350584712637726 -0.005086418206977949 0.07451001789213028
0.06375944476053984 -0.005030110574704805 0.06985005149466686
0.0638349383 -0.00506651384 0.067130557
0.0637772542 -0.00496064089 0.0643099836
0.0636194431 -0.00467075976 0.061077004
0.0687089123 -0.00552398616 0.054571133
0.103647418 -0.0055243004 0.0522292859
0.0875512304 -0.00562569855 0.057146991
0.0744824568 -0.00278186308 0.0567282334
0.0817633029 -0.00246760719 0.0570743489
0.0918479291 -0.0023308376 0.0560342042
0.0965610321 -0.00231162843 0.0554299875
0.0748288749 -0.00532100669 0.0563278518
0.0811973294 -0.00574974923 0.0566875992
0.0943523083 -0.00557093151 0.0564846847
0.0992140047 -0.00553757993 0.0552947372
0.0757274163 -0.00842965351 0.0562794747
0.0819304192 -0.00844788648 0.0572072355
0.0953903872 -0.00905506033 0.0578352288
0.100454528 -0.00902170055 0.0565715127
0.07774715 -0.0120340015 0.0572022293
0.0836595137 -0.0120803683 0.0584294072
0.096965782 -0.0129824544 0.0597643363
0.101896341 -0.0128956478 0.0586676072
0.0814314809 -0.016100931 0.0587337729
0.0872858183 -0.01633731 0.0608764397
0.0988101698 -0.0165888757 0.0623096115
0.10517443901280564 -0.006305271387699501 0.033276455204213684
0.112715307 -0.00654408403 0.0377532574
0.055078058085546305 -0.0032452222130737052 0.051050757151684625
0.0580351287061482 -0.003040250078641639 0.04893647494635798
0.05797833065774766 -0.002848696120895203 0.05454292516839387
0.06039333168058926 -0.0027870405307412476 0.05190879536065439
0.0635153591 -0.00230852009 0.0591456033
0.06491492 -0.00260489215 0.0569100145
0.056003602993320044 -0.0062233108645778044 0.051290468443807455
0.05910982802234732 -0.006169893433633758 0.04901664417590143
0.05848856166674879 -0.00568749885744781 0.054349823198293505
0.06124817828089547 -0.005568258525015594 0.051867936085257756
0.0641665107 -0.00483045054 0.0590127507
0.0652671247 -0.00516894345 0.0568026068
0.057843437095738345 -0.010262254740379674 0.05150367096774672
0.060858116119492926 -0.010060617557802262 0.04945863609323207
0.06051944630601633 -0.009038703871913809 0.054670720139582005
0.06348545295797768 -0.009063295426469664 0.05228427745594327
0.0652340502 -0.00777124236 0.0589135343
0.0666893883 -0.00811133313 0.0563003266
0.059653288040522154 -0.013209870378754403 0.05185325734046305
0.06271323753862411 -0.013048538048862841 0.050065864174597255
0.06515910813422218 -0.011989639264449481 0.05245229049004766
0.0695523759 -0.0114626265 0.0567485953
0.07299578999777812 -0.01863548971168216 0.07616391406845915
0.06899095957356036 -0.018530372036898276 0.0873461381307903
0.07314149597789528 -0.02045035446498574 0.08295140789192001
0.06332065831914076 -0.017448722759284954 0.052751456649278425
0.06625830960169737 -0.017649211856905888 0.050638203551747744
0.06856952411550254 -0.016306755960046965 0.05297980595314437
0.06751824032428089 -0.023746466102858594 0.05379313823261375
0.0710007541127553 -0.02406496211537979 0.051927594037542005
0.06916682086654719 -0.022782099659818467 0.05560505071651265
0.07284747345887906 -0.022635681201078502 0.054005184476816674
0.07314178021209713 -0.02948017396379295 0.05731036302393072
0.07651191633862658 -0.03017285733105465 0.05586223492052158
0.07499020752260571 -0.027528698741380243 0.05937398522435834
0.07878998491033808 -0.028017812885077095 0.05834525147022785
0.0732099259 -0.0154745617 0.0582496845
0.0752992163 -0.0197820439 0.0613269157
0.0781956075 -0.0206069358 0.0597924978
0.0804882119 -0.024120554 0.0673876028
0.0819629546 -0.0259741219 0.0653939565
0.100876244 -0.022886127 0.0651472197
0.0956873382 -0.0222390109 0.0644673153
0.0901515812 -0.0215665509 0.062875186
0.0860189399 -0.020949288 0.0601398425
0.0993714424 -0.028800145 0.0666810364
0.0935288787 -0.0281538632 0.0631825681
0.0883825585 -0.0277715491 0.0625228737
0.07535436697106775 -0.02114004228072868 0.0789779478632233
0.072294437548285 -0.03162351413989541 0.06293029300114547
0.07290059889565953 -0.03508369204675509 0.06746500996333506
0.07590702613523849 -0.03365757320043618 0.06143366239535654
0.07734587149068936 -0.03731249009311965 0.06617092883704093
0.0794177428388493 -0.035672763514119674 0.05993489036034714
0.08138020197092581 -0.03975715354365107 0.06446709502544593
0.08292174171722544 -0.037620097591019946 0.05814437728376512
0.08535335200594449 -0.04167583516248617 0.06264283907203316
0.0870608558513456 -0.03906662821473032 0.05629199283157002
0.08936984138956086 -0.04347431576364003 0.06055737711915367
0.0914959872359833 -0.040126615210853575 0.05517562965924063
0.0937087066168467 -0.044541960806150964 0.059325958942780935
0.09602386021415749 -0.04081465988474099 0.05405315699063118
0.09832873226690896 -0.045337723023492725 0.05807180811617446
0.10100178980960353 -0.04226147720820921 0.05212742841315418
0.10368786014277015 -0.04616101722317768 0.05689284791163178
0.10570046382571968 -0.04257294826576767 0.05051257878196354
0.10857957098283239 -0.046206623468132334 0.05510363354206941
0.10921893677412102 -0.042160515289927626 0.049384224546069576
0.11217049279440526 -0.046125167466367016 0.0528308482033828
0.06780511852986418 -0.030586395054659987 0.06951223216743811
0.07407279000691078 -0.030000699560832837 0.06471082148467733
0.07506884515307745 -0.03289279117702244 0.06954036712212147
0.0784394114742327 -0.031745502200367696 0.06384757760810615
0.07997571942224845 -0.03536706647626053 0.06828833572773595
0.08178757455601358 -0.03360751022090833 0.06247046754984475
0.08385676704245161 -0.0375232364502364 0.06686150537553262
0.0852267730325212 -0.03552370072529379 0.06087272112167453
0.08782021283758296 -0.03951714088186648 0.06497022944817589
0.08952883117935509 -0.03686618077237528 0.059705043069797105
0.09191900459416211 -0.04078954890910333 0.06339749017979635
0.09353212588154074 -0.037514380742992015 0.0587616353052944
0.09566294541689985 -0.04177367398603147 0.06206127150306008
0.09787248681758433 -0.03842894244660756 0.05711546955200207
0.09983455663935695 -0.04287760565994397 0.06024263608943221
0.10202611452874441 -0.03953487758810656 0.05563420685948938
0.10417775379484372 -0.043874378521989686 0.05877593258734793
0.10653764324620336 -0.04009155162376038 0.0538418316064491
0.10886990163001989 -0.043928709708180066 0.057028601120039324
0.11174107851058691 -0.03925185195367793 0.052850646139625576
0.11376287169579224 -0.043306655906721676 0.05518832575339976
0.06998632544377266 -0.02921518235611966 0.07112118142688607
0.06327457065402065 -0.027130652483648786 0.07074092517937948
0.06549646317090334 -0.025763408012066866 0.07260201720809571
0.06319287018544657 -0.0295907107269054 0.076358799854038
0.06471652874837641 -0.029068205510614308 0.07772679138103032
0.07258850313438853 -0.038496851627621335 0.07905091177651544
0.07202388692440416 -0.039894712566806816 0.08426382925479016
0.0781764653286856 -0.04142181436083651 0.07706501422955193
0.07804474013519774 -0.04331231448635782 0.0823745388581994
0.08296510855510934 -0.044600506034279175 0.0749432002558407
0.08303327198483977 -0.04658879791202716 0.08017113446577862
0.08705063940340316 -0.04727359616543863 0.07303729636771905
0.08763214771249243 -0.04947750496321908 0.0783002069775781
0.09162008351484248 -0.049085184633215366 0.07143850986450831
0.09242822447102371 -0.05144476340882446 0.07666364007077896
0.09634816402748919 -0.05078056040770658 0.06968379049859089
0.0973013283826088 -0.05321218330703815 0.07454958111225674
0.10154871559752883 -0.05245968590749395 0.06754748327268477
0.10260004486608619 -0.054935026629352755 0.07174291210515955
0.10741199752388622 -0.05274411592466492 0.06548049173131153
0.10888344266389523 -0.055023548619056235 0.06915763905507472
0.1126641724031496 -0.05261223777386824 0.06305563299636584
0.1144029378509524 -0.05515960859143407 0.0663539513446637
0.11708353084956172 -0.053396521407443095 0.05926052020403271
0.06649031536242708 -0.03493400520082833 0.08080885068572308
0.06501918615410618 -0.036451456466873276 0.08583879614232807
0.060279466612665394 -0.03309733931134213 0.08628346049390097
0.07414658315621564 -0.037609061443977264 0.08082606893401864
0.07321135195737136 -0.03916090096039344 0.08563026193720952
0.08032183372111609 -0.04036288290057587 0.0790614447631802
0.07972820562674343 -0.04232741002466646 0.08337833621143423
0.08552452754853919 -0.04332518074790859 0.07663643869964842
0.08507024526195194 -0.045490140303346006 0.08082470680404763
0.08966721677944817 -0.04550996750823129 0.07449445746619773
0.08971953596730187 -0.04771568723284024 0.07894432004600707
0.09361134196558808 -0.04665741723475608 0.07325379646705579
0.09381460376907794 -0.04874381554226778 0.07768573244762686
0.09786675136536797 -0.04789718423114652 0.07148394696625537
0.09837717875212848 -0.05026231810816056 0.07544338934708006
0.10230211074733433 -0.04954623816317144 0.06911110513482631
0.10331962238632397 -0.051427638083403816 0.07312310425162365
0.10792385229289335 -0.0503938715260548 0.06681557669425621
0.10925416143839407 -0.05174817780697237 0.07068984193201121
0.11324250387123941 -0.05036078515634403 0.06424748447136158
0.11494323430921798 -0.05226935958846161 0.06736973329072621
0.11788506092028969 -0.05056042288531016 0.06073428257059251
0.06697565918066975 -0.03379437761786676 0.08219892388484086
0.06561508640696827 -0.03557354931251308 0.08701882778955483
0.06043855577712825 -0.033011220194822534 0.08739977960276143
0.07911963552674989 -0.023240676828269514 0.07672027364396651
0.0832722062 -0.0257189221 0.0749014675
0.0856642078 -0.0279671885 0.071756785
0.0869672631 -0.0296056467 0.0682896273
0.0894773013 -0.031342428 0.0660799397
0.0924986664 -0.0325762192 0.06581398
0.0960866947 -0.033462438 0.0657625982
0.101342277 -0.0331732147 0.0671294557
0.105357127 -0.0329399382 0.0689495697
0.109732161 -0.0324607719 0.0670352421
0.115180965 -0.031327828 0.0647562848
0.07688175482331892 -0.023332678313518394 0.08509328209921878
0.08206349101546487 -0.026057714476442267 0.08395520129636838
0.08538869686517007 -0.027817781270242658 0.0809349832822901
0.0896648799 -0.0306886456 0.0771979505
0.0913376067 -0.0325022435 0.0740744696
0.0933721024 -0.0347582564 0.0708038701
0.0964540389 -0.0365192001 0.0696746046
0.10028931 -0.0363994531 0.0679885512
0.104434859 -0.0360372928 0.068438662
0.108163195 -0.0351939127 0.0699581191
0.111653737 -0.0356423545 0.0695362002
0.116166606 -0.0349925126 0.0667343185
0.08050778282773755 -0.02575297603358396 0.09363044090020008
0.08384004012174405 -0.027004722270634027 0.09305457950453053
0.0879903930749058 -0.029370167113894702 0.08882569014326684
0.09139434071920421 -0.03156371588177849 0.08515496699410849
0.0952553951 -0.0347543929 0.079829455
0.0971101073 -0.0369580436 0.0768201568
0.0988817597 -0.038411505 0.0728344905
0.10170111 -0.0395121751 0.0711188104
0.106008217 -0.0393893374 0.0708759116
0.110788088 -0.0392632019 0.0711250005
0.113667854 -0.0381138946 0.0712797119
0.117593265 -0.0383384094 0.0685691952
0.07931690701743965 -0.024636413398149135 0.09962098427980613
0.08384550600457148 -0.02696553137290791 0.09810122231145116
0.088827033080875 -0.028206199178316314 0.0955436172837097
0.09317487166568002 -0.03107141609962926 0.09201099289615493
0.0979957525 -0.0349777726 0.0872895918
0.0999241642 -0.0378735688 0.0819990057
0.101551192 -0.0398811588 0.0788047422
0.104089729 -0.0404987751 0.0766074121
0.107576368 -0.0412435292 0.0749633277
0.11186935 -0.0418026588 0.0738215396
0.115045093 -0.041442484 0.0726710937
0.118527057 -0.0403682739 0.0716421613
0.0770504673146013 -0.024743720653872547 0.10389501731739077
0.08225978077221668 -0.027380863043944794 0.10194487620338684
0.08757165851419066 -0.028752179346623722 0.09915807028282439
0.09240441880007409 -0.029965635819928345 0.0954712232913638
0.0991193661 -0.0345195654 0.0914828524
0.100496543 -0.0390705644 0.0864092734
0.102693819 -0.0404661729 0.0836541559
0.105803505 -0.0409385058 0.0813349275
0.109102322 -0.0418594333 0.078926209
0.112796228 -0.0428011806 0.0772231931
0.116085734 -0.0432931433 0.0755022511
0.120595772 -0.0414193206 0.0728445893
0.07652157297046898 -0.028373289265182455 0.11625650650218475
0.08213095211428022 -0.03020754124313703 0.11527437723850453
0.0867053066233359 -0.030887997024838052 0.11397891707483937
0.08953715071082183 -0.03073464147793632 0.10857021966855566
0.09434471314019699 -0.03176681153849303 0.10576274002367257
0.103344094 -0.0379007401 0.101755143
0.106475393 -0.0400322718 0.0988867705
0.109319966 -0.0417092633 0.0950030125
0.112470108 -0.0426617723 0.0916157875
0.115745559 -0.0441334423 0.0880777728
0.11960357 -0.0447874457 0.0844080724
0.123984158 -0.0457901584 0.0810376364
0.08048453942753035 -0.033168874430679035 0.11980859067727978
0.105692269 -0.0456475945 0.123615607
0.109358124 -0.0471828599 0.121559323
0.114013054 -0.0474787606 0.119519151
0.117986512 -0.0485685033 0.117054091
0.106907609 -0.0494177569 0.13255388
0.113229119 -0.0520411853 0.129530377
0.113127274 -0.0457952727 0.151108621
0.115505199 -0.0469741008 0.149370143
0.117221943 -0.0487588751 0.147074823
0.119147527 -0.0509435644 0.144440254
0.119540853 -0.0606054458 0.18257083
0.124416701 -0.062126227 0.18198578
0.101957555 -0.0513285181 0.1842044
0.11092189 -0.0562450625 0.183520945
0.121809554 -0.0626747165 0.197961853
0.126861498 -0.0647049974 0.19822038
0.102733406 -0.0536381503 0.198004393
0.112366889 -0.0579494322 0.19786818
0.050202893467643346 -0.023586577311477855 0.09269465456892377
0.0515147677818395 -0.023063734612466295 0.09407818039387947
0.05249744343115315 -0.028206574026819347 0.0973711714808331
0.05299167592870584 -0.024358099148744414 0.09508808719924423
0.05154200879838601 -0.028185842807042828 0.0965666618768899
0.0508646570899845 -0.02517898934906227 0.09361936070687958
0.059941921884802504 -0.037242706939952734 0.10743108936995495
0.05932289828038964 -0.038204480125740355 0.10727275309704921
0.07110732046445317 -0.052226952499200674 0.12760511115558437
0.07040787109892312 -0.05355163409195156 0.12751110031470048
0.05580133354044166 -0.034129046829461974 0.12486659920017935
0.05656466324081468 -0.033970220454231724 0.12549877539131452
0.07015460197387448 -0.051422968217684856 0.11960382888971222
0.06864931978127184 -0.04812536771254394 0.11140527433835724
0.0756092875063892 -0.05438161922642998 0.11701714280889061
0.07390707667910236 -0.0509388874063176 0.10933596229828142
0.08131152507805156 -0.056962851185604964 0.1142714414748511
0.07982819489239926 -0.053381159832563994 0.10683440108129011
0.08589176000572687 -0.05934371524830999 0.11169476756685046
0.08468028018049009 -0.05578332230487629 0.10423564343391978
0.09021693888047391 -0.06217828497998341 0.10909500938602039
0.08928652923106838 -0.059056057764412376 0.10127899533989265
0.09462744886607327 -0.0647304807922307 0.10664866156828742
0.09385375627484178 -0.06154674626842153 0.09859158935852055
0.10040429139246462 -0.06705871807476733 0.10355669050384841
0.0995247098407188 -0.06332676335812282 0.09541627347457385
0.10747004029909105 -0.0690060353693209 0.10000231008538472
0.10600702651398788 -0.06547215317946936 0.09141041453628634
0.11575924552431247 -0.07150466988849949 0.0949940377561587
0.11362193097704185 -0.06756525060589028 0.08662382752965696
0.12332309364273122 -0.07110004240013477 0.09145192011632491
0.12045014790440528 -0.06819990434660414 0.08258739456332159
0.12920362071015015 -0.07023985016809696 0.08889204482991127
0.12604399519304849 -0.06727096789505999 0.08013903687205001
0.07061192339144638 -0.050118842062458965 0.11947531285692023
0.0763039966727932 -0.05270594029125306 0.11747271314978315
0.07453446925503093 -0.04975880569844479 0.10962073643085421
0.08216786491425992 -0.05544706528551669 0.11459539607977545
0.08018305090393302 -0.05237050932955987 0.10725495763741691
0.08670678277009732 -0.05765227128335481 0.11223663244082051
0.08531767472634788 -0.05423140112087566 0.10496042819010537
0.09151128452787664 -0.0602723376919395 0.10948853183929794
0.09030744502548427 -0.057038384783414185 0.10206888913003469
0.09618597651638275 -0.0622707550114731 0.10702357895937734
0.09499886572711208 -0.05938268933095577 0.09918219735241883
0.1017442674010023 -0.06370723383674204 0.10425684446556877
0.10041117126916638 -0.06083018230657543 0.09596356829417461
0.10824517309046873 -0.06533656610749822 0.10104283960140459
0.10637605037211793 -0.06250872955429942 0.09235770326509485
0.11624370149883491 -0.06582889287172572 0.09716495013641699
0.11368465820347735 -0.06310778051545705 0.0882153065265661
0.12290211894411782 -0.06545244720948251 0.09326643404028515
0.12052877307499404 -0.06147648383051909 0.08454656723565285
0.12906586295045558 -0.06388211301142961 0.09046084695398977
0.1260967925189549 -0.06128314839325213 0.08197407625657178
0.0843073096 -0.038296135 0.127052285
0.0889561526 -0.0386391282 0.125247147
0.08809045076714392 -0.033134181993052986 0.12001923073497255
0.09313051052393637 -0.03892226952837269 0.12132617319540792
0.09088292960232577 -0.03334535507893698 0.1149536755145436
0.09827316100187704 -0.039957004613428874 0.11894810417068219
0.09489768268155879 -0.03275724116796113 0.11204042209569291
0.104794898 -0.0417459998 0.116165841
0.103245855 -0.0383747044 0.109032081
0.108098632 -0.0441104086 0.112875559
0.107039313 -0.0417749897 0.105710292
0.111892174 -0.0448669889 0.110185135
0.110490213 -0.0429617538 0.102200899
0.115657293 -0.0459363105 0.107129762
0.113977615 -0.0440985436 0.09864387
0.119787013 -0.0461258798 0.104378583
0.117613644 -0.0450097363 0.0952826467
0.12464724 -0.0469880661 0.100851657
0.121887904 -0.0459013035 0.0915860366
0.129488576 -0.0469852461 0.0971881752
0.126226807 -0.0460349939 0.0867915077
0.0667561288498033 -0.046733461388176564 0.11242186032588082
0.06726471653487158 -0.04915411800862937 0.12036731883101724
0.06326938248141066 -0.0441571475601835 0.11342068572756638
0.06461716616325615 -0.04659062754817721 0.12164146995763088
0.06066214157248502 -0.04054347628989293 0.11486807866398417
0.0672155234829312 -0.045856011193102224 0.11281245487741164
0.06799867471052125 -0.048433094770987166 0.12071717380904837
0.06397482330479906 -0.043631825387450696 0.11402154757846317
0.0649142708119363 -0.04589421838433562 0.12228498741828477
0.06089540945999914 -0.039812013250120994 0.11564888303189547
0.021797700961710735 -1.2576944794170526E-7 0.1387964277022216
0.040874005479131885 -0.011782638329180821 0.11605723977541697
0.04220427589294735 -0.01193547426108463 0.11647698518976737
0.03737207926544351 -0.005109325679730587 0.11825799173230273
0.039229527978215877 -0.008010614010212887 0.11757349790632628
0.03965588061634727 -0.005595773053003856 0.1179594899436594
0.04041453653295031 -0.008738397192474512 0.11792504524917104
0.037388730949628426 -0.006149501570794587 0.12281989406251566
0.040539847653351634 -0.009946989209480986 0.1218041205704898
0.03876280806801041 -0.005867272526301388 0.12370172674202051
0.04087187844878586 -0.010161571271075477 0.12211914694180187
0.034509430391359334 -0.005227852392643984 0.1250730979905191
0.031011383593028755 -0.004853460145433435 0.12699880196536242
0.0349285812106688 -0.004966427627597856 0.12677407556586656
0.03184786495755657 -0.004855367967378795 0.12884986437865698
0.03319487928773013 -0.002966684968601561 0.12417566930892578
0.029983416517834958 -0.0026382996943136255 0.12611031378135681
0.03374834888859183 -0.003001568187714951 0.1257648699691646
0.03063992699276218 -0.0027356096618597033 0.1276297212641021
0.032735992970794985 -0.001384252719608883 0.12370760667066408
0.029626124913999238 -0.001218214385244511 0.1255861439154266
0.03322804625672674 -0.001315332502882615 0.1252945010311182
0.030186088674241718 -0.0012366986749794767 0.12710078065176925
0.04633653266967009 -0.009966945788545822 0.15788604639436107
0.05009250385920074 -0.011149491294035313 0.1571582868234855
0.04765288419742617 -0.009208035968939028 0.15775567520059192
0.05150173008584112 -0.010680210167784344 0.15727668844416223
0.04801596343558042 -0.01183621873113435 0.15382582984105025
0.04900701045386783 -0.011222656329310954 0.15389222381947715
0.044908198317812634 -0.01196858529482183 0.15054411676760415
0.04600414681344533 -0.011338421265235078 0.1505470279301779
0.04211945093646911 -0.011994071123611831 0.1477777375209613
0.043084933533086164 -0.011165000940276736 0.14769782594254685
0.0396567168962441 -0.012558963501451552 0.14607420453594105
0.04050790943165794 -0.011732910183715119 0.14597661431714257
0.029150858834497643 -0.013177256837470251 0.14122813015092092
0.031027643055859533 -0.012203436828419463 0.14149379933603606
0.025119895979396605 -0.011325665436685513 0.1353454307296545
0.02751644507867487 -0.010742342540112379 0.13595334269242013
0.02758250388791522 -0.01062406086236906 0.13176576888684394
0.030383385243802588 -0.012952340149380242 0.13317192940737774
0.030295017281734293 -0.00974028126890782 0.13362358160974622
0.03245503414209398 -0.01234407298647668 0.13472373682363448
0.03085357695580951 -0.009936477836974896 0.13030668412932897
0.03336799232216569 -0.011986388102941784 0.13208916203758653
0.03216059949095725 -0.009115005590194722 0.13221713713184569
0.034334530025929254 -0.011596809454646218 0.13345047900983098
0.026619447545121425 -0.011947980546950017 0.13808131773367271
0.02551528792331456 -0.01097433768517416 0.13347484964831016
0.028787833787073686 -0.011403423424895748 0.13861562328822002
0.028003363757723127 -0.010323515968745579 0.13459247715706227
0.03253617308789903 -0.015576748274879355 0.13972439866359818
0.029906032783154134 -0.014865194813238924 0.13747057961617043
0.028658969734781856 -0.013855057480554352 0.13537080225027068
0.02898715548120996 -0.013145892317582711 0.13441018802435448
0.03405145029677456 -0.014661611758142946 0.1399573642888127
0.031590197523772935 -0.014206105939309857 0.13808454627527086
0.03054680231848407 -0.013258901349213726 0.13625662391208312
0.030826516597307792 -0.012846179350280706 0.1354122456037971
0.04028737469410994 -0.014877637414910768 0.14202895282535022
0.04137462347670317 -0.013573797887410095 0.1416237755418122
0.049265030136637585 -0.017507301776910105 0.14392718901856535
0.0525338240293663 -0.013209281534036462 0.1482159580552245
0.03638419466774404 -0.017467456747556287 0.13745954277152464
0.03749004880763247 -0.01660697931380422 0.13747099006515334
0.03996364243819476 -0.01772863119532664 0.13871445810094396
0.04087124094903304 -0.016464044785926543 0.13828970984759806
0.03428883442312269 -0.017184484590321358 0.13612134349526497
0.03564153489030789 -0.016090533589256748 0.1364617261538369
0.044118775534145456 -0.016282538982018195 0.13891781944075804
0.04504369199824201 -0.014857378637060522 0.13844059185577254
0.04685179294661304 -0.016854280041307863 0.1409824249285824
0.04773905126874051 -0.015794829657061513 0.14078157855137433
0.046945201151721766 -0.01793371429784123 0.13688820586030015
0.048075566205570186 -0.01630863811576611 0.13650557262646776
0.040037823443493416 -0.01930888636384949 0.1338047941298239
0.0416703897486811 -0.01735809859825031 0.1338170736523808
0.05132095641322554 -0.01995265664748872 0.14201197741104893
0.054992813629484716 -0.016361156399206142 0.14394486797994382
0.043313619224668386 -0.018512940394065112 0.1254577367223903
0.043454069121808 -0.017565057173000578 0.12615445769489336
0.04448179384174539 -0.018032372359918385 0.12360993980004145
0.044893063016124876 -0.01740869459247241 0.12433830214155396
0.0439820643218896 -0.019937789967184753 0.13041714512788397
0.04726379042439391 -0.019346851628824543 0.13247189586728544
0.045048492644569275 -0.01847215506592468 0.13067150902161578
0.047983266570240365 -0.018134628606236602 0.13248306537255794
0.04519980059294388 -0.016146004386001347 0.11905987513342065
0.04557239717719603 -0.0160996754763481 0.11954215613381307
0.04162200439885577 -0.01344114666646254 0.1219276735258277
0.042170514410664085 -0.01353267401557713 0.1220552043140601
0.045252189264690934 -0.021126672415240126 0.1125208142714462
0.046366084490894556 -0.021137602025434424 0.11344075204604605
0.04611619645118152 -0.025033916865100914 0.11031661606029712
0.047176774838431336 -0.02442978041113013 0.11112001281301312
0.04640192463741691 -0.0179995003543257 0.11852560020438042
0.04685010765731177 -0.01802210349620367 0.11879591403844497
0.044883527929039116 -0.017250944947640127 0.12136557691280017
0.04535590697609266 -0.016706278715540326 0.12191535973787365
0.042786281871584106 -0.015332932358752 0.12145768660350054
0.04301731578294401 -0.014571177001629812 0.12202788006983797
0.053512299109731924 -0.031192460540066292 0.10371815166755417
0.04958509506346098 -0.019961326868414876 0.12159830496836324
0.05009356252160182 -0.019806392769293996 0.12221826801128953
0.05020125297605727 -0.01957509527602424 0.1251902678344307
0.050730302027968584 -0.01877507842786015 0.1258864439990873
0.048076811967543764 -0.020066509232817997 0.12785335071190132
0.048282402083708216 -0.019115622855567158 0.1284622705807057
0.0505705713673656 -0.019665794231537803 0.12988577327693543
0.051060798404076076 -0.018493977115030348 0.13012501367551652
0.05206403528908381 -0.019731357084275664 0.13146279696547103
0.05266137485683366 -0.01847945473677267 0.13153432219185884
0.05223638293113341 -0.019583110268111208 0.12794774809745885
0.052631546294312714 -0.018550618269772664 0.12836440710497127
0.050373074243167545 -0.02262924046150399 0.12070031555425932
0.05123683743843566 -0.0220961407634846 0.12177592593324031
0.053389113932443645 -0.031473536791282064 0.11601113816344803
0.054114549447444815 -0.03153149799331171 0.11706803014473695
0.05798315745033655 -0.038290216471943146 0.12034268588176421
0.05841359145264204 -0.03788133699451535 0.12054407255896472
0.05475014653680278 -0.03355669612600312 0.12070617208753227
0.05545200141363456 -0.03342091223287635 0.12134715287233536
0.05268796010593875 -0.02841437375524005 0.12246827814691932
0.053162799868852285 -0.02824413190325165 0.12280880220203842
0.06213460287942575 -0.04360929927741474 0.12070521051310905
0.06248923239452869 -0.04290483867325535 0.12144973463904753
0.05323586556063775 -0.022968596130779822 0.12901653875499158
0.05211615791837893 -0.023172506318868837 0.1248186053076991
0.053465909842963566 -0.022413729217946016 0.1289835747989483
0.05291087217419887 -0.022566729517640424 0.12535867343163254
0.05429722603803558 -0.024565882960401686 0.13818517523858945
0.05470580149977465 -0.024229955527961953 0.1380505705593755
0.05172934821910685 -0.020668916635143482 0.13788455485588827
0.053734471001125265 -0.01861475699027288 0.13826444651368136
0.05271721623211283 -0.02209893504889459 0.14016896467252773
0.05305305128559158 -0.021899486857180826 0.13986415338740255
0.05807013750773955 -0.021257124781134663 0.14994112099754173
0.05818246747303774 -0.023920208694025776 0.14785657656352114
0.055940087209620466 -0.0193787031918925 0.14838918157984943
0.055675438975333155 -0.02258776240324842 0.14618353673820805
0.052751634136878243 -0.017808516798309262 0.14714349662084006
0.05325836545343736 -0.02114738648425844 0.14441559756634043
0.058392799345572385 -0.0259215886283381 0.1466237158339185
0.05895429790454407 -0.027960889660499335 0.14543256133778829
0.056066701853529056 -0.024703943490077224 0.14453390285536816
0.05684681211022266 -0.02690505620526052 0.14288993857933716
0.05409833031945729 -0.023402962529507014 0.14243709100530683
0.05541625003576864 -0.025710767940730465 0.14059913028703788
0.05575733714812373 -0.028278820805279607 0.13624121010595014
0.05538537581605701 -0.027953727756922727 0.13357177193814532
0.0579825463736844 -0.03425200117637178 0.1350609568484227
0.057441200201384456 -0.034215841973759396 0.13218228476125912
0.059345495450288124 -0.03876563246462801 0.13624668857882244
0.05970230474998371 -0.03955539138461112 0.13301306570102223
0.06272070299691344 -0.04416708246148452 0.13774488181653174
0.06304976297509123 -0.04500628737453942 0.13473397695607423
0.06574459388070723 -0.04818907536319537 0.14000518147535038
0.06624402163627531 -0.049402294245093153 0.1371059766007251
0.06916029991781368 -0.05149853134844544 0.14265546455002454
0.07006884672340787 -0.05313146856254643 0.14017058450774622
0.05864413061501012 -0.020674608905923767 0.15060163871231355
0.0587501190826119 -0.02354527274607611 0.14836843819672935
0.05753622274960113 -0.01801605993014841 0.14941767276316062
0.056042265301704 -0.022161787041325057 0.14649783083112303
0.05675019287842704 -0.014576639942559162 0.14954141078651165
0.05683574126681571 -0.017200038882234096 0.14661414330304548
0.05904128241429239 -0.02565483504446512 0.1470749025096195
0.05963157250950069 -0.027669940596067987 0.14593045305009913
0.05631351341317478 -0.024416016426896305 0.14479029708134605
0.05726789954047093 -0.02669116246348011 0.14328218441767115
0.05438274855402834 -0.02302377199208421 0.14241028472216227
0.05585812131285869 -0.02535506788238579 0.14072540309009748
0.0562855630014549 -0.027964211521868527 0.13662819751429067
0.05570675258807192 -0.027711159465113027 0.13385788875121435
0.058630475558575264 -0.03363939789451724 0.13537974818420237
0.058043447608953996 -0.03367960864903206 0.13242176680405385
0.06030685133917397 -0.03835564928437238 0.13631913577109975
0.06047959689245871 -0.03867138751273385 0.13333992840226297
0.06335897846484327 -0.04332073051463602 0.1381696239658546
0.06376179816930416 -0.043978478716100715 0.13533152793911274
0.06653843229943046 -0.04715545616462995 0.14045722539333866
0.06701228633449735 -0.048211867443607705 0.13766423416775553
0.07002499886988885 -0.0505259763777033 0.14282415750504693
0.07081725392476701 -0.05201309446177748 0.14045960532964255
0.05235604112631465 -0.017553382118143095 0.13498005473762298
0.05109753257064171 -0.01889612016718216 0.13498506833291438
0.04692002810331414 -0.01823053715798998 0.12472645102344163
0.04310316001348051 -0.01569625142032181 0.12403564759337461
0.04649421195436928 -0.01913553670069595 0.1238861424609876
0.042611760240066486 -0.016019335539392082 0.12350244504453556
0.04616403556703305 -0.02463583550756617 0.10349630847673336
0.05185621670106244 -0.028993505370224257 0.11171181011145534
0.046890944102143194 -0.024296256265968652 0.10405061386003298
0.05060542891017694 -0.028711237130126657 0.11170238400432994
0.05083682588108428 -0.028967616762045012 0.10605701130795721
0.04935826780035235 -0.026528784049552084 0.10872939259930638
0.04945487854252756 -0.02949772386173513 0.10486910944426113
0.047683468027464926 -0.02740694568638235 0.1076217344226252
0.05877877044164461 -0.035144565497946555 0.09284257460832851
0.0607395061765717 -0.03758263469923301 0.0988902502783003
0.06464731345953395 -0.0378931253220158 0.09137669469862846
0.06569732350722989 -0.04039291768625061 0.0974382059850421
0.07186213593368776 -0.04172263961402712 0.08974386297270905
0.0727184596866135 -0.04356940530975665 0.09587005838932533
0.07808650680938928 -0.045112096285408056 0.08773550902004865
0.07922026372649632 -0.04715895674554822 0.09379146835919945
0.08334868587612834 -0.04785686705773314 0.08557976337893376
0.08382492419337886 -0.05023095853169309 0.09149273688899898
0.08813041307438389 -0.051424715728852856 0.08325285532401468
0.08858203366886272 -0.05353371950767569 0.08859470723512712
0.09292374834163167 -0.053572523317979966 0.08129855155410362
0.09329253910618326 -0.05580567883848513 0.08622870015882625
0.09807255337274438 -0.05505149343768044 0.0789830468420543
0.0983914688624448 -0.057904320946385035 0.08347782144137364
0.10338064219467688 -0.056815845540001436 0.07593320491193173
0.10391801268463412 -0.05961833008226333 0.08012654277762975
0.11006411481444428 -0.0570601498547293 0.0731410649588804
0.11144943689124505 -0.05945929507245577 0.07653317500023117
0.11606123332836706 -0.05662815628568218 0.0699074539839831
0.11752698623529632 -0.05946307962503986 0.07337857421017177
0.12102884041246469 -0.0581779988750562 0.06639031778083807
0.12249874484420838 -0.06045267717052242 0.07008008639264926
0.05924993799778562 -0.03476230434018169 0.0935106460144732
0.06088176607752923 -0.0375194420400256 0.09893784472103051
0.0654894660203455 -0.03743694213118565 0.09163403066391325
0.06662904946987194 -0.039962484687570306 0.09791007562551932
0.07229110918862941 -0.0412511926283868 0.09030119048031193
0.07342255789945618 -0.04332626636306569 0.09661293872102344
0.07894411907258479 -0.04462032843017908 0.0879971921797454
0.07942938717612205 -0.046746433688817944 0.09386016734567437
0.08444303003485226 -0.04735892167182903 0.08575809120656902
0.08447560864457897 -0.04950870294376164 0.09172322187432541
0.08964581148874218 -0.04986919135758503 0.08390119594214929
0.0896464439430123 -0.052066425958691924 0.08931853271679925
0.09398327689857487 -0.05097055015385211 0.0823671770177037
0.09412867491806458 -0.0535702678630636 0.08707682796902518
0.0991631608484928 -0.05202699374336769 0.08009830447470837
0.09943108269038739 -0.05490830966489476 0.08438608398668235
0.10424410184114674 -0.05314941005889279 0.07757296004654017
0.10470399101388202 -0.05613649348478974 0.08153750982570222
0.11072462213947828 -0.05358051365813192 0.0744131108715615
0.11178235554683148 -0.05621048268521549 0.07820333387537716
0.11647537047981432 -0.053999564618310056 0.07081125072875372
0.11808756763647325 -0.05575383139703372 0.07460764086393819
0.12148860985552497 -0.05414934373998207 0.06777804566349388
0.12305146037413738 -0.05496907130635118 0.0719351613600315
0.07391634255035917 -0.026405484416362715 0.10812123685647783
0.07443318375448316 -0.02793213738875968 0.11098570091852793
0.0781674538004039 -0.028312420058071046 0.10569222895279438
0.08139663829397292 -0.028661206622928256 0.1107367088781531
0.08653411187752456 -0.029678214748111824 0.10242936884680875
0.0853039282846547 -0.02911006291793585 0.10918006673323681
0.09190212086455497 -0.03002678071868246 0.09888943135238062
0.08990370797709238 -0.030027525157736972 0.10388385080688463
0.0977348204057783 -0.034127705334839206 0.09494802548936179
0.097216796603261 -0.0342758673230513 0.09952481779535835
0.101772303 -0.0385791462 0.0909017706
0.102835825 -0.0380108187 0.0959908491
0.103984948 -0.0404712963 0.0880407221
0.10570515 -0.0397186696 0.0931443258
0.106588026 -0.0418139357 0.0850644286
0.107987574 -0.0416153497 0.0897082213
0.110172805 -0.0423645579 0.0824086694
0.111296981 -0.0421313838 0.0866623908
0.113554369 -0.0431274129 0.0794907149
0.114437981 -0.0438114495 0.0833422884
0.117071072 -0.0440242506 0.0781700005
0.118179553 -0.0443245783 0.0804884452
0.122122606 -0.0428742273 0.0731420756
0.122572893 -0.0454781588 0.0770178011
0.058534858484479264 -0.035767202862130275 0.10007185796445747
0.057930690103048015 -0.03653600827633457 0.0991817768428583
0.056055495765477505 -0.033378807965395905 0.10221124337927852
0.05208895569756293 -0.03128518740886127 0.10285778046954698
0.05532123471056369 -0.033482014219869675 0.10095736711575687
0.07888590636042049 -0.056450802697437984 0.14372062978509084
0.0743866509477803 -0.05589860409436843 0.13581362336576636
0.07764582640743838 -0.05857420352909749 0.14328149924081912
0.07364450881155152 -0.05710826056979286 0.13557720700577364
0.08349677328506376 -0.061189069063910285 0.14924404086826112
0.0861661306669446 -0.06163505336998904 0.158021875552855
0.0877239627737792 -0.06340549398226585 0.14859375393354887
0.09019484949487983 -0.06451041137491291 0.15740829309900473
0.09194243240808242 -0.0660004160147871 0.14781640585197328
0.09456820777475623 -0.06720405272629779 0.1564965412618727
0.09641652089456805 -0.06814311112118951 0.14699794148858003
0.09929817945548991 -0.06938278829057311 0.1557159392718719
0.10114255098077517 -0.06992289131490032 0.14599809600069638
0.10416082789202015 -0.07126683171545786 0.15488463734768507
0.10607973620222318 -0.07180907050773673 0.14480744460925987
0.10912227327058244 -0.07288188914654803 0.15405718528214915
0.11139184454791333 -0.07374648436633092 0.14330849428981707
0.11451851995939101 -0.07436308444833152 0.15311987143870753
0.11862090474482144 -0.0759607948739005 0.14146206719040225
0.121392487166783 -0.0759069843226213 0.1518864609044929
0.1269322770910799 -0.07725035865696277 0.14030342575810173
0.12948787332945574 -0.07712805728183257 0.15057457211978784
0.13361919709592612 -0.07616868660166375 0.137533816777848
0.1363036347710778 -0.07642377038082712 0.14843137056287875
0.14121928757512103 -0.07431853468148371 0.1363480377590098
0.14367310138652908 -0.0750023897738544 0.14719172263588767
0.08526206415324936 -0.058103937283821586 0.15007845422731977
0.08778293539571946 -0.05882197533866272 0.15878211801200798
0.08946409998740545 -0.059884090842813584 0.14915491325377891
0.09200165776307268 -0.06075295384294443 0.15792464453202823
0.0935959731376866 -0.06323924979901753 0.14801225783647118
0.09635044052829311 -0.06390594375315493 0.15683021625088756
0.0975715003310321 -0.0653934108212052 0.1472056557321839
0.10040221124663556 -0.06597345637261479 0.1560012928687281
0.10183040514108016 -0.06751590500580802 0.14622169700384913
0.10488971932383233 -0.06816476902071701 0.15515951670273187
0.10634393614170076 -0.06948726708177487 0.14521135300182297
0.109365841278417 -0.07021526006669752 0.154406257893618
0.11146731959121564 -0.07125880256003611 0.14374170054087618
0.11445449639634811 -0.0727533273160418 0.15316803292866268
0.11863713813971813 -0.0738268026021487 0.14196636306954377
0.1213513304805549 -0.07470727842683919 0.15188435213315427
0.12693326355217405 -0.07483686910103342 0.14206711039366102
0.12858609010555333 -0.07556307200220509 0.14995680226348035
0.13303743530088902 -0.07421965840273319 0.13859640078250626
0.1357341839341204 -0.07425766044054943 0.14925507427465842
0.14112408695196915 -0.07152513572618491 0.13771150667799387
0.14360792409703987 -0.07232740218414951 0.1482826682302748
0.0898672451 -0.0531815365 0.152730903
0.0908942884 -0.0530140821 0.16079802
0.0936624271 -0.0539651205 0.152216376
0.0961624507 -0.0540925131 0.160651761
0.109925876 -0.0458186451 0.157231384
0.109196192 -0.048352592 0.16402414
0.11511689 -0.0464055331 0.157330548
0.11378772 -0.0497188183 0.163555846
0.117327355 -0.0475047185 0.156235175
0.116438514 -0.0508705453 0.162698186
0.118874946 -0.0488798392 0.154503826
0.118757096 -0.0523542327 0.161478477
0.120632415 -0.0513479368 0.152594051
0.121415673 -0.0543559544 0.159845871
0.124578788 -0.0529623 0.150876092
0.125876947 -0.0562758997 0.158576438
0.129260966 -0.0545976387 0.148577287
0.131117031 -0.0571382943 0.156998444
0.134267434 -0.0563390992 0.14604261
0.136395588 -0.0579970511 0.155379141
0.13979392 -0.0573814594 0.143351668
0.142269271 -0.0588555037 0.153279757
0.08147117551711809 -0.05919929869403754 0.150308755936571
0.08251179516398889 -0.05704729648559446 0.15096786758713052
0.08425314112432501 -0.05967171032489239 0.15863048155888332
0.08541614610039307 -0.057891925779001485 0.15893822550230854
0.06871871162293905 -0.05189044538243787 0.1726034874020239
0.074006970813099 -0.055070739946408126 0.17281376028568343
0.06970944516965873 -0.050713897562106355 0.17301984236310364
0.07479533915411322 -0.05366156729769336 0.17271743398078002
0.07800833173129856 -0.05500372664156324 0.17003502805998885
0.07742411424578043 -0.05635070293891823 0.1701270326269034
0.08119564407974647 -0.056560854621408065 0.16650109513604114
0.08047010822611163 -0.057833050550145 0.1664217322532987
0.08705904424293369 -0.06273096687264765 0.16667161339936043
0.08818831059780136 -0.06271757006767353 0.17477098467930505
0.09125722912485387 -0.06523031555824567 0.1658130505703076
0.09247312518905798 -0.06502691889649709 0.17395883389561473
0.09640356386587338 -0.0677044598396708 0.16463521489805574
0.09793028448600799 -0.06779952755820458 0.1727973524424923
0.10171207456063751 -0.07018486416422591 0.1637890392318104
0.10351728085602592 -0.07060709906970292 0.17200632674600697
0.1069156689487931 -0.0720113932933258 0.16313129338992155
0.10904228019518998 -0.07234139413969658 0.17148584893277452
0.11173620315725936 -0.07338725335491204 0.1626785074262051
0.11398690532375576 -0.07334243010371086 0.17118049322337406
0.11723594079342091 -0.07453973650770522 0.1620914915214773
0.11963582079118235 -0.07422622396980123 0.1707802752692441
0.12376249516133833 -0.07541813837136589 0.16126212140039567
0.12587772254833274 -0.07484625808574154 0.1702261550804956
0.13240039277788776 -0.07596802480810194 0.15883490970478686
0.13358039065241756 -0.07623213862048957 0.1691208665518213
0.13883930370273062 -0.07765236908347269 0.15787308950679574
0.14108360196682 -0.07858277978398877 0.1678132134727897
0.14583759148888792 -0.07572887727589529 0.15707025060690505
0.14813628265136802 -0.07751308612185132 0.16697199510141525
0.08835053887195658 -0.059646557288066754 0.1671432710197972
0.08926713572126822 -0.05943186680703865 0.17511512062609555
0.09297813894163837 -0.06151274231930525 0.16638176706628802
0.09393306700423679 -0.06177054876667864 0.17460600646914695
0.09795988622362874 -0.06428239412186937 0.16516171423587422
0.09910283019953184 -0.06473665497427 0.1734336252295507
0.10234550781714435 -0.06669262300140161 0.16464927708527385
0.10396236182977572 -0.06731018907052747 0.17316354142099785
0.10742291788980882 -0.06848592260174521 0.16402221696094885
0.10945211157728119 -0.06905943245200466 0.17264265467498968
0.11197790398942108 -0.07049216434783144 0.16342879961195028
0.11431229076222486 -0.07088093697051476 0.1720687134696864
0.11723626037339512 -0.07272368175803524 0.16267056502029945
0.11970677756197494 -0.07217480931790045 0.17166832548143757
0.12376306466500944 -0.07368953272986072 0.16187978207600076
0.1260368077479251 -0.07323924379629258 0.17103684152718837
0.13131282990109436 -0.0750077796382367 0.16029172302259934
0.13326194116740614 -0.07416104516147104 0.1701860311354913
0.1383465040392431 -0.0748978171305866 0.15888368858029384
0.14072951433930386 -0.07631951119033584 0.16876936867032477
0.1458247685608609 -0.07320417963255349 0.15801902148274624
0.1480721509204588 -0.07510701206662555 0.16773198697176683
0.09647986 -0.045061062 0.172253392
0.0958399919 -0.0479570705 0.177837987
0.102298483 -0.046188629 0.172483221
0.101337347 -0.0500794058 0.177934002
0.107735882 -0.0500427231 0.17082801
0.106376702 -0.0532091857 0.177124491
0.111024683 -0.0529185313 0.169564875
0.110335218 -0.0552000938 0.176606101
0.113899074 -0.0551262389 0.168652109
0.113869713 -0.0574439833 0.17589695
0.117369121 -0.0570437661 0.167693841
0.117915534 -0.0596575773 0.174996993
0.121742825 -0.0582256953 0.166724401
0.122636425 -0.0611204522 0.174105528
0.126640419 -0.0596961969 0.165678861
0.127848826 -0.0619541391 0.173522926
0.132222003 -0.0604476464 0.164478415
0.13351586 -0.0630236443 0.172536119
0.137972584 -0.06055971 0.16315479
0.139627761 -0.0629819465 0.171657954
0.144035179 -0.0609590351 0.1614189
0.146169071 -0.0631011289 0.170387832
0.08363715122115942 -0.06001240187288254 0.16738686314755344
0.08454860695823813 -0.05817417502427149 0.16748017094929657
0.07075124708533936 -0.045783400395610255 0.16262230218447749
0.07228768924719177 -0.04820236650577334 0.16497117747054338
0.07022359135543037 -0.0469419857860416 0.16273881531452092
0.07147202061106829 -0.04950795552394141 0.16491132423361948
0.07322398588147286 -0.050539420370248236 0.1660566724532173
0.0725165575870066 -0.051688985685178844 0.1660015934572792
0.0745230182650308 -0.05253759787873439 0.16713358928173616
0.07359572507850803 -0.05377372152756649 0.16688792464199634
0.07568521663083642 -0.05392417619320598 0.1683647287483613
0.0749666580689365 -0.0552824924022928 0.168077600120199
0.04918238924600598 -0.00918846587637196 0.16061566844857603
0.0544236164564412 -0.010623564943035237 0.16114438692904362
0.05069321969400871 -0.008834845382605124 0.1609069862678295
0.056480553606219605 -0.010497172078669625 0.16189196759901717
0.05026820232594553 -0.008356817710719455 0.17626286209637904
0.051544549626774586 -0.007967955236794295 0.1760818956403513
0.06401784076658694 -0.01708052095838273 0.1642695360401028
0.06366668138977011 -0.01669924859342003 0.16289720307977815
0.062488153770126086 -0.015575576512566955 0.16582234601383952
0.06174666168855567 -0.014177796092681404 0.16420236884143297
0.05835629354829369 -0.012531276579463183 0.1669690211842237
0.05610989988137901 -0.010912075777901258 0.16369382301591473
0.05393417389836206 -0.010537998257185642 0.16789206813904192
0.05025889460412877 -0.009390152278855105 0.16306536637218957
0.0645431961903527 -0.01646439919858893 0.16404431370796144
0.06429695903836326 -0.015983318069540235 0.16261625224592055
0.06333771278462653 -0.014956567066643372 0.16572505710505664
0.06283274239114053 -0.013756893571976883 0.16419155713131078
0.05952414332026093 -0.01243224249615622 0.16688931426673737
0.05786258978014419 -0.010744296340442707 0.1640393078329746
0.05531335112197085 -0.01023916153607358 0.1678166929497679
0.05195353063570245 -0.009130493552698831 0.16341090675894343
0.07853205784229073 -0.03179237174604697 0.12019923060574346
0.07052060473315737 -0.02170263939178634 0.10328978847263302
0.061202593844434154 -0.01990558676846009 0.10245715703386732
0.06304337388802035 -0.020970284403487298 0.10281629377843648
0.06265035299652646 -0.02105648441991162 0.10379359783968235
0.06923086685251771 -0.023753648372883237 0.1089691108889466
0.06463901466660214 -0.02288473482398727 0.1089565074221996
0.061185666611426964 -0.022203725243031873 0.10923423552300458
0.06501592905357327 -0.02243786020426583 0.11412016353418226
0.06365509038103964 -0.02179572268410656 0.11434263212752753
0.07046565124616773 -0.026894581816673153 0.11141607604524702
0.06986596818173912 -0.025107845699845276 0.1140732426752127
0.06833876469234858 -0.024079848263444233 0.1155965822171624
0.06729207967854042 -0.023663911437413008 0.11591885343089396
0.06578180191632287 -0.022996131180087368 0.11617101460402353
0.06294314847456654 -0.02079718809944524 0.11672570072552872
0.05893992195363255 -0.01785596939976156 0.11715245848160083
0.057365994515193065 -0.014580175617920984 0.11773439215739029
0.05491431535132221 -0.010674257013326796 0.11775348355317364
0.05418606503135904 -0.00757002763906687 0.11755485025415177
0.0534222805884855 -0.005128224908155729 0.11694401557010187
0.053078870201165695 -0.0034602767449048496 0.11648083559394802
0.05288487212962802 -0.0016688435132307588 0.1164501555907555
0.07231522590715925 -0.026349799421507 0.1177331913610972
0.07004546729632939 -0.025522060100915525 0.11882332329753854
0.06956979811754178 -0.02453160525239115 0.11982881142916142
0.06791762584357418 -0.023207648299634023 0.12035465522548819
0.06331051927545314 -0.021161901177566726 0.12129630403092892
0.05982086557253892 -0.018784669258008674 0.12163598038404368
0.0578718752074745 -0.015032822210140089 0.12115650376425495
0.07614827876052924 -0.028757462004571684 0.1216594386337105
0.080500278 -0.0346209166 0.126940615
0.0799046217 -0.0423729635 0.13146034
0.0796704331 -0.0492162803 0.137738792
0.0864722015 -0.0493015984 0.147686544
0.0872464108 -0.0521212499 0.153371272
0.0892663844 -0.052645479 0.161356116
0.07392405006522916 -0.025729288679599328 0.12307272250866566
0.0772635055 -0.0312043168 0.128079794
0.0774389992 -0.0388620053 0.133050337
0.076043878 -0.0290348053 0.127631406
0.0754423572 -0.0318059845 0.131731266
0.07253999955246104 -0.02460230828913642 0.12311937541345755
0.0735545187 -0.0248621702 0.127313561
0.074061323 -0.0259733786 0.131336772
0.07017101251556229 -0.02279327112740357 0.12403623496831682
0.0712961419 -0.0235283033 0.127351267
0.0720808776 -0.0235725466 0.131009115
0.06639497732101438 -0.021164633745139827 0.12481998088334836
0.0675748263 -0.0214123434 0.127613532
0.0677095292 -0.0213146722 0.13048367
0.0607860167009413 -0.017878850920735736 0.12510213711805326
0.062464632 -0.0174651462 0.128010301
0.0627953388 -0.0162533089 0.131638038
0.0531722424 -1.623353E-9 0.197169467
0.0517552831 0.0 0.197731162
0.05040578054660011 -2.9074832854087047E-10 0.1878326424508673
0.04860929308628098 2.1619688656999225E-9 0.18818456805336184
0.049898529362296384 -2.6974042579630634E-9 0.18136191864590287
0.04764036813182455 2.9432368067765912E-9 0.18167178742158738
0.05074776802278922 -2.195653831722111E-9 0.17831952968475195
0.04840004884533759 2.9848916631815674E-9 0.1787823072846115
0.0510705205219809 -7.648903277315751E-10 0.1754828832010621
0.04941688861919898 2.937789233503827E-9 0.17556024754866678
0.0586477532 -5.6097E-11 0.198088062
0.0572356465 -7.577126E-9 0.190599904
0.056204812 -5.933962E-9 0.185014214
0.0570190512 -6.589894E-9 0.182646502
0.0579517604 -1.7287042E-8 0.18030242
0.03255850324364511 3.8806300200503705E-5 0.12329839295950755
0.029540081148751767 2.209823257648423E-5 0.1252474850491351
0.03306440234563121 3.8110906213530546E-5 0.12488959897951309
0.029787891643294522 1.601313512821615E-5 0.1268061897701389
0.0578381025 -0.00792131916 0.180084189
0.05266583470343346 -1.316377576324002E-4 0.11638385043842454
0.04948411259284097 1.2666319587049821E-5 0.08164182138392444
0.046266618146786 2.194789007039091E-6 0.08369181025440893
0.046662925193517384 -5.651066963771946E-5 0.07893571953833621
0.04094411915086178 3.838345096712859E-5 0.08046774933360022
0.05294571940243345 1.942526157320927E-6 0.0781623801437831
0.050738349011106014 1.2165615375901857E-5 0.075920478844825
0.05371802005301445 -5.603065166847541E-6 0.07307189115428317
0.0509090137155784 7.010094202601341E-5 0.07220115096931223
0.05217053773948649 8.44539639564621E-6 0.06833315647962351
0.04873386108565231 -1.6923519040187878E-5 0.06727857874712777
0.05099323709950343 -1.2344636998351062E-7 0.06483476012832878
0.0482677378305169 4.670561721900724E-6 0.06454009902331945
0.051132360875408726 1.3467837381148268E-6 0.0628826570666816
0.048201076309929175 2.7517509908634624E-6 0.06220403189151244
0.05194077409345606 7.022278647319584E-7 0.0612926589656146
0.04957873669486021 2.786083754532309E-6 0.05925980666024544
0.10629672332622751 -8.925578662880284E-8 0.033553340120726256
0.1041650527385207 -1.449324803924171E-7 0.03135889321457195
0.0922285851188914 -1.3228501881087542E-7 0.03664749498616297
0.09053788538018873 -7.363224943914911E-7 0.034266606588349936
0.0885438550616911 -6.51188243466534E-6 0.037439438380333534
0.08747097370077969 -2.88150973495068E-7 0.034858753259350415
0.08347586219139402 -2.645268123138647E-7 0.03838797415424943
0.08228817030219027 -2.1220232382268193E-7 0.03582006462220952
0.07724463128938334 -2.408708822843204E-7 0.04109706350047119
0.07649119746290443 -1.287623466123072E-7 0.03892180091590765
0.07240079826405582 -4.47742091780511E-7 0.044760407821424895
0.07081958026411825 3.691050218598534E-8 0.04277763006439891
0.0680677118870187 -6.012302664651377E-7 0.04727110037113832
0.06610651906540216 2.925730076456841E-7 0.04574825307964909
0.06284984626855829 -1.1393109382571267E-6 0.050095786685931044
0.06056200706301123 8.672073906516286E-7 0.0475999783106937
0.059873407313826975 -1.3569032832710446E-6 0.05204587438988311
0.05726968463958419 1.2443713193208916E-6 0.04903153652407667
0.05767266064576663 -1.7439176532961154E-6 0.054719696267416816
0.054531434961105955 1.6418124438560012E-6 0.05140752271636143
0.05514085591101336 -1.1049865783457434E-6 0.05780692022121492
0.051923076339769565 2.090673678679504E-6 0.05491303991588976
0.05506215651034121 -7.754543873270499E-6 0.08709782034805234
0.05254829229528781 -1.3125791879099198E-5 0.0882346425439902
0.05356465396293334 -1.0202319787459483E-5 0.085286315030197
0.050020734684927834 -9.12970135212072E-6 0.08634968666532955
0.058968598257374404 -3.1037549407698584E-6 0.08240248056141468
0.06152864682520067 -4.4557857725309535E-6 0.07886037633486616
0.0626324100923318 -9.455356650517303E-7 0.07376686303595538
0.0620483616648893 -2.8928839807617653E-6 0.06910147045467806
0.0617025608 -4.68462592E-6 0.0668684849
0.0616575562 -5.05620528E-6 0.0640134185
0.0619446963 -5.08794924E-6 0.0612566432
0.0625025299 -4.80930132E-6 0.0593009251
0.0645970467 -4.12965982E-6 0.0574517725
0.0672416984 -3.03147505E-6 0.054858997
0.0733044472 -1.6117856E-6 0.0556015284
0.0834666812 -7.39692758E-7 0.0570383795
0.0870970342 -4.4330674E-7 0.0570526755
0.0912001434 -2.88723847E-7 0.0566109755
0.0954233415 -1.72989524E-7 0.0563655928
0.102054806 -1.16999231E-7 0.0555171937
0.112652911 2.5513513E-8 0.0375692056
0.11525974993735479 -0.04253108207584569 0.040442728334803425
0.11821109153529152 -0.046964190941548814 0.043497188745936596
0.11757441516084677 -0.04141560793832866 0.041022341392498024
0.12055797499403419 -0.045467867165288584 0.04392531515084035
0.122886892 -0.0386534398 0.0448943084
0.12426687 -0.0423677781 0.0459908709
0.12429077833977342 -0.05394912544005913 0.050664760769215285
0.1260556748537843 -0.05256067029482506 0.050468968549537106
0.128852453 -0.0487250629 0.0513156212
0.09350210787127602 -2.509109973545725E-7 0.03351197633561623
0.0989874252904703 -2.0269032979144477E-7 0.032413758341623834
0.09397004323139903 -0.0027821556110640745 0.03324404672093884
0.09921288941385947 -0.002779189262219276 0.03227599750704574
0.09437404019838207 -0.006360238282335851 0.03399611675190922
0.09958657265799663 -0.0063039966252629535 0.03362120639098109
0.09565812301918107 -0.010788902854948382 0.03465975639210168
0.10033424007333068 -0.01031753286755728 0.03357822631324578
0.09704271941310279 -0.016349991705716924 0.03443236234348474
0.09975065941656294 -0.015290905264812327 0.033109702075230917
0.09967756511872444 -0.023917723548620776 0.03615931193891214
0.10229520382730745 -0.022873885402338073 0.0337631373357477
0.1026210358832209 -0.030226718920263733 0.038810168346881016
0.10565935961638522 -0.0308311088493493 0.035868520291981294
0.10806844557912092 -0.038058870969809186 0.04325153857753454
0.1105227881244342 -0.03745597198206215 0.04092757007429693
0.11170769441141176 -0.04214397072513345 0.04734987358120681
0.11379173078736503 -0.04214978594865274 0.04448076877447065
0.11446945824215092 -0.04637065678591647 0.05054352913578905
0.11655252061704764 -0.046549879433144196 0.04749849703484211
0.11671014274805637 -0.05062717469615405 0.05349645167232988
0.11890912185414 -0.05092070237530826 0.0504666023974832
0.11915024695042103 -0.053954509315467684 0.056710108752202754
0.12179036731449928 -0.05376080032620118 0.05407548206636235
0.12202286755592424 -0.05638116142096994 0.0603667065999787
0.12470149266392794 -0.05669557491609194 0.05757651286868339
0.09622019588081333 -1.9974813008768148E-7 0.035842423059343605
0.09950784594853437 -3.439844107055006E-7 0.03461905200014568
0.09624858505340587 -0.002639835738346274 0.03565400204711338
0.09963894549406557 -0.002771937329946778 0.03472395725468613
0.09720267584112141 -0.006679768265362201 0.03634338525464865
0.09991599880573726 -0.006356043249878679 0.035314189856439616
0.09801721619300043 -0.010966623087732538 0.03665432687390334
0.10076893060545333 -0.010118921403160605 0.035071712257474984
0.1004430179971764 -0.015783209243665514 0.038634096201144864
0.10267135360984156 -0.015946139751084297 0.03507609898187323
0.10353497165133113 -0.021139225497643504 0.0409669373571431
0.10476264035853335 -0.022054062010290875 0.03640643409218827
0.10743604321099942 -0.029347466196896606 0.04385134965469683
0.10845158397540654 -0.029487104497103022 0.039358711469194674
0.11143662683849204 -0.035264695476386665 0.047603429397975155
0.11335969278521625 -0.03575743545494927 0.043725337941677954
0.11404336170857055 -0.040046616521244596 0.0504123781620099
0.11601897670356248 -0.0406959099413435 0.04656001833220933
0.1160994777695703 -0.04425120565408857 0.05282745025685662
0.11838409280245916 -0.04493890883727273 0.04912143215858213
0.11812478602751651 -0.04827935385383366 0.05547900954654307
0.12056599019332757 -0.04905274095667233 0.05187316057205502
0.12033430407478694 -0.05146678780931317 0.05844988548245887
0.12295363043272677 -0.05228229961619854 0.05508395385274577
0.12258016145766978 -0.053856128580216635 0.061521378821314844
0.1255899618421382 -0.054712965790193725 0.0582469155940791
0.105958335 5.9579175E-8 0.0470844145
0.109191123 4.1301489E-8 0.0405487362
0.105743235 -0.00230689407 0.0470253232
0.10897305 -0.0026727774 0.040560533
0.107073206 -0.00552777813 0.0479575538
0.109432423 -0.00597031345 0.0409335209
0.108174672 -0.00899258091 0.0491962784
0.110170105 -0.00971409422 0.0415570099
0.110128785 -0.0128519974 0.0507351912
0.111525167 -0.0137235618 0.0426103334
0.112389094 -0.0177496814 0.0522907639
0.114108545 -0.0192325711 0.0446056453
0.1148907 -0.0226104901 0.0545562737
0.116460468 -0.0251922813 0.0463775886
0.11747231 -0.0284927044 0.0568402497
0.11900673 -0.0310244666 0.048930683
0.118802752 -0.0325646585 0.0584059092
0.120477965 -0.0359322245 0.0505507018
0.120122151 -0.0359566497 0.0605788107
0.12218819 -0.0395478705 0.0527726702
0.121235802 -0.0392553947 0.0625546032
0.123754912 -0.0432152983 0.054813946
0.122780034 -0.0410589455 0.0657720854
0.125689298 -0.0455282141 0.0579198214
0.124424494 -0.0426204985 0.0685306247
0.127595428 -0.0470215265 0.0614489692
0.118363712 2.5936935E-8 0.0345277809
0.119367331 -0.00300727299 0.0346781832
0.115944571 -0.00317995443 0.0315857036
0.115489031 1.7134496E-8 0.0314039498
0.119370503 -0.00610101569 0.0350615752
0.116207019 -0.00632586016 0.0317838769
0.119384012 -0.0100559729 0.0354468482
0.116605776 -0.00986384949 0.0321663879
0.119411135 -0.0140286987 0.0353548588
0.117367682 -0.0142348289 0.03192039
0.119428281 -0.0188711312 0.0356959019
0.115354423 -0.0205152101 0.0329031074
0.119435723 -0.025353727 0.0367543099
0.115882927 -0.0268485443 0.0334074397
0.122172361 -0.0340496179 0.03599897
0.11974781 -0.0342289902 0.0328576414
0.123966366 -0.0403809577 0.0371003673
0.120042458 -0.0422244641 0.0351293862
0.126248052 -0.0445287206 0.037730719
0.122686261 -0.0468957623 0.037149299
0.129705224 -0.0480970779 0.0411620682
0.126152429 -0.0508137001 0.0407821855
0.132395629 -0.0509558764 0.044764165
0.129707148 -0.0534278832 0.0443949106
0.134496714 -0.0545350602 0.0483928336
0.132405266 -0.0571974627 0.0485128745
0.113597152 -0.00278265134 0.0293792436
0.112611352 0.0 0.0293758826
0.113959612 -0.00637593903 0.0300384986
0.113734384 -0.0101419696 0.0307844
0.115552552 -0.0145419531 0.0304086012
0.114587398 -0.0207058653 0.0314680527
0.114581105 -0.0276070737 0.0319095583
0.118782467 -0.0346697955 0.0316534231
0.118687907 -0.043441148 0.0340610432
0.120615186 -0.048200758 0.0370789055
0.124093416 -0.0522756072 0.0406944559
0.128193455 -0.0548779758 0.0445161117
0.13134025 -0.0582227805 0.0487778548
0.12489392295765246 -0.055908731563524244 0.06474250283822007
0.12423961003668267 -0.05865188372236951 0.06401421151666109
0.12825827530001427 -0.05663305680644859 0.0617850911766709
0.12755158752351203 -0.058486590876593456 0.06150718856818164
0.13159948529583787 -0.057565890464605224 0.05833380635696813
0.13071170032432808 -0.05889384706510278 0.05873222268472362
0.135075785 -0.0602551454 0.0530319006
0.134291051 -0.0612488223 0.0534814972
0.125575698 -0.0435445408 0.0713319697
0.129333375 -0.0482885699 0.0640944146
0.132967594 -0.0527895833 0.0584334074
0.136551319 -0.0567555478 0.0525654802
0.12639623241312808 -0.05748450459106138 0.06896940047029039
0.1261039449417777 -0.06097124043489729 0.06799141142498166
0.13027709016430683 -0.058705870151208935 0.06562181494491333
0.12994438213073922 -0.061279655843523725 0.0655366714391111
0.13432787475295574 -0.059768306409582334 0.06222338850224723
0.1332948695136207 -0.06176421820477781 0.06296984723569456
0.138415191 -0.0621111072 0.0577418616
0.137559537 -0.0634949234 0.0583125408
0.127080587 -0.043633102 0.0730549753
0.131417539 -0.0481590133 0.0680562954
0.135113429 -0.0532522594 0.0629423673
0.139353328 -0.0578543733 0.0577399528
0.12819917521305277 -0.059179590519129445 0.07328494477433885
0.1278684956843757 -0.0631925130423508 0.07236898779871129
0.13244612813162782 -0.06038701083029775 0.07034807846921823
0.1319310352410534 -0.06360691637342537 0.06989916155461065
0.13670344018067432 -0.0613866835348311 0.0672273559482451
0.1358315966102201 -0.06389838912879595 0.06748479395321465
0.141393529 -0.0631586869 0.0631771163
0.140614368 -0.065099051 0.0637024813
0.129141306 -0.044276707 0.0743452524
0.133103614 -0.0475693921 0.0723629978
0.137448853 -0.051707834 0.0679543951
0.141904364 -0.057015525 0.0636346337
0.1307488634210189 -0.061639188142323206 0.07993733200345499
0.13059328924010258 -0.06633873424266827 0.07851692090941385
0.1354307027630677 -0.06174042443834557 0.07782741448831998
0.13529059379783503 -0.06572558246263754 0.07702474044660797
0.14007145875730045 -0.062300336854032384 0.07581402773994646
0.14013886707626214 -0.06544957256251743 0.07499638353687739
0.145866625 -0.0638057365 0.073194897
0.145309818 -0.0660948299 0.0727077122
0.13096995 -0.0472845994 0.0840662325
0.135319048 -0.0477572413 0.0805634771
0.13944258 -0.0500971347 0.0791176299
0.145854128 -0.0541980621 0.0749891556
0.1339258006710416 -0.06311014484989713 0.0883411628243012
0.13410231383052165 -0.06869602120637144 0.08726769790434678
0.133953182 -0.0475937446 0.0931283373
0.138067336 -0.0491039583 0.102944686
0.13777283671275561 -0.06432826723758667 0.09889349658194269
0.1379309006763379 -0.06941279672678442 0.09782177699833715
0.1415622153515019 -0.06594506265819321 0.1138950690635624
0.14168208154480808 -0.07100357864984803 0.11331968012934725
0.142336836 -0.0524789519 0.117017493
0.14449320774771943 -0.06789687537338661 0.127042909358025
0.14471172153226178 -0.07080131428790257 0.1257372716614836
0.146324115 -0.0550318547 0.129942463
0.1390030977778906 -0.06217252331164642 0.08628474770929666
0.13913592817958487 -0.06718692975706557 0.08561780418602158
0.138508596 -0.0477145175 0.0896890896
0.142100985 -0.0487768488 0.0995484621
0.14293971514166162 -0.06357018557998555 0.09625037169139787
0.14297665702585022 -0.06875705959785831 0.09579661676970967
0.14726814601442778 -0.06511128088022443 0.11218086655545594
0.1482624628437429 -0.07020721196449849 0.11021710738751937
0.147061814 -0.0523186606 0.115695086
0.15028838582554468 -0.06738333131323214 0.12546777660839864
0.15002344350240546 -0.07092769603328333 0.12459682771749375
0.150390177 -0.0543588682 0.129401966
0.14398502666876037 -0.06333843267824454 0.08400242952443111
0.1442888639539396 -0.06726033715044469 0.08340208716999364
0.1426223 -0.0484723594 0.0879947144
0.147733939020856 -0.06469739150387262 0.09366639086653207
0.1482133104458857 -0.06912774843540569 0.09351421922963712
0.144842576 -0.049582187 0.0968319918
0.1523333014458571 -0.06683396234965927 0.11038081677456534
0.1522875133742834 -0.07096988075400293 0.10960206655720485
0.151569572 -0.0519004459 0.112464648
0.15558496220011303 -0.06796879010320678 0.12383166956982355
0.15536256424427805 -0.0725800555826259 0.12318543946607736
0.155738023 -0.0537560827 0.127390303
0.149514103 -0.0650704864 0.0815510668
0.149415567 -0.0671983758 0.0810527882
0.147854028 -0.0523678271 0.0843606642
0.153295283 -0.0660555234 0.0909935322
0.153530337 -0.0691773376 0.0912930045
0.151071187 -0.0509107582 0.0936363179
0.157968489 -0.0681337526 0.108524893
0.157657691 -0.0715452191 0.107954502
0.156186745 -0.0529612252 0.109673727
0.161023721 -0.0690967878 0.122198343
0.161102904 -0.0731653287 0.121797161
0.160533125 -0.0540367542 0.125418774
0.14668995485425673 -0.06627292115986773 0.13821887247731804
0.1469426520660204 -0.06905632205511572 0.13725016973271928
0.146758431 -0.0563564699 0.141649332
0.1527268452257254 -0.06855307840336014 0.13689730312581797
0.15175896610167988 -0.07221408559846683 0.1355283214838833
0.153380024 -0.0558241234 0.140446244
0.15863964066228184 -0.07125010297337711 0.1355622670269415
0.15822048730307234 -0.07473382709739548 0.13462033340917937
0.158572444 -0.0554410982 0.13938176
0.164213779 -0.0710959846 0.134409827
0.164141724 -0.0751769919 0.133451624
0.164398469 -0.0552610815 0.138183793
0.14932715110043726 -0.06700711307042027 0.1484113035174519
0.14857868094496002 -0.07150056095416583 0.14826793104375785
0.149227604 -0.0580235448 0.151546417
0.15530586293158125 -0.0704001031614059 0.14792255428717618
0.15521885817996564 -0.07522595159693282 0.14653100398223837
0.156301816 -0.0573594191 0.151377572
0.16135951941701818 -0.07511591242606129 0.14683124959616464
0.16103706097695047 -0.0777688159908449 0.14552833488649358
0.161777357 -0.056828307 0.151224044
0.167029919 -0.072105553 0.146297155
0.166983625 -0.076192436 0.144963
0.166945292 -0.0563791423 0.150839566
0.15205861019895914 -0.06827636445909761 0.15883344429991783
0.15207356788474352 -0.07154939949731325 0.15823404707630812
0.152005184 -0.0592101318 0.161591775
0.1573894311084392 -0.07315712912512368 0.15799358124197124
0.15674903061361706 -0.07805379804214141 0.15678348724477373
0.158990715 -0.0585202036 0.161615767
0.16328487449655119 -0.07630527107304384 0.15727316551553336
0.16285063647530726 -0.0793615744022259 0.15619861384282976
0.164465317 -0.0578331636 0.16180955
0.169433824 -0.0731795381 0.156953383
0.169398203 -0.077747869 0.155696205
0.169530764 -0.0570048046 0.161876285
0.15460198484942192 -0.06989942865149604 0.1686959364324096
0.15434499586088138 -0.07283828105183159 0.1680938747072645
0.154475439 -0.0620288123 0.170744026
0.15950346959591452 -0.07222616561250843 0.16783074612619842
0.1592402037788952 -0.07540962018309683 0.16720511535830454
0.160953167 -0.0625799714 0.171118851
0.1654595357780747 -0.0753909782990078 0.16698080682279065
0.16510022663937857 -0.07944860982599442 0.16580232955179922
0.167248951 -0.0632056288 0.171013546
0.171923135 -0.0748817387 0.167197172
0.171873162 -0.0791049772 0.166195767
0.172582466 -0.0627730172 0.17148351
0.15597671382933584 -0.07331687970659401 0.1778957172255688
0.15595897679412188 -0.07571480312739481 0.17729129269342717
0.156402928 -0.0648116736 0.180506646
0.16055473939329037 -0.07518479837662212 0.17715142177564552
0.16029173642070135 -0.07757084698988127 0.17650276667034973
0.162383056 -0.0654263032 0.18064119
0.1673809527467425 -0.07665510655530386 0.17683016601353652
0.1682951412015185 -0.08021123620916643 0.17544233833099526
0.169958904 -0.0655076217 0.181180063
0.174210479 -0.0769171907 0.177251119
0.174290842 -0.0821237617 0.175987814
0.174840213 -0.0653027549 0.181062613
0.159782765 -0.0731698338 0.198132315
0.160024334 -0.0747306973 0.197874008
0.159212265 -0.0655791238 0.202316158
0.164813598 -0.0737497979 0.19811897
0.165350997 -0.0771607376 0.198033262
0.164593166 -0.0650324045 0.202659013
0.170782222 -0.0772224816 0.197570728
0.170485807 -0.0819940233 0.196069175
0.171298707 -0.0655027858 0.202278932
0.176859304 -0.079008421 0.196889321
0.176909034 -0.0843347337 0.195442794
0.176636295 -0.0648666077 0.201737672
0.05693424534737986 -0.01003920892910838 0.12098900493533528
0.05537014079773857 -0.007194206409412194 0.12129526045707636
0.055316885814009745 -0.004625063546831491 0.12078380900600785
0.054466490750263864 -0.003059259552255944 0.12008701941312004
0.05447606397674203 -0.0013905606943631524 0.12046806282038876
0.05420349856040993 -8.911038988156097E-6 0.12073545877708802
0.05777883102627311 -0.012777589115182857 0.12127977880880335
0.059811916522350295 -0.015502067078370155 0.1253819290387194
0.05859423089522103 -0.014106331592935376 0.1252665297940149
0.05782763764480907 -0.012182794023430418 0.12447829706621855
0.05706124944137436 -0.011250897741196553 0.12408048923983633
0.055399892169690886 -0.00959924396853051 0.12356067765764664
0.0625079682 -0.0251313994 0.19658412
0.0619342832 -0.0287933189 0.190036476
0.0649316206 -0.0305371398 0.195860644
0.0678279432 -0.0344490857 0.195304827
0.0698470185 -0.0388706162 0.195147991
0.0667084347 -0.0397965932 0.181576611
0.06701887 -0.040748668 0.183228157
0.0681646236 -0.0410045037 0.184816174
0.0701916446 -0.0413027814 0.189139072
0.068523219 -0.0433513214 0.181288761
0.0737545617 -0.045258505 0.189368598
0.071946315 -0.0452499021 0.185146683
0.0698514325 -0.0445438419 0.182798836
0.0719830665 -0.0468339872 0.18100988
0.0719794034 -0.042446511 0.195344322
0.0755606459 -0.0446918626 0.195591171
0.079660419 -0.0464276367 0.196019957
0.0839070617 -0.0478763691 0.196599053
0.0885076402 -0.0488356865 0.197099373
0.0932478583 -0.0496731656 0.197471542
0.07753716 -0.0477965993 0.188770685
0.081496161 -0.0482220959 0.187376637
0.0858040939 -0.0473082052 0.185891721
0.0908343674 -0.0473462078 0.184569643
0.0756537788 -0.0480062604 0.184463471
0.0806118697 -0.0483651347 0.182209083
0.084799525 -0.0476887938 0.179927915
0.0897618148 -0.0473034235 0.17809862
0.0738897878 -0.0474723869 0.182449173
0.0792681894 -0.0488812204 0.176724642
0.0801478421 -0.0486911121 0.17951483
0.0759599756 -0.0475571981 0.16842579
0.0754524653 -0.0479440698 0.170528729
0.0767072563 -0.0479192946 0.171348248
0.079523399 -0.0471331007 0.172054637
0.0887956078 -0.0490362628 0.170235895
0.0824839249 -0.0481327408 0.174202163
0.0841503108 -0.0483518206 0.177108942
0.0844784424 -0.0493449928 0.169213207
0.0869884633 -0.0506916181 0.169451504
0.0846294751 -0.0513376906 0.164188585
0.0869536262 -0.0522744579 0.162450399
0.0827924074 -0.052255559 0.157675147
0.0847175092 -0.0520075962 0.154907411
0.0809881488 -0.0498760729 0.153136937
0.0835614469 -0.0488488728 0.149904102
0.0764564593 -0.046463778 0.147730852
0.0769990288 -0.0475379147 0.144285472
0.0659386976 -0.0208616816 0.139854056
0.0668385886 -0.0204647357 0.136964523
0.0697064105 -0.0250326839 0.139415803
0.070593257 -0.024744853 0.13677078
0.0719164373 -0.0311174256 0.136847187
0.0719143353 -0.0382213672 0.137609526
0.0728818192 -0.0442594045 0.139938373
0.0720684656 -0.0308622247 0.139244182
0.0722247738 -0.0375419651 0.139660008
0.0731408504 -0.0429508756 0.142519624
0.0506057252 -0.00658007439 0.160309292
0.0542589179 -0.00857758568 0.159326479
0.0590209585 -0.0102749312 0.158992104
0.0612228562 -0.01123916 0.156370961
0.0586666694 -0.00814871792 0.162595248
0.0622858191 -0.0103719457 0.161180478
0.0596308304 -0.00731083387 0.164836689
0.0627736379 -0.00876261589 0.164610618
0.0674682976 -0.0105082665 0.164097923
0.0674833352 -0.0105408877 0.165347617
0.0676464496 -0.0107920002 0.1665943
0.0679842105 -0.0112654313 0.167932769
0.0647352217 -0.00911425074 0.165407973
0.0647900248 -0.00881994171 0.166665511
0.0650885513 -0.0091189229 0.168006295
0.0655519546 -0.00980246674 0.169656911
0.0621740809 -0.0071774801 0.166180099
0.06165846 -0.00654377847 0.167945642
0.0615129995 -0.00695848144 0.170061864
0.0621159048 -0.00811841171 0.172690366
0.0598340579 -0.00625221082 0.166709058
0.0597373373 -0.00610069968 0.168716527
0.0597911287 -0.00673398804 0.171026325
0.0601673244 -0.00796588532 0.17361576
0.06190098819439661 -0.02753880899441507 0.15001650479002093
0.062469521334517414 -0.025475663903028422 0.15064649853692785
0.06258942874023603 -0.02346229871897361 0.15134653957147118
0.06324565012430172 -0.02144300428456963 0.15231371318510015
0.0616898373085095 -0.028116723273511605 0.1499294891964608
0.061590521991769745 -0.02635835447524778 0.15057687587999968
0.06159297024607236 -0.024346542465290253 0.15140800682738795
0.06175265886426038 -0.02223292782509957 0.1525629204976273
0.0701048858 -0.0154461416 0.154218054
0.0700069939 -0.0173858559 0.152981764
0.0696837954 -0.0194042137 0.151897314
0.0693276153 -0.0214781755 0.150998528
0.0665810724 -0.0157584315 0.154147045
0.0658755628 -0.0169735286 0.151771342
0.0656932715 -0.0185349734 0.149601268
0.0659470091 -0.0205588983 0.147839661
0.0647786641 -0.0149836827 0.154519157
0.0635225864 -0.0159959388 0.15119156
0.0638572229 -0.0173303735 0.148391735
0.0645910339 -0.0197274408 0.146347148
0.0622820552 -0.0119795606 0.152327116
0.0606045702 -0.0136104358 0.148799848
0.0611066436 -0.0156890632 0.146118266
0.0624013311 -0.0178903813 0.143883922
0.0624209505 -0.0162901118 0.141174201
0.0622005588 -0.0158287416 0.138175723
0.0604358523 -0.0138981499 0.128384269
0.0616699134 -0.0116722217 0.133415638
0.0611935787 -0.0132274284 0.130508464
0.0570089117 -0.0112575551 0.149625886
0.0605084854 -0.0111219263 0.137728874
0.0607881409 -0.0135130364 0.143450654
0.0605748443 -0.0118933336 0.140234545
0.0588674285 -0.0116684034 0.142828988
0.0593112663 -0.0125549104 0.146193521
0.0550883122 -0.0106929951 0.150559541
0.0497990413 -0.00916210318 0.151989979
0.046423575 -0.00766351656 0.153983029
0.0440626883 -0.00623734098 0.155983906
0.0420781988 -0.00323123723 0.157430727
0.0412334655 -0.00142250714 0.157727022
0.0412282639 -4.744024E-9 0.157721288
0.0541373872 -0.0111581113 0.143589603
0.0373274108 -5.79568189E-4 0.154023384
0.0496260919 -0.0103060234 0.145300714
0.0456919971 -0.00828431288 0.147647842
0.0421857508 -0.00696978792 0.150009759
0.039674654 -0.00524209299 0.152307206
0.0380464062 -0.00178409042 0.153534925
0.0373253034 -6.393954E-9 0.154025219
0.0566075316 -0.0112647177 0.138812052
0.0507541859 -0.0112065998 0.140112954
0.0460578315 -0.00952709949 0.142192145
0.0419692223 -0.00825051501 0.145360674
0.0385694689 -0.00656463611 0.147969354
0.0366714122 -0.00448508541 0.150099954
0.0354905986 -0.00135164777 0.15121283
0.0351759411 -3.20725484E-4 0.151486069
0.0351755152 -7.23912E-9 0.151485884
0.0601540356 -0.011554677 0.131992502
0.0557291719 -0.0121016936 0.13537282
0.0492688364 -0.0136985931 0.136903935
0.0454221612 -0.0122826128 0.138336928
0.0420447861 -0.0109187254 0.141327048
0.0386712746 -0.00941549483 0.144002876
0.0359307854 -0.00626472581 0.145904107
0.034140248 -0.00377069343 0.147340105
0.0331600221 -0.00123931526 0.148497647
0.0329160488 -5.38240946E-4 0.148604846
0.0329186597 -7.360644E-9 0.148602139
0.0577127247 -0.0128592829 0.130561891
0.0513775612 -0.0144479783 0.133651006
0.0420655838 -0.0135406462 0.138438574
0.03764975 -0.0111786817 0.141039772
0.0458200404 -0.0136893856 0.135221102
0.0355011776 -0.00899579538 0.143286746
0.0330902261 -0.00606012695 0.14411449
0.0315719187 -0.00339134592 0.145088792
0.0306234811 -0.00130184297 0.145736757
0.0304198165 -5.5483891E-4 0.145913917
0.0304212391 -3.269929E-9 0.145909253
0.0560659458 -0.0147804778 0.12756124
0.0502958719 -0.0167648817 0.128558128
0.0480552332 -0.0158500909 0.131670138
0.0437298724 -0.0149256631 0.134426073
0.0402226089 -0.0139867017 0.138367089
0.0352435222 -0.0120097483 0.140247233
0.0401265214 -0.0128304235 0.137378642
0.0334836228 -0.00950774607 0.141738496
0.035224667 -0.011849493 0.139965086
0.0355032367 -0.0114544437 0.13900975
0.0312130608 -0.00593550037 0.141855166
0.0298093143 -0.00323707059 0.142285381
0.0288559702 -0.00125160354 0.142846266
0.0284723782 -5.69622967E-4 0.143156992
0.0284732757 -2.9013E-10 0.143153702
0.03219135 -0.00913675287 0.139618759
0.0301011804 -0.00547113111 0.139170704
0.0293753999 -0.00402966823 0.139245874
0.0300858314 -0.00385150321 0.136666358
0.0314103421 -0.00639643853 0.137263966
0.033383838 -0.00942410783 0.138389316
0.0283948599 -0.002021217 0.139474553
0.029041505 -0.00183467846 0.136623513
0.0276208671 -5.57861654E-4 0.13981451
0.0276207161 1.4037762E-8 0.139809252
0.0281928812 -3.73026457E-4 0.136836315
0.0281919644 3.640996E-8 0.136832215
0.0309832158 1.55059214E-7 0.133799109
0.03574193 3.44376472E-7 0.131459481
0.0452267669 3.40548746E-7 0.127844603
0.05047009064608442 -4.022430738941813E-6 0.12503896783115195
0.0309850558 -3.3772853E-4 0.133805098
0.0357484424 -4.92826775E-4 0.131472381
0.0454334683 -9.0306936E-4 0.127944049
0.05069128742273763 -0.0012099298839138978 0.1253016063683062
0.0318464708 -0.00185623036 0.133700129
0.0366138324 -0.00208965091 0.131478977
0.0461715671 -0.00283497894 0.128009428
0.05150230419999221 -0.002682866438205651 0.1254631304212633
0.0328559253 -0.00383930018 0.133943529
0.0374234579 -0.00396426412 0.131553882
0.0465693427 -0.00505989214 0.12786795
0.05231597359554548 -0.004002246098461457 0.12515553299319115
0.0499809333 -0.014541473 0.126896674
0.0478336918 -0.0158547972 0.128518781
0.052344262 -0.0154424482 0.127005089
0.0501839575 -0.0165252018 0.128350647
0.0466184348 -0.01648009 0.129723935
0.0395280389 -0.0124428941 0.136864917
0.0426207395 -0.0144599525 0.133685479
0.0402852873 -0.0114260523 0.134567281
0.043146797 -0.0126482402 0.132315517
0.0343512961 -0.00641179925 0.135028097
0.0360578239 -0.00886618458 0.136603475
0.0377466007 -0.0109746835 0.13752135
0.038111175 -0.00599828484 0.132217003
0.0385731289 -0.00810249901 0.133493247
0.0391566422 -0.0101231933 0.134687079
0.04177404586018413 2.593204792760626E-6 0.10197099716714411
0.04178489550400855 -8.704656847153798E-4 0.1019131737812435
0.04437764329079657 -9.668514467197411E-4 0.10529356843103431
0.04443450463832113 -6.820162885187771E-5 0.1053516487467997
0.04199162357688778 -0.0017674311893667372 0.10193424777578819
0.04444463871571522 -0.002272793862992482 0.10517189652065509
0.042417741952884454 -0.0037225026384784866 0.10179026155042613
0.04462147687694506 -0.003969249972710132 0.10490707099480648
0.04276900591187581 -0.0057193951373181555 0.10193624367624687
0.04496675321585819 -0.006199412987252485 0.10481369280546132
0.04373936506896058 -0.008462455103555828 0.10205498060786562
0.04591640522251393 -0.009152896840421698 0.10509936649054272
0.04582068236895295 -0.010831901373891674 0.10267657915342016
0.04708532785445817 -0.011587401112967303 0.1050279159324177
0.046557368022126545 -0.013383392735482088 0.10222917793576188
0.04825350951799894 -0.014651010209451407 0.10439948458475465
0.0481211106322638 -0.015189403594372698 0.10212991833236333
0.049789283979337316 -0.01635224179164705 0.10425781093940449
0.04939678465590375 -0.016438561947371175 0.10197742122779291
0.05051639639899368 -0.017483411428981653 0.103878577131818
0.05054555536823289 -0.017703658331289222 0.10155754788333515
0.0517778875400146 -0.01856890591713673 0.10346154633658347
0.05145791996074616 -0.018330178841639663 0.10107274556768285
0.052716728750437175 -0.01915189606167393 0.10290528923333679
0.05185498622242151 -0.019112910271358117 0.10032733599512071
0.05369952669082253 -0.019985330150801745 0.10223022350690611
0.0552262447362694 -0.019381184007626433 0.10062801872041215
0.05585706555950047 -0.020694398957948733 0.10228155655412592
0.05775895815245629 -0.02054226589926046 0.1010856061615444
0.0556880483522203 -0.018623884082498696 0.09922928631884595
0.05927339477559982 -0.019972874721280495 0.09907363069138483
0.0574165030021192 -0.017767646837206708 0.09877115316383665
0.06516416165889571 -0.02346497876546541 0.09475475634207021
0.06148883140695492 -0.02001809690944799 0.09583057908689094
0.06019674328684165 -0.020010032237200454 0.09241574682977693
0.06492901850096637 -0.023380515051733775 0.09127382198885632
0.05954363789505481 -0.019330428405958715 0.09055508497530024
0.06493955519654 -0.022310694911509738 0.0886270187102
0.05929962477745355 -0.0181203391392061 0.08882915925234343
0.0646916592190832 -0.020924924038415012 0.08677186221222782
0.05918821876362255 -0.016437472960443806 0.08719113968636179
0.06437197453048693 -0.019689570387222334 0.0848287622936673
0.05903244944683086 -0.014527238707327132 0.08571702579246349
0.06389072926338389 -0.017972368143149297 0.08315702709746926
0.059107536992006375 -0.012570200346086998 0.08440395472901244
0.06349111074255756 -0.015861940282669986 0.08138592968978021
0.05930325943585926 -0.010637238268887728 0.08329689500631808
0.06260843540642987 -0.013263315054970411 0.0796754986580025
0.059582413848222854 -0.008361096328611426 0.0826406433864671
0.06160376978581758 -0.010147430764757645 0.0783152670635576
0.058192586020395086 -0.006103295421738037 0.0824726428798642
0.0600509435874198 -0.0068346171144313544 0.07807512283020994
0.0572336486735829 -0.003539476800774232 0.08193966198466851
0.05939073604221782 -0.0035829403929525418 0.0769347150542143
0.05742380847310784 -0.0020047211175886746 0.08169626653218141
0.05932875192989784 -0.0020765208283446772 0.07675890718396403
0.05740581634472156 -3.4768243931279987E-6 0.08174394399814323
0.0593472274858416 3.480311746385764E-6 0.07673694692432181
0.06259036762849048 -0.02332021949517216 0.09939456820292507
0.05866027110654341 -0.0022765280184991374 0.07156030277239475
0.05864528447220282 -1.4628072803140274E-6 0.07158050366472975
0.05931769643366879 -0.003910142220407161 0.07266555515270237
0.060536507486958324 -0.007884362023530569 0.07313211993141099
0.06252832001692567 -0.011465363620634998 0.07333839422124873
0.06412571287223881 -0.01450869536952792 0.0743336305411826
0.0654565404976592 -0.01734533758165005 0.07544269943871
0.06664569564903762 -0.02012876914732797 0.07652734020094344
0.06743044106929594 -0.022343458561551406 0.07858783405530069
0.06778410653515751 -0.024437463391043603 0.08096755804812591
0.0679138640212283 -0.02557421741037 0.08337528066575754
0.06821852461165569 -0.027157622854452 0.08639936708016527
0.06906173816173694 -0.02828983840797116 0.0917848394293092
0.06707098529073006 -0.027544196292455223 0.09759863181063819
0.06534745103193332 -0.027516035793459476 0.10319777143163725
0.06015535967591369 -0.025085634047156656 0.10403511520019439
0.056851257058971136 -0.02504081931298546 0.10379305882932323
0.055023365308349316 -0.024357893741830942 0.10430858395780825
0.05618094537903504 -0.021948610858322313 0.1073519333736142
0.05468787828179262 -0.020303615058425005 0.10879067880337813
0.05273780412316779 -0.0187316633969731 0.10991563872519046
0.05048080134443817 -0.016860695780144125 0.10991332875265904
0.049145862271593004 -0.013831293604732047 0.11019554122867593
0.04756134707503526 -0.010140831898423673 0.109878407050086
0.046694051765115874 -0.0077871205890277006 0.10974042061744163
0.046503999906886355 -0.004535802888935291 0.10906410622362145
0.04624260735466721 -0.002846386390030148 0.1088946156388485
0.046272012834128774 -0.00140619551662789 0.10915494466270004
0.04622133212229299 -2.857161523655027E-4 0.10920420691865057
0.05768119351606871 -0.002426967960362044 0.06754576589364157
0.057300160629250904 -4.3424089377095786E-7 0.06765354748348978
0.05908595725045757 -0.005182717117979013 0.06747996354929492
0.06091432028575747 -0.008296685494795647 0.0682240652450711
0.06284964357348412 -0.011645400112073767 0.06894398075941922
0.06506118868017996 -0.014870681317365539 0.06977137507851322
0.06649404932064858 -0.018077684321689425 0.07062303238465883
0.06932917384436622 -0.021922558965471718 0.07221138905290204
0.0705729073700476 -0.024082930134732557 0.07734417547846509
0.07117146862362672 -0.02739632630979325 0.08475158957701834
0.06552149115952162 -0.032308791686325 0.1057294808602345
0.06286884625564597 -0.030745405112452887 0.1062321443615717
0.061144472605876105 -0.027915838907728908 0.10809264966989618
0.059543456058407294 -0.025791588377693075 0.1101223338222123
0.058229311978812676 -0.024615415649521626 0.11193730917442346
0.05655712002867299 -0.023820588156985612 0.1133551844139824
0.05446674850332256 -0.022352659065509015 0.1145357711514056
0.052228882968346275 -0.019879266670340585 0.11522355029357394
0.05063411381089724 -0.0167482909056953 0.11593714092563807
0.049976993431444086 -0.012995171704585931 0.11611673844994018
0.048564918589024904 -0.009752126828999213 0.1164984880183259
0.047701631051737976 -0.007119044739323199 0.11631646868575662
0.047237077110898695 -0.0035480829180403075 0.1155958300632261
0.047182364324630584 -0.0013526738202131545 0.11589126462017396
0.0472236892904831 1.8796131697770726E-4 0.11604731516728277
0.05762159610202523 -0.00261039667828616 0.06425092951498099
0.056855656264553925 -2.0431400774759817E-6 0.06445296284199199
0.058194407904260934 -0.0053336511790691935 0.06440196462380651
0.06061159749870671 -0.008316663852569505 0.06516075881043529
0.0631076928982324 -0.0111742934540854 0.06597777210015057
0.06535594272270376 -0.01445034823289864 0.06668967993249418
0.06764762693978862 -0.018549496404381666 0.06724258668621258
0.05840747145649616 -0.0027044494751445416 0.06226789034753815
0.05724930684136443 -2.8708116825846496E-6 0.06250892819551541
0.05842302425078139 -0.005361404133525099 0.06203746916677295
0.06102302616088868 -0.008044365703925556 0.062352843004824826
0.0630675302642861 -0.010856312289332103 0.06276639943497998
0.06570695882864462 -0.014192893859807161 0.06340372732305773
0.059343910905799865 -0.0025480870412526754 0.05904850063696849
0.05819210204688974 -3.249226727898733E-6 0.05891953369640555
0.05954110381918398 -0.005167118757036791 0.05889366256503227
0.0616071221168823 -0.00789300884137995 0.059120915190690675
0.0637859362217471 -0.010808833032572225 0.059341768094596216
0.06065236603423994 -0.0024830949340282154 0.05654904394181027
0.0598562537710624 -3.221248718113463E-6 0.05624201610741407
0.061147736467441344 -0.005065732715696942 0.056312578691414
0.06312647045634172 -0.008101043478865757 0.05640084827761059
0.06529357054220443 -0.010925531054483524 0.056397156175823714
0.0686021178465469 -0.015273945078675917 0.057005854552015636
0.06691622089810317 -0.014444626518818613 0.059774364059039686
0.06294268323345266 -0.002611042947504867 0.0543180867415475
0.06167861912551898 -2.713893698325809E-6 0.05380576219620076
0.06351562748262479 -0.0051114704333548085 0.05405921860042162
0.06570167934162925 -0.008350147090178431 0.05418838643782632
0.0677313814685679 -0.011156171314446694 0.054324120160233226
0.07078082691162613 -0.01582255716788695 0.05498669152819227
0.06771968169112381 -0.01680852633784118 0.062003712869951134
0.06641805901337607 -0.002672401413052338 0.05242001860192129
0.06468061463096608 -2.351779123756344E-6 0.05178235680217861
0.06706326162328416 -0.0053715925945611 0.05239277486588314
0.06849723372521921 -0.008581468670431878 0.052411038290226274
0.07068192324279661 -0.011483618045887727 0.0529596954447648
0.0740289219680699 -0.016142443520086144 0.053838780224146045
0.07124515187306865 -0.002651297654066952 0.05059445131118868
0.071217612488461 -1.4335561494272021E-6 0.050196540338558
0.07203648999139485 -0.005414908350535115 0.05072966798212944
0.07333217270721282 -0.008688522150877512 0.05113495559275396
0.07520778257012688 -0.0121456922652832 0.05167786586403657
0.07884358325936579 -0.01661084402007911 0.053348300098555054
0.07577630403875174 -0.0026455374203808698 0.049334173544800554
0.07644722390314017 -7.989304972823008E-7 0.04911870206498961
0.07684453665378337 -0.005477535416974687 0.04980259710567437
0.07810982569465379 -0.008868381353403157 0.05015229239994507
0.07992773929078506 -0.012559814635787545 0.05079751216533791
0.08420533769270737 -0.01707753110458392 0.05376552014822601
0.08122001742229337 -0.0026616852913661894 0.04710153123720008
0.08168481741683234 -5.088069472581197E-7 0.046875311618281304
0.0821290841929492 -0.0053889007665488715 0.048194221871898285
0.08553864442940362 -0.012871011416500844 0.050310886369600356
0.08350333945990351 -0.008918979840511116 0.04894832646396224
0.08795726521087821 -0.0026661749305547733 0.04610851497465701
0.08675698035237939 -2.6649129311395423E-7 0.04508790784849998
0.08917888770103755 -0.005848050789126275 0.04837709171216604
0.10118091058047314 -0.019619068116652715 0.054599708556577156
0.0958977586820412 -0.017908511102202804 0.05574632854734546
0.09292846941504095 -0.014271805487490515 0.052343565297750506
0.09797886726998312 -0.014304145240751296 0.05172056639718627
0.1039620602508417 -0.006279900655216373 0.0363035797445581
0.1050699686471051 -0.010306495127459427 0.037184663918331834
0.10312536580765673 -0.009528733480705025 0.04430618607516956
0.10116916423056771 -0.005923392669157391 0.041978584941554854
0.10331642266679543 -0.0027244334772057303 0.03574011107152823
0.09968576979974485 -0.0027049624827541995 0.04040932175519837
0.0984617958295987 -1.0454679529833271E-7 0.038954282052416064
0.09654499929751441 -0.0026947342878308115 0.042852975313597025
0.09542090604949184 -2.914488039828254E-7 0.04149175137493821
0.0981026564796762 -0.005898644481798425 0.04466293336030231
0.11030521787602532 -1.3931415226729479E-8 0.03442087780708092
0.11117453471203116 -0.002921808117755236 0.03402891260026716
0.1030642610604934 -1.1482444395011243E-7 0.03622340706365412
0.09337165938718592 -0.005870709793045428 0.0468275228067048
0.09230208968978341 -0.002682079903139676 0.04440778254281372
0.09129599103788359 -2.2166932885986594E-7 0.04277547030712514
0.10330059752692264 -0.01433464981174183 0.04927761305752859
0.09542326004935055 -0.009463022787907381 0.048845729729690576
0.10036750878771511 -0.009495939053650985 0.04664198698483561
0.117112155 2.2791581E-8 0.0327078568
0.117262113 -0.00313950412 0.0329364761
0.11781744 -0.00636226183 0.0332114254
0.11201472940315621 -0.006363882510266247 0.03406412112757539
0.10604619334618588 -0.014372760299248624 0.04641235881480428
0.09057784723223543 -0.009430369301141267 0.050055857394092955
0.08951974976187656 -0.0174684757194541 0.05479877237364151
0.09975882442983273 -0.024487293740641364 0.05896040476430162
0.09387698583673655 -0.024167383283878904 0.05857380342216642
0.10618742072380136 -0.01963895264750279 0.051954849629405844
0.08835136700377054 -0.02269445483293926 0.057166406307006416
0.10417668920858321 -0.0244380130402029 0.05715613301249954
0.10887049104061652 -0.024450062411317846 0.054284833500229515
0.10681180161676908 -0.015111822237447583 0.038537475411831515
0.11002594386369907 -0.009842961759848154 0.03425378476965037
0.118037238 -0.0094789674 0.0333615651
0.116924396 -0.0139895499 0.033385437
0.11051850759963637 -0.014194199323066413 0.035799734614379394
0.116388586 -0.0194646016 0.0338764241
0.11117328874104764 -0.02104392296861658 0.03630349109174052
0.10968840517261429 -0.021031872723064764 0.0406753914202799
0.10856366980961149 -0.01969253346433609 0.04794701340060563
0.117618564 -0.0262600934 0.0343369966
0.11396230645590247 -0.028027946407039532 0.03726415509136499
0.11295648617985064 -0.027139116213667745 0.043342539471075296
0.11124433833541816 -0.024498453564331255 0.04960390535237454
0.08383643812455281 -0.02181310188747759 0.05621803215026056
0.07880797314006521 -0.021442953293377403 0.05624970609281157
0.07556527793664984 -0.021408807762794645 0.056999426715103246
0.07245542320001701 -0.02113345734056303 0.057991337376782436
0.07053246569186904 -0.020057326739145714 0.06006034427699662
0.10675207857492071 -0.03042883409857613 0.059424363397991405
0.10256965378734202 -0.03048647707589635 0.06077911426392372
0.09736087263642973 -0.029772286829305362 0.06094540551870878
0.07165895769676324 -0.021919085499589385 0.06531766822082381
0.09134083351313588 -0.02961062368287704 0.05982085091443264
0.08692762861319689 -0.02907202630546739 0.059191903231010604
0.08327801332683059 -0.027587369541662347 0.059659764945256114
0.08077850848591585 -0.026411299146519393 0.06133354536303512
0.07779443632779932 -0.025168044705969925 0.0632405138666334
0.07476986434408693 -0.0238081949511927 0.06413175264352203
0.121054602 -0.0347964487 0.0350105088
0.11704399851945117 -0.03497379843336866 0.03911423575750951
0.11627132752199731 -0.033200521007142936 0.04643871668337376
0.11402918506415474 -0.030481207585624386 0.05208803809743235
0.11156634105227824 -0.030433126019713347 0.056597477364850324
0.121763611 -0.0412088016 0.0359232361
0.11977983008628447 -0.03995389349651952 0.041659985175332925
0.11814866819786612 -0.03843408791019 0.04842912650268108
0.11637698423658797 -0.03625011634979668 0.054217557161827724
0.11356675441389862 -0.03481054574615763 0.05834640224037835
0.10834215843347088 -0.03520379754340988 0.06030407412065484
0.10390689612875117 -0.0350661747321915 0.062108698624114916
0.09933427173806043 -0.035283369040786466 0.062321059352068726
0.09458833777524685 -0.03521365062129291 0.06236454687797854
0.09072029142037344 -0.03463015905394003 0.06270134498641575
0.08719083417568206 -0.03331577426611319 0.06336595734492557
0.08428465777867113 -0.03141659154614845 0.06541462431945483
0.08174465058769348 -0.029632428439063482 0.06753053828023393
0.07831274339151574 -0.026848520917683225 0.06918429850018001
0.07439687367952805 -0.02440130193281256 0.07032448933072367
0.07584778091371322 -0.027300164584649313 0.07616010333574755
0.08049167941700838 -0.030360863932133973 0.07420179701531988
0.0844182526167598 -0.0325994056630667 0.0724692814475016
0.08750868739703456 -0.0345849536269995 0.07032047376706783
0.09013847885530515 -0.037122365517319206 0.0677615828669606
0.09438417951015612 -0.03790535651146884 0.0666849372665057
0.09762701936794208 -0.039004960316822504 0.0652690953405536
0.10157492470652893 -0.03910345191203753 0.06463414712933907
0.10575384344600383 -0.0389608775449574 0.06370296465004689
0.11019837376775177 -0.03879303985802502 0.06256303810386708
0.11504185687394575 -0.038823312672174114 0.059967652924377446
0.11801540298662402 -0.04020479036087099 0.05620551859072503
0.120185215362133 -0.04237061522919164 0.050805580681902045
0.12260066610707378 -0.04382943762349813 0.0445030665238809
0.124471977 -0.0457085851 0.0374105511
0.12795796 -0.0494295883 0.0409455861
0.1254083703292208 -0.047284312765339336 0.047478154288066274
0.12208874358248376 -0.04621825447236669 0.05321568752663011
0.1196701679428829 -0.043817699979562495 0.05837450087901932
0.11666953311174665 -0.04245640204591513 0.06244169122795118
0.1118426169962567 -0.04236664220239519 0.06526181072591714
0.10767413278627487 -0.04239992475992821 0.06686824131817534
0.10267210483830723 -0.04274692253116964 0.06793492949046355
0.09879893777976935 -0.04227689719234425 0.06881004909015176
0.09557623985293405 -0.04126740521269735 0.07047034360845193
0.0931546648512125 -0.039262324129386066 0.07326783360031282
0.08978645491734487 -0.03730415665465774 0.07590542631205542
0.08617918510722358 -0.03510955238077724 0.07863379796177195
0.08149879195212865 -0.033230926813500664 0.0810388767224808
0.07563655643266148 -0.030279658398954773 0.08381959716732172
0.08627255598134793 -0.03861483130874711 0.08913675675048253
0.0803945711701079 -0.036210115133485245 0.09220577035134189
0.08155822913203 -0.03506049868286772 0.08779608767136612
0.0868295938212622 -0.03703263819350273 0.08488406517701556
0.08581539723672581 -0.03994095672485854 0.09297452810268243
0.07955494697396126 -0.03753464957785113 0.09603761223909338
0.09411105053286242 -0.04371016948963062 0.08225942796535576
0.09068138180488515 -0.041139533618816296 0.08558744812281856
0.09109870893519302 -0.03933417678863059 0.08148610708990137
0.09407719907346247 -0.04207842847947334 0.07816006354991949
0.11151461756726602 -0.05425988692728289 0.10441940159983908
0.10636408758535429 -0.053138329846013674 0.1072944210824784
0.10482522642488536 -0.050892560446686344 0.09917530207837857
0.10974040781583237 -0.05181505588299881 0.09598568314895362
0.10258413874625223 -0.048424923167696074 0.08695641967650049
0.10340291889955444 -0.04959836402041336 0.09190744818479708
0.09885473513086417 -0.04855434457486128 0.09495292141280631
0.09828594845246744 -0.04738790489532224 0.089689478732991
0.10026174600869185 -0.04430298485147709 0.07402993906132024
0.09703544694944018 -0.04328923059078865 0.0759816779991568
0.07254009464278739 -0.03364770879928568 0.10462090463871927
0.07344450463919443 -0.03731321794548827 0.11020413050390176
0.06792362420642621 -0.03395372252883931 0.11134212908963813
0.07108074697392122 -0.033291857537488256 0.09886466713020933
0.07299695919000765 -0.032693631283281434 0.09474287420128874
0.07442068067617262 -0.03207140068073324 0.09015209291363549
0.11019139791609178 -0.047149273065154124 0.07398453771646812
0.10518403797024768 -0.04650914333717106 0.0761552486299029
0.1038631661134752 -0.04537128517333009 0.07189428569334413
0.10890620062141507 -0.045522771090036385 0.07024458519959807
0.10112060040715308 -0.045787647771620574 0.07816614970708656
0.10187033872423128 -0.04701531100151923 0.08237869450526536
0.0976738317604887 -0.04630510806722746 0.08474259865714237
0.131087441 -0.0521670063 0.0445500886
0.12742572072958816 -0.05073358171798778 0.05076363188859399
0.12406362874979267 -0.04925711754210683 0.05625661561918348
0.1215523112921443 -0.04638917492871194 0.06126185696439269
0.11836030108204243 -0.04524758201171196 0.0648593667516299
0.11360076507467586 -0.045117657680531255 0.06849819828187163
0.11511013027890907 -0.04689702659417971 0.07148400793645948
0.1163931300676641 -0.04812477520908275 0.0743356093279519
0.11131238685137071 -0.04842386237616287 0.07740824457255449
0.12339101589784657 -0.04847385849096665 0.06419921794331275
0.12521684587982118 -0.049779733852859664 0.06715405277760317
0.12139714653830032 -0.04812884245611803 0.07126744817215022
0.12001771636097515 -0.0472733906570317 0.0677140638178336
0.12969097758271625 -0.05350447864028281 0.054412307368996764
0.12633567394872972 -0.05128006746571836 0.05957197419918832
0.13345326 -0.0558747461 0.0484194298
0.135803271 -0.0585255485 0.0527693731
0.13225170730182018 -0.055239849610985756 0.058313397308558855
0.10738309552607425 -0.048609843810855875 0.08443541217317664
0.1081975076065609 -0.05011735857008131 0.08897765148040034
0.10642809054559473 -0.04736188899347511 0.08016653096021349
0.0941265450715609 -0.04608501540576158 0.09209711527789502
0.09439599309962368 -0.047069286207503495 0.09781039431967169
0.08996046021173111 -0.04475705234266512 0.10106654775764394
0.09011814527312591 -0.043703891980681094 0.09489788642327839
0.09741129867673241 -0.044813739957970986 0.08039037490568267
0.0939824965507973 -0.045129576085861815 0.08689782506959298
0.09033124968081525 -0.042639171871829716 0.08977064407514646
0.08545974219116628 -0.041487252307312206 0.09794899773662528
0.11533335039131898 -0.0519212753611219 0.09257987299056256
0.1136674458555228 -0.05076688039408544 0.08564972792443849
0.08477627445981292 -0.04291732385942722 0.10356285059752485
0.07961282754011398 -0.040267829259232286 0.107872020899215
0.08070616236067792 -0.036708058845332445 0.10234612142736767
0.08054028031574752 -0.04282009386972961 0.1145628914935673
0.07435794800361559 -0.04041923557862096 0.11612759275536233
0.09030110367759207 -0.04735926410650703 0.10770817966412832
0.08498782656687497 -0.0459447485357923 0.11044649592216989
0.07226154206010153 -0.039119347458391254 0.11696917873415445
0.09555135776902828 -0.0484970251088011 0.10492241612836668
0.10018161479026748 -0.049864748917568626 0.10214997972923202
0.11259004627285844 -0.04914274379020846 0.0814015658876087
0.11766584606227018 -0.04920721253248002 0.07814875509046437
0.11904092127969686 -0.0507509442331237 0.0823116308922204
0.12857832162076283 -0.05285696362234636 0.06268910643743603
0.138869634 -0.060020131 0.0577142288
0.13469438496368571 -0.056539049897113246 0.062496040455012045
0.130673561358521 -0.05361410496804683 0.06666086122739434
0.1269030437434419 -0.05026857675793194 0.07115248512881944
0.141620613 -0.0601190937 0.0633617262
0.1370385584511722 -0.0565648696338617 0.0674670631206541
0.1327453897200856 -0.0536999387165628 0.0711914583018824
0.145855656 -0.0590448974 0.0739914815
0.13970924281661212 -0.05610724495734932 0.07727876311626632
0.148687907 -0.0583868624 0.0827127864
0.14044518086834673 -0.05510884964363198 0.08594843589585166
0.12301775192571747 -0.0486052705711916 0.07448883883669398
0.14184797763380597 -0.05538488076906942 0.09547038953269651
0.1518459765201482 -0.05931413384024881 0.11123710782112863
0.14668567145997455 -0.05846357716401707 0.11359854775777518
0.13884346919236878 -0.05525096095863855 0.09847767379645668
0.151629685 -0.0587085008 0.0917263284
0.156981185 -0.0605193545 0.108970694
0.160723344 -0.0615663143 0.123671338
0.15561874914031698 -0.06087161863542999 0.12544363076746298
0.163848917 -0.0627397208 0.136288304
0.1584440929618345 -0.06236376917336196 0.1373378353856263
0.15034124212326128 -0.06087863162514596 0.12724510272224918
0.13534121647731948 -0.053854009789139824 0.08883249880318715
0.14116328984336338 -0.05924064630627978 0.11586294546802885
0.13669556485670878 -0.05635806986722346 0.10141971527462366
0.13515854171529307 -0.05443554290650525 0.0796799800146307
0.13080909614700462 -0.053174504735837694 0.08234326450294616
0.12839519761992818 -0.051016836078331615 0.07520438995140852
0.1329697322336414 -0.05447865678820582 0.09145569069490583
0.1444379587594343 -0.06147527129068711 0.12917811533372253
0.12327247686778302 -0.050574706225767915 0.07871136667594741
0.12579109989085366 -0.05216612559346271 0.08539690307094824
0.12074251015915553 -0.05226751044827353 0.0888908697692677
0.1285667189367897 -0.05459718114423337 0.09449252557050032
0.12602838013710124 -0.05804617380629446 0.10802930552569795
0.12841101445425648 -0.062202546020444546 0.12077892732279258
0.12221676887150394 -0.06263964326700674 0.12314114897244485
0.11985763972409133 -0.05849341684453308 0.11093855047136701
0.1318782407895226 -0.057273585801146006 0.104417112208882
0.13555567343811778 -0.060876574515189956 0.11838040740467015
0.12319434326366523 -0.05452437505797242 0.09776426377163101
0.11745655294840751 -0.05441265251895742 0.10128620587236165
0.11339004415158134 -0.05807825061609549 0.11387429329857073
0.10810903844425837 -0.056730861843277226 0.11635812048671888
0.11570399953528192 -0.06182192306486972 0.1256842979423286
0.1098650997602911 -0.06014478858924986 0.12809496751284563
0.10150347002677022 -0.05224534370474024 0.1098174152575268
0.138082251361461 -0.06262358240715658 0.13057149465863058
0.13121581551215292 -0.06424455857152614 0.13216395257202956
0.12441648694880403 -0.0643274021343764 0.13437684287555962
0.13315332601878382 -0.06559357009424882 0.14208143117619548
0.1277564929273209 -0.06633210478690375 0.14610453586440678
0.166851838 -0.0636320623 0.148473292
0.16124554724902676 -0.06398103174806258 0.14893637803316484
0.169430921 -0.0648282314 0.159321088
0.16380619900121357 -0.06547995461812865 0.15946707376819075
0.172041148 -0.0679467841 0.169435925
0.16608428740845652 -0.06807251019361225 0.16927570962119923
0.174361365 -0.0704904233 0.179181822
0.16816013666362462 -0.0707115657099145 0.1788074471872692
0.176683192 -0.0714499149 0.199198108
0.171073844 -0.0700585546 0.199826709
0.1529665814080304 -0.061677785091898175 0.13858392821737014
0.15565257381068434 -0.06254123641592721 0.14957839749594046
0.164753946 -0.0690068102 0.200275977
0.16125198167789154 -0.07103825181643608 0.17864917291837457
0.16016791085673468 -0.06664236419853695 0.16956578958146168
0.15818636238324266 -0.06409881093385124 0.15976767425081376
0.14665766363370833 -0.06135466953266397 0.13979604080517263
0.14924502762793151 -0.06233458247960632 0.14990476298847707
0.15201238839305492 -0.06336538863116781 0.1601458207663245
0.15449006688244452 -0.0654366049416705 0.1699012326252761
0.15610946164823994 -0.06946908233303056 0.179054498474292
0.159536295 -0.0689741338 0.200113179
0.151625583 -0.0735430997 0.198448262
0.14908648543089428 -0.07114277223635532 0.1787355988297346
0.144916495 -0.073017101 0.197850598
0.14196543554875612 -0.07102681893357632 0.1794405067210091
0.14706303605544385 -0.0689689105836326 0.16895083006345382
0.14018220082767568 -0.06937824812986024 0.17013573479486066
0.1448753819895461 -0.0670083945117756 0.159575986395615
0.13801347621429835 -0.06767975047592278 0.16088513804994006
0.1427677721813593 -0.06555266521047501 0.1506101282777288
0.13584696472588256 -0.06622647081814631 0.15206120069548154
0.14046797753071485 -0.06447655526087889 0.140390735790224
0.12941839298311983 -0.06666444250813054 0.15314164668179453
0.12096281946320557 -0.06408481868972613 0.14602348695424658
0.11824635440739376 -0.063392015105004 0.13677566534356614
0.12314684584125217 -0.06599266160025803 0.1548814118062015
0.13149854972252395 -0.06790903457806793 0.1622193238666454
0.13334800736947122 -0.0685030864976246 0.17124362385581043
0.13494643519838612 -0.06980388216824472 0.1799990059092696
0.138174412 -0.0719364736 0.197123878
0.131001332 -0.0704272468 0.196260032
0.1287359773689683 -0.06831424829890179 0.18057994407554515
0.125701637 -0.0686121133 0.195996246
0.12316269097893671 -0.06745777442185705 0.18079646429807292
0.12693710066030167 -0.06748672849713988 0.17216072141760735
0.12503770460583472 -0.066811990233161 0.1635555094924989
0.12120459684503039 -0.06647145380383498 0.17278234933992362
0.11940645606281393 -0.0654239035056777 0.16452071370684385
0.11759520336602902 -0.0638671210338172 0.15616265535605967
0.1154073200614377 -0.06182049411486891 0.14768506731838318
0.11283351430860164 -0.06152777498153538 0.13892748417226156
0.1113841355842046 -0.059603495059994044 0.14908688153869507
0.10874544860106154 -0.059319934286418054 0.14080105488826847
0.10802637652488396 -0.057826221972503235 0.15036494631825106
0.10498903483212055 -0.057689834150586865 0.14232666405829292
0.10122028223643496 -0.05743306048089345 0.13090857350122442
0.1050306083030773 -0.05856325923496556 0.12970721742691735
0.1132439368122673 -0.06154686126093174 0.1573683668907478
0.10936694745298248 -0.05990927029744972 0.15816066442682375
0.10062343088167927 -0.0564638679233431 0.14300494119795423
0.10405060488780386 -0.056280261326642295 0.15113986568938934
0.09880738208519825 -0.0551293673168818 0.1514890001907848
0.09595567220283446 -0.05539617097590126 0.1435272803154333
0.09899783523078376 -0.053738107379950724 0.12075791674659078
0.09454822179129492 -0.05234410998527874 0.12267094038885842
0.09181758143313391 -0.049713132258718894 0.11490991162690511
0.09708035628221533 -0.05071638591372976 0.11247761624795347
0.09797727177583904 -0.056571833900121354 0.13198881110011068
0.09362831108665458 -0.055535574908211906 0.1332989920704392
0.08978510946828631 -0.05159873080579609 0.12432886205821751
0.11038986639106779 -0.06158234864163686 0.1662183013086532
0.10612796531684168 -0.05999427922092213 0.1668336489338656
0.10570282329363477 -0.058281237305553436 0.15901461650493287
0.1145971029142834 -0.0635168559684147 0.16545428460486553
0.1161864065067324 -0.06495175145005211 0.17348398555291947
0.11163358849494902 -0.06300660237438238 0.17421660724939722
0.08338910136367565 -0.05012863494423189 0.127108342545933
0.07829775553793437 -0.048865737068197704 0.12833565978432931
0.0770136634480463 -0.044336843416368614 0.12312101580861236
0.08231794568969396 -0.045905520029194666 0.12166372977463182
0.10319602590956233 -0.05535279961785372 0.1185950351070588
0.08680739197344402 -0.048539950065823415 0.11722495393904013
0.120183102 -0.0664848697 0.19586377
0.11801207063394435 -0.06578847668766089 0.18135630419510834
0.114749897 -0.0643190173 0.19559565
0.11308786115945141 -0.06385988399080443 0.18193574057585551
0.110022221 -0.0620341181 0.195734139
0.10837240840986141 -0.06155879897147599 0.18240346833298404
0.10700867066803153 -0.061193858860671774 0.17475471191106637
0.10099607191673686 -0.05677754661785854 0.15955146535292256
0.10234297985269807 -0.057575923311637835 0.16766236465136183
0.10272581117952112 -0.058829460879128735 0.17517175434015764
0.10356644012143204 -0.05892650188268327 0.18264199711820828
0.10443555 -0.0605554789 0.196067324
0.0993276709 -0.0581123163 0.19633592
0.0987185331405368 -0.05603826857285901 0.18334348057608457
0.09797124735488719 -0.054987084752036036 0.17644259356720116
0.09804690965108495 -0.052757591307350034 0.16979928361429553
0.09417678323114803 -0.057819980135225206 0.15911068944903978
0.09165022700437324 -0.05713144409639246 0.1507571822704371
0.08984887700901789 -0.05638947472197813 0.1596882601448406
0.08758944782683314 -0.05577022553132453 0.15135923314200947
0.0888075062651695 -0.05615385888495053 0.14303283574260567
0.08388459427568819 -0.054749393010697575 0.14371907114696764
0.08581474079995623 -0.05504990442453681 0.13528445370889808
0.08025222937281046 -0.05357632070145316 0.1347487695775877
0.0769038000800694 -0.052578498735177365 0.13662663887964108
0.07424494723134734 -0.05032048860519628 0.13879762359033224
0.07251560878844723 -0.04473267399582377 0.13081024592695983
0.07517999932358858 -0.04735103295219435 0.1293542342505685
0.070468088221754 -0.03851997824562534 0.12536178386389515
0.07363074119229608 -0.04162963838374833 0.12384908531279348
0.06925769711343238 -0.03817019830706988 0.12938563943570347
0.06685575039126589 -0.03226365680636151 0.1288245383372165
0.0652052663193709 -0.031108332555568392 0.12443319154002444
0.06857067745197801 -0.03582106184614269 0.12482466130005454
0.09259343157228823 -0.05217269236860256 0.16943990707310994
0.09279767573798688 -0.052719690327947655 0.17649745313676396
0.09350645777643585 -0.05326126779185678 0.18341342270195118
0.0947766772 -0.0547878831 0.196203969
0.0905236704 -0.0531615128 0.195444183
0.0884528610388947 -0.05142261867535341 0.18351777891096677
0.0875694471836613 -0.052627842262097387 0.17605594118812112
0.08742271756360162 -0.05450954259594413 0.16859789697013733
0.08746540766236535 -0.05568614003241102 0.1600060017263158
0.08483037242012165 -0.05464101949733474 0.15211476762397497
0.08218659316485374 -0.053075208208447876 0.14550440811042498
0.0859619064 -0.0519610187 0.195375512
0.08399426466244331 -0.05088444372669001 0.1840454436763477
0.08282677184149483 -0.05185086449651899 0.17720451598790427
0.06438193505390313 -0.031781537599718065 0.11338899150670778
0.061976959905921634 -0.0300654321439653 0.1145096757367791
0.06055543668322108 -0.02792679202661659 0.11633036007646258
0.05878822799168187 -0.02619061214783482 0.11748250444867145
0.05599408168562683 -0.02369240605175845 0.11881127534842442
0.06921975093172973 -0.036165200503905884 0.11856391222003149
0.06633435953289281 -0.032453352048594744 0.12022152756546502
0.06338911480934853 -0.029646581969925354 0.12025075218320996
0.06276611645728576 -0.02810411171397847 0.12480481889433842
0.059886458127690154 -0.024397504122576855 0.1253862306278956
0.05853807410420502 -0.024306737225990784 0.1225818413794113
0.06119503775011675 -0.027063067335175175 0.1216626891849277
0.053937034460906724 -0.020424417115118023 0.120288348695395
0.0517510828884786 -0.016941646096545134 0.12054520185642124
0.047740301080772686 -0.009017538923803168 0.12074933007300151
0.046611615386721296 -0.0063749783440032815 0.1206189293696348
0.04613544051795 -0.00318911631235732 0.11998918162192013
0.06427414950654588 -0.02821667513700868 0.12861992441083062
0.06087658758831972 -0.02404144192756695 0.12857181324759392
0.05914465906399384 -0.01834778523825109 0.1299686937671361
0.05787181395757602 -0.01979562597002651 0.12636566736516316
0.0710986401951467 -0.044439421505409124 0.13573649515787145
0.06911286580978582 -0.03868097286635081 0.1342664689662456
0.06679196656934838 -0.03308882528415262 0.13283923004706688
0.06785228275464822 -0.04103543108736789 0.13661607271866186
0.06637589740596118 -0.03505021013740401 0.1351133540776726
0.06439116724074738 -0.028226655752419286 0.13170256436352426
0.06158994381867068 -0.02318421929020628 0.13209987131902443
0.05538642440513601 -0.020579526008783204 0.12375444418862896
0.07388653542341772 -0.049814014053719914 0.14228157675736078
0.07966340519521166 -0.05192917291820829 0.14759812099851094
0.05827822507390412 -0.01860439427650183 0.13353187775911374
0.06167596353750887 -0.023084316425347785 0.13542116783349717
0.06463890374338668 -0.028492426486551575 0.13471924071586155
0.08250607648257657 -0.0541732724986218 0.15347108090341727
0.0732657083966003 -0.04846121595842659 0.1452570269827654
0.077914191277283 -0.05159586058394975 0.15026998223151636
0.08401643740955336 -0.053945879870914495 0.16785294356331026
0.08482413853667142 -0.055098460247788625 0.1607122794782152
0.08223959028118838 -0.05414254241794208 0.16216670907733746
0.08055077525349914 -0.053984768607751525 0.15587811857504608
0.08107575056502694 -0.05281900019110837 0.16705760647609513
0.08066883359243572 -0.05135056536167643 0.17314565188490003
0.07837695359442305 -0.050657104543521826 0.1706646734073871
0.08003005640767329 -0.05245005925679135 0.1633934624846691
0.0787646455778785 -0.051250543772150554 0.16685967282678865
0.07976854291702207 -0.05104949682740279 0.18551792658200897
0.0815885826 -0.0505494603 0.195182428
0.07563406997296593 -0.04995391268369938 0.18640302049067914
0.0775204927 -0.0485267803 0.194857688
0.07153169896790293 -0.04753549752687756 0.18704788097001973
0.073382097 -0.04651537 0.194718017
0.06800223454104418 -0.043398785227775405 0.18670683765255638
0.0699221669 -0.0435758596 0.194483856
0.06476084804509456 -0.038548739811338106 0.1866151466045767
0.067528456 -0.0395600195 0.194272039
0.0655906723 -0.0349975135 0.194450774
0.06186371028661644 -0.034582646127416884 0.18684009670681964
0.0627445468 -0.0309949019 0.19507788
0.059346074977887325 -0.030022297549409778 0.18814531338804086
0.0602512046 -0.025611262 0.19596005
0.05660209999567992 -0.025480313644647118 0.18904348552391706
0.0578146641 -0.0196778809 0.197073403
0.054577950772428 -0.01788613604971385 0.1893773120742893
0.0565376641 -0.0120250111 0.19751805
0.05359208896198008 -0.011973172349754826 0.1893793751448757
0.0557471506 -0.00378053379 0.19762447
0.05387335283602333 -0.003977431544621566 0.18895848923152653
0.0561339528 -1.298367E-9 0.197495554
0.05393909228990193 -5.610786428433336E-9 0.1890963252355759
0.07861203189632184 -0.051491865301214204 0.17902412311637578
0.07420987520470156 -0.049847247263406086 0.18100155666382756
0.06666435519328713 -0.04347244188020071 0.18254718693203786
0.0703534410000195 -0.04744853907386956 0.1820806516834359
0.06397561239090714 -0.038684104050839205 0.18189944407860134
0.06056830856587787 -0.031940116332555196 0.1827876004170255
0.05706193339861683 -0.025629266105121687 0.18458750077001773
0.05503059547104692 -0.0203146837851426 0.18482066850658246
0.053796164859953526 -0.01569705966669839 0.18415159180175436
0.05305038492077175 -0.010748567278770845 0.18375041479531454
0.05321892450568445 -0.004332497556421521 0.18319809935220396
0.05327551455219578 -6.194007510237599E-9 0.18319649888992934
0.053903261983401035 -0.004211839247425268 0.18055036760894824
0.05409048392015413 -8.740510367560358E-9 0.18055097506587287
0.054106626166630464 -0.009198561642072698 0.1802778779760159
0.05488920493767774 -0.014323384061879312 0.1808522213324999
0.056120260911242795 -0.01961806392699483 0.18247446981931267
0.057938034366913166 -0.0255008945739143 0.18266448447460437
0.06080432721985809 -0.03197843145847792 0.18101200958098282
0.06363146120172632 -0.039227435461779106 0.18021694283249112
0.0655568287245698 -0.04299569952849817 0.18053177301252202
0.0688620886849255 -0.04752187869756467 0.18018277740652705
0.072313038452966 -0.04970227727916501 0.1788505211426372
0.07730277011854128 -0.05168092105545379 0.17588631388781492
0.07592942193358802 -0.05109795345739898 0.17318738391886462
0.06155088732775553 -0.02367730347952907 0.13833237855556088
0.05874929905959628 -0.020009021218589402 0.13962626112470644
0.05821841580665576 -0.01923685164325336 0.1368882435151939
0.06157169242305086 -0.024702923504653123 0.14118105282942567
0.06451014978574461 -0.028788361667764925 0.137612579331002
0.06437835593530793 -0.02926145708992891 0.1404618968335556
0.05880288144055764 -0.021842843660014124 0.14235479574401427
0.06418864911279867 -0.029462304513165342 0.1421232221395445
0.06208877760248963 -0.02567299295631579 0.14366179407131568
0.06652792197749904 -0.034897862382852585 0.1378714719667421
0.06573744139241626 -0.03484743046789145 0.1405851684253986
0.06543308935975035 -0.03463695571348241 0.14191020096583223
0.06995299993754756 -0.04620075534500546 0.1389028616466104
0.06984741945551207 -0.04498746553058533 0.1418021774803693
0.0672769461460629 -0.039659278031122236 0.14153482265623565
0.06780039309926009 -0.040402349095291674 0.13922286143354778
0.06905285040191868 -0.04350373401498873 0.14402784771811145
0.0724088820984746 -0.04705569176934297 0.14791386193311581
0.07655053284744447 -0.05068693004152011 0.15345480405245127
0.07899823634471562 -0.05294325862542865 0.1584795119639312
0.0766828762334876 -0.05056082055811225 0.16905665371832368
0.07450868446524407 -0.050534733769736696 0.1711475347598648
0.05453940343610912 -0.003924857764195225 0.17791898708614579
0.05466451967543227 -3.309700043809398E-9 0.17803542679257345
0.05496283964312093 -0.003530145292109117 0.17479993954172263
0.05471289442242363 1.653446242839051E-9 0.17498939681369122
0.05427632375485665 -0.003218505277377527 0.17193009559423103
0.05425976481904343 -3.8631408582220535E-9 0.17209578504454803
0.05311898069411424 -0.0030458583283653707 0.17001691305935193
0.05323874476322898 -2.6216663275328185E-9 0.1700221327046891
0.04607562105230676 -0.0014191714623168175 0.12028110001392316
0.045935996843009856 4.0055559452687344E-5 0.12108927528244606
0.04282373124957669 -0.005698281931459828 0.12493282599140139
0.042751358254380215 -0.003288454175230784 0.12451151650727266
0.04190684747552134 -0.0013716794600516485 0.12444887195646465
0.041332285153191414 3.718504689232357E-5 0.1247567149081745
0.03863154797494315 -0.00478503616308092 0.12822840990809578
0.03784054515510375 -0.0027852002593610255 0.12771655711928148
0.037285066818674974 -0.0010867572410920732 0.12752382985612365
0.035648345159036934 2.2247166210280503E-5 0.12758944558795193
0.03135388002937121 -9.03324547910953E-4 0.13035265921158018
0.03098846334509086 7.357531321505057E-6 0.13015251558004998
0.03207992220307037 -0.0025013809918753315 0.13052448619935256
0.02783593958287076 -6.929373970992461E-4 0.13261239468016603
0.0275535250009259 3.2926773056432576E-6 0.13250658502311996
0.02560376788022903 -7.503248569814917E-4 0.13587826457358465
0.02532272110985306 9.120988205507395E-7 0.13593448780805578
0.02643047352589624 -0.0023607738255070907 0.1357635588272594
0.025773401483142035 -0.00254142978360033 0.13871511452529425
0.024995460528142402 -9.135933791043372E-4 0.13907219302091034
0.0275517907624679 -0.0043924615601163225 0.13563341527130557
0.028785567560922567 -0.006900419603394603 0.13575510112972605
0.02780434368572378 -0.00659805954150884 0.1379189685194521
0.026808942652419905 -0.004555458656160492 0.13830131144156357
0.05093002750935185 -0.01518516826560333 0.12410025082479514
0.04904089563263778 -0.014062433465035856 0.12382451567882471
0.04977107243578335 -0.012523841869786728 0.12085484215332816
0.05107371882977149 -0.014727894644961312 0.12086609517909384
0.054375040294548045 -0.018239991949031076 0.12415141090886885
0.0526617791736137 -0.01645545479946732 0.12431065555551431
0.03291522026809562 -0.004292489495637862 0.13092932857559877
0.02866836677891978 -0.002335086158525407 0.13269417414281576
0.02974436044893104 -0.00421424308075132 0.13298379190138546
0.02476769446979758 1.8212374478712775E-7 0.13935871410052184
0.031040579571779428 -0.006754286426411942 0.13381429636579212
0.02627326552202155 -0.0010183329543310218 0.14271161782887243
0.02625123622173254 -3.1712883339066524E-7 0.1430431372379499
0.028048766896463177 -0.0010483466218322883 0.1454975457436799
0.028065260719571286 -2.540043775322964E-7 0.14595397088048745
0.030149003287777892 -0.001121851040269707 0.14798030772753498
0.030084935452835235 -1.9400784030018215E-7 0.1482880128888225
0.03262064620575021 -0.0010595913552564748 0.15056111526560756
0.03222836366858996 -1.115954351715108E-7 0.15091472404086873
0.03477209984760861 -0.0013038950865031785 0.15292110701386175
0.03449213965209731 -5.690868931892635E-8 0.15340039061678284
0.03771710892391425 -0.001803013150878965 0.15578572365633114
0.03746160805856743 -1.930124991861791E-8 0.15619705507706375
0.042002486098036834 -0.0028256983796004723 0.15960178328726765
0.041967916438091765 -6.940788473421022E-9 0.1597225526006218
0.044441071310670516 -0.0027523410875617957 0.16161519146463127
0.04678746323179828 -0.0027438936936157875 0.16349831615576443
0.04695688206889613 -4.298745691064445E-9 0.16361360637982905
0.044534146783846 -3.924347839046282E-9 0.16169210404664788
0.04893431304980577 -0.0029137862439158418 0.16590102127445108
0.0514560667485852 -0.003093869550886208 0.16816572813782532
0.05161665429359676 -3.6526330611835793E-9 0.16795408805057094
0.049299879607955226 -4.213789497797995E-9 0.16577469227594757
0.054993173381490096 -0.00777393018096698 0.17795266976309393
0.055510141983457155 -0.011571278074943915 0.1778511535980503
0.05768825670557898 -0.017356807041933157 0.1789322136409936
0.05836674408747874 -0.020986796155496618 0.17947963993370097
0.0601515589738065 -0.02119556763970238 0.17818618184555013
0.06099925046421875 -0.025989980573675776 0.17835046170952948
0.05966260554131562 -0.025747059441496658 0.17949073648788996
0.06373802933006385 -0.026173534550593677 0.17623765432488633
0.06552022159639471 -0.02528462009622206 0.17347283272560043
0.0641094752348989 -0.029953585166034514 0.17289391103939886
0.06400377533303656 -0.031126614951809132 0.17565216377496268
0.0647900913806426 -0.035167413156517786 0.17477776070215445
0.06423909052559461 -0.034185421830701286 0.17180618251649238
0.06566047744375314 -0.037352091650403776 0.1701817829160908
0.06535011884548576 -0.03834651774121927 0.1733694378887712
0.055860533836046194 -0.0060416013720966995 0.17450243807311006
0.056666879080480834 -0.00898281871876054 0.17389863097981662
0.05593488242448611 -0.008159741335064839 0.171114932060562
0.05517103698247968 -0.0052848433159270606 0.1714861671773284
0.05483535898455602 -0.007402455361748275 0.16861349490505884
0.05398801061698937 -0.005111546328621002 0.16913651272696925
0.04479539637751796 -0.007326372819669426 0.1573008686384543
0.04271989537737535 -0.005018554402757196 0.15902575921977416
0.03868342145263773 -0.0039006573162372643 0.1554333585764318
0.04056843017469214 -0.007086924150020733 0.15404830480992376
0.05313245421216141 -0.0066331004884910335 0.16664878358252633
0.05228919797682517 -0.005223387885122119 0.1673024323569486
0.04987849649698342 -0.005148227809895556 0.1654823538819381
0.04522619925190389 -0.005012929150348205 0.16098597348169766
0.04773678173144796 -0.004886801656209806 0.1629867222033637
0.047341006580905225 -0.007324463507623116 0.15934493738204591
0.03556285490994947 -0.0030313686951055664 0.1524884196518119
0.02750801787028915 -0.004490239419208029 0.14143672723038364
0.02666785077066876 -0.002280176468239363 0.14221133403105013
0.028859418715479757 -0.007151740635606342 0.14085150061536694
0.02917055065024282 -0.004672280937295493 0.14433385995590095
0.028222634681268198 -0.0024282908353516148 0.1450777194150967
0.03052864889097542 -0.002561639846334125 0.1478157038789422
0.03305219784330766 -0.0026475078658894243 0.15031887558497734
0.03152007169897762 -0.005150502178497472 0.14671438707656725
0.03424302410768602 -0.00578224760158049 0.14914334431791068
0.037168909305904316 -0.006565474082765071 0.15119480345012504
0.030683927315660033 -0.007427944410152943 0.14341546624567597
0.034347406187685184 -0.006279364225016227 0.13192973650523532
0.035523639188041446 -0.008702009010975158 0.13349033405702207
0.033194351652237476 -0.00942800253400958 0.13547007023226984
0.036207812244119314 -0.008044815332520178 0.14714407798985515
0.03340817734703397 -0.0077415762448783815 0.14539501200952976
0.03066420769278859 -0.009927180446917434 0.13660888137763363
0.03689523853746937 -0.010986810901434838 0.13458179021697614
0.03519617686730477 -0.011883428925174574 0.13669583754836098
0.0331899646752355 -0.012291980577140402 0.13751619467613618
0.038527784173178176 -0.012579190676107355 0.13412659819963096
0.03766388711090687 -0.013727364782412883 0.13624859314753907
0.04121126581034713 -0.014005776497125751 0.13177033224409584
0.04066929308968123 -0.01581833784504639 0.13287810622823398
0.038004926663078295 -0.014227038120671106 0.13709291234363294
0.04448213699780135 -0.0163880864615784 0.1272657485070106
0.043845114696422195 -0.017218671888812567 0.1284814092959016
0.029849921845096144 -0.010013726545772515 0.13792515477262354
0.031109406512442997 -0.010715893412525084 0.14056857445092585
0.03290953424044335 -0.012722034052556576 0.13842879224071797
0.03961577620942542 -0.008362355699896781 0.14888975974866658
0.04311828948236172 -0.00855657978241361 0.15179308406678543
0.04761340234436979 -0.008853005966587762 0.15524233850039904
0.05051201166534867 -0.00895582618114333 0.15811978558324188
0.04648307266970692 -0.009924350789012748 0.1495853554028788
0.04306401890261193 -0.009762546949265944 0.14663574214772596
0.045841473457182 -0.01579645908455863 0.1249841435013137
0.04787702674728722 -0.012895149860452 0.12334589330564343
0.04780054649171128 -0.016969102329647708 0.12544199467746775
0.050769079341000896 -0.01715696996427668 0.12613626759831098
0.04618630936021343 -0.01758190900924126 0.126743116475401
0.055650374238668074 -0.016386201380204253 0.12701055213962945
0.057546975666175754 -0.015330325974963817 0.1293226474791821
0.047119062467333654 -0.01829544464885189 0.1276978828826804
0.05242845138986457 -0.016817348789300295 0.12968956207202212
0.04519214330641476 -0.017435184557528394 0.13014567970556432
0.041425365149383414 -0.016244388464201648 0.13377157171981904
0.03799052190689557 -0.015375760662349877 0.1378354396310003
0.03401665981037151 -0.013136130639294469 0.139771957013644
0.033244094203072436 -0.010769197109221853 0.14271567503954963
0.03596223226531723 -0.013157493193757249 0.14095951760622313
0.036142809291852485 -0.011270719434515453 0.1438911513222789
0.03956437269130538 -0.010159973981773492 0.14495364924941592
0.05054522774345806 -0.010477603485148144 0.15354753027695714
0.039557255020079445 -0.013069581598808083 0.14162296962136398
0.04365567197105932 -0.011455671839994077 0.1416870857319249
0.04688618457078752 -0.011987792903907024 0.14394949310493552
0.052221852949147975 -0.011782405215933975 0.1489336995995442
0.055499255147071665 -0.012068911930537036 0.15247035438011042
0.039158982226402024 -0.015459388642920966 0.1381091574855936
0.04305866120508077 -0.014327080083760445 0.13831856351926064
0.0475629104709809 -0.01313315867571061 0.13896817282335652
0.0506470713002553 -0.013757597003010314 0.14216394244244043
0.05521533906040423 -0.01427414742955418 0.14106669772789135
0.05188569090753825 -0.014349831871044444 0.13766947075882383
0.04647393039021369 -0.015326381234011425 0.13561689848445876
0.043684652392116656 -0.015715313852341272 0.13462201944462937
0.04779301708670894 -0.017010858949253062 0.1321532143458103
0.05145339341798186 -0.0156846884041082 0.13398566630146677
0.05654736815624218 -0.014046731367595246 0.13636423753711788
0.055646543404449966 -0.015001822171716904 0.13110050232953208
0.05749985737516779 -0.014592965832775499 0.13246665086286533
0.054741854644774345 -0.012185763655001037 0.14888584178931724
0.05721014215868562 -0.014339223161139506 0.1450657865004776
0.05736796156569569 -0.014886572904828898 0.1392654279221506
0.06685050785302536 -0.039285769961357846 0.14272946037789205
0.06688972039898751 -0.03867911918337027 0.14437916274746057
0.06560922091873099 -0.0342296498890872 0.14381650804340118
0.06449667961434917 -0.029603454889962955 0.1443852510379584
0.06874375828079843 -0.042827667012336354 0.14532176829472007
0.06337471137302744 -0.02629634990825937 0.14583511686928116
0.06915119572695881 -0.042295816358029543 0.14703605452810214
0.07202652824608594 -0.046097513252524674 0.14940221310137547
0.07283582044247386 -0.046050781958192635 0.15191038389654551
0.057058360167741635 -0.017453651513051425 0.14170494255918134
0.057602987317641324 -0.01940504964288387 0.1443271554290102
0.060543514931656335 -0.02353914829151001 0.14503044597857814
0.05972419353696948 -0.021153079936078442 0.1467351259993777
0.06248337366128937 -0.02436081404770775 0.14702287072816805
0.061913716504128434 -0.0222495995337844 0.1484457781986577
0.06616423518416706 -0.030221651620331823 0.14869870325003326
0.06616400953570103 -0.02664727781759132 0.1497849474116215
0.06711880657771732 -0.034152104550719195 0.1480508520631112
0.06902999943219655 -0.038385025534186906 0.1487791996906742
0.0730310479868104 -0.04281345013966254 0.15227624805854015
0.07449894677973211 -0.045149868898827536 0.158095348357036
0.0662647335484068 -0.024366355598451492 0.15036808965638118
0.06661614558355704 -0.02229507835630417 0.15097075184867492
0.05870122192958464 -0.015360103197296195 0.14767938309161058
0.05975253623847008 -0.018629846071363705 0.14871867945859388
0.059052666810689027 -0.013459609613290454 0.15066882265732187
0.06040084290017565 -0.01665202126798498 0.1523054742219905
0.06154164267493753 -0.020279421654479463 0.1503545805151973
0.06715462318412929 -0.020199616572208468 0.15186083298315092
0.062076474609478634 -0.018478900063626718 0.15287262116260808
0.06760447547555476 -0.01827386332594929 0.15305977667186788
0.06777286842071426 -0.016678704002709925 0.1545414402560704
0.06434506423662432 -0.016482306685149904 0.15511261053058314
0.06175857727847692 -0.014856128788358576 0.15529007845928322
0.06787296864515667 -0.014506265337845551 0.15729254144301
0.06558395525656573 -0.015490259759431607 0.15633088068228315
0.06357935031687964 -0.014208733601265686 0.15843925579276114
0.06595809459156513 -0.013366979246741831 0.16167076332633581
0.06021816092756438 -0.013456309857271451 0.15470315948674868
0.06181822315416404 -0.012501755463181422 0.15887132589265862
0.0634058921725343 -0.01205143199909241 0.1624945730630234
0.06662808262020682 -0.012981767634700445 0.16273415030033117
0.06392409622046176 -0.01138821629696526 0.16441295350946108
0.06671096541533052 -0.013098183887163174 0.16377904652592515
0.0639582847627379 -0.011498052577241777 0.16537184885074857
0.06671201594907224 -0.013428488690671998 0.16469001470921327
0.06400768109714439 -0.011905909080595805 0.16624286784261202
0.06665879935290181 -0.013916811717123886 0.16553283199308597
0.06401561521777895 -0.012489779096578894 0.1671309352818378
0.0665153366266078 -0.014552057649493862 0.16635524336449092
0.06393330611054968 -0.01320555355000815 0.16818250143738753
0.06651383919150906 -0.015870027266785748 0.16811675477534518
0.06380949069036106 -0.014859197961064061 0.17066226327227438
0.0668201067888041 -0.018149556001006706 0.17039043443046847
0.06422174884685336 -0.01791714008347496 0.1736263255764771
0.06666949324214633 -0.021344046521499543 0.1726024416589783
0.06404756263962975 -0.02165380140233786 0.17594101845584775
0.0606295836018684 -0.011939878950908044 0.17049101525288543
0.059909913440072425 -0.010268708488894591 0.16896344596236396
0.05982134093408508 -0.009284063630312197 0.1675715304176204
0.05989772624706017 -0.009005722814420972 0.16616851828350598
0.061699573480925134 -0.014378819199716697 0.1729615523658099
0.05677653580070283 -0.008305717464192404 0.16838402129323324
0.056343365349220464 -0.007953816606792815 0.16650950077872412
0.05726781118359209 -0.00927542728631928 0.1702203473302979
0.05830866483963804 -0.010977205932739351 0.172231261547737
0.05931032262045475 -0.01390155821955039 0.17473819137632024
0.057025077604192814 -0.012227972541402645 0.17625645661585307
0.05999576438183483 -0.009242057150797574 0.16458494822245576
0.055800384738051045 -0.008016287936625453 0.1644811257064787
0.051590318448211867 -0.0068318073332152415 0.1639937779221257
0.05331026814158464 -0.008468441025167294 0.161411428918482
0.04984013061522362 -0.00674492721781203 0.16191840586744163
0.05835278086758536 -0.01022915481808101 0.16195881778524793
0.055831676488817907 -0.010763867738843238 0.15808938785872131
0.06221900409780828 -0.017652409198444574 0.1754744583188177
0.05984237072166887 -0.017257879200706542 0.17686314316111904
0.062334302315874834 -0.021641698340928075 0.1771502930569692
0.06258791758500602 -0.026317354879912148 0.17732515852481456
0.0574045243356056 -0.021168675162427947 0.18123818998754876
0.05900682701514593 -0.025648972701484005 0.18102476996854533
0.06134961031272937 -0.03191308783523724 0.17979851804425295
0.06171553556754826 -0.03154368448272721 0.17888047205498628
0.06257803831263879 -0.031291693972571824 0.1779235734699347
0.06338806887196312 -0.031417575084387896 0.17682659130424358
0.06397415687868539 -0.03572147157408156 0.17599340977197087
0.06314526350052971 -0.03599226070122116 0.17726398851413802
0.06289417359912845 -0.03637021149898683 0.1782653304746337
0.06497652278264558 -0.03918190492566375 0.17478581218243716
0.06455979051199837 -0.039761869240725466 0.1764454316518265
0.06290927281704928 -0.03730566084093991 0.17911816118068524
0.06450731159351317 -0.04035902602132915 0.1772223477698753
0.06453965693942496 -0.041522180451001735 0.17800276650996336
0.06779104828957572 -0.04093240999443162 0.16908640069254757
0.0668354719268232 -0.04210552314641564 0.17177743014144847
0.06727228508956952 -0.04626796066333405 0.1779941979059715
0.06660776861433504 -0.044939451301779225 0.17658116846377556
0.06658977307764764 -0.04332434020149322 0.17529945163446073
0.06652083999462133 -0.042879495974504724 0.17365158687057686
0.07015717120555245 -0.04489253199287061 0.1683136625364606
0.06939235816229607 -0.0460040507646584 0.17035319648117622
0.06897512466908179 -0.046543024462219904 0.17190173259427247
0.06877333885162845 -0.046997188668356636 0.1733541908652287
0.06920171044214407 -0.04798381443267047 0.17513720644026093
0.0705752385529255 -0.04919519780389873 0.17701169408585501
0.07294759176550474 -0.04914705162517121 0.16926983340726556
0.07214871599886397 -0.046677637815144175 0.16667002637454678
0.07223259078644606 -0.04777567312228211 0.16832000599186
0.07466324401743893 -0.04979841834070885 0.16812406873300273
0.07362934375063726 -0.048369493985387244 0.16734340324596964
0.0731144993527388 -0.04689763585679661 0.1656233143454627
0.07405305732582569 -0.04688689093095254 0.16448750730162057
0.075060354282594 -0.04874215362631447 0.1663076034113705
0.07634998275286668 -0.05014200580877706 0.16685466807856675
0.07818626381890195 -0.05066433577004422 0.16424868672940562
0.07644697243927843 -0.049079432958459505 0.16446386381685116
0.07490629987044509 -0.047108955317848276 0.16332840450916974
0.07766297238548533 -0.05072855944443055 0.160847784105312
0.07645597649660994 -0.04897735743089268 0.16212765038543173
0.07569895747601865 -0.04939740327572162 0.15629894394766344
0.0748128677376718 -0.0483984273547435 0.15830897779786032
0.07509568777330954 -0.04632315196356358 0.16188891282706885
0.049241571940518404 0.0033774609255979625 0.08751481601535899
0.05095396382175347 0.007382412645988678 0.09046108183394261
0.05198258711580679 0.00858009408339272 0.09147505226890366
0.05381612414517877 0.009852157140942596 0.0928737414949889
0.0566401047138179 0.010855872777114422 0.09427853196683357
0.049855084579292684 0.015493547825890854 0.09908562863594818
0.04860861305314133 0.014065250889051266 0.09918856980317534
0.047270442797603916 0.012694467423388185 0.09922778235125018
0.04449022929064692 0.011026851077431564 0.09907093734156923
0.042896862637797066 0.009818765294677217 0.09856448038018589
0.041524343638731136 0.008247584120110072 0.09821851679063354
0.04050558255336764 0.006454525993737278 0.09818513501538809
0.04344325424342553 0.0037413148737855902 0.08461470666031104
0.045927542834750576 0.009449815242785431 0.08669383101988215
0.04702414188752194 0.01079788061773863 0.08840296967155854
0.04890600638863956 0.01212868193695633 0.09067966885540067
0.0504823781809097 0.01393059831026785 0.09250291630356522
0.04857305522227265 0.019403943384708213 0.09544731810174747
0.04751427632070764 0.018115015124911503 0.09607217523808087
0.04573331567443034 0.01612363669539624 0.09609371413929942
0.04353625588773678 0.015042759506335707 0.0963089168555421
0.040377856675876046 0.012211262180166917 0.09714163300644423
0.038997226645182875 0.010761356669984993 0.09741597682006772
0.03754119149945721 0.008733653160132058 0.09858848896259298
0.03685054890077186 0.0069163543856890115 0.09948556014159894
0.03495250390521127 0.002624886568729349 0.09827720375193648
0.03444932129886715 0.001172557562486371 0.09798436918701506
0.06923737275840058 0.047072415196563876 0.11174017740144346
0.06246918593663552 0.04025136074109975 0.10551128432094044
0.05698793658583095 0.03490044220905627 0.11519670788798142
0.052196790691395885 0.02337696184648269 0.09891531994753582
0.03374522618309821 0.007433594530813453 0.10048283797801216
0.034776161295024796 0.009244619162362666 0.1000286950911277
0.037459789353708944 0.01269642923237333 0.09765106210729138
0.05365961578924255 0.024758944698452315 0.09080493739171913
0.0741005511 0.0184239307 0.0644662637
0.0849240621 0.0478519175 0.134109921
0.0887947081 0.0500029828 0.146642796
0.0594782808 0.0242664428 0.186620047
0.0645405845 0.0334433485 0.188956875
0.1067699 0.0128589002 0.0552951285
0.0745415519 0.0186604745 0.0727823945
0.0694031338 0.0140411948 0.0661446181
0.104002745 0.0178321839 0.0611064798
0.053458590202898684 0.011060570020635315 0.1133667646437957
0.05044570220983366 0.0035940858860422755 0.11025746356629987
0.0639535387 0.0122507381 0.15620666
0.0586074088 0.0053882582 0.176987801
0.0590875412 0.0125653747 0.17865928
0.0602299124 0.0170461831 0.181788289
0.0576221678 0.00388490091 0.180056104
0.0580581357 0.0119428264 0.180051381
0.0710016782 0.0470840362 0.178159332
0.082370543 0.0497892629 0.165739849
0.0790806768 0.0495420113 0.157027011
0.0739376245 0.0386356851 0.13628885
0.07752908587122474 0.05677691452244326 0.13529267902320524
0.0810772850801685 0.056729962487338095 0.14203306907935606
0.054554174479271585 0.0269283903362909 0.18261334037562646
0.05915808500636932 0.036011144730883876 0.18497648861473476
0.0781148084 0.0480980113 0.165274507
0.0706800095 0.046877862 0.176708003
0.0595459505 0.00752354932 0.173554042
0.10618249936170776 0.04759907439103164 0.06272128793616247
0.07476479388554744 0.03543880409573207 0.07499160600742655
0.09742924042855079 0.015740456466696032 0.04052079902599012
0.06285907846088046 0.030980474022241335 0.08277557341359187
0.06361329899075878 0.023736858834001392 0.06865412261790926
0.06085020772677617 0.020757843210278706 0.06427714385819137
0.05954772180740388 0.016191229388104626 0.06125949642895167
0.09610727392750085 0.021042703157830425 0.045109847516829955
0.06827098579138537 0.050283387979690355 0.12878062969300166
0.04463933412500908 0.016899045871969297 0.11498314468730558
0.04303425380515804 0.015163412079915011 0.1108202003656876
0.050655290015881094 0.026996949275111946 0.09992080597000925
0.039502859126811854 0.005036643908609581 0.11262058844026868
0.035746998292265006 0.014985329499951443 0.13587483960269164
0.02829961070233071 0.008656099141044298 0.1423903939775005
0.03967137622009705 0.01757063801522832 0.1323579141007334
0.042911538509385845 0.018410681060946135 0.12882993481409688
0.044956473673965366 0.018994326273964808 0.12667613008599574
0.04790507436224484 0.0178257732285853 0.12229014422411665
0.03708651943325146 0.014801834182727895 0.1412822859782924
0.03724298808950696 0.012132408096659126 0.14466197957872898
0.04411682345550733 0.017316165243800852 0.1350163477134374
0.05504242333027942 0.01383767027196306 0.15114538348466006
0.052532831497207125 0.006899944263172214 0.1724261171516841
0.05450201453425327 0.012243962979423383 0.17416805028211774
0.05505579305662553 0.017711676773889885 0.17642560030984758
0.050745464201218865 0.004202125542795832 0.17601160918755565
0.052598526059219476 0.011435018806615401 0.17595025336387898
0.06869369295996094 0.049379991875561566 0.17092913873765286
0.0629488471618187 0.04285058423932531 0.17472700539203004
0.06658731687660721 0.04828294707962393 0.17454208613976283
0.07807822420155784 0.054236290943023874 0.16117648794496836
0.0732838563282073 0.05192901214425925 0.148978935843876
0.06756992696151962 0.04902687673997452 0.1343728458684796
0.0743012595005857 0.04950812210750284 0.1627654918867563
0.06832897430569637 0.047755165363254505 0.169159993860601
0.05221006694147242 0.008804341169077221 0.16927507523707847
0.05387570008800167 0.019346619091187345 0.09353326727903259
0.06607897367726744 0.02209885378554568 0.057512990524718144
0.05096045757249374 0.0020613710682155935 0.08682021631671312
0.05221232248600793 0.004727648087822173 0.08732603009395437
0.053147836968618654 0.007847986182198582 0.08974778673630836
0.055762533611745546 0.01030202177482815 0.09211563889299665
0.04712474174582433 0.013367636412556502 0.09973945689424825
0.044013559808282414 0.010190887112324545 0.09973229202114298
0.04204604246284711 0.008505398644565015 0.09930639013696999
0.0402834087565536 0.0038234359711259557 0.09920843846263398
0.046439642908714815 0.0018358671479059415 0.08345394765813653
0.046964365335887624 0.005215799590065019 0.0834107252925356
0.048437638733847516 0.009675770456720191 0.08563533639518303
0.050047709870789686 0.013204554110505258 0.08909996092447788
0.04364683830847485 0.015989215939346876 0.09716675273190384
0.03945876444196134 0.011637182387003375 0.09867307611831425
0.037903116430438595 0.009303935119777198 0.09999679757834067
0.036201494180330446 0.005096003947596489 0.10100532875638436
0.03544583064048513 0.002917161778269477 0.09958929448116004
0.06736867281393157 0.043361020464763096 0.1043158352432187
0.057387252992132265 0.03452210975441038 0.10827062403947027
0.03549475197513548 0.0097216188844587 0.10159793976411718
0.03639493799653447 0.011885216285410814 0.10024215087150247
0.040701478629202974 0.01513941400351045 0.09732060082690668
0.0717862952 0.0161762987 0.0650768494
0.0595202965 0.0245136202 0.19028767
0.07444391977041327 0.02176750584224297 0.08491411448083087
0.0696906062 0.0142639172 0.0706563829
0.066759079 0.0108081132 0.0650343949
0.052351313938382944 0.008606482461850007 0.1126457879857246
0.0646187805 0.0112697441 0.160742806
0.0569508905 0.00966170294 0.182186846
0.0575001169 0.0145189197 0.182842843
0.0658821733 0.0374124275 0.183536897
0.0751259524 0.0435479211 0.140379663
0.05410857998853882 0.026215595509952318 0.18774257423017027
0.060334758 0.0315837557 0.194444804
0.078212998 0.0477528048 0.165022286
0.070606341 0.0466063688 0.175701344
0.0601971757 0.0104950811 0.175691855
0.08028044108333739 0.03810041844445845 0.07361577983229593
0.10101944816457097 0.0465410465989931 0.06472305938270462
0.06221522862243469 0.023187238138562508 0.07470212896413338
0.05971165320040811 0.019631425331130097 0.0675752823908419
0.057565678229967554 0.016528274472593623 0.06378422767069053
0.056350686095922566 0.013475314895305922 0.06061312552585873
0.09641115045619217 0.027219101510334437 0.05064044131683777
0.05970593393547577 0.03891847020685309 0.12578504501336774
0.07231661036061077 0.05332846541602998 0.13813181406078173
0.04124368591246457 0.0112278231993742 0.11163013700111916
0.049129407362649535 0.02136609134351647 0.11747819511118175
0.05450864783684191 0.031297392881759784 0.11041786101626941
0.04331366785177957 0.014043177532408172 0.12016976967520306
0.025522151314900092 0.0076114817889884325 0.1364213858240342
0.02653885709652522 0.008175483657478146 0.13945222668047738
0.03367034454648103 0.012801067436040047 0.14329518110970696
0.05156590025697796 0.017183523795865678 0.1392819675041115
0.05517863031619442 0.013157154626813146 0.15399964009814168
0.05123657300971722 0.009044069715518754 0.17837663866077508
0.05199784910422542 0.014256160117619958 0.17905529740483864
0.061556039478735704 0.04105270031019552 0.1771286324777912
0.06813792562388178 0.049961048419250566 0.17736480763154738
0.08013161885992127 0.056173382024922974 0.1602720548437277
0.05478237261453476 0.03014897914035313 0.09501778439742523
0.07205027851818058 0.046761374350390475 0.16087032616428018
0.06843236201980002 0.04634107791608504 0.16790627856328622
0.05653873524393653 0.0115024560494191 0.16957202978735497
0.054738774663797916 0.01967202859897895 0.09270129519660289
0.06281213132147861 0.018380239080288862 0.06012433367760424
0.048267686590951604 0.0020574101712382592 0.08826648513711745
0.04974083015608592 0.004577330316949471 0.0883118931466855
0.0396441223927129 0.003809445067853877 0.09769686114281048
0.043532997589330324 0.0019106176115686196 0.0850866620584499
0.0439489293070047 0.005423576023035725 0.08452858896504584
0.0357779953922681 0.004691680066685813 0.09951984005309071
0.06377013044189085 0.044429244267128576 0.12691049773623536
0.07344785925400084 0.054086906065184195 0.12658368772817472
0.048184933666588284 0.025959567660716523 0.1015478851914568
0.03335402224814145 0.00602800623823257 0.10226244054524264
0.05704969500000428 0.02213396187221281 0.09016890123682123
0.06607639828921515 0.01854220799156203 0.09835986514390113
0.0703931539 0.0146187569 0.0628757668
0.0575369432 0.0194337104 0.186387783
0.0670891925 0.0109951905 0.0622113341
0.0928560686 0.0167800894 0.0620468007
0.0624985659 0.0157272406 0.134938803
0.0579071098 0.00303360293 0.177179116
0.0590427217 0.00889711603 0.176313487
0.0569080259 0.00444335525 0.182517194
0.0681738502 0.0430073683 0.180537085
0.0653246639 0.0358345825 0.182618237
0.081330212 0.0475154248 0.169132993
0.081340983 0.0512202873 0.160548291
0.0523059155501281 0.021269577692679682 0.18326204037166954
0.0835906298 0.0422661237 0.129397878
0.0789383134 0.0480271355 0.163366623
0.075149243 0.0482306925 0.172729275
0.11094420770978489 0.047480267423613186 0.06082546748611435
0.08962210328591011 0.05416836311116901 0.09504460371917119
0.09228692243928156 0.015040742376978729 0.040877660786610336
0.05933522691138318 0.012543176536753768 0.0571006399519592
0.08576427731067737 0.019853071936562404 0.04597024929569243
0.05202997359283316 0.027411903741039613 0.11885019756121117
0.03967724685499046 0.0035341108776954845 0.11780851117622942
0.026206619585046827 0.007391676709272581 0.13408637972132162
0.030951589347109305 0.009217369005156026 0.14477166081499931
0.053398860720042636 0.02249871747207766 0.13240746180958046
0.04430097650681051 0.013953751149372914 0.14313696183011831
0.05143027730041612 0.012804409587840805 0.14961533723319181
0.05135270352117329 0.004237607503787564 0.17271830992125434
0.05382752443457127 0.00928444632388153 0.17187202326063764
0.05049926267857387 0.004159864732756389 0.1786276407904271
0.06562633148411176 0.04623828136261252 0.172743460404703
0.060472615738465255 0.03894243188911382 0.17596906373727164
0.07655689510613517 0.05336158533124965 0.16521608073737354
0.07661667407635772 0.05409140624497261 0.15514912175211978
0.0738160336179386 0.04958429962547303 0.1600346211575209
0.0716584074643566 0.04961669165230014 0.16710822189833982
0.062488054717736496 0.015537619465024199 0.057432946977391396
0.03857503567465592 0.004327065012961036 0.0821772306891195
0.04260921822050215 0.011493118136619353 0.08433139232353525
0.043714218310371276 0.01340970319567408 0.08693807887180537
0.04590716379254364 0.014999064202859454 0.08998762581150226
0.048141576202867895 0.016037313483535324 0.09242584967123607
0.047647410216375745 0.01917362680074299 0.0942414217567039
0.046723445885147895 0.017439692202693362 0.09418751964924049
0.04347002018375203 0.017035134644875008 0.09451311249270969
0.039951245184288435 0.014253328104110617 0.09603782534067366
0.03595080888415941 0.011047040531608947 0.09908852137132651
0.031536934366400995 0.0031733310313572425 0.09970094200306451
0.030936887317274935 0.0013959242862957866 0.09940681838695731
0.06194863662142466 0.04137294963736171 0.10554500527115367
0.05656083567650781 0.03504324599795122 0.11507895772690824
0.04895908577432643 0.024651014535204824 0.09538223968627037
0.05199373063440878 0.026578137201180047 0.08882827168301563
0.07587272702846426 0.059166886995829095 0.13409755764040632
0.07952037851383173 0.06067086076684828 0.14146564177038928
0.05338159957105056 0.02775481588203423 0.1827576516944083
0.05804386692454935 0.0372041824978764 0.18534379212242655
0.10577010914266495 0.04980831624893536 0.061696863868198004
0.07298892940500763 0.036514869853560915 0.07328955360179508
0.09521419396336461 0.016417998290247284 0.03720111440889578
0.06224891250521716 0.0313780313673201 0.08165956899066555
0.062468648936930465 0.024576953348608044 0.06825736192077513
0.06111677146248722 0.022077423644708997 0.06372998399115905
0.057631012046944874 0.01758140756662113 0.06014573228720007
0.09425766771940179 0.02385023564201966 0.04021901749918097
0.06776552630729005 0.051292090513678265 0.12852388564775458
0.04371745578028815 0.016626652322733717 0.11439207205969747
0.041612299028378576 0.015010538641024902 0.11008581351499429
0.04930791568905031 0.02683214691297037 0.09875834401637432
0.03679564891794198 0.005116824827167709 0.1141749070254068
0.03359826713770164 0.01636468199581409 0.1351212437132611
0.026261086750107816 0.009551270269319075 0.14264149127938397
0.03833851902801745 0.018618686435001836 0.13222509135461064
0.04223390914676818 0.0197127811184554 0.12854013230084538
0.044667724680018936 0.019825720060646503 0.1260412574255344
0.04744204704792762 0.018292970453539486 0.1214823611339829
0.035758874163682335 0.016083223479356968 0.14137064292711565
0.036334469161695054 0.012880289556541712 0.14491060237352452
0.043556141660346104 0.01871773461147582 0.13570874612868947
0.05271722272269558 0.01510863327379747 0.14994519219113497
0.050917101546989814 0.0072381024701404775 0.1726841253975098
0.0534760014249264 0.012670006502210633 0.1745099880742617
0.054050451132651306 0.018236168634959735 0.1766804396680013
0.04933883848811765 0.004496185244619893 0.17616311675720775
0.05146435142032408 0.0118705371699068 0.1762052489408379
0.06786133590984078 0.05071794043530731 0.17080692075313936
0.061625551540294185 0.04541734595282835 0.17459842495278932
0.06533113125796769 0.048558474882212474 0.17462737423943595
0.07725578948575286 0.0550329651175304 0.16105993495747914
0.0724003827651611 0.05255891449112725 0.14900921533582945
0.06688986505261085 0.050301252500358495 0.13354175280580427
0.07344276074613022 0.050481251795875905 0.16266190910742642
0.06757817179079305 0.04898602896560751 0.1690522015454848
0.05083030445780842 0.009204507345621508 0.1693930895076556
0.05089615319604551 0.02055928050514117 0.0927667172317072
0.06468153136013026 0.023004126683531648 0.05645343949810127
0.04154002430113236 0.0021622792051466306 0.08031764594745489
0.043053601220103835 0.006021776544342534 0.08016806507138781
0.04493267044563131 0.011574943258793319 0.08280472229582601
0.047129356247511314 0.015788083645540064 0.0884788434713625
0.03191347432763114 0.003430635012939655 0.10110357866921368
0.06692195314493146 0.044303909114285896 0.1038882309272552
0.05651164089553691 0.03485429956772553 0.10837441829095089
0.05291073398348906 0.02703605087565676 0.18800165994379253
0.0592383492 0.0325187781 0.195027259
0.07786440944004547 0.03948344264900254 0.07164647403422393
0.09999128121749153 0.049176042061708176 0.06297564681452077
0.06041286008795435 0.023813766851643867 0.0738569679015265
0.05920243764099614 0.02056796237034499 0.06745389668425161
0.0563714340657762 0.01754641121774668 0.0631736088117212
0.053939395523281454 0.014267237539682188 0.059181220943306065
0.09428819520011031 0.029693615421668648 0.046049359474907785
0.05900991463783827 0.03935119859324858 0.12512397927438232
0.07177665740162525 0.05506960814772497 0.13760205029171788
0.03981905674399706 0.011614004362624076 0.11146365943661636
0.047775583712514745 0.021292986480058933 0.11653775372961624
0.05330351641397704 0.0315721659565173 0.10995858064575488
0.043016434353220785 0.014318428585954777 0.11927193409188255
0.022669251853688895 0.008503434170854226 0.13656310880333924
0.023909817189154307 0.00898993692226538 0.1396246194810647
0.03246232891019084 0.01338999248758907 0.1436085948343192
0.05012922841795543 0.018617676069014672 0.1393285146067293
0.05337995733749835 0.013427633532760433 0.1534161786455925
0.049908286582397515 0.009439539697537936 0.17854840259739205
0.050802477710823905 0.014756290476900247 0.17925911256396274
0.0602653872071276 0.04122195082802789 0.17715952338234053
0.0666707011294734 0.04996148776010826 0.17695689435620066
0.07907674860077196 0.05710200276550669 0.15994646453286554
0.05430593180841987 0.03049080197735314 0.09361226725969997
0.07172727720756436 0.04781664646633962 0.16107633813628272
0.06755206400873381 0.047616097455611656 0.16777553024002484
0.05546556644224025 0.011904570123074545 0.16984198020639552
0.05254643836767273 0.02011703735488792 0.09175110488952352
0.0612934000006388 0.020275792044426515 0.05844924292727283
0.03751630289049959 0.002297657739622197 0.08203924368414829
0.03970283671537086 0.00626822693465197 0.08163282761243905
0.032684626756019505 0.005228628170729937 0.1003385928737735
0.06342479129634632 0.04535044904764239 0.12623029257796026
0.07306418739413412 0.05567198407482371 0.1264450609320463
0.04736660572528432 0.026242950925215742 0.10110335617758284
0.05465074347674623 0.023250422093229806 0.08832339699201626
0.05107363649814109 0.02192586913572993 0.18346634574062565
0.11065502087874135 0.049716467121128836 0.059571006151719744
0.08891549190128932 0.05604167233166546 0.09429448586169177
0.09112814820652358 0.016615965133396714 0.03711090930548929
0.05677143098768124 0.013768045902333147 0.05472719653160995
0.08383484479502525 0.022809176124763884 0.04080729886519045
0.05128311060874148 0.027397138223954863 0.11782818284388864
0.03676756413764535 0.0032944697851664166 0.11843877290490284
0.022983401661382578 0.008438214439673396 0.1334105626534608
0.02946374484953882 0.010134647067199291 0.14524523431554084
0.05322071550349827 0.0228193836187754 0.13258849513781312
0.04357064293987879 0.014847282989447456 0.14318642801462866
0.04895115527675966 0.01455885163054635 0.1486536436677639
0.049628461221182134 0.004542253693709784 0.1728684116061409
0.052611032024583025 0.009728653918302249 0.17216700908331156
0.0489883636691167 0.004441871200594773 0.17888207412633925
0.0645611279717442 0.04708558394822572 0.1728955362801821
0.059326502326499844 0.039987381732443116 0.17580891578136684
0.07580091540671363 0.05437143286861837 0.1649358488177965
0.0758714749973986 0.05452599087162338 0.15507122094383535
0.07304437677002547 0.05035374813615967 0.15982854858315707
0.07083225212112465 0.0508216237831937 0.16714334272408676
0.060356926861956546 0.017634815867019774 0.055173611945708016
0.03913780322340315 0.0038114766613102026 0.09666183524154094
0.039919396534955395 0.00626034697834831 0.096588067409326
0.041056115440246094 0.007694511141546539 0.09705249701772654
0.04231110524154076 0.009379029549338199 0.09770105025229059
0.04393811096844568 0.010490152856450144 0.09839186114188044
0.047399246624906015 0.012135489429144573 0.09883976000557211
0.04894487108197233 0.013425793147847689 0.09895492766587378
0.05035403746258186 0.015070487065270194 0.09884309379967046
0.054407878139538374 0.01075220457732497 0.09523464968567956
0.052787951102366254 0.009312763376834354 0.094270353129703
0.05110119820495217 0.007700878773565482 0.09313758111919279
0.049536699489238896 0.006887293828244842 0.09182254373576529
0.04843443841539598 0.006247422923011475 0.09085594564300942
0.047799751851988086 0.0056535962994503485 0.0899923819540953
0.04716653636389548 0.0045126331367636545 0.08945731772877284
0.04678988774458679 0.0031760930342538 0.08914558810740725
0.045712375922584134 0.0020298197356245686 0.08930583833980406
0.03859732754500864 0.0037020684489476865 0.09515297327946866
0.0394526709548264 0.005930232343004269 0.09500948448657622
0.04069627317767844 0.007178321539447135 0.09570491255959197
0.0421055585949365 0.00866046784096888 0.09653141740503095
0.043483454858778976 0.009909963992373231 0.09746632357033136
0.04745128384182832 0.011343531059550646 0.09830932499876448
0.04930350647445879 0.012689647703656656 0.09853234240229002
0.05052289670501575 0.014513969037689735 0.0984056315546889
0.0515017894469131 0.016229253381592836 0.09783304850602313
0.05226486820825371 0.01189433408020244 0.09758170615668209
0.05137579590974245 0.009801462846108968 0.09740397185176522
0.04904982804026433 0.00803539067767951 0.09616167978584075
0.04623941148347986 0.0072526525130403394 0.09417491627425215
0.0451090122119584 0.006405769548148614 0.0934386289164051
0.04433691046543034 0.005505501994725224 0.0927946067022989
0.04402901267684397 0.004283056240283215 0.09216237620746691
0.04427426831298635 0.002914065100812983 0.09182060831184319
0.043467099532912785 0.001976035072355275 0.09179169568504698
0.03730946760125769 0.0033150669677986526 0.09412043271480117
0.03875736911709365 0.005094788546447135 0.09379003453807282
0.04046521672086586 0.006450198763498641 0.09430731509073743
0.041768724006559614 0.007965777312251343 0.09516087173465967
0.04304410445554589 0.009427774377613097 0.09602380984838828
0.04618669482729226 0.010515580311696016 0.09756789285057704
0.049138839460425604 0.012372265707654576 0.09770855258981404
0.0500384336740819 0.013963226220228445 0.09742435280479325
0.05096271563841304 0.0161123728610649 0.09694314425958311
0.050722756010340084 0.012417567576003355 0.09839160337268749
0.04904408949682031 0.010924304420051042 0.09848073811106252
0.04572539500744899 0.010283351914207926 0.0973502377890273
0.042834454155455635 0.00948958438015886 0.0958788846246218
0.04191737252989774 0.00813656750421882 0.09528022517860756
0.04125309441633457 0.00671339646737542 0.09480824256732097
0.04006411025475714 0.005055837694397376 0.09384234773276802
0.03985942022936679 0.0034067549544846082 0.09324647561754233
0.04019931946208768 0.0017348699236066276 0.09314831555666005
0.05008230390516528 0.0056175409323411295 0.08918639019374451
0.050210438047749766 0.006475440380305197 0.08958161505813787
0.034577232841406305 0.0011796282212991683 0.09699629323833439
0.03482917498666547 0.002410243654362147 0.09703079624331355
0.035489093582271314 0.004247077310248257 0.09784125627909948
0.03640223063723827 0.006519574378921248 0.09793858110019588
0.037305213521817836 0.008227311558093767 0.09729601228475762
0.03887422956788925 0.010013554539197942 0.09624678898025885
0.04012752743468069 0.011427475097324774 0.09611246019062619
0.043179722560070986 0.013982523877262142 0.09578469689989955
0.046213419330447786 0.015819543018829527 0.09549946672843972
0.048142374492956094 0.017948557410081566 0.09562858765703837
0.05135921165398127 0.015498160225206606 0.09465062463396673
0.05000000013790158 0.013936883727588207 0.0935750727676297
0.048089357996807164 0.011620877311113772 0.09212698451267182
0.045963477179864064 0.010488641521387138 0.09016905041287003
0.04435712511920086 0.009428986517310127 0.08830224728885752
0.04319511631540468 0.008277238567784482 0.0869943742030631
0.04229642711508839 0.007024486277773501 0.08623039194750098
0.04142039994668853 0.005514622113327103 0.08606614947306897
0.04084153368140567 0.0037643628269472006 0.08638917413013558
0.0410138815094717 0.0018997578469270794 0.08710994571403785
0.034704544208258005 0.0011971952524348333 0.09609641186716245
0.03524249754001965 0.002401997609962511 0.0962367441825927
0.03558052755679909 0.003876669797673669 0.09613094128969057
0.03629577752282901 0.005918093370345063 0.09611768361636104
0.03727805626563211 0.007346256021540809 0.09540961713343911
0.038625866404147904 0.00920578230620791 0.09472728470616125
0.04023912829054171 0.010638114705495586 0.09506639283732204
0.04238673587112017 0.01259843254393775 0.0953474180717428
0.04625622074448812 0.014555516041289443 0.09530391118900781
0.04841022201082083 0.016996735435491447 0.09554230166472236
0.05129405813804985 0.015401252923581802 0.09603846862871021
0.05030240660326207 0.014357837662611884 0.09558215675237372
0.04796351512195778 0.011302862746184628 0.09508725140250188
0.044874448583854705 0.010468676619188934 0.09327806388881234
0.042907770277069386 0.009453660371510375 0.09150383636304255
0.0413420053693972 0.008388969796775527 0.09018856841064371
0.04034383922341472 0.0070800127534136744 0.08949876410757691
0.03960864189459407 0.005499985674694002 0.08921044214338998
0.03934182955408881 0.0037266374340655536 0.08953410362988143
0.03849401258735468 0.001978283909763369 0.08917687660406834
0.034985088424684216 0.0012509503560169284 0.09483859702003322
0.03521730226689238 0.002368886212573194 0.09489061446082857
0.03547160683466558 0.003634306701776336 0.09485942481967616
0.03604137499081901 0.005417752578277136 0.09457752352568605
0.03694396338913666 0.006611553835785215 0.094251245971369
0.03893768483371488 0.008269074210649732 0.09392915109120074
0.040747296586040524 0.00985436246366656 0.09432518201008784
0.042277350617925445 0.011455038891457922 0.09465163222562754
0.046173926254331005 0.013517032302691755 0.09534274569580711
0.048326731230539086 0.01538252846590461 0.09537090547111908
0.0499239575897226 0.017507945331554902 0.09563641833690426
0.04988272726558976 0.01358739875442253 0.09751980966318977
0.04740389697735313 0.011956202481676188 0.09714824832671873
0.04430177718288898 0.010984363531163988 0.09617507199715598
0.04177595395695075 0.010509630734638281 0.09474793552535402
0.039663429164768386 0.009090470674118278 0.09339964525498275
0.03879920797028339 0.007720133308069808 0.09278683507457239
0.03762196014713318 0.005861742773187951 0.09195769913538224
0.0365701727548145 0.0041032955383887605 0.09127199905297527
0.036411495593205785 0.002180457400613532 0.09108581369006513
0.04453113031558401 0.006901283577930497 0.0848080237313372
0.0451184693498498 0.008231999928830645 0.08548863619208799
0.05894503717157864 0.02728397818043141 0.08638158896393783
0.0598954103137289 0.020579388738915974 0.08046659258224671
0.05870955461237344 0.016337606242944506 0.07723377885956643
0.057515876036448095 0.013574260840282544 0.07570587253623749
0.0553121549830398 0.010731635852961203 0.07434410178517042
0.05444159703968901 0.006936731591567316 0.07359035887928216
0.05390526193678093 0.0020918125050388282 0.07304611060071255
0.042963246094418484 0.01828520529673597 0.10287539023335851
0.04038040464762042 0.013319211160138391 0.10681348861855712
0.03962258046131738 0.010923404817438167 0.10782583414072215
0.03858310418831724 0.0053783007622829095 0.10897249437460005
0.03836969913960931 0.0030062536708867606 0.10888845740073332
0.05254015143022999 0.006783477732498698 0.08882301818091025
0.05245630848696661 0.005925525043995226 0.08782487151281877
0.07171724486202292 0.022082965583320593 0.09872666940988041
0.07011836811933694 0.019706525879792287 0.08897313207470758
0.06707869560339277 0.016511002369946567 0.08550028023301422
0.06543394398910772 0.014295581364223032 0.08342261259110308
0.06309353776960425 0.010857937549074614 0.08144544102376676
0.0625206817478879 0.007427790249442264 0.07972204268349317
0.06164648383151231 0.0024667587059387847 0.07887183242884661
0.06390659151585208 0.015617159324402491 0.0904205567207941
0.06379501137323407 0.013670334032786889 0.08703456727852969
0.06232157201113629 0.012133398992778037 0.08624356913567738
0.06095029223867537 0.00984041991243767 0.08533659172320956
0.06014341871544753 0.00678752087395464 0.08432520829464023
0.0592056412614431 0.002414521279674258 0.08311482910012284
0.052538972314397046 0.011473003588735023 0.10507278433355957
0.05091697743942532 0.008707983370774646 0.10430203994956012
0.049573909117478006 0.0070219817544938425 0.10295719524886345
0.04656882504870509 0.004097834073553981 0.10078326586867667
0.04549712774547779 0.0026244264986974406 0.10002879826083783
0.053972335094743466 0.013259829965988876 0.10906494283613244
0.051877284678037996 0.009561069813600382 0.10908199226616808
0.050404294553912876 0.007234174470191715 0.10756160873140554
0.049161453132897784 0.0038537792061357325 0.10537433481291808
0.048878405153982174 0.002647580684400767 0.10507195574745848
0.0767987916 0.0201238595 0.0704028453
0.0787600812 0.021934682 0.0688762912
0.0994600313 0.0449502802 0.126428357
0.102530404 0.0443220852 0.125126454
0.122502504 0.0492650472 0.114441965
0.127398783 0.0486718243 0.111521436
0.133107188 0.0492557595 0.107260342
0.103144079 0.0482955971 0.134255616
0.105181111 0.0489795535 0.133847692
0.108913029 0.050311736 0.13052684
0.119583614 0.0534422084 0.128849443
0.125130566 0.0532873453 0.126894567
0.130790801 0.0525796937 0.12455181
0.135992211 0.0537419711 0.120087811
0.103416451 0.0466253379 0.148200516
0.121240681 0.0533687275 0.141511516
0.128262942 0.054015225 0.138338612
0.13226973 0.054914528 0.135711404
0.140424732 0.0552889269 0.13309316
0.0587908085 0.0191568082 0.184480146
0.0606669286 0.0244551365 0.18499872
0.0639487586 0.031097326 0.183776916
0.0562597579 0.00454951237 0.184942585
0.0558503097 0.0113868734 0.185178511
0.0565040879 0.0157671066 0.185552459
0.0633287541 0.0307003123 0.185330792
0.0663743731 0.0367669086 0.184909549
0.0569518432 0.00393568422 0.19033437
0.0565676813 0.012827296 0.190160433
0.0572514592 0.0179056373 0.190332611
0.0669264105 0.0367214177 0.189032937
0.0965009732 0.0491753551 0.184030984
0.106622037 0.0537448824 0.183841016
0.114865952 0.0585064801 0.183088758
0.12956348 0.0632461929 0.181781921
0.135179757 0.0642849202 0.181274831
0.141560245 0.0650765925 0.180746538
0.148093106 0.0653013357 0.180121323
0.0580294746 0.00386234008 0.198218992
0.058810291 0.0124003345 0.197923663
0.0600692822 0.0192488292 0.197663504
0.0977054109 0.0510717655 0.197772664
0.107617996 0.0559406642 0.198005278
0.116719632 0.0601675336 0.197681055
0.131878561 0.0662544914 0.198433505
0.138276526 0.0674435517 0.199241694
0.144676166 0.0679486501 0.199839471
0.150732159 0.0683031325 0.200503504
0.102905127 0.00230728705 0.0539559335
0.10523389 0.00899015405 0.0536212639
0.06265327232653406 0.0025909374751242804 0.06949437884988889
0.06492552802573905 0.007628035926784813 0.07047176334585102
0.06629626917357942 0.01068332842036102 0.07195683919697661
0.06879961708434704 0.014161514284318404 0.07347569994789507
0.06253634945313363 0.0024892851880306006 0.07418386583317964
0.06436060011090726 0.007681242867158081 0.07546121596324758
0.06506055863140157 0.010323174164433933 0.07638986080545306
0.06721557025113982 0.014595982056527998 0.07855207690253611
0.07045907133886278 0.017908323727051683 0.0808793094114415
0.0626914722 0.00261926404 0.0670784575
0.0650200532 0.00777570318 0.067851418
0.0666324782 0.0109160186 0.0688509549
0.0626246349 0.00250084993 0.0641988562
0.0650215508 0.00769225029 0.0645758727
0.0628024872 0.00258426014 0.0611650774
0.0650819538 0.00789186294 0.0617395835
0.0714383547 0.0149202277 0.0594835112
0.0675159476 0.0111408856 0.0590118877
0.0842411077 0.0267978008 0.0626373806
0.0813776771 0.0211135027 0.05934459
0.0764293676 0.0160934013 0.0575445542
0.0726867187 0.011733016 0.0559524455
0.0706207011 0.00808228829 0.0548735871
0.0679715349 0.0030897317 0.0546205479
0.103193969 0.0285543848 0.0668207466
0.090151191 0.0130225009 0.0593883765
0.0887298214 0.00912758529 0.0580406685
0.0869259914 0.00236079186 0.0564570735
0.107539627 0.0284735996 0.0662790735
0.06010687043558093 0.019822257112160176 0.1144682227759847
0.050247523134033405 0.0020179702992639986 0.10957136283613242
0.0478505751 0.0028355114 0.162718435
0.0485863823 0.00475584621 0.16195378
0.0500936693 0.00274231937 0.164731753
0.0508457761 0.00467962517 0.164049663
0.0540241205 0.00609999595 0.162599509
0.0524848173 0.00260717259 0.166613435
0.053603272 0.00445387052 0.166019586
0.0562176482 0.00575279888 0.164512403
0.0548404363 0.00250890988 0.168546843
0.0559417353 0.00433732745 0.167717697
0.0573186618 0.00582983742 0.166238346
0.056881735 0.00258767843 0.170464696
0.0576307601 0.00441259173 0.169166964
0.0581165814 0.00525540254 0.168526452
0.0578564809 0.00261329937 0.172367761
0.0585386404 0.00437750196 0.171178194
0.0589703589 0.00596612659 0.170476961
0.0582127657 0.00265939812 0.174385374
0.0590730346 0.00460863928 0.173902382
0.0611260325 0.0202423475 0.182363622
0.0628387917 0.0245763249 0.182844387
0.0648246278 0.0306527313 0.182524981
0.065202022 0.0350206823 0.181926308
0.066799286 0.0387014571 0.181312258
0.061966411 0.024505427 0.183861614
0.0644351162 0.0310454726 0.18302984
0.077163423 0.0483162574 0.174168166
0.0674920428 0.0207675498 0.133717092
0.0708690896 0.0241748979 0.133296587
0.0729970344 0.0271311322 0.134666489
0.0740833131 0.0325297249 0.135499056
0.08458384571107838 0.058718383692432374 0.12210145941922199
0.09356197479964254 0.06326551670199859 0.11748488888921998
0.10981486344616836 0.06971198903517492 0.11037509167612024
0.11913932183635424 0.06965479575658752 0.10707915045395175
0.12645411479389684 0.06883551488902773 0.1040131167389003
0.13258929188646162 0.06663828843914321 0.10103825231595905
0.08731598928944498 0.06135877998816539 0.1314596019016742
0.09617935424723315 0.06480609017044897 0.12839531404165694
0.11307040652289044 0.07199233898515894 0.12206761755201204
0.12158475661083612 0.07296941960332365 0.11907037657564645
0.12877576894856493 0.07191899352870479 0.1168873971128948
0.13629228007350108 0.06886552466427823 0.11530053430670685
0.09056816059598202 0.06216837224406468 0.13997692874944007
0.09894759305767573 0.06641613451575196 0.13815044986625172
0.11618980493950531 0.07277336351949919 0.1329429127673393
0.12376911281866992 0.07378964536873273 0.13017294078215588
0.13117404568549462 0.0735459951988719 0.12792162742094149
0.139090142052409 0.07015532518348076 0.12747151958387495
0.053265638976505734 0.020119717474652667 0.18057422498673012
0.055115110799989285 0.026487421245964475 0.18047588509050363
0.05766671340257596 0.03303841225262871 0.17865697812203027
0.07339451282068647 0.0527016094376777 0.17029990493754732
0.04977990995974851 0.004319083285693061 0.18146945534111006
0.04982240372630612 0.010435346953502091 0.1822267188801474
0.0507621106044774 0.01579063179954561 0.1827390602433974
0.05778576522107533 0.033422361485440144 0.18060346330144283
0.061606903548258304 0.04084362600515535 0.17910832652769937
0.06857074102324238 0.0499131692080573 0.1790661636198107
0.07635625310766372 0.055007298877169826 0.17593145671184438
0.08499778134919588 0.05807271727698939 0.17441178703372007
0.0505369063189029 0.004044010835026787 0.18773063796572045
0.05059192791618376 0.011340850004956306 0.18850065476782946
0.05187286338876512 0.017831691985620384 0.1884641202770819
0.06259981958971698 0.04069990839304251 0.18442071742174368
0.06952328216745664 0.04965960656670323 0.18476564261788408
0.0781823502411019 0.053842757319039376 0.18370379609388512
0.08616859882815531 0.05729432954551046 0.1824570626194178
0.09527150245342415 0.06152566304464816 0.18256566620399667
0.11131015527181443 0.06937185015836458 0.1809192862037882
0.1279693249739906 0.07339272958295584 0.17955379613929043
0.13480812026063832 0.07532657734744025 0.17889500427208774
0.1424873066420889 0.07702135732824787 0.17829878079104483
0.15013150136388217 0.0771573847799918 0.17748847820115274
0.053275242 0.0036998898 0.197158873
0.0537627258 0.0116231039 0.197385241
0.0554283786 0.0201546178 0.196581561
0.0651434812 0.0402368027 0.193445683
0.071195714 0.04838554 0.193864829
0.0790528505 0.0534919632 0.193893341
0.0877029597 0.056888557 0.19345729
0.0961337064 0.062315663 0.194611038
0.11233492 0.0696858574 0.193789094
0.130140665 0.0747224551 0.194171589
0.138117635 0.0765737474 0.195072705
0.14537543 0.0779287991 0.195934332
0.152612405 0.0789706774 0.196440358
0.0662601559 0.0139950431 0.155927453
0.0666103934 0.022751365 0.146606277
0.0680799771 0.0260449603 0.14523643
0.0687164474 0.0311158011 0.144223218
0.0700709033 0.0365141688 0.144228178
0.0720432241 0.0407479379 0.14786199
0.0753350632 0.0454348045 0.154815287
0.0775832165 0.0478368717 0.159788372
0.0768216937 0.0477705288 0.169021413
0.0739744725 0.0477515163 0.171933225
0.0715525234 0.0465219165 0.175795146
0.0690715981 0.0418798278 0.177483615
0.0679937837 0.037502332 0.179202776
0.0672510109 0.0346117587 0.180634594
0.0663102298 0.0306518841 0.181456518
0.0660969672 0.0254543088 0.181983438
0.0659927885 0.0207081747 0.181183142
0.0659902211 0.0166510916 0.178737458
0.0661728078 0.0129642323 0.175831024
0.0660598276 0.0107687047 0.171813102
0.0673310667 0.0118105029 0.160148626
0.0645936064 0.0133573809 0.156311272
0.0659276273 0.022156971 0.144863733
0.0683612253 0.0254988436 0.143446879
0.0694557969 0.0307191675 0.142639079
0.070650646 0.0362566748 0.14250984
0.0714102027 0.0405573144 0.145589161
0.0748864551 0.0447935382 0.151939924
0.0781605158 0.0480868439 0.158672361
0.0799443603 0.0489384179 0.162466644
0.0800810687 0.0477952921 0.166529175
0.0780439667 0.0474780847 0.169586594
0.068282695 0.0424361254 0.178810635
0.0676190836 0.0380459721 0.179818805
0.0663676661 0.0347649342 0.181043259
0.0661230912 0.0306577679 0.181968283
0.0656882802 0.0254038818 0.182261628
0.0649554214 0.0207663512 0.181529319
0.0643512899 0.016795809 0.179662442
0.0631291461 0.013718771 0.177045882
0.062558423 0.0105127683 0.174887262
0.0682896639 0.042116692 0.179803084
0.0667430815 0.0384079691 0.180842433
0.065300998 0.0348919173 0.181435387
0.0657422198 0.0303789239 0.18226008
0.0643756524 0.0249125492 0.182486409
0.0629941372 0.020443166 0.181758297
0.0619726696 0.0167254418 0.180449494
0.0606629032 0.0138459937 0.178003938
0.06514607 0.0100762439 0.164074577
0.0656640373 0.0215870141 0.142554895
0.0689841178 0.0252428449 0.141951152
0.0703907596 0.0306531382 0.141584141
0.0713843679 0.0363992825 0.141576292
0.0719584204 0.0409403478 0.144585637
0.0754867125 0.0453155575 0.151061253
0.07363961332986908 0.045740208005238356 0.10188646856031518
0.08476183834055233 0.051283952260388066 0.0981191765181455
0.08538528957358586 0.040614256150031856 0.0718561749338821
0.09261922896195057 0.0027648856238557495 0.03688554722545053
0.09477663656412215 0.010945137436651339 0.03799608288439032
0.051182276249985253 0.00272735126478804 0.06495678631122825
0.05217438489927064 0.009318284897497793 0.06571169350123972
0.05403107359491048 0.013565178243566355 0.06611299569258491
0.05703899161908779 0.01654551402117308 0.06669566520154079
0.059281670496539686 0.017995011112341884 0.07211237289555748
0.057444457187929905 0.015421532812908997 0.07121200019948068
0.05506741228971027 0.012512141418257603 0.07031709772981092
0.0532787755435307 0.008291250603968707 0.06958104438337247
0.05222457186991784 0.0022875809112094148 0.06841953869898963
0.051034419037520276 0.0028678795838605756 0.06293290853021247
0.05249666573233404 0.009803637345035655 0.06309047809149777
0.05440907076723219 0.013759336211802718 0.06319319479053347
0.052249328658557796 0.0029995946230394056 0.061223658396209094
0.054451860094712465 0.00982582996252868 0.06054353048062901
0.05546636643715347 0.0029538034046277064 0.057598060983207404
0.05755033313138699 0.009353540341255427 0.05708592487514684
0.06580670141613826 0.01585584931440411 0.05524164574800749
0.06224518868316163 0.011908118976901774 0.05476288944832767
0.08180294225383374 0.029018318845728183 0.05705511668129841
0.07621975052236951 0.0224521522164932 0.052855364255428285
0.07158884546941256 0.01684777985799871 0.05122538857478455
0.06814117666377172 0.012246325871360167 0.050643413432859705
0.06646450295063107 0.009009928244682611 0.050446721481374114
0.06387569238448823 0.0027253091057815454 0.050227667455497
0.09990151059120646 0.034189196863609966 0.05382703264237525
0.0819448912044465 0.01432367738843234 0.04190355692924972
0.08002077151366871 0.009696429162993002 0.041531514968374275
0.07760874651339107 0.0027050334839029866 0.040969006639437804
0.10408535641881116 0.035642261536666206 0.05150946374673693
0.049638199865490326 0.025815634107480074 0.11426531871343519
0.04647058456108705 0.021864836813782245 0.10735541380648629
0.03945171855963976 0.002808756868312162 0.11287542266926866
0.039578788375269125 0.0014159049895967936 0.11766993614298264
0.037072109289541424 0.0013658961482921315 0.12232331569409909
0.03775328103162336 0.003063813591452213 0.1221521684649256
0.027360267103540187 0.0012830560172913462 0.12866886609643807
0.027878128691394093 0.0027853405902795235 0.12891366879463623
0.028346539102046833 0.004367078123036543 0.12964525038295263
0.030415081463669277 0.006505702998323432 0.13056512922220034
0.03672161922083199 0.013428937811709443 0.13310817309875675
0.03944651749995813 0.014810858356909628 0.1307850605740816
0.041615015156065166 0.01743173200239868 0.1278073390026648
0.02479394283252309 0.001056104795852931 0.13123840107423945
0.02557898899878352 0.002816681534286578 0.13146595562687544
0.026698257371787687 0.004600317924926945 0.13176601932776394
0.02775730442527153 0.0070806446952461286 0.1321391872954608
0.03566520605245082 0.014524154709001041 0.13477919043373732
0.02304485405081174 0.0011278997686623947 0.1348795181878868
0.023851683098403742 0.0028848686850016033 0.1348324052614065
0.025053483769778964 0.004925956925585202 0.13449359701184424
0.02227968504686345 0.001268812601027258 0.1382635450200624
0.023130205102112018 0.003060483869742162 0.13792399347774023
0.02428050841905585 0.0050696427195535115 0.13732277377648985
0.023755231867230078 0.0014611636252834241 0.14220262589724314
0.02423602323130503 0.0032773660557564306 0.1414517232653187
0.025185841447342327 0.005651613669439121 0.1403650288820949
0.02593701581629639 0.0015309682947152192 0.1449954030639023
0.026002538393075092 0.0035155677895896353 0.14435503361131305
0.02681996578394205 0.0058751599379939755 0.1434236086192787
0.0277127981019172 0.0016915215206200073 0.14751472674958752
0.028071082702851132 0.0038366510025703167 0.14709937778833748
0.029096148378110268 0.00641490110375663 0.14593540349784945
0.030109027549608317 0.0018287041209539391 0.1497463142228655
0.030585876497080396 0.004019976223686136 0.14958563161624638
0.031818886366429024 0.007172891027017623 0.14839230133552692
0.033938798905562 0.009534373558817361 0.14649725701283567
0.032268536165030504 0.002054931058285514 0.15194649028014406
0.033066037731508895 0.0043454282414050645 0.15161320052714444
0.03473360703682365 0.007848721550627422 0.15017673598573394
0.03714981922491732 0.009998671233135048 0.14793060266207994
0.034360483023465165 0.0021983804755017016 0.15404316917230387
0.03540154569393288 0.004634755316169007 0.15367738124301378
0.037162326680796165 0.008093448234144459 0.15233475118096051
0.039810403715063086 0.009827392008102415 0.14986308643999563
0.049605560002289946 0.01303785268530667 0.14748967220519285
0.036670093132926636 0.002674802754697601 0.15662683267858266
0.03747984886248449 0.00504176458323057 0.15599722523675033
0.03943640376287813 0.008358184029258121 0.15459422560404124
0.0423041413210776 0.009923476732340153 0.15235543969161874
0.039107225573148045 0.00269067528783317 0.15867337065406323
0.039978137821471256 0.005255151724424958 0.15804534262840272
0.04132827801117545 0.008358843672535166 0.15644054654927944
0.04492396718559288 0.009794690837686073 0.1550051079773735
0.04148199114069708 0.002972684699121196 0.16056382381488216
0.04245055250868197 0.005593008342920343 0.16025144223055013
0.04443470814486064 0.0076490701156373495 0.15909648946501126
0.04409713252041786 0.0032183100054921734 0.16275574711976185
0.045347322370030835 0.005806376210088305 0.1623662686003473
0.046885684298205416 0.007669397613034371 0.1611902316994123
0.046787811687687524 0.0034715344122858826 0.16532733935841512
0.047405186456397665 0.005812632548468601 0.16467799411392084
0.04820129159718743 0.007617207772272092 0.1639370048666691
0.04846898875451255 0.0035173171480667852 0.167749166436074
0.048821138524410286 0.005942937560279521 0.16728362959855633
0.04993462772191711 0.00868723900724014 0.1666536928874395
0.058821502284970933 0.01152472479611324 0.16572148168469222
0.04997514733757186 0.003940138892495877 0.1698433308168292
0.0506129280433552 0.006210627778422063 0.1696741644415774
0.05559967968303776 0.021744194623893612 0.17683418414884008
0.05682827673598045 0.026844035753893877 0.1765162485527872
0.058616591655184944 0.032562661656886746 0.17566521818221206
0.06053525755036518 0.037847264874850725 0.17494427331764423
0.06272890348628812 0.04167312928381981 0.17347357948893125
0.05607526878836219 0.026723730818542846 0.17839443993198945
0.058240086610603765 0.032954458129381727 0.1769905455974199
0.07258665873109774 0.05165643447966867 0.16887693995348468
0.05374499993453868 0.023308629688048057 0.13576776758015766
0.055354090314662645 0.02761214054317551 0.13037581699987752
0.0575404381778166 0.03368853772909598 0.1297318174177211
0.06057192054190272 0.03899492834312544 0.1306475244573948
0.0640330490857968 0.04425957702454364 0.13217544807123788
0.05946854792671842 0.018875701699079494 0.15335084633444435
0.060465223265976295 0.029680465875793458 0.14482923850770432
0.06140557486901996 0.03285642078335064 0.1438675677132141
0.06211476917319039 0.03688353269263333 0.14385528594304486
0.06371369962551887 0.040464296206706676 0.14457398578192274
0.06631235994551603 0.04348008544412302 0.146357044651837
0.06944202825513619 0.04624911079707696 0.14966819330016673
0.0727611888652491 0.048183193773365614 0.15498330352547465
0.07354953775094605 0.04883101547509134 0.16408689413226668
0.07110557895011681 0.04748236789956073 0.16578144133457123
0.06852099681306106 0.04488924100943513 0.16638095276589268
0.06549984531364907 0.04155555275012146 0.16689965542407745
0.06343504001774619 0.03827323049413781 0.16791398120985113
0.06276079084409736 0.03497085115762234 0.16912086567091067
0.06198716143854714 0.031212564037571333 0.17003780696367346
0.061589250663371474 0.026791702536775316 0.1707358915757721
0.062097918290228045 0.022546660580419577 0.17093022815597245
0.06248935547032146 0.01944477472387 0.16939495571294189
0.06267970595686682 0.01720955070905346 0.16775056417202638
0.06341659456638098 0.015644652449849607 0.16647827442489976
0.06312177752624028 0.014318885279859452 0.16500437092051834
0.05941578473092825 0.016118184784165435 0.15571914374348916
0.05772582462588593 0.0163492504571834 0.15200388303418458
0.05838819843601934 0.029204909725113148 0.1419240747124948
0.059827562508453336 0.03352559135478789 0.1406209110015091
0.06088084110566594 0.038129933261740766 0.14117064039951555
0.06295783335188242 0.041941444915691385 0.14248178432287112
0.06591124102059982 0.04480084567419856 0.144657470511692
0.06911609870807384 0.047481534204863646 0.14703069161103238
0.07346155777381805 0.049833513369612815 0.1519870813183101
0.07525324788877157 0.05171551726775972 0.15791095285720666
0.0763676790734708 0.05219941788329093 0.16208189402216758
0.0748983947928596 0.051312341545133866 0.1648411425196132
0.06548235003332165 0.042734619778386156 0.16899180866596797
0.06312817143964011 0.0395535753641242 0.1702003196527651
0.061826783485689915 0.03623910348933531 0.17107706230980554
0.060841008984251765 0.03199972452064219 0.17195347492246138
0.05971741049772808 0.027117317375105 0.1727008832595949
0.0597451763234936 0.02244257197970926 0.1730523666285572
0.05995006581682009 0.01862894799462716 0.17176456459326356
0.05982128578098603 0.01573733960614887 0.16963842008352067
0.060097116678447984 0.013625210527292098 0.16794931165785734
0.06539342625275506 0.04411751319151963 0.17107791063088043
0.06280481259545631 0.04074710055662532 0.17233471149191473
0.06102983194426014 0.03699678750209874 0.17330787381641372
0.05948858276028502 0.032273017333224685 0.17402483265317373
0.057933834852765057 0.026981571109893635 0.17458220445063888
0.05738850061088648 0.021914760632796296 0.1749221683884953
0.05760671262873279 0.017869142426049412 0.17370201059163615
0.05739617595682556 0.014416678651931044 0.17181659098005034
0.06247748019747225 0.013294983303038571 0.16317617317119482
0.05807187051481986 0.013169133260409215 0.15866878224775646
0.05726161945103341 0.02844572850955544 0.1393894712548301
0.059225931699333316 0.0336450076412416 0.13848485173353758
0.0606919891923131 0.03862685754201369 0.13930522665855397
0.06296245367644666 0.04257405253046149 0.1407706275173782
0.06575561931934285 0.045804030461623915 0.1427572064737931
0.06940859194369287 0.04899606169767011 0.1451126312094165
0.05500857846975012 0.016901192824942093 0.0829620070558709
0.05456769834461725 0.012645208851351031 0.08003064911561072
0.05470342406618167 0.01054850870177647 0.07933814984534227
0.05437034656901876 0.008184253179633822 0.07872516419034305
0.05392431350857033 0.005652527608065198 0.07845051863348422
0.052957342062221156 0.001568166404543568 0.07822395259190465
0.04324119695320352 0.0171932415965626 0.09996230775571809
0.04013116706701574 0.012670301210044997 0.10236372509090422
0.03888715319797728 0.010393061922228934 0.10351211868003403
0.03725032142387439 0.005310936228677125 0.10375337594882499
0.03640611952665302 0.0030207072484253533 0.1029165247437497
0.04784113530994784 0.008389820757302024 0.0846463106672949
0.04739572276954982 0.007032954262372815 0.08375741926169122
0.05637234247550717 0.029776421467854704 0.08802863534255512
0.0686439952317055 0.031594336185718046 0.07695112981510446
0.06918936367382025 0.027387723525334803 0.06596518105857353
0.07075891205119808 0.027536557053174388 0.06001899731746469
0.06650168765408625 0.025078762600897007 0.06175995997272067
0.05921843623050892 0.012575038212940018 0.09089456541298845
0.057357951993589666 0.010015873478851942 0.08896609321439698
0.056581768253454005 0.008249304261818975 0.08809382343159047
0.05578667279924942 0.006922162672559685 0.0867496405711756
0.05462622765756789 0.005089516729151166 0.08608063269311277
0.05351267006346847 0.002078069437661864 0.08526105243824889
0.0601124784 0.0204973616 0.18366012
0.0699004461 0.013754692 0.155665861
0.0692231915 0.0239351656 0.150294734
0.0693713217 0.027311059 0.14938706
0.0699687565 0.0318175154 0.148447402
0.0720264803 0.0368506471 0.148978404
0.0761491993 0.0420570621 0.154324507
0.0777561005 0.0451539438 0.159324527
0.0784376743 0.0463253906 0.163127525
0.0756409591 0.0470248931 0.165337675
0.0745446996 0.0475149657 0.169873759
0.0725314006 0.0462747515 0.173319002
0.0700250535 0.041795951 0.174735622
0.067799159 0.0375319572 0.176148132
0.0666542193 0.0340524066 0.178795146
0.0664109853 0.0296338209 0.179458601
0.0678526124 0.0244443514 0.180283102
0.06892701 0.020005988 0.17887117
0.0697497609 0.0163024835 0.175945084
0.0698209492 0.0134772489 0.172530793
0.0685052869 0.0119789938 0.169434036
0.0672337894 0.0131641454 0.157614698
0.0675649087 0.010701638 0.162747423
0.05429079950673924 0.02832856336931291 0.1264208563116628
0.03871677544675229 0.01655154731564812 0.13155153918234855
0.053695794003551546 0.009548485635888709 0.1658138862630256
0.05459710039948001 0.021854905869667155 0.17897094325516041
0.06396015863529121 0.0197307066893563 0.15358270730683843
0.06313594825167843 0.029401582308029285 0.14950496963710078
0.06389218957286512 0.032816806422431864 0.14877511213803996
0.06474478375482474 0.03611387618705086 0.14854041420937128
0.06632283252191776 0.03940462188498307 0.14904678062547272
0.06954691544147186 0.04266476156230189 0.15115341098624652
0.071546577972118 0.04503120425560143 0.1551233422087691
0.07178553020499347 0.04613275820134329 0.15934984979327427
0.07157302902180418 0.04629426523916943 0.16186021689209884
0.06996370498963157 0.045236166984893036 0.16333923827386693
0.06805686277696979 0.04296881130633454 0.16378391007690946
0.0658433896325108 0.03983523564915179 0.16405826495014772
0.06407760310601127 0.03649099375777443 0.16492316932932652
0.06264702929964043 0.033398901585038825 0.16607861386795683
0.06195828926038122 0.029526129228629388 0.1672039493106702
0.06320646615684306 0.026670910476984715 0.1673261822827575
0.06423745133518415 0.023217422322431368 0.16721747374177268
0.06442543589270565 0.020427162853538888 0.1665664250947539
0.0645570237995332 0.018322461628794712 0.16555189316731
0.0646261922528347 0.0169476955685217 0.164532568874583
0.06438177430260544 0.016157002920430045 0.16342355172590523
0.06062797173565709 0.01808024012625343 0.15476828565549786
0.0644658270562401 0.015866623207668108 0.16151349454676212
0.06344377848769682 0.016041046543061425 0.1601301804423015
0.052118792673864316 0.015088830482292722 0.08677985031273311
0.051406340422233375 0.01121848772282597 0.08372736868076351
0.051217819634455646 0.009205544913087981 0.08297132846264789
0.05071584269608395 0.007130608146315146 0.08213494762742313
0.05005823096986749 0.004912695737610372 0.08155335475041608
0.04945695113232143 0.0014646914560998792 0.08159995155172506
0.0694763547 0.0114192056 0.158681085
0.041943640007538155 0.016074575989086817 0.12706833250180105
0.06451755494998046 0.017788410762491172 0.15621008307511217
0.03120242686305487 0.0013653272249445473 0.09781593581353222
0.03186368327700394 0.0029899247211849465 0.09800218453775918
0.032603395897070696 0.004521492951764364 0.09828403582530636
0.03352053491346995 0.0065655905645370105 0.09832692295099067
0.03449266160253397 0.008525066887797946 0.09789431620461819
0.03566603186116387 0.010140965821280408 0.09762361369183234
0.03735346026167948 0.011902208543224133 0.09634698866532378
0.04000410227653221 0.013617208936139692 0.09489786984195009
0.04344986300968442 0.016267375554449716 0.09387887368358373
0.04697551181013619 0.017008863795993222 0.09361489784724761
0.04939801146212978 0.016568665886603034 0.09473077389704165
0.04803996696870926 0.01589596684566308 0.0938531312277763
0.044940939873191574 0.014348313007446335 0.09191147107316175
0.04240500974307724 0.01297689233783867 0.08903837674406984
0.04083707114856616 0.011211955781216172 0.08681939288423199
0.03955858929285111 0.0092658302648106 0.0852261769253811
0.038328014046699485 0.007827904863389185 0.08444585763877602
0.037562669768273084 0.006206596534887881 0.0844014922497571
0.036670344965499715 0.004163258838188938 0.08520457712806696
0.03599981010358021 0.0021176120558047745 0.08518731757996324
0.03225868253991765 0.0013925876933268877 0.09637160595588758
0.032699980201473265 0.0025375045462105255 0.0964728118518736
0.03341761123517322 0.004182342508431585 0.09657243717756483
0.03396030201831891 0.005977053719380455 0.09647457352084363
0.03505228738294408 0.007752127821604422 0.09608871729750919
0.036206649566608615 0.009375012515479548 0.09576771900791277
0.03802654644491233 0.011106313864836943 0.09475882043070388
0.04039381447441122 0.012803323074552446 0.09426944815292318
0.043936927580174465 0.01554178479649282 0.09362077136405063
0.047413083592260964 0.016592518043040565 0.09371600484822183
0.04960896255602751 0.01661665649720373 0.09561294352791418
0.04845623230305435 0.015731080160665906 0.09516213844016129
0.04483847807914277 0.014023659590956757 0.0939550951325756
0.04218981799660037 0.012536055910389352 0.09172904486558954
0.040014549851713085 0.011210780723917025 0.08979083449981991
0.038138047121076914 0.009561130744710128 0.08850755511782771
0.036961270292154416 0.007914480755697326 0.08769994170114151
0.03619530718287316 0.006145569946277042 0.08735725940999178
0.035696639074410855 0.0042371984882469205 0.08752594631628376
0.03555632367953455 0.002179707807946961 0.08784023182698586
0.033639625712127565 0.0013373390877762124 0.09551567629912266
0.03405213793144894 0.00245836850034721 0.09553245417470575
0.03447298141155068 0.003883427686997756 0.09557866930956718
0.03512593306913054 0.0056731311785495845 0.09530803319135195
0.03590770256778361 0.006909353875503899 0.09508683069199636
0.037271083341750104 0.008721842118375601 0.09447021179715327
0.038978302222483385 0.010420179344994339 0.09410276012945737
0.041164358447518076 0.012028553009644493 0.09402797029740223
0.04471759331032682 0.014560945150852227 0.09383089684525386
0.04812954559605133 0.016482789005535854 0.09400924585984496
0.049258340962278754 0.01560794548078044 0.09603252152386606
0.04611457486482907 0.013303018682815896 0.09549188508826682
0.04287069401696185 0.012048804236960952 0.0945709197883491
0.04074230322151886 0.010990881929870676 0.09250596963312788
0.03888168679676368 0.009454726135476169 0.09098189043799403
0.03756381026712473 0.007918111607995453 0.09012317302513324
0.03665800163632719 0.00620507614574958 0.08956750816780328
0.03592099094566392 0.004287399605468117 0.08919530252313289
0.03569876466649767 0.002187345946373323 0.08936836604053083
0.0406187273294289 0.008003652559999382 0.08184275916662967
0.041588228129295704 0.00971447824407998 0.08271373297706028
0.05756903865157113 0.028359023388487028 0.08458785747861274
0.057304369350710975 0.021829381749607777 0.07803080317105264
0.054708114351149535 0.01712964594260902 0.07420499853357959
0.05394070786968762 0.014618320329230678 0.07358876093663877
0.053353523792827026 0.01156454432319708 0.0732767515714409
0.052052940452735945 0.00793301589172087 0.07273877934242183
0.050744126323651696 0.002441453130077349 0.07222890545879507
0.042001417719408074 0.0182715786477377 0.10330622786342658
0.0390303127642393 0.013725350658211496 0.10627171433037522
0.038269958107484806 0.011497181618642601 0.10780517631559829
0.0367214002842679 0.005596387117602385 0.11032377597294855
0.03637909542162236 0.0029964411310876536 0.11002140834728905
0.0835674043628936 0.060636748279491254 0.12144461576309816
0.09191767597673248 0.06493083854796258 0.11738097534808013
0.10900572907486636 0.07356848664709868 0.10948880828511871
0.11948073684544093 0.07223513411835981 0.1060580728763215
0.12656021632990216 0.07196106275801162 0.10300153591984078
0.13301783681885676 0.07103940072978977 0.0997055306175657
0.08641195855608998 0.06339392658362202 0.13064949103149012
0.09544102469917441 0.06639167381703916 0.12787960535254517
0.11277063430510198 0.07465440750722181 0.12133598925051504
0.12208880461843123 0.074776236566752 0.11837288247264276
0.12901432177838043 0.07311320782078318 0.1164325162478988
0.13665160061504436 0.0723675982700594 0.11412448830320202
0.08917282867450368 0.06481339072418242 0.13954211914916625
0.09855215135136038 0.06843983973175743 0.13736632136741508
0.11583502888929206 0.07504695259057183 0.13219668944449364
0.12433376390088612 0.07583382955408147 0.1295144729339086
0.13164897585395016 0.07556720664459844 0.12731254362328526
0.13920200236171248 0.07291770279454504 0.12638667084586008
0.05208511551463148 0.020744386798723674 0.18074284432010757
0.05398754489557639 0.02733047476465253 0.18054417061927816
0.056599296238109414 0.034053171751934425 0.1787379882641737
0.072492531014288 0.05412965860667772 0.17023243029651178
0.04819098932903424 0.0046058668104922654 0.1817995834755384
0.04843310059700489 0.010896471744311013 0.1824571763840644
0.04948121499533013 0.01636736619652629 0.18294151169908915
0.05667184495114282 0.03445221894165829 0.18077375017980665
0.06022744484102175 0.041681009159756734 0.17925097776030166
0.06775296216097544 0.05111691875984946 0.1791615368566914
0.07577618355656278 0.05650688888638983 0.17609378299909392
0.08434744400569172 0.05988310562572832 0.1746883612791046
0.0490832128544536 0.00439521840489186 0.18808186182019546
0.049274229242928284 0.011851106495721877 0.1888126294045671
0.050616163496025886 0.018462687802093546 0.18876468231572663
0.061432914500895365 0.04218110409977142 0.18479320344934588
0.06865420521377043 0.05095833888293159 0.1850188522049061
0.07761967828565937 0.05521763211100409 0.18400471906724206
0.08572824074328221 0.05913793639793421 0.18253655384560435
0.09423269420284043 0.06391858637992216 0.18172701974125396
0.11075826035339607 0.07172436397715175 0.17973435472722016
0.12767131635837461 0.07500806479696084 0.17868193424747533
0.1350570345294738 0.07772717247939726 0.17769091111683827
0.14309587678389793 0.07906573095234597 0.1772744275339994
0.15029173811528035 0.07955071784356019 0.17674929886451846
0.051926523 0.004079976 0.197691758
0.0522793558 0.012134156 0.19799392
0.0540634628 0.020930676 0.197157282
0.0641022574 0.041418844 0.194087519
0.070459564 0.0495312842 0.194457703
0.0785189916 0.0547149066 0.194561987
0.0873490641 0.058282966 0.19408877
0.0953129297 0.0630214032 0.1940467
0.112344988 0.0714871608 0.193506073
0.13058766 0.0766836433 0.193615266
0.138107232 0.0788268369 0.194282679
0.14628789 0.0792012942 0.195062391
0.152776474 0.0811174429 0.195681735
0.073029784132448 0.04714157309050991 0.10173480025726128
0.0842258027442292 0.05290232456999972 0.09746845314545122
0.08232087890373282 0.04261737939357931 0.06966416274166136
0.09082273901064038 0.0027122612954223898 0.03439084769530514
0.09289771720492707 0.011633460130590453 0.03509723033088665
0.04848985791327072 0.0027735593112173398 0.06460047896233184
0.050523524699876726 0.009798098762426606 0.0653495900706297
0.05304120885835397 0.01425207185921768 0.0658134239924403
0.05575539090525916 0.01727403979527703 0.06651218127849005
0.056958698283586746 0.018949797921295076 0.0711210672255321
0.055188138664967766 0.016031886312537325 0.07039666569708047
0.05351923772214871 0.013169698720691339 0.06986364951479192
0.05158533075876165 0.009039254588881974 0.06914705547755765
0.049120186111344305 0.002502445757707019 0.06739426004463304
0.048568912960681485 0.0028970851759513427 0.062250145050390206
0.05037792410254786 0.010336652350829723 0.062343000623561934
0.0531961104721065 0.014459516834389298 0.06254638458135196
0.04997886237868637 0.003119316647424117 0.059192792184313954
0.051552491132371855 0.010494302383245866 0.05899036623863661
0.05247685015013552 0.0032698395057525046 0.05451589406305308
0.054692998909418145 0.010450173374061535 0.05425100909253358
0.08780647180422219 0.00293836544528147 0.03501318544240839
0.08898841473508799 0.011746067815877014 0.03519469493806433
0.07958735647752935 0.03132632272531385 0.054375561450931184
0.074867229863949 0.02441376085056839 0.050610583446389745
0.06980094224479674 0.018123022829289837 0.048978887445166715
0.06597492308948497 0.0131221061393429 0.048801026337044556
0.06428113881325306 0.009871871091760518 0.04821011802164926
0.06160784646639028 0.002950853019195426 0.047672183196003824
0.09780770621732068 0.03732999982821287 0.0490660652984528
0.08093065993878805 0.015315778914434811 0.03974296144302952
0.0790552323615822 0.010383409636300578 0.03951089326123506
0.07703531096720254 0.002720983716491433 0.03880097212207521
0.10190176392240104 0.03867814388366739 0.046410831195490346
0.04853688704681417 0.025908144015976898 0.11385501953375936
0.045140976148999486 0.021942638004208658 0.10689152594828737
0.03681149422327116 0.002962581179070234 0.11414641590819274
0.03741663173200462 0.0017371579845027703 0.11795394622021727
0.035873744596902846 0.001245707964803294 0.12154551941805118
0.035960201916683254 0.002994788130849723 0.12196927820776421
0.02652554815655682 0.001376314517015686 0.12718136969651633
0.02687177027551822 0.0029178229870767264 0.1274714782359835
0.02712119163588655 0.004525416373834409 0.1280163584364692
0.028233037607789207 0.007092736306784951 0.12897468616156288
0.03588016194635831 0.013907621843454386 0.13208840748012815
0.03869286433002311 0.015187191539651042 0.13003518574258446
0.04086750250746269 0.01829461461994087 0.12752280077595973
0.023453710955592823 0.0014061188008761103 0.1299287617822929
0.02356878183239469 0.003237531626451579 0.12996625944780346
0.023791549027777237 0.005658011246634785 0.12988796918498788
0.024909876498962383 0.00828539621083417 0.13012621110025183
0.034072285139884216 0.015258562952214425 0.13340359557649206
0.021325718811065687 0.0014544665833174926 0.13424897177196843
0.021460394498837517 0.0033824869094559442 0.13417416395779194
0.02180311107615225 0.005786083308340431 0.13392770457963407
0.020534260825495934 0.0016052042448733803 0.13841605586617847
0.02068995109123348 0.0035551895778714823 0.1382476493848164
0.021397587074740144 0.006029497177664529 0.137572447799481
0.02235507496346406 0.0016745697507352605 0.14265908241072311
0.021995780925989892 0.003820044792916473 0.14214757855147458
0.022377100473011047 0.006378556351761635 0.1412117381328488
0.02472777954096439 0.0017436580167437897 0.145661699242751
0.024578106258506666 0.004112674921281951 0.1449785479572485
0.024665594394371958 0.006673497843925711 0.144164497701124
0.02630366497063525 0.0018260677138169882 0.14809016102214767
0.02655935073420997 0.0043826564197546845 0.1475796295312052
0.02769937909405515 0.006882529612871907 0.14649501882477745
0.02891659752836827 0.0019756021133243533 0.15046231793596246
0.029367345425625652 0.0045985948336776505 0.15019003459682204
0.030604373747573906 0.007556100377523542 0.14884674101009127
0.03315237187387386 0.010227265388618883 0.14680370262900866
0.031153318974053962 0.0022325030302003607 0.15266339895579056
0.03177178390517905 0.00498763745166252 0.15218624449991
0.03328592898847933 0.008019249046453505 0.15051324732874094
0.036217493763848994 0.01059502387583262 0.14805036246017608
0.033149520004269316 0.002517897370960781 0.15475458722598098
0.034050742500710024 0.005197771687705752 0.1539742942455554
0.03576661374426133 0.008421786359108315 0.15230898751693686
0.0387600581917501 0.010682739276600767 0.14998728664967342
0.04638100245140874 0.01482879200642975 0.14563284918244987
0.03526609587881757 0.002941336168774868 0.15714632423967528
0.0359447059412444 0.005705582158058428 0.15615572828491378
0.03807499880256393 0.008808084450414772 0.1543369667546352
0.04119151003841012 0.010636369806014859 0.15235388289000315
0.037394465742665965 0.003321267204189001 0.15928430922952558
0.03805632123050293 0.005997094933993881 0.15826105164036908
0.0404817414933216 0.008815529703189455 0.1564381521058446
0.04390172687638154 0.0104401654407175 0.15500141786258614
0.0395401736063154 0.003672994495542885 0.1612254415196308
0.040296306256059386 0.006322495638298051 0.16061712926532706
0.042841024936995716 0.00879136424633222 0.15926031628802184
0.04146746367540553 0.0036191376705942816 0.16276490395132548
0.04233238049609305 0.0062958682992730304 0.16226503522462785
0.044410890758492846 0.008185525941328306 0.16117169408678797
0.04427812390541359 0.0036410421179634126 0.16504563037356107
0.04511872530662154 0.0061008234112356965 0.1644277880837148
0.04717938940479991 0.007852473160558862 0.16371606400203603
0.04649301405860891 0.003656123848134696 0.1675108721189539
0.04701813259263924 0.006154907151754519 0.16700646115605491
0.048563891823399576 0.00851842314261957 0.16621173448433543
0.057430330074571066 0.01155130178421958 0.165624991425213
0.048584431222749185 0.004159404482360989 0.16989455533244077
0.049247167743919705 0.0067096037234824005 0.16975405807479227
0.05456896430236425 0.022418890788058057 0.17693774852358246
0.05585552612951404 0.027721616691126303 0.17651116621218407
0.057596380232779056 0.03357634864334259 0.1756361911420519
0.0594860932581261 0.03892327988144376 0.17477867113105858
0.06179150341196168 0.04350898697359288 0.17389841482330967
0.05500808330456995 0.027584927174656555 0.17841065592742036
0.05719474797915375 0.03397003545251953 0.17700942715489137
0.07151852786027492 0.05305068964126814 0.16866359880862766
0.05340705913237627 0.023622447721794435 0.1358821076362399
0.05492969228365988 0.028024470409744904 0.1302338481599039
0.05687574841319538 0.034176665274306794 0.12919339121356088
0.05971931578390063 0.03973354398449132 0.12973382078438184
0.06349322090511662 0.04550611939396256 0.1313330882836551
0.058642502480910644 0.019295962739232723 0.15276594588389536
0.05977457861096952 0.030144279306015195 0.14432687888062837
0.06075152647143522 0.03353701086986487 0.14340067521484423
0.06145252573184941 0.03760964134531544 0.1435048144937044
0.06310034230891637 0.04132063667027055 0.1443377328137562
0.06597391943550135 0.04439622414984667 0.14637010375735776
0.06890507893926291 0.04674782544431308 0.14991956123300326
0.07186313126846895 0.048903616108425155 0.15501221821877845
0.0728161265585412 0.050094061737608477 0.1640673822232053
0.07018374752242722 0.04883900890539132 0.16566421763385783
0.06769159375801355 0.04616704069694581 0.16625787357984273
0.06471550566838047 0.04266096055694134 0.16684179670435975
0.06279007659397158 0.039235470379911624 0.1679398360437068
0.0619496755493115 0.03603472100070635 0.1690616540249361
0.06123017696290532 0.03222608913172039 0.17000843314583297
0.06078228931892583 0.027702461357279305 0.17071989210256944
0.06120886444630024 0.023282421797990706 0.17099819510457104
0.06164111969735359 0.019990671256028714 0.16956240268061512
0.06172971386174477 0.017684200731775165 0.16784670361489418
0.06266028715885348 0.01619878680907634 0.1665323432011774
0.06217782771888768 0.01485862285428997 0.16509516470926583
0.05766208716440878 0.016175882920560197 0.15454011187541986
0.05662635083539388 0.01683370213853941 0.15114205928532004
0.057748578609360564 0.02969508302150465 0.141306430622447
0.05904007399056412 0.03412802727131629 0.14002622697553424
0.06071198405479365 0.0382840853331777 0.14086006322649738
0.06266278089861443 0.04223653818612187 0.1422629448951912
0.06534761457599317 0.04568656421731923 0.14439883882078336
0.06843242386552457 0.04810354970266641 0.14725225923844648
0.07215862301570741 0.050295611897002816 0.1514288859452569
0.07447254011416055 0.05229186654054625 0.15768595901269453
0.07537167355857419 0.0528676319292335 0.16219509254500358
0.07431097773296763 0.05240636468708147 0.16470061212531298
0.06468273541355789 0.04384816020025105 0.1689086740073582
0.06251720310943656 0.040461858233517604 0.1701078515140758
0.060998817832976567 0.03729324508564124 0.1710037435752692
0.0599567973939382 0.033062231875573896 0.17191525277159495
0.05889097853103999 0.028039704500188407 0.17269452117844072
0.05887287767302644 0.023176029144664 0.17315288545346658
0.05943034593878701 0.019195075685387628 0.1717970535076228
0.05894900329946622 0.016119298110873308 0.16989026152215048
0.059029415399014476 0.013825180026699885 0.16811718375567863
0.06424159295325108 0.04545086509140245 0.17102782008881592
0.0617776218737634 0.04205502969408283 0.1721980280993515
0.060016404651095444 0.03808572370252925 0.173196805867363
0.058507658422794574 0.03330733668422899 0.17396441164435694
0.05705661841500114 0.02788472784425916 0.17456654326880475
0.056367872325404696 0.02265865447540706 0.17495090178859882
0.056691122226765374 0.018389107516256217 0.17399264780745685
0.05646328250501526 0.014866374964473303 0.17217422477254785
0.061170184240577685 0.013667838947764445 0.16294510356175254
0.05652348832762963 0.013234883186753981 0.15813027052994058
0.05669047766601198 0.028845366143488812 0.13889435411145082
0.05848864338627021 0.03424607320160446 0.13788792043641718
0.060474172888367456 0.038866983002862274 0.1389083780624473
0.06255677141899138 0.04305901107887989 0.14043655600784966
0.06519688563114713 0.04673189946148343 0.1424150538090892
0.06867758105483851 0.0500271509741103 0.14493504163453688
0.05361002368213294 0.017449611675831624 0.08083088739093072
0.050852737266502676 0.01328617778713061 0.07703513016588714
0.05053011510226846 0.011408266147294713 0.07640160284185102
0.05102529848880295 0.009316141671282953 0.0764410561650945
0.05032476987107119 0.007214091550523283 0.07585244161348301
0.05023974824301568 0.0027340417348802925 0.07580581846248702
0.04139370065545194 0.01731868229167129 0.10019923405414397
0.03800160244064832 0.013081963490805886 0.10348117394989169
0.03702422827703085 0.010653151675144416 0.10509990597766401
0.03541577175257422 0.006514384265312305 0.10666028956532533
0.03387788241744101 0.003941477304069161 0.10455275247299076
0.044570496047509366 0.009658677076858461 0.08148348016214199
0.043530524603362805 0.008053192697088951 0.08034927634233022
0.05538977351442955 0.03098946760788987 0.08730809772668979
0.06722020208833372 0.033129360897826865 0.07502228794064196
0.06697499446078521 0.028721081477316633 0.06429761882188022
0.06906291728780589 0.02884102257136053 0.058476866303887
0.06468171506706674 0.026173441929291812 0.06087443985818513
0.05384214768040114 0.028553279726105746 0.1262614687622943
0.03773042564838738 0.0174367161341852 0.13106391996279926
0.05195088770171607 0.009865288641812851 0.16564887527494032
0.053481711886300846 0.02252619883524072 0.17909610587153887
0.06225249972434768 0.020678263821825547 0.15390230698999433
0.0631257295006274 0.03003496149859776 0.14938304114904113
0.06357930748346899 0.03351564844042086 0.14866364783131164
0.06428891988767303 0.036944027885576644 0.14856707984224432
0.06602068521850428 0.040278463596448835 0.14921888047207926
0.06926542705308981 0.04359553090292298 0.15144732559822635
0.0709271176129925 0.04579926740369147 0.1553516021798468
0.07146727385093814 0.047250780573055554 0.15955491399212976
0.07122208800666854 0.047363064244205964 0.16208704665812743
0.06926284386721311 0.046480257701054045 0.16333082800121074
0.06727932026387215 0.04422189685903077 0.16372713513140685
0.06512013927925425 0.040978412509588835 0.16405197558705978
0.06328903288496543 0.03761009021928283 0.16489161814003525
0.06200770246835697 0.034391258770327324 0.16598929280433689
0.06130898003911246 0.030274994249839714 0.16718447146573837
0.06242418599267196 0.02755635474992589 0.16728289491475654
0.06325060886353094 0.024044491463124595 0.16716896369040543
0.06378392368974038 0.021052605406360725 0.16658292152264775
0.0639862274680592 0.018936763945797165 0.1656074616504305
0.06408529504138596 0.01759372750974493 0.164729702258613
0.06382524494084053 0.016799651328369507 0.16367559196248874
0.05935400346388192 0.018611904261759363 0.15439527011588833
0.06377519432523124 0.01666136291061783 0.16181016007734023
0.062222509454504436 0.016473942775966362 0.15985680806799454
0.049412881244568066 0.01721359595438723 0.08453649361172527
0.047888993817017174 0.012743667135712518 0.08025879345399292
0.04741148961191831 0.010662457567405553 0.07918252405082236
0.047032619062704006 0.008786308640952986 0.0783219273532391
0.047089686081449866 0.0063733064317943325 0.07842003364431788
0.04615995827937295 0.0018992614080314773 0.0785636453257225
0.04152536647477099 0.016426817214113414 0.12653441483066177
0.06313026106706049 0.018948212867198447 0.15669865173614028
0.0984911797577087 0.0307816112537982 0.043788535194699926
0.10110769774597336 0.02842002857004023 0.049330754671597685
0.105709351 0.0227247095 0.0641484429
0.1197892394175014 0.0530314427616591 0.06403991715868207
0.11926806909623118 0.05593703650107078 0.06288544891576991
0.09738771546319472 0.023813089863050786 0.03888833657748023
0.10108616388295169 0.03030033956883286 0.042226327392216524
0.11465810193803086 0.05020800388312038 0.0562723166449174
0.10102398583238147 0.021087115471425867 0.04383728946797132
0.10544986311172308 0.028449263209190653 0.04697630440570793
0.11588049662603223 0.04729142234606022 0.0578951434694547
0.10913796345379669 0.034308344100583116 0.05045394109474708
0.10530514868319087 0.03837126419294445 0.04523553791478558
0.109094856 0.0177499979 0.0573265062
0.111284596 0.0226131838 0.0599013136
0.1132167 0.0271440924 0.0620525799
0.10412015099365275 0.002784898863076166 0.03156711394152114
0.10557462534962037 0.010316748791209892 0.03229101065567079
0.10818214267073988 0.014527361312321607 0.03223830991390988
0.10912910992458186 0.02068726612492726 0.0321311784029838
0.1083606187780285 0.029795488451829236 0.03388808862943272
0.1122591135041283 0.03739319072988427 0.03739809759662834
0.12100053456035734 0.051192613000059665 0.046681518349691246
0.12759726176959593 0.05680508483219121 0.05433524956981385
0.1064448174160333 0.002872786713542939 0.033508644620325254
0.10718999483221285 0.009693602880735489 0.03360575227210829
0.10949104392811726 0.014503287293710716 0.03422413898249283
0.10939769124163895 0.020704482289211488 0.03386101827638039
0.11070625411241089 0.028855230513328695 0.035216853537134996
0.11474223324688494 0.03626385811218622 0.03828862483219146
0.12332596325349693 0.049372394001344216 0.047031317186945025
0.1287493372670284 0.05570476993537188 0.05408154176822887
0.112707803 0.00345619488 0.0375315924
0.112731086 0.0101689662 0.0380310287
0.114231206 0.014356434 0.0385360905
0.11594587 0.0192409865 0.0393644417
0.116974997 0.0268172452 0.0413490399
0.119693886 0.0334390198 0.0429918746
0.127291199 0.04538714 0.0480401271
0.130691863 0.0511600729 0.0548908598
0.08850262073054613 0.0025858359797558406 0.03756038801506789
0.09039982840708222 0.010393101786097555 0.03871248728158105
0.08706780188539481 0.014965828044231083 0.04007975006641801
0.10468834350059557 0.06253503498642315 0.08453027890031195
0.10492981354554771 0.05995767875039788 0.08515177550412309
0.09131449210894046 0.02080671846360561 0.045266873317789315
0.08952383721241393 0.02338875543983899 0.04080302121916346
0.08597905009066786 0.016273891325993054 0.03693161465699821
0.0834799418424377 0.0026311209180858008 0.03829220927829404
0.08339900422713341 0.0027071870546693435 0.036176345520500884
0.0854801608864026 0.010107963832135844 0.039034932778392935
0.08419256148640865 0.011086837670511497 0.03633779293804737
0.09485942229124472 0.03248369460305696 0.05511009831939254
0.09266441359198384 0.035708595348225576 0.050475080134193474
0.09082189208067781 0.02642858679783382 0.05135385474257835
0.08806475810645735 0.029014500450572613 0.04497794608184387
0.0861844189796968 0.04508754952199212 0.06753550485552084
0.08902230844216831 0.04272163350819525 0.0697641877234006
0.08337730490602209 0.033322923469397296 0.052253790258421584
0.0878868175552397 0.0345247989389846 0.05110745718084225
0.08550035753409492 0.030433400134912077 0.055865312407470585
0.08967804829585434 0.03156036992144044 0.05533822189193328
0.09063909984054123 0.046612035641157665 0.06598473932349641
0.09495372691356324 0.04810399886600954 0.06410321184054224
0.09295477660645296 0.0437865219265989 0.06805834734711087
0.09682221981564676 0.04501865475387929 0.0663915181830641
0.07924379674879757 0.025753626165881827 0.048222589771673804
0.08342538485625453 0.027675170577556273 0.04584410965479211
0.0814579371039861 0.02345738611718114 0.05181560623018507
0.0859248645482619 0.025192585881436348 0.05116662715910422
0.07466659818373764 0.019111696652779044 0.046694964297153946
0.0793450187310036 0.02080332876204246 0.04390438539478965
0.07645842128962967 0.017625915991030073 0.049346562282546726
0.0813505744235953 0.018787290006394078 0.04740552936645247
0.0704903272847113 0.013398543537481662 0.04633996202913461
0.07545490543988957 0.014167195647077968 0.043110507626353
0.07249580018373501 0.01280099505700327 0.04781323125639021
0.07702218812858984 0.013392950260758358 0.04488166464715613
0.06875297377298747 0.009859041182362306 0.04596379847092264
0.07351630484683976 0.010120115245522978 0.042796356136246896
0.07073403906745883 0.009267321466281198 0.04763430559292891
0.07511127070297074 0.00952685283868116 0.04456431052178169
0.06707839440884754 0.0027857713125557697 0.04560016657056168
0.07143995215445254 0.0028309896041449696 0.04263614662126144
0.06841162394837873 0.002547918398999628 0.04725604493912456
0.07268406633907289 0.0025173794737755437 0.04449618076269385
0.12447949074805467 0.05603841176812595 0.07639828228392898
0.11945023353256755 0.05832911911143999 0.078573168000642
0.11237370853885743 0.06016329296568141 0.0816943770622558
0.12407900891766638 0.06308216975480725 0.07423861082201319
0.1190052455191825 0.0626602884013987 0.07735867651253514
0.11234485069615545 0.06315319916590313 0.08065193375319901
0.08615133796429285 0.058609299301433854 0.1411107854025132
0.08213275554520304 0.05864837834749883 0.13356351862175264
0.08429960898404472 0.06256434274200508 0.14044931110977818
0.08097634536018933 0.06168229283585928 0.13214371272558828
0.0790069197236443 0.056012501970451434 0.12485450628767106
0.07799845228839317 0.058212057721904034 0.12400862931917168
0.0917756709 0.0530355584 0.145395704
0.091198758 0.0485064152 0.135794694
0.0886135892 0.0443430515 0.128988722
0.07470295853951095 0.0534955524350228 0.14708606644042255
0.07364990617837433 0.05449211700599612 0.1468502756739073
0.07961189610191077 0.057455805589101044 0.1514422001176617
0.08033976822461947 0.05628148984229878 0.15175851931183323
0.07562982368130794 0.05621568839691867 0.14525245147728397
0.07629145235619789 0.05468226476878313 0.1454203033367853
0.08207879056911732 0.058178055689758694 0.15930951176056715
0.08289842097060099 0.057189391416793224 0.15930568491133593
0.07744786984886298 0.056251020376296944 0.1530022754411847
0.0782822209145495 0.055468951638177055 0.15319389472843767
0.09351621777373538 0.05837612273077405 0.0915362914047039
0.09888044671785284 0.060360537846605535 0.08844894436525588
0.09650205739620413 0.0675349209453251 0.11504911231038172
0.10193732145329412 0.07089949512503241 0.11238211819764814
0.10003479089110985 0.06887755954682545 0.12603704656486528
0.10504098412043247 0.07259324684578193 0.12402977260478626
0.10313660134847125 0.07062322091521565 0.1361207897491174
0.10801741752068247 0.07381715600526101 0.13459168099428467
0.09957204266439004 0.05826846505877423 0.08865273204795647
0.09435272158035471 0.05650229440694372 0.09192339391098092
0.10312349370129903 0.06791375067068273 0.11312430119125334
0.09798406390084079 0.06540605012998318 0.11543687652329636
0.10576939492206376 0.06987402276282519 0.1250000263745205
0.10077760240984718 0.06695316640601046 0.12685895593727844
0.10870425208212399 0.07097838493499968 0.13539406041695923
0.10347295434613496 0.06852090864485036 0.1368800059460289
0.11604056394807453 0.07267687153666279 0.17943659463252828
0.1218000347639608 0.07409774153360656 0.1790162308180841
0.11650507654764874 0.07106251735074652 0.18030667405938722
0.12195274822891207 0.07283051304230907 0.17979839222136174
0.09465550923837947 0.06445459393125565 0.13917568644085293
0.09375503151729352 0.06662679474595451 0.13853553577514924
0.09176412141399698 0.06292719873306855 0.12992580220567926
0.09093183187504818 0.06468310045053093 0.1293247855130577
0.08880976294079268 0.06076771463702587 0.12001387806220047
0.0878397468798356 0.06252609893666054 0.11944890175877
0.07960722120336702 0.04899487268021133 0.10013360587562456
0.07936745343314994 0.050187430430518314 0.09967659825744501
0.09957615154789129 0.06720300236056041 0.1807846163482196
0.10507317671360462 0.07007046979876222 0.18012671247217757
0.100549515 0.0661152164 0.193806999
0.106434941 0.0687339325 0.193603114
0.117944037 0.0731095366 0.193466301
0.124171245 0.074578448 0.193308125
0.101319931 0.0651860893 0.194173689
0.107107971 0.0675507616 0.193902823
0.118330185 0.0709492306 0.193944896
0.124408991 0.0727700344 0.193885301
0.10040490130999062 0.0645895089257583 0.18153760333178387
0.10575296820432759 0.06721610835327876 0.18139614538458795
0.09047680543230761 0.05899387903146659 0.18281437745886014
0.08968448854616838 0.06157639636073074 0.1823924704283374
0.08230916044216219 0.05527906508003859 0.18220660308681397
0.0807191770232256 0.0557597437227935 0.17471129894561446
0.08184691848324391 0.056998054793803855 0.1824014600429658
0.08013146157186164 0.057258509411963435 0.1748285549900672
0.07832525910211821 0.05541212338867463 0.16550019352422898
0.07743347120695619 0.05641307223989295 0.1652967742430579
0.07233501832785619 0.05250798064213393 0.17748318505471802
0.07087888776911654 0.05175313581123568 0.1752939052187506
0.07165300442359333 0.05381179931327066 0.17762663140218463
0.06996643524095937 0.052862389927151504 0.174902686333775
0.07390634700835458 0.05177931028953965 0.18409534533387045
0.07319198522089233 0.05301701496011855 0.18438913129104956
0.06580124410613414 0.04582521247681146 0.18455917550301634
0.06501633962329463 0.046130788700568554 0.18044042492359905
0.06467826429936158 0.04739090129591345 0.1849294503488768
0.06253212375548461 0.04801176049111845 0.17914419642480395
0.06428727549909102 0.04501299844037234 0.17790183850102215
0.06240667753099507 0.046654289770321246 0.17690742931223755
0.05502868465148846 0.03266658644065837 0.18673246101596747
0.05674346440710774 0.03132252014598025 0.18632494452646106
0.0579074238 0.0261303027 0.195433057
0.0567394266 0.0269555816 0.195991766
0.0631089236 0.0356515702 0.193717151
0.0618023248 0.0368996185 0.194415476
0.0678369232 0.0447339104 0.19365821
0.0668810604 0.0459508885 0.194294179
0.0752830515 0.0507657232 0.193762686
0.0746472989 0.0519346249 0.194407402
0.0833377727 0.0552134163 0.193714467
0.0829064075 0.0565160704 0.194359518
0.0919173196 0.0584684754 0.194614513
0.0912822442 0.0598907437 0.194134543
0.046007381425266315 0.019978132582389507 0.098420351626753
0.04709587106923858 0.018373667674003377 0.09658871745997118
0.04512623853068118 0.020695446346049785 0.09804615602688425
0.0466651434504894 0.018316599223030805 0.09538100761475878
0.049378901179360536 0.018140712794358905 0.09485505055507679
0.0490979763613971 0.01897544018976571 0.09507684361349612
0.04992067416198659 0.016617921375985147 0.0938435780585719
0.04912904779739436 0.016676438205010965 0.09094166294219334
0.05098505035614468 0.014501000027199519 0.09080790130950714
0.05196361444923778 0.015629408947536835 0.09397590527945364
0.0531170834818186 0.016252727504925225 0.0882958555077438
0.05130190157974926 0.01826576921662457 0.0876071345032521
0.054359258654448746 0.01717182704210627 0.08990181014446393
0.05309371637167224 0.01596404899085741 0.09308693031164259
0.052780466887276126 0.018423842570421525 0.09040174084312337
0.050792437360975135 0.016757171031830557 0.09316743869121766
0.044342167989051516 0.01874335238193765 0.09912342964924888
0.04557408996211373 0.01675815927574332 0.09690658638712164
0.04320973064946949 0.019317819141197314 0.09865033005816282
0.04385976979576937 0.017470877975578513 0.09555335600334589
0.04703415400926985 0.02072479485112481 0.0981318353774073
0.048135683026582755 0.019851075195516054 0.09605083563059086
0.04624361217815576 0.0211814809527729 0.09765360205246047
0.046930660221392854 0.019842462919960873 0.09522216920367754
0.05020167491557788 0.016921051340025573 0.09611003551148962
0.050998238924156815 0.015451604010951631 0.09730089219040937
0.0497050919050104 0.01773557987562803 0.09444748809879354
0.049634918372335746 0.017530236078254935 0.09452719759272123
0.05172129576561447 0.017821394883208285 0.09540313747176643
0.04987388715428526 0.018276068257744076 0.09452234801912594
0.04945964107628337 0.01840173135121243 0.0944546632577681
0.05097139946436717 0.017905422709925786 0.0960978162948049
0.052053050303622804 0.017767436483010025 0.09468837828098153
0.049846641570928954 0.018385719640214022 0.09429066445708607
0.0503138268915115 0.018515601491016512 0.09394757454385819
0.052726498489694365 0.017646686257930016 0.0943446528876755
0.04532895592983202 0.013660014270342795 0.08616837282262572
0.04904019902617745 0.011312258471918876 0.087053813676224
0.053846108386551225 0.009251997356084297 0.09081800536478893
0.058247746972095095 0.011410562439648966 0.09327571155023855
0.05170729104353204 0.003359853416941854 0.08673111109928855
0.04648577166878333 0.003613155131504814 0.08326200148014536
0.04237222068992609 0.004176856267751948 0.08037343648981873
0.038012920339124866 0.013506355348776774 0.09889743839303362
0.04088010132445172 0.013086926862835547 0.09837310571336819
0.0452557771902665 0.01165425457781852 0.10001229929659487
0.0418469684751281 0.014559661608385534 0.10170587094206388
0.03937878418115357 0.015015054418454224 0.10287790765243272
0.05157214841341106 0.01002569389551526 0.10462286409756025
0.04088763689653998 0.015968125292898018 0.10497951755995659
0.04191804666941897 0.015977758218365827 0.10507808975377783
0.05260664589877187 0.012000161012015982 0.10816099091621253
0.03975549233774831 0.01217343995995571 0.10030150032079001
0.041308668055165976 0.013835862673192957 0.09979570732066742
0.03716226279756176 0.012395219046777092 0.10198101797248123
0.038432769207208756 0.014409468081726233 0.10041967943021464
0.044636556597909445 0.010181572074843702 0.10089728370891109
0.045867748641341764 0.011807149889310146 0.10112444884050019
0.0434850403855307 0.016398093637884144 0.0985656511008222
0.04103027775418531 0.016252514766217384 0.09859302949697987
0.047349608383153975 0.013580261621399 0.10071448451723049
0.03451081737499069 0.008150270120825611 0.10199677043405567
0.03725109230390974 0.007406767431689502 0.10086820326392025
0.04101005558553213 0.006596763776542507 0.09943456268670724
0.03594421523332955 0.01022620872433342 0.10352963240414904
0.03843096048392041 0.00987855192455042 0.10177165070416819
0.043048441746500556 0.008545732911334291 0.10068715610451295
0.04338485723075915 0.018490076825716937 0.10867263154573384
0.04468503959133001 0.01866638366402045 0.10930470018746904
0.055663593918128244 0.015186519966050638 0.11383043808691086
0.03817314403230269 0.00791953442431052 0.10407937613638854
0.0359523876989172 0.008683781984728117 0.1060941666703626
0.04822431403462122 0.005745878887683065 0.10213000527739037
0.0415315225909345 0.006387233702573784 0.10049845453181762
0.03777511920311201 0.007566632140840557 0.1025364675780271
0.04094737804003257 0.0037427057359800085 0.10017636601666732
0.036803826349194 0.005296195694860975 0.10243393663449878
0.03542116838735581 0.008715828645588805 0.10422709264262882
0.034157839246900294 0.006552024959171006 0.10454837779450361
0.039069955485302454 0.007741511782967747 0.10855539650383399
0.03741130389326001 0.008785010639577885 0.1089256760183941
0.04955050085141269 0.005560009089175018 0.10611883211585502
0.04047781704542524 0.008041600715518146 0.11201713635826704
0.038303799853925485 0.008188141964162687 0.11276268769486468
0.051170949180964785 0.005810006412742915 0.11104460906212311
0.04529974217974759 0.0039267997515611336 0.09949930392304179
0.044453590515391106 0.0038952910527499203 0.09837469877764612
0.04356371279273519 0.003214005385182267 0.09712458487302185
0.04305407904534516 0.0029448399271268543 0.09627180733530823
0.04072397625453515 0.0033581426548588474 0.09494696408236422
0.047094773232862916 0.005510724451489479 0.1004605606391051
0.04614364551770669 0.005434957167831206 0.09903766605953802
0.04539779058067212 0.005399134717257727 0.09810671108128825
0.04442340318975476 0.005179512185986547 0.09716383770336663
0.04207329055888722 0.005154221789248602 0.09547797789847232
0.04378766852833018 0.006350311337806881 0.09637235246455707
0.04880723590137696 0.006823512784962156 0.10136964586406273
0.04787788319587407 0.006717134417102551 0.09998758263997023
0.046865301795074074 0.006668713049405048 0.09884341807005088
0.046145394912347815 0.006490057238156096 0.09795880508064123
0.0451964945544184 0.007599559943351844 0.09685435319607097
0.05019404890927905 0.008635398157710758 0.10259515963242487
0.04936420144874078 0.008407371650020175 0.10121187168779079
0.04860209254207859 0.008104147480164612 0.09995694539493033
0.047751528081584664 0.007891046324822822 0.09885638724956398
0.047575173718515565 0.00873830790793789 0.09791139026407727
0.05139944278373886 0.009951427110370002 0.10311264059835165
0.050958735440306026 0.009689728955034154 0.1019133245176901
0.05017666220713071 0.009343677750057844 0.10094877529181352
0.049445686917415396 0.00910949270184768 0.09990452797782809
0.049888994119891485 0.010651060767863289 0.09893770336809667
0.0522076461773326 0.011375709331302386 0.10308943395301483
0.05185932953791576 0.011135420523870657 0.10190039912050831
0.05165431507851306 0.010846568993506929 0.10109112550029127
0.051329336645580446 0.010509494595673711 0.10039635708729718
0.05295534965116095 0.012344898098052259 0.10631412594885459
0.05206421698078928 0.010636753937236242 0.10610784028010634
0.050970493874946295 0.008878181727054528 0.10628073298493054
0.04981692917608683 0.00691749700457156 0.10427772313236307
0.04921844357598499 0.005228257919972443 0.10325185114726022
0.04756345616553906 0.004103288207225845 0.102330580808139
0.046561724254326455 0.0029533547735179763 0.10175329067296633
0.0360438763487921 0.003128711625644277 0.10093227961870531
0.03280767845128362 0.0035211059370445627 0.10281928094584064
0.03918276421809382 0.001993733098978727 0.09919457150018474
0.038373759353871544 0.0021343621461700577 0.09772727684966784
0.0378159553625137 0.00219220806046331 0.09656844260199753
0.03726408455440434 0.0022937739161541073 0.09535002737204405
0.03669304957078289 0.0022483425198714076 0.0940978745060101
0.03985821383941408 0.001938214941275998 0.10030785630740997
0.03929502169624451 0.0012482071213476512 0.11292146731354802
0.03825662086040834 0.0013123240214812607 0.10879050157619362
0.03712224188429479 0.0014881564042998044 0.11432657694072583
0.036478048459954615 0.0016449429914775983 0.10958420872269146
0.049858886560048485 4.1637443665150565E-4 0.10903724027620308
0.04887161975147426 0.001236905503644709 0.10459790072349373
0.03624339898263914 0.0013644724814416602 0.10268975646539731
0.033625677714413715 0.001918983727923751 0.10454165711673143
0.04653918786978165 0.001310438028244074 0.10125540641299112
0.045449950741409735 0.0011175139987435268 0.09982166816780426
0.035419915180634136 0.0013487334505018194 0.10016755528071601
0.03229517850784378 0.001841505194831908 0.10247093774390544
0.034942650071199705 0.0012723939639562938 0.0993062246504019
0.031238724844294796 0.0016182998973786112 0.10105203959154573
0.04022087124722767 7.225623497448045E-4 0.09996856774947928
0.03950215083831556 7.460562024986381E-4 0.09888138771422929
0.03857114767812079 7.983302282653039E-4 0.09734255425763315
0.03798401894948319 9.296954103208528E-4 0.09618357283565984
0.03711027276313832 0.0010274448798857625 0.09522328904917675
0.036190906752922004 0.0011208675103640039 0.09420549826326992
0.04237565774665518 0.002091944070373266 0.09539642370099291
0.0446192000976404 0.0026087743587126845 0.09886633515616208
0.043657905338830946 0.0021380210492758784 0.09746514889490233
0.043073719894572 0.0020746509734737096 0.09651917604881843
0.03980296668004214 0.002206859878270069 0.09454482349608499
0.04170201100552091 0.0011686756485930116 0.09472198417084013
0.044433615931005394 0.0012006585839764872 0.09875991183121238
0.04321104095159534 0.001195752230012378 0.0971219780994458
0.042564621987412274 0.001155179483933436 0.09602657563673775
0.03888178146048908 0.0012020312641234225 0.09372704760656207
0.052942230813471367 0.01357355558133417 0.09758413393360833
0.055718845420950965 0.012785592469183309 0.09609291500674043
0.05176568011153877 0.01430367147867127 0.09838161592836227
0.05843835199222862 0.012961508953281135 0.09522332326869357
0.05992851267416188 0.01373522152109198 0.09442963155860047
0.05151548994557844 0.013520795902913222 0.08492321142393107
0.04839599601047349 0.015140394462917957 0.0819908408616333
0.04965273113049509 0.0031336404237274715 0.08137245520570334
0.046897339120803974 0.004038754638454946 0.0786673133394322
0.058151038585219916 0.011499622121884207 0.08990688552382346
0.060299041410747295 0.013851601065395618 0.09175168318562651
0.060489287618051286 0.015386906766584716 0.09278626549382214
0.05410613865725611 0.0034857665038052063 0.08560763075379417
0.05476541084108005 0.018173469464206362 0.09146529871865235
0.053811396140281915 0.017665311997974404 0.0936381484491961
0.05314725277846625 0.01879279420324426 0.09174305511450564
0.05090331465645794 0.018652699293852465 0.09341554694745936
0.05233005636030767 0.016397241256471216 0.09783064854208058
0.05370574014686858 0.014432607442697322 0.09778050144282838
0.0562824664995796 0.013928294038658086 0.09692351672341061
0.05852067594497199 0.01419020550921621 0.0961342924393297
0.05972448580080286 0.015273178687605395 0.09503237418120503
0.06406199362808941 0.014678556680691315 0.08924887576676785
0.054712776409829286 0.014822238450509367 0.08136540413092813
0.06041633871957548 0.016758716599899935 0.09432959694288505
0.05042207556263871 0.020515651992221023 0.09324203143202854
0.053250024300417906 0.019313218752454994 0.09404366002807364
0.05032134882569399 0.020544216756995894 0.0935739977708232
0.0525414294444639 0.019542644462414275 0.09448017017162345
0.0504445296833992 0.020484526106524653 0.09398164598817171
0.05286949943777561 0.01881471739084361 0.09511395453567285
0.050798819424839985 0.02019302081710142 0.09439122477382694
0.051449859848409156 0.01958812630585066 0.09504813398082006
0.05359537470894099 0.01667148041874097 0.09738155302071523
0.0549820665366703 0.01483108679600908 0.09814962302615833
0.05578839198845926 0.014633000040464982 0.09833472376547557
0.0568995403140236 0.01522489225677006 0.09784845613537915
0.05917970524599187 0.015489311697038795 0.09665809506098122
0.05997456758956262 0.016853648321948047 0.09645106504260899
0.04496983786834959 0.017856888693237757 0.09808379110606202
0.04395865249590924 0.018292458754974074 0.0970363691517959
0.046405088174787223 0.01901465642880006 0.09756634346935064
0.04758715475902966 0.020457486301470804 0.09687279809503996
0.04579142037910326 0.019513956795242857 0.09678750524676935
0.04669130148989811 0.020639960982135965 0.09631929891438852
0.05108237764001418 0.011870562524175593 0.0988952053675119
0.05198583521211613 0.011853074400903177 0.1004687678798009
0.052039042284888745 0.011862544332226103 0.10119857821230685
0.05211038839422836 0.012064323526723065 0.10199184581301689
0.0524690727339707 0.012236839683882152 0.1033428413531479
0.052906567392797636 0.012524169752858931 0.1049521910996335
0.04835095079225065 0.01464557655441842 0.09988256364040832
0.04850094359618185 0.01496503993606749 0.1007742172966415
0.05339984865432062 0.013490156986771432 0.10602472516401909
0.051634944061477485 0.013271932666529004 0.09871394164561756
0.05225986968619935 0.012763366269256587 0.10029997784703913
0.052434617526471716 0.012935114545798938 0.10103739181309578
0.05281170332479429 0.01350620783637825 0.10207532908901736
0.05386053557850189 0.014641234614065751 0.10367320935425563
0.05463032882529662 0.01502529065712814 0.10499837530923478
0.04980686140350545 0.016073835686949162 0.09975962829272605
0.04964836182356232 0.016438772813972293 0.1006392841383703
0.055011539226426924 0.015596507173982865 0.10563728863523826
0.051945537357958926 0.014500767867740169 0.09841083011390929
0.05279660184223435 0.013472823162533508 0.09998966994797946
0.05314451611536165 0.014015987291330946 0.10099050801895385
0.05499504063584065 0.015765632085358246 0.10263748815129967
0.05679722793901936 0.017182053042973468 0.10415806872120438
0.056732743765572295 0.017438876707270425 0.10478053019419957
0.05094860986553743 0.01768745434766532 0.09951254033454829
0.05101489488408949 0.017749964713454393 0.10050899494854867
0.056833093287817514 0.01771047176138526 0.10519621806718993
0.051166220482006745 0.01739181667503844 0.09873834675224519
0.051495818347668844 0.016819506761338844 0.09822567252466925
0.049480556270639645 0.018405807325661445 0.09515016783072497
0.05588611013921956 0.0018996382332096685 0.08729504863150876
0.05342416702325375 0.0017012310906954395 0.08901942115523301
0.05200828526953981 0.0015758334385665117 0.09020254846973831
0.050141465785343314 0.0015804794086179698 0.09123498545086427
0.04652157008081938 0.0012462418791105063 0.09242152431365018
0.043334356549663146 0.0012258472769905708 0.09377767451018554
0.05634670717605337 0.003962982910264515 0.08790168481998366
0.05436420986273865 0.0034772734772584206 0.08950260717883642
0.05256810247005223 0.0031794412582511348 0.09022063203173485
0.050033674212529 0.0025958810745854207 0.09134343733394734
0.04646231930194926 0.0022942710424885345 0.0933142657540714
0.0422627767602295 0.00281821538016072 0.09408093892870667
0.05687504383437472 0.005615971611330731 0.0879498774034007
0.054986359463716834 0.004648316802331734 0.08993747811355175
0.05298807975959618 0.00409447808058377 0.09083513468372138
0.049826469556486765 0.003672064632436698 0.09202852240921694
0.046356577624614925 0.003491123779095299 0.09365020862313733
0.042119503885609824 0.00418361678359243 0.09476480448552653
0.05727553600940526 0.006224785991470074 0.08800340570952418
0.0554018600028422 0.00554796683721438 0.08979145750742389
0.05266962896061602 0.004462397681586918 0.09180848473601058
0.05015608876822332 0.004514950582308863 0.09266568042481073
0.04644496531946783 0.004577380565314691 0.09430153790253193
0.0427452505954393 0.0057193771739269495 0.09583614856913177
0.05939378639664058 0.009457064869316693 0.08883032371114326
0.05460610628064052 0.005333943389521986 0.09105105592155562
0.05239210861267597 0.005554241558447186 0.0920349426377667
0.0504300908213572 0.0050436855298092486 0.09318931647857048
0.04692641752419514 0.005445560241428005 0.09495809534045854
0.04358345777880226 0.007078361229963658 0.09618219160018661
0.059395808540376044 0.01043709191817107 0.0896032221163199
0.05465617380903071 0.007066802517810111 0.09114897803132246
0.05280265892401045 0.006591277088399541 0.09217033838886121
0.051008521683791136 0.005731324793495937 0.09359789054688215
0.048082683191049226 0.006353855398190263 0.09596551995583504
0.044346905222457156 0.008555454201018024 0.09655159460247174
0.05993457194167209 0.01162135110798167 0.0901865186552135
0.05645113889076718 0.00846118858773832 0.0924747104919489
0.05403675703389985 0.007874859025349677 0.093031856933128
0.052415940591397266 0.007176992435712408 0.09421860838812039
0.05032578268430548 0.0076341650004031255 0.09734692125471733
0.0481431920082944 0.009006351933807664 0.09839390276461561
0.06091032315984448 0.012612761609870574 0.09105831259953595
0.05779263226929523 0.009700512362114373 0.09299656555475085
0.05559848477652104 0.009189473170497451 0.09387599110295788
0.05399260660690785 0.008488908722743072 0.09514263342305615
0.05239580994691609 0.009389638114062314 0.09850138573680606
0.05052814210303782 0.010238724090183716 0.09938701384307379
0.061877291988889735 0.01368105141774019 0.09223582430363819
0.059309412842067345 0.011511593141780551 0.09356737619261728
0.05811208478825067 0.010045492192313123 0.09497861653438423
0.055475778229338794 0.009410090636521071 0.09603329267415144
0.05293193249060248 0.011261654777304304 0.09870829177524505
0.0517917814026773 0.01205322519299864 0.0991630815201536
0.06190691834249134 0.015415430273469637 0.09322658337551352
0.06099311812072694 0.012875841489695587 0.09495474134735495
0.05920777152369765 0.01209169258021378 0.09610487555823623
0.056331066354987504 0.011168187210206331 0.09709584307534842
0.05333160023749355 0.012727070783576449 0.09870292617589639
0.05245228418425428 0.013516628055781306 0.09922383642866821
0.06178276433494235 0.016228125125825762 0.09481666442186429
0.0607285165950403 0.014194339037352698 0.0956212146423775
0.0592928953572361 0.01331550493194749 0.09690415538852692
0.05697726000636746 0.012785592044095424 0.09818860976145435
0.05417559147313872 0.013108466891898473 0.09900380427044567
0.05307785907383809 0.01421343636766668 0.09949989981083639
0.06128949529927272 0.015683074763014986 0.09714098675484627
0.06055005314251165 0.014724382846646126 0.09758545312173161
0.05950439668984331 0.01388393730478206 0.09870463422017936
0.05775231613874087 0.013233627893528001 0.09974171417717888
0.056018404996185725 0.013216301419049323 0.09988559919932635
0.05385714939320692 0.01456874562890545 0.09942852749911327
0.0511864922578649 0.01532443172177994 0.07790722333344507
0.05960041847885334 0.01846639592574963 0.07898258238925278
0.05519358111985392 0.019361904067340726 0.07543834813946848
0.061003806071959425 0.020832106012788083 0.072921175087958
0.058794439541565255 0.02165962852959259 0.07255527503031996
0.05981888158117303 0.023713883741421637 0.08333163218016093
0.06272182287713388 0.026915775938325656 0.07752412389287505
0.058136507177248276 0.024984050435097042 0.08120955467237709
0.06116881311045192 0.027686586201641827 0.07705568559877145
0.05554658577158327 0.019830800044377424 0.08576437270211276
0.053959928348942324 0.020709289197643886 0.08413641938892483
0.056125956480667934 0.02106395103199172 0.08747303779678846
0.05963581023030953 0.025193388892025433 0.08503817663415948
0.05405655346001535 0.02200858638866788 0.08611629499683579
0.05838000020697899 0.026514235591411316 0.08305586792788033
0.06303189187895704 0.02889051195818176 0.07941376743580154
0.061548988755140706 0.029634087792936675 0.0784950140145144
0.05975606989726727 0.02216263694559548 0.08190789755999825
0.06283720247784706 0.02582864657044142 0.0759558017055402
0.05766738554919287 0.023612894597194848 0.0794304247482199
0.06073365110407449 0.025970106592177303 0.07524502485565948
0.055172564701521806 0.018522222845664522 0.0841715053165347
0.05358028360461069 0.01936701785627124 0.08222829479991406
0.0647053694625719 0.017053658730064935 0.093860594605737
0.07167039262011132 0.022025055373328894 0.0929044646119344
0.07690923252530037 0.024231070059456333 0.09110211587053582
0.0647854948444193 0.01811022707844237 0.09534538888791938
0.07195391952358336 0.021665400677057356 0.09544097384929096
0.07750113822602324 0.024757469803343393 0.09450917277559874
0.06436150966414965 0.016325844093935924 0.09214384746971505
0.07097523346260813 0.02097138158430973 0.0910578912310002
0.07577924146306847 0.023257153376219163 0.08835560357611327
0.050088895118921915 0.01847964757334317 0.09455021670526004
0.0519287540618516 0.01713291218943259 0.09611074969315897
0.04983934469630152 0.019301461160235008 0.09449623534622759
0.05207944986754837 0.017393700834344418 0.09722269259173014
0.053438766264702176 0.014072716818344743 0.10009258889165663
0.05232855578431158 0.014703528955494155 0.0982503926713546
0.04976291235718227 0.01904255672712709 0.09390729629582105
0.04999074683901907 0.018786440275787342 0.0939069219275903
0.04938853965719968 0.020074490482484247 0.094563893465194
0.05204212577428093 0.017885589691109583 0.09784783259935026
0.04924696613831733 0.019569259995691014 0.09392616606942873
0.05384581550244762 0.014537127666771477 0.10085954327919805
0.04898430403556549 0.020807943801901024 0.09486940018809382
0.05188399387213989 0.018194558594374945 0.09854190272584773
0.048448174093884404 0.02042057389515448 0.09437102433109337
0.055888391402898994 0.01647662190877657 0.10240685973558415
0.048691804143683425 0.02146635379464837 0.09555869461324948
0.052033293053135664 0.018273285745929457 0.09954610752121264
0.047789928581319537 0.02117169601710864 0.09467542610299579
0.0576883888368466 0.018318470637840673 0.10322072795255925
0.04844252258147704 0.02185770454393737 0.096518227926209
0.05224454066561777 0.01848048761887577 0.10047145657659363
0.047503782009392495 0.02193124383883651 0.09575804215088561
0.058052272256612 0.018732745718093257 0.10355933483438032
0.04794622465188286 0.021806322060957572 0.09762507984502745
0.05829594328968906 0.019057792979301255 0.10411627161006308
0.04739362582103506 0.022363337998461217 0.09687891429897652
0.05068602664594269 0.020554012009143852 0.09461105558293813
0.053515029574966316 0.01711361863415658 0.09784089859451543
0.04998937195232088 0.020957308977973852 0.09395801923245164
0.05481837108949864 0.014791678963803997 0.10038317016933293
0.050130891324363436 0.021310209140689557 0.09430996197136966
0.05342255589473358 0.017426028426045004 0.09810351117861361
0.0495640202179734 0.021320162438151154 0.09384742535184112
0.0554563371727656 0.015408625948437947 0.1008953806651012
0.04981348891918701 0.02178985010097645 0.09435895516528019
0.05370845249065803 0.01738152575219257 0.09904382001215338
0.049040317245048495 0.021676971612749327 0.09377874477628992
0.056946579402861394 0.017209546899051305 0.10191542966118347
0.049799196519699745 0.022293685686485362 0.09492687291943633
0.05412144589134414 0.01796168572876821 0.09962911642257921
0.048894161854700434 0.02227375195623803 0.09406831443774552
0.05908189193887095 0.019153182169234378 0.10241211238180034
0.0495931925257112 0.02135816554701348 0.09284344098350844
0.05141897448108506 0.021041999775677542 0.09355712878323465
0.05669633405962684 0.016207201072030285 0.09953865302056326
0.05938350054633317 0.016041960679144814 0.1012538283838861
0.05013511854558413 0.022585282553793242 0.09613709707412312
0.055525865500184735 0.018632650218286917 0.1004189574538237
0.049013111690784525 0.023189196774647473 0.09470495870018078
0.06009441373315589 0.01980966599186411 0.10307708806533014
0.049838960688958815 0.0219788404600799 0.09193235130850948
0.051754643739764426 0.021738341698107524 0.09288163469325282
0.05694668741232672 0.016251000608746385 0.09979123884729121
0.06222404393008953 0.018443814781208975 0.1011514187767915
0.0505418371378737 0.02308348201783807 0.09708771842228449
0.06021992663748699 0.019925455802270908 0.10330022030430455
0.04906246411571984 0.023545370320509545 0.09549867876181732
0.05128393792625756 0.023255009647090843 0.09093736222208978
0.05316295366302644 0.02248276968025522 0.09257181715461531
0.06219515876317391 0.019185509487376913 0.10098254831545901
0.04383639937961975 0.019647266904454255 0.10166366147959612
0.04283252403398897 0.02028112797839877 0.1016374165110761
0.045828898119689286 0.02031658725592996 0.1009102413919689
0.044648568601196245 0.021473488023228147 0.10023691046619183
0.04766234731264257 0.021081381922481917 0.10071474337684636
0.04610221129171867 0.022088371640752672 0.0995690805482972
0.04927340621365896 0.022195688031860644 0.10002158547588551
0.04757136139333807 0.0235069634298366 0.09827786102171118
0.054867531324320304 0.015233489760380737 0.10778168716696333
0.05631169877207835 0.016697983606522755 0.10724868981952393
0.05772068074783714 0.019045672890938288 0.10617630120566132
0.05890650780273786 0.01976930905292542 0.10569961586819661
0.060875466848410276 0.02028007373621743 0.1049321162278346
0.05049109503313579 0.005131154216554826 0.07590732587571161
0.051170796804572476 0.004938938124219331 0.07231889643709083
0.04985012342058911 0.0052007053582112115 0.06798214012031416
0.048837147308911394 0.005612893564833784 0.06480040449391064
0.0490168924546695 0.006112862122473287 0.062283896001152854
0.05036652097556231 0.006369896000974458 0.059165466654981236
0.05312290093661403 0.006441475097621128 0.05432943010705167
0.06287707634677875 0.006030030217800701 0.047958466793866554
0.06769028765865649 0.005797505933113166 0.045970533527182826
0.07215673023993202 0.00609165461902361 0.042634844780647524
0.07768032798272813 0.006134988071772077 0.03925770736269203
0.08355660100864472 0.006511501421582465 0.036136023564690416
0.08820530033030627 0.006756209318727098 0.034915565739723584
0.09159924006499214 0.006904362338070593 0.034418795934348205
0.10749426423254708 0.0063574269835129935 0.03360765042282964
0.05302174825862729 0.0034139795686889715 0.0784727960763192
0.05409387380330334 0.004426660244247578 0.07341553277809365
0.05256839674307652 0.004923928755841376 0.06888044090260992
0.051219105433239855 0.005316641226958804 0.06514868860110372
0.05112200269317024 0.005840855159101972 0.06291595292878567
0.052424595468483874 0.006009142949635702 0.06105007632139329
0.05574304941954127 0.005945236157747044 0.057370709579511375
0.0645852078744752 0.005626503296076983 0.0502189599164198
0.06917113437292145 0.005749154944647083 0.04742147866029449
0.07337605763213365 0.0057849483114928895 0.04420105074504185
0.0783324223788859 0.0059165933765016766 0.041115372999135404
0.08402185719816284 0.006004479954503117 0.038449606986656906
0.0889670854579052 0.006037785976597424 0.03767893919206577
0.09385259091597897 0.006339835962064542 0.037657545691794955
0.059793680704010914 0.0046021609828117305 0.0837327118180401
0.0621877398291761 0.005011435849067396 0.0791034147259213
0.06350636215771711 0.005087920019840288 0.07451066520608401
0.06376064812046589 0.005031927809311046 0.0698516435365258
0.0638349383 0.00506651384 0.067130557
0.0637772542 0.00496064089 0.0643099836
0.0636194431 0.00467075976 0.061077004
0.0687089123 0.00552398616 0.054571133
0.103647418 0.0055243004 0.0522292859
0.0875512304 0.00562569855 0.057146991
0.0744824568 0.00278186308 0.0567282334
0.0816909888 0.00246592907 0.0569248222
0.0918479291 0.0023308376 0.0560342042
0.0966824885 0.00231168879 0.055491575
0.0748288749 0.00532100669 0.0563278518
0.0811973294 0.00574974923 0.0566875992
0.0943523083 0.00557093151 0.0564846847
0.0992140047 0.00553757993 0.0552947372
0.0757274163 0.00842965351 0.0562794747
0.0819304192 0.00844788648 0.0572072355
0.0953903872 0.00905506033 0.0578352288
0.100454528 0.00902170055 0.0565715127
0.07774715 0.0120340015 0.0572022293
0.0836595137 0.0120803683 0.0584294072
0.096965782 0.0129824544 0.0597643363
0.101896341 0.0128956478 0.0586676072
0.0814314809 0.016100931 0.0587337729
0.0872858183 0.01633731 0.0608764397
0.0988101698 0.0165888757 0.0623096115
0.10517444406402869 0.006305017186223566 0.03327638251715818
0.112715307 0.00654408403 0.0377532574
0.05507829793354936 0.003248267708616929 0.05105112912376517
0.058035244403298554 0.003042568347224841 0.048936743436809885
0.057978513645058065 0.0028512039406460715 0.054543266111817625
0.06039343363221816 0.002788805924199948 0.05190903948584164
0.0635153591 0.00230852009 0.0591456033
0.06491492 0.00260489215 0.0569100145
0.05600396896648262 0.006226198499683507 0.051291171989769666
0.05910999548302982 0.006171971902666121 0.0490171929546498
0.058488911171123516 0.005689805340557343 0.054350547956807924
0.0612483233676715 0.005569796996891766 0.051868405850156576
0.0641665107 0.00483045054 0.0590127507
0.0652671247 0.00516894345 0.0568026068
0.05784381010731548 0.010264635578308975 0.05150483039574001
0.060858245777221494 0.010062261923966117 0.04945946649179672
0.060519785625444925 0.009040434837361238 0.05467173646729723
0.06348556663923544 0.009064374023760008 0.052284885226140144
0.0652340502 0.00777124236 0.0589135343
0.0666893883 0.00811133313 0.0563003266
0.059653561009319914 0.0132117183459962 0.05185461320834654
0.0627132578678227 0.01304971625841161 0.05006678115333461
0.06515915012065558 0.011990399679782564 0.05245294442403812
0.0695523759 0.0114626265 0.0567485953
0.07299825271777428 0.018635131474017207 0.07615972900464334
0.06901434987227506 0.01852701487185211 0.08733790359373175
0.07315467824693751 0.02045205827690703 0.08294107670299426
0.0633205181495899 0.01744956110314903 0.05275264908895718
0.06625807081579214 0.017649599497359676 0.05063886405369286
0.06856939017921436 0.016307000048711252 0.05298029034119572
0.06751773966256083 0.023746292219970048 0.05379358915603718
0.07100032022277251 0.024064624964681446 0.051927544933761026
0.06916637082644397 0.02278194737364884 0.055605413119933916
0.07284720597711071 0.0226354032549239 0.05400506018368499
0.07314121234059155 0.029479599442129446 0.05730917438880195
0.07651178802040552 0.030172276040512473 0.055860529518684275
0.07498995711660829 0.027528433817272945 0.059372623968361404
0.07879000296011775 0.02801735961181334 0.05834399880704861
0.0732099259 0.0154745617 0.0582496845
0.0752992163 0.0197820439 0.0613269157
0.0781956075 0.0206069358 0.0597924978
0.0804882119 0.024120554 0.0673876028
0.0819629546 0.0259741219 0.0653939565
0.100876244 0.022886127 0.0651472197
0.0956873382 0.0222390109 0.0644673153
0.0901515812 0.0215665509 0.062875186
0.0860189399 0.020949288 0.0601398425
0.0993714424 0.028800145 0.0666810364
0.0935288787 0.0281538632 0.0631825681
0.0883825585 0.0277715491 0.0625228737
0.07536107755151186 0.021139452347001354 0.078969982446517
0.0722937016966373 0.03162364263748073 0.06292780951677401
0.07290028187055117 0.03508478211086804 0.06746086584813246
0.07590700731262363 0.033657537802900865 0.06143022096500407
0.07734619150658958 0.03731378196846047 0.06616538294854032
0.07941810694080506 0.03567259120675783 0.0599312089723597
0.08138126009476487 0.039758348166060525 0.06446107495995926
0.082922579711053 0.037619764220334556 0.05814057084309377
0.0853549980759619 0.04167656484840369 0.06263719753246293
0.08706195076876025 0.03906596491087004 0.05628854363635023
0.08937173902184486 0.043474388184798596 0.060552351585986285
0.09149714867276981 0.040125752608879635 0.05517260506974574
0.09371063178324435 0.04454163294517548 0.059321720301796145
0.09602478981777303 0.04081381672375413 0.05405081241577453
0.09833033215264975 0.0453371491542687 0.058068516998905036
0.10100243615875461 0.04226081340358295 0.052125537230748656
0.10368902381652131 0.04616049559828561 0.05689039730658532
0.10570088629612844 0.04257245597933137 0.05051109969772794
0.10858023706541882 0.046206255632155295 0.05510189661226394
0.10921919719355075 0.04216016957172714 0.049383099951352205
0.11217082019744437 0.046124986687583275 0.05282961345875946
0.06780408087318801 0.030587187270585355 0.06951111815845948
0.07407240700174486 0.030001073317940743 0.06470841163510792
0.07506900495423341 0.0328945318172214 0.06953557780758482
0.07843937852943117 0.03174594616531469 0.06384457783116622
0.07997637963098755 0.03536890038875984 0.06828294874063817
0.0817881348795178 0.03360766415013942 0.062467153893076555
0.08385801696008788 0.03752492433030978 0.06685613112005799
0.08522761459547534 0.035523510446480604 0.06086966497950695
0.0878218024283427 0.03951794537343498 0.06496548225538987
0.08952987737927055 0.036865683204042314 0.05970241001169855
0.09192075258026869 0.040789662437523896 0.06339360909524898
0.09353313141514968 0.03751364634219001 0.058759588966705266
0.09566455772653798 0.04177329267796263 0.06205818404750827
0.09787341075149632 0.03842807770613079 0.05711377513188747
0.09983599186720798 0.04287695746469067 0.060240123517633984
0.10202687362680454 0.03953408186639049 0.05563271441325532
0.10417890824227183 0.0438736997166614 0.058773886834244025
0.10653813602307759 0.040090949647331516 0.05384061764942174
0.10887061824493814 0.043928189019630456 0.05702713130369376
0.11174133026200192 0.03925147097372023 0.052849871059406126
0.11376323445989574 0.04330638081993466 0.055187378499155434
0.06998560043312385 0.029216708668963 0.07111924193730097
0.06327333858309145 0.027131628266028714 0.07074394696146581
0.0654943189013696 0.025764591997295264 0.07260432168731762
0.06319261549604727 0.029589356343208077 0.07636889857436965
0.06478518592027911 0.029156261199338642 0.07765074350234452
0.07259226130018703 0.03849750270008684 0.07904522919830201
0.07203199694728278 0.039896807127856364 0.08425399654661044
0.07817993546132153 0.041428193584565565 0.07705480023432118
0.0780523406628805 0.04332033550490197 0.08236310570892946
0.08296934688092786 0.044606134671686344 0.07493366076162503
0.08303986947075813 0.046596546546010094 0.08016031559957833
0.08705467244780193 0.047278463549269296 0.07302809811455707
0.08763809849522425 0.04948425949847845 0.07828974663306539
0.091624159445917 0.04908876340402385 0.07143017973458152
0.09243362454913256 0.051450477384633694 0.07665381247468525
0.09635219090525327 0.05078286861545841 0.06967677296387872
0.09730684844624744 0.05321648650270969 0.07454120318834255
0.101552285684961 0.052460733895492107 0.067541978457405
0.1026047951126971 0.05493713791981877 0.07173652120581213
0.10741454641783478 0.052744415463144 0.06547665392461893
0.1088867188474975 0.055024424409971996 0.06915339210435233
0.11266556438498694 0.052612416936370233 0.06305329463965384
0.11440474335174398 0.05516012120889247 0.06635144938384624
0.11708408041639966 0.05339680240994065 0.059259084910086454
0.06649802257452711 0.03493320490651745 0.08080913344337895
0.06503447379937989 0.03644380758815965 0.08583954924731231
0.060308213785306264 0.03309024127386235 0.0862785587213735
0.0741524520317338 0.037612959356995636 0.08081692323124492
0.07322216409851087 0.039165546484689694 0.08561909431063958
0.08032772201215925 0.040370044299602746 0.07905087755523794
0.07973728710859057 0.04233571240680836 0.08336622641593415
0.0855292213340325 0.0433311504393062 0.07662752329909042
0.08507739421726195 0.04549706001488406 0.08081417213259927
0.08967123087329996 0.04551460278115934 0.07448613732126484
0.08972480336352172 0.04772160686962255 0.07893465312724249
0.09361528536256103 0.04666092141712165 0.07324637245613196
0.09382006253616892 0.048749989525206115 0.07767660011330971
0.0978704493845201 0.0478991300257597 0.0714781652716611
0.09838215668509841 0.05026585526329771 0.0754362833605029
0.10230524950569175 0.049547028612252866 0.06910658070348406
0.10332369671048466 0.051429362928855846 0.07311784252391579
0.10792614718176399 0.05039396022169846 0.06681243319029968
0.10925701191514023 0.05174864787048223 0.0706864741366077
0.11324390675659637 0.0503607360277656 0.06424548090059952
0.11494497908522729 0.0522695358115111 0.06736759522543573
0.11788575240438218 0.05056052192947108 0.06073296390974295
0.06698569966886019 0.03378790733017501 0.08220091771465772
0.06563295219911704 0.03556468701132838 0.08701913230074701
0.06047106824369881 0.03299818569435989 0.08739123477902334
0.07912420365132204 0.02323987876937162 0.07671358477305612
0.0832722062 0.0257189221 0.0749014675
0.0856642078 0.0279671885 0.071756785
0.0869672631 0.0296056467 0.0682896273
0.0894773013 0.031342428 0.0660799397
0.0924986664 0.0325762192 0.06581398
0.0960866947 0.033462438 0.0657625982
0.101342277 0.0331732147 0.0671294557
0.105357127 0.0329399382 0.0689495697
0.109732161 0.0324607719 0.0670352421
0.115180965 0.031327828 0.0647562848
0.07689880266763456 0.023332218407800455 0.08507964999703656
0.08207571232173445 0.02605623274806202 0.08394256973009814
0.08539768983032191 0.027818095635576755 0.08092508855539256
0.0896648799 0.0306886456 0.0771979505
0.0913376067 0.0325022435 0.0740744696
0.0933721024 0.0347582564 0.0708038701
0.0964540389 0.0365192001 0.0696746046
0.10028931 0.0363994531 0.0679885512
0.104434859 0.0360372928 0.068438662
0.108163195 0.0351939127 0.0699581191
0.111653737 0.0356423545 0.0695362002
0.116166606 0.0349925126 0.0667343185
0.0802378069200219 0.02564353665538747 0.09364935354596156
0.0836054795888474 0.026882572816313424 0.09309396353217522
0.08783509375332736 0.029290746817609757 0.08879342026732792
0.09140044655069275 0.031562602888047464 0.08514539615022214
0.0952553951 0.0347543929 0.079829455
0.0971101073 0.0369580436 0.0768201568
0.0988817597 0.038411505 0.0728344905
0.10170111 0.0395121751 0.0711188104
0.106008217 0.0393893374 0.0708759116
0.110788088 0.0392632019 0.0711250005
0.113667854 0.0381138946 0.0712797119
0.117593265 0.0383384094 0.0685691952
0.07868906324725537 0.024330636730943593 0.09993039133615085
0.08358555574613402 0.026850477808314628 0.09812858581004591
0.08865622847721208 0.028096272688428594 0.09548275299872687
0.09281720370890309 0.031201611758009007 0.0917348956172069
0.0979079185 0.0349329069 0.0872295191
0.0999241642 0.0378735688 0.0819990057
0.101551192 0.0398811588 0.0788047422
0.104089729 0.0404987751 0.0766074121
0.107576368 0.0412435292 0.0749633277
0.11186935 0.0418026588 0.0738215396
0.115045093 0.041442484 0.0726710937
0.118527057 0.0403682739 0.0716421613
0.07695175977912945 0.024809946462616823 0.10384422307984238
0.08206156683471005 0.0273023598914238 0.10191162329643463
0.08742048542988742 0.028670914101380403 0.09906763480514709
0.09222262552666846 0.029933553371157204 0.09530847062911545
0.0989886618 0.0345097224 0.0913598756
0.100496543 0.0390705644 0.0864092734
0.102693819 0.0404661729 0.0836541559
0.105803505 0.0409385058 0.0813349275
0.109102322 0.0418594333 0.078926209
0.112796228 0.0428011806 0.0772231931
0.116085734 0.0432931433 0.0755022511
0.120595772 0.0414193206 0.0728445893
0.07641149886899162 0.028394159827493798 0.11605875390719225
0.08212205720774979 0.030089350595119677 0.11491981999722076
0.08665459835879612 0.030829056650766566 0.11369243545533178
0.08949760765837464 0.030666611613769497 0.10833196762794106
0.09428138764476696 0.031715706934897926 0.10553646233945384
0.103285333 0.0378642576 0.101604759
0.106430667 0.0400078628 0.0987808559
0.109319966 0.0417092633 0.0950030125
0.112470108 0.0426617723 0.0916157875
0.115745559 0.0441334423 0.0880777728
0.11960357 0.0447874457 0.0844080724
0.123984158 0.0457901584 0.0810376364
0.08039401198474072 0.033006992146972884 0.11951878665855062
0.105788277 0.0454944095 0.123387033
0.109413429 0.047099075 0.121407822
0.114046694 0.0474358281 0.11941608
0.117986512 0.0485685033 0.117054091
0.107085 0.0492410547 0.132437142
0.113295852 0.0519854731 0.129467572
0.113255324 0.0457959213 0.151157003
0.115621083 0.0469692745 0.149407427
0.117221943 0.0487588751 0.147074823
0.119147527 0.0509435644 0.144440254
0.119540853 0.0606054458 0.18257083
0.124416701 0.062126227 0.18198578
0.101957555 0.0513285181 0.1842044
0.11092189 0.0562450625 0.183520945
0.121809554 0.0626747165 0.197961853
0.126861498 0.0647049974 0.19822038
0.102733406 0.0536381503 0.198004393
0.112366889 0.0579494322 0.19786818
0.05023274210954389 0.023583252219323288 0.09273568903265285
0.051563680430569754 0.023044165479502533 0.09410021978132083
0.052546820215692 0.02820378169840576 0.09737964859983994
0.0530372599572803 0.02434908514325979 0.09510589308898154
0.05159211527827217 0.02818096551056551 0.09657363591034651
0.05090437906981508 0.025163304763145322 0.09364910021380014
0.05998647856104389 0.03726586031883305 0.10742357541368305
0.05936730234676587 0.03822640677297546 0.1072646995451377
0.07107606137862645 0.052262752509053385 0.12756381796809133
0.0703747270721967 0.053582566644833775 0.12746600806169675
0.055839571144272536 0.034157562139795865 0.1248743230267611
0.05660170638183967 0.0339957330942925 0.12550549715869455
0.07015177995826861 0.05144187960934429 0.11954784294398756
0.06867036641883333 0.04813285759068724 0.1113763881583662
0.07560777593658892 0.05440295377114085 0.11696479740008188
0.07392285776867609 0.050948064247146437 0.10930421805852511
0.08131855329579292 0.0569838760657006 0.11422964236256018
0.07984200604305726 0.053395117858024685 0.10680591653092868
0.08590210360710661 0.05936373900866602 0.11166240110964817
0.08469370753446466 0.05579782107699668 0.10421166828900887
0.09022895682775316 0.06219649465153157 0.10907136982522742
0.08929893750122803 0.059070369113982966 0.10125947459732747
0.09464019300851781 0.06474615562932812 0.10663175815162222
0.09386592538823604 0.06156005830907431 0.09857599241780861
0.100417009377195 0.06707145619311973 0.10354552060508924
0.09953637739033187 0.06333804029749786 0.0954046754213017
0.10748124981135493 0.06901476784462997 0.09999574543406756
0.10601713216883508 0.06547995912345828 0.09140254277013157
0.1157683761282663 0.07150999131032532 0.09499013185315315
0.11362980394935948 0.06756999574615226 0.08661884627869444
0.12333010286332911 0.07110320017963558 0.09144938526551033
0.12045621845253572 0.0682028508415299 0.08258393926396206
0.12920888232255992 0.07024187713171194 0.08889037119667402
0.1260483900710411 0.0672728184027979 0.08013659665442546
0.07061431841344892 0.050137816503551036 0.1194212814571294
0.07630129415904854 0.052726214821223125 0.11742025043995297
0.07455329011254141 0.04976669765791592 0.10959518372060906
0.08217506308341019 0.055466791558333665 0.11455728322115107
0.08019771445528717 0.052385235972601224 0.10722785127677875
0.08671775065763625 0.05767176591056068 0.11220588625202849
0.08533231245646918 0.054245479503819236 0.10493785937811001
0.09152267566542348 0.06028868410671504 0.1094668029005846
0.09032007462786024 0.05705170165813774 0.10205017383753943
0.0961978567191879 0.06228539579859801 0.10700769898011216
0.09501064538134306 0.059395444901649865 0.09916756249518668
0.10175591439517176 0.06371869037167409 0.10424625684151084
0.10042216337831074 0.060840711048229364 0.09595260667772779
0.1082553585942618 0.0653443818296886 0.10103641248648045
0.10638568791723156 0.06251612493398784 0.09234997924789604
0.11625150078874484 0.06583335819099424 0.09716131808160733
0.11369199422154073 0.06311194250054325 0.08821053723348124
0.12290780671356616 0.06545502261877845 0.09326420690134732
0.12053354056175836 0.06147855565166089 0.0845438868856424
0.12906966199680003 0.06388348964584216 0.09045960083772987
0.12610010438014546 0.061284363791913335 0.08197236435217782
0.0841195035 0.0380686292 0.126395613
0.0889561526 0.0386391282 0.125247147
0.08803013546524431 0.03295669841548484 0.11959697100845257
0.093116525697818 0.03868787180857519 0.12092585879869545
0.0908380078315307 0.033243724076180516 0.11463827312275279
0.09829527275935636 0.03980364343397969 0.11865307025611235
0.09486121875650186 0.032669011692037946 0.1117589791419248
0.10480807 0.0416488232 0.115937958
0.103209351 0.0383154204 0.108829814
0.108106259 0.0440578439 0.112722396
0.107014649 0.0417396213 0.105576352
0.111895664 0.0448395674 0.110079145
0.110490213 0.0429617538 0.102200899
0.115657293 0.0459363105 0.107129762
0.113977615 0.0440985436 0.09864387
0.119787013 0.0461258798 0.104378583
0.117613644 0.0450097363 0.0952826467
0.12464724 0.0469880661 0.100851657
0.121887904 0.0459013035 0.0915860366
0.129488576 0.0469852461 0.0971881752
0.126226807 0.0460349939 0.0867915077
0.0667805124614157 0.04674050344442208 0.1123966446110509
0.06725677774862328 0.049165118236976425 0.12031399140475152
0.06330308747382034 0.04416735735878925 0.11340562468042989
0.06461334529768391 0.046595179510631794 0.12160157004774434
0.0607075465615007 0.04056469689525655 0.1148652679661863
0.06724102174579812 0.04586275081792016 0.11279105676069166
0.0679889589426498 0.048445818840336864 0.12066142055394766
0.06401183164823758 0.043640996001652055 0.11401013772326585
0.06491161422823293 0.045898554313486516 0.12224966276176112
0.06094253528993663 0.039834045449374966 0.1156477868837511
0.04099575926371139 0.011888701202033284 0.11598498398499586
0.042337726582067046 0.012034275484725614 0.11639564224991743
0.037381422729472924 0.005270031949773491 0.11825349580994056
0.03927863663572349 0.008164222112688514 0.11752086493560648
0.03966463182843947 0.005756316145270882 0.11796767424215104
0.04046475255311395 0.008886232296552535 0.1178742511383536
0.03740018805719561 0.006264640353763955 0.12284424972455657
0.040532029657845796 0.010100280939880395 0.12177873979224861
0.038764811628608065 0.005985532794996446 0.1237181248361457
0.04085300972529136 0.010321014407294014 0.12210061738841009
0.034504012268046926 0.005302356345133377 0.12510744295933027
0.03100592566155945 0.004890914430380423 0.12701595544623048
0.03492752409839471 0.0050112973025071075 0.12680201498886043
0.0318437781748657 0.0048779808963347665 0.12886413406400737
0.033193209079608085 0.003042684327792859 0.12418764572592625
0.029976796474277284 0.0026807702409617573 0.12611629568483912
0.033746874388584605 0.003066329387731626 0.12577543727758575
0.030637632654447994 0.002768183480777144 0.12763785512306672
0.03273258425881042 0.0014634093994237488 0.12371278013291839
0.029622316920105217 0.0012577679689616539 0.1255897370804029
0.03322811680351578 0.001381521149060324 0.12529675361195816
0.030183954007473528 0.0012782428854960157 0.12710412890056694
0.04633655901435744 0.009966954808622319 0.15788601713771994
0.05009254284076419 0.011149507304397817 0.15715821750048561
0.04765290665907244 0.009208047566677402 0.15775565130407276
0.051501758539931 0.01068022629066147 0.15727662827074793
0.048016028136031064 0.01183622538751814 0.15382570049165864
0.04900707050042616 0.011222680678655098 0.1538921102584998
0.04490836653372923 0.01196864517840954 0.1505439531700738
0.04600429372428081 0.011338482203324896 0.15054684642195748
0.04211966398447498 0.011994131907023284 0.14777757099230468
0.043085117341908966 0.01116508952382557 0.14769768840256994
0.039657081611190755 0.012559067711535291 0.14607408022786086
0.040508193187720413 0.011732998008415098 0.145976486268585
0.02915235036764815 0.013178520621776532 0.1412316431330206
0.031028813445334587 0.012204127033691937 0.1414956493830429
0.025117538853492726 0.011330624976231673 0.13535455199524007
0.027514984601234485 0.010746542492578106 0.135959511986158
0.02757750735340368 0.010633195531560906 0.13177384849209872
0.030382262963246365 0.012957396836606017 0.13317618421159838
0.030292538802083248 0.009746206518355257 0.13362854408132585
0.03245530385029426 0.012346859760908184 0.13472573565504758
0.030849009334118094 0.009945038074801698 0.13031059272058296
0.03336620122801084 0.01198902812795742 0.13209111342313787
0.03215799595187352 0.009119937882033677 0.13222005772422823
0.03433380664701819 0.011598745033702545 0.1334517134526506
0.02661940784222081 0.01195089636907298 0.13808789295493734
0.02551112388788552 0.010980912940948488 0.1334840943759816
0.028788087641998365 0.011405602997331817 0.13861977303134693
0.028000840645242032 0.010328923529816503 0.13459886404255814
0.03253826405778045 0.015578322959777234 0.13972562630237384
0.029907694729964907 0.014868427577563372 0.1374744036779994
0.02865864315578305 0.013859838335629716 0.13537661355691782
0.028986027370727235 0.013151145313809842 0.1344158745033783
0.03405284302266053 0.014662601264397402 0.13995788231511322
0.03159157076222856 0.014208302017116675 0.13808670512546886
0.030547239455612777 0.013262306060313206 0.13626009874900774
0.03082664243662251 0.012849753942592098 0.13541567500754373
0.04028794776270505 0.014877780571939446 0.14202835742697423
0.0413750191022461 0.013573962210472142 0.14162337526714472
0.04926606070311996 0.017507628381688334 0.1439255764954191
0.05253391704628687 0.01320934936294775 0.14821542150525932
0.0363864339173867 0.017467508957942468 0.13745707137077928
0.037491627167630395 0.01660698861514244 0.13746898278680184
0.03996445446244079 0.017728615103945793 0.1387125193484529
0.04087194787421795 0.016464081392270104 0.13828838591371265
0.03429190417024173 0.01718545670404957 0.13611985473541668
0.03564372581087967 0.016090969625603437 0.1364600832383811
0.04411931993451265 0.016282704065571144 0.13891697670011643
0.04504413463944722 0.014857525302890848 0.13844006990204594
0.046852985610319836 0.016854577695792468 0.14098144735153495
0.04774011768068153 0.015795233271160596 0.14078055934541361
0.046946861644452414 0.017933948054136912 0.1368872543318168
0.048077118585704993 0.016308992383466475 0.13650467767254493
0.040040809275099266 0.019308557686649925 0.13380118949853123
0.04167295062314049 0.017357870325128984 0.13381441893567173
0.05132282778201384 0.019953501328641675 0.14200900381002163
0.054993332675509786 0.016361592059698758 0.14394348927935624
0.04334005382080288 0.018567311916553968 0.12545104461611123
0.04347636683989308 0.017611130092754092 0.1261379284071127
0.04452814282515719 0.01812648697830522 0.12358578160611547
0.04493243986818367 0.017486880237948702 0.12430791977841175
0.043991116499509465 0.019939633829980208 0.1304174278504727
0.04726822112293962 0.019346123429591872 0.1324709741389472
0.04505456030239761 0.018473222252002135 0.1306696570277193
0.047987166697844676 0.018134105853741447 0.13248191091015898
0.045341426054750916 0.016236315074804285 0.11898647385413152
0.04571009172605902 0.01618318262993205 0.11946226879110199
0.04163525742694806 0.013608338164257335 0.12185662613671251
0.04218583663649817 0.013696089622254572 0.12199070261189093
0.04530969148161268 0.021099099929359925 0.11258922692282991
0.046423970622417814 0.021097060609743975 0.11351185574047858
0.04616353643706133 0.02508290342736076 0.1103318676847114
0.0472191952968126 0.024506591999617897 0.11114210603480913
0.04657594951592599 0.0180373592169063 0.11845499395498221
0.04703292397898663 0.018043237807625005 0.11871165297448537
0.044983816541431285 0.01734240529137788 0.12130873287209239
0.04542031680895266 0.016803274203032015 0.12188114843856897
0.04284623748571928 0.015479986304159876 0.12139211831460471
0.04305110309297822 0.014710781635166597 0.12197133280301563
0.053560774093163954 0.031211534798679635 0.10371515725560182
0.049686720845859615 0.019988994345792526 0.12154949351461074
0.050182404424068176 0.019833839963114705 0.1221784221090209
0.050234383884832416 0.019610051891569343 0.1251844393062912
0.05075400553998906 0.018804284247742928 0.1258880397656505
0.048092416491204736 0.020073869465894602 0.12786251012310465
0.04829416205568252 0.019118509963351297 0.12846123082517127
0.05057830411051875 0.019664188263656946 0.12988729582975014
0.05106760168270605 0.01849309067795984 0.13012249366410727
0.052073046865178406 0.01973336690920547 0.1314585675402484
0.05266680747123943 0.018480922928881004 0.13153201912285575
0.05225192681219185 0.019597117739222448 0.12795289326072168
0.05264127493971545 0.018560318836592534 0.12837318606555853
0.050450163178210335 0.022653470200778122 0.12068753171463369
0.051307727348002874 0.022121826854479956 0.12176203208431172
0.053437980091919975 0.0315355147451021 0.11601728916396344
0.05416242921050825 0.03158962343004841 0.11707567257090265
0.058025282043674624 0.03831732663092379 0.12034544987219631
0.05845700873083087 0.03790741741887331 0.12054690788535946
0.054794389893609706 0.033598963975897046 0.12071512461905108
0.05549506491023298 0.03345977251881709 0.12135623451206387
0.0527338925244288 0.02845256808988687 0.12248034882446135
0.05320902805853008 0.02828054447795417 0.12281783761655317
0.062150890614612334 0.043618382897198923 0.12068540214791001
0.06250914308502147 0.04291452231573239 0.12143253403379507
0.05325625668669582 0.02298212084574915 0.12901120732658827
0.0521608820088144 0.023191346322833373 0.12480236219708321
0.05348556320073528 0.02242626212827598 0.12897933036990117
0.05295193142737559 0.02258586448148154 0.12534659126587339
0.05430143402452429 0.024568845398810095 0.1381816779095405
0.05471010937997167 0.02423296295447883 0.13804731383694846
0.051733232917853464 0.020670550572177405 0.13788034001280464
0.0537364745685574 0.01861612248294317 0.13826166705787502
0.05271959083581424 0.022100021309513985 0.1401653643655755
0.05305548743943476 0.02190088306970561 0.13986064282072902
0.05806994834307072 0.02125707033092861 0.14994027525722683
0.058182301600220976 0.02392023747989153 0.14785577155857407
0.055940156004542496 0.01937890727338445 0.1483877335352792
0.05567572036076229 0.022588162548654138 0.14618162944267568
0.05275218433297282 0.017808830838877427 0.14714178014209384
0.05325935963923863 0.021147987919215107 0.14441291009606486
0.05839274235491498 0.025921769826252484 0.14662324767320728
0.058954163238619454 0.027961380882275712 0.14543297374902614
0.05606729842603632 0.024704593149001905 0.1445321372076037
0.056847777550159226 0.026906313535104347 0.14288873303878324
0.05409979598472686 0.0234039437910881 0.14243418831032725
0.055418809079458155 0.02571271979506588 0.14059662227118835
0.05576571723674164 0.02828468479062762 0.1362387256698711
0.05539831800466113 0.02796237737038695 0.13356966082160834
0.05799313501134187 0.03425866061504072 0.1350600587964596
0.057460946427498154 0.03422648788771827 0.1321817719238594
0.05934698879154345 0.03876848922688243 0.1362463002912779
0.0597081828615875 0.039557077827692175 0.1330097745669588
0.06270604065518563 0.044169715370040115 0.13774496244457907
0.0630270528149679 0.04500875195022692 0.13472863447291827
0.06572897530383134 0.048193689388826 0.13999850116388884
0.06621766413558228 0.04940895983882605 0.13708992530506364
0.06916604641140807 0.05149121336257615 0.14262783433875142
0.07006166231965648 0.053122116292729483 0.1401375036499102
0.05864393564131386 0.020674549295923293 0.15060089539261654
0.058749903980897654 0.023545241469851437 0.14836776181404923
0.05753617542426598 0.018016161005355285 0.14941680901783044
0.05604250974647289 0.022162139580688904 0.1464961236590479
0.05675013622605399 0.014576693191778968 0.14954086684885265
0.056835930427813305 0.017200241213562357 0.14661307118485797
0.05904114443965131 0.02565496255967409 0.14707460837339165
0.0596314206820288 0.02767037555140596 0.14593097406788477
0.05631402537275359 0.024416624005100914 0.14478862988762675
0.05726872181463121 0.026692314960024548 0.1432811788440699
0.05438415362068994 0.023024802818678164 0.14240751837564503
0.055860474117916115 0.02535700398947151 0.1407231479460868
0.056292942399097205 0.027969500065567792 0.1366263041749015
0.055718897437831885 0.027719141268586222 0.13385603535676793
0.05864068819213538 0.03364610517126353 0.1353802137209787
0.05806270722289164 0.03368982716071535 0.13242256734706073
0.06030900444250648 0.03836015423909054 0.13632059176389183
0.06048854044990457 0.03867487031706796 0.13333884826336634
0.06334498273880237 0.04332554738845671 0.1381713639692951
0.06374428461517559 0.04398330968518073 0.13532559167507996
0.06646194775216004 0.04708184356874444 0.14043184803873326
0.06698514185006363 0.048217925978116624 0.13764792378605478
0.0699796509404782 0.05036084655694387 0.1427747708524705
0.07088226312159285 0.05167207298093686 0.14036225129396104
0.052358553931095994 0.01755432407684638 0.13497742815147634
0.05110133010225647 0.01889696513812758 0.13498191659333778
0.04696313206448604 0.018283672798029404 0.12470891168647626
0.04313074254726899 0.015798505861120898 0.12398008916960546
0.04655089471457418 0.019195936479584445 0.12387576142024981
0.042647505062289766 0.01613740497640619 0.12345014220451055
0.04621985147565448 0.024668140218904486 0.10349270480860982
0.05190577350098095 0.029060494881628283 0.11171187214545444
0.04695282782102948 0.024336004064380214 0.10405014455203655
0.050654911269422655 0.028786585037490146 0.11170185000885033
0.05088205542471611 0.029006725494975825 0.1060546815313871
0.04940643101392184 0.02658929514399406 0.10873187347302213
0.0495021364515343 0.029530130874198812 0.10486010798062595
0.04772562991757752 0.027459418670939543 0.10762070811789026
0.05881685692644663 0.03513745413263989 0.09283722398047883
0.060780360070738795 0.03757094780758296 0.09888314093914512
0.06466891737466013 0.03788840891880815 0.0913676073500987
0.06572428015789399 0.04039730739169423 0.09742464883582574
0.07187789462313658 0.04172843744674405 0.08973193366955792
0.07274334653820479 0.043579430170849594 0.09585276399785733
0.07809911543485973 0.04512109606622313 0.08772227422660771
0.07923584811101408 0.047167611773388234 0.09377564528981644
0.08335867848616206 0.047865436540799146 0.08556727590325534
0.08383728873476698 0.05024159488426717 0.09147749943049283
0.08813785054839726 0.0514331732270138 0.08324090002442748
0.08859167113921464 0.05354430276668133 0.08858105447479739
0.09293079371335368 0.05358041928129615 0.08128745652326441
0.09330131661470266 0.05581526787918082 0.08621662739023427
0.09807960523451113 0.05505758151515659 0.07897373446330302
0.09840014044130098 0.057912358339389 0.08346743279994108
0.10338674553711523 0.056819254230609254 0.07592601088279069
0.10392581790518582 0.059623315330089376 0.0801184482909423
0.11006846473844514 0.05706167888462151 0.07313633895569815
0.11145485573045509 0.05946153408125136 0.07652813953591894
0.11606351282191867 0.05662889624052107 0.0699048757342732
0.11753008354467422 0.05946433507190152 0.07337567058865184
0.12103002657805907 0.0581787219683335 0.06638860895072625
0.12250060280595458 0.06045365954403658 0.07007810982684064
0.05928966050666154 0.03475540924345683 0.09350541465655304
0.06092258843581906 0.03750721479810731 0.09893060214176601
0.06551114793342115 0.037434302664126264 0.09162465380795658
0.06665846651050775 0.03996808707024514 0.0978959308661817
0.07230856473791358 0.0412574280779801 0.09028849921933912
0.07344874390683896 0.04333637621614167 0.09659618292631991
0.07895679909625679 0.04462933784309268 0.08798373691829886
0.0794451931170792 0.04675447622729873 0.09384454311365906
0.08445360288846315 0.04736725856245839 0.08574549795263448
0.08448880710805241 0.04951990444949158 0.09170796910550959
0.08965322080288053 0.04987717381051336 0.08388983729387184
0.08965626911923517 0.05207601473761613 0.08930546967669863
0.09399038949659481 0.05097891117434314 0.08235679113912528
0.09413738541079401 0.05358013846103104 0.08706508681475277
0.09916953140680654 0.05203231804439858 0.0800901214337369
0.09943906671039818 0.05491562143002737 0.08437666455581092
0.10424936091317936 0.05315232801341978 0.07756701773228102
0.10471085453868609 0.05614101071966888 0.08153048334848238
0.11072816012128893 0.0535815066593174 0.0744095273002902
0.11178693777002034 0.056212295893722265 0.07819929783414964
0.11647760654830824 0.0539999842689576 0.07080900116629915
0.11809041935177965 0.055754558857057594 0.0746053210088715
0.12148986829279786 0.054149738700838924 0.0677765856776868
0.12305305407062012 0.05496951694429549 0.07193372778243705
0.07403036446157886 0.026446820654765023 0.10809876526309103
0.07439131744620897 0.027920359587070405 0.11085801787485765
0.07811973562305155 0.028332948370989153 0.10556293381032661
0.08135992225268991 0.02869924319596989 0.11051162818398098
0.08643129964024449 0.029631081656255158 0.10227037744410655
0.08528124467940663 0.0291225266291908 0.10891930719544088
0.09177509295207842 0.02997138314467086 0.09873146169464675
0.08981932500687162 0.029983501918044872 0.10368029862323379
0.09762561637497065 0.03409151094057256 0.09481730044946046
0.09713490004049952 0.03423374978333424 0.09936584504320436
0.101703256 0.0385589741 0.0908253178
0.10276562 0.0379826948 0.0958809194
0.103984948 0.0404712963 0.0880407221
0.10570515 0.0397186696 0.0931443258
0.106588026 0.0418139357 0.0850644286
0.107987574 0.0416153497 0.0897082213
0.110172805 0.0423645579 0.0824086694
0.111296981 0.0421313838 0.0866623908
0.113554369 0.0431274129 0.0794907149
0.114437981 0.0438114495 0.0833422884
0.117071072 0.0440242506 0.0781700005
0.118179553 0.0443245783 0.0804884452
0.122122606 0.0428742273 0.0731420756
0.122572893 0.0454781588 0.0770178011
0.05857998739941874 0.0357609881145059 0.10006632788404918
0.05797598770026556 0.036527844625236935 0.0991733190658686
0.05610534219685256 0.033382854937282186 0.10220943465361487
0.052138471633356616 0.03130358298944631 0.10285044214630794
0.055371649331207744 0.03348231139531598 0.10095284377393013
0.07901929789177974 0.05573790064454011 0.14367714467347398
0.0744446208033394 0.05542595779176603 0.1357821061590541
0.07765497666784146 0.05852035466158761 0.14322899400360417
0.07362194344796508 0.05709777065801519 0.13554086499280515
0.083494738223515 0.06114432782962274 0.14919982371437673
0.08616031257264001 0.06162658072963029 0.15799591181556608
0.08771227094596809 0.0633665536119434 0.14855772806966636
0.09018706230901502 0.0645011444261479 0.15738511747098913
0.09192637506433188 0.0659698935062815 0.14778894592410732
0.09455943562830665 0.06719412192713699 0.1564771744479546
0.09640045367756761 0.06812066835017382 0.14697830455415758
0.09928912982173822 0.06937321923178238 0.15570147910057974
0.10112871686913724 0.06990716123286779 0.14598561361955645
0.10415211035691362 0.07125793839567902 0.15487430248229458
0.10606855371190328 0.07179806243542121 0.1448005587062471
0.1091139894064068 0.07287413840772138 0.15405004714805284
0.11138314415187633 0.07373908136675024 0.14330534579069698
0.11451104741432651 0.0743570060704258 0.15311554465531932
0.11861468009767229 0.07595659524705575 0.14146160530393007
0.12138630074117199 0.07590302338222378 0.15188465149933048
0.12692789173795838 0.07724849731587158 0.14030429781369141
0.12948327475431298 0.077125952975755 0.15057431658589696
0.13361651036438105 0.07616806070782697 0.13753515060489235
0.13630029232961532 0.07642277319440967 0.14843169287076163
0.1412176256791891 0.07431856984214867 0.13634930310114532
0.14367096091133552 0.07500218877511716 0.14719215416408385
0.08526237265710125 0.05806058381985857 0.15003574064757327
0.08778062856174211 0.0589170875389549 0.15881204960728182
0.08945998780842498 0.059752874940751356 0.14909069536361189
0.0919947161696861 0.060752594551864735 0.15791262873574133
0.09358248775085565 0.06321277239324599 0.14798551541932456
0.09634312417917665 0.06390122891543948 0.15681706624334737
0.09755834166014958 0.06537507541588532 0.14718750443638062
0.10039421778393261 0.06596582983543552 0.155989096466208
0.1018181422722548 0.06750183118116006 0.1462093692956691
0.10488166326065805 0.06815683081398738 0.1551499423042831
0.10633334072470635 0.06947670561685772 0.14520368636140146
0.10935817018249744 0.0702081281651869 0.15439934975869704
0.1114590516566975 0.07125158283871733 0.14373781495009383
0.11444735807209154 0.07274742448808419 0.1531636882605651
0.11863117160933084 0.0738226506034475 0.14196542734729695
0.12134537378565205 0.07470339193307304 0.1518825128997767
0.12692904418579515 0.07483491082381931 0.14206753117074503
0.12858162803326587 0.07556093140445744 0.14995645253118842
0.133034808954012 0.07421894248555543 0.13859746888775668
0.13573111364908502 0.07425670505332238 0.14925525820404578
0.1411227804875352 0.07152509709151614 0.13771244413269512
0.14360629865648775 0.072327210349326 0.14828296800820004
0.089840446 0.0536479658 0.153048308
0.0908942884 0.0530140821 0.16079802
0.0936589696 0.0538171237 0.152258686
0.0961624507 0.0540925131 0.160651761
0.110022786 0.0458120663 0.157264864
0.109196192 0.048352592 0.16402414
0.11511689 0.0464055331 0.157330548
0.11378772 0.0497188183 0.163555846
0.117327355 0.0475047185 0.156235175
0.116438514 0.0508705453 0.162698186
0.118874946 0.0488798392 0.154503826
0.118757096 0.0523542327 0.161478477
0.120632415 0.0513479368 0.152594051
0.121415673 0.0543559544 0.159845871
0.124578788 0.0529623 0.150876092
0.125876947 0.0562758997 0.158576438
0.129260966 0.0545976387 0.148577287
0.131117031 0.0571382943 0.156998444
0.134267434 0.0563390992 0.14604261
0.136395588 0.0579970511 0.155379141
0.13979392 0.0573814594 0.143351668
0.142269271 0.0588555037 0.153279757
0.08147657684728221 0.05915779333815937 0.1502613378782812
0.08252043345982264 0.05700447285442021 0.1509201519484457
0.08424930502736137 0.059667517077119016 0.1586074792231831
0.08540253977211858 0.057990161408043486 0.15898635655331186
0.06871931053772488 0.051890504609196114 0.17260281886552262
0.07400757801351544 0.05507059724083972 0.17281247373061887
0.06970998489458834 0.05071392081637055 0.1730192393101125
0.07479591002783088 0.05366138556816215 0.17271627311920362
0.07800882831244961 0.05500324706832378 0.17003254115739377
0.07742481123630603 0.056349899231173055 0.17012471378151334
0.08119440177063915 0.056562162729464224 0.166497122920899
0.08046819651379858 0.057833911930736705 0.1664182589363378
0.08705663860235582 0.06273344369199954 0.16666693139468086
0.08818871081029145 0.0627160119551063 0.17476711895045005
0.09125472258491454 0.06523048165838126 0.16580537148109017
0.0924726682512555 0.06502548552190505 0.17395421934237837
0.0964002795754009 0.06770184676705712 0.16462605236380892
0.0979289977804854 0.0677976180609367 0.1727920789484521
0.10170793442749342 0.07018032352356915 0.16378038631591216
0.10351522445862998 0.07060463671735964 0.17200120053742102
0.10691077740269818 0.07200631504404212 0.16312409507209513
0.10903974934995166 0.0723387781954031 0.17148135343332616
0.1117310873503683 0.07338261193057567 0.16267301445972487
0.11398409685188313 0.07333990606959775 0.1711767654111724
0.11723096412270047 0.07453587621945001 0.16208769351646926
0.11963301253259512 0.07422416694888055 0.17077757441674332
0.12375808756081566 0.07541547873897211 0.16125999226932086
0.1258753303922208 0.07484481847544727 0.17022448461672404
0.13239724261286986 0.07596666566576885 0.15883426460994268
0.1335786006213363 0.07623121405870999 0.1691201099436406
0.1388368398873643 0.07765149486731052 0.15787282451799486
0.14108216505906654 0.07858216217340228 0.16781277065796513
0.14583573793785534 0.07572855736661596 0.15707005624633705
0.148135081216703 0.077512776806315 0.16697161028082688
0.0883483737937647 0.05964690472149265 0.16713799710553523
0.08926701522254794 0.05943158112242405 0.1751118917122668
0.09297560973830074 0.061512303643539205 0.16637471146023197
0.09393233369531372 0.06176996510806494 0.17460231129212453
0.09795611986278453 0.06427985777215776 0.16515364737596494
0.0991015804323131 0.0647355719713789 0.17342931116017815
0.10234150452700319 0.06668940542854224 0.16464192616690404
0.10396065739222021 0.06730828778955292 0.17315921094326953
0.10741862078544542 0.0684820048274545 0.1640160458708613
0.10944999903197475 0.06905727050142772 0.17263889880698963
0.11197342217764664 0.0704881385377498 0.1634238056494701
0.11430989304318417 0.07087881804622904 0.17206553543416891
0.11723171770730995 0.07272010463661291 0.1626669378642351
0.11970436307821276 0.07217308391699434 0.17166595173206586
0.12375907561705927 0.07368706462870114 0.1618776943631623
0.1260346820404979 0.07323808836822979 0.17103535817172652
0.13130970680017337 0.07500638064747077 0.16029087689755406
0.13326030425235116 0.0741603096397996 0.17018526502130002
0.13834422939115523 0.07489708172774376 0.15888339735228346
0.14072814968926264 0.07631895395349729 0.16876890777089162
0.14582340522696896 0.07320393009738319 0.15801883872750203
0.14807121395038533 0.07510676899863708 0.16773165931211861
0.09647986 0.045061062 0.172253392
0.0958399919 0.0479570705 0.177837987
0.102298483 0.046188629 0.172483221
0.101337347 0.0500794058 0.177934002
0.107735882 0.0500427231 0.17082801
0.106376702 0.0532091857 0.177124491
0.111024683 0.0529185313 0.169564875
0.110335218 0.0552000938 0.176606101
0.113899074 0.0551262389 0.168652109
0.113869713 0.0574439833 0.17589695
0.117369121 0.0570437661 0.167693841
0.117915534 0.0596575773 0.174996993
0.121742825 0.0582256953 0.166724401
0.122636425 0.0611204522 0.174105528
0.126640419 0.0596961969 0.165678861
0.127848826 0.0619541391 0.173522926
0.132222003 0.0604476464 0.164478415
0.13351586 0.0630236443 0.172536119
0.137972584 0.06055971 0.16315479
0.139627761 0.0629819465 0.171657954
0.144035179 0.0609590351 0.1614189
0.146169071 0.0631011289 0.170387832
0.08363509830704284 0.06001383951398365 0.16738434205365924
0.08454731617190248 0.05817444497331145 0.16747582431910607
0.07075186849630268 0.04578673929330475 0.162619388203654
0.07228846177278912 0.04820390151165804 0.1649691579928845
0.07022363065398884 0.04694460606790306 0.16273764268088659
0.07147282501998511 0.04950912786575714 0.1649099793197658
0.07322505383690382 0.0505399407107065 0.16605491834709266
0.07251746050272734 0.051689404974252944 0.1660000983428931
0.074523935150163 0.05253760952928374 0.16713146769375212
0.07359650318422963 0.053773552772904666 0.16688619182592412
0.07568610527666914 0.05392386864610195 0.16836237798534123
0.07496711608435386 0.05528225202473733 0.16807561654770814
0.0491824031736247 0.00918847304417006 0.16061565134156813
0.0544236279325724 0.010623572590063862 0.16114435278224665
0.050693230822516304 0.008834853898283696 0.16090696985325964
0.05648055937758082 0.010497179976462627 0.1618919392244994
0.050268206113753135 0.008356824490473806 0.1762628601243601
0.051544552856910904 0.007967961425628771 0.17608189345895928
0.06401782267096767 0.01708051521863989 0.1642695178720809
0.06366664854069287 0.01669923825044079 0.16289716358997933
0.06248814811020078 0.01557557407351693 0.16582233348443512
0.06174665377153092 0.014177793213674572 0.16420234240911608
0.05835629676469024 0.012531276696940312 0.16696901386981242
0.056109905247311416 0.010912078407013573 0.16369380405042194
0.05393417951746137 0.01053800045209309 0.16789206152201194
0.050258903196130245 0.009390156078496794 0.16306535547817233
0.06454317377170492 0.0164643950091587 0.16404428715665012
0.06429692122531995 0.015983314916622096 0.16261620511865146
0.06333770396330804 0.014956565852651534 0.16572503995737217
0.06283272926070324 0.013756895216429033 0.16419152980108068
0.059524145271855455 0.012432242884996104 0.16688930525427134
0.05786259209061778 0.010744300321597863 0.16403928949799443
0.055313356001240474 0.010239163616719076 0.16781668651434203
0.051953538282011706 0.00913049788311846 0.16341089413951104
0.07842527683211085 0.03163570920347876 0.11995476362347945
0.07048705016176439 0.021677015671828056 0.1032721811746448
0.06122861955483383 0.019914753962953516 0.10248991477301224
0.06314839676791514 0.021005481833240736 0.10285647866469165
0.06268968437290925 0.021090377041984326 0.10387088126780267
0.06919133409558681 0.023763834536774067 0.10893981820214774
0.06461957353576087 0.022835411201541245 0.10891607818441258
0.06126819722469061 0.022255627484416965 0.10924455941521832
0.06501881648500918 0.022453369438272697 0.11401307920552049
0.06369023583952121 0.021825281777960767 0.11421228811425153
0.07043216852675446 0.026881809793997534 0.11130553245058131
0.06980575046270243 0.025127462291827704 0.11397063573147895
0.06830543178065397 0.02410008877002988 0.11546929748403177
0.06727053679605992 0.02365958291639842 0.1157989735841405
0.06577096956685034 0.022969953156932888 0.11607370784406106
0.06309338690459691 0.020887916115458007 0.11670938250541318
0.05903890496407768 0.018054571970621696 0.11712893678759341
0.05728825830586778 0.01424817125270129 0.11797939021774041
0.05504114189801757 0.010704539589951953 0.11804808906216345
0.054343737880178926 0.007585882689755209 0.11786889713194297
0.053514935850123 0.005047265261778768 0.11717139489940365
0.05311970311106565 0.0033068591091819353 0.11665373974078809
0.05288807427135231 0.0015056718644819414 0.11651560603418083
0.07225078511947526 0.026318700318437048 0.1175956347677269
0.06999230890489751 0.025486090328858776 0.11869450864559065
0.06951534541338716 0.024491999562715906 0.11968419916371988
0.06788752150313361 0.023191881891547826 0.12021642390235804
0.06329838256044168 0.021162995900997076 0.12123776326488182
0.05985235984430753 0.018772333100038313 0.12162905732056062
0.057940210887600554 0.015113769359361885 0.12116532318324472
0.07600888160925653 0.02869380162471084 0.12143137545548495
0.0803111476 0.0342346227 0.12660056
0.0789272747 0.0427015305 0.129771625
0.0809126738 0.0436599901 0.136381427
0.087263386 0.0500891492 0.150446383
0.0871321266 0.0524242863 0.153489698
0.0892663844 0.052645479 0.161356116
0.07378099261106819 0.025693653805237825 0.12292073778523449
0.0770270885 0.0311001371 0.127775171
0.076643611 0.0378584627 0.131834888
0.0758290222 0.0289340176 0.127363339
0.0750939983 0.0316139604 0.131356508
0.07246479421954247 0.024514364547163027 0.12294627712372627
0.0734047726 0.0247618979 0.127118695
0.073905488 0.0258765625 0.131099874
0.0700844108925963 0.022718655177298933 0.12388844070975633
0.0711728504 0.0234249378 0.127180685
0.0719620678 0.0234707485 0.130833874
0.06631742102410443 0.02110265465270224 0.1247082656806878
0.0674802068 0.0213327851 0.127499334
0.067624687 0.0212343828 0.130379229
0.06081764359229292 0.01790607906327572 0.12509916664932114
0.062464632 0.0174651462 0.128010301
0.0627953388 0.0162533089 0.131638038
0.0578381025 0.00792131916 0.180084189
0.11525966975617617 0.04253107937217496 0.040442379818834084
0.1182110033208558 0.04696425020160279 0.04349685856628978
0.11757437492453572 0.041415582777000456 0.0410220714802481
0.12055795568397099 0.04546787894823015 0.043925074932339866
0.122886892 0.0386534398 0.0448943084
0.12426687 0.0423677781 0.0459908709
0.12429081564786493 0.053949316433992575 0.05066429888400766
0.12605572950594376 0.0525607425058465 0.05046866464189239
0.128852453 0.0487250629 0.0513156212
0.0939700231761183 0.0027816536633005727 0.03324398989930182
0.09921288210576097 0.0027787764983160015 0.03227594767804978
0.09437402421801168 0.006359757523190522 0.03399597459624342
0.0995865555393241 0.00630360072052906 0.03362109498696827
0.09565811112614242 0.010788437341173584 0.03465951064143071
0.10033425513354895 0.010317124407307431 0.0335780283265829
0.0970427069848165 0.016349518626878355 0.03443202254541512
0.09975068264576985 0.015290439442761029 0.03310938769884203
0.09967756656855777 0.023917242000349254 0.03615880764658875
0.10229522374779215 0.022873446939788943 0.033762697227578305
0.10262100644287035 0.030226289475311103 0.03880953551652126
0.10565934316155942 0.03083076858688348 0.035867958882415396
0.10806851369203688 0.0380585423373724 0.04325072892695093
0.11052278058101665 0.03745576848226767 0.04092700448090904
0.1117077859336617 0.04214377743198856 0.047349056126558
0.11379172486122952 0.0421496950991049 0.04448021942198848
0.11446958973647288 0.046370596587960354 0.05054264015134638
0.11655253607576527 0.04654988239844993 0.047497910397487964
0.11671031810748761 0.050627282547439215 0.05349545348329465
0.11890918499943767 0.050920830256768516 0.0504658918668868
0.11915055304342687 0.05395480114249336 0.05670896619195341
0.12179054834240328 0.05376103343006321 0.05407465571239358
0.12202333461957253 0.0563816144119499 0.06036550931883531
0.1247017441101651 0.056695940879193364 0.05757562351393275
0.0962485900170302 0.002639441086119525 0.035653941000446485
0.09963893308268175 0.0027715639202102143 0.03472392058525895
0.09720264904795997 0.006679357645156275 0.03634327611310899
0.09991598423259743 0.006355671493002121 0.03531406949632084
0.09801720142775655 0.010966235265624725 0.03665409449270777
0.10076892790844952 0.010118550474854274 0.035071511949908804
0.10044300707475522 0.015782810963715563 0.03863380730873859
0.1026713574436915 0.015945770604470756 0.03507581400173825
0.10353496458372265 0.02113885586029316 0.04096656989456728
0.10476263790167589 0.022053714778880854 0.036406046808696024
0.10743607672260963 0.029347095985109085 0.04385083571817846
0.1084515763162401 0.02948681951525762 0.039358227988422825
0.11143672412519127 0.03526438439723625 0.04760285031929729
0.11335972330415946 0.03575725802685835 0.04372485761370825
0.1140435288378657 0.0400463778707591 0.050411710131133075
0.11601903518540192 0.040695811528258026 0.04655951539156447
0.11609970733234311 0.04425108145383699 0.052826657419032114
0.1183841694221136 0.04493889371996616 0.04912088967132841
0.11812509373922962 0.04827939040017599 0.055478073964546924
0.12056610275867162 0.04905283014448809 0.05187253072794635
0.12033472205477377 0.05146698098457034 0.058448832411941716
0.12295380705903422 0.052282494331197055 0.055083232430032145
0.12258071831931827 0.0538564638603117 0.06152026555546288
0.12559020043853314 0.05471325002207173 0.05824614905641708
0.105743235 0.00230689407 0.0470253232
0.10897305 0.0026727774 0.040560533
0.107073206 0.00552777813 0.0479575538
0.109432423 0.00597031345 0.0409335209
0.108174672 0.00899258091 0.0491962784
0.110170105 0.00971409422 0.0415570099
0.110128785 0.0128519974 0.0507351912
0.111525167 0.0137235618 0.0426103334
0.112389094 0.0177496814 0.0522907639
0.114108545 0.0192325711 0.0446056453
0.1148907 0.0226104901 0.0545562737
0.116460468 0.0251922813 0.0463775886
0.11747231 0.0284927044 0.0568402497
0.11900673 0.0310244666 0.048930683
0.118802752 0.0325646585 0.0584059092
0.120477965 0.0359322245 0.0505507018
0.120122151 0.0359566497 0.0605788107
0.12218819 0.0395478705 0.0527726702
0.121235802 0.0392553947 0.0625546032
0.123754912 0.0432152983 0.054813946
0.122780034 0.0410589455 0.0657720854
0.125689298 0.0455282141 0.0579198214
0.124424494 0.0426204985 0.0685306247
0.127595428 0.0470215265 0.0614489692
0.119367331 0.00300727299 0.0346781832
0.115944571 0.00317995443 0.0315857036
0.119370503 0.00610101569 0.0350615752
0.116207019 0.00632586016 0.0317838769
0.119384012 0.0100559729 0.0354468482
0.116605776 0.00986384949 0.0321663879
0.119411135 0.0140286987 0.0353548588
0.117367682 0.0142348289 0.03192039
0.119428281 0.0188711312 0.0356959019
0.115354423 0.0205152101 0.0329031074
0.119435723 0.025353727 0.0367543099
0.115882927 0.0268485443 0.0334074397
0.122172361 0.0340496179 0.03599897
0.11974781 0.0342289902 0.0328576414
0.123966366 0.0403809577 0.0371003673
0.120042458 0.0422244641 0.0351293862
0.126248052 0.0445287206 0.037730719
0.122686261 0.0468957623 0.037149299
0.129705224 0.0480970779 0.0411620682
0.126152429 0.0508137001 0.0407821855
0.132395629 0.0509558764 0.044764165
0.129707148 0.0534278832 0.0443949106
0.134496714 0.0545350602 0.0483928336
0.132405266 0.0571974627 0.0485128745
0.113597152 0.00278265134 0.0293792436
0.113959612 0.00637593903 0.0300384986
0.113734384 0.0101419696 0.0307844
0.115552552 0.0145419531 0.0304086012
0.114587398 0.0207058653 0.0314680527
0.114581105 0.0276070737 0.0319095583
0.118782467 0.0346697955 0.0316534231
0.118687907 0.043441148 0.0340610432
0.120615186 0.048200758 0.0370789055
0.124093416 0.0522756072 0.0406944559
0.128193455 0.0548779758 0.0445161117
0.13134025 0.0582227805 0.0487778548
0.12489465701446693 0.05590919033155919 0.06474133657223721
0.12424034756257757 0.058652508460646756 0.06401286831265234
0.12825862068408334 0.056633417638125565 0.06178429586283674
0.12755199572378964 0.05848706034362279 0.06150622600172474
0.13159957024066177 0.05756608181575416 0.05833339800515823
0.1307117610670585 0.05889417763310144 0.05873169527474439
0.135075785 0.0602551454 0.0530319006
0.134291051 0.0612488223 0.0534814972
0.125575698 0.0435445408 0.0713319697
0.129333375 0.0482885699 0.0640944146
0.132967594 0.0527895833 0.0584334074
0.136551319 0.0567555478 0.0525654802
0.12639736810412253 0.05748508079640578 0.0689681092232513
0.1261050853595752 0.06097203337661344 0.06798993270846249
0.1302776402459657 0.05870636215371053 0.06562091011271985
0.12994501392001756 0.06128029352987646 0.06553560765168255
0.1343280154889267 0.05976858268991262 0.06222293352522505
0.1332950244903333 0.061764729383903885 0.06296918756249421
0.138415191 0.0621111072 0.0577418616
0.137559537 0.0634949234 0.0583125408
0.127080587 0.043633102 0.0730549753
0.131417539 0.0481590133 0.0680562954
0.135113429 0.0532522594 0.0629423673
0.139353328 0.0578543733 0.0577399528
0.12820082884051828 0.05918025680798048 0.07328361414886668
0.12787027461839248 0.06319353918952672 0.07236732954407428
0.13244703199965185 0.060387598173520025 0.07034710659201508
0.13193204923255142 0.06360775180167258 0.06989799855581451
0.13670371695699338 0.06138707519734941 0.0672268263594257
0.1358319725536621 0.06389912430217194 0.06748409017787751
0.141393529 0.0631586869 0.0631771163
0.140614368 0.065099051 0.0637024813
0.129141306 0.044276707 0.0743452524
0.133103614 0.0475693921 0.0723629978
0.137448853 0.051707834 0.0679543951
0.141904364 0.057015525 0.0636346337
0.1307511967117807 0.061640000028613695 0.07993612105108379
0.13059633684772412 0.06634003977347558 0.07851519982945283
0.13543215902309058 0.06174101695545022 0.07782657632874242
0.13529239978188326 0.06572654158055945 0.07702364205008609
0.1400721103594213 0.06230077861473109 0.07581356931681162
0.140139641367704 0.06545036658115001 0.07499579636123016
0.145866625 0.0638057365 0.073194897
0.145309818 0.0660948299 0.0727077122
0.13096995 0.0472845994 0.0840662325
0.135319048 0.0477572413 0.0805634771
0.13944258 0.0500971347 0.0791176299
0.145854128 0.0541980621 0.0749891556
0.133928337532314 0.06311095436342734 0.08834043513995307
0.13410604259155864 0.0686973897434245 0.08726660344819913
0.133953182 0.0475937446 0.0931283373
0.138067336 0.0491039583 0.102944686
0.13777503101167024 0.06432887622535802 0.0988935396180008
0.137933923995201 0.06941384560421723 0.09782179742905171
0.14156337365675817 0.06594545093580713 0.11389587070390024
0.14168362956172073 0.07100425769348187 0.11332071413336818
0.142336836 0.0524789519 0.117017493
0.14449324989184212 0.06789709722266386 0.12704385436187848
0.1447118510719697 0.07080155096173338 0.12573839277552618
0.146324115 0.0550318547 0.129942463
0.13900463019392903 0.06217302315921624 0.08628435076379214
0.13913803225313345 0.06718788727147022 0.08561721200412568
0.138508596 0.0477145175 0.0896890896
0.142100985 0.0487768488 0.0995484621
0.14294107070831694 0.06357059887861256 0.0962504829671295
0.14297836589570506 0.06875788021191145 0.09579671765925184
0.14726885790713135 0.06511153751279343 0.11218148313523625
0.1482633004154786 0.07020772474261065 0.11021773479093053
0.147061814 0.0523186606 0.115695086
0.15028851169831886 0.06738347201278987 0.12546841026987715
0.1500236213503111 0.07092790093737314 0.12459750845816076
0.150390177 0.0543588682 0.129401966
0.14398577967904364 0.06333884787902071 0.08400224671615436
0.14428976955736741 0.06726116590196593 0.08340178778676045
0.1426223 0.0484723594 0.0879947144
0.14773464438598577 0.06469773735426022 0.09366648153592551
0.14821410965301296 0.06912845941859189 0.09351426901413935
0.144842576 0.049582187 0.0968319918
0.15233366511015067 0.06683419874934172 0.11038122086314074
0.15228793759606674 0.07097034402225656 0.10960246143186085
0.151569572 0.0519004459 0.112464648
0.15558505851331286 0.06796887793410494 0.1238320297818375
0.15536268562069475 0.07258020292387464 0.12318580940480321
0.155738023 0.0537560827 0.127390303
0.149514103 0.0650704864 0.0815510668
0.149415567 0.0671983758 0.0810527882
0.147854028 0.0523678271 0.0843606642
0.153295283 0.0660555234 0.0909935322
0.153530337 0.0691773376 0.0912930045
0.151071187 0.0509107582 0.0936363179
0.157968489 0.0681337526 0.108524893
0.157657691 0.0715452191 0.107954502
0.156186745 0.0529612252 0.109673727
0.161023721 0.0690967878 0.122198343
0.161102904 0.0731653287 0.121797161
0.160533125 0.0540367542 0.125418774
0.1466894536239923 0.06627307845857125 0.1382193691266408
0.14694204349843779 0.06905644844758323 0.13725081410275355
0.146758431 0.0563564699 0.141649332
0.15272658475182022 0.06855311769465229 0.13689770883766134
0.15175882416007533 0.07221409185314188 0.13552872792837384
0.153380024 0.0558241234 0.140446244
0.15863960446736716 0.07125006900683799 0.1355624820733236
0.1582204745771526 0.07473379194314873 0.13462055847519702
0.158572444 0.0554410982 0.13938176
0.164213779 0.0710959846 0.134409827
0.164141724 0.0751769919 0.133451624
0.164398469 0.0552610815 0.138183793
0.14932654589169098 0.0670072369179341 0.14841145487131624
0.14857771792667665 0.07150050246154457 0.1482681542384651
0.149227604 0.0580235448 0.151546417
0.15530543962291649 0.07040005758475139 0.14792269345660164
0.15521860718006883 0.07522583890259077 0.14653114697771266
0.156301816 0.0573594191 0.151377572
0.1613594285900777 0.07511577912964125 0.14683132853222527
0.16103695661670492 0.07776866840696652 0.14552843354692244
0.161777357 0.056828307 0.151224044
0.167029919 0.072105553 0.146297155
0.166983625 0.076192436 0.144963
0.166945292 0.0563791423 0.150839566
0.1520580883433489 0.06827642831125857 0.1588333697868867
0.15207294301516014 0.07154935243524109 0.15823396728151887
0.152005184 0.0592101318 0.161591775
0.15738906773601416 0.07315701323216474 0.15799356384772337
0.15674887971557458 0.07805363280931721 0.15678348949005572
0.158990715 0.0585202036 0.161615767
0.16328477993200144 0.07630512000579359 0.15727315383614154
0.16285048379234338 0.07936138584903528 0.15619862076987057
0.164465317 0.0578331636 0.16180955
0.169433824 0.0731795381 0.156953383
0.169398203 0.077747869 0.155696205
0.169530764 0.0570048046 0.161876285
0.1546016385280277 0.06989943091775905 0.1686957998563327
0.15434450311599324 0.0728381959156151 0.16809371062510262
0.154475439 0.0620288123 0.170744026
0.15950321762828348 0.07222608614965975 0.16783066745685216
0.15924002380473215 0.07540950341366821 0.16720505289340398
0.160953167 0.0625799714 0.171118851
0.16545946484940696 0.07539087336895105 0.16698076048918367
0.16510015265113298 0.07944847301634707 0.16580228298054064
0.167248951 0.0632056288 0.171013546
0.171923135 0.0748817387 0.167197172
0.171873162 0.0791049772 0.166195767
0.172582466 0.0627730172 0.17148351
0.15597644571673294 0.0733168536496355 0.17789555816671568
0.1559586437215859 0.0757147177914375 0.17729110342432033
0.156402928 0.0648116736 0.180506646
0.16055455424625983 0.07518473427624899 0.1771513259860918
0.1602915974219627 0.07757073455582597 0.17650267288879348
0.162383056 0.0654263032 0.18064119
0.16738088819291305 0.07665503727291481 0.1768301258531787
0.16829509508897367 0.08021114248369325 0.17544230188050852
0.169958904 0.0655076217 0.181180063
0.174210479 0.0769171907 0.177251119
0.174290842 0.0821237617 0.175987814
0.174840213 0.0653027549 0.181062613
0.159782765 0.0731698338 0.198132315
0.160024334 0.0747306973 0.197874008
0.159212265 0.0655791238 0.202316158
0.164813598 0.0737497979 0.19811897
0.165350997 0.0771607376 0.198033262
0.164593166 0.0650324045 0.202659013
0.170782222 0.0772224816 0.197570728
0.170485807 0.0819940233 0.196069175
0.171298707 0.0655027858 0.202278932
0.176859304 0.079008421 0.196889321
0.176909034 0.0843347337 0.195442794
0.176636295 0.0648666077 0.201737672
0.05697193804307676 0.009946769524663272 0.12128256818410439
0.05596076140344245 0.007136209952341262 0.12159229211782231
0.05538957233921688 0.004566033789012426 0.12092851200347746
0.05450587409617291 0.003016087471567664 0.12018870042106958
0.05448681044153641 0.0013266787886415897 0.12051491607965774
0.05786198191084041 0.012802806910691258 0.12150760845262222
0.059851025230603844 0.015532096310611957 0.1254087904380648
0.058629384231231284 0.014119592080925966 0.1253317362874267
0.057846328387644606 0.012223918999977539 0.12460533834716347
0.05707092838794031 0.011306626084887628 0.12428355224743622
0.05538487664622215 0.009647469335039304 0.12381144066178215
0.0625079682 0.0251313994 0.19658412
0.0619342832 0.0287933189 0.190036476
0.0649316206 0.0305371398 0.195860644
0.0678279432 0.0344490857 0.195304827
0.0698470185 0.0388706162 0.195147991
0.0667084347 0.0397965932 0.181576611
0.06701887 0.040748668 0.183228157
0.0681646236 0.0410045037 0.184816174
0.0701916446 0.0413027814 0.189139072
0.068523219 0.0433513214 0.181288761
0.0737545617 0.045258505 0.189368598
0.071946315 0.0452499021 0.185146683
0.0698514325 0.0445438419 0.182798836
0.0719830665 0.0468339872 0.18100988
0.0719794034 0.042446511 0.195344322
0.0755606459 0.0446918626 0.195591171
0.079660419 0.0464276367 0.196019957
0.0839070617 0.0478763691 0.196599053
0.0885076402 0.0488356865 0.197099373
0.0932478583 0.0496731656 0.197471542
0.07753716 0.0477965993 0.188770685
0.081496161 0.0482220959 0.187376637
0.0858040939 0.0473082052 0.185891721
0.0908343674 0.0473462078 0.184569643
0.0756537788 0.0480062604 0.184463471
0.0806118697 0.0483651347 0.182209083
0.084799525 0.0476887938 0.179927915
0.0897618148 0.0473034235 0.17809862
0.0738897878 0.0474723869 0.182449173
0.0792681894 0.0488812204 0.176724642
0.0801478421 0.0486911121 0.17951483
0.0759599756 0.0475571981 0.16842579
0.0754524653 0.0479440698 0.170528729
0.0767072563 0.0479192946 0.171348248
0.079523399 0.0471331007 0.172054637
0.0887956078 0.0490362628 0.170235895
0.0824839249 0.0481327408 0.174202163
0.0841503108 0.0483518206 0.177108942
0.0844784424 0.0493449928 0.169213207
0.0869884633 0.0506916181 0.169451504
0.0846294751 0.0513376906 0.164188585
0.0869536262 0.0522744579 0.162450399
0.0828052581 0.0523518413 0.157747505
0.0846946693 0.0522788902 0.155144216
0.0809271833 0.0498475799 0.15349969
0.0837703229 0.0486226074 0.150982324
0.0761182588 0.0462100424 0.148122773
0.0762985509 0.0464634689 0.145060213
0.0659386976 0.0208616816 0.139854056
0.0668385886 0.0204647357 0.136964523
0.0696588639 0.0249684623 0.139302325
0.0705255536 0.0246724268 0.136635985
0.0717541668 0.0309862772 0.136574503
0.0714778103 0.0378365616 0.137239989
0.0720038163 0.0431110875 0.139929859
0.0719513447 0.0307543416 0.139006829
0.0719181081 0.0372228486 0.139411969
0.072635635 0.0424472724 0.142618843
0.0506057252 0.00658007439 0.160309292
0.0542589179 0.00857758568 0.159326479
0.0590209585 0.0102749312 0.158992104
0.0612228562 0.01123916 0.156370961
0.0586666694 0.00814871792 0.162595248
0.0622858191 0.0103719457 0.161180478
0.0596308304 0.00731083387 0.164836689
0.0627736379 0.00876261589 0.164610618
0.0674682976 0.0105082665 0.164097923
0.0674833352 0.0105408877 0.165347617
0.0676464496 0.0107920002 0.1665943
0.0679842105 0.0112654313 0.167932769
0.0647352217 0.00911425074 0.165407973
0.0647900248 0.00881994171 0.166665511
0.0650885513 0.0091189229 0.168006295
0.0655519546 0.00980246674 0.169656911
0.0621740809 0.0071774801 0.166180099
0.06165846 0.00654377847 0.167945642
0.0615129995 0.00695848144 0.170061864
0.0621159048 0.00811841171 0.172690366
0.0598340579 0.00625221082 0.166709058
0.0597373373 0.00610069968 0.168716527
0.0597911287 0.00673398804 0.171026325
0.0601673244 0.00796588532 0.17361576
0.06190055183551399 0.027538271637012706 0.15001753047565916
0.0624691451892166 0.02547527872287175 0.15064690277704318
0.06258909742979725 0.02346209148304064 0.15134655413172332
0.0632453761901158 0.021442906156573283 0.15231358525980201
0.06168930624683294 0.028116149286187702 0.1499307810929769
0.06159000348991346 0.026357840531055395 0.15057745476880008
0.06159249854469312 0.0243462069421284 0.1514080429159736
0.06175226870166733 0.022232762763586225 0.15256269047892615
0.0701048858 0.0154461416 0.154218054
0.0700069939 0.0173858559 0.152981764
0.0696837954 0.0194042137 0.151897314
0.0693276153 0.0214781755 0.150998528
0.0665810724 0.0157584315 0.154147045
0.0658755628 0.0169735286 0.151771342
0.0656932715 0.0185349734 0.149601268
0.0659470091 0.0205588983 0.147839661
0.0647786641 0.0149836827 0.154519157
0.0635225864 0.0159959388 0.15119156
0.0638572229 0.0173303735 0.148391735
0.0645910339 0.0197274408 0.146347148
0.0622820552 0.0119795606 0.152327116
0.0606045702 0.0136104358 0.148799848
0.0611066436 0.0156890632 0.146118266
0.0624013311 0.0178903813 0.143883922
0.0624209505 0.0162901118 0.141174201
0.0622005588 0.0158287416 0.138175723
0.0604358523 0.0138981499 0.128384269
0.0616699134 0.0116722217 0.133415638
0.0611935787 0.0132274284 0.130508464
0.0570089117 0.0112575551 0.149625886
0.0605084854 0.0111219263 0.137728874
0.0607881409 0.0135130364 0.143450654
0.0605748443 0.0118933336 0.140234545
0.0588674285 0.0116684034 0.142828988
0.0593112663 0.0125549104 0.146193521
0.0550883122 0.0106929951 0.150559541
0.0497990413 0.00916210318 0.151989979
0.046423575 0.00766351656 0.153983029
0.0440626883 0.00623734098 0.155983906
0.0420781988 0.00323123723 0.157430727
0.0412334655 0.00142250714 0.157727022
0.0541373872 0.0111581113 0.143589603
0.0373274108 5.79568189E-4 0.154023384
0.0496260919 0.0103060234 0.145300714
0.0456919971 0.00828431288 0.147647842
0.0421857508 0.00696978792 0.150009759
0.039674654 0.00524209299 0.152307206
0.0380464062 0.00178409042 0.153534925
0.0566075316 0.0112647177 0.138812052
0.0507541859 0.0112065998 0.140112954
0.0460578315 0.00952709949 0.142192145
0.0419692223 0.00825051501 0.145360674
0.0385694689 0.00656463611 0.147969354
0.0366714122 0.00448508541 0.150099954
0.0354905986 0.00135164777 0.15121283
0.0351759411 3.20725484E-4 0.151486069
0.0601540356 0.011554677 0.131992502
0.0557291719 0.0121016936 0.13537282
0.0492688364 0.0136985931 0.136903935
0.0454221612 0.0122826128 0.138336928
0.0420447861 0.0109187254 0.141327048
0.0386712746 0.00941549483 0.144002876
0.0359307854 0.00626472581 0.145904107
0.034140248 0.00377069343 0.147340105
0.0331600221 0.00123931526 0.148497647
0.0329160488 5.38240946E-4 0.148604846
0.0577127247 0.0128592829 0.130561891
0.0513775612 0.0144479783 0.133651006
0.0420655838 0.0135406462 0.138438574
0.03764975 0.0111786817 0.141039772
0.0458200404 0.0136893856 0.135221102
0.0355011776 0.00899579538 0.143286746
0.0330902261 0.00606012695 0.14411449
0.0315719187 0.00339134592 0.145088792
0.0306234811 0.00130184297 0.145736757
0.0304198165 5.5483891E-4 0.145913917
0.0560659458 0.0147804778 0.12756124
0.0502958719 0.0167648817 0.128558128
0.0480552332 0.0158500909 0.131670138
0.0437298724 0.0149256631 0.134426073
0.0402226089 0.0139867017 0.138367089
0.0352435222 0.0120097483 0.140247233
0.0401265214 0.0128304235 0.137378642
0.0334836228 0.00950774607 0.141738496
0.035224667 0.011849493 0.139965086
0.0355032367 0.0114544437 0.13900975
0.0312130608 0.00593550037 0.141855166
0.0298093143 0.00323707059 0.142285381
0.0288559702 0.00125160354 0.142846266
0.0284723782 5.69622967E-4 0.143156992
0.03219135 0.00913675287 0.139618759
0.0301011804 0.00547113111 0.139170704
0.0293753999 0.00402966823 0.139245874
0.0300858314 0.00385150321 0.136666358
0.0314103421 0.00639643853 0.137263966
0.033383838 0.00942410783 0.138389316
0.0283948599 0.002021217 0.139474553
0.029041505 0.00183467846 0.136623513
0.0276208671 5.57861654E-4 0.13981451
0.0281928812 3.73026457E-4 0.136836315
0.0309850558 3.3772853E-4 0.133805098
0.0357484424 4.92826775E-4 0.131472381
0.0454334683 9.0306936E-4 0.127944049
0.05069120349462048 0.001210450214381108 0.12531760688100504
0.0318464708 0.00185623036 0.133700129
0.0366138324 0.00208965091 0.131478977
0.0461715671 0.00283497894 0.128009428
0.05150611650376881 0.0026579837293183484 0.1254960722901961
0.0328559253 0.00383930018 0.133943529
0.0374234579 0.00396426412 0.131553882
0.0465693427 0.00505989214 0.12786795
0.05233611012989984 0.003970497563150744 0.12521498535457837
0.0499809333 0.014541473 0.126896674
0.0478336918 0.0158547972 0.128518781
0.052344262 0.0154424482 0.127005089
0.0501839575 0.0165252018 0.128350647
0.0466184348 0.01648009 0.129723935
0.0395280389 0.0124428941 0.136864917
0.0426207395 0.0144599525 0.133685479
0.0402852873 0.0114260523 0.134567281
0.043146797 0.0126482402 0.132315517
0.0343512961 0.00641179925 0.135028097
0.0360578239 0.00886618458 0.136603475
0.0377466007 0.0109746835 0.13752135
0.038111175 0.00599828484 0.132217003
0.0385731289 0.00810249901 0.133493247
0.0391566422 0.0101231933 0.134687079
0.041769699583700345 8.670692955321393E-4 0.1019477960585108
0.0444071224915619 8.30095769770039E-4 0.10532657111064571
0.04198985387542436 0.0017390211505795591 0.10198249618918931
0.04451535525387072 0.002136397644363863 0.10522395996752285
0.04248206450127114 0.0036818444745591724 0.10187894729508824
0.04471698403224325 0.0037883775032512912 0.10505520719551116
0.04287385510825857 0.005645088439726848 0.10200745279622002
0.04509115845505339 0.006016390717771602 0.10494633755620324
0.04388321841192278 0.008393161762654094 0.10218547044785277
0.04619039878974798 0.009031988696011519 0.10516365350173636
0.04589082018127402 0.010952297113128173 0.10279400171765211
0.047173760749346275 0.011997473493048194 0.10511840334834258
0.04669514449340842 0.01340997581578772 0.10228944493860691
0.04835457252436084 0.014702845421869547 0.10444310577745786
0.04822794429106404 0.015145461309285225 0.10219361938781506
0.04981951877452967 0.016357122504919046 0.10432034019918113
0.04945534717043779 0.01638928382284763 0.10205007517580006
0.05052450197466557 0.01745246746770929 0.10395669158626761
0.05059052661472009 0.017630201709302556 0.10163596802639745
0.05180841813197719 0.018518847722384324 0.10352664379316413
0.05151552877244535 0.01829703019475128 0.1011369545277836
0.05276981381152894 0.01913610336275045 0.10293409793245432
0.05191954040539999 0.019106737530379513 0.10035920020945123
0.053752222773754514 0.019997233300395652 0.10223518452102245
0.055265030622102765 0.019407598074142177 0.10066128684714504
0.055923069308717877 0.020718468437180084 0.10229176234614992
0.05780538989404322 0.02055820514056072 0.10112867112866723
0.05569896969785797 0.01865534205426375 0.09926894167952938
0.05932351775256203 0.019951849826257827 0.09912110454821227
0.05746129661953019 0.017772080897673643 0.09880352842608196
0.06520304578205491 0.023435438101348058 0.0947717963147157
0.06153741257903609 0.019975208479998657 0.09585171811597151
0.06025596625229162 0.019990040477807038 0.09244479529558655
0.06495436405168302 0.023361567052442796 0.09128270250615901
0.05958619657164346 0.019318110722135344 0.09058652771424672
0.06496354526783193 0.022298340695117328 0.08863235712669267
0.05933124775409141 0.018114211241653137 0.08885633409952912
0.06471097677583942 0.020918401287598403 0.08677603473750317
0.05921125190049526 0.016436093537273055 0.08721120314649382
0.06438536943493338 0.019688375939041547 0.0848317314412545
0.0590472205921421 0.014528807749966255 0.08572903143421724
0.06389892571445834 0.017974904933880237 0.08315821611624816
0.059116773040283725 0.012571444496744905 0.08440849459747896
0.06349555914104 0.0158648491482754 0.08138523859356012
0.05930840743681458 0.010638146428341612 0.08329812631668901
0.06261060040714606 0.013265963027187066 0.07967397838347354
0.05958571026966624 0.008361475755011578 0.08263923963825011
0.06160413532510575 0.010149888845338975 0.07831436958416163
0.058194718805063134 0.006100820731907699 0.08247457938357962
0.06005151944261943 0.006838629135947085 0.07807413293959403
0.05723731626628256 0.003535691799585427 0.08193687642149783
0.05938866672093011 0.0035801175485408797 0.07693464772023749
0.05742605241984441 0.0020004627811000954 0.08169484224272251
0.05932526229625487 0.0020768633823987793 0.07676015197761467
0.06264887801469075 0.023252799591403483 0.0994093879620157
0.05866046886561433 0.002281870751762072 0.07156372250407206
0.059318145919315314 0.003916012538201246 0.07266833182312801
0.06053558743779167 0.007888824351269388 0.07313465151495371
0.06252586082538322 0.011467651856274177 0.07334082796409971
0.06412410512318238 0.014509449590032482 0.07433491317410645
0.0654556497633112 0.017345626574867844 0.07544206113635175
0.06664409949969996 0.02013325942738858 0.07652510430724523
0.06743488846373864 0.02234559791394305 0.0785868833927799
0.06779205068865558 0.024436937570212744 0.08096731821452567
0.06792326346306445 0.025571825334785074 0.08337663700414442
0.0683469532219425 0.02724045660884673 0.08636912019175812
0.06919792680044524 0.02821126681145586 0.09161755734400862
0.06700160884689096 0.02745609718341234 0.09755671590353374
0.0652935360442413 0.027477244617591212 0.10312385547609706
0.06021868094352125 0.02510481985783989 0.10404944088956888
0.05691410306877863 0.02506511637405282 0.10379876230913251
0.055081737211025966 0.024382837591655528 0.10431847868277895
0.05623744870264337 0.0220006922424667 0.1073726645329313
0.05473330015272088 0.020330804213214114 0.1088235717817722
0.0527677866589028 0.01882343956815741 0.10998581319240314
0.05054400842317783 0.017089246607653485 0.10995311835137658
0.04940930537836519 0.01394683276438962 0.11015251304558776
0.04785318117057848 0.00990021311523433 0.10988108160346222
0.046818123345555004 0.007569617777644145 0.10993295031307986
0.04658181505964178 0.0041486699186468285 0.10925675556027294
0.0462808935386084 0.002329181331596603 0.10900105884240838
0.046310323101241 8.631746576548806E-4 0.10919050012261486
0.057683234182013786 0.0024328550960307513 0.06754534197945483
0.0590875280957108 0.0051868145099849714 0.06748177221921318
0.06091406430921825 0.00829933106094793 0.0682274632407576
0.06284834258112049 0.011646723313869574 0.06894716476541997
0.06505904370754276 0.01487126647468135 0.06977346054010489
0.06649201823761249 0.018078952780200445 0.07062368148677714
0.06932802680964108 0.021924021647466225 0.07220999560977047
0.07057774582254046 0.024084790328491368 0.07734046428609735
0.07112752514218608 0.02726775235814039 0.08485765526224344
0.06547810131704983 0.03227034968270202 0.10565887667658815
0.06283139842679553 0.030694045437110247 0.10615986611475399
0.06120388907194933 0.027958825232482405 0.10809884612528829
0.059611828436073426 0.025841401780802645 0.11012738379891089
0.058308335908782344 0.0246669389290933 0.11193609262936297
0.056626037231614225 0.023900460311464623 0.1133540632069232
0.05452230895520523 0.02249471103939961 0.11454604627782891
0.052428501214777684 0.02009434896434999 0.1151587197779129
0.050985069089958146 0.016695864862448458 0.11578770474574174
0.05001697349093697 0.013105922524614835 0.11621285491861871
0.048627639342644996 0.009882965364250592 0.11660086540303909
0.04778024860337674 0.007304439960887428 0.11638774896382317
0.04731082648665307 0.003779836947072597 0.11562245873085125
0.0472236100286361 0.0016873556795151763 0.1158943386437389
0.05762260674919523 0.002614648817074893 0.06425118814353586
0.05819558793556119 0.0053378293500681755 0.0644033914201407
0.06061224091302055 0.00831914267127451 0.06516331880885608
0.06310738220925123 0.011175364269750344 0.06598033425631294
0.06535436471270197 0.014450453461475339 0.06669166632044743
0.06764651392443861 0.01854927701805812 0.06724328188519167
0.058408154399927234 0.002707451021312089 0.062268302189925795
0.05842379255302308 0.005364568048619993 0.062038578157977274
0.06102360745601612 0.008046309305468393 0.06235450693144303
0.06306782800899477 0.01085761739064525 0.06276780849057365
0.06570787279974877 0.01419432457516438 0.0634040698176212
0.05934424409857609 0.002550111330480992 0.05904889808885391
0.05954153874996976 0.005169265075497958 0.05889448728645774
0.06160748994399943 0.00789441681353416 0.059121996556035616
0.06378638167642083 0.010809643764832202 0.05934278813995166
0.06065252591953983 0.0024845921122185264 0.05654933785539702
0.06114790404014138 0.005067222743938473 0.05631313568293624
0.06312666217524324 0.008101995545600043 0.056401528529772565
0.0652936743403233 0.010926143693151409 0.0563978072640342
0.06860201505277434 0.015274167973800466 0.057006486256273976
0.06691636771020466 0.014445040831160674 0.059775361659597306
0.06294271539576209 0.002611985717313219 0.05431824445774211
0.06351567583012019 0.005112386169914271 0.054059492570767184
0.06570171790438213 0.008350711233795037 0.054188715689093316
0.06773135890023195 0.011156526847240205 0.05432445661657446
0.07078072634114949 0.015822658502858394 0.054986953561981154
0.06771971990678258 0.01680855764848247 0.06200506438031601
0.06641809116800935 0.0026728132462922618 0.052420082893419775
0.0670632783993482 0.005371955071377532 0.05239286247547351
0.06849721706391708 0.00858178071219883 0.05241116189914136
0.07068188951219162 0.011483775488379746 0.052959807384551194
0.0740288456355036 0.016142403540868433 0.05383880900166502
0.07124512195323963 0.0026514007876915547 0.050594403133216795
0.07203644443889899 0.005415056544258045 0.05072963443007794
0.07333216599923509 0.008688570412835269 0.05113495985347422
0.07520774727486554 0.012145651081613041 0.051677857275887584
0.0788435570917002 0.01661067643411712 0.05334821575615517
0.07577677828584739 0.0026454798185213315 0.04933392541008155
0.07684455521921915 0.005477456858237221 0.0498026072032506
0.07810979768216722 0.008868270975719968 0.05015226862368361
0.07992770709816263 0.012559640237692767 0.050797438800328616
0.08420531671355594 0.017077315883043082 0.05376541965220417
0.08121990642385729 0.0026615367161168936 0.047101706373692695
0.08212903122235474 0.005388633408824028 0.04819430229889185
0.08553862091833911 0.012870732664713329 0.05031076908615193
0.08350331663738768 0.008918748099755647 0.0489482636257458
0.0879572955196238 0.002665873642243957 0.04610843435843227
0.08917887668623453 0.005847829560970163 0.04837700742389888
0.10118090356020601 0.019618831599262376 0.054599575636172425
0.09589775441574558 0.017908299173359184 0.05574622775498327
0.09292844942590608 0.014271540440446442 0.05234344042407502
0.09797885454614047 0.014303897991630692 0.051720433365861226
0.10396205714557467 0.0062796235291177616 0.03630351904781072
0.10506997262744897 0.01030626966789785 0.037184531690858
0.10312530963701735 0.009528510269304177 0.04430610817700108
0.10116914618876932 0.005923200689117363 0.041978358025240164
0.10331642019852533 0.002724192629807504 0.03574006336479374
0.0996857210323598 0.0027045959330315394 0.04040938924224099
0.0965451469014643 0.002694820249486709 0.04285299986344905
0.09810245664600437 0.005898297673652317 0.04466290859909069
0.11117453750938588 0.0029217183745449595 0.034028904228141685
0.09337170438081341 0.005870332520433189 0.04682728217290633
0.09230194537476831 0.0026819917076656478 0.04440786781513654
0.10330056475646412 0.014334443654234818 0.04927750100120444
0.09542320939512867 0.009462752230145628 0.04884562333440821
0.10036749465576124 0.009495687036716355 0.04664185248516893
0.117262113 0.00313950412 0.0329364761
0.11781744 0.00636226183 0.0332114254
0.11201473527739869 0.006363819290057446 0.034064106693301274
0.10604617014992467 0.014372593719536536 0.04641224304718818
0.09057783621665412 0.009430088690144584 0.050055754507963714
0.0895197327524588 0.01746825173389291 0.0547986659859989
0.09975882838388389 0.02448707570497581 0.058960296703311106
0.0938770030524483 0.024167153171764943 0.05857368010005549
0.10618741526658045 0.019638747899616227 0.05195471516035408
0.08835136885948516 0.02269422015275476 0.05716628702061967
0.10417669958885527 0.024437771085251542 0.05715599332331656
0.10887050239482397 0.024449852592606097 0.05428468802969021
0.10681178296503163 0.015111597446043618 0.0385373131597294
0.11002595969586958 0.009842823386802774 0.03425374798790299
0.118037238 0.0094789674 0.0333615651
0.116924396 0.0139895499 0.033385437
0.11051853253447798 0.014194066359398357 0.03579964727882167
0.116388586 0.0194646016 0.0338764241
0.1111732956547786 0.0210437515277254 0.036303339492750476
0.10968839898963535 0.021031677917621474 0.04067517484255253
0.1085636544149055 0.01969234967849437 0.04794687332503079
0.117618564 0.0262600934 0.0343369966
0.11396231630161528 0.028027821613520864 0.037263993559755654
0.11295647666022628 0.027138957017475093 0.043342311264179714
0.11124434352725093 0.024498268560774594 0.04960374010758908
0.08383644433297067 0.021812847455670036 0.056217914003938003
0.07880796054204767 0.021442710481534497 0.05624951894154666
0.07556514799788479 0.021408613538803543 0.05699928099413129
0.07245520616323979 0.021133317720936202 0.057991377353848766
0.07053204086686131 0.020057176592891683 0.06006089689970541
0.1067521629393444 0.030428515355171007 0.05942413559449395
0.102569740746182 0.030486154738426745 0.06077889972897679
0.09736094592435501 0.02977201394433562 0.060945232096208966
0.07165806406585123 0.021918593715745508 0.06531749006801925
0.09134102919959505 0.029610228037586363 0.059820514071521884
0.08692790700540716 0.029071535917070703 0.05919127038720715
0.08327826337829376 0.02758698241594633 0.059658990069621
0.08077865919467016 0.02641109885453326 0.0613326613683599
0.07779433240504546 0.025167937667915235 0.06323965048347106
0.0747697167918353 0.02380829891040329 0.06413060387851464
0.121054602 0.0347964487 0.0350105088
0.11704400836271218 0.034973735891733804 0.03911404213862935
0.11627133786845367 0.033200418635032466 0.04643848393208507
0.11402921782342715 0.030481019324892562 0.05208782794697461
0.11156639652981189 0.030432875627992042 0.05659725328406113
0.121763611 0.0412088016 0.0359232361
0.11977983749966634 0.03995386618944147 0.04165980575827227
0.11814871545809658 0.03843400569808551 0.0484288098474195
0.11637705307264185 0.036249934967441645 0.05421725236564336
0.1135668590925072 0.03481028543674186 0.0583460971498236
0.10834239835050664 0.035203363355384855 0.06030361497057922
0.10390715227509378 0.03506574727696703 0.062108276101981406
0.09933466167628771 0.035282873483430635 0.062320508019969516
0.09458901994137635 0.03521308662877606 0.062363474080124694
0.0907211354074769 0.034629735367950845 0.06269966783509369
0.08719160353788473 0.03331564458404566 0.06336378592606709
0.08428518032254377 0.031416917006838525 0.06541241798691587
0.08174531044278605 0.02963311650869678 0.06752746696565547
0.07831277163020499 0.026849521599917825 0.06918102689033828
0.07439597998313768 0.024402563095461585 0.07032245829936057
0.07585041326700982 0.027301855279331592 0.07615435081088165
0.0804925860800714 0.030363787063161684 0.07419691688120249
0.08441961734789216 0.03260218613871335 0.07246394402555087
0.08750995985450113 0.03458630918137365 0.07031645210755161
0.09013996414760066 0.03712322432670948 0.06775800561010696
0.09438542341940422 0.03790526305723164 0.06668282625336489
0.0976281573295876 0.039004531245820415 0.0652674977644542
0.10157568098351158 0.03910288265607277 0.06463322037890121
0.10575433571238876 0.03896039306507704 0.06370227273110379
0.11019875447549111 0.038792624915390504 0.06256241916909713
0.11504205664245111 0.03882303833140957 0.059967195378834194
0.11801552015476299 0.04020464774590928 0.0562051231711915
0.12018528838260868 0.04237058755160712 0.05080523089533582
0.12260067719317543 0.04382943270908845 0.04450292691195705
0.124471977 0.0457085851 0.0374105511
0.12795796 0.0494295883 0.0409455861
0.12540840276125392 0.04728431549988666 0.04747802589245529
0.12208885530355977 0.046218285732202005 0.05321525793463757
0.11967034695187212 0.04381762895318612 0.058373977813174424
0.11666987486701587 0.04245619188007885 0.06244107167619599
0.11184322015640588 0.042366267596693 0.06526098845275542
0.10767502199948131 0.04239943953111354 0.06686715922402885
0.10267349590337559 0.042746530670859824 0.06793308057052815
0.09880082794286418 0.04227695438218865 0.06880724426532084
0.09557834601033698 0.04126838250755066 0.07046655570326356
0.09315684903052221 0.03926415038693277 0.07326352681163084
0.08978958714457352 0.03730823208767965 0.07589908701749291
0.0861840312078041 0.035114562521039054 0.07862676790635213
0.08150751752929829 0.03323582903521593 0.08102848045038781
0.07564832930878851 0.030282225269861976 0.08380891844908858
0.08628535995312726 0.03861970832876343 0.08912677454273493
0.08033025089431808 0.03616288494191602 0.09215963197983378
0.08147123417035139 0.03501451517383085 0.08777608871731667
0.08683825303591529 0.03703636975579519 0.08487575069062421
0.08583420496350037 0.03994735795824126 0.09296229972565559
0.07951640083557568 0.03749996513266208 0.09595473108350368
0.09411766607965813 0.04371883124135171 0.08225020849277015
0.0906892417479415 0.04114594306233226 0.08557788710773637
0.09110281327452291 0.03933900435447288 0.08147822248293195
0.09408126298313882 0.04208281159475306 0.07815299252941242
0.11152100074403072 0.05426357459943031 0.10441536063039158
0.10637214319976462 0.05314401875265684 0.10728812623091126
0.10483408624505343 0.050899057431090154 0.0991688558407723
0.10974674645625307 0.0518186871960358 0.09598130761515156
0.10259073908351274 0.04842946027480743 0.08695022777332795
0.10341090163496386 0.04960421878281803 0.0919006701546446
0.0988652547894145 0.048563650068780224 0.09494436667148817
0.09829524215715471 0.04739634017946596 0.08968109795866404
0.10026438221097445 0.04430411558082997 0.0740263746317339
0.09703896519135737 0.043291759720386895 0.07597676514870416
0.07249773167223698 0.033618003453892153 0.10450773024490173
0.07339094250195818 0.037297884388308625 0.11008045700585105
0.0678909176700919 0.033910201856641 0.11121455697048384
0.07103761082680095 0.03325623349947594 0.09878815947322651
0.072969034136937 0.03264005733723238 0.09466156168133849
0.07444222133760789 0.03207447364524942 0.09013961987917335
0.11019326504825379 0.047149507080632376 0.07398252294793783
0.10518667101720897 0.04651008424129547 0.07615219235247936
0.10386531874962433 0.04537161458819998 0.07189146271366767
0.1089076841635868 0.04552255367574373 0.07024284021181841
0.1011242441805917 0.04578961800565139 0.07816181263864713
0.1018753652270364 0.04701833530092442 0.08237334403532356
0.09768127377448668 0.046311653107827144 0.08473457620782686
0.131087441 0.0521670063 0.0445500886
0.12742577266874627 0.050733594419395844 0.05076345837202891
0.12406378285926127 0.04925722596548497 0.056256098407572286
0.12155256771246997 0.046389204572206515 0.06126128825133798
0.1183608032213084 0.0452474692224481 0.06485864056709294
0.11360169241309144 0.04511736445513929 0.06849714073516888
0.11511135620274472 0.04689687489680306 0.07148280420016251
0.1163945526864424 0.04812478434422911 0.07433437352125803
0.11131467006423675 0.04842449649623175 0.07740601141680827
0.12339138267110802 0.0484739693584731 0.06419860567496166
0.12521732568537206 0.04977989397509936 0.06715347164032975
0.1213979293763231 0.04812882559346582 0.07126673108593952
0.12001836747849026 0.04727334662533844 0.06771330715910368
0.12969104447131788 0.05350452599104391 0.054412073888135924
0.12633587449903225 0.05128023943135682 0.05957144688491144
0.13345326 0.0558747461 0.0484194298
0.135803271 0.0585255485 0.0527693731
0.13225178726712808 0.05523992972421922 0.058313134886173304
0.10738704484238464 0.04861176489945224 0.08443167490831649
0.1082027440311994 0.050120280787268726 0.08897333635936143
0.10643119200289439 0.047363192025575845 0.08016330793399161
0.09413789285501747 0.04609634625436173 0.09208782132029547
0.09440912132274878 0.047080060902513765 0.09780026695468744
0.08995119762174342 0.04473537478776715 0.10095753575458868
0.09013265816738017 0.04371128364326206 0.09488786054611968
0.09741671551890707 0.04481777721855208 0.08038386520374408
0.09399165612205859 0.045139964820663195 0.0868881585415351
0.09034025727995669 0.04264753513814022 0.08976128885756235
0.08543867430038879 0.04146215708900045 0.097847831784901
0.11533733381272687 0.051922978047844445 0.09257742005683733
0.11367090897162788 0.05076830633167543 0.08564714324518508
0.08476721710070448 0.042903184478032215 0.10343173148573466
0.07959263276822835 0.0402336087333028 0.10770926370613339
0.08066355502934502 0.03667850093274112 0.1022143824832075
0.08049651337457848 0.04274456188176504 0.1143255063200333
0.07428562180382528 0.04034098051987083 0.1158848722967074
0.09030565372726122 0.047331260681964374 0.10757420051592957
0.08499001503168087 0.04589925174279395 0.11027606764542364
0.07216469352171392 0.03904971782829504 0.11673320953577208
0.09556394263231187 0.04850718967194452 0.10491175633701581
0.10019250286507035 0.049874174278728735 0.10214115381246344
0.11259272904842346 0.04914371138344754 0.08139927764905504
0.11766747879474662 0.04920744047297556 0.07814751010309345
0.11904300504978657 0.0507514481852759 0.08231027160473184
0.1285785801678426 0.0528571921520549 0.06268856852426058
0.138869634 0.060020131 0.0577142288
0.13469451653455863 0.05653919199624253 0.06249571492301924
0.1306739336160022 0.05361436457218495 0.06666033991161475
0.12690362674128225 0.050268683303623274 0.07115199021932396
0.141620613 0.0601190937 0.0633617262
0.13703878327742883 0.05656502496509144 0.0674667239652579
0.13274587488031722 0.05370016157817904 0.07119100511809885
0.145855656 0.0590448974 0.0739914815
0.13970967663662542 0.05610736097688355 0.07727849268300942
0.148687907 0.0583868624 0.0827127864
0.14044573881959013 0.055108922282606755 0.08594832092150866
0.12301862447870353 0.04860528289352509 0.07448821245397144
0.1418486386615608 0.05538495007953208 0.09547049546487191
0.15184619803920074 0.059314162019379855 0.11123742133377969
0.14668603140187547 0.058463651549552985 0.11359894894159148
0.13884430666552977 0.05525104622559697 0.09847774505948641
0.151629685 0.0587085008 0.0917263284
0.156981185 0.0605193545 0.108970694
0.160723344 0.0615663143 0.123671338
0.15561880483223037 0.06087164394317525 0.1254438724563071
0.163848917 0.0627397208 0.136288304
0.15844402306729827 0.06236379837850295 0.13733798385398488
0.15034128684752615 0.06087870017753876 0.12724548799335433
0.13534210654885093 0.053854092586234206 0.08883229414840961
0.14116386234200787 0.05924076292100246 0.1158634096212549
0.13669671803440284 0.05635824643767858 0.10141976258304748
0.13515927536345954 0.054435697781651304 0.07967962868735798
0.1308102101636009 0.053174713001670246 0.08234276257430868
0.1283958608906773 0.05101692207650561 0.07520391845838155
0.1329710477634693 0.054478873338730055 0.09145537420682753
0.14443795187158934 0.06147537454458809 0.12917862776314293
0.12327380996241788 0.05057488068841179 0.07871052793636484
0.12579266761512997 0.05216644243470837 0.08539615367450197
0.12074509434037063 0.05226827752320548 0.08888948819682989
0.1285685893399334 0.05459762051835177 0.09449197014325714
0.12603086506698694 0.05804700022886265 0.10802882356903043
0.12841207239059543 0.06220295439805665 0.12077922466814237
0.12221771082995367 0.0626400660835075 0.12314071624049554
0.11986125470880928 0.05849501950828513 0.11093720827173936
0.13187999986333898 0.05727402081301564 0.10441698498975654
0.1355565608019421 0.06087685560375473 0.11838093062317245
0.12319721874678398 0.054525288930937305 0.09776317543438869
0.11746080948310814 0.05441447895279926 0.10128410845272326
0.11339479421573986 0.05808106357221 0.113870967085373
0.10811465130516218 0.05673490359333133 0.11635203705095407
0.11570408443849071 0.06182195228399595 0.12568215125446877
0.10986382275379233 0.060144166419196635 0.1280895045311271
0.1015136704937712 0.05225398608941063 0.10980744503543911
0.1380820987117671 0.0626236730993398 0.13057209082735266
0.1312151354010489 0.06424438705421327 0.13216445896285528
0.12441472079672024 0.06432669753394976 0.13437677985824972
0.13315164913729868 0.06559305567956689 0.1420817277738017
0.12775351873689672 0.06633068974888982 0.14610420749206035
0.166851838 0.0636320623 0.148473292
0.16124541253556463 0.06398105137680725 0.14893641566314658
0.169430921 0.0648282314 0.159321088
0.16380608391885657 0.06547995419573324 0.15946705411902395
0.172041148 0.0679467841 0.169435925
0.16608420511455194 0.06807249130005803 0.16927567817156822
0.174361365 0.0704904233 0.179181822
0.16816008493858028 0.07071155940775584 0.17880741752533502
0.176683192 0.0714499149 0.199198108
0.171073844 0.0700585546 0.199826709
0.15296643238176805 0.06167784735887176 0.13858414617999829
0.15565238435459497 0.06254128846214796 0.14957844791944752
0.164753946 0.0690068102 0.200275977
0.16125186062042096 0.07103824245902743 0.17864910385305266
0.16016777386107622 0.06664235272045793 0.16956573834090327
0.15818619046956964 0.06409883955141889 0.15976764901909904
0.14665742831627587 0.0613547686664123 0.13979627834303998
0.14924476620748875 0.06233467436401544 0.14990482698667285
0.15201220192136475 0.06336545727821377 0.16014577489698378
0.15448994036571953 0.0654366357658345 0.1699011695224142
0.15610933186053924 0.06946909720260211 0.17905440403865658
0.159536295 0.0689741338 0.200113179
0.151625583 0.0735430997 0.198448262
0.14908616907878747 0.07114272776141008 0.17873542139251977
0.144916495 0.073017101 0.197850598
0.14196499358673298 0.07102670593873212 0.17944029269886533
0.14706251103417953 0.06896883166592574 0.16895064416437397
0.14018136564407732 0.06937803489386427 0.17013542117106928
0.1448746014198981 0.06700833907991144 0.1595758623975575
0.1380121977903571 0.06767942202227357 0.1608848648331373
0.14276684868224862 0.0655526174132716 0.15061024320001531
0.13584529970449627 0.06622597906495982 0.1520611163761005
0.140467236278167 0.06447655611031548 0.14039115049087367
0.12941573933106362 0.06666325489168809 0.1531410963847392
0.12095852465387877 0.06408216754304419 0.14602196883973706
0.11824247718883277 0.06338976261168625 0.1367739826323809
0.12314307115874777 0.06599026758830968 0.15487984457720666
0.13149657255505276 0.0679083185970722 0.16221865000776386
0.13334695521591355 0.06850278483638926 0.17124312774056494
0.13494587075954662 0.06980373079869685 0.17999870219870762
0.138174412 0.0719364736 0.197123878
0.131001332 0.0704272468 0.196260032
0.12873534091208824 0.06831407314208993 0.18057951502999312
0.125701637 0.0686121133 0.195996246
0.12316195586667787 0.06745752872989288 0.18079584003766544
0.12693587235896917 0.06748625384573267 0.17215990053799513
0.12503529260014676 0.06681069175178046 0.16355414759755962
0.12120315579997545 0.06647070670743778 0.17278104519564866
0.1194037244001894 0.0654219243126995 0.1645185138121654
0.11759093206082569 0.06386360074054485 0.15615973670141742
0.1154017154812152 0.06181603107631354 0.14768151616554512
0.11282752438019324 0.061523239347041944 0.1389230877305705
0.11137836564154216 0.0595980242949384 0.14908122275015612
0.10873756842008425 0.059313427282032885 0.14079338319645004
0.10802083420698778 0.05782036492369334 0.1503574254983429
0.10499600837152398 0.05754076332434347 0.1422769261666941
0.1012222819546113 0.057218964397245234 0.13084456190268579
0.10503198654519313 0.05845117950195719 0.1296582542344567
0.1132399417184655 0.0615430348378697 0.15736432403701872
0.10936343821848407 0.059905820166667394 0.15815561507507708
0.1006451963033577 0.0562114692134203 0.1429345751761323
0.10404615832774618 0.056274656712293605 0.15113002724452984
0.09880659895159573 0.05512988495649685 0.15148019993603193
0.09605534692284494 0.054985953636961196 0.1434440918999776
0.0990283641417095 0.053633253739751925 0.12065006973956181
0.09460027609546638 0.05215230235314587 0.12250487781408433
0.09183570200869515 0.04964159418893258 0.11474591951244544
0.09709832693185501 0.05067274820418916 0.1123565607201601
0.09798288923594704 0.05618179847096553 0.13190718734216184
0.09366132484356501 0.05460419481391172 0.13315592510323918
0.08986529661533717 0.05131334275273496 0.12408806408030633
0.11038757796287273 0.0615803441535632 0.16621498871538784
0.10612573489499283 0.05999254606483416 0.16682989211126165
0.10570024338629509 0.05827923157725264 0.15900986399228403
0.11459443537477806 0.0635145341512363 0.16545131050122497
0.11618495152150934 0.0649507808017842 0.1734822848798431
0.11163226763240786 0.0630055172751595 0.17421451415614597
0.08345595639323761 0.04938394364222274 0.12672947396326362
0.07832095225413167 0.048096712467967775 0.1279824189630401
0.0768337746524792 0.04408941273863538 0.1226359037526992
0.08230600910557821 0.04567089733948666 0.12126939741434044
0.10320269159960717 0.05535900295025346 0.1185838189132484
0.0868139384077387 0.048446676397495565 0.1170167929322376
0.120183102 0.0664848697 0.19586377
0.11801134830554334 0.06578816889304342 0.18135550422710411
0.114749897 0.0643190173 0.19559565
0.11308722790256849 0.06385956563977778 0.18193481711785597
0.110022221 0.0620341181 0.195734139
0.10837187095090876 0.06155850606866211 0.182402463223114
0.10700773507843868 0.06119308310751738 0.17475241994588678
0.10099336067315749 0.05677479468519298 0.15954753271733227
0.10234177571881141 0.05757628934140814 0.16765938784765613
0.10272499776076925 0.058828855210945254 0.1751696993414115
0.10356609381274567 0.05892633179468178 0.1826409070110653
0.10443555 0.0605554789 0.196067324
0.0993276709 0.0581123163 0.19633592
0.09871838370291203 0.05603822987120878 0.18334255120966997
0.09797082926106904 0.05498692146789788 0.17644107232158113
0.09804618804397552 0.05275878516707367 0.16979924469083935
0.09417465002374056 0.057818284890385874 0.15910527876115452
0.09164482865021041 0.05712551977561765 0.15074310778992062
0.08984755256685883 0.05639190223385104 0.15968771133897136
0.08762068593319883 0.05590219886830326 0.1514502059092716
0.08895677057087001 0.05530473628282857 0.14296006348936607
0.0841504135844148 0.05314026366873682 0.14378709707409695
0.08612202827010675 0.05368965304613936 0.13529041113032242
0.08065666104430749 0.05049917576594291 0.1348840975299199
0.07754793526793127 0.05070946284914322 0.13693806489459723
0.0746381066661752 0.04802211992824688 0.13861507367969061
0.07211088283965257 0.04407864713102764 0.13044670774330389
0.07507462914453993 0.046202696746196016 0.12906989403375393
0.07021120308630663 0.03832989281954372 0.12494936919913627
0.07333860043701129 0.041503018874666765 0.1232979135804084
0.06891611672885808 0.037878924380747345 0.1290264988519058
0.06667577216458528 0.03212254785946235 0.12862367743025288
0.0651012452630332 0.031027024047128624 0.12427586451632112
0.06836201359917624 0.03567037554543943 0.12452371747467406
0.09259263996676353 0.052172862221153374 0.16943858998856395
0.09279745113804429 0.052719794164476884 0.17649631539340496
0.09350649281548153 0.05326131056926893 0.18341266206661633
0.0947766772 0.0547878831 0.196203969
0.0905236704 0.0531615128 0.195444183
0.08845302207029271 0.0514226941274235 0.18351728730951333
0.08756940438558376 0.052627866297240845 0.17605472818087728
0.0874217596954344 0.05451006083805132 0.16859498747437854
0.0874629340210315 0.05568874529815968 0.16000498598936527
0.08479518290709807 0.05496251089948952 0.1523673631327589
0.08255394211213032 0.0510227806868821 0.14524579981129282
0.0859619064 0.0519610187 0.195375512
0.08399443175031424 0.05088447227296191 0.1840451147739369
0.08282704489112376 0.051850864842489595 0.17720378492022676
0.06433313620588305 0.031764499318849934 0.11328899702382911
0.061943710665148616 0.03005682472110656 0.1144240017208728
0.06061688042801206 0.027971106061415306 0.11633367509297439
0.05885528856617496 0.026258194440138986 0.11748323633131504
0.05606138229806163 0.0237946895128598 0.11883075888265422
0.06913968817974886 0.036079963828818694 0.11836697431203108
0.06625925468694006 0.03238418765551895 0.12005652752383557
0.0633294742053463 0.029617498151842142 0.12014011405813083
0.06270763457034496 0.02805490450144288 0.12470612390589199
0.05992458140835478 0.024420863644601224 0.12538927811632683
0.058589551038330336 0.024335978886851125 0.12258888486182724
0.06116911686492922 0.027056268905691152 0.12158777213259003
0.05401713023478677 0.020417316130664963 0.12025787166948107
0.051866110339785096 0.01700755339623233 0.12048900912137524
0.04775918680921261 0.009099359313333416 0.1208267726871009
0.04662665820205423 0.006484344561058875 0.1206765593671215
0.04615076706645411 0.0033332702510395617 0.12003053460891924
0.06418895389255347 0.02813767710564098 0.12850495130639658
0.06089848339734375 0.024056293781672188 0.12857640657488012
0.05915098135994273 0.018353708786802453 0.12997225519921315
0.05790078660464269 0.019819365067511367 0.12637139318210588
0.07053169381237148 0.04376811679179137 0.135539160595501
0.06869518999493324 0.03831665232601492 0.13398390998391987
0.06659949950838331 0.032925533426654205 0.13266155407401375
0.06746263331529669 0.04071416990348231 0.13648297840264492
0.06617813768901852 0.03486784234839636 0.13496013148711433
0.06430418916341027 0.02814067238224403 0.13159734252057984
0.06160035444632881 0.0231914453395997 0.13210289599621686
0.05544000322861235 0.02060713825550455 0.12374374724902878
0.07369751847583589 0.04888551221169809 0.14229788928018255
0.0796597411554437 0.051416512742833334 0.14785441805644123
0.058281016473155485 0.01860770827053396 0.13353184664280024
0.06168129068193014 0.02308837889762182 0.13542262241877076
0.0645563850921863 0.02840636314743427 0.13462722343020384
0.0825062317581156 0.05424192168239414 0.15358763499763942
0.07301313764111317 0.04811042674502207 0.1454060432385398
0.07788369506941585 0.051452725189026105 0.15041455105344448
0.08401616691536733 0.05394610024750431 0.1678496537275652
0.08481990722166699 0.055102350435064576 0.16071115175161663
0.08223713367313101 0.05414511819553772 0.16216341588578187
0.08055315912185318 0.05397849321406208 0.15586236952785906
0.08107549755464247 0.052819220614391704 0.1670549320663266
0.08066883641713238 0.05135062081977564 0.17314457549959317
0.0783771418683111 0.05065721683868324 0.17066347647888833
0.08002928060037671 0.052450995301344505 0.16339040741380736
0.07876462502330633 0.051250973947362104 0.1668576196935131
0.07976872026606538 0.051049517686071695 0.18551769545299693
0.0815885826 0.0505494603 0.195182428
0.07563418667636408 0.0499539649425927 0.18640289482994002
0.0775204927 0.0485267803 0.194857688
0.07153175790257323 0.04753555284476468 0.18704782226243144
0.073382097 0.04651537 0.194718017
0.06800225530888378 0.04339882429276755 0.18670681206786097
0.0699221669 0.0435758596 0.194483856
0.06476085794243032 0.03854876779606552 0.18661512025846394
0.067528456 0.0395600195 0.194272039
0.0655906723 0.0349975135 0.194450774
0.06186372504702893 0.03458266913399047 0.1868400689197438
0.0627445468 0.0309949019 0.19507788
0.059346085869979075 0.03002231379690427 0.18814529705358607
0.0602512046 0.025611262 0.19596005
0.056602106780832516 0.02548032605213255 0.18904347605101046
0.0578146641 0.0196778809 0.197073403
0.05457795180565225 0.017886141969008056 0.1893773095233194
0.0565376641 0.0120250111 0.19751805
0.05359208914659458 0.01197317576653557 0.1893793739333314
0.0557471506 0.00378053379 0.19762447
0.05387335265091238 0.003977433409822473 0.1889584890714369
0.07861231680554259 0.05149181502112521 0.17902357414497358
0.07421003970853557 0.0498472967043111 0.18100134655638436
0.06666439023901409 0.043472487556498816 0.1825471321891586
0.07035352136510337 0.04744861384753235 0.18208056466822295
0.06397564361637408 0.0386841463963888 0.18189938950972978
0.06056833740753961 0.03194015214113799 0.18278756513735012
0.057061950805274674 0.025629286306797977 0.18458748506111453
0.05503060546497758 0.02031469700364077 0.184820660681458
0.05379616955594576 0.015697068376819966 0.18415158811915738
0.05305038628909832 0.010748572752018758 0.1837504128890921
0.05321892457193242 0.004332500616683441 0.18319809883984048
0.053903262325507545 0.0042118424272750395 0.18055036696633392
0.0541066274348091 0.009198566055509613 0.18027787657392252
0.05488921047860157 0.014323392059917133 0.18085221852005884
0.056120271741025705 0.019618076274785814 0.18247446414472326
0.057938055575287924 0.025500918349155934 0.18266446747558654
0.060804361762638995 0.03197847401079133 0.18101196979398612
0.0636315230267816 0.0392274951774327 0.18021685624206407
0.0655568905217122 0.04299575813581697 0.18053167243976698
0.06886220521488247 0.04752197614016361 0.18018264461893788
0.07231322077977949 0.04970236175286265 0.17885026654974184
0.07730312977984209 0.05168083021966137 0.17588560352899477
0.07592978715356823 0.05109781543032184 0.17318654461701272
0.06155362889760789 0.023679904523837687 0.1383335057237461
0.05875048457823112 0.02001051782597399 0.13962510571295272
0.058220289240669555 0.019239143416582227 0.13688724660253648
0.0615730774298092 0.02470486393631091 0.1411819866223559
0.06444251712677487 0.02871082816198246 0.13753915012801454
0.06432645465110581 0.029196378477438063 0.14040658576578097
0.058803694109234576 0.02184392979051444 0.14235371359073823
0.06418797960494808 0.029465156411576765 0.14212748199380631
0.062089215428787994 0.025674161454186765 0.14366245749172257
0.06636181717825199 0.03473325276468972 0.137755712330598
0.06562554253611072 0.03472470161231664 0.14052202973315694
0.0653490115015909 0.03453908779477838 0.14186493381120815
0.06957744791590025 0.045615694667301095 0.13884222062191684
0.06944571171994933 0.044558043241327575 0.14183298512578627
0.06707624535150367 0.03945788368013759 0.14150291961091277
0.06749042972879878 0.04010512110462016 0.13914081291292585
0.06881822222149511 0.043284799104778775 0.14406888475106888
0.07223992868964099 0.046924570481499873 0.14802953684678635
0.07650397972824095 0.05067331630314591 0.15354601313284874
0.07899925912270796 0.052942977738536116 0.158469799962058
0.07668320044133048 0.050560883463495104 0.16905530737510527
0.07450919676036742 0.05053468295426727 0.17114661473433396
0.0545394039272636 0.003924860900504009 0.17791898640652185
0.05496284028474256 0.003530148286911398 0.17479993875505698
0.05427632445889113 0.00321850839060614 0.17193009474339715
0.05311898136671347 0.003045861545796352 0.17001691212268163
0.04608510442066228 0.0015310303175933206 0.12030576361505324
0.04283408206757957 0.00577518688199937 0.12496369631413805
0.042753419446069536 0.0033587832829271693 0.12451586677404271
0.04190691973167107 0.001447652968982773 0.12444833570992031
0.03863274801494357 0.004815527193863068 0.1282462969915076
0.03783902493760052 0.0028205778696841354 0.127722317884419
0.03728521809235035 0.0011209554839241556 0.12752577831046386
0.031353373719111774 9.184856613159698E-4 0.13035509683719482
0.03207828869163102 0.002511840111131113 0.13052944580007536
0.027835147863484285 6.980078904414496E-4 0.13261338199247816
0.025603677401850534 7.527136216227832E-4 0.13587898813083651
0.02642977824990808 0.002362402698623246 0.13576553606625075
0.02577326214728536 0.0025420925928113336 0.13871650163617846
0.024995391044427096 9.137274455449512E-4 0.13907272527371042
0.027550301785182547 0.004395193647956076 0.1356369575456037
0.028783895858897533 0.006903398579986928 0.13575927531260265
0.027803783507950788 0.0065994233668210354 0.13792213847310889
0.026808618689516346 0.004556173015256643 0.1383035331920593
0.050960558800002685 0.015220606351459153 0.12410821021402299
0.04905358422281867 0.014117641798291697 0.12386011807593181
0.049793630849602054 0.012575820452040726 0.12096169141270767
0.05110363878044717 0.014814874101555457 0.1209476269161291
0.0544196012884267 0.018284200384551204 0.12415757365822937
0.052690990619930156 0.01649782539496636 0.12432638648170752
0.03291229059658552 0.004303902431902595 0.1309374845731592
0.028665976776370162 0.0023415218935211686 0.1326978380723634
0.029741245695997606 0.004219474673158029 0.13298894818676366
0.031037913592154513 0.006759392359130663 0.13381903659555086
0.026273321114199052 0.0010179116370046184 0.14271191522974025
0.0280487822266938 0.0010477979171276538 0.14549773142722788
0.03014903077061126 0.0011215352981061918 0.14798042552740798
0.03262064770160959 0.0010594090234702978 0.15056117233814995
0.03477210265996369 0.0013038180185112544 0.15292114564634826
0.03771711232065447 0.0018029909419008635 0.15578573958386385
0.04200248892373162 0.0028256952251116763 0.1596017871777202
0.044441072467465974 0.0027523414246193438 0.16161519269753258
0.04678746365788746 0.002743895620185121 0.16349831618923996
0.048934313554898655 0.0029137891745142776 0.1659010207173617
0.05145606729300245 0.0030938729136024096 0.16816572723514153
0.05499317442040802 0.0077739336220069444 0.1779526683368115
0.05551014543419612 0.011571283832243066 0.1778511517267278
0.05768826539898751 0.017356817314970276 0.1789322107576063
0.058366758128671474 0.020986813982645625 0.17947963300685973
0.06015157021114742 0.021195584359703392 0.17818617690557095
0.060999271772079554 0.025990009092329517 0.17835044674386843
0.05966262967655921 0.025747089279233935 0.17949071971891983
0.06373804648704802 0.026173552077101744 0.17623764600282657
0.06552024494614038 0.0252846212390049 0.17347283406694108
0.06410954895603542 0.029953614488011097 0.17289390068489408
0.06400382287176908 0.031126648032817877 0.17565214219783518
0.06479018111415064 0.03516746441817213 0.17477771677079235
0.06423925560390496 0.034185488389327515 0.17180613808835787
0.06566081115533526 0.03735217705774502 0.17018170161525975
0.06535027316351297 0.03834660789970213 0.1733693420582937
0.05586053481979184 0.00604160413481735 0.17450243678005356
0.056666881432827006 0.008982822114235959 0.17389862900829609
0.05593488543390407 0.008159744698050449 0.171114928879282
0.055171038179412664 0.005284846121694715 0.17148616554244206
0.05483536225777934 0.00740245864527717 0.16861349017468105
0.053988012109720665 0.005111549167527216 0.16913651058384302
0.04479540795903506 0.0073263786001907015 0.15730086050357975
0.042719901915846445 0.005018556765880547 0.15902576364864265
0.03868343092461973 0.003900645776122112 0.1554333824083
0.04056845981632826 0.007086937716189469 0.15404831713949194
0.05313245725782559 0.006633103768452798 0.1666487785038496
0.05228919989689917 0.0052233908851689265 0.1673024293507488
0.049878498810052276 0.005148231001153126 0.16548235096170608
0.0452262028554046 0.005012931933039256 0.16098597247485566
0.047736783756272355 0.004886804160658092 0.16298672016765545
0.0473410134341055 0.0073244691531045856 0.15934493095063165
0.035562872962802465 0.0030313208329332537 0.1524884786719509
0.027508180215864163 0.004490212616545061 0.1414378940135069
0.02666795065632007 0.002279753634428972 0.14221190390917524
0.028859728512299898 0.00715194460673714 0.1408530659082052
0.029170767617414408 0.004672015332023652 0.14433448230496643
0.02822271954533745 0.0024279010576851285 0.1450781402086598
0.030528707273733777 0.00256134625161911 0.1478159380280845
0.03305222438478295 0.0026473766194373624 0.15031899846179841
0.031520250744198106 0.005150340061287244 0.14671475342016374
0.03424313621488636 0.005782187411757181 0.14914353598972818
0.037168975226486343 0.006565472178694457 0.15119487591098368
0.030684296196572855 0.007427912192030225 0.14341621178566216
0.03434664492661593 0.006285312782882725 0.13193659193966745
0.035523285110710984 0.00870345262384798 0.1334903290954207
0.03319405213408875 0.009430303948670848 0.1354718020080986
0.03620799074690983 0.008044821306304344 0.14714418579575048
0.03340845202209138 0.0077415272081940685 0.14539526786874857
0.030663593940889397 0.009929905608592412 0.1366120763990762
0.03689518686747626 0.010987337418029267 0.13458226968235443
0.0351968740230327 0.011884278438280254 0.13669601715324148
0.03319078486428318 0.012293384639382156 0.13751727375586212
0.03852883527174424 0.012578990623038768 0.1341255394791819
0.03766449536282757 0.013728015975825231 0.1362478961309766
0.041213802656860504 0.01400683220804319 0.13176774508613823
0.04067303426873611 0.01581777906668414 0.13287350692778865
0.03800580836336582 0.014227440633636988 0.13709193276589637
0.04450116131868193 0.016415324218913955 0.12724246495615144
0.043857336099171126 0.01723023945908351 0.128469877649502
0.029849700029778402 0.010015728848189152 0.1379284587899835
0.031110034415694172 0.01071652883804878 0.14057013679771513
0.03291041698955851 0.01272330996756686 0.1384299467923341
0.03961588387643678 0.008362387809405122 0.1488897608604974
0.04311833801044978 0.008556592916244408 0.1517930516144447
0.04761342075165993 0.008853018467879762 0.15524231607200345
0.050512024044242126 0.008955836698532543 0.15811976360024382
0.046483148364320756 0.009924417930095667 0.1495852707252255
0.0430641153225766 0.009762591964175747 0.14663565968746936
0.045860502846434614 0.01586598690638888 0.12494426732580369
0.047871074559592275 0.012964415347449576 0.123390083134107
0.047825517297510146 0.017019399186229488 0.12543722347738306
0.05078689710942736 0.017184536718425805 0.1261426939765896
0.04620566621639559 0.017602097431938767 0.12673200740979138
0.05566125967254326 0.01639750592877248 0.127026581649936
0.05754787208054016 0.015331082317970512 0.12932869527173482
0.04712931657116842 0.0183026545932251 0.12769143134782604
0.05243032459357153 0.016815797888622235 0.12968584380975462
0.045197100955653755 0.017437777291929465 0.13014321709877802
0.04142752347416946 0.01624389299582277 0.13376864087124976
0.03799157877102219 0.015376167317993432 0.13783431860048567
0.034017485205979144 0.013136763065348585 0.13977256443710537
0.03324471510324793 0.010769270723325716 0.14271608257658686
0.03596278421785299 0.013157685180851834 0.14095959074303258
0.036143271783871014 0.011270794572860267 0.14389124270513576
0.03956454341655659 0.01016002735893326 0.14495358152680896
0.0505452701925415 0.010477635459186337 0.15354742771175545
0.03955767484097838 0.013069712599266965 0.14162271652036262
0.04365577468813074 0.01145572513061758 0.14168694652151567
0.046886472049714474 0.011987960456869565 0.14394920420198543
0.052221930348212216 0.011782454131900443 0.14893342212739039
0.05549925637549197 0.012068950625463903 0.15247018727589848
0.039159796785838925 0.015459671892464798 0.13810822073026385
0.04305890008186943 0.014327204263083128 0.1383181573193462
0.0475631873978418 0.013133304044108172 0.13896802187757756
0.05064770127385647 0.013757937623033917 0.14216315468100557
0.05521584915601258 0.014274478343602782 0.1410657047592615
0.05188647167299051 0.01435021224947244 0.13766867929576485
0.04647468595538094 0.015326422303729693 0.13561654573538667
0.043685239916147416 0.015715124332812212 0.1346210695508297
0.04779555045342936 0.01701115329110254 0.13215278176292722
0.05145485570946784 0.015685080365955794 0.13398456407626902
0.056547472265666233 0.01404724799610444 0.1363630827593899
0.055646731493392436 0.015002034666089091 0.13109911544533492
0.057499441845188216 0.01459384196922084 0.13246618762123147
0.054741819211120674 0.012185790609816408 0.1488855899240575
0.05721033365324319 0.014339398182387456 0.14506511069686545
0.057368154190298885 0.01488701994726193 0.13926444969925716
0.0667051631934453 0.03913498122634913 0.1427126367919382
0.06679491993788984 0.03856737430592783 0.14436524436179493
0.06555441725227266 0.03415555733941308 0.14377883210639936
0.06449603413945496 0.029605308528591966 0.14438852939008295
0.06858361662489296 0.04267567841361101 0.1453551515300443
0.06337465266424104 0.02629696994684898 0.14583613555144326
0.06903732334094796 0.0421849231484848 0.14706959054320698
0.07191416140053225 0.04601867288501271 0.14948303783235836
0.07276424401492147 0.04600652505323566 0.15197445127646048
0.057059036513549995 0.017454323171349227 0.14170350377053342
0.05760350209121317 0.01940561290470602 0.14432582455682164
0.06054380072549097 0.02353980032308194 0.14503022982630526
0.059724214505211135 0.021153300117530426 0.14673446947487914
0.06248336926524853 0.024361068606865346 0.14702301228492193
0.061913623615903336 0.02224965068646034 0.14844557375312523
0.06616419297415323 0.030221647014694496 0.14870046246639718
0.06616403493908479 0.02664703949828301 0.14978557114643992
0.0671201536410755 0.03415301890058037 0.1480543032369158
0.06895030161579935 0.03828605838298073 0.1487765164959907
0.07293990589519542 0.042751900901310716 0.1523344217951925
0.07449713053329272 0.045153144331893144 0.1580948304936897
0.06626469034819717 0.02436620002417069 0.150368425703121
0.06661609872390536 0.022295008126366655 0.15097088052892113
0.058701197085081896 0.015360163164923939 0.14767893164240048
0.05975246316242739 0.018629908134778144 0.14871810495956408
0.05905261551766535 0.013459641886667434 0.1506686124113738
0.06040070495141532 0.016652005711334652 0.1523051676979145
0.06154146832721699 0.020279379669953364 0.15035424035185643
0.0671545780891563 0.020199594747019118 0.1518608951825319
0.06207631282071153 0.018478858311960732 0.15287234069390465
0.06760442241341869 0.018273854868704743 0.15305979242615136
0.06777281892418698 0.016678704556469144 0.15454142094916024
0.06434497321093603 0.016482294778913054 0.15511250767960288
0.06175850282340475 0.01485612326254883 0.15528995988116917
0.06787293363661182 0.014506276093656015 0.1572925415622885
0.06558389384286174 0.015490265311659446 0.15633082853069047
0.06357930360722659 0.014208738244230166 0.15843920088897148
0.06595806279970227 0.013366982448764478 0.1616707426073161
0.06021811331840994 0.013456322751804457 0.15470302497215943
0.0618182010613187 0.012501758632526153 0.15887127440049378
0.06340587816707276 0.012051432740401744 0.16249455943517874
0.06662805928729942 0.012981771088663323 0.1627341345355566
0.06392408895787426 0.011388218008228954 0.16441294628693517
0.06671094456489125 0.013098187363506354 0.1637790300976999
0.0639582799698726 0.011498054638298671 0.1653718403654918
0.06671199722785338 0.013428490388431856 0.16468999733783055
0.06400767714588278 0.011905910799142192 0.16624285795110885
0.06665878368521186 0.013916811117403389 0.1655328150437014
0.06401561212962334 0.012489779829651257 0.16713092543016583
0.06651532452448738 0.014552055281952653 0.1663552282857627
0.06393330390806982 0.013205553407466653 0.16818249295594387
0.06651383280303505 0.015870023479929284 0.1681167458012048
0.06380949059110075 0.0148591979568996 0.17066225888008718
0.06682010601392677 0.01814955198140492 0.17039043073799165
0.0642217504002228 0.01791714271557132 0.1736263239293042
0.06666949935807008 0.021344043373050504 0.17260244135820255
0.06404756795483459 0.021653808988052307 0.1759410159748592
0.06062958614877166 0.011939880336954643 0.17049101159898813
0.059909915407738226 0.010268709959066265 0.16896344125584772
0.059821341777621106 0.009284065577122073 0.16757152541728956
0.05989772544522627 0.009005725005836176 0.1661685134800887
0.061699576276966484 0.014378821939276436 0.17296155086289544
0.05677653867381857 0.008305719559747186 0.1683840164844845
0.05634336752394819 0.007953819024666868 0.16650949475688234
0.0572678147209754 0.009275429490119069 0.17022034366048588
0.05830866869552172 0.010977208638509517 0.17223125918838636
0.05931032751697328 0.013901562904906505 0.17473819059411616
0.05702508165673532 0.012227977780094924 0.17625645514700816
0.05999576173466305 0.00924205967621726 0.1645849424130562
0.05580038640610155 0.008016291091101338 0.16448111814546834
0.051590322035179055 0.006831811073934652 0.16399377116493546
0.053310273638159926 0.008468447945403851 0.16141141645886625
0.049840133808460994 0.006744931217905413 0.1619183998167805
0.05835278091587167 0.01022916212135448 0.16195879719434106
0.05583168363859096 0.010763879203857456 0.15808934159102891
0.062219007900530345 0.01765241549393522 0.1754744573328489
0.059842377851219306 0.017257888019478355 0.17686314184815066
0.06233430946749782 0.021641711161837728 0.1771502892794114
0.06258793577189412 0.02631737803093845 0.17732514631674323
0.057404538471949706 0.021168691229230617 0.18123818123208604
0.05900684819536507 0.025648999748136173 0.18102475438016993
0.061349648446691565 0.03191313182599282 0.17979847627117626
0.06171557555162551 0.03154372991692497 0.1788804317813919
0.06257807598427885 0.03129173463510206 0.1779235403628758
0.06338810954204703 0.03141761252227785 0.1768265630446088
0.06397424193846135 0.03572153377573311 0.17599334477801554
0.06314534545715607 0.035992329633895113 0.1772639096175795
0.06289424978597419 0.03637027701134461 0.17826524929615545
0.06497667037879488 0.039182008519671005 0.17478569286352555
0.06455992496901869 0.0397619594401949 0.17644530403054595
0.06290934405594666 0.03730572678566304 0.17911807667009766
0.06450743076453992 0.040359112567907904 0.1772222220483951
0.06453977292083994 0.04152226218323962 0.1780026240837082
0.06779163738256307 0.04093259319099765 0.16908622650458258
0.0668358330993627 0.04210570053163719 0.171777188336117
0.06727241985600986 0.046268055895925614 0.17799402227004987
0.0666079267212913 0.0449395469885964 0.17658095981677957
0.06658994838206801 0.04332444780669514 0.1752992559003138
0.06652111617017314 0.042879621687119146 0.1736513484765559
0.07015798215118908 0.04489293665282583 0.16831290729667053
0.06939293025515736 0.04600424362585446 0.17035263422988997
0.06897559320652893 0.046543164799190864 0.17190125900318504
0.06877367142696418 0.04699727586636438 0.17335384963741468
0.06920194305351134 0.04798391801948836 0.17513694942809707
0.07057544941705055 0.04919533312182384 0.17701145459155554
0.07294823285046875 0.049147141774739465 0.16926885443394993
0.07214970582059364 0.046678588761682564 0.1666680847724937
0.07223335428118506 0.04777594832938539 0.16831886472491214
0.0746638567072531 0.04979852278008147 0.16812272923587485
0.07363005745373381 0.04836985032916178 0.16734203000220518
0.07311517317363361 0.04689911241610089 0.16562064299502086
0.07405367307116029 0.04688886752161219 0.16448445059086328
0.07506103002516273 0.048742391104627955 0.16630616631911463
0.07635031444239042 0.050142277747175126 0.16685288141930119
0.07818631204050729 0.05066496267433552 0.16424624525378262
0.07644740585588099 0.04908012734060071 0.16446187221526967
0.07490603611671753 0.0471116767433917 0.16332562467858197
0.07766347015476295 0.05072977124530206 0.16084377784813245
0.07645639099708339 0.04897927269868417 0.16212482136293502
0.0757009369144771 0.04939962604287249 0.15629221594969625
0.07481458614475414 0.04840228879353685 0.15830402627083606
0.07509370067782878 0.046326804502981773 0.16188676999516877
